time,meas_r_x,meas_r_y,meas_v_x_dot,meas_v_y_dot,state_z
0.0,-0.07096646290592193,-0.019718201492195987,0.0857536843128269,0.06152335664429242,0.423
0.010186910629272461,0.18181204281343902,0.1611336121874481,0.042123543602509306,0.07222114199337834,0.423
0.020389080047607422,0.007906602091938778,0.5120452351213333,0.07169696935538875,0.1143905059766049,0.423
0.03054952621459961,0.043371791850773715,0.1495922432828819,0.08839600897664551,0.05472431560063526,0.423
0.04070925712585449,0.2388416935187565,0.4574650390334005,-0.015299971338903547,0.06908879038320757,0.423
0.05086112022399902,0.4654535264450715,1.4892913731553161,-0.014099291388285307,0.05138003296737762,0.419
0.06102800369262695,0.19577417923693935,0.26876938704938963,-0.07950052460298082,0.019239954703891452,0.419
0.07122373580932617,-0.4014763017305162,0.10224159296088262,0.02067112609763319,0.020534605564514426,0.419
0.08140182495117188,0.1697518516477966,-0.06056517291107078,-0.10491307486168325,0.015403083459344179,0.419
0.09158492088317871,0.266796084788445,0.1499601046537957,-0.1271112969448051,0.011635042978317467,0.42
0.10179400444030762,-0.1339731276881089,-0.45203023404683296,-0.2326307800653632,-0.026627917827085262,0.42
0.11198019981384277,0.13756764675266578,0.09124491565704387,-0.24044785926056847,0.0024473418889737406,0.42
0.1221468448638916,-0.07916231027217172,-0.11193333932400118,-0.2850549114306822,-0.07772554866840621,0.42
0.13242626190185547,0.1782408874428788,-0.11803110717748756,-0.24681942694574238,-0.02607051915547546,0.42
0.1425950527191162,-0.013124998492557308,-0.004357943111403895,-0.34311830811462257,-0.07878619494199546,0.42
0.15275049209594727,-0.08223470025662341,-0.07656080451463791,-0.4195117138735248,-0.012831256450618861,0.424
0.1629025936126709,0.30313143127585296,-0.05428174951903714,-0.4256441769049526,-0.0906698627792665,0.424
0.17305207252502441,-0.16155528903628866,-0.06596504785466512,-0.4509608766463856,-0.08640399680609827,0.424
0.18320703506469727,0.22593690227611327,-0.03378822902446731,-0.4616994141105839,-0.0314275393440302,0.424
0.19367098808288574,-0.27078533663786253,0.011971304536547527,-0.4334194090421755,-0.11897031445372731,0.42
0.2038567066192627,0.07834834708755108,0.0032069541439582877,-0.4480402171740204,-0.09754562055220498,0.42
0.21403121948242188,0.10568305789206922,-0.056215945818861086,-0.457334307225699,-0.06682591595642896,0.42
0.22419524192810059,0.12423485850236375,-0.056783214622463295,-0.5602271678238396,-0.03851855709644576,0.42
0.2344341278076172,0.016124223015752313,-0.05064487993813311,-0.5435252372048427,0.010129561878951393,0.42
0.24459552764892578,0.3907765447583637,0.17558611511789257,-0.6325620526999794,-0.030070142089807357,0.422
0.25475168228149414,0.15886801196637762,-0.25572511250642505,-0.6167143406241158,-0.051615305061268435,0.422
0.2649040222167969,0.02259682016520418,-0.003293985266908576,-0.5276687694259015,-0.00553479400712812,0.422
0.2750539779663086,0.5209008027539531,0.0019366830481584824,-0.5529061919456568,-0.08812386992650303,0.422
0.2852044105529785,-0.15314499713380503,-0.0038366730357816156,-0.5088065687683203,0.007538207526911124,0.425
0.2954566478729248,0.5422114025530037,0.1680744227913662,-0.5634761524205083,0.003704086714140742,0.425
0.30563879013061523,-0.08643121535121157,0.17078330620147508,-0.571567525667904,0.009950388428254985,0.425
0.31581592559814453,0.09719570864229246,-0.02932364755572068,-0.5532644606769398,0.03231026751611447,0.425
0.32597875595092773,0.6990910349471912,-0.41829787182586553,-0.5113664857083081,0.020108341468010715,0.425
0.3361368179321289,-0.13757629111449796,0.4102781252536809,-0.46613847881135834,-0.04676565392875348,0.425
0.34630441665649414,0.8267290771379147,-0.02851928971886417,-0.4577038742896933,-0.14445772538219226,0.42
0.35652613639831543,-0.1868834475534603,0.5737400821896494,-0.49177607788211486,-0.06252165990640529,0.42
0.36669373512268066,0.04199005428785037,-1.0321983190350024,-0.48442385882139083,-0.061881967758532365,0.42
0.376859188079834,0.6315310700922232,0.6055255184193811,-0.5241117431159154,-0.06889355864310272,0.42
0.38702392578125,0.22000635123764226,-0.01690949407379654,-0.4808113327538696,-0.09489258913642412,0.422
0.3971982002258301,0.49067052105475495,-0.0507286884162156,-0.4995626030838559,-0.08259216979051887,0.422
0.40738511085510254,0.18680579411145234,0.0058521063758339665,-0.4052729463817842,0.033104377648296816,0.422
0.41755032539367676,0.23611398130987182,0.014868602422038742,-0.36333774916301176,-0.0042217897974597685,0.422
0.4277176856994629,0.7513526679594151,0.034399508803287245,-0.4058997547484106,0.0068224823760539115,0.422
0.4385221004486084,-0.23291719540877018,-0.19590133903929044,-0.4125049811530327,0.029005928528172256,0.422
0.4488942623138428,1.0255659206632226,0.14870668392626402,-0.3417103118280929,-0.058177505897025444,0.419
0.45914292335510254,0.05557766058539531,-0.05098608088719889,-0.35429100391254637,-0.05419342796689118,0.419
0.46937012672424316,0.41871425272080137,-0.2231179138631776,-0.2598412343259458,0.04732119832512041,0.419
0.4795839786529541,0.2535170602133517,0.0148498641023476,-0.25648419025721686,0.004696262004754311,0.419
0.48980283737182617,0.4218923597310521,0.03946876179756705,-0.3432415396116105,0.0533834884195071,0.418
0.49997448921203613,0.23366088929224751,0.22816761056720528,-0.2496737200682921,0.08234303105547965,0.418
0.5101826190948486,0.7133792205612475,-0.01437519589835665,-0.31348850913694803,0.011501504189287682,0.418
0.5204191207885742,0.2606224542891707,-0.08411019443266554,-0.23654059684930195,0.02872250461847413,0.418
0.530585527420044,0.6141193051290477,-0.0026104385654324917,-0.2423062765557646,0.0005255881212890452,0.418
0.5407655239105225,0.6626629290725244,-0.04729083476246854,-0.2272162305025587,-0.0977770015645838,0.418
0.5509359836578369,-0.109188801649033,-0.0148260045837719,-0.16965335318886096,-0.02207608675081622,0.422
0.5611026287078857,1.1031240355313015,-0.01731727443212708,-0.1453070695303081,0.0278216954991494,0.422
0.5712659358978271,0.3181730673570702,-0.014534297739149013,-0.20677552182284864,-0.06239614905910514,0.422
0.5815672874450684,0.42239385781363536,-0.009950851695822898,-0.16444249464949565,0.010100237254427213,0.422
0.5917356014251709,-0.139930539274232,0.020173403823146255,-0.2245242601592031,-0.05419007683181014,0.419
0.6018993854522705,0.8675495116350432,0.020172619226585288,-0.19376324070110582,-0.054456042887336256,0.419
0.6120655536651611,0.6616923140888535,-0.07031009513597786,-0.12784665953052224,-0.012594886308780707,0.419
0.6222317218780518,0.2663994793705549,0.04994170580689154,-0.1511213311747059,-0.031843121889730895,0.419
0.6324195861816406,0.6774103113698665,0.09181417389989224,-0.07088432801355184,0.059980936357033166,0.419
0.6425938606262207,0.08075157282551064,-0.005036428406717642,-0.06224240135611539,6.829122208664058e-05,0.419
0.652787446975708,0.6277519647583953,-0.029897303341322453,-0.02725590977670152,0.006391040108789417,0.418
0.6629598140716553,0.4779018180791883,0.0419904378588333,-0.012948382165610712,0.021190336108168097,0.418
0.6731300354003906,0.4736165424141917,-0.006323436047610589,-0.10475677162254296,0.023689437310432472,0.418
0.6832945346832275,0.7232755007155871,-0.047550410048996294,-0.04644700651734693,0.09988242413777804,0.418
0.6934671401977539,0.3122112494258805,-0.005447951418060476,-0.028692380068863432,0.06030064755453782,0.415
0.7036776542663574,0.37513594575307885,0.016301343318959795,-0.05511476549117893,0.08140883223735204,0.415
0.7138817310333252,0.2972845064541712,-0.008860797038688273,0.009059379570311367,0.12625069949346107,0.415
0.7240891456604004,0.1277312780366794,-0.04331564632016862,-0.03402471501434305,0.010408296893975814,0.415
0.7343204021453857,0.7498277736834105,-0.030474432336565927,-0.07173970535334798,0.06774494139510137,0.415
0.7445328235626221,0.323919201205079,0.034942788895331485,0.056069844344489604,0.030572259239496923,0.418
0.7547032833099365,0.532383953210106,-0.04168181560403702,0.022365877344483837,-0.08798553295222811,0.418
0.7648680210113525,0.2385868702998776,-0.02085353601965767,0.05680855926257547,-0.028262323735246096,0.418
0.7750301361083984,0.33285307366287886,-0.23708847734215466,0.11141989194456342,-0.03320830441570416,0.418
0.7851994037628174,0.8263148731127634,0.01488206045799903,0.030936879024437827,0.012424815654792722,0.417
0.7954299449920654,-0.04284047531184743,0.025117514411413785,0.025693787090610536,0.08479148320243235,0.417
0.8055984973907471,0.8368111971413406,0.21018291465723915,0.09384572913629538,0.025229493094639906,0.417
0.8157660961151123,0.3588184269534011,0.00897610347851938,0.08502423763748326,-0.025517213715271304,0.417
0.8259329795837402,0.35249052121771945,-0.04488428178487118,0.09208886439714997,-0.017900551534838896,0.417
0.8361051082611084,0.6339129529558596,-0.2808952898072414,0.05807065507628788,-0.007761955564775254,0.417
0.8463253974914551,0.26208130623263365,0.037750561532564175,0.11786515251189716,0.041755811438264415,0.418
0.8565354347229004,0.6949261560305288,0.1746906894255587,0.09266616368009076,-0.03487844970928449,0.418
0.8667516708374023,-0.0032355500742384876,-0.06345091920169414,0.028734725098148804,0.0067023540004581515,0.418
0.8769593238830566,0.3887866539547434,-0.03870474449582876,0.0204168558574191,0.10265457265985983,0.418
0.8871588706970215,0.6306875354942845,-0.006452725964588212,-0.029563948529702178,0.043737673432267726,0.417
0.8973519802093506,0.3913265287047108,-0.02360676641104971,-0.022672742222471898,0.02666380499538734,0.417
0.9075884819030762,0.4440282599189841,-0.006557844004525842,0.049905761009153976,-0.018167225664181837,0.417
0.9177560806274414,0.38418090540927874,-0.17853601043219422,0.0443830582827023,-0.133476241933927,0.417
0.9279284477233887,0.17317000233516588,0.2200349997772297,0.055424553257798555,-0.056504945221080065,0.417
0.9381325244903564,0.5414454363922889,0.03943253017101004,0.10585140907173474,-0.03089258491134103,0.417
0.9484050273895264,-0.2056583219662323,-0.0006449850303149783,0.027940004035445762,0.005683440461159359,0.421
0.9586708545684814,1.21058023020149,-0.024621338556490166,0.010592384214746606,0.009108862019118164,0.421
0.9688470363616943,0.4790271325345545,-0.046507648139584176,0.045498445335290016,-0.052942659623427396,0.421
0.9790189266204834,0.2763223597611969,-0.007123118105596696,0.07144550640837807,0.0366619280604245,0.421
0.9891936779022217,0.3022410235499208,-0.021589077202336424,0.16378391598163664,0.004117060866940912,0.422
0.9994251728057861,0.2283573325116482,0.01909497829499326,0.13349021856733884,-0.028443647109640445,0.422
1.0096383094787598,0.5166920601375724,0.008873946932178751,0.15168969065764984,0.03695478951938594,0.422
1.0198087692260742,0.4585905947705932,0.006670944648295596,0.11692740785053321,-0.05035454335208583,0.422
1.0299715995788574,0.2127809622619972,0.03507422062992124,0.1100016568059535,0.04721126421231558,0.422
1.0401406288146973,0.6574632427211009,0.22466994960179185,0.028001696917367973,0.051142595242448526,0.422
1.050316333770752,0.08708128772678908,0.03908264500432608,-0.028759675970512766,0.012781249299863096,0.422
1.0605814456939697,0.28373896399241977,0.012002312497434003,0.06437772851144408,0.0027648263414341984,0.422
1.0707426071166992,0.5146033404166553,-0.014565907528547943,0.11664755396448495,-0.04996910107664365,0.422
1.0809035301208496,0.34764653591045036,-0.0340836681288598,0.07986961256884945,0.0718954483194823,0.422
1.0910727977752686,0.41495870108803534,-0.024671186121475515,0.04909481733191348,0.049608172137412775,0.419
1.1012768745422363,0.06087137144126648,-0.019450565139786775,0.06212343700857055,0.045690497341443655,0.419
1.1114833354949951,0.8312047194372831,0.06429143645139422,-0.0057607294742727695,0.02235665761045174,0.419
1.1216695308685303,0.02637206806360593,-0.02229788804825129,0.019593721472941965,-0.05683203888163784,0.419
1.1318449974060059,0.1982698149561191,-0.020773362305941276,0.029712659275293908,-0.04016742735144741,0.419
1.1420319080352783,0.46751345278533596,0.024465582421476728,0.0795649060667343,-0.003737284238373344,0.419
1.15220046043396,0.09099889286251825,-0.019890444603729268,0.017965206062182534,0.04203046527157111,0.415
1.1623811721801758,0.19342300078741867,-0.037724653252618666,0.01562266505164428,0.06362403569822626,0.415
1.172590970993042,0.9365940640186343,-0.07104775747018326,-0.010357587055545243,0.11384548386972447,0.415
1.182755470275879,0.3123478886597359,-0.039444065462757,0.1095121245856086,0.018987503710193934,0.415
1.1929259300231934,0.5125532997682906,-0.040127683666885766,0.05995256939716508,0.02160905918564331,0.422
1.2031357288360596,0.05479880382468944,0.06609120447910513,0.02022781686816911,0.033330844362418316,0.422
1.2134191989898682,0.4761052217103872,-0.7550535206622658,0.04693116007821835,0.04119167896974325,0.422
1.2236149311065674,0.0909995501771633,0.6036278636328387,0.03900507915958877,-0.075787755162387,0.422
1.2337937355041504,0.2595289672290141,-0.6281912152630107,0.04714373978505389,-0.03372638900644119,0.422
1.2439653873443604,0.43472752967660117,0.14747142136354974,-0.03063758476088189,0.024774037997161744,0.421
1.2541301250457764,0.30795155785250206,-0.03174521749016191,-0.06129922023898917,0.07903791691489409,0.421
1.264308214187622,0.41193809016558475,-0.03861686820670539,-0.0679160034131748,0.08486540647799962,0.421
1.274472951889038,0.262935446212236,-0.04105347652817236,-0.05291181449996841,-0.02718107797835551,0.421
1.284637689590454,0.2054932106000759,-0.09579084846558131,-0.06709419413678158,0.024130700819789894,0.418
1.2948071956634521,0.320770591434728,-0.08873725918919967,-0.08949636398536388,0.03340465014855572,0.418
1.3049821853637695,0.2275218249365437,-0.2447934905264008,-0.05763469551372641,0.13294746921911912,0.418
1.3151519298553467,0.43485007247384816,-0.4270103702757079,-0.10736677610420942,0.1349108336202432,0.418
1.3253865242004395,0.8268373345248297,-0.19191526547528767,-0.01288352865529449,0.047328639891813976,0.418
1.3355722427368164,-0.13603209837278799,0.014663244942337127,-0.04126926621896182,0.020280051415337112,0.418
1.3457510471343994,0.2593356013672231,-0.19873956864009376,-0.13231374878017754,0.04551831120193363,0.416
1.3559191226959229,0.37028384299135486,-0.07763275783160709,-0.08452416106163696,0.0296106196417799,0.416
1.3660838603973389,0.33444362629687957,-0.11063384098945749,-0.0833472311931266,0.05144497458708888,0.416
1.3762462139129639,0.44841317615911824,-0.29627778627434487,-0.07172992826573471,0.07827141754499577,0.416
1.3865935802459717,0.12673900173916441,-0.4527830550257066,-0.09672433283002782,0.07605115836919309,0.419
1.3968348503112793,0.43059409349961664,-0.2890630457853838,-0.09290663292658725,0.08172708729047926,0.419
1.406998872756958,0.2562271282630072,-0.058602030194541195,-0.041965665342777125,0.047862235696549356,0.419
1.4171628952026367,0.4810229463419206,-0.04989061899480455,-0.05777587809452062,0.09743352257634265,0.419
1.4273905754089355,0.3413038985380253,-0.029671332786333073,-0.09171458686727643,0.10596052624793209,0.419
1.4375746250152588,0.09798034125113594,-0.2571192846142526,-0.08702801019340442,0.08003511100630062,0.419
1.4478061199188232,0.39458312244858124,-0.43730595667545075,-0.07950709217509234,0.10833064166883033,0.42
1.458019733428955,0.2581588363891807,-0.44342216021468533,-0.11527709380897205,0.15415490053062644,0.42
1.4682855606079102,0.12498654298793033,-0.07300568714813827,-0.08202963852717624,0.1724154731382737,0.42
1.4785103797912598,0.46619533675891905,-0.07701393639008113,-0.12780741635953125,0.08514383132223284,0.42
1.4887254238128662,0.47060025848822573,0.03374073258965348,-0.08358014341526042,0.07604671569453947,0.42
1.4988949298858643,0.01460501069655932,-0.49938651678302637,-0.05721481375102095,0.11264988976558758,0.42
1.5090878009796143,0.04714657425902189,-0.29505297724138935,-0.04880586773281412,0.0730966311788982,0.42
1.5192644596099854,0.6316272435055155,-0.0646871447929457,-0.07368381519145398,0.13922845528217848,0.42
1.5294876098632812,0.9890194869637626,-0.2780755453508829,-0.09024360677931081,0.14324026162590237,0.42
1.5397212505340576,-0.07304902012842333,-0.2724635555422363,-0.11565980045932148,0.2184964472603605,0.42
1.5498859882354736,0.5565776658685646,-0.030686044269352272,-0.05598955754302712,0.14154484457267835,0.421
1.5600504875183105,0.2987010445205901,-0.20937755019459,-0.06014307627726201,0.1861620151493032,0.421
1.5702123641967773,0.18116541306716671,-0.25829242904968047,-0.0673747023001051,0.17420471943003238,0.421
1.5803937911987305,0.8196148194541085,-0.2523974902603331,-0.15216576440349633,0.19876893618769192,0.421
1.5906002521514893,0.511281375505183,-0.22727760639276304,-0.1331987803716037,0.24074222799834485,0.419
1.6007616519927979,0.07351007099679734,-0.2530975962206346,-0.1521710350729606,0.2473847585287582,0.419
1.6109251976013184,0.5134273450532734,-0.2289992868622873,-0.12813422861015336,0.2947486458485873,0.419
1.6210932731628418,0.2594823765573237,-0.2598874453673879,-0.15753056523449294,0.24035143553768187,0.419
1.6312556266784668,0.48615569241657747,0.0011213627907890515,-0.15616728667893937,0.22880963147181332,0.419
1.6414785385131836,0.40865183324446513,-0.025751366201540702,-0.14819403631698555,0.20032156954767563,0.419
1.6516876220703125,0.2085605121983375,-0.4270195792793136,-0.14819403631698555,0.20032156954767563,0.418
1.6618571281433105,0.5590843056334767,-0.10177040556189852,-0.13918201353084356,0.24603693329612644,0.418
1.6720237731933594,0.15630439614815914,-0.30324538280163416,-0.13918201353084356,0.24603693329612644,0.418
1.6821885108947754,0.02690521023543563,-0.4495532891593139,-0.18535705235942232,0.2678489573613984,0.418
1.692633867263794,0.8113219724544035,0.3456911989255325,-0.18535705235942232,0.2678489573613984,0.42
1.7028496265411377,-0.004989849574594611,0.01786895488640947,-0.15874421164424798,0.28418247077265746,0.42
1.7130424976348877,0.18549536803949945,-0.21744049435401933,-0.11856001584384977,0.19947988959649765,0.42
1.7232403755187988,0.1135956724004699,-0.1938158807475265,-0.10333176495530194,0.17913439256007743,0.42
1.7335407733917236,0.18118228391157162,0.027849000002177347,-0.09692111226289497,0.22162504934384636,0.42
1.7437186241149902,0.39925667794215614,0.05784592604561353,-0.11874775801906343,0.15875257724855144,0.423
1.753870964050293,0.4531353759533419,-0.009058191477484958,-0.17500396039881166,0.16212303460663488,0.423
1.7640249729156494,0.3211991114970876,-0.06721915920528714,-0.10604480816220754,0.20496135602195056,0.423
1.7741754055023193,0.23971036657534878,-0.3268672860662033,-0.07943877778607765,0.18047261131653566,0.423
1.7843554019927979,0.24754229345099832,-0.055210435309919675,-0.055845191442586206,0.2307499760173518,0.418
1.7946748733520508,-0.0423575905409715,-0.1759085153462856,-0.08143805285489557,0.17377616402404172,0.418
1.8049075603485107,0.8706233106700042,-0.8179736816904177,-0.09674521292436489,0.2658257661264258,0.418
1.8150618076324463,0.6494897819232798,0.8087649508483591,-0.05903627750036408,0.16846333441066666,0.418
1.8252143859863281,0.4601416470710554,-0.18022697680078084,-0.08443605343128528,0.253102247306214,0.418
1.8353965282440186,0.2546497903731437,-0.02921412728479369,-0.0725063930704342,0.23062250542626472,0.418
1.8456125259399414,0.19997836593323765,-0.03515048197805112,-0.12572080336017488,0.27822729959743764,0.42
1.8557708263397217,0.335872546439195,-0.01761979579122893,-0.16241622411147733,0.27348396300432476,0.42
1.8659236431121826,-0.035269455567903014,-0.19498969840375535,-0.11768520928664039,0.22571033008868116,0.42
1.8760755062103271,0.5879632528262175,-0.16963844027430586,-0.1269483891324048,0.26221108371048574,0.42
1.8862335681915283,0.23432389112986077,-0.16018476143835583,-0.12488892440493321,0.18597121909557604,0.423
1.8964881896972656,0.5023135569158474,0.5795949797137598,-0.11096406321157705,0.19531838154107906,0.423
1.9066476821899414,0.5872141392382706,-0.5938269734955914,-0.12034330984886679,0.20947340566856704,0.423
1.916801929473877,0.5125632504873081,0.1645047360849224,-0.169434369120629,0.2571615669541331,0.423
1.9269611835479736,0.015347221794116043,-0.014607211007936488,-0.14588944260832964,0.2169741572744803,0.423
1.9371118545532227,0.26642397406176416,0.022777640610258394,-0.13032537130002175,0.3023569770307385,0.423
1.9472830295562744,0.02654669906044987,0.02604512980407293,-0.15743911934772115,0.2908998244791911,0.422
1.9575004577636719,0.8803485414419576,-0.21575704799461753,-0.13530697471599865,0.2918704487601915,0.422
1.9677069187164307,0.3474598049426963,0.0023282035445122695,-0.10754274129795005,0.3230551555654885,0.422
1.977898359298706,0.756537745940703,-0.009335936499696225,-0.08269395589899987,0.2065710676491282,0.422
1.988046646118164,0.6347286041163974,0.0010481488293945756,-0.026027645909046618,0.24055658736788876,0.42
1.9981939792633057,0.004289857641989441,-0.41240479202873703,-0.014097987735029065,0.18837524043937487,0.42
2.008408784866333,0.34118176947877293,0.21901864862877715,-0.05779816497129603,0.22979948045607423,0.42
2.018583297729492,0.2791698898931152,0.01333995984306169,-0.09907870108784414,0.22089389155231376,0.42
2.0287275314331055,0.004334573965499033,0.05550188001241097,-0.03592612744553375,0.14140606787102294,0.42
2.0388689041137695,1.2715336615022186,-0.1566527651762167,-0.07250386395420909,0.1794090331269404,0.42
2.0490148067474365,0.21351674665079087,-0.028233723840556762,-0.05492792378821468,0.17886047246502632,0.421
2.059156894683838,0.6944961662455515,-0.23329857267286547,0.006079747268739388,0.22109535621792809,0.421
2.0692970752716064,-0.06194177266727949,-0.22756429722058005,-0.06836593353031217,0.24862704723435003,0.421
2.079463005065918,0.16162241910407846,0.009711999558240323,-0.14836880737446606,0.2768882436085318,0.421
2.0896239280700684,0.37863136274428594,-0.020527951319358865,-0.11560084981687295,0.23012983405593831,0.42
2.099832534790039,0.276019518683407,0.017339167058906226,-0.11580106195555391,0.17606046269977502,0.42
2.110011100769043,0.18849017724708575,0.20225030878661202,-0.1353994339752262,0.18338250732963726,0.42
2.1201703548431396,0.7395317200108394,0.02589520972564311,-0.15177217131505238,0.14151661131227714,0.42
2.1303231716156006,-0.7300607733927534,0.0003757370361898182,-0.08318554122891614,0.20305306019633212,0.42
2.140651226043701,1.5962529298197536,-0.40847516252056554,-0.03530623827678807,0.19267957018806386,0.42
2.150827407836914,-0.2136626369732345,0.007900875526324867,-0.0022290615629454585,0.22816810650549202,0.421
2.161437511444092,0.26784972910793625,-0.007780097811422379,-0.027001314075087046,0.18693926431821017,0.421
2.171908140182495,0.6507525511897522,-0.049028863065907154,-0.1259694073828275,0.288142488987598,0.421
2.1822350025177,0.2280319304591077,-0.020607030801145145,-0.13375643403715853,0.17895652637356185,0.421
2.1924524307250977,0.40501483357770307,-0.38914179053805426,-0.1522693133480387,0.26763859739290785,0.421
2.20267391204834,0.20447806514833577,0.011773794899915493,-0.15866260207725508,0.2677854298150799,0.421
2.212845802307129,0.4784594889999447,0.644450508844885,0.01122963573134246,0.24339623895349352,0.421
2.2230417728424072,0.43008065026238457,0.6123134767041379,0.002805058746656028,0.25287191638229134,0.421
2.2332050800323486,0.4035538951981614,0.037241419699955224,-0.07721076492141206,0.1661990125980389,0.421
2.2433884143829346,0.37187936315955705,0.008993303701786814,-0.0510245989372239,0.2719585750099608,0.418
2.2536118030548096,-0.003416246215241373,0.22004297019732513,-0.08432309117360912,0.25416057265217395,0.418
2.263768434524536,0.21198002840380742,0.06558387539885484,-0.07670985372629403,0.25012868424970497,0.418
2.2739245891571045,0.46153264147234213,-0.2074871916263299,-0.05287078636719364,0.21749813752593083,0.418
2.2840800285339355,0.6595247259919015,-0.026729158656195916,-0.10116407400038363,0.2099331842726572,0.418
2.294235944747925,0.7901872421971292,-0.025283587905105383,0.0013930569860889225,0.2433065595041503,0.418
2.304448127746582,-0.010147985898172486,0.022890378642980318,-0.037419309455474004,0.1871429266288491,0.418
2.314624786376953,0.4120472831630921,-0.07361897864184705,-0.04055734890821979,0.2718985579341813,0.418
2.3247876167297363,-0.052316166601871994,0.02651414976324639,-0.059358918539045895,0.21121257915309363,0.418
2.3349521160125732,0.3761459806126542,0.04672904532158783,0.027675563217319052,0.209451006047409,0.418
2.345114231109619,-0.25063972434669207,0.2888569192673569,0.04820338249262422,0.14575618203617474,0.416
2.3552894592285156,0.4626731140103405,0.1935170311684192,-0.0433106904560873,0.15480667129822537,0.416
2.3656227588653564,1.0861883253346647,-0.4340134776638039,-0.024276299291175432,0.27593535867145935,0.416
2.3757848739624023,0.16429718361289525,0.332273453185055,-0.04179503748326191,0.177967521235727,0.416
2.3859477043151855,0.5084214819865193,-0.48919835196403555,-0.050903971970899506,0.19477673106002352,0.419
2.39611554145813,0.09699783886734459,-0.0479393237041328,0.02762031463161458,0.20981766886673067,0.419
2.4062793254852295,0.29358247764510276,-0.19099579130863595,0.013823232923703486,0.18414019115762892,0.419
2.4165751934051514,0.3454434221326465,0.05582139859594462,0.017470985832391026,0.22194501389263024,0.419
2.4267823696136475,0.3352208486145107,-0.5401900615140294,0.02428664921837865,0.20810146645337815,0.419
2.436946392059326,0.08526637281571732,0.8801042904053603,0.025499573197447105,0.19930615558582776,0.419
2.4471120834350586,0.01896563769757191,0.0273130892909047,0.05329592411445705,0.23229241403029133,0.418
2.4572794437408447,0.08967103339091471,0.8054237366803483,-0.04049464671897583,0.15939373970006038,0.418
2.4675376415252686,1.6329667374887724,-0.039601086350124,0.0015633532367906634,0.1930644363024422,0.418
2.477736473083496,0.07593218114172061,-0.013317732459588715,-0.052813247667834795,0.15680936046817154,0.418
2.487924337387085,0.44503250335587036,0.18732513193388298,-0.07426294532935351,0.25683138640123493,0.41
2.4980969429016113,0.18339780023469376,0.051160409191328915,-0.009394800838934285,0.16335327006060932,0.41
2.5082650184631348,0.5832062002966585,0.06332082240129797,-0.08719791059758902,0.24102256532468663,0.41
2.5186057090759277,0.04833022000337432,0.22562602655747666,-0.12869556569362206,0.15223160429206783,0.41
2.5288071632385254,0.12824007915014254,0.2806288558021817,-0.07613420210014148,0.13520943493463028,0.41
2.538961172103882,-0.17592795337228492,0.11997454270122884,-0.013763038206495042,0.19416693216950276,0.41
2.5491316318511963,1.2500445242413891,-0.733820090843901,-0.03668868929513287,0.19215716271563127,0.416
2.5592875480651855,-0.11360834882206652,0.07445621898062076,0.011885834654169368,0.1833412399015693,0.416
2.5695676803588867,1.190014301122033,-0.37945283472521385,-0.0032274898426656053,0.12819151157593858,0.416
2.5797619819641113,0.31910284733833155,-0.00294457475236388,-0.011668183009551678,0.10951415228776988,0.416
2.5899155139923096,0.08075078898094437,0.3605598997574864,0.016568176402988598,0.13913709532958968,0.415
2.6000752449035645,0.16122598683308467,0.010856626370774924,0.09720015040399738,0.15496757618603327,0.415
2.610229253768921,0.06336103674228433,0.5783181261173841,0.011113292725977315,0.1173081514930655,0.415
2.620450973510742,0.9704591662160793,-0.3989937954709292,-0.03155079601673061,0.13710540981736496,0.415
2.630631446838379,0.2498684255468326,0.03346334099733445,0.03364966139396596,0.21328852585470282,0.415
2.640796422958374,0.11489831826314786,0.24368275399737016,0.014655034977030107,0.1197932840762815,0.415
2.6510026454925537,0.044152025252141014,-0.02791307471740327,0.03418752615661773,0.23022614057301383,0.416
2.661174774169922,0.6635204343073338,-0.011614257947362944,0.05341670225126892,0.25933373479349076,0.416
2.6713390350341797,0.840497867103251,0.06285650514072764,-0.017336183889994965,0.15093023981827783,0.416
2.681692361831665,0.3864211363647002,0.20453758877745365,-0.039551016150411865,0.16310643072374392,0.416
2.6918530464172363,0.2272347297231057,0.06985842230367038,0.06156266680065165,0.2048180908227062,0.417
2.7020208835601807,0.22709066522898547,0.06985772159238078,0.06096599055090116,0.19542608429311753,0.417
2.7121987342834473,0.8444618842282402,0.013591246972259281,0.03315288543388505,0.07994699311058996,0.417
2.7224903106689453,-0.18109398768453466,0.22256002765146254,-0.019391731303291124,0.15535226376215988,0.417
2.7326931953430176,0.07889373562782342,-0.008017934442320879,-0.0524572135616202,0.18203624501083362,0.417
2.742860794067383,1.5251781998020708,-0.39223389363779504,-0.0472676069939143,0.032533237852309625,0.416
2.7530384063720703,1.6421109812087014,-0.34402006126617585,-0.0398178448482433,0.0876084529285941,0.416
2.7632038593292236,-0.42544944317320327,0.012616188867962745,-0.0330876837071504,0.09105996764478606,0.416
2.7733943462371826,0.10632345402745415,0.37651392014704443,-0.06663674173509201,0.12527246430533082,0.416
2.783559560775757,-0.46120128141608807,0.011098660221977833,-0.10953786108719843,0.13017671106003412,0.418
2.7937204837799072,0.9676569338342326,0.1944886042644235,-0.05716751556995456,0.15574930392391684,0.418
2.803889274597168,0.5925183047135135,-0.024363254171767722,-0.05719076185500993,0.10622965835480896,0.418
2.8140530586242676,-0.19146961929031106,0.031183964586700356,-0.09073842812405587,0.06438727426854747,0.418
2.824216365814209,-0.1979907300269704,0.0816196775587511,-0.038015654986288075,0.08941478797630444,0.418
2.8343923091888428,1.366281035636791,0.49555729671071747,-0.08030337578670667,0.1265824474404106,0.418
2.8445568084716797,1.2251281328313974,-0.366212269801343,0.009561708741973783,0.06183046349460823,0.416
2.8547234535217285,-0.1704540616489417,0.22483748423032088,-0.06206390040997232,0.10928521243910855,0.416
2.8648900985717773,0.04849682364601651,-0.1950959102830611,-0.14926489826486866,0.15616685650720982,0.416
2.875054121017456,-1.3480987863120901,0.08049725261094172,-0.06478248571449234,0.1517299162868081,0.416
2.8852133750915527,3.9007592548833006,0.05358946638021322,-0.06395646701601727,0.03623762242370844,0.417
2.895373582839966,-0.2261188047760646,0.1994897805524421,-0.0901773289980474,0.030951384750153424,0.417
2.9055557250976562,0.14318932345474805,0.45079468653699256,-0.06880782320530297,0.07612228076856069,0.417
2.9157204627990723,-0.6224988391218851,-0.18725940948400624,-0.056664172635213415,0.052861656177110895,0.417
2.9258835315704346,-0.19027234530762666,0.04167540197200986,-0.09951308733855335,0.061244241891969795,0.417
2.9360475540161133,2.7937624387081237,0.4371327194996471,-0.0369222784844362,0.12861656255283108,0.417
2.946211099624634,-0.24176618164747118,0.2756989236176165,-0.059049143507372864,0.1240870519117775,0.414
2.9564003944396973,0.7046855511610778,0.04702314754585886,-0.006396502257322925,0.0018953727042903407,0.414
2.9668338298797607,0.3388440860235375,0.012745115790680927,-0.028970889550629982,0.06935137273650899,0.414
2.97702693939209,1.3644479597032872,0.032527069972879505,-0.058752669575273114,0.18464080196027577,0.414
2.987231731414795,0.025154429812648624,0.003885652633034544,-0.0744194691702585,0.06068144344873536,0.411
2.997410535812378,-0.40108196387036177,0.08308127514700833,-0.061257335676368097,0.05315703889901388,0.411
3.007585287094116,2.7346993389610565,0.03593526878194015,-0.005359584269706341,0.08656612593013711,0.411
3.017753839492798,0.09519838142525315,0.044920211945809065,-0.053272769889004375,0.068138953571239,0.411
3.027923107147217,-0.6563148779431536,0.032069066929970524,-0.09031914463386873,0.02014446137673454,0.411
3.038086175918579,-0.4927439271978152,0.4829099940102573,-0.018702905833729792,0.07515411407788285,0.411
3.0482492446899414,1.4322810679948783,0.005953796065032133,0.00744040081809777,-0.007944880075263533,0.412
3.0584723949432373,-0.05837338926275412,-0.053239564119752836,-0.05835571882948701,0.009262271083211978,0.412
3.0686516761779785,0.9830302704080955,-0.021832626122706058,-0.06418722037500971,0.06866787725942129,0.412
3.078813076019287,0.9111690924924042,0.0390022559572767,0.013217468017381249,0.10825489831649211,0.412
3.0889840126037598,-0.04481580084540641,0.2626501186992564,-0.031456502735451926,-0.030763008285052434,0.408
3.0992050170898438,-0.03352941650850212,0.2177037061450658,-0.013602869645525654,-0.02852066736513801,0.408
3.109422206878662,-0.0445393620373321,0.031641426597577876,0.0665510397816798,0.04813998192417914,0.408
3.1195945739746094,0.9616575892100951,-0.19911324832189078,0.01801508285327272,-0.024988563672743054,0.408
3.1297621726989746,-0.1376947696934574,0.22385986847759654,-0.0814597767766204,0.0156286872742899,0.408
3.1399266719818115,0.946552961369667,0.008439723046533261,-0.024757853710311296,0.0785003736339988,0.408
3.15010404586792,1.1256252623919738,0.04238268936488762,0.010389680782853222,0.07109994830612894,0.408
3.160268783569336,0.004256086749928477,0.044081471446001955,0.024700096530168858,-0.021040832957332705,0.408
3.1705172061920166,-0.012719153079958476,0.2188236088616627,0.11144089509139561,0.015037686659174926,0.408
3.1806979179382324,-0.6192402163534884,0.021939805473668653,0.09862554266320661,-0.051394297344576415,0.408
3.1908648014068604,-0.2704449415297508,0.000624962149042919,-0.008294435540158428,-0.015504780004401216,0.409
3.201079845428467,2.737594180892736,0.0006249616430818027,-0.013108869995361937,-0.020402599553430524,0.409
3.21126651763916,-0.15866598782057872,0.028764206418685444,0.05310778549422233,-0.030096968783175807,0.409
3.2215161323547363,0.042956220486846185,0.4066929713298891,0.06442407812644693,-0.007255022647340995,0.409
3.231771469116211,1.3706807143259088,-0.22405939411637216,0.059081060365336925,0.07603731053721415,0.409
3.242013931274414,0.9629014240463715,-0.19859844343234856,0.08737742533500376,0.027416581463564647,0.409
3.2521889209747314,-0.025372775510287653,0.042077772237802444,0.021692718693087476,0.022740009652691125,0.413
3.26235032081604,-0.503570700643354,0.003088613710542817,0.040425958034321155,0.06679003157542436,0.413
3.2726480960845947,2.551832339356841,-0.2074640670247158,0.036211887863103295,0.019835399971155264,0.413
3.282848834991455,-0.021178760638624176,0.0400462493531917,0.05312003235487703,-0.08299328095591407,0.408
3.2930102348327637,0.631700298126632,-0.012638685510490024,0.07190274938454669,0.0027513251862427267,0.408
3.30317759513855,0.6313457396032097,-0.012638683013251377,0.0705416708863621,0.0012766320769835287,0.408
3.3133511543273926,-0.04721520146667132,-0.03455568537255971,0.07650311682247334,-0.011879937147088012,0.408
3.3235528469085693,-0.09034087605787124,-0.00011583466842753387,0.06624127456704214,0.021613987763438557,0.408
3.3337178230285645,1.0978124565896568,-0.19751790410930267,0.032017896443976,-0.054457831196399235,0.408
3.343879222869873,0.7191124314218947,-0.04078668433802515,0.08970714336671065,0.011502157522046313,0.413
3.354057788848877,-0.08921077613900998,-0.029568425231309446,0.054838414361921814,0.03855178005071838,0.413
3.3642213344573975,-0.15308451266837456,-0.01163003633513701,0.02604257227807643,0.06675908195594088,0.413
3.3743817806243896,-0.12792486006948933,0.028553179331535877,0.01522727898943044,0.025216103219443137,0.413
3.3847084045410156,1.2835806130655114,-0.21492876052860052,0.026722325244229996,-0.05807762398224176,0.409
3.394871234893799,-0.02712450601654418,-0.04771346107178136,0.0848655411003239,-0.002749673211864312,0.409
3.40503191947937,1.1205810717450984,-0.03228177425961657,0.16068794000797454,-0.010097094929722775,0.409
3.4151976108551025,0.6743565536277782,0.02874621209966147,0.06632750832418488,-0.05060107082355645,0.409
3.4253625869750977,-0.09851730125510333,0.02143156581498218,0.07788618209172339,0.021937925178882774,0.409
3.4356744289398193,-0.29424591991554316,-0.0018339780291563644,0.10077177579957933,-0.03779465584923919,0.409
3.4458377361297607,-0.09711880456883122,0.16964430770836575,0.11556367701912512,0.07176818561510077,0.408
3.455997943878174,1.1154435742040223,-0.23651879438678264,0.1495960428455071,0.07920605164581662,0.408
3.466157913208008,0.15624595064985564,-0.06257296460292049,0.10238079567296104,0.05916137646255687,0.408
3.47632098197937,0.13413867140558738,-0.22622103708973096,0.0835824694334179,0.1166301571914839,0.408
3.4865031242370605,1.4961543236672816,0.013330234194638704,0.10549842060963767,0.03988932981971734,0.408
3.4967730045318604,-0.05876110884723633,-0.01813258614078021,0.10892402990622337,0.0038713080308184124,0.408
3.5069661140441895,-0.008795335720903316,0.0429619813941238,0.1865511018963618,0.06127775030079764,0.408
3.517141103744507,0.20950972652541264,-0.02255521668388414,0.15688647765851466,-0.04739219886220467,0.408
3.5273101329803467,-0.03278703003964049,0.0059304265431647345,0.07412233336932378,0.028366710673845535,0.408
3.537640333175659,0.5610166605058449,0.10277947532502532,0.19462353703656476,0.06184059160062017,0.408
3.5478157997131348,-0.24179212183107932,0.2364043869757756,0.15800820314318945,0.09647128957057663,0.408
3.5579769611358643,0.6782528114015605,-0.4230499986953511,0.3255723736706289,0.0806869717091791,0.408
3.5681402683258057,0.1562717889297629,-0.06899183430693805,0.2326348312276521,-0.005345985770010846,0.408
3.5783016681671143,0.41250602175654183,-0.07443040320910017,0.35269283358031306,0.12731891737403273,0.408
3.588479518890381,0.7061819899410969,-0.043569109346764126,0.39296669691419844,0.0957222259934762,0.408
3.5986621379852295,0.04333218765894236,-0.03303446340990888,0.5056316441912925,-0.015916797525581346,0.408
3.608825922012329,0.08302986089394827,0.013159781049524635,0.4830639924130975,0.04265104610801089,0.408
3.618988513946533,0.20676527167988046,-0.003817713904419563,0.5485225689486277,0.07313076042498906,0.408
3.629149913787842,0.565094897954277,-0.24443784331810822,0.4927022152560694,0.0469541123235911,0.408
3.639317512512207,-0.0001622190870940381,0.20783353882431352,0.5713805138221119,0.13856212950646038,0.408
3.649561643600464,0.20181949988323278,-0.16097311118820712,0.5176636531581096,0.10624372810892642,0.408
3.659735918045044,0.5327199082955012,0.04963313289709444,0.5909072811049975,0.055405662808847234,0.408
3.669901132583618,0.7135453004161967,0.04091825955151141,0.6749515238187016,0.08612245603166951,0.408
3.6800639629364014,-0.09441916045640679,-0.21784877075685272,0.6996238480319192,-0.012662968100358656,0.408
3.6902270317077637,0.028063181898939294,-0.05249090440842234,0.6687800316222302,-0.01112904276635503,0.408
3.7003958225250244,0.2162629676104755,-0.014911277562368186,0.7179672902829741,0.02780082937086332,0.408
3.710602045059204,-0.027475674382987064,0.17304379520571103,0.6734615319165597,0.06813389980129714,0.408
3.720823049545288,0.07977302060785171,-0.010420570084816476,0.6298087493473005,0.1399971809160724,0.408
3.7309951782226562,0.09017252504266998,0.008047416604931622,0.629743376959261,0.12190595253268696,0.408
3.741166830062866,0.14748929717058523,-0.015141968971159164,0.6619340232142651,0.10705647788894435,0.408
3.751375913619995,0.14748929717058523,-0.015141968971159164,0.6619340232142651,0.10705647788894435,0.405
3.761666774749756,0.0774115907604644,0.053576837234015476,0.6094771240641425,0.09937522737693362,0.405
3.7718303203582764,0.13989122065948426,0.029154118560327097,0.700006522587345,0.0373602516170877,0.405
3.781993865966797,0.2267190665743813,-0.0460161725412302,0.6983447044181912,0.028647674576648956,0.405
3.7921597957611084,0.15341220078367862,0.02004442143542616,0.6748096494289424,0.04543717815260097,0.407
3.802330255508423,0.15337809344342446,-0.18162589036807958,0.6370822688617106,0.04567283883503157,0.407
3.8125364780426025,0.20833376628599748,-0.24195700647680626,0.6176589229465802,0.08850287387883905,0.407
3.82275652885437,0.25536482921863307,-0.05971519127404862,0.5790410589019389,0.014301429005501975,0.407
3.832923173904419,-0.24434139195939328,0.008196946420164806,0.5571416928816261,0.07847965668532819,0.407
3.8430848121643066,-0.43098078388098204,0.027606678584300822,0.5738409161758589,0.08632661144758998,0.405
3.8532493114471436,-0.22193869279978562,-0.18997156007686697,0.5239886670320657,0.1287730367039151,0.405
3.8634119033813477,-0.15884852779052233,0.21226558194898293,0.5346682815199008,0.13620185796819761,0.405
3.87365460395813,0.013130663876368699,-0.021410910623834895,0.49557049726837527,0.10745233074342037,0.405
3.8838179111480713,0.2106375841219388,-0.029329552147604365,0.43561162419433125,0.09268961786671949,0.406
3.893984079360962,0.17389297297279865,-0.20097122726955735,0.4083997551437449,0.01296138790107913,0.406
3.9041523933410645,0.322084529864317,-0.21463676697223102,0.39724220818742345,0.10855898209189616,0.406
3.9143214225769043,-0.9039373808265988,-0.193652746889302,0.495790484503961,0.08340460597203198,0.406
3.924598217010498,-0.5322120172003904,0.18187351182949354,0.4010393698580162,-0.003939345082886344,0.406
3.9347620010375977,0.30172541582309814,0.012072325803899213,0.4484477578665321,0.04710426691625797,0.406
3.94492506980896,0.48069800325512796,-0.025217678245535082,0.3307693491594267,0.053076367911805276,0.402
3.9551033973693848,0.050673120570217015,-0.26560495209001794,0.37897917724129077,0.08819091368933622,0.402
3.9652671813964844,-0.8898241958679949,-0.057576648109504296,0.3274297573716061,0.0444700408589605,0.402
3.9754369258880615,0.30740307762466657,-0.01970788856328711,0.29390024320633046,0.017089509509561257,0.402
3.985666513442993,0.12207974270143389,0.19486883496876617,0.31664754002078593,0.019094056194826993,0.403
3.995851516723633,-0.5939381574237913,0.02230942588873138,0.2747713484529253,0.049288689931896584,0.403
4.006048917770386,0.016495834959272745,0.012162146199480129,0.2105172920353643,0.02110987804140664,0.403
4.016239166259766,-0.46780366295531717,0.00902539339460577,0.14978707822627613,-0.04305298619566713,0.403
4.026408433914185,0.17392873613059479,-0.007678370781437473,0.1756646058958077,0.022609396248954087,0.403
4.036593914031982,0.01272817139509512,-0.00646051536459589,0.15311433559020235,0.015733781891871024,0.403
4.0468056201934814,0.12731918804942588,-0.004834711773542903,0.1397948521743817,0.029795653174565576,0.406
4.056979179382324,-0.5149582281809276,-0.000382855854955683,0.0996132481247283,-0.0033187234134961566,0.406
4.067140579223633,0.19501403139806225,0.0017641934347992127,0.049956883170391916,0.07107390945103284,0.406
4.07729959487915,0.13840718485701814,-0.14566924597962014,0.004130709738492153,0.013324111772888239,0.406
4.088274955749512,-0.23512662092837508,0.0027934186747167367,-0.04563979175114854,0.07400018358951099,0.4
4.09853196144104,-1.3881127226672993,-0.020431781434037,-0.09361703533310549,0.006160547546998182,0.4
4.108770132064819,0.12253961603251302,0.0005107286755683374,-0.0491046844251371,0.06220369946253573,0.4
4.118986129760742,0.08641171823902481,0.2354994818953298,-0.05662667966018241,0.06853009455796524,0.4
4.129205942153931,0.21196824345310067,-0.030522338191796557,0.006176721755523015,0.0676323513365577,0.4
4.1394102573394775,0.1858594532647552,-0.0234732852092759,-0.06882192031752984,0.06585686177784125,0.4
4.1496663093566895,0.07288653616833135,-0.009831081463042471,-0.01591948819391234,0.1470362414289999,0.402
4.159832239151001,0.10123481538983876,-0.03203057322439268,-0.058880983580054,0.12461406837287002,0.402
4.169994115829468,-0.254367355757362,0.030376083086877875,-0.03571100730868276,0.032501980877456794,0.402
4.180153846740723,-0.5232347295885788,0.05298666622039559,-0.16398550569559306,0.057558825566338116,0.402
4.190317392349243,0.08726032518749051,0.03504196988088629,-0.18684780323327566,0.08145004811416728,0.404
4.2005603313446045,0.05446673166698079,0.010123197813980318,-0.20309209321278612,0.12193971082616788,0.404
4.210742235183716,0.007524054099993327,0.0272710289505204,-0.13624184075326773,0.17550659779504796,0.404
4.220906496047974,-0.14561948790545454,0.015319717225856191,-0.10583858854499087,0.0829975853349679,0.404
4.2310709953308105,-0.12742164668880587,0.40803231759042513,-0.13841644626954358,0.1025684717027231,0.404
4.241235733032227,0.05053936220473063,0.0165227131241935,-0.18742981252145807,0.10989434747036562,0.404
4.251412868499756,-0.013065852531016203,-0.006119480735068241,-0.20490640101289367,0.09519738246903399,0.407
4.261651277542114,-0.010566367899375392,0.039676116454375326,-0.1974723539796887,0.005925814148272661,0.407
4.271819114685059,-0.3110242689949643,0.01262732025443243,-0.2691886072734432,0.0373300364990614,0.407
4.281985521316528,0.062057635953089635,0.40017992079070513,-0.22825499733728896,-0.010976128791913202,0.407
4.29214882850647,-0.046745233084197105,-0.0347534749613655,-0.2051207516445907,-0.0334857016645674,0.407
4.302321434020996,-0.046744933463219535,-0.034753252203461545,-0.20231945337866877,-0.03694881130807523,0.407
4.312564373016357,-0.47047708324465587,0.07334616213206226,-0.17510640786975315,0.018568566426741595,0.407
4.322746992111206,0.017528345566221053,1.2831434839528884,-0.1724269776728612,0.03223946671397618,0.407
4.332911729812622,-0.018609200014940725,-0.5782750377623543,-0.16687633298182195,0.053935317889363926,0.407
4.343073129653931,-0.05582783853189629,1.254601456795731,-0.15398160219169604,0.027618501945378564,0.408
4.3532514572143555,-0.04819070341002935,0.010709668130712627,-0.11604871184874618,0.07613380686064541,0.408
4.363415718078613,-0.12352738397425475,0.03693270063177387,-0.10193882244088552,0.054313896610852494,0.408
4.373599529266357,-0.09633664130159139,0.09207555906913083,-0.05292464428556312,0.1067097671171732,0.408
4.3837621212005615,-0.04136867533657493,0.5037333621798142,-0.09278471441764181,0.0566693370095505,0.408
4.393921852111816,-0.03852795685644753,0.4760013728636116,-0.1620222117469882,0.025290462410927576,0.408
4.404092788696289,0.13298760545186095,0.2912643483857796,-0.09678022465439326,0.03325118726401713,0.408
4.414265155792236,0.16664207839473125,0.30093009734233883,-0.10123876606126266,0.030792637526851775,0.408
4.424435138702393,0.205221035956389,0.10310470272455477,-0.04290095079535648,-0.019891574428210303,0.408
4.434695720672607,-0.14375234373814985,0.13766696610499635,-0.04186001826518934,-0.03690691477480085,0.408
4.444856405258179,-0.318316886111114,0.09764452600402636,-0.08056557251546653,-0.05807247271518239,0.406
4.455022096633911,-0.10358097956608323,0.04073806645259621,-0.09687292378475086,-0.04912256925868545,0.406
4.465188026428223,0.13451018388704214,0.6508876957061479,-0.011303755833079646,-0.032376213738578075,0.406
4.475349187850952,-0.14459964070206072,1.476546825048288,-0.09488209692276212,-0.05092515692326151,0.406
4.485551834106445,0.002544715873011099,-0.002672693022611622,-0.04458864912950536,-0.05693175578279518,0.41
4.495733737945557,-0.17329922536653303,0.02097013662710968,-0.06029931616197629,-0.14008416364517468,0.41
4.505918741226196,0.7202849196413988,0.016272341537007753,-0.1238705596965489,-0.13371011065214383,0.41
4.5161216259002686,-0.17006082086944296,0.5078357416532102,-0.11888707340796542,-0.13539933325997275,0.41
4.5263121128082275,0.3319150436828778,0.04830156475617741,-0.0997705144198784,-0.16920106605384513,0.41
4.5365846157073975,-0.05283206134056176,0.06575301882682068,0.0020851810278597754,-0.20134412684653744,0.41
4.546765089035034,-0.06745978055623392,0.062225129177160866,-0.020997601385026037,-0.1437271744067744,0.407
4.556948900222778,-0.061084708604386743,0.07674596931323559,-0.013761044977161734,-0.17299223532361313,0.407
4.56711483001709,0.31992686193623443,0.46114491095183824,-0.023918645266917483,-0.17341629837912845,0.407
4.577275991439819,-0.45476089013695975,0.24172954275712635,0.02941394379368794,-0.119558244772005,0.407
4.587439060211182,0.2840785947776832,0.02721970808961659,0.05805250480075548,-0.100793905548039,0.408
4.5976245403289795,-0.7632922163742688,0.6458659106967345,0.03827594807426664,-0.12205282008431506,0.408
4.607791423797607,1.9233080355339425,-0.035410023590139464,0.05334202358327403,-0.08666394244443298,0.408
4.617955446243286,0.0894695183301467,-0.2425207291226311,0.08019828861419094,-0.03817761357640072,0.408
4.628121852874756,-0.17258750647209126,-0.04726970456169845,0.0683027100022198,-0.01867752749944873,0.408
4.63829231262207,0.3129733415907901,-0.02707635732086307,0.06779664410942463,-0.02903349979499463,0.408
4.648617267608643,0.3454777396410707,-0.0011115804647746114,0.09752511264908002,-0.05489239474751008,0.409
4.658790826797485,-0.08402880341202237,-0.22934140163858105,0.09669291281066508,-0.10222004993503389,0.409
4.668952226638794,-0.1481578216922388,0.01713393537251753,0.12586919143645492,-0.137547831269327,0.409
4.679113388061523,-0.09527021786301632,-0.23755303253489857,0.10172715466824228,-0.1550181225421538,0.409
4.689273834228516,0.1767953702669017,-0.016420242305681516,0.08215331431752654,-0.21721848491145823,0.406
4.699437856674194,-0.23866729119405722,-0.4578585057901503,0.13100529822764923,-0.15024965278380792,0.406
4.709640741348267,0.09517872633571416,0.9480871715626481,0.11708715505523767,-0.2148765654833155,0.406
4.719855308532715,-0.023231518580259954,-0.5502747023817859,0.1624021430332492,-0.20800263238259942,0.406
4.730023622512817,0.04795831250950024,-0.2941296301214573,0.10748291086986853,-0.14845835835148646,0.406
4.740186929702759,7.750656154455962e-05,-0.09507366336670627,0.22288392175258043,-0.06318495375731328,0.406
4.750349521636963,-0.01911933057870883,-0.08237349211145888,0.15935068665251717,0.015291218256089756,0.408
4.760604381561279,-0.1135174171589368,0.16407716680083573,0.18588792091980838,-0.0025112962568384217,0.408
4.770851135253906,0.026302902855979915,-0.2853039968115456,0.18932256615303406,-0.07029574471392563,0.408
4.781019926071167,0.006114594739087703,0.3112320843289834,0.16066221690865656,0.006121574124691359,0.408
4.791185140609741,0.09089446146101603,-0.2678725448183413,0.20943664444170176,-0.04156196358793771,0.41
4.801352262496948,0.0908930911548531,-0.2678307091346289,0.20569191360650688,-0.02588038515722093,0.41
4.8115715980529785,0.10137369186139361,-0.25309425078383885,0.28296859983959843,-0.031501087811388634,0.41
4.82178807258606,0.003734655069891088,-0.05057337727665236,0.1918258747480778,0.031306805774154206,0.41
4.831953287124634,-1.9537794121244112,-0.19868661531207196,0.22157100490219966,0.01159166867378246,0.41
4.8421149253845215,-2.7936062080940913,-5.0,0.2594981816834129,-0.050671704381079735,0.41
4.85227632522583,0.10946149210151414,-0.08014610306766064,0.18862294564312496,-0.04590963141932273,0.409
4.8624420166015625,0.2393136064689126,-0.15651013694751958,0.25144275935358035,0.001477887673475911,0.409
4.872685432434082,0.08615245438810071,-0.19909523074749183,0.23077715950640834,-0.00831143266844421,0.409
4.8828489780426025,-0.2978143208647367,-0.4600708223543021,0.19068623625990505,0.0207045214659244,0.408
4.8930137157440186,0.26131839622156744,-0.8618247550288866,0.13648262650449103,-0.022937716104910227,0.408
4.903184413909912,0.18473382771822985,-0.8450032908911934,0.12891434914318953,0.05067288864443385,0.408
4.913362741470337,0.20375996903549703,-0.6803739177237861,0.14802805487339693,0.11631566598944558,0.408
4.92365026473999,0.005525029929516339,-0.8235900781397605,0.08883987508582028,0.13200108697950466,0.408
4.933811664581299,0.17777223140481704,-0.9889303677959069,0.10005480883915961,0.17548580807907,0.408
4.943977117538452,-0.017414957869903793,-0.16593496617833262,0.03185859741071463,0.18372881047276635,0.411
4.954141855239868,0.05412937710592671,-0.08955773420250183,0.05014645437115925,0.206474535176496,0.411
4.964325666427612,-0.2546674777936281,-0.7016039558801966,0.08111069472066494,0.1824972179114341,0.411
4.974594354629517,0.03257045543112398,-0.30483788700189113,0.09642827827983255,0.1832909164908137,0.411
4.984812021255493,-0.09097910337676869,-0.07686810412562542,0.05005358781697118,0.15307392902899586,0.408
4.995022535324097,-0.14860836090425736,-0.10230449759688498,0.03655002185359159,0.1390996733774181,0.408
5.005208492279053,0.06478083685331332,-0.09650362824115727,-0.016191976228897273,0.18685401145299566,0.408
5.015395402908325,-0.16551204252300167,-0.08578259740089134,0.0475999005258841,0.21822641832641143,0.408
5.025577545166016,-0.04210466143124245,-0.029162383408812744,-0.02475777118992309,0.14618470285844323,0.408
5.035812139511108,0.2512864888013509,-0.05077346261001831,-0.020803270158728432,0.2208784372531105,0.408
5.0460169315338135,-0.7806812364336257,0.027283826978884842,-0.056658715837403575,0.20992279444350295,0.41
5.056208372116089,0.8000824412378205,0.01444361922009623,-0.07126988524091185,0.2546408987363461,0.41
5.066388368606567,0.04802068067427955,0.9511538873126015,-0.1336672066617891,0.23983159569943036,0.41
5.076645612716675,-0.7401908403151356,-0.19407318280736544,-0.10165882974005998,0.30489555751169434,0.41
5.088451147079468,0.7810574880482348,-0.010904737070064075,-0.010097333925397273,0.21708658020049965,0.411
5.098678112030029,0.5118293275713933,1.2572670704829183,0.0010990818655453871,0.2607721694333633,0.411
5.108904123306274,-0.4946644458186216,0.1018957944971278,-0.11831786277485137,0.19065817659136422,0.411
5.1191229820251465,-0.14843058613916515,-0.48062601142828937,-0.06130340601792901,0.18414794150947103,0.411
5.129344940185547,0.34823812422358896,0.37390562752139805,-0.03826160577184133,0.06844237032374298,0.411
5.139652490615845,-0.05153936330803361,0.4883710129347949,-0.05200081429737996,0.08861542092616703,0.411
5.149863958358765,1.3249719535401632,-0.0741092971843195,-0.08382093919342139,0.03286007278368125,0.41
5.160058498382568,-0.07685493035209638,-0.057414989050183426,-0.04875919378973892,0.08476348278594914,0.41
5.170233249664307,2.1197134949371232,2.1513909498656627,-0.02658790652999926,0.03864751988864,0.41
5.180396318435669,0.13916931015189946,0.297584065599161,-0.029735868910515717,0.0648545071702332,0.41
5.19058895111084,-0.11699951564745839,0.2798589693120577,-0.07551249150637099,0.1621240610775257,0.408
5.2007505893707275,0.28841579743465146,0.12813154391004083,-0.0002971972992172611,0.10313297778763576,0.408
5.2109575271606445,-0.22318579779947767,0.13065420438534187,-0.07945216576619588,0.14503788681681462,0.408
5.221117973327637,0.20077625075464067,0.5386742272242725,-0.04737459421378728,0.005611221346489795,0.408
5.231276512145996,-0.2016696701177573,0.10793239410791433,-0.009071295320420808,0.0540866456729501,0.408
5.241435527801514,-0.2277968584769967,0.11554339937335617,-0.008848407533134393,0.04410178011114429,0.408
5.251657962799072,0.2573580945365194,0.29062067312561046,-0.028846120475427027,0.0717221169456907,0.408
5.261825084686279,0.2650478137520442,0.3373733945137491,0.008092154883678267,0.05711477144553651,0.408
5.271985292434692,0.2744463630571952,0.9063587346854529,0.10350515614249857,0.00417225140717374,0.408
5.282147407531738,0.8862195368701586,0.09637102589837317,0.053743045996749755,-0.03223495882603104,0.408
5.2923102378845215,-0.17859320010029855,0.16130464582764226,0.029388417091609692,-0.05709627397176672,0.41
5.302510738372803,0.02216471550212854,0.36206447963590016,0.05693458643896091,-0.07809341256014689,0.41
5.312699317932129,0.0787264958681727,0.29426866863269757,0.077730294668674,-0.09096851176597995,0.41
5.322868347167969,0.23636181804374368,0.4952338100310746,0.0325167064492732,-0.07332855543878451,0.41
5.333034992218018,-0.17983608454877037,0.06989614925530677,0.06994649696486319,-0.10788112452689358,0.41
5.343200445175171,-0.10076997092057964,0.07956977584364999,0.13046431233248335,-0.08205597485716881,0.408
5.353365421295166,0.11061333782982365,0.4189318319153731,0.1336056171875432,-0.13996140885970218,0.408
5.363590955734253,-0.12930869951478066,-0.16850991197188867,0.18536932880636892,-0.092977875820522,0.408
5.373795509338379,-0.293799883796402,0.23753160438999013,0.2119685280496908,-0.0776126877957033,0.408
5.383955240249634,-0.12770188651765496,0.45167108258898647,0.24695417756738197,-0.016811087714892668,0.408
5.394114971160889,-0.19226384783596392,0.6722513169783125,0.1533366201473974,-0.035473139028830133,0.408
5.4042744636535645,-0.09836453468950003,0.6307994923776051,0.22849525464934392,-0.002073531536889023,0.408
5.41443943977356,-0.03293202696668983,-0.011055312903219771,0.21785826697497862,0.016068018881024146,0.408
5.4247729778289795,0.23966457766466198,-0.011404632186414434,0.25527247092281596,0.01352719781359614,0.408
5.434979677200317,0.0144285461960893,0.04993885332186343,0.18932227423689224,-0.018534559650760007,0.408
5.445223808288574,0.0013582132854443047,0.041349201480541525,0.24331799616903887,0.009268815957200527,0.408
5.455387115478516,0.0007521362305013712,0.09166804644069967,0.2241809151516313,0.00782780319980532,0.408
5.465609550476074,-0.09940675262671136,0.09486043361052267,0.22253825984379597,0.051428591795865924,0.408
5.4757912158966064,0.44514679175819954,0.08110045348448523,0.20889506904295552,0.021998346333756524,0.408
5.485953092575073,0.2809880253835773,0.03092564777677045,0.23704641191275352,0.00658453115387897,0.406
5.4961137771606445,-0.12582028015534694,1.0158268156958123,0.24025151223046803,-0.11136315109404443,0.406
5.506282329559326,0.17750309583982493,-0.5946055502443528,0.23398959113038062,-0.07352274348859025,0.406
5.516484260559082,0.004147748081654271,-0.41633795312730254,0.2779766406353089,-0.07536867114552037,0.406
5.52669095993042,-0.024321671881842664,0.0742838206059886,0.28301995264742574,-0.07883748182099315,0.406
5.536876916885376,-0.4125581779704481,1.2427373823699681,0.26464603571750556,-0.056279182192086954,0.406
5.5470476150512695,-0.5967224596248071,-0.025636970066540192,0.27152482825900165,-0.0894605724226425,0.406
5.557214975357056,0.42259448795642274,-1.025115951215321,0.23174058288367577,-0.02941865677902293,0.406
5.567392110824585,-0.22825258783883262,0.6100117229751292,0.24880387068210824,-0.05563602845977283,0.406
5.577615261077881,0.7912891059703583,-0.19984405590835172,0.24936600521778224,0.013784508337183102,0.406
5.587792634963989,0.08347104539648219,-1.2144166612644385,0.2737470594047694,-0.007341876230894925,0.406
5.597952127456665,-1.113725941762424,2.820065312620553,0.226870088382643,0.032620069751092454,0.406
5.608116388320923,-0.32759902205323344,-0.01734506161681322,0.2810829521449664,0.03209499320693293,0.406
5.618286848068237,-0.005846304785469879,-0.7833305112640246,0.2216240244018358,0.024830011961756188,0.406
5.628453016281128,0.5283550977553836,-2.1571793539245037,0.24118794099304447,-0.020108647140636995,0.406
5.638750314712524,-0.12963356423422795,0.8381484600297612,0.2351018733582914,-0.06460084724511606,0.406
5.648948669433594,0.144263160113071,1.1714980244266797,0.24696650992199148,-0.08586091440129581,0.407
5.659101724624634,3.999800268085653,1.980787645947403,0.15589645220896103,-0.06970144797315067,0.407
5.6692564487457275,0.09150281790711685,-0.06349772826670913,0.20867894343209548,-0.036856817852893214,0.407
5.679400444030762,-0.11592898582231746,-0.019486224517896035,0.17167614786847873,-0.07606795117960366,0.407
5.689612865447998,0.0006290672129436964,-0.20322128154821528,0.21388960849194535,-0.10394034961061449,0.408
5.699779510498047,-0.37332314114336607,-0.15191580820247502,0.21574213442719747,-0.05728475314455338,0.408
5.709947109222412,-0.07371139784380758,-0.347109936945132,0.161719759546216,-0.06925861800207482,0.408
5.720168590545654,-0.02180341431738045,0.03239980112957296,0.13888339374311612,-0.07808178829444318,0.408
5.7303361892700195,-0.10443518255781084,-0.14075040322560656,0.09855741457805078,-0.09272043458781393,0.408
5.740488529205322,-0.058838055327214166,0.62988363639414,0.1595645099207342,-0.11153560245029549,0.408
5.750669956207275,-0.0023602021848828786,-0.01137273437770503,0.15564653109698348,-0.14559288164783674,0.408
5.760815858840942,-0.23128446110429168,-0.023693032398061614,0.2130900223187301,-0.08373320795995005,0.408
5.770975112915039,0.05936779532878362,-0.3850353091591307,0.20858156404352235,-0.12669478548432744,0.408
5.781138896942139,0.46236835868897785,-2.198357826404337,0.19383940312082154,-0.1437781348122986,0.408
5.791278839111328,0.031455236511023846,-0.03690771815483735,0.18149159268965903,-0.11459893674959024,0.408
5.801417589187622,0.031454880767451086,-0.0369073007463237,0.17876333437375302,-0.10428352692830574,0.408
5.81161904335022,0.01593267322798616,-0.28215553980260766,0.19124102772884755,-0.058494337770492115,0.408
5.821782827377319,-0.38706441208971165,-0.6792459140410851,0.18719915098687992,-0.04511906766983717,0.408
5.831923723220825,0.05932761899718701,-0.11528724867282811,0.1550538003406024,-0.0816228404372362,0.408
5.8420634269714355,0.04343342529692456,-0.08106915551052377,0.17234181085909386,-0.07011368170954466,0.409
5.852201700210571,-0.005967053848918382,-0.11143610877296303,0.17409580507268638,-0.09843284827322553,0.409
5.862342357635498,-0.007647292728783179,-0.13201113080255636,0.21150030722582247,-0.0566505275057638,0.409
5.872485160827637,0.04751518287188275,-0.12384572138980265,0.19604652342864012,-0.06193150742590886,0.409
5.8827526569366455,0.059838768474472,-0.10776270514148986,0.18972600160861114,-0.001929985424714755,0.405
5.892893314361572,0.07525678321377187,-0.11827862074269671,0.18394236618765886,-0.01154739431754652,0.405
5.9030373096466064,0.07525628985317945,-0.11827784534401622,0.17335862983922495,0.014161055729355073,0.405
5.913193941116333,-0.4183803189632502,-0.10184772440891854,0.13963164328189953,0.042701165541549346,0.405
5.923340797424316,0.022658404888554768,0.10445005526648293,0.10221615341404773,-0.0077131514513671465,0.405
5.933483600616455,0.060241277266324236,-0.04643991091786156,0.12984677974685438,-0.0014478013575166607,0.405
5.943702936172485,-1.8176420520158545,0.16466915630403012,0.13035671844071933,0.008392942057372926,0.407
5.9538490772247314,-0.1266805798151871,0.15863418221339384,0.1571098695627355,0.06325239089998003,0.407
5.963989973068237,-0.14287890757463154,0.014529286183926982,0.12754587508942244,0.09353050428025458,0.407
5.974151849746704,-0.06338316344634429,-0.0018225505900934195,0.12416029312698992,0.04859310207355415,0.407
5.984314203262329,-0.14159508346902008,-0.40188113779838225,0.15623244800769004,-0.07680544771125858,0.408
5.994458913803101,-0.1422960208028345,-0.4025820751321967,0.15623244800769004,-0.07680544771125858,0.408
6.004658460617065,0.05817502896756211,-0.21159805159593795,0.0907948514245516,0.053181909739652006,0.408
6.014824390411377,-0.6901686703907296,0.0399930979533407,0.08394085406963883,0.0336029465861675,0.408
6.024996042251587,0.23524506613648674,-0.1309396910515298,0.04650623801573833,-0.01788837601270661,0.408
6.03519606590271,0.10186503339014673,0.011896073300811928,0.07716723155290615,0.08428084704640071,0.408
6.04538369178772,0.10076950744584412,-0.22282066269572895,0.07857497035442618,0.04539652653770651,0.402
6.05553126335144,-0.3229919690998835,-0.05312605687618973,0.002420044945562,0.05685271481171088,0.402
6.065804958343506,-0.47733075502759825,-0.2453229963471809,0.012690320095283557,0.07627218390673822,0.402
6.075955152511597,-0.11967434072256754,0.005060824098509596,-0.008958899769289853,0.07190790640817256,0.402
6.0863049030303955,-0.1262611554279878,0.026032911817095758,0.021210306121864947,0.10214900867977506,0.404
6.096493721008301,-0.40945362089670817,-0.17748046261440684,-0.01607774641245402,0.0017442965551125802,0.404
6.106735706329346,-0.1991470139381943,0.025464083119564534,-0.06758424451925196,-0.0013430140886752373,0.404
6.1168975830078125,0.06208968937849546,-0.012189611000272734,-0.04259852379422709,-0.0026834020713977225,0.404
6.127048492431641,-0.10694830551225629,0.04448732429474499,0.00022387195567867557,0.0660490439095,0.404
6.137195587158203,0.09455440888540757,0.015093945218047041,0.007421647224275532,-0.0045582983026017515,0.404
6.14734411239624,-0.27444041776333317,-0.633499836729433,-0.03749941708178957,-0.019739940791913546,0.403
6.157487630844116,-0.2719034652697789,0.3641748849924991,-0.006636561113280426,0.011343618757753068,0.403
6.167672872543335,0.24523431524003836,0.9848402869086222,-0.07982384054106179,-0.009800654491045328,0.403
6.177828788757324,0.028487714024913468,0.7731112867255836,-0.07871685473459185,0.0475801338112171,0.403
6.187978267669678,1.2407603738737516,-0.45604236555677546,-0.08183375305748769,-0.01464452461300371,0.405
6.198137521743774,-1.6255798923658948,0.1989565519885538,-0.10417745898192865,0.031207490562836608,0.405
6.208284139633179,4.034020984753112,-0.544611791577576,-0.08582686158264219,0.05490609412916461,0.405
6.218428134918213,-3.1292376282411887,0.14010130552820746,-0.11473494091180647,-0.010772880192379871,0.405
6.228651523590088,1.1130417308287102,-1.500804619430357,-0.07986928702875491,0.04658852425218832,0.405
6.238819599151611,-0.8594624554517594,2.1192619392111878,-0.03718614543168064,-0.09030339030596514,0.405
6.248966932296753,1.3383432017939871,-0.743452605662593,-0.06104193302671715,0.023969655542808797,0.406
6.259113788604736,0.33703095541905825,-1.1995278899822608,-0.051341076908953634,-0.05285596061059519,0.406
6.269263505935669,-3.8862966256186295,-2.027078829822284,-0.061670535571580073,-0.030334806851889395,0.406
6.279412031173706,-0.005855219413566142,-0.05866228443291937,-0.031693724132269036,-0.04399977834365211,0.406
6.289623737335205,-0.42441550510538945,-0.2543494136252453,-0.0777356317410691,-0.025549879104539656,0.407
6.299777984619141,-0.10534832754679674,-0.07724135005533247,-0.02796890831176839,-0.003972243251085625,0.407
6.3099329471588135,0.1450263502640805,-0.3436734621389706,-0.09185525450091503,-0.04546722217796985,0.407
6.320101737976074,-0.16471379540891629,-0.5270065685884223,-0.18452325772156486,-0.010582042759268842,0.407
6.330264329910278,0.6174112709169439,-0.16469117603006203,-0.035596810518952776,0.033239390541591196,0.407
6.340414524078369,-0.28146436824015286,-0.3468361664627926,-0.14790458447139496,-0.041533224769796505,0.407
6.350559711456299,-0.31245801925433836,-0.3054092871438228,-0.21894824884793052,0.057304485822691195,0.404
6.36082124710083,-0.33824301443409766,-0.7473096281647976,-0.35978491005996455,-0.01972860758189462,0.404
6.370980262756348,0.0606932153045194,-0.29841719335620887,-0.3020462262572167,0.022495836462026905,0.404
6.381127119064331,0.012882722772664995,-0.03240148264725186,-0.2628116909896099,0.07253339220139651,0.404
6.391272306442261,0.04966530239473187,-0.00809045914131357,-0.3238604367379416,0.034238027041366526,0.407
6.401422023773193,0.25190878742056466,-0.008093943434771524,-0.4109361476385959,0.037665950712901686,0.407
6.411603927612305,-0.2975526038066168,-0.26596033044702166,-0.3756333567865433,0.013637408960903225,0.407
6.421841144561768,-0.5399516302593087,-0.2573295008940937,-0.5061012034752975,-0.024706712439350444,0.407
6.431991338729858,0.05147049063288125,-0.262242175266692,-0.5064427860522873,0.016862274732834304,0.407
6.442137718200684,-0.2774782118418215,-0.26076399431120334,-0.5788820684662921,0.02430992962786369,0.407
6.452282190322876,0.022483809424818486,-0.08955528037739141,-0.6124382237659889,0.011329095542446911,0.408
6.462427139282227,0.010594641805311208,-0.12767734591363353,-0.6301577117708987,0.08898636737075333,0.408
6.472596645355225,0.2224464258806694,-0.49033088395766994,-0.5399685691779986,0.1050500558142595,0.408
6.482828855514526,0.049913036172167816,-0.08368508755629273,-0.6117144668344697,0.07822022243680912,0.409
6.492973804473877,-0.026326912103212505,-0.0007148834756588774,-0.6589145807734538,0.06815624354277283,0.409
6.503123998641968,0.03543285491918216,-0.0021078324968768192,-0.7042986757693788,0.035205561549143886,0.409
6.513383150100708,-0.06313800433582678,-0.004757999255427017,-0.7199551339537225,0.0069104631411620945,0.409
6.523543119430542,0.0883115375693012,-0.009940932493785382,-0.6454365247437245,0.024786763604308343,0.409
6.533727645874023,0.37864118796682444,-0.052176994765141226,-0.6873018333191971,0.058254393466950403,0.409
6.543915271759033,0.1271499169362138,-0.1190032453471733,-0.6778352883484176,0.06454006582371888,0.406
6.554120063781738,-0.060626624269239884,-0.21608234067581733,-0.6187074117767519,0.06704270209517307,0.406
6.5643086433410645,0.4725894620493158,-0.46433399923284024,-0.5840756604186961,0.05991760829385792,0.406
6.5744712352752686,-0.024990414573210395,-0.08118263713756921,-0.6538036822835932,-0.020746234175338538,0.406
6.584681034088135,-0.03279378841687071,-0.19020617132110695,-0.6502907399133228,-0.03719750613841814,0.403
6.594849586486816,0.15700517033462322,-0.01849587492457156,-0.6718239384774093,0.06060624039589102,0.403
6.605003833770752,0.6803166262873525,0.5787175618618863,-0.6034175651354067,0.06838819622278507,0.403
6.6151628494262695,0.47796960431175856,-0.03740278632661563,-0.5812403320111938,0.07881587884039223,0.403
6.6253204345703125,0.5923969818463389,-0.48027997253159593,-0.5453705708045966,0.05357922793994346,0.403
6.635481834411621,0.4224558112233829,-0.21564580528467353,-0.6439413492188062,0.14722788101539716,0.403
6.645666837692261,0.3554741246479445,-0.04322579007116726,-0.6070848017430099,0.17695437066181652,0.404
6.655867099761963,0.20784248581193723,0.01866746794013943,-0.5290172636146698,0.12767186365387967,0.404
6.666019916534424,0.005474541079787247,0.04354946211988687,-0.43668873635420796,0.08403323320723913,0.404
6.676177740097046,0.6648304507567611,-0.0350266441631658,-0.4993286953187211,0.05785474941216416,0.404
6.686328649520874,0.5911503135126835,-0.03717102620961886,-0.5632697212106801,0.08908383624277563,0.402
6.69648289680481,0.38250823103257814,-0.008790902907288642,-0.5206984354757613,0.08175092506897258,0.402
6.706651449203491,0.16497037351555496,-0.010927897979018279,-0.3612365539604805,0.12618398912394851,0.402
6.717105150222778,0.6850762082134443,0.03728312074121453,-0.32700464562978615,0.10396253944278569,0.402
6.727313995361328,0.07965413394727906,0.03726713640048757,-0.3836562597851658,0.0867311281580242,0.402
6.73750114440918,0.5171959945596997,0.04557214382203179,-0.3935202042189413,0.030849818189916695,0.402
6.747701406478882,0.17278109737715844,0.02745426995936991,-0.3684738779813343,0.09170928324219395,0.403
6.757870197296143,0.6497684496379819,-0.0031490450201114577,-0.24450857682402988,0.12808395758125232,0.403
6.768038511276245,0.3336752398129666,-0.02263005042460649,-0.2953910578915083,0.11721201580121621,0.403
6.778221130371094,0.7153430853439814,-0.016903345866784977,-0.26189727683357933,0.056629809034732845,0.403
6.788389682769775,0.4781410817471333,0.025161825818804318,-0.2054282721671607,0.039459696803022005,0.4
6.7985570430755615,0.5052921292944451,-0.02189441876751189,-0.13687217046483185,0.11299232452411594,0.4
6.808764934539795,0.2461992038405719,0.056749710587855134,-0.16427233298399438,0.13283457322398584,0.4
6.819019794464111,0.8256173457585051,0.013125050767211576,-0.17637818541810657,0.05213748815467328,0.4
6.829210996627808,0.26853102206312,-0.005311979650982327,-0.18921824237145207,-0.00020681230419504482,0.4
6.839386224746704,0.6166443678957683,0.01703701786853917,-0.10589600187601371,0.03476410585907912,0.4
6.8495588302612305,0.4491818775526163,0.006191505125044174,-0.04705332966759575,0.10324020495887373,0.396
6.859741687774658,0.286608502875033,0.07867714418464607,-0.12808900417970367,-0.02055318670487835,0.396
6.869948863983154,0.7303048751236546,0.20455474501419743,-0.11982894124864307,-0.03387158599720379,0.396
6.880117654800415,0.34273040971525115,-0.01182001823597183,-0.02829202340432255,0.03463574349214471,0.396
6.890280246734619,0.6318150120439333,0.041947620033036946,-0.014525732564437503,-0.019072928969636485,0.4
6.9004433155059814,0.22877019737002968,0.04194729870614337,0.0008589252779050011,-0.01922951356341287,0.4
6.910660028457642,0.2962435498328658,0.0011751105715208665,-0.05121597267053095,0.04006458165298003,0.4
6.920857906341553,0.6568568785247034,0.016656709966973583,-0.010850450010038324,0.027225605970302547,0.4
6.931029319763184,0.5638686361953996,0.043686736609311064,-0.04180533167615321,0.012273998987560979,0.4
6.941198348999023,-0.10290165366168467,0.43931896082088545,-0.06235276068370126,0.03359917724373237,0.4
6.951364755630493,1.190122198302991,-0.1389490388962765,-0.045156885294033944,0.07661145809113146,0.399
6.961530923843384,0.3334301371808216,0.024671250735467446,0.028518086303018768,0.01724369952430952,0.399
6.971728324890137,0.19611025174467428,-0.018223159725133418,0.05576346125781329,-0.07197924251278032,0.399
6.981935739517212,0.49101801696214825,0.22174387652688018,0.04051567854883407,-0.05163635286711178,0.396
6.992099046707153,0.8915432868295471,0.022609992443552017,0.1044406015366324,0.04191555316789729,0.396
7.002261161804199,0.8305704918081479,0.03199107373030303,0.10060155831696184,0.021562449367389505,0.396
7.012426137924194,0.4034869732994681,0.031728859744892195,0.06383216333986369,-0.033104357656499314,0.396
7.022616386413574,0.6323002023959223,0.015348727811491773,0.07208117473925421,-0.0022183751389370995,0.396
7.032788515090942,0.18472815453137956,-0.007712155957417208,0.1174801120825354,-0.03971830715367962,0.396
7.04297399520874,0.7745880908069407,-0.0053399855278310595,0.06275317202089035,-0.058544228936099785,0.398
7.053171396255493,0.3888619311754121,0.0013323344382250783,0.04713836679656654,0.04038304708867009,0.398
7.063361167907715,0.6604525571630926,0.01510652926026697,0.1382864457516988,0.0028981572059209697,0.398
7.073546886444092,0.454375870568005,-0.009970940337266065,0.08465010797461134,-0.04231337442372924,0.398
7.083776235580444,0.21934114178099698,0.05917731603689901,0.052731558806941116,-0.019963893104649806,0.398
7.0939483642578125,0.7079060993033826,0.04498020416575124,0.09394511898419342,0.02964014365581142,0.398
7.104155778884888,0.14317519052067748,0.050927802985986065,0.09822090605417598,-0.04227164414159416,0.398
7.114349603652954,0.843971247209346,0.21919900947850712,0.048353825944912485,-0.03447158330328964,0.398
7.124523639678955,0.1598230281690796,-0.006256613444885183,0.11351254690244711,-0.0023689125998944227,0.398
7.134819507598877,0.2273135527389499,0.020583937868781363,0.09148632175027441,-0.06200269189628213,0.398
7.145024061203003,0.6085327012507675,0.007061319135567017,0.03591298993906915,-0.0168688598603314,0.399
7.155183792114258,0.25184114381735234,-0.04444920290152078,0.0329488453494702,-0.04642201237480469,0.399
7.16534423828125,0.5034573573319263,-0.021366727575295116,0.05962903851110224,-0.07336512604823325,0.399
7.175525665283203,0.4876983474729119,0.028056846273573913,0.07500446839379937,0.013967109583619436,0.399
7.185826539993286,0.5482450577579026,-0.026042663174422123,0.13448770696138682,0.023142889659932005,0.401
7.196026802062988,0.4016278775853375,-0.005021693814320088,0.14014548054104894,-0.04262880739422796,0.401
7.2061848640441895,0.7038960289800348,0.023021724355436587,0.11108552675608824,-0.036861305722580125,0.401
7.216347932815552,0.03800426447315076,0.02944711064534134,0.11687308006649724,-0.024457917101280494,0.401
7.226513147354126,0.7376924387742663,0.06429346654660802,0.03385960724441679,-0.06637810275573967,0.401
7.236726999282837,0.3188535370197726,0.0017784239718763922,0.028417194319358338,-0.09318987156929015,0.401
7.246887922286987,0.5662258560027331,0.035866532573640524,0.0939956829300904,-0.08594687015798244,0.4
7.257046461105347,0.23860643483268432,0.21916774710354453,0.024064940203779927,-0.06385102265178397,0.4
7.2672059535980225,0.27536216789589896,-0.008450732788363646,0.056946982068129356,-0.044188198674467216,0.4
7.277366876602173,0.7954761627051964,-0.07766913306922855,-0.031173487118629967,0.008051320851684482,0.4
7.287533521652222,0.05544044855690561,-0.02791606870360059,-0.038906741890201504,0.006816789670434666,0.401
7.297817945480347,0.8514750828669798,-0.02816767485324727,-0.015361559037257267,-0.04366451563293787,0.401
7.308015584945679,0.2810770787305983,-0.029315551991986346,0.008251395978771912,-0.006044469490180726,0.401
7.318202257156372,0.24465013434340768,0.04225800857863649,-0.03778159312435306,-0.030116598086702882,0.401
7.328380584716797,0.3625097506864308,0.021368986621796704,-0.04069138569384305,0.001191184940393072,0.401
7.338543653488159,0.36232875589936786,0.23993185173841386,0.0018300984068447095,-0.016500062742204266,0.401
7.34882926940918,0.8543195164838779,0.026876541108666954,-0.04483501812166337,-0.044642398121366,0.4
7.3590288162231445,0.06294811382330574,0.025592889826878403,-0.01842699661065987,-0.05495450851151298,0.4
7.369189023971558,0.5385330533392411,-0.07630508339838105,-0.043028471108967466,-0.09676424413062325,0.4
7.3793625831604,0.7829652923411567,-0.20403283921532028,0.018713096601899494,-0.007978286853537003,0.4
7.389523983001709,0.31492189168832363,0.003469139325783261,0.01456243896391693,0.00995943667354382,0.398
7.399726390838623,0.32026824549937194,0.1783379341712413,0.0027055655641459956,-0.03412877535228584,0.398
7.4099366664886475,0.5088218854711803,0.03339662405239651,0.04554590129786336,-0.15297523360940216,0.398
7.420140743255615,0.10973582685195564,0.00322757177521242,0.03049140464631362,-0.03895238538017484,0.398
7.430306434631348,0.8497019515736981,-0.039655323878462274,0.034040409292144594,-0.032843011644271364,0.398
7.440465927124023,-0.06231252404119091,-0.01373436075017433,-0.06680473328555223,-0.08868607140052394,0.398
7.450627326965332,0.13921927284660393,-0.01373436075017433,-0.06680473328555223,-0.08868607140052394,0.398
7.460919618606567,0.6152497850668688,-0.008473681812831277,-0.01628352275640224,0.005836291100368729,0.398
7.47111964225769,0.45042484463908966,-0.16837526129943636,-0.05324893917893636,-0.005317224591391464,0.398
7.481281518936157,0.5938470397733929,-0.023325667483351284,0.02474214574152505,-0.006028435070323983,0.398
7.491453647613525,0.35002009441321164,0.20459272339198764,-0.02940318504785189,-0.14164433488368033,0.398
7.501614809036255,0.3502383358649055,0.0032734161927717997,-0.03604690946133868,-0.1412522802521949,0.398
7.511796951293945,0.19090094418871983,-0.01664916932480561,-0.015160030012159056,-0.0816897981460715,0.398
7.521961450576782,0.5079320001557923,-0.050729962077838864,-0.03380409309702298,-0.008727843827430163,0.398
7.532125949859619,0.417596817278494,-0.253399411600593,0.02767019760867325,0.037706925377893136,0.398
7.542287588119507,0.036679378612345534,-0.02482609842912651,-0.03989839416825403,-0.029025955561836757,0.398
7.552466630935669,0.6724925074864821,0.011973286507530769,-0.047372442593475915,-0.019584054555469962,0.398
7.562719106674194,0.7455091256136623,0.007099623650729744,-0.005307523012932978,0.008746662459553058,0.398
7.572909116744995,0.6950903079496318,0.016289870760393548,0.05917879090357734,-0.06106539058959575,0.398
7.583138465881348,0.2916897834978393,-0.022233531381298494,0.05521226427481071,-0.038268069891539025,0.397
7.5933003425598145,0.3681864249099303,-0.008462599064598899,0.06711781880285062,-0.020759368300978104,0.397
7.603471517562866,0.241015431854833,0.05245624818574157,-0.0019808291822009973,0.000459388443280495,0.397
7.613671541213989,0.2821483958034422,-0.008159685873791187,-0.01329370847964561,0.03427892377377301,0.397
7.623837232589722,0.8218379687646862,-0.029792233494193833,-0.02923100794707218,0.005380189575680332,0.397
7.634005546569824,0.18429439225691135,-0.06543164085688336,-0.06091214647274071,-0.01888222627334902,0.397
7.644171953201294,0.42327248252043287,0.04906784563687321,-0.050986748122178044,-0.049831460275984875,0.396
7.6543755531311035,0.5545351158672595,0.0476774708540609,-0.08432494001850269,-0.07451066586618114,0.396
7.6645448207855225,0.4247254031621651,0.010882075296164893,-0.02252911119782953,-0.03484075120256744,0.396
7.6748480796813965,-0.01180399235413278,-0.0011152356791885576,-0.02763008494833087,-0.012885722377276252,0.396
7.6850550174713135,0.7949665434518265,0.020066724860375976,-0.10189847836153758,0.021994062028036252,0.399
7.695217609405518,0.4936201701633701,-0.05560545781907127,-0.0509905217593344,0.04737077705116231,0.399
7.7053916454315186,0.22675595407568824,-0.05766877079004116,-0.08428946749183591,-0.07383741426136253,0.399
7.715574502944946,0.25349043502178675,-0.006814716635966099,-0.09278941002333338,-0.022995843849957877,0.399
7.725784540176392,0.5647848559291135,0.002856476839417182,0.0036270770987681736,-0.03440601439320371,0.399
7.735959529876709,0.5813771938941142,0.08758968681129815,0.025378159944614898,0.0031032489186773966,0.399
7.74612283706665,-0.2380999963666605,0.043580791521678444,-0.01818024542325039,-0.005096872642199337,0.399
7.7562878131866455,1.0561498501221174,0.018450267890289876,-0.10314816238538506,0.025448217367564335,0.399
7.766448974609375,0.46086465370186164,-0.04643319032907287,-0.05957107624904241,0.05860253326105592,0.399
7.776623010635376,0.18656006118916735,-0.10660344096867887,-0.0796435178197209,-0.04965609379156939,0.399
7.78690767288208,0.7252849741660883,-0.27787869591036957,-0.008644889485144094,-0.06812957558075995,0.4
7.79706597328186,0.6009357170233898,-0.00148592884352453,0.06371374910634375,0.008713436800927152,0.4
7.807230234146118,0.3415326000447357,0.10425626548338797,0.0368257118843362,0.009468039321440172,0.4
7.8174357414245605,0.5582231940996645,-0.005574036874263634,-0.08383824484651793,0.01089298812406395,0.4
7.8276143074035645,0.3152103880488191,-0.034428890235221415,-0.07845840895730552,0.005074126981533313,0.4
7.837917327880859,0.21897513838535368,0.03586988420989323,-0.08995081926045173,0.0045496846127577786,0.4
7.848076820373535,0.2383893820473257,-0.0022273158225034925,0.016382782372695408,-0.03615282313161653,0.396
7.858236312866211,0.6802267536572488,0.03883988744121742,-0.009222138204592951,-0.03629856610153703,0.396
7.868403196334839,0.2793360768854719,-0.06803012157366355,-0.0215736469307096,-0.03266939417494633,0.396
7.87856912612915,0.3126243514897312,-0.0904286262673418,-0.041674499167422246,0.011391302046070806,0.396
7.888867616653442,0.66235521771322,-0.04843493121149716,-0.013227757703802072,-0.0020007149116753296,0.399
7.899068832397461,0.281717669735348,0.06197685438145416,-0.09304164243001552,-0.00020977308463781402,0.399
7.909233331680298,0.3621126442212255,0.08526874725856315,-0.09830983149761688,0.06427786031319896,0.399
7.919402122497559,0.354899209767025,0.02659809233803803,-0.07419323436722157,0.012042844793875537,0.399
7.929576396942139,0.45073353246167286,0.003952390832648712,-0.08177986275978977,-0.014815126286564577,0.399
7.939795970916748,0.2185167224600509,0.015159393833906794,-0.006378816883874799,0.00479553274168412,0.399
7.949958086013794,-0.18111885199426203,0.015159393833906794,-0.006378816883874799,0.00479553274168412,0.404
7.960119247436523,0.9007511970016574,-0.05669875980330043,-0.026479386153894016,-0.05353427307344139,0.404
7.97028112411499,0.8236430586493843,-0.07434468208098079,-0.031949866598282646,0.043814367370816495,0.404
7.980456113815308,0.29740229628249426,-0.021190032445161634,0.016582781739102367,0.019818805567345173,0.404
7.990617513656616,1.0076808436665954,-0.025969743908241347,-0.08296497499722269,0.019285429004842567,0.4
8.000927448272705,0.2015477043018183,-0.025969513679452955,-0.10903293615199905,0.027467141781718746,0.4
8.011087656021118,0.5279714780099972,0.03688598808539281,0.03038821572237862,-0.004801768337680229,0.4
8.021249532699585,0.6563089916116518,0.3981037984823634,-0.03854820768155307,0.004450542279653509,0.4
8.031417608261108,0.037987780900889175,0.013171997988771679,0.006508887431246044,-0.09536163254443916,0.4
8.041579008102417,0.7719119457546663,-0.15528978315083825,0.001723860287233439,-0.044432304553607395,0.4
8.051871299743652,0.16830386882479972,0.03994463513873508,-0.02338433513109279,0.022486466687726282,0.402
8.06205129623413,0.8390054664994022,0.22240560155447292,-0.06467793055729837,-0.017739477859900644,0.402
8.072250604629517,0.2124319356383481,-0.02453050250421678,-0.05070239016713267,0.011476309641147412,0.402
8.082445621490479,0.4077775742545695,0.005614485250070966,-0.07631354504279117,0.0022725703548092356,0.402
8.092629432678223,0.41386580012889174,0.04144986696562861,-0.05234474906175759,0.030880838017753823,0.402
8.10309362411499,0.39097075542078913,-0.032003812690114035,-0.0597143626383736,-0.041762026575656266,0.402
8.11328911781311,0.6340810873168258,0.016560846834598682,-0.012533592618847515,-0.010719910135783427,0.402
8.123481035232544,0.22942278577327713,0.21504676926010027,0.002448969155162871,-0.022769080210089603,0.402
8.133682250976562,0.3745049753599988,0.2915624896006966,0.029719371383689915,-0.04110206813936512,0.402
8.143856525421143,0.4271303066645392,0.03606534920729212,0.04260383832788367,-0.024551502247140304,0.404
8.154025554656982,0.3113840538132681,-0.00397437754028089,-0.0022267522597798906,0.001646399939187651,0.404
8.164187669754028,0.6365116314721169,-0.07903556570760834,-0.024422806628993335,0.002481287002795189,0.404
8.174350023269653,0.6133766107834768,0.023386352099440913,-0.03772244939817447,-0.06607094622183425,0.404
8.184525966644287,0.08380234335912326,-0.07311055740554732,0.028443558866893252,-0.014601683092413893,0.4
8.194701910018921,0.9911260399223123,0.05524965221538823,0.03409122799392691,-0.0008925417703260791,0.4
8.204863786697388,0.15675824879723163,0.06137039741719457,0.019265287443136984,0.007747166928579597,0.4
8.215027332305908,0.5168969513090164,0.040889972168022946,0.07356830867636299,0.00133654886770233,0.4
8.225192308425903,0.49441220452314344,0.01811337386022278,-0.05571501456499435,-0.0006868633318150002,0.4
8.235360860824585,0.2925780553231622,-0.002941018341104562,0.00658741362313839,0.02535790106255503,0.4
8.245529174804688,0.4798943928834913,0.17711669620652756,-0.07053647345443602,-0.03820624067692542,0.401
8.255744934082031,0.38217192710917886,0.01299180969856939,-0.041973099649096055,0.009632284330117112,0.401
8.266002178192139,0.3749395685978483,0.03081618039439434,0.018137864852590967,-0.04530091658560322,0.401
8.276171684265137,0.3634542566999879,0.19144752378890756,-0.012673976840113994,-0.043620553223035194,0.401
8.286335468292236,0.46517752365222625,0.20951951657845394,-0.03120267380457571,0.0032983060363309894,0.398
8.296496868133545,0.4396772874896397,0.02331116475431987,0.013994001334375965,-0.00982039272320739,0.398
8.306658506393433,0.49420612429459143,0.011163091545036944,0.008251030695789805,0.06432029388539537,0.398
8.316844940185547,0.46362397000938915,-0.027060785919836707,-0.026057032168489938,-0.038185779425492,0.398
8.327048063278198,0.37135990657815576,0.051908143539535656,-0.03148921272660692,0.06078567035012311,0.398
8.337238788604736,0.0659183823634203,0.20598420722523864,0.055650328381011055,-0.03417015557754793,0.398
8.347414255142212,0.6933088685013845,-0.17256277784908683,0.07045427599850221,-0.04256010476463099,0.399
8.357585430145264,0.043065384115021865,-0.025001136076633543,0.07929150717997574,-0.061877027674826904,0.399
8.367767095565796,1.1843727454382083,-0.033814738632806034,-0.03182171520104447,-0.019585732668195317,0.399
8.377944946289062,0.1662590711426537,-0.06113746843824863,0.04758786709536658,0.02611414010399397,0.399
8.388108491897583,0.5454612114982309,0.0036471425121377965,0.06841789174753778,-0.033789827555509105,0.401
8.398272514343262,0.44083727324508537,-0.007438329217630475,-0.009335004449497072,-0.01355662079943738,0.401
8.408433198928833,0.35675318013962304,0.023620708845021453,0.020487149614975997,0.03151646725788752,0.401
8.4185950756073,0.5140991967079095,0.26598718555611645,0.03948293186338388,-0.0652984113236529,0.401
8.42880892753601,0.1559186596085892,0.04206122074581398,0.03314746124622954,-0.022061362869302475,0.401
8.438968181610107,0.3163935380966817,0.026608468236500038,-0.04402133568295778,-0.06213079044997987,0.401
8.449127912521362,0.7392701041640724,0.1827469180396106,0.032830747752740114,0.01825698478627836,0.4
8.459288120269775,0.3470513213229141,-0.0073513965800051225,-0.010445879749675797,0.011822819754451593,0.4
8.46945071220398,0.6327700678443732,0.0328641654283879,0.04740792172741547,0.027065310151225052,0.4
8.479614734649658,0.38482388053496813,0.013743533748319964,-0.051957485913054394,0.029798245305890394,0.4
8.489891290664673,0.24443085002586798,0.007836674128376379,-0.05404862459799933,-0.07314598257651081,0.401
8.500053644180298,0.4481830308716948,0.20934942843829243,-0.053237553623633554,-0.07473648247371266,0.401
8.510215997695923,0.4326422361439043,0.23110170051777648,-0.08270441917480484,-0.054088689489813296,0.401
8.520378589630127,0.4326340761136352,0.029589035854841773,-0.09114528325052158,-0.05427973521640844,0.401
8.530545711517334,0.1696666159434122,-0.10942526930742731,0.0012343074485550373,-0.03930904575133927,0.401
8.540741920471191,0.011562715432682037,0.027718456152963738,0.007315592486935918,-0.08152259014753538,0.401
8.550903558731079,0.5856338559480367,0.39476200221955576,-0.048747623373939425,-0.03986719881084326,0.403
8.561066389083862,0.4832770484301267,-0.03431570099404387,-0.006056678007146057,-0.10074081810231986,0.403
8.571250915527344,0.23906560694083814,-0.05314839413947964,0.021252926451524393,-0.09172091463940141,0.403
8.581462383270264,1.1742739587225002,-0.08606506442774291,0.06789422470939288,-0.06086447416180613,0.403
8.591650009155273,0.1456432876063673,0.006026254702986646,0.12756122857717628,-0.03234198526378876,0.403
8.601846933364868,0.5308990091507864,0.05394247107761258,0.12100481712374044,-0.0416309153028732,0.403
8.61202096939087,0.5349156461870958,0.01896798336186471,0.04878536242092769,0.00903021881458408,0.403
8.622204303741455,0.3193482653457084,0.005330714126096043,0.05810089398209121,-0.06613918276120102,0.403
8.632385015487671,0.46426003225396223,0.015195510892815537,0.08574429498107994,-0.03679520104319763,0.403
8.642558813095093,0.5173013919263693,-0.021430490246484017,0.023412250990261986,-0.05801432221408204,0.407
8.652767181396484,0.38944886548955443,0.2636218401090293,0.007150738663286547,-0.006393268760513798,0.407
8.66299319267273,0.18961939903634814,0.0161812057960229,-0.032813036717875936,-0.0021950127437177294,0.407
8.673169374465942,0.6623059325495323,-0.020876485257970315,-0.05727397892706976,-0.07816896441361756,0.407
8.68334150314331,0.3995148408532461,0.1634780967767876,-0.04369617229781868,-0.019863372444503095,0.407
8.693515062332153,0.009687603605989659,0.0012869854554626078,-0.016746144444159013,-0.08283927326410573,0.407
8.703678607940674,0.8516481065165755,0.012176611487538227,0.009643021890746076,-0.05259844344372448,0.407
8.713876008987427,0.4378398858029641,-0.019270322765783842,-0.041877940254684956,-0.03300596134855839,0.407
8.724077939987183,0.4005076559170172,0.013602086450254063,-0.022575227560428027,0.04266256790633878,0.407
8.734270811080933,0.24430968985922488,-0.1598531467217981,-0.07792003060432943,0.06546031943388082,0.407
8.744451522827148,0.06010745892221087,0.48283270367003733,-0.08461800685381296,-0.05032651218830914,0.406
8.754626035690308,0.8169390219272613,-0.008548056665821983,-0.10700150978967497,-0.013290943116814134,0.406
8.764931201934814,0.20939178997433863,-0.05062226833638901,-0.09344440595477659,-0.06846065106540342,0.406
8.775110721588135,0.6759490593396289,-0.08302037309577093,-0.0572969299653064,-0.0734556897463071,0.406
8.78527545928955,0.2330103273796074,-0.03346702480647347,-0.04039207992468013,-0.03715423112599786,0.405
8.795445919036865,0.6726691689920758,-0.015643887599458686,-0.023976399575826597,-0.07391296515563464,0.405
8.80561089515686,0.5161477151623549,-0.007084385966607258,-0.002317512703748656,-0.07997530417187085,0.405
8.81583285331726,0.2516734307045812,-0.0004672251165038507,0.004919427732719469,-0.10423679002344056,0.405
8.826049566268921,0.45995939268038577,-0.0072575967965097824,0.014435897138536258,0.017750247296745778,0.405
8.836300611495972,0.09601983958913639,-0.008301873918886479,-0.06813552424765236,-0.10295446275718038,0.405
8.846474647521973,0.8207542976347824,-0.005885900943882076,-0.04611774565482457,-0.06921013603503573,0.4
8.856645107269287,0.6586981822050773,-0.002837359859890554,-0.078568923227085,-0.06418134397584181,0.4
8.86682939529419,0.3151319855303081,-0.07898311659499946,-0.0036179151977635826,-0.09610814452924119,0.4
8.876998662948608,0.5818305260291557,-0.051500604505801455,-0.03426899552183856,-0.057032977771613855,0.4
8.887160062789917,-0.01798220673993374,-0.1705833817053725,-0.02478845021337102,-0.08006045439691245,0.399
8.897322654724121,0.3830444191532552,0.012782090575156467,-0.09098152735256303,-0.07427307096685722,0.399
8.907507181167603,0.7255203010589301,0.036892134040725326,-0.015280733514613556,-0.06316061039923716,0.399
8.917677402496338,0.4018093843179076,-0.010035222249795821,-0.04524640717322178,-0.10675159126061469,0.399
8.927919864654541,0.6546130798312857,0.0047644216634421185,0.009563889420729551,-0.02273341204192493,0.399
8.938087940216064,0.22992929595645029,-0.02275340752764048,-0.002687165213036361,-0.07835404154461878,0.399
8.948256492614746,0.42693267241986194,-0.010512334679048965,0.035141985418865485,-0.09984290845728724,0.4
8.95842170715332,0.6105138207915988,0.01792552558318493,-0.09696327882914862,-0.16220996889820344,0.4
8.968585729598999,0.43867855457573857,-0.06360650729913324,-0.08674408063334615,-0.10511259711183962,0.4
8.97878885269165,0.18167330850771843,-0.04634372885762899,0.022657089307549762,-0.04071044020164513,0.4
8.988996982574463,0.5999464542310156,0.17486762046718493,-0.005984302572781937,0.006528509670985189,0.4
8.999165296554565,0.3757537042186089,-0.006433307851095881,-0.07265515210099624,0.010924796543617275,0.4
9.009332180023193,0.5933924349527486,-0.22758881461138686,-0.0776520469112427,-0.00018473660562859893,0.4
9.019519567489624,0.3579146215228535,-0.006553104024825902,-0.05475823282185571,-0.10701165607633108,0.4
9.029685735702515,-0.021581599961262778,0.03317365084146627,-0.022253342059342582,-0.038837402506926265,0.4
9.03999662399292,1.0043092240443765,0.006516161301747521,-0.021936832344661327,-0.10150656549224407,0.4
9.05016303062439,0.30577202541972587,0.039272871893819714,0.010320717210150175,-0.055334547957721025,0.4
9.060329914093018,0.24089384792061594,-0.02597475896632557,0.05424265957798653,-0.033126491612905304,0.4
9.070499658584595,-0.09413772019285051,-0.013046324222024347,0.02754136284941524,-0.038743728358950846,0.4
9.080694198608398,-0.010664537010686218,0.021718153046478506,0.04075644016241315,-0.031344315876841,0.4
9.090999603271484,0.7726403608250938,-0.040992397261658944,0.03745046540396933,0.005248005786745447,0.402
9.101217031478882,0.18335574186440187,-0.040996118621060555,0.1484884447742153,0.007528837771228154,0.402
9.11139965057373,0.6203378222953735,-0.07757140559715486,0.11256831059627799,-0.009142860857186493,0.402
9.121584415435791,0.6746284680337015,-0.06987120144950287,0.20547027849377694,-0.03782275411214534,0.402
9.131782531738281,0.19969730235403527,-0.06670954085417988,0.24785913157326842,-0.03438999859249503,0.402
9.141960620880127,0.02930260919009279,-0.045641465465507715,0.3394412821993574,0.05951889871050868,0.403
9.152130126953125,0.9202636191623071,-0.024998443891752396,0.3268529510109235,0.06584416247446963,0.403
9.16229510307312,0.33266527946546826,0.07052427666271249,0.3941713878515655,0.08741523468685007,0.403
9.172460317611694,0.16903656480662335,0.047778933156035534,0.42308729714762283,0.10903893376165393,0.403
9.182637453079224,0.7636632211396754,0.010865915980268207,0.5487546769804081,-0.04872605499045539,0.404
9.192818880081177,0.18947296269928238,0.0021157048761402974,0.5233764321800527,0.022300161088365546,0.404
9.203117847442627,0.7019070452861442,0.16556066225455304,0.5125962749736375,0.1257669601305703,0.404
9.213281869888306,0.06575628790826496,-0.03413214791896012,0.4797284500242802,0.09055322240537805,0.404
9.223493337631226,0.19456417177251475,0.011687666196697243,0.5093682234987496,0.018007860915857033,0.404
9.23366093635559,0.8663585237195109,-0.022221760349405602,0.5599136699094546,-0.0655469225291355,0.404
9.243939399719238,-0.0971720008485355,-0.03430077611376713,0.6164782986288339,0.005485467923540675,0.408
9.254098892211914,0.3287927798509018,0.1626167504986875,0.6172946554145119,0.05308397884244064,0.408
9.264262437820435,0.1864007526488146,-0.03793239241524323,0.6074862119404967,0.08898929228453402,0.408
9.274430513381958,0.40043619700474514,0.0008485149392447094,0.5527515865678767,0.0033516966682367935,0.408
9.284635305404663,0.3894898446792626,0.028652085559478357,0.5342530432726518,-0.029753574136176256,0.405
9.294886827468872,0.018055418137519177,0.017051527552989585,0.565615491636822,-0.073768381232081,0.405
9.305050134658813,0.1435418651393049,0.050481927907801455,0.5867288724870492,0.06081660666049471,0.405
9.315215110778809,0.21127245867180555,0.2462392330494842,0.5199284800840044,0.07371217578831694,0.405
9.325387001037598,0.3071859694225414,0.022036147478653706,0.5531247567015926,0.009200013205949556,0.405
9.335561513900757,0.2933970390186168,0.23216183494393433,0.5454186281760645,0.006557548901249363,0.405
9.345791816711426,0.20154700920811783,-0.18219482455020372,0.47683784934069756,0.024139367754494753,0.404
9.355978012084961,-0.07045071521134302,0.5026912582225052,0.4869865650708169,0.09195719054997911,0.404
9.3661527633667,0.787869181974325,-0.3697283189958035,0.5113813277738437,0.06393998632283249,0.404
9.376323223114014,-0.16424942640052578,0.6624334011749005,0.5132873450598182,-0.014382230548973252,0.404
9.386504888534546,1.6079137483235075,-0.7663853053868166,0.5472516786115591,-0.01695150538973951,0.403
9.396669387817383,0.14871584227081489,0.03936965700032232,0.5497620075471379,0.0972769157587989,0.403
9.406971216201782,0.11789305508735576,0.08043443743872934,0.5743858484001528,0.06213450649622137,0.403
9.417134761810303,0.12537137304049958,0.035419944470940254,0.5291621784950321,0.059530720465735376,0.403
9.42730164527893,-0.06641777028925805,0.453807822091585,0.49781218329324245,0.053735251431021175,0.403
9.437465906143188,-0.1640537887025015,0.06235749392062951,0.41024092318417565,0.045873692052399745,0.403
9.44762897491455,-0.3077592229850365,0.010291171208147326,0.4336801338974137,-0.10316760763375213,0.401
9.457864999771118,0.2310082484082557,0.23183649175896992,0.3707608140914366,0.010094847735649767,0.401
9.468032836914062,0.4427391690591448,0.2538817280365243,0.3955997086143649,0.043208081556291245,0.401
9.478203058242798,-0.20724504158340143,0.4725450663168588,0.36263501596169234,0.09866554385296705,0.401
9.488369703292847,0.10175510380651526,-0.12059520863556113,0.4328334162836773,0.02773839419498928,0.404
9.498538970947266,0.2047812751190224,0.10617151464761691,0.37229533622893035,0.00431563755937768,0.404
9.508706331253052,0.07952893060268686,-0.12825603083279521,0.45255101816425414,0.033307538677697666,0.404
9.518898487091064,0.1510742724766851,0.05821777762012704,0.42381009804627995,0.07346204306856274,0.404
9.52907133102417,-0.018821715591697916,0.6490848211231188,0.40654835076049767,0.06707116105158505,0.404
9.539238929748535,0.3046327803500992,0.40427618297254536,0.3063863843632952,0.06975163746974582,0.404
9.549405813217163,-1.8709443787488462,0.8839829735756405,0.3232633301114214,-0.045691888458101904,0.401
9.559574127197266,-0.05559472450597795,0.28097299911447915,0.27814406912794803,-0.052624941905447295,0.401
9.569739818572998,-0.03534718505636025,0.08587259625067212,0.2306884664452649,0.05351460787881961,0.401
9.580029726028442,0.02839827385836285,0.0679766589322952,0.22805991731416697,0.10341308843995586,0.401
9.590215921401978,0.0758665431408856,0.10122485469560374,0.21502861964702852,0.10937728750051115,0.403
9.60041332244873,-0.325845394812094,0.7037795175886491,0.18630571969725981,0.09934726739121395,0.403
9.61060118675232,0.20146974481331725,0.3467844038237909,0.24742190380790835,0.0024231005184642412,0.403
9.620786666870117,-0.011933234448721854,0.11345592118279557,0.2231174525798889,-0.01121244414556903,0.403
9.630995512008667,-0.12039151186644649,0.10071499745135434,0.15982860492306877,-0.044327273669884724,0.403
9.641179084777832,0.2154740484525458,0.07878357114127701,0.13919439216406848,0.014620621998974116,0.403
9.65139102935791,0.11733183832524198,0.08457740277720684,0.15043633551917351,0.008338270989345378,0.401
9.66157579421997,0.34601730428293875,0.28542742931573156,0.13175812563705536,0.05003916382892598,0.401
9.671765327453613,0.3432265946040285,0.472473051931209,0.11833173381256631,-0.022408804878742274,0.401
9.681999921798706,-0.29459769239195904,0.06025978699943208,0.036703368933282673,-0.057711698490260505,0.401
9.692199230194092,-0.1571310949294507,4.114487022210476,0.054033938717891736,-0.08229625210694932,0.401
9.702364444732666,0.030428673356752117,0.2569841464490027,0.07904918758952484,-0.06943437049717806,0.401
9.712538480758667,0.0749122067107964,0.3091685816860486,0.0801950089551633,-0.07936386768101178,0.401
9.722831964492798,0.1045363773269274,0.03783663244574451,0.10731405453659756,-0.09660624103636248,0.401
9.733023643493652,0.08817573859713855,0.3202216939224077,0.07977944773721551,-0.05038786865551575,0.401
9.743201971054077,0.042576875787512784,0.16000429459493698,0.04304006022397175,-0.04595024893952903,0.403
9.753370523452759,0.027352105255266188,0.12273268145453159,0.027318210470766924,0.02381740682625639,0.403
9.763549089431763,0.08486121797768327,0.3768126175795419,0.00954209555074271,-0.058063001659995776,0.403
9.773716926574707,-0.5107073578105895,0.32981608213355434,0.0330181408465423,-0.07100183755529524,0.403
9.783986330032349,0.16614960013383925,0.08425820391546593,-0.031245328434891955,-0.08860658146667302,0.403
9.794150352478027,0.4764600740146277,0.12301068370954646,0.046873114744031504,-0.17636493017194677,0.403
9.804315328598022,-0.16799465327294852,0.12507053797737036,0.010985153524279048,-0.14247656673952225,0.403
9.814481735229492,1.2740898633449498,-0.29173501581022176,0.014137517073979752,-0.16525256477450379,0.403
9.82465410232544,-1.5971282651927439,2.504882735856711,-0.011333182934229295,-0.2070621659700882,0.403
9.834911823272705,0.03460957893498018,0.06410353437980619,-0.015541939388694671,-0.2555432673978639,0.403
9.845088243484497,0.001934583875661539,-0.001736244585356467,0.04315247699417165,-0.2674050518996492,0.405
9.855294227600098,0.0020908616708659945,0.017696630847893753,0.024206318740738822,-0.2114923668668618,0.405
9.865477085113525,-0.1804194839793488,0.029231655914464024,0.10184609398756544,-0.23596343242107448,0.405
9.875646591186523,0.35544528207624837,-0.17314816664703628,0.040326745539779524,-0.17243513997084722,0.405
9.885899782180786,0.32920499612281184,0.045442014314191544,0.0014517072518648658,-0.2223411214562663,0.406
9.89606237411499,0.25293353708128963,0.059412304154681406,0.019869923011072533,-0.19917473788419413,0.406
9.90622329711914,-0.3631755659193174,-0.6600294473140941,-0.010777786680096813,-0.21596482040663045,0.406
9.916387557983398,0.012675535131676862,0.011367983803258023,0.03555039495222635,-0.21763061162005645,0.406
9.92655324935913,0.1915303161569825,0.05180630339847122,0.016059929091954795,-0.2426711026848355,0.406
9.9367196559906,0.5294596570492068,0.00671651473521504,0.10140863743775086,-0.17664347498467375,0.406
9.946903944015503,-0.3103971602618639,-0.910454777588874,0.05735617924082837,-0.1501143890730223,0.404
9.957064867019653,-1.4840202314548299,0.3234550056580307,0.01781028387837319,-0.11029480851124139,0.404
9.96723222732544,0.4938336872436721,-0.09807286729926927,-0.004388494228409549,-0.09507286715574,0.404
9.97742772102356,-0.582791149054935,-1.887004358354729,0.0015269941706182837,-0.13108688358092802,0.404
9.987602233886719,0.04556187610469355,-0.13341235186032613,0.04431021869661001,-0.11627805002418214,0.406
9.997792482376099,0.07434034110906577,-0.3464940834785054,0.09389428405661104,-0.142268012129811,0.406
10.007998943328857,0.03288769908467413,-0.5500903401288448,0.10685802959333267,-0.13173536028485777,0.406
10.018173933029175,-0.06665541875114699,-0.11422545176364422,0.05170503235717022,-0.12197957611736421,0.406
10.028353691101074,0.19609098174210454,-0.5227413091998909,0.0338437624989974,-0.07077459326618103,0.406
10.03852653503418,0.3808195359652235,-0.3153375411306602,0.0023402892617946057,-0.08807898334339431,0.406
10.04871129989624,0.06041880845763976,-0.36099626306507065,0.03348395298439038,-0.034060550193409006,0.408
10.05901312828064,-0.0176556720627401,-0.9805170372631388,-0.012169404729718152,-0.04069082529591315,0.408
10.069184303283691,0.45711929306779564,-0.34925565490279825,0.057153452729356735,-0.057795236424325575,0.408
10.07935380935669,-0.18895900006358746,-0.942348783641268,0.02158222784582501,-0.05521842952000513,0.408
10.08952522277832,-0.14199650948086837,-0.3499458725165041,0.021790765386118592,-0.10636559429852518,0.41
10.0997474193573,-0.019969427430563017,-0.3688325331495862,0.03751823232278376,-0.1023261314636677,0.41
10.110076189041138,-0.06882104947422167,-0.5699409729569713,0.017749800811946312,0.01016982883324128,0.41
10.120278120040894,0.34438078016506446,-0.34721321728473675,0.06352494578916519,-0.052443967129567504,0.41
10.130471467971802,0.25187874526046555,-0.7750644768668343,0.0582277587188118,-0.05601065105759925,0.41
10.140650749206543,-0.8063506069117737,-0.3498349085513322,0.05826302288387701,-0.002361691494278187,0.41
10.150911092758179,0.11115195926988186,-0.31135861673817194,0.025434663947332792,0.00897888234936525,0.403
10.161080837249756,-1.1489407098344266,-1.3217025669088815,0.09025938844105684,-0.004854292397386627,0.403
10.17124891281128,0.01425919500071895,-0.305782738398851,0.07311193951811025,0.02635265062808791,0.403
10.181432485580444,-0.191643498157062,-0.7145589669654984,0.1498772666811897,0.005654004447237987,0.403
10.191633939743042,-0.054208461054383206,-0.31524201381008443,0.12242164071988132,0.03539046817315243,0.406
10.201892614364624,-0.4417837994250292,-0.3455006481848021,0.08741056647826295,0.08282017386166197,0.406
10.212075233459473,-0.258849530580024,-0.36632326819857586,0.05930673663214736,0.1132250972954689,0.406
10.222240924835205,0.12273381746724182,-0.1479020467937135,0.06751078667234801,0.11542438650955307,0.406
10.232409715652466,0.23378294743236383,-0.7328689478672412,0.009126338692348288,0.1588426779348511,0.406
10.24257493019104,0.14021667125408896,-0.48188112069825273,-0.012718602975484135,0.2339240619255457,0.406
10.252736330032349,0.6491643716743959,0.2024365841097217,0.030396468311636015,0.1624764860809928,0.406
10.262920618057251,0.04882306329208736,1.1441763614396496,0.0002609683264103643,0.1797757032569386,0.406
10.273083925247192,-0.31934730057959215,-2.2493600741332935,-0.01912219088893133,0.19999454671521313,0.406
10.28325080871582,0.021044175285979853,-0.039029215058388946,-0.06959334743035898,0.30293073234352663,0.403
10.293414115905762,0.06668804964952021,-0.21584181408485287,-0.1190244321675015,0.21607909198577074,0.403
10.303576946258545,-0.36287508530258683,-0.6556902144573752,-0.019826574822365217,0.205501183463298,0.403
10.313742637634277,-0.0012860220061830096,-0.2668359923680142,-0.06730047670533672,0.14847632817776407,0.403
10.324005842208862,-0.4561800951000769,-0.03426837530009721,-0.060300987514084206,0.12483624764298692,0.403
10.334174871444702,-0.18372682590046227,-0.4447376720734757,-0.08376185758240161,0.12954709714952062,0.403
10.344340324401855,-0.18943343500164944,-0.030221224167041552,-0.0742266796574866,0.20611000385851463,0.401
10.354501724243164,0.05369452569637949,-0.05492368443937043,-0.0791902504296409,0.15501362623617243,0.401
10.364698648452759,2.004230319771277,-0.0019717102866942528,-0.027317842272975006,0.15155121061103394,0.401
10.374987125396729,-2.965187300493725,0.008702239280443025,-0.08379457403532069,0.09491170008372675,0.401
10.385182857513428,0.1077332593115222,-0.010084729710898353,-0.1045113738413142,0.09753232243261105,0.404
10.395355224609375,0.01078101855319791,-0.43945567999975976,-0.05307196909278965,0.04632397397029622,0.404
10.405529260635376,0.8406859928879277,0.8489647941103583,-0.104200051660078,0.1222822539629011,0.404
10.415699005126953,0.17186821937295774,0.051915375804824866,-0.07417637227439014,0.1826551063850244,0.404
10.42598271369934,-0.000587978105296398,-0.015965106410294572,-0.07610489594623532,0.11057704602268505,0.404
10.436144590377808,1.5953921029743448,1.2166863197431974,-0.056105333340395566,0.21694192235237614,0.404
10.446309089660645,-0.999390902167991,-0.35170903714252677,-0.10444681431771471,0.1847802604111726,0.402
10.456473112106323,3.47536768279628,-2.9718092095185535,-0.07526300685550409,0.21303380988891987,0.402
10.46664047241211,-0.10175584717569305,0.13895716934187216,-0.07649204309197835,0.1674772561987232,0.402
10.476880311965942,0.12166681859972699,0.12383928224580029,-0.09589620571447592,0.1787310540111748,0.402
10.487090110778809,-0.0870063299327857,-0.1543894835180102,-0.09575158761584815,0.12607331256489218,0.407
10.497290134429932,0.004273577432548125,0.05681864474938731,-0.11127282173192306,0.1778503891452473,0.407
10.507461309432983,-0.007146904801534676,0.03439681304463014,-0.13286820751653003,0.09282355477685357,0.407
10.51762342453003,0.194977113076001,0.18715854211805194,-0.062291454147040015,0.10003444842040247,0.407
10.527872085571289,-0.18197185145067102,-0.050287741974765966,-0.11566165796458837,-0.0001305692708773315,0.407
10.538086652755737,0.0626857139963518,-0.30564645256795564,-0.02904500359859804,0.03229435173074667,0.407
10.548285722732544,-0.1671798235820212,-0.03362832920491081,-0.07634799288655207,0.006640219712674145,0.402
10.558444261550903,0.8421529800600419,1.0159589090614123,-0.005214958575133804,0.11940341260166897,0.402
10.568604230880737,-0.0339033273949886,-0.017143314433915268,-0.023832234982821613,0.08768340033006657,0.402
10.578778743743896,-0.9388014551223602,-1.005165373752241,0.003840845353805472,0.10359536565962102,0.402
10.589045286178589,-0.1294330194959127,-0.5414249714811882,0.01733667036760339,0.09538715021171429,0.404
10.599214315414429,-0.35328097106049455,0.45299619014078585,0.07418108150467227,0.1424174968885622,0.404
10.609401226043701,2.962721675993511,1.2782623456274587,-0.01682998013437379,0.051361190023282856,0.404
10.61959981918335,0.16161822120649455,0.09127282466085967,0.05817104303187616,0.09474819614069176,0.404
10.629800796508789,0.1013932185531296,0.1983726406367269,0.07706618995733837,0.03397822687059052,0.404
10.640080213546753,0.12054522329582716,0.005479742715182865,0.12725031302272038,0.11741005067359299,0.404
10.650293827056885,0.11279058367035633,0.24692169379486825,0.07940155106201588,0.14480257390015341,0.404
10.660480737686157,-0.2151781074470399,0.48525129708271225,0.06266038535908035,0.11770221999708054,0.404
10.670663595199585,0.04956801027719814,-0.18936855435783576,0.06388994814947106,0.12358813493678737,0.404
10.680838108062744,-0.13171499316359161,0.016670221803432004,0.1149169661966668,0.11489895003043521,0.404
10.691050052642822,-0.11314862807283857,0.25125186053499254,0.05216696483672598,0.13888989517705339,0.4
10.701223611831665,0.6920970226416643,0.05070221998921223,0.07328081809526268,0.13732123752737735,0.4
10.711410999298096,-0.6888032132170226,-0.5434974917390512,0.1042184379545685,-0.007523174070200686,0.4
10.721699953079224,-0.02563383187743013,0.27609068606455195,0.09961847884577693,-0.040991436895322184,0.4
10.73201584815979,0.11852250052675757,0.035162837009753235,0.13007033996847644,0.07293427316677377,0.4
10.742194652557373,-0.04298944467454696,0.277853281966117,0.18525619911477265,0.03883998415147268,0.402
10.75237226486206,0.17313004482889033,0.4593109842221211,0.1834432412469213,0.09904812498313727,0.402
10.762542247772217,0.09319393368051927,0.08763635383741901,0.12998625539398626,0.01969637067729863,0.402
10.772716999053955,0.004770599451026154,0.014983748791595817,0.1423222470513334,0.09460194888867587,0.402
10.78294849395752,-0.07489379513103972,-0.01906967223556621,0.18592082414157898,0.09738900224756111,0.401
10.793115377426147,0.19341121597950792,0.04944305546370749,0.18998073096772686,0.12643678961543647,0.401
10.80327820777893,-0.058040879616226906,0.06380760008091735,0.13007298511068355,0.10945188362741201,0.401
10.813443660736084,-0.0301214337799957,-0.17812079982700613,0.14572147084841977,0.055811995399438846,0.401
10.823608875274658,-0.046761293818229396,-0.2943061661862563,0.2004371444367863,0.029174688702115464,0.401
10.833780527114868,-0.051601772219115334,0.8910159122760177,0.17389646600134356,0.06864208034707903,0.401
10.844096899032593,-1.5673097374464444,0.24529710414888412,0.17401127074892114,0.002535057994306887,0.402
10.85426139831543,1.8290102673337643,0.04266674513608534,0.1666866159615284,-0.025027926405545214,0.402
10.864429712295532,0.7671935666109362,-0.20248051156290506,0.18163619498115752,-0.033690506608348623,0.402
10.874635457992554,-0.5815130284020548,-0.41613561403613497,0.18808646570438875,-0.0789595298804025,0.402
10.884894847869873,-0.0014310260625180107,-0.1273293550640476,0.22103312390842522,0.060938376023961516,0.404
10.895081520080566,0.8718910493728699,-0.37168083619724146,0.21420070326167256,0.029010100940843477,0.404
10.905366659164429,-4.022503919933132,1.4013773422234,0.1742382260343715,0.025980110638461052,0.404
10.915581941604614,-0.8987577212373901,0.6102650964390065,0.2236103118976645,0.08913202061424205,0.404
10.925756216049194,0.12678847352223802,0.010051391569792189,0.24193755945524256,0.12075933654071414,0.404
10.935943126678467,-0.12583186074716246,0.013274308912460049,0.17615756221188653,0.059102500172624944,0.404
10.946152925491333,0.08001605744951062,0.5068277941795074,0.21334598769521493,0.05927322805394408,0.405
10.956316947937012,-0.24308449791714568,0.062154051583662884,0.1153419490066645,0.01787230437507385,0.405
10.966480731964111,-0.2324906521441228,0.23792705481443852,0.13505597758082877,0.028811671239829344,0.405
10.976661443710327,0.2488299372287995,0.2245728742086892,0.13398029085214117,0.02132312878256208,0.405
10.986903429031372,0.17059733132381816,0.05818530588296326,0.1426959619554699,0.029969801515540503,0.401
10.997129917144775,0.1688491884015226,-0.3524588049634728,0.11319375668316145,-0.07486890663347502,0.401
11.007298231124878,0.22892621768134286,-0.11262949103174516,0.051281560325395006,-0.02409144685971895,0.401
11.017468452453613,-1.7444816050965088,0.47619852305617755,0.11053580193307086,-0.06359107888424295,0.401
11.02764081954956,0.062201371320689494,0.259540199373722,0.06178533219555761,0.016361395755468182,0.401
11.037831544876099,-0.1258094428385329,0.24526981347641658,0.021216196140397114,-0.0720333499921216,0.401
11.048002243041992,-0.2250023287945112,0.22874409738207427,0.005761047786692239,-0.044012978504256395,0.402
11.058268308639526,-0.10184445637089912,0.06614458394923514,-0.011623024164063543,-0.029142242297770418,0.402
11.068431854248047,-0.047637913466039614,0.06198038736122609,-0.006517069184139261,0.012893131710877553,0.402
11.078599691390991,0.2404104069563226,0.00781536075426658,-0.043006884197791966,-0.04036732283124465,0.402
11.088776111602783,-0.13294008270206376,0.023673217204874156,-0.01671322196204982,-0.0030053942535090104,0.401
11.09900689125061,-0.27234930222218806,0.46444878860768024,-0.06988402154050952,0.037837765175823414,0.401
11.109203577041626,-0.05421329908146355,-0.4020664302282473,-0.03435186276196757,-0.012148383947711859,0.401
11.119398832321167,0.09489454578607952,0.263349450578072,-0.10291303084648376,-0.03853722289069417,0.401
11.129605531692505,0.10050615039099385,0.029436613176113274,-0.0759180627888218,-0.006763879692200346,0.401
11.139800786972046,0.6778408628589523,0.20792063903553795,-0.07369314981037188,-0.05128577336107008,0.401
11.150118827819824,-3.6761816646659047,0.01580484021058449,-0.0945717852122789,-0.052265002213300445,0.401
11.160331726074219,-0.10443126367131139,-0.01717692781883557,-0.06704994027473683,0.008555797754006937,0.401
11.170493841171265,-0.07054673768153435,0.19285540498435833,-0.11231405387316326,-0.04302974653314552,0.401
11.180669784545898,-0.15102260172750095,-0.02243245454892615,-0.17774040542883826,0.0028224582885820262,0.401
11.190986633300781,-0.1987751191225091,0.04290846834703357,-0.15897539169615904,-0.03560634524027129,0.399
11.201173067092896,-0.27406015352397833,0.03260968214698148,-0.1863699634362143,-0.08005176435411004,0.399
11.211337804794312,-0.09623460806456573,0.033547808785709406,-0.1677072371169805,-0.11634735063489712,0.399
11.221503734588623,0.22918625812131896,-0.02184475971077435,-0.1670258911357292,-0.08648557196085718,0.399
11.231672525405884,0.026696678861015417,0.01525259159869029,-0.1615774003963776,-0.09208940939523538,0.399
11.241852760314941,0.06407093984174976,-0.012362533592546293,-0.2013633595252172,-0.07838651886716641,0.402
11.252021551132202,0.016448390547824484,-0.06243134621797072,-0.13388819136998667,-0.12408501046642618,0.402
11.262186527252197,0.0155082804758774,-0.683438700053621,-0.19095907897268274,-0.12771217334232488,0.402
11.272348880767822,0.38821095791794,-0.6402405069551583,-0.16871765043762627,-0.133476160776112,0.402
11.282513618469238,-0.39541772762854355,-0.2406674034030363,-0.1656039109160043,-0.08404552226792654,0.404
11.292675733566284,0.5741464228575799,0.42502711344141797,-0.1377853107170079,-0.07592287355683656,0.404
11.302839040756226,-0.19279941968663578,-0.23653939975194221,-0.20757590168733114,-0.11169195144537183,0.404
11.313007116317749,1.4863714699449067,0.016760812496780398,-0.16093743963490076,-0.08798166230187578,0.404
11.32317328453064,-0.389676358807596,-2.0390744616640966,-0.1906584121418518,-0.08759705716909312,0.404
11.333341121673584,-0.03597562510535856,-0.0260495174526012,-0.1376240534820226,-0.11905425601852752,0.404
11.343514919281006,0.11891782094516709,-0.5091807777964851,-0.15796689923818813,-0.07294623772932163,0.401
11.353676795959473,-0.08525718618639883,-0.10159532309404157,-0.18465104856992337,-0.0901838550087087,0.401
11.363842010498047,-0.11956585537131813,-0.281989958925155,-0.22785548618219695,-0.0829769826635926,0.401
11.374008893966675,0.4241068559970222,-0.37708754438868713,-0.21741029373385623,-0.06518820832015047,0.401
11.3842294216156,0.03062091112213652,-0.14280975805509968,-0.1453081263836485,-0.09622043659489488,0.401
11.394400596618652,-0.3527520572471192,-0.3938176606993924,-0.18821951367459963,0.022220121667542538,0.401
11.40456247329712,-0.0890749242564875,-0.37284377448493383,-0.1671283472010588,0.06768995417145698,0.401
11.414725542068481,0.08694881783463711,-0.5315050092585051,-0.22290777417030277,-0.009982274595917582,0.401
11.424920797348022,-0.09902092719658026,-0.22573522538607557,-0.16837027521618592,0.044972249340929644,0.401
11.435137271881104,1.7280462215872923,-0.039940417408575846,-0.07762901439540926,0.04857030395601332,0.401
11.445297718048096,-0.17088971175478046,-0.0418893410225317,-0.13854177009871282,0.0005947234156540616,0.402
11.45547080039978,0.08190283410438616,-0.07874793504426793,-0.1591563922410868,0.05824064083945456,0.402
11.465635776519775,0.2569365647363842,-0.07568021523507532,-0.11892504299199563,0.017246375487320807,0.402
11.475799083709717,0.22761573649037936,-0.3040157241937324,-0.10019168963485633,0.046958876048215754,0.402
11.486014366149902,-0.08158423796550034,-0.28221391504976295,-0.11164346136904811,0.14020955409354005,0.4
11.49617624282837,0.2415306999303652,-0.26772782358722275,-0.04551920532331907,0.07242486679055705,0.4
11.506382703781128,0.26084287954748325,-0.26104465522654463,-0.0533769350510162,0.04893735392463498,0.4
11.516554117202759,-0.16895443202037322,-0.033681107764353596,0.0202684645547387,0.09281890276074567,0.4
11.526761531829834,0.6208217825182248,-0.04899218173130809,0.04715990490248108,0.12905308363918433,0.4
11.537055015563965,-0.08461930035458651,-0.31945043322081007,-0.022082426164066308,0.056738597489395796,0.4
11.54726243019104,0.28002034973475376,-0.01582887088951375,-0.0444807344721371,0.11558458177968389,0.401
11.557427406311035,0.10448050947716603,-0.008199597682519164,0.07484765130846692,0.19396318150373726,0.401
11.567587852478027,0.0338084292647221,-0.07027384358965695,0.08845175712638569,0.10147827598833442,0.401
11.577762365341187,0.5245190409626916,-0.2021132136667234,0.027311766337741045,0.12066253289442685,0.401
11.588093042373657,0.10398087303465788,0.0157407303991393,0.05816377110285306,0.17506058535202512,0.4
11.598253011703491,-0.09896921856137826,0.03979701622479528,0.11181210746448286,0.13455433602499045,0.4
11.608412742614746,0.1472314369811752,0.025670609746639057,0.04520047930420841,0.0639432828156587,0.4
11.618578910827637,0.1113767601316278,0.001548224418299497,0.061781507922977305,0.09822495745526115,0.4
11.6287682056427,-0.09305586651536402,-0.21849422826896936,0.10788518687475873,0.16099625504335563,0.4
11.639087915420532,0.6836991258249335,-0.0037759452508697826,0.11318063340333527,0.07994646527495802,0.4
11.649306535720825,-0.11011599644697842,-0.0037759452508697826,0.11318063340333527,0.07994646527495802,0.4
11.659502983093262,0.3390235843113546,-0.001597387369287403,0.0584017628070178,0.11002054983757269,0.4
11.669667720794678,0.1178278776565125,-0.23110744643818404,0.0447191381040762,0.12301512831580334,0.4
11.679836988449097,0.17731191530732668,0.2380029072820555,0.11954443521057236,0.15753133451113233,0.4
11.690128087997437,-0.13849004134534595,0.07929679475024139,0.14270873877733525,0.09608487283783682,0.398
11.700288534164429,0.06308385319917073,0.07929732664440303,0.15110570247718388,0.09136322888954868,0.398
11.710458755493164,0.183797157448232,0.04140587082190619,0.20424595782582194,0.10524826283311922,0.398
11.720667600631714,0.6312840196274789,-0.18006877625770423,0.1958507119524039,0.059746592543046796,0.398
11.730845212936401,0.0003999626330388501,0.037710779580839245,0.13721502177294553,0.06890649303753002,0.398
11.741212844848633,0.17076243264273558,-0.014076100693051109,0.18589918899653046,0.08460730970425076,0.399
11.751375436782837,0.13242839473140813,-0.017434327449447583,0.1385802941073284,0.07363590952555289,0.399
11.761539697647095,-0.08602690989251247,0.04286075585213934,0.15022413979823965,0.09537257325510122,0.399
