time,meas_r_x,meas_r_y,meas_v_x_dot,meas_v_y_dot,state_z
0.0,-0.3508329325915259,0.06723194080998457,0.10212591613342636,0.35405860266618666,0.398
0.010204792022705078,-0.11112619620531562,0.23628402290236092,0.05198610189537173,0.3286191881159764,0.396
0.020424842834472656,-0.47090315988551,0.08677268166791735,0.11339119424387684,0.2942031308758151,0.396
0.030700206756591797,3.0690654283564673,-1.504056733034755,0.16531452676640562,0.2731394905384651,0.396
0.040932416915893555,0.05523810403045448,0.055260726247324976,0.09730395463054074,0.24996613027237627,0.396
0.05112099647521973,0.2826408673969903,0.03729000228433723,0.06887714611227852,0.22004565069024787,0.398
0.061322927474975586,0.9515490073858003,-0.3427832978600981,0.013447794534534499,0.2120708544098413,0.398
0.07154512405395508,0.5392487691500394,-0.3025619280193673,0.05022159354975566,0.2602809496275169,0.398
0.08175158500671387,-2.4713454339076617,2.5067080769572416,0.05022159354975566,0.2602809496275169,0.398
0.09194564819335938,0.36347582890236796,-0.15271370579289406,-0.09455360260899848,0.18159318507885244,0.398
0.10214090347290039,-2.8516093952312698,3.866166322611459,-0.09455360260899848,0.18159318507885244,0.398
0.11232233047485352,0.30441891870316257,0.05957374433353453,-0.12650522336620373,0.36531170224674814,0.4
0.12250375747680664,0.373539262367293,0.1566975762098638,-0.11392736243647254,0.27754614697331065,0.4
0.13271450996398926,-3.252044858649117,2.0354430867038036,-0.24594678590316144,0.23581959133129934,0.4
0.14291930198669434,0.33368634206110037,0.2542974343461306,-0.30258630021678656,0.2904844953071941,0.394
0.15310311317443848,0.49633663907424647,0.33795863020851713,-0.2945642413810431,0.2951348486419845,0.394
0.16326618194580078,0.816892204621807,0.2887072103462871,-0.25339526741601676,0.22982174055507246,0.394
0.17345452308654785,-4.605331243813792,2.0808344174762716,-0.4138823211307931,0.0937955678724321,0.394
0.18362116813659668,0.9925562345239802,0.24505661154368438,-0.4141795694728413,0.18744268676670545,0.394
0.1938316822052002,0.6302033732807532,0.24609957779975977,-0.3827132979199397,0.16234345621622248,0.394
0.20400142669677734,0.17251306933779295,0.6319066122364597,-0.35602134038015065,0.10217435808917963,0.4
0.21416664123535156,0.18740729562561925,0.657845384269482,-0.47065046057791315,0.05849640318350163,0.4
0.2243497371673584,0.14925944560769225,0.21563908385650105,-0.46103699853789953,0.04878702182427855,0.4
0.23452043533325195,-1.1930908331844692,1.1508205413361134,-0.4483824834194819,0.019115590784010653,0.4
0.24473118782043457,-2.421708413751444,1.5600112620703286,-0.4877511495498481,-0.039024876142957826,0.402
0.25490379333496094,0.039007899062192215,0.12675789190515344,-0.5595477786516091,0.012526820074657248,0.402
0.2650792598724365,0.2099641408432708,0.5942117567764036,-0.4935574248499798,0.10936945657644732,0.402
0.2752501964569092,0.4991574910024062,0.4350679487076906,-0.4722399917964295,0.03312350073424673,0.402
0.2854769229888916,0.9617467411941651,0.5883534943357995,-0.44042714408205635,-0.07608202357006313,0.402
0.2957923412322998,0.2932728174185826,0.3868915259655389,-0.635820128191591,-0.08052229428586023,0.402
0.3059651851654053,0.23115189366042005,0.17816302401916012,-0.5667964755489441,-0.041069732710796676,0.403
0.31613612174987793,0.10519340040036801,0.29169156938083957,-0.6676519103144242,-0.14051740899595874,0.403
0.3263416290283203,-0.32218441269990855,0.14842657236729087,-0.764445103393371,-0.08372990386284868,0.403
0.33654332160949707,0.027878108165345347,0.4670374821834981,-0.7645190544199494,-0.09043208577806176,0.403
0.3467738628387451,-0.6019962759971851,0.6657455731473787,-0.7108170716014645,-0.17878906446409149,0.4
0.3569679260253906,-0.024914743060822135,0.2632170529938888,-0.7014168304660322,-0.22388347965984728,0.4
0.3671717643737793,-0.24852732197362107,0.8304751992583612,-0.6833915204881529,-0.15373017011771414,0.4
0.3773682117462158,-0.1367215507095245,0.46970711674221227,-0.6516691500142803,-0.1229074290287479,0.4
0.38759350776672363,-0.32452521987405103,0.05854163217797148,-0.6598237367795858,-0.2264196254890542,0.4
0.3977811336517334,-0.019273773752723836,0.06762878261959561,-0.7294410856839428,-0.18086915138729856,0.4
0.40796566009521484,2.6518133051236905,-0.5348735009745207,-0.7023162886652301,-0.15658722342434667,0.401
0.41814279556274414,-0.6565964677270698,0.46362334626105545,-0.734168085022125,-0.2168578548314217,0.401
0.4283111095428467,-1.1275915835748367,0.4631890632896825,-0.7215646868380404,-0.21730199902148692,0.401
0.43860578536987305,3.0270317042310606,-0.6253605391570745,-0.6448497247048872,-0.16580448718800725,0.401
0.448777437210083,-0.9965549011859028,0.7782151517744141,-0.5552850015259985,-0.14521779740916768,0.404
0.45894503593444824,3.6473715284401322,-4.064868764293174,-0.5569387601067711,-0.17487650689012812,0.404
0.46912693977355957,-0.1892729092808563,0.22749876815834977,-0.6904726653657638,-0.20639882933405138,0.404
0.4792945384979248,2.7255068166781933,-1.11026807939181,-0.741986089752345,-0.20175283392947146,0.404
0.4895052909851074,-0.40782611163629007,0.32124446350374436,-0.5733252556628983,-0.19382856119109204,0.404
0.49968647956848145,2.686149942369015,-1.3466304600956402,-0.6166001460415149,-0.2344780000305442,0.404
0.509892463684082,-0.2960389863022869,0.02531258713734714,-0.5749702090074548,-0.2077136559376774,0.397
0.5200555324554443,2.266980818323646,-0.9626753031067522,-0.5851424720012305,-0.1377423418372199,0.397
0.5302155017852783,-0.5295307891698289,-0.1653180772236591,-0.48553410713644923,-0.10778209628872354,0.397
0.5404014587402344,2.27368793264654,-0.9867478931351092,-0.5176675515588084,-0.1370583050527254,0.397
0.5506699085235596,-0.5896143564987771,0.41331906247119604,-0.4417894859989355,-0.03692475863713468,0.401
0.5608651638031006,2.1831860581790865,-0.8272937894386142,-0.37319264713563977,-0.039320209469355966,0.401
0.5710692405700684,2.381273251036585,-1.830657243394352,-0.32223520292964414,-0.014994383132438172,0.401
0.5812623500823975,2.3344464928105784,-0.9626710703010978,-0.47051610315237935,-0.10855695838677672,0.401
0.5916159152984619,2.0245921833960385,-0.5262159550585094,-0.39432586042973905,-0.09427254432181398,0.401
0.6018249988555908,2.82048042119878,-1.8353272364289372,-0.22750912667559683,-0.034931790687762594,0.398
0.612006664276123,2.207378257224723,-0.9504476143534719,-0.16240719913940624,-0.014657950252899211,0.398
0.6221866607666016,-0.9015091041883283,0.4433981352440047,-0.30451749737056,-0.13301522390823473,0.398
0.6323697566986084,1.9141473163560707,-0.381270920744795,-0.19285786112907938,-0.0752592840007689,0.398
0.6426427364349365,2.7087371349925493,-1.8242808169251776,-0.20062817058608445,0.023846604643295605,0.4
0.652820348739624,2.3912032296694488,-1.4126976431983969,-0.018379468037705987,0.10409414386921437,0.4
0.6630043983459473,-0.3936938468707592,0.39326151615331767,-0.022568439493137214,0.05009301344900763,0.4
0.6731765270233154,-0.4147519893942399,0.4160325384023512,0.03815407796736818,0.06676211705972805,0.4
0.6833481788635254,2.378576685619801,-1.7362284285326703,0.02626641734903433,0.0334847047159472,0.4
0.6936824321746826,2.290201627167048,-0.9534843198155666,0.11592514670430173,0.12032714979794298,0.4
0.7038576602935791,-0.5279210868826767,-0.13659144580916477,0.11667352684935825,0.18364719251224726,0.402
0.7140178680419922,0.7902810968968085,-0.3818049268355917,0.22230817320200613,0.11840247057470779,0.402
0.7241828441619873,0.7845668076686665,0.17499081037003722,0.1834756514271144,0.09188185029422562,0.402
0.734344482421875,1.8570513064355962,-1.3919184738524109,0.20521965581452875,0.14282467066376978,0.402
0.7445399761199951,-0.3347635264646498,0.46333285884737707,0.26711700955800766,0.19835511081704466,0.399
0.7547156810760498,1.9612257599942025,-1.319536642390085,0.4069971167332261,0.23403662599176303,0.399
0.7648744583129883,-0.2914617709071169,0.5062820089686201,0.3914469764373753,0.1972279135695681,0.399
0.7751879692077637,2.2510372603206132,-1.4592116467177751,0.35813832059989137,0.2615918196047506,0.399
0.785381555557251,-0.7521403423473235,0.503430990894354,0.37406776456522733,0.21845244405599523,0.399
0.7956759929656982,2.638029861245664,-1.493501099661863,0.5064195712165342,0.20418376793247295,0.399
0.8058629035949707,-0.2764075519874013,0.12017462143342221,0.4682212343358079,0.2778858708567457,0.405
0.8160300254821777,-0.38045693341412606,0.3804454354694712,0.4473739435993323,0.3179940038860464,0.405
0.8262169361114502,1.763682159804407,-1.0617472926494316,0.615458837249314,0.326143898160534,0.405
0.8364672660827637,-0.11433901242993363,-0.040294208406008045,0.5745316844764672,0.266557418261374,0.405
0.8466975688934326,-0.057816899289679015,0.7896130587899793,0.4952214770056971,0.2924457221529826,0.407
0.8568809032440186,0.10442533115170682,0.0011847519780887885,0.5312458102348188,0.278595442312198,0.407
0.8670568466186523,-0.3361168752974296,0.12685807314447053,0.60950490908524,0.29245469899594145,0.407
0.8772270679473877,0.10460339098952144,0.19516656768192256,0.5734515658697944,0.1930037191710655,0.407
0.8874883651733398,0.09649509881707147,-0.024310434598156478,0.5506168256449727,0.29177950040450423,0.407
0.8977260589599609,0.18455509233409814,0.0683598714461683,0.5875420151125861,0.3759748525276757,0.407
0.9079022407531738,0.08903890197224613,0.06894930932250834,0.5747990295054929,0.2751885908528183,0.4
0.9180645942687988,0.1562317509225877,0.14454978661707515,0.5160844463283927,0.23281824651378652,0.4
0.9282238483428955,0.2516767601499854,0.5286109465504739,0.4504987346631767,0.22940729696135598,0.4
0.9383831024169922,0.20536242624671647,0.1255921876007186,0.5532119443767247,0.26222846753890344,0.4
0.9485547542572021,0.3878299488570178,0.6675556783890562,0.49773747714669475,0.17564250233518208,0.401
0.958759069442749,0.6350091160907779,0.2482494950977238,0.40867224698027194,0.19889216281585953,0.401
0.9689376354217529,0.21826823949944543,-0.009030710677132157,0.4132928498945073,0.25513895204644593,0.401
0.9791080951690674,0.18515483713822015,0.09381336207318362,0.5267494244020517,0.26033401041191445,0.401
0.989274263381958,0.08432355497119522,0.18812868646703895,0.40725776673047615,0.1866246764225078,0.401
0.9995410442352295,0.23899935094834726,0.1909512908598603,0.37847649058936683,0.17184729504745502,0.401
1.0098156929016113,0.23899935094834726,0.1909512908598603,0.37847649058936683,0.17184729504745502,0.401
1.0200424194335938,0.42959629650241776,-0.4084605653273063,0.4434914400077777,0.10084419201788106,0.402
1.0302677154541016,-0.23065138906453767,0.12001993991277694,0.3533100756402079,0.09309561808597776,0.402
1.0404996871948242,0.050267057457169466,0.5180685125593241,0.41270530801951094,0.15822064807425723,0.402
1.0506811141967773,0.23076074899100926,0.08026695663871497,0.36871654342160004,0.1274115881557601,0.399
1.0608441829681396,1.0617541746787587,0.5222189326335906,0.3476267640880603,0.15891798974221477,0.399
1.0710058212280273,0.4565902697027162,0.32047817028856684,0.27675502015439024,0.14117331953022505,0.399
1.081200122833252,-2.0094926006469525,1.5284987011654698,0.36299623615246596,0.10094681608884663,0.399
1.0914127826690674,0.3137485085579138,-0.05385207797639989,0.2553543743410183,0.02831203392485345,0.399
1.101611614227295,0.6393650616478314,-0.6410684306311932,0.29098580155823944,0.12717927177205157,0.399
1.1117761135101318,-3.2152325160294155,1.5634729248033425,0.22399928293487256,0.0070573169963964,0.4
1.1219346523284912,0.5947114086013681,-0.08084574573059541,0.2944080543616935,-0.03733488467398141,0.4
1.1320784091949463,0.6522471686382767,-0.03798673333866016,0.28511730124897827,-0.07211518990731434,0.4
1.1422247886657715,0.4154484325802927,-0.11374656632344328,0.1897386698684462,-0.12028903361072865,0.396
1.1523840427398682,0.4852788910307021,-0.10544051971541896,0.09858265235061452,-0.04891218076637382,0.396
1.162569284439087,0.4547972011499798,0.33098068466148683,0.11908887451134258,0.10323124212397083,0.396
1.172724723815918,0.4505961325181043,0.32067477398238936,-0.001832671553535975,0.0869279814859387,0.396
1.1828758716583252,0.5507833864459243,-0.015472341290303093,0.02707084602055974,0.11547722889064266,0.396
1.1930251121520996,-2.090326154241355,1.407446563207844,0.04359151172861718,-0.0014936326573102704,0.396
1.2031910419464111,-0.8132374798344574,0.7775622420070106,-0.029424715374799928,-0.09164463413088969,0.399
1.2133431434631348,-1.3878882038066347,0.3316165822180429,-0.05830551621484141,-0.10214056193365317,0.399
1.2236285209655762,0.1547636654557596,0.12844804400980758,-0.11675241022455897,-0.10025092907777451,0.399
1.2337875366210938,-0.8964150532961911,1.3119553634078052,-0.1793944120723169,-0.14158159812633214,0.399
1.2439429759979248,-1.1424353001297212,0.4595759868514765,-0.1018822255844126,-0.12717452607867258,0.398
1.2540998458862305,0.6030435753224065,-0.14710535176015574,-0.22241206479283845,-0.11867055893397288,0.398
1.2642567157745361,-2.5397861428717676,0.928172544671058,-0.19299906130498853,-0.07608427375824814,0.398
1.274411916732788,1.0590084611489374,0.14267878124001954,-0.28571630392264347,-0.06560161997502811,0.398
1.2846779823303223,-3.0624594309663196,0.7518856022069104,-0.330693665500031,-0.16148813674691537,0.398
1.2948405742645264,0.6836574627350446,-0.03724457826451801,-0.4350693888148919,-0.1461910407677523,0.398
1.305009126663208,-2.9601372693818813,1.5621105966961117,-0.4223467074372797,-0.20858095104243013,0.398
1.31516432762146,0.7519079366183933,-0.11615991927098727,-0.4752553160211079,-0.28662316945688926,0.398
1.3253202438354492,-0.5546800741043719,0.8659385686327493,-0.4594697053305484,-0.22253448737380513,0.398
1.3355157375335693,-0.9129149417394575,0.21863053679522557,-0.579101434091182,-0.21181458762846408,0.398
1.3457093238830566,0.8308633367659225,-0.17096451327366816,-0.5485900117038036,-0.22040395808379842,0.397
1.3559038639068604,0.35179285497786755,-0.15191491477624092,-0.6497800332463437,-0.20861731037488712,0.397
1.3661088943481445,-2.683580122279556,1.052521136090111,-0.7542060298139399,-0.1474169605215937,0.397
1.3762986660003662,0.35234196553725156,0.036833629417889056,-0.7081030796747712,-0.17989891668197777,0.397
1.386613130569458,0.8575548978952997,0.016412178873205823,-0.8328437105856022,-0.1648340585826636,0.397
1.396791934967041,-1.402363142511235,0.8589022505846725,-0.8668036450991523,-0.15191675866291565,0.397
1.4069712162017822,-1.3777155136114545,0.20756910249283886,-0.8251749635220755,-0.21862273249624375,0.399
1.4171457290649414,0.12248650647886965,0.019668971115401668,-0.8093736661759973,-0.24694478191544664,0.399
1.4273104667663574,0.20930049776911586,0.18998732218556796,-0.90430959316817,-0.27419674812090544,0.399
1.4375171661376953,0.3037597455454159,0.0009701839550302653,-0.840886195295731,-0.2871914145147723,0.399
1.447692632675171,0.1771555212497916,0.22740743495053836,-0.8822340271746708,-0.2851124227121992,0.399
1.4578545093536377,0.07124104215359578,0.2232986687609452,-0.8996843895316969,-0.23786505236499558,0.399
1.4680132865905762,-0.006838293158904927,0.3317765618152773,-0.9333118995787877,-0.24113425420776252,0.399
1.4781670570373535,-0.02889861295387904,-0.012446359939726138,-0.9535217575488135,-0.24229620821341002,0.399
1.4883272647857666,0.37413205353445644,-0.0011121470751892207,-0.8990520444451915,-0.23705837623086598,0.399
1.4985826015472412,-0.042209966957783576,-0.03478337384021046,-0.9698108913301593,-0.23674848544966048,0.399
1.5087509155273438,-0.042209966957783576,-0.03478337384021046,-0.9698108913301593,-0.23674848544966048,0.399
1.5189144611358643,-0.042209966957783576,-0.03478337384021046,-0.9698108913301593,-0.23674848544966048,0.399
1.5290791988372803,-0.042209966957783576,-0.03478337384021046,-0.9698108913301593,-0.23674848544966048,0.399
1.5392377376556396,-0.052946369255847406,-0.06382603629218828,-0.9610436617997308,-0.23393485721489218,0.398
1.5494976043701172,-0.3400066019430982,-0.09187565459680729,-0.9276522223111457,-0.2412920557607156,0.398
1.5597848892211914,-0.24838771844156007,-0.07450232683439703,-0.8691018668515843,-0.28522673756863515,0.398
1.569972038269043,2.5394452504263354,-0.26209790503135344,-0.876653420907634,-0.2203328895732847,0.398
1.5801587104797363,-0.670502635745171,-0.06780491961333067,-0.9268416837796655,-0.11305841910325318,0.398
1.5903573036193848,2.6936943870549186,-0.5721047367015502,-0.8612097447336483,-0.20802833429635628,0.398
1.6007137298583984,1.3651454747616054,-0.18758119131636525,-0.8709742419712383,-0.19425421495787482,0.398
1.6109333038330078,0.44104881355821624,-0.31234602294360575,-0.8391797838601507,-0.1403937621825641,0.398
1.62113356590271,2.55287201537635,-0.2943233544850178,-0.7759830114776889,-0.158438233936774,0.398
1.631317138671875,-1.0666594906644797,-0.16993358628112862,-0.6802881164236089,-0.19649874103967865,0.398
1.641733169555664,2.8310878879113437,-0.603294389870919,-0.7058588592473845,-0.11275827654606929,0.398
1.6519496440887451,2.662040766461758,-0.14204551597960352,-0.7108106156901618,-0.009182358942565194,0.398
1.6621294021606445,-1.360489381282769,-0.36736134760868816,-0.7695172615681465,-0.07911086760667187,0.398
1.672299861907959,-1.408745880495214,-0.38451631702756817,-0.5961231024976221,-0.04332690286538321,0.398
1.6825146675109863,2.620458666445569,-0.17455344136270473,-0.5826232016290317,-0.08688934796654998,0.398
1.6927025318145752,2.0011028370851744,-0.5895278328604876,-0.5436143586583553,-0.06955656934732186,0.398
1.7028751373291016,-1.4337138081356153,-0.7901549361693239,-0.5143524329743693,-0.12956783985647724,0.398
1.7130460739135742,1.8016157845380931,-0.36914947987204977,-0.34887671492952727,-0.12215035464547386,0.398
1.7232136726379395,2.960915119381093,0.46514054504485464,-0.3522387904664817,0.0853136823573311,0.398
1.7333779335021973,1.949835541028483,-0.3843226354023664,-0.21706991942036535,0.060551511776374745,0.398
1.7436163425445557,-0.998026480475678,-0.18333296845536706,-0.2924728172756375,0.05809430992772564,0.397
1.7537925243377686,1.3610702005343684,-0.9418419311636429,-0.1507281577583584,0.161563441201883,0.397
1.76395845413208,3.1176211204525934,0.2715042191128332,-0.13255529796568194,0.07536238326525214,0.397
1.774127721786499,2.1254455550964813,-0.16102823548752537,-0.0767141853513473,0.06434018911975734,0.397
1.7843151092529297,-1.054629658953864,-0.36616308181740836,-0.05513227239694364,0.07696916669734524,0.397
1.7945263385772705,3.3508401468148556,-0.07893237992524779,0.15088234661162914,0.054827615910008315,0.397
1.8047475814819336,1.9430632959176601,0.07934376614455536,0.14621915248529999,0.13794065007352063,0.403
1.8149199485778809,-1.1704529973725002,-0.31075307515308487,0.1906631543614633,0.24830965373785358,0.403
1.8251004219055176,2.1269526202194604,-0.07954059424789328,0.15018836206202674,0.19862396127690152,0.403
1.8352696895599365,2.104515738186186,0.38953701168417104,0.19415468951475198,0.23198510177921444,0.403
1.8456768989562988,2.2025183229074914,0.39252917708832713,0.2542706879045131,0.26716992104481374,0.402
1.8561394214630127,-0.6638027217528548,-0.23334200700045077,0.22893428782012284,0.18796252885702733,0.402
1.866326093673706,2.158701100008164,0.1874589470710631,0.3394261184331333,0.1882026091568292,0.402
1.8765428066253662,-0.5836663810265987,-0.05533542320489505,0.40788314714199664,0.1618518795696414,0.402
1.8867385387420654,1.4956418788803774,0.17267266114615767,0.43370407389506904,0.17429021570330955,0.402
1.896906852722168,0.07646919370492965,-0.41235775241457684,0.3895529534792952,0.27007587956667845,0.402
1.9070775508880615,-0.18735528836942839,-0.3788278395238528,0.5205634703512129,0.2402175786175533,0.406
1.9172301292419434,1.1351878186689857,0.19480293626113798,0.5222412175646324,0.21818636422085874,0.406
1.9273898601531982,-0.37946142214400086,-0.218873077894156,0.6307753674855208,0.287250095723698,0.406
1.9376139640808105,-0.015957111387368314,-0.3627406442527188,0.6083857215537432,0.29233336581241637,0.406
1.9477736949920654,1.8114932230110192,0.5884217840292739,0.5334907274115422,0.16919366214235831,0.407
1.9579694271087646,0.4053578238361074,0.006844346931486651,0.6041403882891323,0.21118497100959632,0.407
1.968132495880127,0.0006805245505665591,-0.39548144187246276,0.6360139775404782,0.22144453203471107,0.407
1.978285551071167,0.4063997165040034,-0.2151429411553868,0.6140620410471436,0.33688552990811615,0.407
1.988452434539795,0.10010666599390282,-0.21775067592383207,0.5612367295216321,0.32925097458001207,0.407
1.998779296875,0.3470001567753059,0.0380329220813247,0.513441147573756,0.24435002150797586,0.407
2.0090107917785645,0.7776011163364162,0.04191373407601922,0.5682004157589345,0.2317783837089557,0.407
2.0192177295684814,0.17310217783205742,0.20587781446918235,0.5674090984293376,0.28758972944215955,0.407
2.029418468475342,0.2726590041935245,0.037862141415885335,0.49092516047618245,0.28248937396140894,0.407
2.0396666526794434,0.4794952483089048,-0.002086406149881592,0.45933770035035026,0.23979429286422377,0.407
2.049856424331665,0.25286256006640234,-0.1779756103227631,0.45215389493034663,0.23525334539369758,0.406
2.0600202083587646,0.2720714919128457,0.03434098827606807,0.4654210214909258,0.29407752204891024,0.406
2.0701940059661865,-0.11104245353833954,-0.17958312481088912,0.35026431733756774,0.283630563112907,0.406
2.080352783203125,-0.40226092420352305,-0.3023354755844471,0.27858250643132787,0.2779871118750186,0.406
2.090750217437744,0.053751001261814604,0.08714357957582486,0.3947148104354397,0.20156608890740585,0.406
2.100954532623291,0.24277478866102578,0.010522393765218335,0.41376110616146794,0.31870902825965225,0.406
2.1111528873443604,0.25472924779772965,-0.004763296732525952,0.3029109489559986,0.284593906047737,0.407
2.121325969696045,0.4111874618661383,0.010147195613894261,0.24065531848104618,0.24419742775643097,0.407
2.1315579414367676,0.7229973456058839,0.4426223542357785,0.23182384294175867,0.2693124875042505,0.407
2.141741991043091,-1.2647146757369028,-0.5552657923002503,0.30723345344971753,0.30479396738828163,0.402
2.151906728744507,0.3254278379385529,0.4371775230242458,0.2723141099234409,0.23823198520072733,0.402
2.1620798110961914,0.3390170430388764,0.43458736267658127,0.2638913692984034,0.3119180436606534,0.402
2.172243118286133,-0.5394282470613854,-0.5370468279289872,0.14692397336224755,0.3331599626562951,0.402
2.182403802871704,-0.08321658936084633,0.045281467666258755,0.08811485827719294,0.2590603361175216,0.402
2.192639112472534,0.36489048975716837,0.011781735702781775,0.09609701268790119,0.2541966205865229,0.402
2.202807664871216,-0.20162030968742156,0.3015787244165079,0.23390262203910123,0.16942406959477443,0.399
2.2129764556884766,0.4955460895013856,0.238932572548751,0.11191452879001623,0.1445556319751052,0.399
2.223140001296997,-1.3398048379014886,-0.7534128969064832,0.12823354879183096,0.23561691616253522,0.399
2.23330020904541,0.2574564248328758,-0.041773515381109794,0.10932461463337224,0.24859977090496144,0.399
2.243460178375244,0.12041948290235005,-0.009032847837731652,0.0951018448940634,0.18248207284449142,0.401
2.253706455230713,-0.4432857747566664,-0.15926873350505516,-0.0008471801575900672,0.17501879226852252,0.401
2.2638673782348633,0.1504886265487419,0.25437513777384413,0.04248583076096693,0.2285369252304883,0.401
2.274031639099121,0.18098730423777964,0.0052698103852623765,-0.03509216447486928,0.15685542578836342,0.401
2.284188985824585,0.1337050329205924,0.06410449074542734,-0.0014382263050139801,0.12146672353750887,0.401
2.294349431991577,-0.2212776031304906,0.03118493513359713,-0.09329885547133603,0.11613034114128716,0.401
2.3046131134033203,-0.5005496587584936,0.08762812817927727,-0.03543388328215637,0.18259253257488373,0.398
2.314785957336426,0.058953422291766804,0.07613098442738685,-0.09545850785221824,0.1977302746948126,0.398
2.3249409198760986,0.2759769995273231,0.04848685045313831,-0.23475025952452444,0.25043973402291886,0.398
2.3350954055786133,-0.4030894951152808,0.03686293794075649,-0.2621140996573903,0.249707832016116,0.398
2.3452553749084473,-0.12739503934801974,-0.1455633284084254,-0.2765426808024983,0.16406114861040882,0.398
2.355470895767212,0.20475523987693578,0.044445278052147555,-0.3510952258062377,0.1264860751723582,0.398
2.365785837173462,0.22946525694785586,0.2278256093027271,-0.43595021246380206,0.14450676862198572,0.398
2.3759751319885254,0.0112657900657147,0.00016260786310545405,-0.3829083057336751,0.19719329020764792,0.398
2.386155128479004,0.16178077546809286,-0.04369654823628731,-0.4134489288630401,0.1717362639548292,0.398
2.396332263946533,0.17046240794278736,0.0051155276618318505,-0.4165688382766714,0.13516520438390126,0.398
2.4065747261047363,0.022684409955647727,0.05508269635466995,-0.3665635010061623,0.21000781772282795,0.399
2.4167487621307373,-0.0874833939539864,0.015505006942097017,-0.387533102066514,0.18536768983801052,0.399
2.426909923553467,0.003955244087463793,-0.028755894545083777,-0.45780039430776276,0.1329495446213852,0.399
2.437081813812256,-0.09592895566468483,-0.013650529918627358,-0.4580346946149263,0.18924284873943284,0.399
2.447237253189087,0.0501261070347262,-0.024785688566236416,-0.38836753469970337,0.1921109542793809,0.399
2.457396984100342,0.1749134234072442,-0.037443464723331016,-0.3598441258058165,0.12117497757827528,0.399
2.4676218032836914,0.17156940813220803,0.027016347284430486,-0.4662167672932401,0.12710789671463585,0.399
2.4777796268463135,0.2622775628690981,0.05713024479478051,-0.4525000293956929,0.1542376386148479,0.399
2.4879348278045654,0.005346387521661166,0.22980873654544423,-0.3856548996391208,0.18320825350575917,0.399
2.498100757598877,0.05094842555914642,0.18676185422413463,-0.3613560895479535,0.07817888810222123,0.399
2.508265733718872,0.047997631853744754,0.015256179664486773,-0.4540660797623966,0.0791612564512184,0.397
2.5184295177459717,-0.5963746658583065,0.43245036862171615,-0.42682289647249566,0.10457763691467743,0.397
2.5287458896636963,0.1997286315487853,-0.007266798253276964,-0.39971407927640207,0.16329106814619576,0.397
2.539029121398926,0.42194136174525154,-0.22122552253673192,-0.3561677773308918,0.1570027519029213,0.397
2.549347400665283,-0.09226451019000059,0.14776357384086958,-0.462213551655827,0.15633391597093918,0.401
2.559586524963379,0.07896649273985207,-0.606830257797845,-0.5430502012179259,0.1659872551972087,0.401
2.569783926010132,-0.06509957422661872,-0.41703651034614914,-0.5082080615835255,0.12339553531996192,0.401
2.5799612998962402,-0.08642973062364821,1.437906573149278,-0.37007534212960186,0.16978473188699034,0.401
2.5901405811309814,0.2098969657173614,-1.5446748555425092,-0.4085126245353634,0.054139090845866066,0.401
2.6003425121307373,0.9817752231789375,1.1946183618457624,-0.46544120050946447,0.03047694764603877,0.401
2.610621929168701,-0.6170346833683286,-0.0019988391384132566,-0.32736107464959024,0.189240578287236,0.402
2.620830535888672,-0.24174569335421525,0.19432278611932996,-0.32718633112220835,0.21804291145867258,0.402
2.631016254425049,0.31804772024411665,-0.008766264156868191,-0.35686321092051787,0.09179479190603376,0.402
2.641197443008423,0.21049999053318177,0.060767479626343615,-0.3550330590462038,0.0432577749887843,0.402
2.651374101638794,-0.0854417032408567,0.12589109984891553,-0.3855337084362313,0.055503321960350564,0.404
2.6617422103881836,0.29503137595803514,0.027689035601694837,-0.340441689370017,0.10729465597372398,0.404
2.671966314315796,0.09907322633621743,0.5493892334544167,-0.3692924330993105,0.09594963061270217,0.404
2.68213152885437,-0.0014877747880459567,-0.06512437832531877,-0.30601021223331026,0.10247358988979245,0.404
2.6922943592071533,-0.021085023542044955,-0.10777376661590463,-0.2723031491064248,0.09043786572752446,0.404
2.702460527420044,0.0011420934730934408,-0.10507564427492848,-0.388301316976389,0.07326974480337249,0.4
2.7126851081848145,4.015092094645656,-3.850354168110203,-0.39055134323431073,0.05490341771178063,0.4
2.722848653793335,0.007840672197689722,-0.06939451087686697,-0.4037626672767489,0.09388017186172368,0.4
2.7330095767974854,0.5535471912326103,-0.29139772562691485,-0.3500955795447289,0.09831638909987427,0.4
2.7431728839874268,0.05171097071734486,-0.11673548433406217,-0.2861951348197946,0.08353775823074715,0.4
2.7533369064331055,0.33186013311565743,-0.6107834292805104,-0.313804247626796,0.07376648085127215,0.4
2.763580322265625,0.3387610379022349,-0.21325484164198513,-0.38574036261725636,0.006386384687059682,0.4
2.7740955352783203,0.3171102070860982,-0.5778678779902396,-0.3797843556440089,0.08547788863694844,0.4
2.7842917442321777,0.148141300377419,-0.16678151836605273,-0.3800285527145171,0.1293594719326775,0.4
2.7945945262908936,0.614558134983981,-0.5773742959904172,-0.31133629173827276,0.15520450688598514,0.4
2.8048269748687744,-0.11148017084771686,-0.13051003814612175,-0.2618871718534723,0.20867901652329268,0.398
2.8150055408477783,0.44962870479329636,-0.2708798250337047,-0.1751359729904219,0.2878805766470257,0.398
2.82517409324646,0.020763977966685887,-0.30204025133414075,-0.17654276503302213,0.19442026382019056,0.398
2.835343599319458,0.7890625085116556,-0.04381752733567059,-0.142156591451996,0.25544808551526543,0.398
2.845569133758545,0.354612167665445,0.007916438923102705,-0.17037260579042324,0.22996155365402016,0.397
2.855823278427124,0.598550280651092,-0.25005112831495724,-0.14560286490588722,0.21660602982356172,0.397
2.8660292625427246,0.15077503911579299,-0.08147536114613563,-0.13124550510933064,0.22792179304315643,0.397
2.876209020614624,0.0060452407159763966,-0.09128992160504856,-0.11771490233665109,0.27582787619728566,0.397
2.886381149291992,0.7366028355850143,-0.005228434992212463,-0.20685736366432256,0.2578501728192727,0.397
2.8965539932250977,0.18224813376634835,-0.031646948623802455,-0.24620151430006837,0.3009188580810231,0.397
2.9067633152008057,0.6107475555078368,0.039612996242778906,-0.164706004637621,0.27515583962548856,0.399
2.9169368743896484,0.3563560896686863,0.05799517634570667,-0.1266956649159997,0.23844912322336267,0.399
2.9271087646484375,0.3683840872406605,-0.046619977508727324,-0.13418246814016846,0.24419502772094948,0.399
2.9372775554656982,0.3774021202040897,0.02270053520240741,-0.058829767054855694,0.2816194876445933,0.399
2.947453260421753,0.6463490233085918,0.004573186935685731,-0.009454799116987343,0.25167373166924056,0.399
2.9576985836029053,0.19316340370862575,0.03892889490150648,-0.01382045248033845,0.2895095032808217,0.399
2.9678893089294434,0.8240988741916951,0.2691565437631519,-0.07353075968697503,0.1495705215535253,0.399
2.978062629699707,0.4024022414246963,-0.010449535321674273,-0.1207331617538343,0.1578631376935824,0.399
2.9882307052612305,0.3299060534832738,0.04713997505972013,-0.13205535266324886,0.1922679544240633,0.399
2.9984047412872314,0.0103918788943233,0.07112714179872609,-0.17140006028178767,0.26291570989270646,0.399
3.0086119174957275,0.2589631050251718,0.2992670769993217,-0.057116329811383024,0.26792004159690924,0.399
3.0188684463500977,0.3484282428838176,0.3174502535867285,-0.004109987608014973,0.22940855153338066,0.399
3.0290467739105225,0.5872520692968657,0.2936622818341469,-0.009951616085416372,0.17810580816803684,0.399
3.039216995239258,0.30614780256794183,0.028197514845734795,-0.10435321786472697,0.15160416767740675,0.399
3.049382209777832,0.7716455785966984,0.05625276828674041,-0.08032099839240245,0.20716169450940558,0.396
3.059798002243042,0.24020318827186568,0.10253340710274321,-0.0700150269690713,0.1861163961202787,0.396
3.0700979232788086,0.33095721622085905,0.5272936970307935,0.044428361384388264,0.1700273954573797,0.396
3.0802693367004395,0.446661256126946,0.26027641559699266,0.05321888695882383,0.18063590155747888,0.396
3.090445041656494,0.4280803953358232,0.2970205998842446,0.008518026948176908,0.19936923196440737,0.396
3.1007115840911865,0.4890525935238029,0.09007954122194262,-0.12970912405805224,0.1407609914893709,0.396
3.1108858585357666,0.5134449889526543,0.5169141659499071,-0.07435982718393014,0.18090611056180933,0.401
3.1210744380950928,0.45784510920058025,0.032795570709437574,0.03097428824939554,0.17586680267838084,0.401
3.131244659423828,0.4068784791272773,0.28956239139140005,-0.02902405231101724,0.11851918435323483,0.401
3.1414287090301514,0.39969336953441675,0.1464239175659866,-0.12055489555844913,0.16289120288047781,0.401
3.1516475677490234,0.6088359934160158,0.22213578964816325,-0.14117581361052714,0.14174242366887632,0.398
3.1618216037750244,0.30547495047981493,0.40965611663202706,-0.07015646932688126,0.17016180926308336,0.398
3.1720073223114014,0.2986572719823752,0.4100718467594468,-0.054000249563462,0.1797057183482324,0.398
3.182178020477295,0.10640106869620003,0.07511686499795887,-0.08254888818361257,0.07144156232085452,0.398
3.1923446655273438,0.8266269286791105,0.47557800867471495,-0.16539366972824002,0.03901058784762474,0.398
3.2025363445281982,-0.03297316178997135,0.06340304109013041,-0.1213320032416089,0.09820652796509027,0.396
3.2127068042755127,0.5017790654175157,0.2668774126534509,0.008506610586981957,0.07771511970004213,0.396
3.2228779792785645,0.2705101774228796,0.23850496070586177,-0.04631527623637518,0.029868671595539163,0.396
3.233044385910034,0.8711586694278186,0.018097429681724193,-0.10865451260549161,-0.029969909142239473,0.396
3.243208885192871,-0.01740100210608005,0.4610922686469175,-0.08617989004360183,0.02824269749937909,0.402
3.2533695697784424,0.6545100058502558,0.07193944119457073,-0.07360648771991588,0.05037752728817127,0.402
3.2635393142700195,0.27823460761586905,0.05872040544386334,0.0050248049194911056,0.06799160069190933,0.402
3.2737040519714355,0.47278789809165117,0.24594646933281383,-0.004866508924793558,0.04157918407121816,0.402
3.2838659286499023,0.30005827328151724,0.4809247443180346,-0.09110366284637447,-0.017163191478423608,0.402
3.2940354347229004,0.23439933670130797,0.2519142002690035,-0.11744850220347713,0.02957490132770295,0.402
3.304201602935791,0.4685544073840464,0.04867257674705097,-0.10864529274249017,0.12281474816427412,0.398
3.31436824798584,0.7191404999786476,0.264487297145194,-0.10705581636768444,0.11510744486595625,0.398
3.324532985687256,0.22916709573405378,0.2569120039898693,-0.009312243917407027,0.04867822660445056,0.398
3.334693193435669,0.6960351011868903,0.028136356662347126,-0.048054052765503764,-0.011916376895042595,0.398
3.344851016998291,0.2346198781025898,0.45840836016915304,-0.13414353174645324,0.025209005123432666,0.4
3.3550174236297607,0.6598574129931352,-0.021961385901865797,-0.10823145783241311,0.02910855734857784,0.4
3.365327835083008,0.013456544666115849,0.004405154952481845,-0.05135220706163071,0.004204635824375844,0.4
3.3755133152008057,0.6141357416451707,0.1973243367857192,-0.11941203115703376,-0.011474630971139717,0.4
3.3856983184814453,0.03048016007728474,0.008229957962321977,-0.18537929453222546,-0.01503000445416694,0.4
3.3958916664123535,0.5993087693387068,-0.004495530935344887,-0.10420460326113468,0.03665198274713702,0.4
3.4060733318328857,0.3013605738305862,0.288318266998838,-0.0005311851536308754,0.0007531438148091971,0.4
3.416249990463257,0.02525704572340862,0.26693854052421495,-0.07733084766207807,-0.009297123789987531,0.4
3.426414728164673,0.8212268193726763,0.22359606076928132,-0.09977702491882047,0.0798916922308009,0.4
3.4366140365600586,0.1133814796223693,-0.025226495982993445,-0.09799369017687358,0.08437368345313706,0.4
3.4467735290527344,0.5905425669180928,-0.027868910396405974,-0.020630471393313823,0.04228529617330093,0.403
3.4569318294525146,0.6355823662906515,-0.04314036379671946,-0.09399771551652904,0.013499130661873068,0.403
3.467094659805298,0.8690408996661663,0.0016758770334100513,-0.17047760560401978,-0.03955850791702176,0.403
3.477254867553711,0.315382768347806,-0.07101451123929305,-0.0998110691100597,0.06561787494489255,0.403
3.487412214279175,0.3326231801993069,-0.02968443421218405,0.0175362730721185,0.11242473374299433,0.403
3.4975733757019043,0.4529678509464956,0.46877836810613344,-0.018733027840451433,0.02829622324157747,0.403
3.507800817489624,0.5381212111090021,0.06031232469439722,-0.05680043875111421,-0.09493990678095185,0.402
3.517965793609619,0.05035594450504302,0.03621414265231573,-0.03677080040564985,0.011294771318611799,0.402
3.5281238555908203,0.4511373544683737,0.20244320289782472,-0.03245437845442373,-0.02748060919854637,0.402
3.538283109664917,0.37091645349085717,0.01859908113921276,-0.11392129666813303,-0.008130720863835365,0.402
3.5484564304351807,0.4848860539716699,0.17113253364891726,-0.025236237327488066,0.01591136480889324,0.399
3.558662176132202,0.0007907183306076897,0.010313940614940854,-0.024354624376112275,0.03636148030563917,0.399
3.568840742111206,0.5345284518667249,-0.01943379845489812,-0.03455132500651335,-0.018429483961058535,0.399
3.5790045261383057,0.06278859373530091,0.2166024227941563,-0.09066645619213025,0.019250067067322338,0.399
3.5891637802124023,1.053142142520943,0.19117012757656104,0.11012611458106834,0.029386366653965684,0.399
3.5993263721466064,-0.13441912783941232,0.004870099831833787,0.12510011988654118,-0.04250382369610421,0.399
3.6095008850097656,0.6328221127859637,-0.053388495692783644,0.15793598744250642,-0.05670203299423737,0.401
3.6196823120117188,0.12046449441879378,-0.134934952357641,0.1730689342969861,-0.07865269931056605,0.401
3.629866123199463,0.9284019075776387,-0.017033621273029556,0.28623473573157665,0.01804664306528706,0.401
3.640044927597046,0.1853513341620509,0.10841415658870346,0.2967336182229604,0.08969819513009954,0.401
3.650211811065674,0.4724076852162477,0.008628710030841247,0.3183340712701831,0.004442365413428399,0.403
3.6603775024414062,-0.014725806779393722,0.160525265979532,0.3523432622685019,-0.023139265590982644,0.403
3.670553684234619,0.7430969689193152,0.014816760215690731,0.4150382475483497,0.04614513865354311,0.403
3.680717706680298,0.2847816155993243,0.025126683764505515,0.330782730724723,0.04156486507022632,0.403
3.690877676010132,0.23497598932894218,0.24562562571381705,0.33583043734499074,0.004031993816802158,0.403
3.7010371685028076,0.2998550253338801,-0.023062732151317426,0.37202294385029644,0.09495499381194811,0.403
3.711198091506958,0.3564425269445516,-0.0035695654748127276,0.46625206845966927,0.09254834631341957,0.404
3.721360921859741,0.3180118503433404,-0.020137031144779587,0.47380453054035954,0.03163352107581058,0.404
3.7315189838409424,0.21167742248494437,-0.043695127024808794,0.4609905274220798,0.009845566165208527,0.404
3.741680860519409,0.2466691430262354,-0.0065310728266063205,0.4994904067453602,0.14383685174637273,0.402
3.7518365383148193,0.07886755113901078,0.39700906777198003,0.5251915511106605,0.040776759829238854,0.402
3.761991024017334,-0.038459616974285064,-0.13543127607753622,0.48319011975137943,-0.016899810463004976,0.402
3.7721621990203857,0.05422037883146941,-0.21212242944100068,0.5129314239718981,0.03607096016581483,0.402
3.7823240756988525,-0.010417867917335545,0.017650013395967362,0.5173591180339296,0.1119799795882864,0.402
3.792518377304077,0.06740759914376172,0.0006686201416575201,0.4759387313376501,-0.010160058998845964,0.402
3.802682638168335,0.15026761399468153,-0.07289104360980408,0.47473560906325024,-0.0009661281530196422,0.402
3.812854528427124,0.16170852694893842,0.17138578020602319,0.4767779081999451,0.0850422781997189,0.402
3.8230326175689697,0.07530815989626444,-0.009908812424394188,0.4482290953204278,0.06421010718035154,0.402
3.833195924758911,0.21001503703951496,-0.0427626341306779,0.38336696995593045,-0.012601110938520135,0.402
3.8433589935302734,0.11595874211075384,-0.03921966595383839,0.4278868901105556,0.061959874032122365,0.404
3.853515386581421,0.02893238702817778,-0.009977777094717406,0.4613982920516375,0.1251811978250444,0.404
3.8636913299560547,0.3487534204014737,0.026912697952892566,0.4029163027210782,0.041454381228147416,0.404
3.8739147186279297,0.16207668930771804,0.044517409511773964,0.35601091233108784,0.07059880720820944,0.404
3.8841116428375244,0.12240387162432943,0.019974159945298945,0.4197201920039093,0.06636005786151689,0.404
3.894292116165161,0.22265075763565964,0.008648054049219023,0.3696691328641756,0.015648737753397625,0.404
3.904467821121216,0.16784876207927413,0.017928663270454923,0.3130569961475739,0.043979984707743426,0.396
3.914647102355957,0.2149026308387405,-0.04872762935087713,0.4268648203408255,0.05004819215232184,0.396
3.9248244762420654,-0.01394122277005292,-0.007749610234506608,0.3934108455333922,-0.024732595130263067,0.396
3.934985399246216,0.08874490951899978,-0.003926034376507664,0.30095340056617714,0.047440798589964826,0.396
3.9451723098754883,-0.1826287445232186,0.016050138205486966,0.354460358327561,0.07012294211836287,0.401
3.9553678035736084,0.3613940073654428,0.07482635201134072,0.368810361125917,0.06461789740336597,0.401
3.965519905090332,0.18919961106004837,-0.009148342447045054,0.2958640113496543,0.01882693797904572,0.401
3.9757683277130127,-0.01803159600401757,0.18645810244142808,0.26724863282408445,0.052465088276646456,0.401
3.985940933227539,0.07980270884584982,-0.008417804045675839,0.2667893479791758,0.03543594105896637,0.401
3.996112108230591,0.00048405696292118665,-0.06458122169709904,0.20615468080249824,-0.026774613610054846,0.401
4.006290912628174,0.049497472089309304,-0.0009591525097885763,0.22211488525743672,0.020108116205548532,0.399
4.016505002975464,0.1628898556032057,-0.028919162312652444,0.30003473077430975,0.034165881059004845,0.399
4.026700019836426,-0.25316517722155985,0.009297042953847055,0.21546560329298375,-0.03834883304881161,0.399
4.036882638931274,0.13706210320553303,-0.0022895250925622254,0.13251618069749263,0.05309222140107981,0.399
4.047055244445801,0.18982993003974702,0.018734097419764856,0.12195993096256624,0.06782424961844793,0.4
4.057219982147217,0.2264864126721433,0.005053486758870021,0.1658805741074067,-0.0396147438794843,0.4
4.067390203475952,-0.28600401296454714,0.20624824355534924,0.1324123971093384,0.008207737521256517,0.4
4.0775840282440186,0.10875238818298036,-0.00014093765417834615,0.1769483034761765,0.042374479750333205,0.4
4.087827920913696,-0.06383599830559285,-0.030625991638708466,0.11304961634359674,0.042596503328974626,0.4
4.097994804382324,0.009754696392275724,-0.047604287792880035,0.0901408811185416,0.13817758239695654,0.4
4.108165740966797,0.1182617401347668,-0.25347498937066104,0.07683554824469435,0.13770245483903498,0.399
4.1183555126190186,0.16651178866596683,-0.012794709509075738,0.12091139174469279,0.07528853723090884,0.399
4.128593921661377,0.2216917954095125,0.2353462263866092,0.047266972735578214,0.14883092699105063,0.399
4.13883376121521,-0.06662344241286781,0.02284979067351826,-0.061685527457006194,0.08583858514392534,0.399
4.14900803565979,-0.09900610224919205,-0.009912800777260013,-0.07159678906794124,0.043253771407415695,0.4
4.15917444229126,-0.14992711944563186,0.039407144452087504,-0.08310574894640299,0.03786399109241839,0.4
4.169340133666992,0.05322887380772988,0.15376406942064097,-0.026898231317486712,0.06579582995256003,0.4
4.17952561378479,0.036167449874731604,0.028238936531205374,0.015015477312286314,-0.005591210093759409,0.4
4.18979287147522,0.07349101152088232,-0.03794511101880471,-0.010099559045488819,-0.03136518466648725,0.4
4.199963569641113,-0.0170527316657797,-0.005912331433676878,0.00032741720950819203,0.007493815691309927,0.4
4.21013879776001,0.09167551447152095,-0.015190465830725777,0.024176212193066565,0.03370027141186963,0.398
4.220306396484375,0.00381383539925805,-0.03207531872984799,0.05660904088162523,0.00927197635365249,0.398
4.2304792404174805,0.11598436880555744,0.053574151990407534,-0.04559352852035073,0.02872963425254925,0.398
4.240662097930908,0.01880080115927766,0.02989810186397833,-0.005631958711935545,0.006174474179334262,0.398
4.250834703445435,-0.02750065003236663,-0.046246323280444014,-0.04636867689005582,0.0930086819263567,0.394
4.261050462722778,0.05465166975640077,0.1789831543579553,-0.10368427544311298,0.10491418666291677,0.394
4.271218776702881,0.2560493387340204,-0.22287638067426813,-0.10827515504028191,0.11046079842878138,0.394
4.281386613845825,-0.06347913040085144,0.006311764301947553,-0.14443367303770543,0.14139831782215084,0.394
4.291550636291504,0.06821657363534366,0.03126125367105489,-0.13469553579839763,0.03581836345210889,0.394
4.301743984222412,0.09729217005151247,0.020159004335286175,-0.06387083395403141,0.06699363955207552,0.394
4.311946630477905,0.037177779181987655,-0.012531290766281745,-0.07580430167096477,0.0887356949480563,0.396
4.32210636138916,0.015726517126071992,-0.010030223256606269,-0.06440496149462459,0.16834953958010665,0.396
4.332271575927734,-0.03223335559687668,-0.02756627749180253,-0.14837090335126565,0.0920735457867451,0.396
4.342435121536255,0.0739181100968018,-0.1980773855789075,-0.09980376100696443,0.15598722898834358,0.397
4.352655410766602,-0.1002591045318066,0.013323790226340029,-0.1211320410713792,0.062381862011379345,0.397
4.3628716468811035,-0.0035659839235058794,-0.012168648014560987,-0.10727932344306322,0.05201237419301634,0.397
4.3731749057769775,0.008381097083697789,0.023628075871088706,-0.07400251998902227,0.05006566612243417,0.397
4.383371114730835,0.17474718756265234,0.021358667923788974,-0.07985881617250341,0.026875201909131903,0.397
4.393547296524048,0.15013921496884863,-0.05423806465067811,-0.14736773821327231,0.10916722199863188,0.397
4.403798818588257,-0.18543900709826905,-0.0047012068619064085,-0.11874542284670225,0.09894898444534188,0.395
4.413972616195679,0.07973308753865722,-0.01700162183870094,-0.07019548081178277,0.1300477597647896,0.395
4.42414402961731,0.17292420163881972,0.1659243513928533,-0.08711150674089753,0.06512638254362947,0.395
4.434309005737305,-0.055208907878030074,-0.001893836300928121,-0.09302531276574347,0.07608208250128304,0.395
4.444471597671509,-0.03103640678768922,-0.013921178287169812,-0.08704205545823716,0.06247932050871759,0.399
4.454661130905151,0.08952697866370064,0.0028930539231837894,-0.07765620962946303,0.0066064628140620665,0.399
4.464875936508179,-0.4122772021016689,-0.6044187211368733,-0.044829149384037426,0.0026355678177353327,0.399
4.475104093551636,0.3240340646628651,0.38790442027276717,-0.009354756976311067,-0.010614324694476972,0.399
4.485267639160156,-0.20986955924868952,-0.4220203045399904,-0.002119559660198918,0.11691286413131037,0.399
4.4954283237457275,1.1430429352874039,-0.8225087862537273,-0.04047513086910712,0.026502131961681347,0.399
4.505601167678833,-1.1933796680509474,0.3439812575311901,-0.03375505438843619,0.07379644582285212,0.396
4.51582407951355,-0.049566445748025566,-0.062228542420941675,-0.016941979553045286,0.030505952510671428,0.396
4.525994539260864,-0.24801986646152643,0.1665729707563292,0.013117120090192261,0.048942282231833334,0.396
4.53615665435791,-0.23019176827428187,-0.263935450222624,0.025587336583888426,-0.002138911059406762,0.396
4.546319961547852,1.7332465984337282,-0.8400443016481054,-0.01901846746969894,0.0672875557109789,0.397
4.556512832641602,-1.6073375572003492,0.9655096407985024,0.02515246644213554,0.15273071875896416,0.397
4.566740989685059,-0.03537449163074563,0.02667514181290459,0.039614933160409066,0.023882822262960415,0.397
4.576931715011597,0.0012722140077973145,-0.018293978427962092,0.0422583259574796,0.12166058736800801,0.397
4.587143659591675,0.022734862797368097,-0.2439192166918163,0.027986789595443096,0.17002327920882002,0.397
4.597309112548828,-0.16567919691335417,0.18234454076138246,-0.048485271298559396,0.15886377825600934,0.397
4.6074748039245605,-0.01291405045530447,0.01663036614099406,-0.024145792564695567,0.13795831115551482,0.401
4.617701768875122,0.4295486654673585,0.41447107095671565,-0.08111336584758169,0.03503801623024706,0.401
4.628010988235474,1.4145047848186667,-1.2185824002396406,-0.02974450486542483,0.0653866265096429,0.401
4.6382737159729,0.1743548300444134,-0.017700989559900772,-0.006736753659221708,0.011957372764067506,0.401
4.648465394973755,-0.5945467332623733,1.6425607511753892,0.035206770687827876,0.06389612545826133,0.398
4.658660650253296,-0.413412002965228,-0.39309217185314943,0.037429965833223534,0.06825724080624496,0.398
4.668843984603882,2.3061900778530657,-4.785396510000036,-0.02596948834896584,0.107514756576761,0.398
4.67903208732605,-0.009247154084877147,-0.20214812053511755,0.020099749462958536,0.07918464684290388,0.398
4.689205169677734,0.13981665840724972,-0.04736879040651688,0.03460565824228236,0.07619565070715724,0.398
4.699375152587891,0.14325009751849418,-0.2747094910140683,0.0016894794770118664,0.1741467607984043,0.398
4.709546327590942,0.09482878754702262,-0.1469478354165363,-0.03253655359682396,0.10543203435475307,0.399
4.719722747802734,0.29738272556093676,-0.16543502530246762,-0.0689505292770876,0.05017878949561931,0.399
4.7298970222473145,-0.10593468456435924,-0.627118110278135,-0.0329394852441318,0.1077993301873292,0.399
4.740105390548706,-0.10593468456435924,-0.2245638833340509,-0.0329394852441318,0.1077993301873292,0.399
4.750269412994385,0.0687365988340009,-0.38394652743566493,0.05720097749469383,0.12819598881882602,0.401
4.760433912277222,0.1216219236916456,-0.34011632843246337,0.10868565423739435,0.07509742215927585,0.401
4.770599603652954,0.1216034604270311,-0.5415685293964049,0.1284788752315817,0.10870537691640358,0.401
4.780789136886597,0.6216209036901172,-0.08405661476162361,0.05521017059586126,0.18777964775367106,0.401
4.7910521030426025,-0.03187784194128527,-0.28273684234689583,0.10193250434332822,0.16892637532096438,0.401
4.801235675811768,-0.6630835914331475,-0.48741112088611377,0.11192878115691726,0.27673597536087857,0.397
4.811417579650879,1.3104624197690267,-0.0710605453015925,0.0158112420101211,0.26035105377157836,0.397
4.821594476699829,0.15744183582620275,-0.04503090937265367,0.03490665727472907,0.2651045385143498,0.397
4.831769943237305,0.13683791669634118,-0.03852147319838939,0.11675025633638467,0.26242877289288036,0.397
4.841937303543091,0.3548845868624141,-0.005664031970327273,0.04333195247821822,0.2132144919129963,0.401
4.85210394859314,-0.06642499180482836,0.017915015214007166,0.019599294155952685,0.25360311531239565,0.401
4.862271785736084,0.016746603895877645,-0.007133448442600089,0.027170096789240858,0.2548925013716105,0.401
4.872439861297607,0.11829316186068811,0.0013186198908243221,0.023242732957652598,0.26490620312140045,0.401
4.8826587200164795,0.15213427490283463,0.1490363347637081,0.10329681317130902,0.23120411129786084,0.401
4.8928797245025635,-0.017706400819112348,0.026089213366929966,0.08274450722548468,0.21126153257137725,0.401
4.903091192245483,-0.09582866138100908,0.051941900396540765,0.0283518727613339,0.26166922236368184,0.399
4.91328501701355,-0.002677338343820112,0.053796911232601635,0.09080990491051529,0.2924683325717039,0.399
4.923465728759766,0.04071765662104546,0.015770932792032406,0.06019621760310116,0.23810514463783167,0.399
4.933652400970459,0.005146376996068568,0.015181179724603911,0.030500023032992457,0.28944897020808447,0.399
4.943993330001831,-0.012319810994418987,0.04531367362784983,0.15634535359544555,0.22453246733660837,0.4
4.954250335693359,0.007204711920326599,0.04489801476423449,0.18938458091103408,0.2826445768078549,0.4
4.964430332183838,0.5581258641785725,-0.5936294150189977,0.21898432025502762,0.35110473288385935,0.4
4.974655628204346,-0.33480681922370065,1.428140906679176,0.14782095804626083,0.26422726691399984,0.4
4.984846115112305,-0.016110908764541198,-0.5563286941341936,0.06599910498331864,0.2900638374017225,0.4
4.995018720626831,-0.02713127225490159,0.6046708079020124,0.0934951775776072,0.30087862158541456,0.4
5.005194425582886,-0.027744834053285133,-0.9313272785627436,0.08432182408379069,0.2539799212541548,0.398
5.015403747558594,-0.3916812043224954,0.2670639434358464,0.10633212155577586,0.2503536770694503,0.398
5.025604724884033,-0.19661706263406553,0.8983090932162303,0.0751250559952927,0.23679990221488664,0.398
5.03578519821167,0.2909971031812477,-0.4800509519112016,0.0385063174617894,0.17031119267341235,0.398
5.046006441116333,0.07720118645266465,-0.9571218619409436,0.1273109899952022,0.20356575487977135,0.396
5.056206226348877,-0.4389938960919624,1.6622283144705525,0.09044734896329376,0.16710028611582875,0.396
5.066376447677612,0.6239316692662443,-1.8090553954528084,0.042315262675511625,0.18751601982328614,0.396
5.076600074768066,-0.5462538383001928,1.8513730283424379,0.06026357296209606,0.23543721255232775,0.396
5.0867698192596436,0.490878678440867,-1.5703083605972827,0.027989429982737443,0.14054328965137966,0.396
5.096934795379639,0.12565683465272454,0.8297852061099216,0.008371365224299876,0.13003543764633071,0.396
5.107101917266846,0.29349046254564165,-0.11741505286516236,0.07757382327819011,0.12874157177629808,0.399
5.117268323898315,0.030781745300751708,0.06926566643666475,0.10084850743883268,0.08538238140948565,0.399
5.127450466156006,-0.10434327586073808,0.27473898016484133,0.03712562918545161,0.08153981217176554,0.399
5.137693881988525,0.2151388837393307,0.021864479116701235,0.11872687691168005,0.19918654394824245,0.399
5.147895574569702,0.265501810817696,0.20086557806856667,0.04682026104881139,0.17514536975353825,0.399
5.1580870151519775,0.021088005556359906,0.20728127613437858,0.04382096764529184,0.20885271724067095,0.399
5.168271064758301,-1.247293218563657,2.4200631807050916,0.06178662954000277,0.22285566361311232,0.399
5.178469657897949,-0.19863688111124309,0.2716205794364621,0.06156109686007153,0.16413493410470864,0.399
5.188682317733765,0.049741511208575694,0.059525492973128015,0.057481897164376544,0.2402901468230938,0.399
5.198979616165161,0.030126544397609503,0.29369323078783227,0.11314747816333245,0.23867082180394322,0.399
5.209218740463257,0.04563420388865843,0.29385656700521584,-0.009414231774140122,0.1598478200102365,0.397
5.219390630722046,0.039032494734483114,0.16561584915289967,0.022955472962660983,0.20329358631791455,0.397
5.229568004608154,0.00893876053284248,0.5684731024348547,0.06648558529344564,0.19869911231975193,0.397
5.2397520542144775,0.027137941591201427,0.18105416070362065,0.06727026260649971,0.15976239754391663,0.397
5.249917507171631,0.10851235361504519,0.08887518934035195,-0.04116360349294479,0.15004195160463335,0.398
5.260083436965942,0.5113947107033774,0.49175754642868424,-0.04116360349294479,0.15004195160463335,0.398
5.270248889923096,-0.514472939847465,0.08892207510728835,-0.05398785952753064,0.06517143509749436,0.398
5.280422925949097,0.089877510726778,0.894042882522875,-0.05398785952753064,0.06517143509749436,0.398
5.290587425231934,-0.6070223596901712,0.4515285623247216,-0.013395750134224461,0.06602907786297318,0.398
5.300765752792358,0.20444957633918523,0.26571130301952817,-0.010436459277488907,0.14865809755040935,0.398
5.31093168258667,0.04366299554978846,0.08211628356909455,0.018979674951318398,0.1696683108583999,0.398
5.321107625961304,0.0352595174158668,0.2670552594346698,-0.0017167622958684787,0.02939198246719979,0.398
5.331280708312988,0.06442541157274961,0.08689865861856266,-0.07795003945797466,-0.004919139224340036,0.398
5.341446399688721,0.11917498580414664,0.4967259203330225,-0.02046047996109485,0.10939436387192328,0.396
5.351613521575928,0.030415981414555423,0.32490694653259794,-0.0036196399620426426,0.06216301985584401,0.396
5.361778497695923,0.1629717117567333,0.14595748794478172,-0.0036069158770657746,0.025542735245464035,0.396
5.371983766555786,0.08621541254267305,0.08359133230284334,0.005650391968327388,-0.004440081239658597,0.396
5.382188320159912,-0.014057579825892381,0.25809360485875155,-0.027368546559262824,-0.04072435899702233,0.396
5.392377138137817,0.22275280217201554,0.023716887726205785,-0.053364894445394113,-0.07268908562235088,0.396
5.402584791183472,0.25768452071877734,0.44482799885023666,-0.035848129251151384,-0.05718805309738896,0.395
5.412783622741699,0.053661634524970525,0.05983652460899209,0.045946735940658304,-0.023340429683256197,0.395
5.4230217933654785,-0.07475193559500429,0.2029397687563,0.020824716514013884,-0.10952441469468413,0.395
5.433219909667969,0.0329977262688766,-0.1587556522225851,-0.06651740697806059,-0.12962200771810353,0.395
5.443403959274292,0.06310965193974091,0.004530302476847693,0.002888590689230591,-0.04180809915760264,0.396
5.4535815715789795,-0.025175875761230055,1.39876443781396,0.06947701295221387,-0.04558191382922762,0.396
5.463806629180908,0.022530509505978603,0.19530749487156057,0.03730466134126959,-0.1251934154610902,0.396
5.473999261856079,-0.07689200910125202,-0.014349783045748694,-0.0021284087055649745,-0.11434505062571546,0.396
5.484215021133423,0.1604655554132249,-0.029136515402561947,0.08748342798573497,-0.0025504326696634966,0.396
5.494381904602051,0.1686752182786694,0.005988976169339007,0.06099782207461215,-0.06154664993056736,0.396
5.504550218582153,2.420886445518439e-05,0.026658887108853,-0.013639455752617616,-0.09680308977894225,0.396
5.5147247314453125,-0.06512799748447509,0.013883869682412838,-0.019273318232039087,-0.07812380113771383,0.396
5.524893522262573,0.3384698902796313,0.05216492304795041,0.029006176173262163,-0.04693027796872644,0.396
5.5351080894470215,-0.047298801871760436,-0.1645577515216207,0.014594886893084642,-0.08802620946337991,0.396
5.5452775955200195,-0.0010831143265928578,0.4567063563736846,-0.022335340295909552,-0.08550711695090432,0.397
5.555470705032349,0.05595417730172014,-0.21561289045271068,0.03652233251095846,-0.05639174179262778,0.397
5.565707445144653,-0.13772464208661875,-0.0008279838716223961,0.06732702401078795,-0.11088893992165594,0.397
5.57594633102417,0.03239903774101262,-0.029442093035223698,0.011146760156599763,-0.1341256949386378,0.397
5.58618426322937,-0.08295008185891989,-0.04287831756646576,0.03126136504110517,-0.07971216194308041,0.397
5.596357107162476,0.22846353185993004,-0.08727036142783795,0.04391452676042302,-0.03431624090755353,0.397
5.606529712677002,0.0484979791029642,0.18306767560085566,0.04015525652512192,-0.00673413290503419,0.396
5.616762638092041,0.24533885492308166,-0.6500663786213065,-0.03638039195310305,-0.03584730255124306,0.396
5.626946210861206,0.019588507139517552,-0.07407964795101077,-0.03777010236907522,0.029970123840575097,0.396
5.637142658233643,-0.12449654645439853,0.11303419083383513,0.07022029909357742,0.03674003486413388,0.396
5.647745847702026,-0.447542428532626,-0.6244962596416588,0.011616900756613533,-0.0026322924250856833,0.399
5.657952785491943,0.15954489277994602,0.4925422566730107,0.021983757695531757,0.015569824289223294,0.399
5.668226003646851,-0.3752376942222583,0.9463913212866816,0.10271816203506912,-0.022518385443747777,0.399
5.678453683853149,-0.6038393910405337,-0.04268245633210956,0.11079030245603153,0.0018464913686437323,0.399
5.688624858856201,1.0075496793872656,-1.8317356841947467,0.01023582996376284,0.07536082624598832,0.399
5.698958873748779,2.9664027772219557,-0.050945410279208674,-0.0006790288415759391,0.07773316595904665,0.399
5.709133148193359,0.28219777293371684,-0.06709041930560265,-0.017273238009427178,0.04876445012869253,0.4
5.719298362731934,0.04463142402287597,-0.06213210320073974,-0.043926614542716305,-0.06998908327899955,0.4
5.729461431503296,0.31215982333141684,-0.21096748118994327,-0.031697255342596604,0.061633012955557134,0.4
5.739634037017822,-0.07985937998214519,-0.032773643199441926,0.05517846265307188,0.05967571879681788,0.4
5.749989748001099,0.28217469967542624,-0.041706974405197376,-0.008225965027752271,0.09378803143236902,0.398
5.760152101516724,-0.2417548740260048,-0.90085629469315,0.031095329315167928,0.006645677669481764,0.398
5.770316123962402,0.36272992440223334,-0.09478993560691758,0.05852644459784634,0.009597832078570886,0.398
5.780484914779663,-0.12580377236434406,-0.10544284537879031,0.048227566076861045,0.006551389307474689,0.398
5.790738821029663,-0.10654395056281395,-0.15816920881975405,0.0667807044454955,0.08138445283490137,0.398
5.800926923751831,-0.08223114465213915,-1.544685690324229,-0.02134787500846433,0.07453571178251256,0.401
5.81109619140625,0.09905551505809894,-0.085959357648976,0.003961018792877288,0.12769112394946533,0.401
5.8212597370147705,0.37659034271288766,-0.1097243977578658,0.06207847229195677,0.12547183329403125,0.401
5.831424713134766,0.02298298646434705,0.1399632753332543,0.05442153670535236,0.12060441561998328,0.401
5.84159517288208,-0.031016143162010984,-1.3107776189277474,0.060353491560292655,0.15121716414195535,0.399
5.851929664611816,-0.17586065024470215,-0.5142826310478386,0.059828039333735955,0.158265046425135,0.399
5.862163066864014,-0.011856877136461975,-0.5288904821394735,0.021070651218088016,0.07758106934596778,0.399
5.872329235076904,-0.04496623042038874,0.09207298223716542,0.09631707649120336,0.14574449096934833,0.399
5.882493019104004,0.042183752340011524,0.1381263248352427,0.07907085694138416,0.1288805853185066,0.399
5.892676591873169,0.17804094414371147,-0.30613033211756707,0.025073445589543206,0.17589810487952912,0.399
5.902846097946167,0.02084013039736878,-0.302292589287212,0.03504282312379048,0.24345288836458456,0.401
5.913046360015869,0.06286435976604243,-0.8654822317187457,0.0958784114861712,0.2424601814347233,0.401
5.923218011856079,-0.01239355646093354,-0.4461456734132392,0.10148494704442752,0.11697750960174548,0.401
5.933382511138916,0.07845038737857983,0.04122894268200202,0.10134910777230687,0.21179323801704997,0.401
5.943551540374756,0.0660928546387286,-0.07349181504623994,0.10086047657284021,0.30017148618749223,0.398
5.953739166259766,0.015637378963735828,-0.09362012414371573,0.1015754198180894,0.23094357546785754,0.398
5.963974714279175,-0.1552073248024982,-0.08221560991895815,0.06984521647310656,0.26034710717151244,0.398
5.974191188812256,-0.23067537126492432,-1.1066505883475197,0.08236504571330469,0.28791674331180467,0.398
5.9843528270721436,-0.22174672489063033,-0.3070163060594372,0.05014721705158925,0.25167075373020453,0.398
5.994529962539673,-0.1712111185411918,-0.2406707153923973,0.015551973040781084,0.24079808093865745,0.398
6.004700183868408,0.11528844580862016,-0.016927270979511584,0.11815281141849517,0.2774707799356368,0.402
6.0149054527282715,-0.09650024768246017,-0.46974653033774705,0.10928634883394922,0.21598801529344164,0.402
6.025085926055908,0.0839535836710489,-0.31113148394848983,-0.011708300247581759,0.265145616934581,0.402
6.035254240036011,-0.1015885046604434,-1.1208709865333795,0.06069782350176137,0.22379625721879565,0.402
6.0454230308532715,-0.0014414753914672267,-0.04908787984375128,0.05325738057481458,0.24683647366055678,0.402
6.055588006973267,-0.13108388451612407,0.17139517606435026,-0.0035908207455474656,0.22888477427281909,0.402
6.06578516960144,-0.0705602584557455,-0.07619725357362818,0.05079021370551118,0.29891814618835855,0.402
6.075952053070068,0.06125902364570491,0.331022853592118,0.07004076950699997,0.2629369666210558,0.402
6.086113452911377,-0.34265405418895134,-0.4478248879722447,0.07388239893319007,0.3088442922568245,0.402
6.096280336380005,0.027063505150273674,-1.3780546963031495,0.14318314853826383,0.38072844226431857,0.402
6.106443166732788,-0.08807052287205003,-0.02798320197035844,0.06169247906988531,0.32669143481450325,0.405
6.1166064739227295,-0.13316896826522592,0.18017500084132979,0.04184137223103738,0.3495125694746122,0.405
6.126966238021851,0.11369172030078806,-0.2118126510320774,0.03452105893449157,0.2892227593049834,0.405
6.137147903442383,0.04354254194671064,0.16422526933267115,0.024546052534728652,0.25165023737912406,0.405
6.147334098815918,0.06866623830036114,0.004476046163367472,-0.010535939982767799,0.2928844900130572,0.401
6.157528877258301,0.08029880145457259,0.007760870629997062,0.03563518147861933,0.27974769598146576,0.401
6.167758226394653,0.022260585395974867,0.4463529521178984,-0.0928016430758203,0.3377438786210128,0.401
6.178000211715698,-0.9587615683311369,-0.031658279983834706,-0.07774112773912237,0.34260451784969004,0.401
6.1881678104400635,-0.7408984547657409,-0.04949114524198468,-0.07482780910678101,0.262674591509487,0.401
6.198347806930542,-0.15611088740377935,-0.031355619028679484,-0.049953450378073375,0.3340370338081632,0.401
6.2085137367248535,0.058379000273471454,0.04766689398497709,0.014176494483129902,0.27515763232575213,0.401
6.218681812286377,-0.14940489025127085,0.22686773409952682,-0.004954175242455408,0.26550295807700425,0.401
6.228848218917847,-0.13163574981593232,0.05660885288494524,0.01966939642894841,0.2787827388833787,0.401
6.23901104927063,-0.04704675397912649,0.08331231217976201,0.013570365406907356,0.22752168386594035,0.401
6.249178647994995,0.09677557365050905,0.2831283649515404,-0.013862197979471788,0.25943645166536566,0.4
6.259342432022095,-0.1633340340998805,0.09820782605054935,-0.019852793899528376,0.35681714561192485,0.4
6.269505262374878,-0.04368506938346545,0.27215823067899686,-0.11235034550941846,0.21486099189158506,0.4
6.279671907424927,0.0646619024741638,0.2737028131947556,-0.1539948965550812,0.20962811467312117,0.4
6.289995908737183,0.01865778091233357,0.48593953151490216,-0.07832001733703034,0.17127100873210022,0.4
6.3002002239227295,-0.2085794354240006,0.06100004100703325,-0.048343607196798734,0.2862928211888513,0.4
6.31036114692688,0.007742205578260934,0.09358237331291429,0.04216324835695957,0.32297850619306934,0.401
6.320522308349609,-0.15044639382426836,0.10593261148342674,-0.029416907127183728,0.29840365345804915,0.401
6.330773591995239,-0.0025278754639103283,0.09871583261986414,-0.10727866695208321,0.28843152638104275,0.401
6.341016054153442,-0.02959773243521428,0.09045231097257826,-0.058745018438808756,0.22980640202868324,0.399
6.351216793060303,0.009666602799114828,0.1010338063773388,-0.12769228415872227,0.15606553259022207,0.399
6.3613808155059814,0.3557839010053364,0.0681703889762723,-0.09618972636310211,0.13174751208934576,0.399
6.371591329574585,-0.11371715468852346,0.07304778550153249,-0.05969013853443583,0.16717423710022478,0.399
6.3817737102508545,0.012676879801069256,-0.5186159835510528,-0.047273618022334846,0.11069779131063467,0.399
6.392004013061523,-3.075851952080992,3.6830985593863814,-0.02680313811301485,0.1646555560773571,0.399
6.40217661857605,0.02214936495621878,0.08261434489225458,0.03013313856034469,0.1745293776898681,0.4
6.412384510040283,0.029032595070522898,0.05810451933396617,0.0010193080675156424,0.1728718206663585,0.4
6.422558307647705,-0.04151424148245256,0.0774727756728682,-0.09879959798151199,0.21192564796103847,0.4
6.43276834487915,-0.002191936750315978,0.12729317322650238,-0.005640992263673178,0.22871058386340007,0.4
6.442941188812256,0.00612698968059969,0.3416529331659645,0.01193515409341099,0.1115513579859943,0.4
6.4531121253967285,0.006832760972523795,0.3207710603216491,-0.12492770394728656,0.036294275223099935,0.4
6.463277578353882,-0.07708369412566955,0.777797639106288,-0.05547877831521647,0.09755918232643336,0.4
6.473442077636719,0.13855748685688457,0.42446368580163757,-0.05002395844258293,0.03273786611567238,0.4
6.48360538482666,-0.3145959154350778,0.1689510528780485,-0.0874291270309303,0.10552163662401112,0.4
6.493803262710571,-0.007621337446391086,0.1560936894740281,-0.03507526644771751,0.07855140809096081,0.4
6.504003047943115,-0.0009656390233738265,0.08821038762750863,-0.06686647348668934,-0.00589937235451269,0.398
6.514167070388794,0.03796178589879218,-0.13949504998297604,-0.0797401041369855,0.05133581287214388,0.398
6.524328708648682,-0.04453868777633404,0.05414719685116796,-0.058548197364149394,0.0990110755039452,0.398
6.534493923187256,0.20911231329541824,0.016792446395189998,-0.115119482590209,0.02067584282462437,0.398
6.544663667678833,-0.00977986565174593,0.053874551914181695,-0.162176634824764,0.03665336093402473,0.398
6.55485987663269,0.20331130371855718,0.2546996492773494,-0.0966521484975871,0.08308564194621136,0.398
6.565033197402954,0.06630784546038891,-0.13643292796917297,-0.11914550752897654,-0.04510660969063637,0.398
6.575204133987427,-0.03702014484528118,0.03275779333836819,-0.0816233620966284,0.015311190030373428,0.398
6.585368871688843,0.1931477708230557,0.19031435914693617,-0.026606697729005632,0.041848333788174735,0.398
6.5955491065979,0.8046509944615932,-0.6061602853375534,-0.09444271210600348,0.004714886434929261,0.398
6.605759143829346,-3.0535970978630913,3.794613618316629,-0.048710406870003116,0.09822111902299496,0.398
6.615961313247681,-0.034008353668656975,-0.038612994657186255,-0.08725249673041435,0.08571691831260922,0.398
6.626123428344727,-0.06886817673474756,-0.05546648512040487,-0.0744343034474582,-0.004136257386263581,0.398
6.636284828186035,-0.07644488169134867,-0.016025731751074242,-0.04447874673971133,0.06710691865438327,0.398
6.646455764770508,0.15891301291349785,-0.15011999740686435,-0.021966662690022794,0.042674490790626754,0.397
6.656646013259888,-0.11144415082385709,0.338397757727552,-0.07748455969371981,0.019741780595070993,0.397
6.666848182678223,0.49361947663761757,-0.10736072403039577,-0.04489943941451843,0.07539635977976647,0.397
6.67704176902771,0.2035807288926833,0.33098478248169033,0.009876660253955102,0.1092786907935884,0.397
6.687212705612183,0.10872505584035466,0.148672894189505,-0.012239420139843735,-0.03981535140373878,0.397
6.697383642196655,-0.05892233760401198,0.09800500615983633,-0.005535497002109466,0.01169528128640629,0.397
6.707554340362549,-0.29132441305925894,0.21116104582592224,0.0086296401532195,-0.039599028062641706,0.403
6.717807054519653,0.3541828133241659,-0.6091192835477724,-0.039564535288458234,0.00299773669237266,0.403
6.727989673614502,-0.060702013666920886,-0.013514946645527373,-0.034706813059109214,0.02933360071366309,0.403
6.73821759223938,0.056476805920538616,-0.23604806236502154,0.009803104249272956,0.002201536861151987,0.403
6.748385906219482,0.12463676795669332,-0.20455185877918317,-0.051921829379690615,0.0003695798497465874,0.399
6.7585508823394775,-0.06682132256467677,-0.6516590169561968,-0.024499336696060102,0.005095078508247447,0.399
6.768822431564331,0.028500099330090595,-0.018154527084898318,-0.046533047133780085,-0.07030424313350862,0.399
6.779010772705078,0.44633078309069346,0.14811208271701792,-0.05653241671097834,-0.053946956947625746,0.399
6.789204359054565,-0.2840425283098474,0.2761857294652183,0.03316772170722858,0.0042626155388273135,0.399
6.799396514892578,0.08224481479175229,-0.34416420510917545,0.0011519812552861428,-0.06484298658095744,0.399
6.8095715045928955,-0.32275717755657396,-0.11828722840540129,0.057720783768301205,-0.005673987490967786,0.401
6.819831371307373,-0.8620053936259658,-0.11381631896539868,0.004407297803479468,-0.07045021013172706,0.401
6.830018520355225,1.34431074938,-0.9287784230339714,-0.030796041823774458,0.014529455168892744,0.401
6.840183973312378,1.1397299549090678,-1.1149561981582818,-0.0253366326465213,-0.011332992843615872,0.401
6.85035252571106,-0.032348550406488985,-0.23884037212782716,-0.056821239738240874,-0.023256669437749886,0.398
6.860513925552368,-0.02910508865896392,-0.055681148811768784,0.004221035048768609,0.119344756571705,0.398
6.870679616928101,-0.06394272150835591,-0.27145766292253953,0.021113408779551066,0.04409392038177991,0.398
6.880867958068848,0.5984793365513391,-0.689052219313842,-0.00614102641056998,0.04705507028053993,0.398
6.891033411026001,-0.16751163068545122,-0.3600707928823845,0.02507409355105055,0.12664325248007938,0.398
6.901203155517578,0.3115052733632105,-0.32059026294481774,0.012958137858942939,0.055015791095739355,0.403
6.911373853683472,-0.08596176532122604,-0.3351620968776349,0.08119040532626318,0.05910328766665157,0.403
6.921571731567383,0.029069773021159453,-0.5432391379386777,0.06727974432609421,0.09257297190002911,0.403
6.931797504425049,0.15425855332729063,-0.3681682187922253,0.04140465670730831,0.09411789034513879,0.403
6.942021131515503,-0.1375601513461602,-0.7427199108102053,0.02526134611019973,0.17912202598163743,0.402
6.952270984649658,-0.10861402068929542,-0.13731059946392235,0.007384661308579996,0.155552660248176,0.402
6.962444067001343,0.1853921081473493,-0.717435332711377,-0.07411324492830212,0.18876380979907062,0.402
6.972608327865601,0.0005063891690770126,-0.1483169551750105,-0.013482436376278085,0.23529220751694374,0.402
6.982828617095947,0.20629526037051618,-0.3782126907582239,0.013149256308880728,0.1403030384049324,0.402
6.9929914474487305,0.06100402817090695,-0.7094526061723193,-0.012881095208219347,0.2291689795868043,0.402
7.003174304962158,-0.07722238130139782,-0.27083942953324314,0.027126538820652954,0.16787160750942096,0.399
7.0133843421936035,0.024914432855840586,-0.13145740960639787,0.07429191097420262,0.14400542170639313,0.399
7.023564100265503,0.22853314995791665,-0.5637480752078166,0.07522415609184407,0.23446010450224075,0.399
7.033817768096924,0.01829902184119554,-0.08723140486218442,0.07542050288180345,0.27426620631438103,0.399
7.0440309047698975,-0.10584072773257465,-0.8873619853177473,0.06437132110100835,0.25372884963584835,0.4
7.05419659614563,0.19833139265477168,-0.10660177184928249,0.151894093468526,0.2871867056432923,0.4
7.064357757568359,0.15323146439038102,-0.32915715386754657,0.07488814245956738,0.27831051715541955,0.4
7.074522495269775,-0.2280034467986499,-0.6909378304025593,0.06839135475120517,0.3133201353628992,0.4
7.084683418273926,-0.009244489556244516,-0.07757054602867901,0.14210359194637934,0.3313835401891537,0.4
7.0949602127075195,0.05609463209113986,-0.2515042776795795,0.09201468895097886,0.30907303820409293,0.4
7.105165719985962,-0.01307431301513174,-0.2260458255442847,0.10466487641586782,0.3529857071069584,0.398
7.115334749221802,0.0017005711161928341,-0.07002535553157047,0.1690222200994007,0.36025496411990976,0.398
7.125498533248901,-0.008066431488201414,-0.23817612755570344,0.12393582231184747,0.3126532123589881,0.398
7.135661602020264,0.04821071430555998,-0.26115553613418774,0.11367503704352386,0.39387038763416926,0.398
7.145925283432007,0.2151205829636911,-0.20044094227685044,0.08578635393070647,0.362022137264874,0.399
7.156099319458008,0.038923982433654164,-0.010053422949239625,0.028877269964850787,0.3233583971999507,0.399
7.1662843227386475,-0.11306553130600733,-0.06034785454830872,0.07673772506159315,0.42301961178083386,0.399
7.176487922668457,-0.06301539154599861,-0.21206410287862695,0.07961882441038037,0.3657166694049891,0.399
7.186665296554565,0.23129871902150298,-0.020331186311225845,0.014871962274781901,0.37176772973090083,0.399
7.196943998336792,0.09187517760102382,0.008097917946996568,0.13284395326809645,0.32804854254752264,0.399
7.207133769989014,-0.28831473160846666,-0.04037184794938292,0.03839861583409012,0.27695848489950686,0.403
7.2173073291778564,0.23621764780166465,-0.011832113497421587,0.03985572264194942,0.36200211112431346,0.403
7.22747802734375,0.05050193714527732,0.012762098372633982,0.028036579740387264,0.3237188114665477,0.403
7.237641334533691,-0.20793882707579148,-0.34570753055253245,-0.027300938231275957,0.30284684008920687,0.403
7.247826099395752,0.02202376207188186,-0.036012901593276435,0.062225731683312524,0.33677521981409286,0.403
7.258031129837036,-0.015622001467464123,0.20181643689736378,0.06954704792644166,0.2748158659490906,0.403
7.268194913864136,-0.04035049844678758,-0.5489366791456453,0.0981812704713169,0.2991914979370315,0.403
7.278359651565552,0.38439664410103863,-0.13772375079064647,0.11166708529332003,0.271397827589935,0.403
7.2885236740112305,0.23397801963434559,0.46164296792371345,0.10836693759654732,0.2884559047940546,0.403
7.298693656921387,0.04043778008056699,0.0473258365601927,0.13950381485415095,0.2676147915300342,0.403
7.308961629867554,0.24105757514042656,0.6273961712250761,0.1415166956175713,0.21170371088142387,0.399
7.319125652313232,-0.5526750772685977,-1.0104701286462536,0.11336180301801502,0.3210266685498939,0.399
7.3292930126190186,-1.0053990388766147,0.7931394184667899,0.04894378645451593,0.30117680639307354,0.399
7.339461803436279,1.3744315645495422,0.25503513335614164,0.01342967568977737,0.2966235532441467,0.399
7.349632978439331,-1.3826299953400885,-1.6593096552926583,-0.010819295652812514,0.2674227431484006,0.399
7.359830379486084,-0.00859660318574363,0.010191242860224804,0.06452128027991927,0.23921190809162995,0.399
7.370049238204956,-0.2090056976631485,0.010191076255030388,0.061338776155364885,0.22587959283490808,0.399
7.380220174789429,-0.059224442947186054,-0.03561423169728667,0.010427184961173688,0.23801365780171507,0.399
7.390387773513794,0.08682867155929244,-0.04144906923587548,0.038396183955145775,0.19592729407786225,0.399
7.40056848526001,0.014920227437573106,0.02102696126401259,0.03420882416189103,0.27118666555973925,0.399
7.410841464996338,-0.045583522671616215,0.23099760697487084,-0.014843136665383984,0.23885484540315094,0.402
7.421037673950195,-0.08047804799295308,-0.0015976474547690187,-0.001084670207397602,0.19585092283686395,0.402
7.4312520027160645,-0.1540632535959174,-0.012959117806863766,-0.013674202546038412,0.22385588218594216,0.402
7.441422939300537,0.13080455714648212,0.008250515389818285,0.003554951079342984,0.2120416737834761,0.398
7.451592922210693,-0.22152274432909227,0.05645986526896335,-0.018178383332746285,0.2177111230126439,0.398
7.461820840835571,0.05316554124718417,-0.011519370392193178,0.08934360337530614,0.20515771473729638,0.398
7.472099304199219,0.03559494879976839,0.016348263109805073,0.04812693431544304,0.17847696295555948,0.398
7.4822728633880615,-0.1317699821476913,0.25960896910393183,-0.022637122752355254,0.20503485842408034,0.398
7.492470026016235,0.054673452623053245,0.07580703947583949,-0.047009896768655315,0.21312122397187386,0.398
7.502716064453125,0.010990386638407514,0.015192914615060435,0.0007306048261405546,0.18514313076744232,0.401
7.512911319732666,-0.18505392582249225,0.5194178588270925,0.08189122852404074,0.19678599477879372,0.401
7.52307915687561,0.09575500084840281,-0.10492353395652385,-0.001856434748110064,0.16459709099924505,0.401
7.533246994018555,0.005967108072865944,0.27004467390549086,-0.0668011435019043,0.16138219815743265,0.401
7.543413400650024,0.045679854955767596,0.059063209756513295,0.008141456789607301,0.14277724963692529,0.395
7.5536048412323,0.03098972468042503,2.050851892682572,-0.05495459665900848,0.1503983948485184,0.395
7.563909292221069,0.021082088157519534,0.2543445076239638,-0.017955074973405163,0.2518969156965362,0.395
7.574084520339966,0.04108911561579878,0.22331847909917849,-0.011124497202122996,0.16537606154955375,0.395
7.584335565567017,0.055728095727896776,0.12181472677689992,-0.013739864136892821,0.19806788944844078,0.395
7.594500780105591,-0.006424123712472855,0.35429944651265527,0.023299689073795593,0.18370042784530133,0.395
7.6046812534332275,0.002893298215286239,0.14859022838469985,0.018173667304686322,0.1611669289921499,0.403
7.61488151550293,0.16272029394960555,0.7464942852978568,-0.020278431022041826,0.10188396368103186,0.403
7.625166416168213,0.08486944938572907,0.14645998035448107,0.02539929506893579,0.1205399843661987,0.403
7.635331153869629,0.04569038355686399,0.09509319015653105,-0.011550912393615873,0.12095352266810248,0.403
7.6454973220825195,-0.05530565699703877,0.04049980404612351,0.09533607119901003,0.10610334103210245,0.398
7.655677795410156,-0.21981302194869815,0.09656253875373066,-0.029807939921741383,0.03492727879528135,0.398
7.665891885757446,0.14054228032912536,0.29617080934736667,-0.03389762613973543,0.0503147714476175,0.398
7.676121234893799,-0.08571800921092546,0.09922687153725522,-0.028860033361951344,0.03884895512011658,0.398
7.686453104019165,-0.0206433825319777,0.07754416062425264,-0.018432056033002235,0.04752484928712285,0.398
7.696635723114014,-0.1065624364133239,1.7008515249523553,0.04314553359098021,0.04827410096147031,0.398
7.706876516342163,0.18483678200731873,0.08523548895867022,0.03173294302739124,0.08313589570598959,0.398
7.7171173095703125,0.15497217764840746,0.44154150907675305,0.009582709795097122,0.08313404602127712,0.398
7.727287769317627,-0.12189856542787016,0.07277701866670255,0.0038814212130610024,0.035570190626830755,0.398
7.73745322227478,0.2606745162864929,0.08121924444872076,-0.017638258371072225,0.06994345764722897,0.398
7.747617721557617,0.01727213541908519,0.3502522016909138,0.06079317007915614,0.0366323865905267,0.397
7.757829427719116,-0.02765603137422875,0.380008806378095,0.04087516907251782,-0.004438269562400843,0.397
7.768016338348389,0.033672938968943474,0.31086429215668654,0.08376333851018364,-0.014279259579472556,0.397
7.778190612792969,0.11117512218093034,0.0888108962151438,0.022631889558442767,-0.012737604241732536,0.397
7.788381576538086,-0.05081049140311248,0.19158880096607606,-0.0055723247410869245,-0.05933050645215546,0.397
7.798556089401245,0.03405455755529137,0.025451656269678193,0.13850896761141956,0.029744492085762547,0.397
7.808740854263306,0.14092788735383216,0.035859686437166874,0.11430476452419039,-0.017127821698682322,0.396
7.818986415863037,-0.08672728411866186,0.07305962327075739,0.05714702974019928,-0.021793654031111748,0.396
7.82917594909668,0.16491011734947184,-0.03451698512779196,0.08267526397593027,-0.13521374672685238,0.396
7.839345693588257,-0.036089994135354936,-0.2359082115874925,0.08267526397593027,-0.13521374672685238,0.396
7.8495097160339355,-0.24910031742833513,-0.020691582930583742,0.16091744991211623,-0.04868424673937444,0.397
7.859679222106934,-0.047596047865952236,-0.020691582930583742,0.16091744991211623,-0.04868424673937444,0.397
7.869911432266235,0.5991942180564034,-0.03271979186898472,0.14457231177489485,-0.1104599034973762,0.397
7.880095720291138,-0.6249845413930706,-0.0402259852354194,0.13159548636940843,-0.05484195115972182,0.397
7.890262603759766,-0.7835742818225472,-0.05348953482641717,0.14917258996633923,-0.08552521498021662,0.397
7.900428056716919,-0.877425449927463,-0.03989533162391182,0.08267990729932681,-0.05217406596252554,0.397
7.910598039627075,0.9372139756595026,0.37353694919430747,0.09202501777897053,-0.06610721639384254,0.398
7.920759916305542,0.9456566800555972,0.3718439527235042,0.08190776059041306,-0.14078050565340353,0.398
7.931004762649536,0.11035099838940923,-0.08970711534284831,0.08840484307195018,-0.03576699915353784,0.398
7.9412078857421875,-0.042887617765228626,-0.14024549732152206,0.12320560470060384,-0.024146190437918616,0.394
7.951399564743042,0.1620364582871155,-0.24202887190629063,0.10898199379927094,-0.01288160796134416,0.394
7.961578130722046,0.28764562504129754,-0.23133412710276485,0.12262903963606736,0.06391284000605693,0.394
7.9717395305633545,0.36013215716072927,-0.20143961046698194,0.1472273323795643,0.06481856709043392,0.394
7.982037782669067,-0.030920226933699297,-0.38467974835791274,0.04946744606368872,0.06326934101567866,0.394
7.992194175720215,-0.13844765079718332,0.13792933806036312,0.13598804769018955,0.024040908601324643,0.394
8.002366781234741,0.07368713324743782,-0.02125024768634885,0.1966830704894625,0.020915469439125436,0.394
8.012590408325195,-0.031230462026949818,-0.2684344908166507,0.14337869534194211,-0.01401126784869014,0.394
8.022823333740234,0.010615391060457452,-0.08774788245328015,0.13743529713384817,0.06827911413777109,0.394
8.033025741577148,-0.08954070346772192,-0.06139983842311165,0.12433138509649386,0.12077689789416399,0.394
8.04319167137146,-0.09895860607556935,-0.06837583677807588,0.12721347851036402,0.08992118971647875,0.399
8.053369045257568,-0.027190944077689,-0.010433345859883631,0.10233658312446199,0.16229706969158791,0.399
8.063539028167725,-0.020471867196589232,0.001958873704450185,0.14129192551384528,0.15021408161443534,0.399
8.0736985206604,-0.024339922218418433,-0.0844493581383176,0.1427232200835396,0.04727384860771797,0.399
8.08392333984375,0.03070382166229971,-0.07402025405105413,0.1289409164170508,0.11730800562061987,0.399
8.09412956237793,0.03999646900995083,-0.0562473835685748,0.15376773712981248,0.17154007008809669,0.399
8.104290008544922,-0.008432098948636686,-0.3069484760222081,0.11197364474481714,0.0836797422305325,0.394
8.114466905593872,-0.025942693471042624,0.9419555147861406,0.1437231143419671,0.10338670983106023,0.394
8.124648809432983,-0.12363417222239244,0.1474078621073646,0.16627262595812636,0.09994555616680127,0.394
8.134854316711426,0.07891520508412252,-0.08928296515219471,0.14268132964116628,0.06365784009482497,0.394
8.145028114318848,-1.718671180106545,-1.0534709877587203,0.18447668299896036,0.14714660315044475,0.394
8.15518593788147,1.228571615480692,1.8029230563392058,0.290661096438802,0.09276333580076634,0.394
8.165351390838623,0.049691010246633895,0.024313445993319256,0.1483709288846522,0.10097184420359777,0.394
8.17551589012146,0.08602949402974226,0.03389865216338089,0.1306931381292639,0.1526337481276133,0.394
8.185693979263306,-1.132921041082288,-1.7657178851725228,0.1990229335955997,0.12582393337961603,0.394
8.195899963378906,-1.975933451487495,-3.363153915887271,0.18382879794090778,0.07541467949598708,0.394
8.206090211868286,0.012293698808935735,0.06862026299866289,0.1918352967209062,0.10575267398711277,0.398
8.216270923614502,0.0766737436721509,0.05086985833415962,0.2082337743103783,0.11785043995525626,0.398
8.226431608200073,-0.0696285246064844,-0.09668795817561003,0.1396900126931667,0.07837100671973343,0.398
8.23659372329712,-0.1017803161720532,-0.32930281829815056,0.119656626272618,0.0976161059053989,0.398
8.24675703048706,0.23537019127254305,-0.3871632778248109,0.1946257008577825,0.14423829264259427,0.395
8.256997108459473,-0.2215127770510536,-0.48015656220907416,0.15015676984210563,0.1185690866102197,0.395
8.267161846160889,0.0015834489810076559,-0.4797981125690411,0.0738971167264526,0.11840144627591356,0.395
8.2773277759552,0.01519461107278804,-0.5933317489348889,0.11546866436308757,0.18779784831873447,0.395
8.287490367889404,0.17108522876762378,-0.07456607320045854,0.07715461960863365,0.21415760244654153,0.395
8.297653675079346,-0.23029231082641774,-0.06451088725080821,0.01992656107894398,0.17610412995207844,0.395
8.307860136032104,-0.32773514787437685,-0.044646633188854305,0.01687794807967223,0.23346247669831682,0.396
8.31807279586792,0.16107089456735593,-0.07540565957999823,0.027565355914393894,0.1970616734914884,0.396
8.32823133468628,-0.6814887236642906,-0.09407018820604614,-0.062421239000797824,0.17741937906377514,0.396
8.338389873504639,0.29260646708128024,-0.12835313408907276,-0.04016299495658553,0.2684093672743044,0.396
8.34855031967163,-0.23799814032791378,-0.4943850654548963,0.03073244732126905,0.2253116812020586,0.394
8.358726024627686,0.06872703797967834,-0.035540246919228406,-0.019430315450358143,0.17503503107250262,0.394
8.36911153793335,0.013851265611305067,0.007404364346637547,-0.021211828715845857,0.2930269613208718,0.394
8.379286050796509,-0.10147209978145252,-0.2611230965208595,-0.04117134429906605,0.23999181201452968,0.394
8.389455318450928,0.13968698582398945,0.017088435432371984,0.01029317274036956,0.318519984230177,0.394
8.39966607093811,-0.10141988092358906,-0.026266147209579,0.03899332092949545,0.2884155712233384,0.394
8.409941911697388,0.07317003629421731,-0.0543964569581434,-0.04433841261204671,0.18598185077992863,0.396
8.420105457305908,0.018895678746640943,-0.062061333195780395,-0.07479027557115558,0.28498885219851244,0.396
8.430266618728638,0.07002474124548674,0.18484053262720426,-0.04285825662228529,0.290678901277555,0.396
8.44043493270874,-0.02285815492159652,0.012824807859192084,-0.09295098919979956,0.24864998174962202,0.398
8.45063591003418,0.06200665756320405,0.029089449504875096,-0.14523112174485553,0.32308255898484894,0.398
8.460897207260132,0.022056008043094974,0.4651272756344908,-0.14577412696639816,0.2816560277076452,0.398
8.471079111099243,-0.06246804221812532,0.5012144151685077,-0.22781222106572907,0.25453728696876465,0.398
8.481244087219238,-0.05071204795788,0.04920034225709874,-0.17539873644307338,0.30532911148786407,0.398
8.49140477180481,0.010708210134472505,0.022423116574314703,-0.11350818517425791,0.20091450736770766,0.398
8.501566886901855,0.04238800609157781,-0.18868121998103146,-0.08107122791998829,0.1574242605876113,0.4
8.511735677719116,-0.048413059213437394,0.6442012850036423,-0.06874900966678305,0.20360613663601113,0.4
8.521982431411743,-0.0673421457487095,0.10247541478624327,-0.02469287984929508,0.20276830286001846,0.4
8.532145738601685,7.704011510345797e-05,0.3344822790762231,-0.18002096784142574,0.17979379680082871,0.4
8.542306661605835,-0.4373991975449892,2.2824948698116523,-0.18353399206829596,0.267183159222542,0.396
8.552476406097412,-0.06517148180247401,0.2804704305423763,-0.09219298942522881,0.25344732441045764,0.396
8.562678098678589,-0.5625758329642226,0.2840914924837535,-0.1582578182846228,0.21367054113950554,0.396
8.572953224182129,0.11696777507257208,0.5008886349805308,-0.09041277168968095,0.2222130513523884,0.396
8.583163022994995,-0.1265091202707448,0.15481683105262636,-0.07636334047364371,0.18535902747998503,0.396
8.593326330184937,0.8857633797989327,0.13714060508259018,-0.12588780741402011,0.18289047272299414,0.396
8.60348653793335,0.4709533991092857,0.5844310265356961,-0.10195661169701109,0.2546784352213994,0.397
8.613673686981201,0.03406594712646521,0.17109129750083724,-0.03626118687544501,0.2022860231702306,0.397
8.623904466629028,-0.31610534611360314,0.1759552701333448,-0.11467642359640653,0.07655218239542648,0.397
8.634114742279053,-0.3262500070610803,0.08677236107625534,-0.08065700436302776,0.1396325384803036,0.397
8.644327640533447,0.3582892204479376,0.7337695219058986,-0.04371077731146916,0.07774112167355372,0.4
8.654501914978027,-0.07964862804238766,1.135581686718214,-0.08212111630089133,-0.01144559634744767,0.4
8.664674520492554,-0.30645469853789403,0.12191745959098951,-0.0291360278830433,0.09273040055114623,0.4
8.674839973449707,-0.09139730326090906,0.7297941387686367,0.02547351300594991,0.07481472831037993,0.4
8.685049772262573,-0.10182300990972148,0.08089593577722892,-0.016307071908747015,0.0011159988776450053,0.4
8.695643186569214,0.8992909801614007,0.24331698327908985,-0.033713687768672715,0.06805143883063157,0.4
8.705888986587524,-0.08007323195438465,0.19048319128668917,-0.0005326852337907001,0.05311217912319442,0.399
8.716159105300903,-0.07453201244836492,0.08598732180320894,-0.056811730912155065,-0.0028597023038492014,0.399
8.726370334625244,-0.14664480875746702,0.47789326731351056,-0.02819701172517558,0.025165543700744433,0.399
8.736535787582397,-0.07269267566838455,-0.08930348271425363,0.04471264712631,0.04530084198812741,0.399
8.746700048446655,-0.06266074827106782,0.35985083124510997,0.020463355832314435,-0.02614541321458308,0.401
8.756883382797241,0.2437915610665485,1.3450412534002483,0.10404780753142223,0.00488602003629407,0.401
8.767094850540161,-0.03935163651702673,0.0634971222026327,0.19818495495174762,-0.0002218699063604168,0.401
8.77726697921753,0.0005322327928630792,0.47908064603010825,0.11075870632159966,-0.03591317485952232,0.401
8.787452936172485,-0.10579200293483162,0.08835361471508035,0.05955632936646507,-0.06589161776967992,0.401
8.797594785690308,-0.12289068429291129,0.18890725369383268,0.10603722691066825,-0.059641172976763246,0.401
8.807762861251831,-0.2248158480308667,0.2715670195122027,0.1471777255249951,-0.050440621820686427,0.401
8.81795072555542,0.5776072918959003,0.10403650195273119,0.061854647154792816,-0.07526330957950443,0.401
8.82811689376831,0.24615440021492668,0.5303594648541501,0.10115865371031513,-0.02423999790777928,0.401
8.838361740112305,-0.025670419001439748,0.3038178934231344,0.1361120903267878,-0.05302093606365284,0.401
8.848530054092407,0.168251535406111,0.06890171200535379,0.05896065864973359,-0.09542003668953679,0.399
8.858693599700928,-0.01533002779290969,0.23481747603548603,0.17460367393384477,-0.06815589085995184,0.399
8.868943929672241,-0.017104145329663915,0.367652034257063,0.18725106159342625,-0.13836891547851482,0.399
8.879110097885132,-0.4885052412814817,-0.6291195583450848,0.14200059093320527,-0.06288951593825418,0.399
8.889271974563599,0.12028206187023759,0.18950135607296514,0.08341401614468849,-0.18918223191167344,0.399
8.899437665939331,0.23149526805395665,-0.03774471410089138,0.07139995218285518,-0.1668200856326427,0.399
8.909616470336914,-2.093867284382472,0.19335921255921543,0.19150122370446498,-0.1003780581132855,0.401
8.91979193687439,0.08617920818132789,-0.2478121274714648,0.23066278458698602,-0.1011713770454734,0.401
8.930143117904663,-0.22221004297356983,-0.03676492307047738,0.1660657916697072,-0.07791519555868452,0.401
8.940308332443237,0.303505704713429,-0.26469083703589946,0.1679766910438027,-0.02861654281885395,0.396
8.950485229492188,0.10883366230348708,-0.04395575996719649,0.2549024415489985,-0.12273385012398978,0.396
8.960692882537842,0.3204164371827577,-0.25538832108450693,0.22266055921654945,-0.1867824602501652,0.396
8.971036911010742,0.34213323930416956,-0.26279346528362363,0.161251428130067,-0.08852962572011196,0.396
8.981261730194092,0.19845875311299327,-0.4533513795484276,0.1853284357464171,-0.022171766779893798,0.396
8.991426706314087,0.05545907109589131,-0.07359765191878799,0.13411220032467155,-0.07681959390272068,0.396
9.001608848571777,0.3011682970793868,-0.23899048395113423,0.148500028148481,-0.05143990607210694,0.398
9.011910915374756,0.4509850876534745,-0.05933665300404227,0.14697836655195892,-0.07581676072970003,0.398
9.022110223770142,0.06258298704001,-0.07947642423717245,0.2040300676706966,-0.15371970074576458,0.398
9.03228211402893,0.023247032509641958,-0.07490323579467457,0.12192925925105706,-0.13655958898931905,0.398
9.042447328567505,0.08465902094766208,-0.309322156966315,0.1769473271366033,-0.05328884994313926,0.402
9.052610874176025,0.08311964538746955,-0.10724536644431239,0.13555029802184684,0.020731447302427486,0.402
9.062772989273071,-0.027364114101348962,-0.5000543834043152,0.06334706648450622,0.024468832756170983,0.402
9.072962999343872,-0.09458654440978821,-0.0933487913946387,0.07487298277861729,0.12725322219623214,0.402
9.083131313323975,-0.056916247378671216,0.11016565537106342,0.06316953509763437,0.07195123197566164,0.402
9.093293905258179,0.21093242421372005,-0.10158128654177116,0.05192626920165759,-0.007768139840405502,0.402
9.103455781936646,0.9391697275583801,0.08582699600437452,0.09821994515868772,0.015920049092033928,0.398
9.113620519638062,-0.5068758744920492,-0.04546075459966742,0.14829443123016198,0.04335790348154729,0.398
9.12378716468811,1.691650102479612,-0.12349345570764002,0.08776311192476166,-0.009813653417368631,0.398
9.133975267410278,-0.040979317060774796,-0.14675061063855846,0.04642047545172862,0.109236123814488,0.398
9.14414119720459,-0.006508005793394435,-0.2579616893883513,-0.0003895498472459777,0.1454145988580126,0.399
9.154305934906006,-0.3479413122891839,-0.23069304754079684,0.002804666441703997,0.12423890097875309,0.399
9.164475202560425,-0.22135796929685206,-0.2247634940065148,0.12027502244657279,0.08565831564240378,0.399
9.174643278121948,-0.032429121905928955,-0.20527101039959816,0.16424886492424035,0.021203430476391897,0.399
9.184814214706421,-0.08970783162199605,-0.05073517065413433,0.12315790826351256,0.06973242749129063,0.399
9.194983005523682,0.46204274704987036,-0.2521526852729719,0.15127844151438552,0.13105880006524245,0.399
9.205178260803223,0.90352249383063,-0.09197373571768892,0.11606682027697025,0.08470946447492184,0.398
9.21539568901062,1.3082742684164266,-0.2883884934701444,0.006226778478091336,0.054357172428714615,0.398
9.22559118270874,-0.07752455234865777,-0.03638669878864925,0.08717209536877238,0.11170483762338336,0.398
9.235759258270264,0.07979381550052535,-0.46897013568050133,0.15809562891666637,0.04498679956816344,0.398
9.245999336242676,-0.05006524565661982,-0.07421867739607015,0.16457755656298256,0.05119477501791898,0.401
9.256164073944092,-0.10188759600519076,-0.2787447751963492,0.20714051414485762,0.12250956961470086,0.401
9.26633906364441,-0.28846866277411976,-0.19274380655532775,0.18308356017343302,0.16110816613934348,0.401
9.276506185531616,0.2810329773585524,-0.05986894180044314,0.08731588726700218,0.13041494361426234,0.401
9.286669731140137,0.019696370357345692,-0.018772531640532532,0.10248203248035967,0.19357474363370197,0.401
9.296870470046997,0.70065743822637,-0.21498403345646933,0.16214808622124577,0.1802663348160326,0.401
9.307118892669678,0.47839599315965703,-0.082394194799188,0.08495180840729663,0.14307853704471757,0.404
9.31728744506836,0.9834488284188949,-0.09023675220053351,0.02537887331063486,0.09535068637823682,0.404
9.327452898025513,0.6021135601551582,-0.0607039941014455,-0.01978756651895032,0.1575498834829162,0.404
9.33761739730835,-1.693817308030181,-0.22422656662185544,0.05235899118966855,0.19396408296098727,0.404
9.347781419754028,0.4498339773759266,-0.4051938800630478,-0.09046457754766797,0.16144431856112854,0.398
9.358184099197388,0.5824270488904681,-0.2470065339754186,-0.12586094175600873,0.19926362565040023,0.398
9.368405818939209,0.38600318450165705,-0.05526183025286255,-0.1885717541748079,0.17220031263220661,0.398
9.378638982772827,0.3096901966676073,-0.31516334976010363,-0.21536847234894496,0.09740821589366916,0.398
9.388912916183472,1.1721419095092698,-0.4247823909422708,-0.2780823523000904,0.15143241066922003,0.398
9.39913272857666,0.25714542047386235,-0.4302684133670966,-0.1944060853785293,0.16083867196049065,0.398
9.409332036972046,0.006816749857379427,0.0019084452900962315,-0.2733400658922368,0.15016952160287364,0.402
9.41951060295105,0.03776765278692879,-0.00460678712238406,-0.270488285144449,0.15632348792512157,0.402
9.429671049118042,-0.4920826619463024,-0.45301638640832126,-0.33790038912215953,0.08167614499705578,0.402
9.439832210540771,-0.10885047233869535,-0.12520502433060401,-0.41058609838557236,0.08573847152040479,0.402
9.450082063674927,-0.22775341580269526,-0.07981706786220931,-0.3765545822703023,0.10383608607040297,0.402
9.460248470306396,2.682802342310671,-0.04378641283261018,-0.27163749637778767,0.1322171375339336,0.402
9.470462083816528,2.670821966123285,-0.043788601859492675,-0.27933860871567634,0.15394081047160663,0.402
9.480647325515747,0.22993127158294832,-0.27917525588129505,-0.30078616567848554,0.12271664794057643,0.402
9.490819931030273,0.09242403232083672,-0.29781870673105487,-0.38393774161966177,0.18810178706951533,0.402
9.500987529754639,-0.21190982262382907,-0.22060349512435948,-0.3169689072156196,0.2462759615722468,0.4
9.511194467544556,-0.1873018210584101,-0.39568588779569,-0.34901577999593103,0.20548951945509103,0.4
9.521368980407715,1.333748628718883,0.4104102185015306,-0.365436995131909,0.11709712713556426,0.4
9.531534910202026,1.2556033195214464,0.3723218775557338,-0.38114306784471264,0.15989451517708167,0.4
9.541702508926392,-0.6235628816147502,-0.19663631576399673,-0.3776949211144916,0.22554740704968412,0.402
9.551907300949097,-0.2786977985994912,-0.4162264907255598,-0.36731431372224954,0.1842838803382597,0.402
9.562108993530273,2.8905998718717925,0.7630116795907904,-0.34954132885919675,0.1690971403612572,0.402
9.572287559509277,-0.30022737567985625,-0.0032053339959343986,-0.3344182126270286,0.1784324772716036,0.402
9.58245849609375,-0.1556900236554109,-0.19564210138046176,-0.33288334535254177,0.2499242799679775,0.402
9.59262490272522,1.2666673765582666,0.4204216913545348,-0.32816817816203436,0.20458413434456107,0.402
9.602792739868164,0.5948125632013597,-0.14495464191030982,-0.3126959043774097,0.13265466210852164,0.402
9.612974405288696,-0.9140481661182429,0.022998937574931013,-0.22583158179109936,0.1219428891006172,0.402
9.623159646987915,2.164519365845051,0.2391060939480807,-0.2203569777828873,0.21544533993580456,0.402
9.633393287658691,1.147091936719955,0.4075547604273698,-0.30858802409687824,0.18558263575672157,0.402
9.643601655960083,0.8586479016466445,0.20993439020748017,-0.3811715136032013,0.14006453809566352,0.4
9.65376901626587,-0.22303100109180843,-0.21125760545296432,-0.22860755439065145,0.1514999908223807,0.4
9.663962125778198,2.0373073066883136,0.6681168205285347,-0.07921764652216665,0.1681894268929794,0.4
9.674135446548462,-0.5970712935441791,0.07320985504311146,-0.03759451412335968,0.18810700412441375,0.4
9.684341669082642,1.4333574273051135,0.06087761662611896,-0.06608919530458404,0.1241049444361875,0.4
9.694504976272583,0.6004094078142949,0.508147193228861,-0.1236459764212911,0.1563090324224161,0.4
9.704670190811157,-0.2093615262183498,0.10472034134815253,-0.01365551032308926,0.1816967492714638,0.402
9.714860916137695,2.80516934391238,0.6787213713148839,0.014213167590754722,0.13503788564064095,0.402
9.725088119506836,-0.15202609758357477,0.009925157974216586,0.00642683510996972,0.08907342743416012,0.402
9.735272407531738,1.8071207846357111,0.6625933355145681,-0.05644665213704875,0.18942148408554488,0.402
9.745456457138062,0.413785593349391,0.09880073238219855,-0.010347684949991554,0.22156305347659133,0.402
9.755625009536743,-1.1260935974779374,-0.48319861294748867,0.047450514603410474,0.1484573467735567,0.402
9.765790462493896,3.132448646485165,1.109901591916638,0.02689667368733442,0.04472460986278126,0.402
9.77604866027832,-0.2732806721024933,-0.06827383854810819,-0.032299782372525065,0.05700968825367307,0.402
9.786212921142578,2.5959518169860876,1.0913504377502778,0.11836501411381682,0.11222731115939977,0.402
9.796398878097534,-0.682467420951724,-0.34360892587729885,0.11764864648525157,0.05916825164996049,0.402
9.806570529937744,1.609169543645281,0.6470000221067876,0.09500351257076169,0.11194922348538236,0.404
9.816742420196533,0.463716532937516,0.14838322725666941,0.1630163595829356,0.1268500192761967,0.404
9.82711911201477,-0.45578516440520783,0.1375265052506783,0.19784130393847776,0.07796977618754185,0.404
9.837283611297607,1.8527651861099035,0.7000115045594112,0.15151680264948308,0.05728242237852167,0.404
9.847448110580444,0.9406977582702197,0.08426420075006925,0.23717211903909013,0.061850838164643256,0.403
9.857612609863281,1.449235512824477,0.43232694982438535,0.28824406306439043,0.1158924582430001,0.403
9.867775917053223,-0.12479642448140799,-0.1650095193124754,0.30894609433574627,0.03642406663956276,0.403
9.877963304519653,0.9511725869734241,0.08995761428556402,0.3033307760717189,0.024750151886389342,0.403
9.888167381286621,1.0118195712397395,0.6871442985266907,0.37791410820875276,0.04828992656854433,0.403
9.898329019546509,-0.07489579289800435,0.0313778103024563,0.41262270189029054,0.0124707509782946,0.403
9.908493280410767,-0.32449742594558756,0.05889882401532805,0.32771025473449283,0.04470696472811351,0.404
9.918656349182129,-0.11193656422842033,0.08268274716530323,0.3007203250111248,0.07842840317689244,0.404
9.928822994232178,3.0080853028003007,0.8705518307531293,0.4429819955829869,-0.010161938396598631,0.404
9.939177989959717,-0.027787469124076904,0.049333057517785384,0.4280684479323963,-0.08124715241329092,0.404
9.949343919754028,-0.10074223771632163,-0.6275668328701655,0.45489446648018356,0.02548788732583898,0.404
9.959531307220459,-0.04395333564059621,0.19575827710639365,0.36757326041081906,-0.006055806512607578,0.404
9.969706535339355,1.969531168378214,0.800043749295905,0.37040052062073797,0.0053551398266386,0.404
9.979979753494263,-0.218194413796581,-0.12224620840103793,0.4306646419891136,0.0029173754225407245,0.404
9.990222215652466,-0.14892826095851047,0.03514796063260522,0.3907848884077837,-0.05474212621973154,0.404
10.000977277755737,-0.4974403247885634,-0.36773210836298337,0.43233688183656377,0.0150631594442895,0.403
10.011241912841797,-0.36063525913670336,0.020087532107037984,0.4901341999318546,0.005449149852455856,0.403
10.021473169326782,1.228103121365222,0.371269811376991,0.4098435186650066,-0.019820144533654604,0.403
10.03169846534729,-0.14921984611677327,-0.08243785176034388,0.4986391445208271,0.006965232823538156,0.403
10.041887998580933,-0.5650376178642211,-0.29399125446004953,0.42512296800772387,-0.021756099497770798,0.402
10.052128314971924,0.3753121617552771,-0.1042494743124598,0.41637262890572235,-0.02350496961304581,0.402
10.062290906906128,0.038488674238121294,-0.22596857838325465,0.5029125981750315,0.0412631949044588,0.402
10.072455167770386,0.4496880655469994,-0.0034625186183899178,0.5269643092932107,0.05064340186893196,0.402
10.08262586593628,0.23639035118354318,-0.17940321856742453,0.4541667194747314,-0.009054636572127295,0.402
10.092790126800537,0.3364424965891065,0.012971972616182582,0.40464858341995935,0.02587658865267918,0.402
10.103051900863647,0.24310340956971824,-0.002018503366699875,0.4803815223831937,0.032087063707239474,0.399
10.113219738006592,0.619754384276728,0.19861261605075445,0.4021706474543321,-0.06700085343812485,0.399
10.123383283615112,0.6703546939153276,-0.25806119048064413,0.39805437191533033,-0.04712818905728174,0.399
10.133549928665161,0.26893891153754523,-0.09210817768223276,0.4331116847925924,0.009601227985288618,0.399
10.14371395111084,0.39975729525525167,-0.2827972373576597,0.39647217013924696,-0.028442198686944607,0.399
10.153963327407837,0.3374521688585004,-0.020467304458252438,0.28055700413595513,-0.0035129026588519713,0.399
10.164148092269897,0.17461536191871163,-0.224318464630583,0.32183367556553244,0.019107594537784545,0.399
10.174310445785522,0.4172569551950131,-0.029267756448363907,0.3064596204521465,-0.05584274433067038,0.399
10.184481143951416,0.3660574318106952,-0.2588479067127298,0.22965779696602068,0.009650451021206333,0.399
10.194646835327148,0.25182049941336054,-0.07797323010908036,0.2503426298971985,0.07079544807517231,0.399
10.204816818237305,0.15696982659163972,-0.42212472837833087,0.24673611906643317,0.04273475240442386,0.396
10.21517539024353,-3.446967036711823,-1.2256255867508434,0.2202376547045226,0.05414563243023129,0.396
10.22541093826294,-0.2446802456417214,-0.0707805189351723,0.2918742508815433,0.07353468010153814,0.396
10.23558759689331,-0.04713944342596809,-0.2351634160195205,0.3023325656250077,-0.0006873178566660781,0.396
10.245768785476685,-0.09575013558816935,-0.2819572841090952,0.15551296954250654,-0.04153879647437689,0.399
10.255964040756226,0.29035302628456505,-0.508644996891949,0.11783121063259325,-0.021459738569736327,0.399
10.266180515289307,0.2970541432002363,-0.12566137207832195,0.18258986628568313,0.045141586412209014,0.399
10.27638864517212,0.8459959404480171,-0.10214178213346042,0.208833640993978,-0.04009359327936855,0.399
10.286556482315063,0.6451576516057826,-0.07115568964592547,0.09520587232659064,0.024084030909094643,0.399
10.2967209815979,0.7092870332593005,-0.5101057736727168,0.1182230065245907,0.0906672558776936,0.399
10.306964874267578,0.08933793899764325,-0.08580046194820797,0.1036276521132476,0.09460222711049762,0.401
10.317184209823608,-2.4751315099549807,-1.2354766608507715,0.06719792634050151,0.07296872349572552,0.401
10.327351331710815,0.005698127645877351,-0.06666461637828025,0.08316647507669547,0.13601791619841003,0.401
10.337512493133545,0.090411986620495,-0.060863777408020424,0.061527743271910615,0.09750681400417131,0.401
10.34767198562622,0.1283497835321579,-0.1028540811904872,-0.06627308918046933,0.10218395482800267,0.397
10.35844373703003,0.5141237656693726,-0.1270853294580705,-0.005948443249279595,0.1346055748108046,0.397
10.36866807937622,0.3003693569340866,-0.31515085567330053,0.03405517177700379,0.14755148888420094,0.397
10.37889552116394,0.8656326536880365,-0.2591153262363305,-0.0021046704948382844,0.11955973481767246,0.397
10.389144897460938,0.1458008713465994,-0.04866472534842689,-0.04244793270893529,0.1666794536324494,0.397
10.399311780929565,0.6017578750797624,-0.24195080126429983,-0.08512127411453588,0.16968539186356116,0.397
10.409477949142456,1.7568746464125478,-0.4606240833983163,-0.03274326873309652,0.19354263416957437,0.402
10.41964316368103,-0.39601297962978266,-0.22226813836018122,-0.12772925508605998,0.18059182695886905,0.402
10.429819822311401,-0.3620350964403867,-0.06715437386103072,-0.22161457313609406,0.25243658651589235,0.402
10.440098524093628,2.1188146626172175,0.2902825898965773,-0.23799710817674843,0.22211707990109872,0.401
10.450259923934937,2.3585069833780907,0.3252282897828282,-0.17533039935581998,0.10749557818502263,0.401
10.460421323776245,0.09251948051584385,-0.21365262353708567,-0.09345994820198436,0.14851348395406488,0.401
10.470584630966187,0.09251284425542561,-0.2135994649312803,-0.05792252848465623,0.1660919433978209,0.401
10.480790138244629,0.12651329171640055,-0.38713569362198474,-0.1558466649588224,0.16086853216972313,0.401
10.491061925888062,0.07332292073028297,-0.3384801478071961,-0.08888911095110036,0.1967668724347204,0.401
10.501228094100952,-0.17476729701799773,0.025103718477475483,0.0010754732160908054,0.15117399173183838,0.405
10.51139497756958,0.06634450020349617,-0.22747247699063625,-0.07308542971937892,0.1604861414077101,0.405
10.521562099456787,-0.4366803994537812,-0.006726907020908745,-0.05976348567821371,0.24769959460698748,0.405
10.531731843948364,-0.19068486856988798,-0.008995979711047826,-0.11264316649105845,0.28436543563404976,0.405
10.541982650756836,-2.286799186876982,0.16741124733047053,-0.16929811588106267,0.14968500586298347,0.403
10.552165031433105,-1.632630817134327,1.4494765919931802,-0.09137362777218443,0.1623599751310354,0.403
10.56235384941101,-0.40699865535307306,0.02658753094590169,-0.021315580578318033,0.21732059128446768,0.403
10.57252287864685,0.10458948629286807,0.0055965178791908396,-0.051061951193234575,0.16086549792539728,0.403
10.582699298858643,-0.07800100627379679,0.04047439915675921,-0.11076896606767575,0.16617155781490683,0.403
10.592865705490112,0.20989201026922388,-0.1073052565100031,-0.050164583698042914,0.1708353970952186,0.403
10.603131532669067,0.1729105274182863,0.026891988958189946,0.01862758075270618,0.21413547236793318,0.404
10.613317728042603,0.1509681687320251,0.07117040390498124,-0.09438777912425912,0.1826652881294476,0.404
10.623486757278442,0.4149916494097715,0.07930402996539862,-0.1151710640522444,0.1256450154410821,0.404
10.633669137954712,0.22093163879525643,0.11077051123792421,-0.09182438275238769,0.17599870744330076,0.404
10.643833875656128,0.14828190811299213,0.3005949285571518,-0.1017332603971648,0.12100422822207788,0.404
10.654025793075562,0.155981687058844,0.09620970980150964,-0.21062841170918645,0.1821195015254391,0.404
10.664200067520142,0.15870144329947594,0.0718997418838223,-0.13715582042071767,0.1965658169250827,0.404
10.674365997314453,0.03662392433458001,0.06222080829604655,-0.11763442368001015,0.124785522300393,0.404
10.684536933898926,-0.037026040962727366,0.4513713230355247,-0.22059527889194516,0.05231068841861531,0.404
10.694702863693237,2.617576867900903,0.6610627759749355,-0.27694102830298334,0.10451225221480255,0.404
10.704874515533447,0.013702990482760035,0.04434831673724571,-0.24635976876351723,0.17542994191722885,0.402
10.715171813964844,-0.17164942190738527,-0.018832615137756102,-0.20242200276384362,0.1279321758729689,0.402
10.725379467010498,0.19460490894021693,0.030643411504183204,-0.24421701363556164,0.04397740427063024,0.402
10.735563039779663,0.3008845753340523,-0.12861319321412124,-0.22114377948328712,0.1281557328669369,0.402
10.745752096176147,1.106065367616135,0.7266600944900472,-0.19791460298318392,0.16941777634630942,0.404
10.755996704101562,0.934055509989865,0.05327923011680891,-0.2427789013945983,0.11475688784718426,0.404
10.766180515289307,-0.08133779452296919,0.029177216842116816,-0.2905452095858517,0.08224943236677965,0.404
10.776407718658447,-0.5360966231052057,0.05065893923680543,-0.18621859290812534,0.09680726545684884,0.404
10.786581993103027,-0.5850971652962885,0.03955836240861714,-0.13917298846733364,0.08668695799975933,0.404
10.796767950057983,3.4562753370531585,0.46784773754806364,-0.2497238190860903,0.10161722574012318,0.404
10.806979417800903,-0.3609645077025951,0.005136081717551483,-0.3048200617459343,0.006469349988774565,0.402
10.817193746566772,-0.7678484489206738,-0.7489523628650218,-0.22875129866144606,0.03603019420832048,0.402
10.827357769012451,3.6750438553345406,1.4632558575930974,-0.10350247299361412,0.022949010456376533,0.402
10.83753490447998,-0.31270577784346226,-0.11592129866640806,-0.17732254437291517,0.009495072401953315,0.402
10.847700119018555,-0.5176380340559524,-0.16929992670615843,-0.21673186046193532,0.010433452764747587,0.403
10.857862710952759,2.9232049666973627,0.8350948221670961,-0.1156013884331922,0.12211848944626745,0.403
10.868124008178711,-0.5519762501705189,-0.1808395475604118,-0.010242316100079751,0.02968431996569812,0.403
10.878286123275757,2.3888916469377213,0.4213319509200769,-0.2747949898140653,0.07844422643694458,0.403
10.888452768325806,-0.605759438797928,0.017431155131784372,-0.12227282265343173,0.08923146963109166,0.403
10.898616313934326,3.2229827080030806,0.6219887896484867,-0.12227282265343173,0.08923146963109166,0.403
10.908784627914429,-0.438598383830059,0.06773848623921341,0.02218446756725964,0.041422941238518404,0.403
10.91900372505188,0.656919747324224,0.12016325169107414,-0.12675707393493924,0.00173655672984558,0.403
10.92922043800354,1.315203000583934,0.4879404292786258,-0.06606220159688964,0.024987365737774582,0.403
10.939387321472168,0.988495054746286,0.2040682001377907,0.036729046242389304,0.0028735596420659607,0.403
10.949556589126587,0.9116700781381253,0.23341360114442478,0.09215811493843634,0.021878741917126007,0.403
10.959739446640015,0.6190536450746363,0.25645402264649303,0.06060389192840288,-0.001643436247420027,0.403
10.969918489456177,0.6193544929990666,0.2565291318577208,0.10884795918854105,-0.006417633334108844,0.403
10.980135202407837,-0.6099844225237098,-0.14939900808885126,0.19009095945939358,-0.044359685658642484,0.403
10.99031925201416,0.021645198946767537,-0.0077300592228229876,0.12841433058221266,-0.010580547003720783,0.403
11.00106167793274,1.8806870322316966,0.6167933857819222,0.1186381086393918,0.04542621925246608,0.401
11.011287212371826,0.02937045827144358,0.0685786665327596,0.2171801653573573,-0.007283444212157181,0.401
11.021463394165039,2.3913312337186223,0.6524831123447749,0.1675816092710012,-0.08746134186715443,0.401
11.031633377075195,-0.19577881201901395,-0.20072873938062952,0.16407285330899096,-0.07930391525238215,0.401
11.041817903518677,-0.3954331512849606,0.017982465709826007,0.1684090321670721,0.008543748493736014,0.402
11.052017211914062,3.123220829178207,0.8552621246852058,0.24833793143892258,-0.023568708697500523,0.402
11.062199592590332,-0.4933966618114371,-0.20156726659172353,0.24273945676835668,-0.117587171907699,0.402
11.072367906570435,-0.5239740431531849,-0.1996592943564699,0.28156620160199025,-0.12209564669493986,0.402
11.082539319992065,-0.11164565896666588,-0.1886902934361732,0.3269193231283437,0.019559433302408488,0.402
11.092711687088013,1.8802091559231313,0.6677166497975451,0.3554900853254661,0.019550001326991154,0.402
11.102878332138062,0.787646358248226,0.23758507895367606,0.2478348126626242,-0.03840168012395,0.404
11.113206624984741,-0.02549098190702316,0.010189818174301766,0.2615221745934353,-0.059644894797383295,0.404
11.123372793197632,-0.2211166059242203,-0.21810457675923703,0.36785945801251274,-0.03513240219785786,0.404
11.133544206619263,-0.16739007783295046,-0.19430750547426134,0.3881550218358213,0.002792487923022363,0.404
11.14370846748352,0.06972173175730914,-0.1951021065537068,0.34061823901079735,0.004071919514029257,0.403
11.153876304626465,-0.021401199832093366,-0.24139622103219396,0.33246879820929026,-0.07600837696062976,0.403
11.164118528366089,-0.3978661983292183,-0.02705092875321446,0.4163858359265844,-0.045421678356645,0.403
11.174286365509033,0.11798868981003095,-0.2042871864702051,0.39457050677243105,-0.08031443646024342,0.403
11.18449878692627,0.09750829283973399,-0.028456220637153588,0.31092172390761785,-0.05280717499659067,0.403
11.194663763046265,0.12345804681215633,-0.03786386908947312,0.3635229905248955,-0.02631993101016271,0.403
11.204828023910522,0.21596522828614748,-0.2788006018790233,0.397312194728468,-0.100639792456219,0.402
11.215121507644653,0.03944050871686855,-0.0600838109989976,0.36827151740245756,-0.12499912707180756,0.402
11.225342750549316,0.20208396369099388,-0.24593259503469914,0.254027563702201,0.05025824467490128,0.402
11.2355637550354,0.21831576649623552,-0.12646197498967646,0.28524237754907833,-0.0031513603767358983,0.402
11.245762825012207,0.15703353045546053,-0.7200776336998462,0.30141580679950086,-0.027317463363101813,0.399
11.256020307540894,0.2878169433631239,-0.282064768747547,0.28915017075485017,0.027287747019112865,0.399
11.266199111938477,0.19274605949574586,-0.187954435023784,0.2643871159747686,0.05902782762940148,0.399
11.276364803314209,0.22423970492767853,-0.2772689970352505,0.21704499321266188,-0.03355634939504587,0.399
11.286532640457153,0.22119659269860487,0.12941074196009625,0.19317886427039868,-0.004619215571402241,0.399
11.296693801879883,0.21512160462817687,-0.25501458470966626,0.26600758786324274,0.03696508875834777,0.399
11.306854009628296,0.1650435250296578,-0.0922995163462402,0.2211489906102856,0.010747340107605058,0.403
11.317107677459717,0.5034465510441328,-0.4942442597980051,0.16127996692687613,0.00882542711459399,0.403
11.327277898788452,0.22155005337113998,-0.09829216077279818,0.14812792562937457,-0.0013642302413055321,0.403
11.3374502658844,0.15032151962071383,-0.09230410960688437,0.2217756682384378,-0.004772580803303304,0.403
11.347614049911499,0.15182152356780632,-0.47685514491025754,0.15553320416384298,0.008176413440754326,0.401
11.358754634857178,0.1267616160584248,-0.05248674602438706,0.14349961406824693,0.13335635224816328,0.401
11.36897873878479,0.12676230884282727,-0.25278273429893305,0.11288070131847183,0.14037845674131202,0.401
11.379204750061035,0.31766281493133486,-0.2861207787350403,0.1108044309676349,0.06867360267486171,0.401
11.389417171478271,0.07698437513912595,-0.25180886627597354,0.16474587756527945,0.13677169144634638,0.401
11.39962363243103,-0.09162978603243305,-0.024645932395868927,0.09771486687386503,0.114198136625594,0.399
11.409788131713867,0.05233493881189139,-0.241238700139353,0.008106619784643193,0.07964097809130774,0.399
11.419996976852417,0.08271475736680269,-0.3207038138320597,0.10336392391491375,0.10025293915827768,0.399
11.430204391479492,0.07290301878882112,-0.3393702796850526,0.11389533925631819,0.08259092489406186,0.399
11.440401792526245,0.10772833249930065,-0.44437131459155876,-0.01337371789912875,0.13123324387473287,0.399
11.450566530227661,0.19162982503367426,-0.26099921321382946,-0.07782613085742632,0.17036184820475342,0.399
11.460733652114868,0.21117802949316852,-0.06744755005483598,-0.015855915542673585,0.2394652781850608,0.399
11.47089672088623,0.16557044945977742,-0.03915416697843681,0.07731046851434875,0.09293433073332591,0.399
11.481107950210571,0.047722447779901596,0.005120936137960488,0.0717621420110974,0.038459836012709275,0.399
11.49144434928894,0.09352807639664258,-0.40758522233748895,0.04495492163974013,0.15515446054396265,0.399
11.501619338989258,0.18067530005659604,-0.25579933937282384,-0.029908333082372174,0.16103127056306377,0.397
11.511784791946411,0.1449813834535314,-0.27395980523342844,-0.1141226189845786,0.16369017653805298,0.397
11.521955251693726,0.02962668429305705,0.006585765693918633,-0.09657557419054763,0.1601697832262893,0.397
11.532121896743774,0.08161715057150125,-0.1846733497408855,0.027503173223226485,0.14636039317507676,0.397
11.54233717918396,-0.11235830239766614,-0.043102236438063025,-0.02678651464264578,0.10709276808870427,0.397
11.55250072479248,0.007500044362304672,-0.21732224588484803,-0.09150377513981207,0.1424912320701502,0.397
11.562689781188965,-0.1790229707408729,-0.20400142851090722,-0.098590423211312,0.24684477779022163,0.397
11.572859525680542,0.10304854274044674,-0.2235893520265742,-0.10253408628345898,0.24263037160507647,0.397
11.583105325698853,0.11706758311858421,-0.04997450070367053,-0.15257360837506792,0.11241781086630179,0.397
11.593273639678955,0.01805456378469436,-0.22551300081889192,-0.17065663333472414,0.11987665340253592,0.397
11.603434801101685,0.028697873302027513,-0.0064914764097773305,-0.12881577056439603,0.20668031406777793,0.399
11.613598585128784,-0.36328006071894264,0.23130494014027647,-0.07854428834356628,0.16289180729204245,0.399
11.6237633228302,0.2825939021993624,-0.20859773584459607,-0.1707695617689791,0.156170671740873,0.399
11.633927822113037,0.009607899655818144,0.0005524824603099651,-0.16275354665000635,0.1928383700143729,0.399
11.644184589385986,1.6741581281469087,-0.013574675963778626,-0.10753351843097869,0.21560637417065992,0.404
11.654346466064453,1.8842006842165195,-0.2748991840582185,-0.11139958063875441,0.1652289399124675,0.404
11.664515256881714,0.013443120189883381,-0.2431937147364915,-0.18281064612968245,0.1206643810257384,0.404
11.674678087234497,-0.12705268349493523,-0.18005800538418967,-0.18857877849095422,0.18274463583292483,0.404
11.684842348098755,-0.2065690514121803,0.009499065616556907,-0.10292541441360334,0.14024871318026078,0.404
11.695093393325806,-0.45608820100808306,0.0371139966643349,-0.09703491520933769,0.0705512597508665,0.404
11.705249547958374,1.8929045832255031,0.1929220275791448,-0.17548863663963987,0.22460233086419032,0.404
11.715411901473999,0.6987041360988908,0.20800060502206924,-0.17805573454019308,0.22990513697832426,0.404
11.725602865219116,0.07357794794472673,0.01792972261513586,-0.20844620606809525,0.18649828034354854,0.404
11.735807418823242,-0.2885836535138725,-0.14965119873191723,-0.17178605416485207,0.19121802059367327,0.404
11.74613642692566,-0.28759463030046034,0.021747316980905085,-0.05317458659741389,0.11916867354556368,0.4
11.756306648254395,-0.47288515369841394,-0.19296263358075996,-0.148648947153089,0.14032849117735408,0.4
11.766466617584229,-0.22519911042725052,-0.06738935523569158,-0.10220651401844912,0.16797571570951306,0.4
11.776627540588379,1.9790717704023544,0.2233007666856958,-0.11731753234570541,0.14301581036696168,0.4
11.786797523498535,-0.2891462478410546,-0.16450060391499555,-0.1832627237755469,0.16467379711926644,0.4
11.797042608261108,-0.04533534214971981,0.01498138949552451,-0.0782719298886754,0.20084851208237842,0.4
11.807263612747192,1.2978578145124995,0.22903396009198784,-0.03642221560606221,0.11196866200156737,0.401
11.817432880401611,0.8261738915402191,0.03518102311265339,-0.09936926214972255,0.10355151808401283,0.401
11.827597856521606,-0.21200593954045768,0.008908267363860514,-0.008950286631012022,0.15839331856048258,0.401
11.837763547897339,1.3687439199328064,0.22097695775303694,-0.11693056042858405,0.1217087420250191,0.401
11.847941160202026,1.0813815118754155,0.04663176473408282,-0.037360547760786206,0.09738805084431512,0.403
11.85813021659851,-0.2817164142259022,0.008072261429804323,-0.09408335823479774,0.13503086496721026,0.403
11.868294477462769,-0.6851696099933458,0.008071768032576958,-0.05080929009884838,0.12642975026267997,0.403
11.878459692001343,3.0609177191655674,0.4454891159210751,-0.06462483443056072,0.12517661562556753,0.403
11.888630628585815,-0.0416005889433151,0.06048523388401312,-0.013549483297845055,0.1232958412633549,0.403
11.8988037109375,-0.12052681948521046,0.05069085095337437,-0.031613686386495046,0.111412941004463,0.403
11.909078359603882,2.258706009452096,0.4437451338153332,-0.024871303042741086,0.17988196774098825,0.401
11.919264793395996,-0.24638383791816912,0.09822226292842691,0.01933696684092112,0.11316364138594676,0.401
11.929431676864624,-0.136976763040443,0.10952171298407497,0.047481454785029825,0.06006875228839986,0.401
11.939594984054565,0.27201062534869147,0.05982575542924897,0.02048564122080114,0.100150776181931,0.401
11.94977331161499,1.6160641785689025,0.48014954723887726,0.0895885572008632,0.08596628108007962,0.401
11.960047006607056,-0.13531916816618794,0.08383922642641263,0.03457971813718935,0.04357283279170549,0.401
11.970229148864746,-0.13555296947215367,0.04273273117396544,0.03244997531161045,0.0828426732857799,0.401
11.980404615402222,1.238348926090229,0.23373256489591607,0.12442779287515499,0.07904645739825451,0.401
11.990612268447876,-0.1760310411116634,0.07112043151699839,0.10249387308043381,0.0555670015934418,0.401
12.00098729133606,-0.7713530747986653,-0.33836388051834265,0.12066389972489715,0.09064443544453257,0.401
12.011199712753296,2.9817622898898484,0.9081331133163049,0.141870828232251,0.0934782195151869,0.401
12.021439552307129,-0.5919676000504089,0.06855338608119094,0.06757635957704504,0.01861907917466489,0.401
12.03165578842163,2.8233132551496385,0.8333800766518021,0.11867170306938425,0.049081768980643904,0.401
12.041873931884766,-0.9919685220747619,-0.41931690492197277,0.15158666161954032,0.11952364945288607,0.399
12.052127122879028,3.8059402879601443,1.2516974953328925,0.1983914768245667,0.08241805164944964,0.399
12.06232738494873,-0.4520587805052735,0.05641640536522123,0.15743918309631502,0.057801184582200356,0.399
12.072523593902588,-0.5436378789977427,0.047679719025155755,0.2187774427093998,0.05747769350717809,0.399
12.082684993743896,2.693998420613091,0.7036610996344451,0.31422377877053387,0.03769099542878126,0.399
12.092847108840942,0.03244637858278201,0.11150756671340825,0.31255835435098406,0.0375120109875072,0.399
12.10301399230957,-0.14611430411844267,-0.16404165531003814,0.3031462038039149,0.12828804297789698,0.404
12.113179206848145,-0.14611430411844267,-0.16407472911416357,0.3031462038039149,0.12828804297789698,0.404
12.123342990875244,-0.14611430411844267,-0.16410308673413584,0.3031462038039149,0.12828804297789698,0.404
12.133500814437866,-0.14612661194634358,-0.1642351625160269,0.3454277388927798,0.10551429291445578,0.404
12.143656730651855,-0.7377902137553672,0.2738785550191256,0.3173506577810693,0.04136598290657703,0.404
12.153818130493164,-0.08510601450745446,0.08084189120826006,0.2951658483705726,0.02519175707631261,0.404
12.163976669311523,0.09172818536276679,0.045981123628556886,0.30001734535657965,0.0010209804558029278,0.401
12.174377918243408,0.09271941988431152,0.06945129912136305,0.38883522546849436,0.0030898784926888523,0.401
12.184544086456299,-0.33368040369131846,0.005759632098244888,0.3626342918880152,-0.07832093049328454,0.401
12.194708347320557,0.06401358005967565,-0.19893250146509495,0.3572332041298004,-0.08934042945325066,0.401
12.204869747161865,0.06401358005967565,-0.19898924990053887,0.3572332041298004,-0.08934042945325066,0.401
12.215041160583496,0.06401358005967565,-0.19879077004611428,0.3572332041298004,-0.08934042945325066,0.401
12.225215673446655,0.06401358005967565,-0.1987294149825706,0.3572332041298004,-0.08934042945325066,0.401
12.235403776168823,0.030372149878478704,0.07806603405359018,0.3946947458841276,0.043358511354836135,0.402
12.24562931060791,0.15770019314627504,0.012115341183862836,0.44630175306104014,8.43503738515855e-05,0.402
12.255799531936646,-0.3059004997726772,-0.2360256519312658,0.3819963259627994,-0.07132123512558008,0.405
12.265963554382324,-0.3060233525859743,-0.23614850474456286,0.3819963259627994,-0.07132123512558008,0.405
12.276188850402832,-0.3048155404299818,-0.23494069258857037,0.3819963259627994,-0.07132123512558008,0.405
12.286352396011353,-0.30603280900956603,-0.23615796116815463,0.3819963259627994,-0.07132123512558008,0.405
12.29651689529419,0.1363968684683949,-0.03300593558243426,0.4440214440786877,-0.008244738326639453,0.405
12.306679725646973,0.2976728494095198,0.0602600662642933,0.36606838059807734,0.035309750707736454,0.405
12.316846132278442,0.49921511595728935,0.2618023328120629,0.36606838059807734,0.035309750707736454,0.405
12.32702112197876,0.49904510584421397,0.26163232269898745,0.36606838059807734,0.035309750707736454,0.405
12.337185144424438,0.49926239194578315,0.26184960880055663,0.36606838059807734,0.035309750707736454,0.405
12.34734582901001,0.4670741119621216,0.01569351092787751,0.4709218263335748,0.02172130629036763,0.403
12.35917592048645,-0.5429369131469286,-0.1656069031275379,0.44079770758957537,-0.06961969668213207,0.403
12.369512796401978,0.10038846162170105,0.14646019884045636,0.3524454063228133,0.000753497342696724,0.401
12.379671812057495,0.24311795971142866,0.18421334647053692,0.3011583554962898,-0.049858563434164206,0.401
12.38982605934143,0.28137610618297176,0.1512654095917999,0.2491143547346063,-0.04544361034040894,0.401
12.399977684020996,0.28137610618297176,0.15131751845127903,0.2491143547346063,-0.04544361034040894,0.401
12.4101243019104,0.9343909430648949,-0.04086408305690092,0.20751964184089364,-0.0020381295736068283,0.401
12.42029070854187,-1.141194439568554,-0.04388121644316448,0.25982232663843696,0.006831807653014166,0.402
12.43045711517334,0.6353074698318583,-0.060845943813655747,0.1797763625632931,-0.024628760588904355,0.402
12.440614461898804,0.636026160876795,-0.060845943813655747,0.1797763625632931,-0.024628760588904355,0.402
12.450778484344482,0.6020063728969358,0.10977170326039169,0.09787517351847705,0.019998948071509565,0.4
12.460923194885254,0.11447650433366344,-0.9038400180452377,0.1481380792392124,0.06626562328499035,0.4
12.47110891342163,-0.487868241176426,-0.29742183937154654,0.1435783255177182,0.08581680870530695,0.4
12.481343507766724,0.34184257420204833,-0.017734912219462693,0.1541130450884221,-0.036519935485132715,0.4
12.491564512252808,0.9216791468439132,-0.04238642846088125,0.09692799497520835,0.025260174572802434,0.4
12.501750707626343,0.31528638854673646,-0.03217015270448865,0.12973982022846703,0.06611083969663692,0.398
12.511922597885132,0.5118814160038316,-0.07638341266313874,0.06566707302505444,0.027886651671858494,0.398
12.52219557762146,-1.13994196105814,-0.4534525026474412,0.0029641296994753624,0.0594120120760119,0.398
12.53236436843872,0.1711452093342008,-0.08058835720668085,-0.03980053679607727,0.103640524121176,0.398
12.542532920837402,0.1212199909134403,-0.10378808031454441,-0.09274228191734459,0.09918307148209315,0.4
12.55271053314209,0.4109906554026887,-0.0613289781397285,-0.09525002619149135,0.07513100753380393,0.4
12.562906742095947,0.3197425077427305,-0.004119766609997101,-0.065861061481504,0.1437583629818896,0.4
12.573087930679321,0.17432478606579965,-0.24192219843388282,-0.13313977611813954,0.09069872341441586,0.4
12.583272933959961,0.6154435169198084,-0.42960673759167894,-0.1735026339883189,0.10151003074903771,0.4
12.593441009521484,0.2960269126488065,-0.2590060008922651,-0.13915733513436826,0.10631433905454882,0.4
12.603612661361694,-0.032575641223043676,-0.4413231665243252,-0.09149613100794671,0.0732220056864048,0.404
12.61378026008606,-0.32495028925590225,-0.012704592499365747,-0.037750576338333286,0.09804437946926256,0.404
12.623953104019165,-1.3363270690363571,-0.3970516741896408,0.016280199761897707,0.06352237190918843,0.404
12.634217739105225,-0.6403837418437504,-0.09566234633382908,-0.10801825288717157,0.03943430719792289,0.404
12.644380331039429,2.3133878477259846,0.09400785348546196,-0.020930582627622374,0.15601743666795265,0.401
12.654560327529907,-0.827402433719978,-0.05809684218995449,-0.14483647675776537,0.10432492488020434,0.401
12.664735555648804,-0.41011395587517135,-0.3349768629388279,-0.012223925147674411,0.13969110526421574,0.401
12.674900531768799,2.469094405707488,0.1248405865044179,0.11880571893833383,0.18388618214723457,0.401
12.685163021087646,-0.5434884985863411,-0.2277821421172047,0.13749189999928343,0.1162922192723407,0.401
12.695332765579224,0.47495060990110716,0.15320530295284285,0.09976938840001595,0.1883882820167845,0.401
12.705502033233643,1.470267922457831,0.1949731529119665,0.14949810137357153,0.18587504111398268,0.402
12.715671300888062,-0.349736357567286,-0.01890153711472109,0.14278693757179334,0.17453375659749915,0.402
12.725841283798218,-0.5151856237793341,0.009081476443419209,0.2765630610317785,0.14594293692265514,0.402
12.736071109771729,0.9284072222937129,0.01359460804581778,0.2734563902860492,0.14064469054314527,0.402
12.746306657791138,1.561407714260045,0.23775895315237752,0.3447766888595857,0.19312245076573825,0.403
12.756491422653198,-0.4937199432743462,0.05109801740384953,0.26410569732678724,0.16073345112393178,0.403
12.766664505004883,-0.2384879934343165,-0.22292573721482906,0.3769681573116071,0.21859414424860618,0.403
12.776830911636353,-0.25210339560508377,-0.029060541450500955,0.350010484649841,0.07706209332596216,0.403
12.787014722824097,-0.007535005686374566,0.010946242237478018,0.4326444938189677,0.09736193515019265,0.403
12.797271251678467,2.0757605493771965,0.21244925081641314,0.4495528951747879,0.12735452830516314,0.403
12.80744981765747,-0.15651801212407432,0.07446949982717982,0.4855241996188916,0.13973136800011443,0.4
12.817614078521729,0.28784569203735494,0.2355874235723341,0.44335349538783264,0.1988560835723719,0.4
12.827781915664673,-0.12288984328803354,0.06722842743889362,0.4584015135065871,0.23531881097723667,0.4
12.837944507598877,-0.35093375121610065,0.08856870694987307,0.475945755564878,0.21495953532579432,0.4
12.84814167022705,-0.15399528056476355,-0.15685462735560843,0.5631495890785514,0.1402212985821386,0.403
12.858348608016968,0.05091947574538802,0.021798219990012645,0.531566056088801,0.06572317048728986,0.403
12.868510723114014,-0.14988465109556606,0.22349776663927165,0.5644222100923758,0.06415373660585194,0.403
12.878674507141113,0.06480780539917502,0.03797408516832408,0.5976614327626096,0.11147465554995162,0.403
12.88883900642395,0.048502612806267095,0.04732263168107557,0.585542978973904,0.15983100660998234,0.403
12.899004220962524,0.06393673909967698,0.05925271056999697,0.5591980628785221,0.15031689867932835,0.403
12.909363746643066,0.21352452508881217,0.19676069395190468,0.5197610454987756,0.148214189535432,0.403
12.91953158378601,0.28717709459937013,0.007612325133900357,0.5500366793514679,0.15235119990673482,0.403
12.929697275161743,0.297874988052358,0.030314640852968984,0.512724427190268,0.07340526724480272,0.403
12.939859867095947,-0.09550521776557101,0.03629392991635888,0.5374929618015745,0.1437942328390065,0.405
12.950093984603882,-0.9289538755170842,-0.15979056391220883,0.5239054816789684,0.06454253466236647,0.405
12.960312604904175,0.047921779133381394,0.023818360376261515,0.5014105300681257,0.11327629167507715,0.405
12.970481395721436,-0.30377341148016374,-0.17059522160211743,0.5418122955913602,0.09529827578389594,0.405
12.98064637184143,-0.28748648553383027,0.0005666552764514554,0.5805743673798347,0.12541551223280528,0.405
12.990816354751587,0.3917038340754412,-0.02021241851361948,0.5868414553295515,0.09447436558226259,0.405
13.001044034957886,0.17741243073552132,0.2027698958444216,0.5883987919674214,0.10321068072129194,0.405
13.011249780654907,-0.402357855885209,0.633658152306558,0.5358577786354262,0.08025787727617548,0.405
13.02144193649292,-0.6565212185003778,-0.1690060911603649,0.4569700488521364,0.014012063817587735,0.405
13.031612634658813,0.187735341678293,0.23038925794856904,0.4722249318797693,0.03981264587725564,0.405
13.041778326034546,0.22658362972607451,0.009107245241878368,0.4434994770090275,0.04083522499165312,0.399
13.051963806152344,-0.8079236526736695,-0.18820930213991496,0.47347023509002867,0.1012675428109138,0.399
13.062150239944458,-0.6441460581633798,0.07240351505726209,0.464267585709982,0.1306265912246587,0.399
13.072360754013062,0.18870197152389592,0.03371827193943304,0.4261340658570184,0.1718403140215749,0.399
13.08259916305542,0.4000258494408311,0.481912289083641,0.3789895038248445,0.09929283604539661,0.399
13.092771053314209,0.2245900898885118,0.031233681871535374,0.3646548690787661,0.07156242185059156,0.399
13.102946519851685,-1.1320706431550454,0.06127838005684876,0.3923015349937793,0.0750154089726599,0.399
13.11326551437378,0.24202754273223945,0.4289112712220852,0.2928144300106349,-0.017429886452758215,0.399
13.123426914215088,-1.4139152324700348,-0.7511480806949047,0.3041207355986683,0.06413435903608165,0.399
13.133588314056396,-0.1704157893637232,0.28580033063884813,0.28277177971412926,0.09755018738783203,0.399
13.143755912780762,0.23591320988142286,0.4615170324868727,0.25672603110375336,0.12518862815692583,0.394
13.153925657272339,0.25409708724319036,0.38291385661568395,0.2666310470584973,0.0823339871116253,0.394
13.16420578956604,-1.4061328227692715,-0.17025356120680699,0.23433545644004894,0.10648692112886927,0.394
13.174367189407349,0.19741981197362102,0.21520602214316645,0.29017280603400153,0.10406600236261844,0.394
13.184528827667236,-0.10948758595052008,0.006023763898601403,0.17837764661864886,0.1133928292171422,0.394
13.194685697555542,-0.40695173839775384,-0.3632051419896549,0.14591723813544338,0.08762948041525981,0.394
13.20483922958374,0.22564892823412902,0.02528934137745314,0.17483850588493435,0.04365990770264853,0.397
13.215008735656738,0.11013108814468558,0.05492675526045208,0.14833944384960004,0.03927410364633785,0.397
13.22533392906189,-0.2390543941887187,0.8164857161030719,0.11615045848001017,0.05577726909914949,0.397
13.2354896068573,0.2080773549703598,0.02267862763410617,0.1388739953793516,0.040455456233509206,0.397
13.245695114135742,-1.4387301127154581,-0.3615745565919238,0.07130176002316221,-0.0011584397400629179,0.401
13.255886316299438,-0.08903694541245305,-0.01803117209558156,0.06459443684308257,0.05813565718650196,0.401
13.266156435012817,-0.6701322935095053,0.048061310334912996,0.056057146557199455,0.032916636828081935,0.401
13.276334762573242,-0.236839281777372,-0.16892098372673114,0.04705580369006923,0.06617391824019893,0.401
13.286494731903076,0.049992625955132396,0.23753424887428337,0.014457915478454125,0.047124834088883905,0.401
13.296660900115967,0.10569519189290784,0.013003928387158923,-0.025166949734390515,-0.04728851463950855,0.401
13.306823968887329,-0.04512064208495174,0.4463807616543942,-0.10085585469736726,-0.008404048988593503,0.397
13.316985845565796,-0.09686972273545565,0.03014400660641529,-0.06697149705306675,-0.04075274440671348,0.397
13.327317237854004,-0.034917906141360616,0.2087669633672557,-0.10810787703661426,0.040484991682418696,0.397
13.337518215179443,-0.7019650875591293,-0.011749911162317857,-0.06613233742179436,0.03089545345680212,0.397
13.347681760787964,-0.09402724709480675,0.005247617297166245,-0.09587203978166091,-0.03811022680755147,0.399
13.35784912109375,0.09114471038762376,0.013446150514642093,-0.06219115670499026,0.020895381567937014,0.399
13.368038654327393,-0.7559711541140701,0.013740590991090899,-0.10958484070015381,-0.0549434713270472,0.399
13.378278732299805,0.04758313096351288,0.05075434627371619,-0.10019559600633281,-0.03140052347287214,0.399
13.388447999954224,-0.12722023742073665,-0.03695439410043003,-0.1675475435087303,-0.009789061604361063,0.399
13.398618459701538,0.074216928970493,0.16445916157693688,-0.1675475435087303,-0.009789061604361063,0.399
13.408785104751587,-0.029305114935328218,-0.04599101083626941,-0.15615116620407,-0.011045541693851912,0.401
13.418952226638794,7.313839130858241e-05,0.21052388767069677,-0.11927368576140271,-0.08555281683928533,0.401
13.429151773452759,0.0507640583266614,0.21703157268770448,-0.06519227281425483,-0.07718736246749715,0.401
13.439364910125732,0.021439110976812507,0.023319987421792147,-0.11341870613379851,-0.034624438383155445,0.4
13.449579000473022,-0.010685397773255738,0.02410646675939332,-0.11773995340158758,0.016755541365718565,0.4
13.459739208221436,-0.059956601731707845,-0.005092881742053458,-0.14776939400490574,0.026865649206667536,0.4
13.469899892807007,-0.047149714236350025,0.01571712262285086,-0.1970418409938172,-0.029530584025034834,0.4
13.4801185131073,-0.12533918513500258,0.034957630742078125,-0.09686723365295308,-0.09828638071358237,0.4
13.490351915359497,0.02244881936569001,0.008544948309475636,-0.12768933052233267,-0.1337851120946281,0.4
13.500577926635742,-0.012708709782646687,-0.002907576686764124,-0.1643258059237701,-0.05825822886056256,0.401
13.51075553894043,0.14583572879763207,0.057479240109586674,-0.16989940883677132,-0.01404246948461306,0.401
13.520930528640747,-0.27152799691575036,-0.042229239666389674,-0.1922480968800941,-0.038943308348472476,0.401
13.53112506866455,-0.04960684382685049,0.15500682921697687,-0.06342404288696885,-0.10383740587194538,0.401
13.54133653640747,-0.1345503418750102,0.16832644151389273,-0.051364343142608127,-0.09649878763975533,0.402
13.551504611968994,1.93710109913074,-0.5939294516387388,-0.012901827207253552,-0.046539386450301624,0.402
13.561694383621216,-2.2634639832424903,0.5592992160897003,-0.07853655324974423,-0.07244881950960344,0.402
13.571863412857056,3.1355665232791248,-2.006051592185732,-0.10648243674306059,-0.030163170217234435,0.402
13.582029581069946,-1.1423035809755575,1.5777701282964527,-0.09394627355261272,-0.019244681220865235,0.402
13.592273235321045,0.030046364862315874,0.19027719234126717,-0.09760318468086568,-0.05433471722831965,0.402
13.602444887161255,-0.18408167766851263,-0.6688507089368079,-0.0664185999665335,-0.011154652143836166,0.399
13.612609624862671,-0.07594544055409143,0.5735559886381726,-3.6410877411741094e-05,-0.08495290701737758,0.399
13.622780799865723,-0.13492751517986049,-0.44916263769147213,0.0030751351425532536,0.0053640218771564135,0.399
13.632946491241455,-3.404645253839408,0.34995744785060373,0.06257271212771398,0.0038312262259406205,0.399
13.643208503723145,-0.5205353310167664,-0.06354128917595925,0.05647290096079841,-0.07676882129429599,0.4
13.653386354446411,-0.1321451184160911,-0.2319079203728427,0.0020467827675256026,-0.03037290781658498,0.4
13.663555145263672,-0.07817084764808914,0.004810029354523226,0.07300262308996262,-0.08071782682699796,0.4
13.673717737197876,0.2587079517386499,-0.20957460563875363,0.034216264223034906,-0.09047779788060187,0.4
13.683883428573608,0.17962713153045035,-0.0327280108763346,0.0986026439084844,-0.07267046627082525,0.4
13.694073915481567,0.02002959692751552,-0.025722804636250044,0.08096211496101456,-0.10975215188222298,0.4
13.704290866851807,0.10725297511256655,-0.23282270901812108,-0.03255336260413545,-0.060947733659599296,0.397
13.714458703994751,0.08034015582307306,-0.2695927229898824,-0.01822298195417659,-0.027392402931886977,0.397
13.724626064300537,0.038164035530713125,0.010996372547426332,0.02256947651490232,-0.004161919764875864,0.397
13.734794616699219,0.01972132421014609,-0.03198943303516154,0.0661558208675862,0.019258502869482517,0.397
13.744974374771118,-0.05459770992894708,-0.0666018574106362,0.026365932245472637,-0.04758494029446649,0.395
13.755260705947876,0.05063714477596435,-0.21866703770883247,-0.021489319528853634,0.025031966791182483,0.395
13.765446901321411,0.24323595804634104,-0.05577357149298068,0.02228024829211707,0.035992995550768056,0.395
13.775622367858887,-0.029172636530133855,-0.03291332740279462,-0.00534685874206596,0.047582780384871,0.395
13.785799264907837,-0.06163877944204603,-0.015953275332373302,0.1093497010944588,0.11064748682451354,0.395
13.79601526260376,0.21105151730344723,-0.03216062860175542,0.09475559607489961,0.03500781306806215,0.395
13.806205749511719,-0.05602501446729716,-0.21610956511041757,0.015526343190725211,0.02404483554138989,0.397
13.81637167930603,-0.011227061735497769,-0.025495319499353082,-0.00662829099536473,0.12190894607074236,0.397
13.826538801193237,0.016362545547071686,-0.05222628157857052,-0.0039732696419749886,0.05929856618753079,0.397
13.836702585220337,0.13754464125921045,-0.4250871342364826,0.01397564532665417,0.0824526224469056,0.397
13.846882820129395,0.03224508086842835,-0.038545015980449064,-0.006299582221503605,0.09697199405245725,0.395
13.857046842575073,0.058362896562163306,-0.031112275113040006,-0.10408379526921667,0.04696337556262031,0.395
13.867237329483032,-0.11331131642305717,-0.058915457776839084,0.01845384405062242,0.048357263791822196,0.395
13.877403736114502,-0.07184900651750427,0.15303084183895796,0.03241783933313774,0.001633111779769554,0.395
13.887569427490234,-0.2509683534116989,0.3261052904750524,0.08782996953577765,0.0645034202566228,0.395
13.897737503051758,-0.6791128564347262,-0.07714712450671407,0.09393258905458843,0.024265234581534793,0.395
13.907910823822021,0.35471626878928453,0.006696993230357794,0.08747252473320441,0.05573892369204114,0.394
13.918111562728882,-0.022335847186574453,0.0008001247788845133,0.15559700067341856,0.07679866296184032,0.394
13.928478240966797,-0.1461210258745069,-0.07679148758081582,0.021021729741166527,0.09946655047580141,0.394
13.93864917755127,0.0025360795712020753,-0.07152304668223891,0.03979323641410145,0.12120086842831769,0.394
13.948827266693115,-0.2495037517084549,0.0009727399723857894,0.0006688424517250213,0.12083475936389987,0.393
13.959033012390137,-0.011806112842661537,0.03066419849988047,0.010757795241055454,0.0952203823823041,0.393
13.969225645065308,0.0015332978628044417,-0.022302909308283336,-0.031867893179212875,0.03592892750549611,0.393
13.979390382766724,0.01710665862586169,-0.0008245688154096711,0.0012078752565987602,0.09168925835599373,0.393
13.989552021026611,-0.6232975381194962,-0.15981654165700152,0.07892635168118206,0.035852531022571764,0.393
13.999720096588135,-0.45436468168115735,-0.13586399016093467,0.08396239348934995,0.06951776776166248,0.392
14.009897708892822,0.20269559732870848,1.0364757034176777,0.13366396470129802,0.05640032965718994,0.392
14.02014446258545,0.011712439449902657,-1.191051621879851,0.09486365411288507,0.0038101933901347057,0.392
14.030345678329468,0.7942917420298934,1.6900183839644551,0.11729515773562008,0.028071042628594417,0.392
14.040518045425415,-0.6295231752022183,-1.9468334462222043,0.12580673208056092,0.026601381358141205,0.395
14.050700664520264,0.0538843152942109,0.0884115739609204,0.061409644199127277,0.031239593060793876,0.395
14.060866117477417,0.37481363391445965,1.8705261200656744,0.02562364913648759,0.0669645833987973,0.395
14.071033239364624,0.38500706566657217,0.08327102605194954,0.012757607641808326,0.026623898614408035,0.395
14.081298351287842,-0.1994219000403923,-0.6022513124922754,0.030427412556977083,0.036409953207007156,0.395
14.09148120880127,0.0016791564869110247,-1.123719348256935,0.03729365349200276,0.012231892477407729,0.395
14.101670265197754,-0.1672843894584647,1.8629450843225306,-0.024812281820213188,-0.021964818614237727,0.395
14.111835241317749,-0.3924205652863047,-2.1808660615278574,0.03812201931515587,-0.028731690120079402,0.395
14.122002363204956,-0.46939138903807837,0.06269304057784753,0.03952706208753664,-0.02430453047440465,0.395
14.1322603225708,0.004164970975473041,-0.009034557929167575,0.04898556796901137,0.009222004664554743,0.395
14.142425775527954,0.18752145224151384,-0.6148517160970762,-0.02066598713096749,-0.0115151902371214,0.396
14.152595281600952,0.07875330564678044,0.39108012670816306,-0.007332749195340174,0.04636275413142717,0.396
14.162755966186523,0.43543238968675757,0.3481562623369522,0.05233291441314925,0.015196562505088107,0.396
14.17291808128357,0.1815250450570595,-0.09223540827100614,0.05155200296318855,0.016575539358336826,0.396
14.183149814605713,-0.6067307698357638,-0.08143148135125247,0.016488641522798032,0.05153501947757559,0.396
14.193344593048096,0.6153414572853734,-0.22357167786389995,-0.06931321036444014,0.02279163044660553,0.396
14.203516721725464,-0.782799241267915,-0.016108698417374327,0.015707687203684068,-0.005095985548292643,0.397
14.213683605194092,0.6373264913770732,-1.2678568780656356,0.0035206627323706788,-0.04383952108252268,0.397
14.223856925964355,0.22414264281350937,0.9892639315799114,0.03296569865309939,0.05266845596188666,0.397
14.234023571014404,-0.09283881603307785,1.039877792236404,0.04921901773852407,-0.023266964025215914,0.397
14.244248390197754,-0.08018450848220432,-3.1038340031013423,0.07029980655198914,0.06219849775741026,0.399
14.254425525665283,-0.07363123148232215,-0.06927585840156229,0.00862076863670315,0.04942835784063562,0.399
14.264604330062866,0.11473606297929242,-0.04022067544951509,-0.014767267474459856,0.06733199476342792,0.399
14.27478575706482,0.1554301929366468,-0.2779376232669932,0.02157750749116748,0.04873036902281482,0.399
14.284959316253662,0.0031701115143169686,-0.2582069356929457,0.03213144226978596,0.034636628995444764,0.399
14.295158863067627,0.38689711922576236,-0.09885275934180435,0.07350972006466093,0.0008243536485622291,0.399
14.30534553527832,0.024321641593819734,-0.29758793720279614,0.07851618013461845,0.033211454112976685,0.4
14.315508365631104,-0.00755626121832984,-0.27503826160261485,0.11218075034392841,0.10087747305021849,0.4
14.325671911239624,0.1958410542861321,-0.03789079610873756,0.11925241145420068,0.04126015117300261,0.4
14.335834503173828,0.041332586577262374,-0.045087309078868605,0.1241942690700499,0.10475349871400108,0.4
14.345999240875244,0.08766392673112168,-0.0950577159256923,0.09880479179524987,0.05201394436317793,0.397
14.3562650680542,-0.0652762367172058,-0.2506194073901288,-0.001518645613649755,0.08868787749852114,0.397
14.36643123626709,-0.031725404650157406,-0.015379019664360035,0.037263970008994195,0.04922126642716915,0.397
14.376622915267944,-0.0407356217741647,-0.03569792340375514,0.04457826589525748,0.0775424875684162,0.397
14.386792182922363,0.16621446677429214,-0.009908156512157923,0.022493081320394088,0.06676542651452816,0.397
14.396963119506836,1.3087048266989436,-1.294918750701006,0.022975775221740456,0.06273871655307561,0.397
14.407128095626831,-0.022045031918719805,-0.085088712918757,0.05690758943892302,0.05682001489392546,0.395
14.417404174804688,0.39195479203603534,-0.1897723234848564,0.06644150955172096,0.08733681666208784,0.395
14.427574872970581,-0.007640037010780395,-0.020784866307948496,0.07331563249226487,0.0510927021922976,0.395
14.437743902206421,-0.08949652984426991,-0.2482371033420216,0.0707676728477476,0.14323155745317978,0.395
14.447919607162476,0.08511253999568814,-0.07518216412045754,0.0030681328969621342,0.15218244275193094,0.396
14.45808219909668,0.06090397250264445,-0.24567665234140565,0.03747173822084168,0.15647379339143908,0.396
14.468307256698608,0.08145284799541572,-0.2767466292659785,0.055285149157036834,0.08867651179080752,0.396
14.47847604751587,0.11444156752253082,-0.08561995088249665,0.032053797425980676,0.06558546572307841,0.396
14.488639116287231,0.16721632664556885,-0.04274335644670369,0.0688892153837107,0.08900567795890194,0.396
14.498804330825806,-0.06557791147389402,-0.21256152587254218,0.08858359364860943,0.11443064373123009,0.399
14.508972883224487,0.200770196798644,0.008132009131266769,0.1239849009203577,0.133915799547122,0.399
14.519202709197998,0.2035580739506632,-0.00805132035427202,0.10467793842363723,0.06777222057563306,0.399
14.529419660568237,1.1352613546395296,-0.198289787683088,0.13602543969032393,0.10607013384970336,0.399
14.539591550827026,-0.028279077969849707,0.033331738620401646,0.1889403759811613,0.024917799149821826,0.398
14.549766063690186,-0.049905434507564635,0.032055140924997595,0.1653129970626695,0.10094024547222215,0.398
14.559959411621094,0.3450518880922126,-0.010693026334784443,0.18121242000615373,0.08417588500920775,0.398
14.57018518447876,0.15018901926839617,-0.031953890570811425,0.1006056956230991,0.08982801721105924,0.398
14.58039665222168,-0.09288846339850242,-0.035531652830216226,0.10303514825730237,0.08014207551601465,0.398
14.590558767318726,0.15295561196008248,0.015781498674266668,0.12023194148332292,0.05062439234472699,0.398
14.600724935531616,0.16022661736745464,0.013265552124082803,0.15593747773118496,0.15327628361484086,0.396
14.610889196395874,-0.11498565027704549,-0.4724267474730857,0.12720482793816007,0.08837787974522504,0.396
14.621066808700562,0.15525992672917052,0.035341148038125415,0.12026997585276414,0.14849043923536284,0.396
14.631354331970215,-0.06006403226341621,0.22924218256668377,0.15235765315975902,0.04910320545930255,0.396
14.641506910324097,-0.017430848431069308,0.012233108208316322,0.18282651021719432,0.06603260143194375,0.398
14.651669025421143,0.11440855854506439,0.03452981900613315,0.24740864366071338,0.050016828299717306,0.398
14.661822319030762,-0.07219123373382068,0.3987571922891835,0.22984144218229824,0.08170916246949897,0.398
14.671971321105957,-0.20767463242679934,0.01454070067675238,0.22466298733726053,0.11517262051437165,0.398
14.682136535644531,-0.007434082814021033,0.24062699533943743,0.1929804094014555,0.12497631521015058,0.398
14.692400932312012,-0.010900650771819927,0.034980266921775874,0.20154566931043988,0.140129239583056,0.398
14.702668905258179,-0.03686411102378422,0.22880531387489042,0.18029236341547866,0.07462603808316622,0.396
14.712821245193481,1.5496769279959617,-0.5951191474509445,0.21251030332562687,0.15071001911060647,0.396
14.722973585128784,0.1870335942632739,0.009015401590227056,0.19216444231036794,0.09645153881659174,0.396
14.733190774917603,0.026221281696501612,0.019075338058478768,0.2053638089565381,0.14027270283334312,0.396
14.743362188339233,0.02932990926873827,0.02350340827329432,0.21235958052567272,0.11084329265004637,0.396
14.753514766693115,0.1900915372739619,0.27802660742354013,0.22246264071176863,0.06688018446150618,0.396
14.763665676116943,-0.009974901143618051,0.07049646155324377,0.18366544654458278,-0.003417793359073454,0.396
14.773830652236938,-0.03558613864609604,0.03611172132116248,0.19153816267415555,0.1270247516677943,0.396
14.784003734588623,-0.01342454594402662,0.47924031335896067,0.19850956767353178,0.11649673792432147,0.396
14.79441237449646,0.22272594108549706,0.0005092650901426561,0.24550713877131636,0.1438446435772284,0.396
14.80459451675415,0.12785973561367842,-0.20721616455552216,0.23165424514098504,0.0716852021470363,0.394
14.814754724502563,0.14518965819082044,-0.019211724223872864,0.23064793657762545,0.14718052092320177,0.394
14.824912309646606,0.056351440235770676,0.2367332293012912,0.21553926912208082,0.1256365982553071,0.394
14.835071563720703,0.019256410057194504,0.26844328425975,0.23275950674007062,0.14851497704505134,0.394
14.84535551071167,-0.274188920071474,0.06686985770614502,0.23746725157199045,0.08818110635708651,0.395
14.855523109436035,-0.004987477749287161,0.2729519538773516,0.17581940105878327,0.07594803100547357,0.395
14.865674495697021,-0.00030453572452736344,0.037849207670026065,0.17907668018168615,0.14507006053020335,0.395
14.875823736190796,0.2209217590742369,0.030214063398468508,0.14774159468824444,0.0846549910532465,0.395
14.885971546173096,0.04862596895952381,0.2431406620032951,0.2106076262693141,0.060213701966895655,0.395
14.896133661270142,-0.4249809131797451,0.6556353969579031,0.19841962438474736,-0.028074922343833394,0.395
14.90628957748413,0.1769283600909837,-0.12239582645091653,0.16944913062856443,-0.02085457769986706,0.397
14.916456937789917,0.22664893421711754,0.08609161582052366,0.18760436004280118,-0.04531374993156039,0.397
14.926628828048706,0.06445134195135689,-0.30636575774157176,0.17244920358622898,-0.0036397803213582755,0.397
14.936808824539185,-0.7340582991154704,0.8831779085455519,0.25610632849195,-0.04717354590690606,0.397
14.946977376937866,0.3166208721608486,0.7950055225005936,0.22802249141242303,-0.05254144929164136,0.402
14.957244634628296,0.005845321762159452,0.24636428907895766,0.2423211557411114,0.04180060498770238,0.402
14.967425107955933,0.0058452053124043776,0.04689926671274496,0.22192971525419297,0.04250357173191608,0.402
14.977587938308716,0.004251665989969848,0.08575278520603137,0.19446461596455025,0.029942035781441577,0.402
14.987751245498657,0.05060012245434372,0.05712393662923991,0.18206680308859585,0.007193130401358632,0.402
14.997915506362915,-0.11610762239721162,0.2658609049409593,0.14212114343454307,0.018778414811356493,0.402
15.008100509643555,0.011881804480668211,0.04859554911592794,0.20086859400396886,0.058638470246114224,0.395
15.018361330032349,0.044235934901851855,0.06688281842539438,0.11375870439564559,0.01520512865779726,0.395
15.02853512763977,0.09939544816034224,0.0399835540445251,0.18363465903511833,0.006720299088729866,0.395
15.038732528686523,0.028477279238031346,0.22671384640042197,0.13047659665080366,-0.05864788108758219,0.398
15.048903942108154,0.09321234577948713,0.2771623726535129,0.16580400370955323,-0.0373994767873035,0.398
15.059089660644531,-0.1762468576673922,0.053059346429270265,0.1930298878566868,-0.014851078691553771,0.398
15.06937575340271,0.0780351921470705,0.04362080582644391,0.23264545875266493,-0.024556950166921408,0.398
15.079528093338013,-0.15534497825248067,0.04584758696824619,0.12716787027239698,-0.022288343037748237,0.398
15.08967638015747,-0.011067241490301936,0.04607998176822382,0.11692472396808784,0.02317365600000132,0.398
15.099823951721191,0.012245435633520865,0.021999243638819117,0.08678563257888272,0.015627038570657018,0.399
15.109977006912231,-0.171998963774431,0.02575806691017912,0.06840910550673808,0.003732160517720823,0.399
15.12014651298523,0.06870990175869493,0.07812897380929552,0.12100964041402396,-0.012096416593072493,0.399
15.130417823791504,0.13860991891352525,0.6698724049355796,0.16394397218217543,-0.06092006626309565,0.399
15.140568494796753,0.062243301019705974,-0.3903778290316752,0.10035269511792555,-0.040420020653313106,0.4
15.150718927383423,0.03717290193619494,-0.20770665190401766,0.07388929198155146,-0.11322507438187644,0.4
15.160867691040039,-0.020729874535141284,1.183497293248078,0.05452737012062619,-0.08290324506281682,0.4
15.171016931533813,-0.04114529374016502,0.37253006738389827,0.08777571427362524,-0.07540244642196516,0.4
15.18125319480896,-0.739719090094271,0.20281120978818182,0.05920370871590494,-0.03167048163283259,0.4
15.191422939300537,0.01721289050129615,0.05344199591503662,0.1056442179180721,-0.07962715680379577,0.4
15.20157504081726,0.04552996294825212,0.0455196305173351,0.11838846729907582,-0.057668674841879305,0.397
15.211730480194092,-0.10697191972280701,0.00943177816089364,0.13000342276161506,-0.15613416479318737,0.397
15.22189974784851,-0.12083407751606176,-0.004333739814868705,0.07389062847695181,-0.0813424604803126,0.397
15.232059240341187,0.04075322806880977,0.0454854738959388,0.06021167310425857,-0.11194500699825852,0.397
15.242234468460083,-0.11508366199952998,0.451361338574065,0.046480303022677597,-0.09972110920625599,0.397
15.252408981323242,0.02468758923529611,0.42304817391707034,0.07184012156243022,-0.10787788034723735,0.397
15.262564897537231,0.05878538401125201,0.17105721796760295,0.05802940898895209,-0.03992136374378174,0.397
15.272718667984009,0.05611776088052626,0.03688523877763533,0.060053956619573946,-0.14591525542305145,0.397
15.282906532287598,0.00955940902909684,0.08047992824639015,0.0823986017189653,-0.1145579801606265,0.397
15.293120861053467,0.029229461325205975,0.04599580094020393,0.03746876094566333,-0.05731071562211543,0.397
15.303309679031372,0.2441965369644027,0.011780611901267949,0.059984324504854476,-0.022741372248318542,0.396
15.313475131988525,-0.19125867941383443,0.034985796778930926,0.09075375920298523,-0.026581018373903822,0.396
15.32364559173584,0.04957162451399192,0.023985984865009236,0.042418610820383326,-0.040942707863950434,0.396
15.333816528320312,-0.17776950311924505,0.06774783703679109,0.006999571550709065,-0.03998572777253856,0.396
15.343986511230469,0.05309103921296087,0.18804580867647394,0.009916770729533689,-0.07096478481555106,0.4
15.354223728179932,-0.016075323340645813,-0.00600306221608432,0.06869641314407643,-0.13086474591087213,0.4
15.364410400390625,-0.19553955038217194,0.01875920853164408,0.04464712278153437,-0.07122292928691831,0.4
15.374608516693115,-0.008182912781501763,-0.0098204212797108,0.04222685835697697,-0.14435547481482575,0.4
15.384776592254639,0.1787006778706808,-0.6361171380558615,-0.03499332523924997,-0.16665973079944474,0.4
15.394942045211792,0.24848995522785253,-1.4754191342309135,0.0006189536360551792,-0.18054699432528243,0.4
15.405125141143799,0.43048047743772977,-0.018175038423208688,0.011851696752595106,-0.17261835649625215,0.401
15.415415048599243,0.8088707794019043,-0.02039049718060012,0.04689872720754891,-0.23331259343553018,0.401
15.425580024719238,-1.6141251880163385,1.729405741734724,0.040747379708239606,-0.1755225926040968,0.401
15.43574333190918,0.9544340669054749,-1.6838034531044865,0.012228693164420608,-0.16507741841013324,0.401
15.445902347564697,-0.86802818578461,1.5130601943122626,0.02565500358244064,-0.14411532843293762,0.399
15.456068754196167,-0.2754545149335654,0.11290267518119385,0.04811569755998158,-0.18707328795742,0.399
15.466339111328125,-0.03857694075288296,-0.09592288139455753,0.10337325839386091,-0.08958810467219984,0.399
15.476489067077637,-0.11166125150440717,-0.051909867489070796,0.033335550378393815,-0.09500041425885779,0.399
15.486636400222778,-0.774882153923528,1.8092925790650511,0.06638441486527112,0.015098491133529221,0.399
15.49678373336792,-0.20214548182596112,-0.018252264629865327,0.019166537582057087,-0.04317831058189188,0.399
15.506937980651855,0.0896247988184085,0.021133554266399325,0.045190456236235105,0.024858143767664778,0.4
15.517099857330322,-0.14029464422822982,0.09238355174359507,0.07714029062187193,0.00045632704164135646,0.4
15.527596473693848,-0.016441145706976093,0.07678657997314667,0.06441332068252717,0.03345615037342835,0.4
15.537807703018188,0.08691382312575056,0.04096075844054727,0.0809387234176919,-0.0608550518519706,0.4
15.547980308532715,0.2405310000747187,-0.13706498809790318,0.06859009867366235,-0.07444537493381609,0.399
15.558160305023193,0.05421343355768203,0.02655235246818261,0.09167677880289861,-0.07709974197408372,0.399
15.56836485862732,-0.02690725442358309,-0.00011308545987237115,0.03380916095150357,-0.08733901842990728,0.399
15.57852578163147,0.3855014473135762,-0.02114399629671809,0.055063082562680485,-0.050968909781747215,0.399
15.588680267333984,-0.3664950820497222,-0.434475977871647,0.03677340744075983,-0.04402742450257921,0.399
15.598839282989502,0.18061731613940907,-0.06926304968783824,0.004354419379717513,-0.04935411179322273,0.398
15.60900092124939,0.19880717280060997,-0.8241272198993651,0.0017712311990486368,-0.021514918338737386,0.398
15.619219064712524,0.17018347387122773,0.204620482178516,0.06783011651239935,0.00999951993918538,0.398
15.629417896270752,-0.029474763278095714,0.031409461111928744,0.055151896921459484,-0.010891526642270069,0.398
15.639572620391846,-0.0315520647082905,-0.004892737776313931,0.05972540667609156,-0.051166248191660074,0.398
15.649740219116211,0.2089885889390409,-0.8701121277403211,-0.009579173310546647,-0.11851692109258888,0.398
15.659897327423096,-0.013406333638037445,0.8864839723843556,0.004962844920615321,-0.07233873553399175,0.398
15.670051336288452,0.22703890413975678,-0.03221972289777769,-0.03724312643843736,-0.02700540527928092,0.398
15.68023157119751,0.22495743443910102,-0.04889981056111732,0.057648804750284395,-0.05895793447128253,0.398
15.690412044525146,-0.1368146199322162,0.9584208339668336,0.06684572693351468,-0.10474858626071398,0.398
15.700566530227661,-0.05627241450232154,-0.6696928688690036,0.028500871389789635,-0.050758633881414286,0.4
15.710718631744385,-0.03546288534777191,1.5719646830224936,-0.004556908302577534,-0.092297881842594,0.4
15.720870971679688,0.030190982630957344,0.1320620662525598,0.05268115466371618,-0.12988794313849578,0.4
15.731022357940674,-0.06556731736105925,-0.42828112694765125,0.03550188625046452,-0.10127335787020912,0.4
15.74117112159729,-0.03412672582874951,0.4190037902919501,0.048873375984180144,0.058673567043360755,0.4
15.751463890075684,-0.02008618222047438,0.014042061988580762,0.09949336063387121,0.024984474653087264,0.4
15.761614799499512,-2.005443230798057,0.47609054039025833,0.0865746976888032,0.018229009138226664,0.4
15.771808624267578,1.3751190725853943,-0.11407251536751817,0.0809330816138099,-0.03291143572883151,0.4
15.781983613967896,-1.0898633981240422,-0.12397589800924357,0.09926884093669087,-0.025587378576597458,0.4
15.792248487472534,0.0008026996354091363,0.06924567857283002,0.11812598999083679,-0.03918815962753065,0.4
15.802504777908325,-0.18802352126739602,0.8138912034314347,0.13813248638711478,-0.010052704226094632,0.401
15.812700033187866,0.29535895134162,-0.5472710688737839,0.11869221736491128,0.050770275359294924,0.401
15.822880268096924,-0.23659622169245756,0.01730327675607376,0.11538731977270271,0.06014034897665536,0.401
15.833045721054077,0.46057026356213826,0.035068165754366096,0.12314249239103714,0.044687067009358566,0.401
15.843222618103027,-0.25198910717074147,1.2477142143433884,0.09287294144342823,0.012950616998912416,0.401
15.853399515151978,-0.10569983442006853,-1.0168557736973667,0.09122357665516186,0.014467224228638595,0.401
15.86355996131897,-0.05159129168307932,0.0030453251958640444,0.0355167168128863,0.0354922095886476,0.401
15.873721599578857,0.032195152672258504,0.6336575852476541,0.0819086755119561,0.0023524353418800242,0.401
15.883883237838745,0.09369558665140222,-1.211699886844606,0.051735384365036524,-0.07344031425056571,0.401
15.894041299819946,1.083323822662089,-1.9835619462050105,0.04655496916093279,-0.03420477478681604,0.401
15.90423846244812,0.8300277508041052,-0.033964444366347504,0.03789443079079566,-0.06714691339039622,0.402
15.914448976516724,-0.6017918670767225,0.9686661214879416,0.08734742199085138,-0.08226274495491848,0.402
15.924614906311035,0.6242295554658982,-0.2593831664594813,0.005539651064565131,-0.05911617679099693,0.402
15.93478775024414,-1.892222446444991,-0.09436819112912359,0.00783210992407183,-0.060511291790945956,0.402
15.944953680038452,0.09953608740090948,-0.05911223046538461,0.012946648922366799,0.009154115180123712,0.4
15.95521879196167,-0.05224436468673511,0.5053262989193584,0.04587860972758786,-0.018788694860516375,0.4
15.965399503707886,-0.1288527588638585,0.11193262384466088,0.08514078574171798,0.02043948231557776,0.4
15.975568532943726,-0.02837737729661801,0.08911781060984938,0.10274068902546246,-0.031161029010612407,0.4
15.98573088645935,0.8051252799400599,-0.08903200645643036,0.07914945468846492,0.02037852155090093,0.4
15.995891332626343,-0.549997531283664,-0.23182099518366478,0.07727017050313058,0.012247030032865546,0.4
16.006056308746338,-0.1536659881118813,0.015387520471856224,0.051039623846662795,-0.009700752154452878,0.405
16.01625680923462,0.03717177025353939,-0.16341290259837468,0.13280209747493618,0.0426483977475486,0.405
16.0264892578125,-0.16904103273556967,-0.389900418569809,0.0748808260625803,0.053639069607642184,0.405
16.036659955978394,-0.0376586787826407,-0.031137352009648154,0.12001231232570025,0.10117858069283353,0.405
16.046844482421875,0.17000163831193166,0.022511902306599833,0.08997157860118922,0.021729553173588163,0.402
16.057090044021606,1.1852033110473965,0.3598534572500463,0.062280833360916915,0.03497721468628342,0.402
16.06732726097107,-0.9173378869889769,-0.21424922074269492,0.06027099760154897,0.06864896456349882,0.402
16.077499866485596,0.2638543156233235,0.7427663819646496,0.08909441724827125,-0.020508930780075933,0.402
16.087674617767334,4.61154648021973,-0.022302129830760842,0.03072927538521339,0.05961967135102779,0.402
16.09784173965454,-0.018981492627703017,-0.03210457177371166,-0.01764766073331612,0.011375783020388466,0.402
16.10801649093628,-0.23134222164200072,0.18840653165000568,0.07247558123268238,0.0374082773189063,0.403
16.118179321289062,0.1714316395508624,-0.012862355447682368,0.07247558123268238,0.0374082773189063,0.403
16.128366231918335,0.04580793057858169,-0.01195104158692831,0.09534444521145918,0.07889332903492227,0.403
16.13852834701538,-0.08359620893922064,0.024521275321654924,0.021212406375689295,0.02435007911903403,0.403
16.148692846298218,0.19339867570594946,0.0326382111690092,0.040852249465424914,0.07063682443108286,0.4
16.1588613986969,0.22914311451709535,0.009899324043774572,0.05828761684806605,-0.006060154847482152,0.4
16.16902756690979,0.1324945781124754,-0.3872252157240487,0.09255309331300102,0.05487985448140566,0.4
16.179205894470215,0.05091955360969715,-0.41606517752049643,0.05018702236201078,0.044023805958013265,0.4
16.189456939697266,0.3408438160594054,-0.019459217574348337,0.10166479881078884,0.04729043716483724,0.4
16.199620485305786,-0.07182573291930665,-0.14427726810167746,0.157527576925234,-0.02044143561690698,0.4
16.209789752960205,-0.06372890911058489,-0.009974653813581605,0.2363193369494458,0.08937275699170982,0.4
16.219956874847412,-0.1146458310240817,0.19001926438252337,0.1290692468115603,-0.0005013108312869512,0.4
16.230128526687622,-0.06951707623295295,0.018299324490721247,0.18004456497492866,0.01884313656432426,0.4
16.240311861038208,-0.19769871759459565,-0.01659798996690925,0.18335466374462234,0.0032614575668808315,0.399
16.25049591064453,-0.09535326499421276,0.1719840417642153,0.19702646570895027,0.044438152019106524,0.399
16.260661840438843,-0.30844162837363054,0.0049142979784336975,0.11250067536848539,-0.006609434763379505,0.399
16.270827054977417,0.05468867446278239,0.12987130278385717,0.08531930567920605,0.06895868005498235,0.399
16.280991315841675,1.0706619742763805,-3.4684236572569365,0.21656324393995935,0.05656049093006345,0.399
16.29116201400757,0.006564917534458183,-0.16872282510733863,0.16219636441262938,0.03594833185869242,0.399
16.301449060440063,0.014596828163012191,0.05642876119411604,0.21642724261727264,0.030872657131787537,0.402
16.31165099143982,-0.06375474129495608,-0.05278135927650413,0.14480912461583986,-0.037895522037365015,0.402
16.321831226348877,0.03314293983059497,-0.3057786976957356,0.18658933674030434,-0.052163713050005805,0.402
16.332001447677612,0.03103680330207906,-0.15628641049355269,0.15299836957380533,-0.04725881096756093,0.402
16.342164516448975,0.04399857329312397,-0.9703638981069914,0.191584164916375,0.0008670270335767328,0.401
16.352464199066162,0.06695967500922226,-0.12237525247034377,0.2013439453024909,0.05803373013015437,0.401
16.36264395713806,-0.04892374476419649,-0.10404134027402512,0.2369166371773449,0.12439693392326412,0.401
16.372865200042725,-0.14525690799203936,-0.10395502442687213,0.20623029501860476,0.07171608341437727,0.401
16.383031845092773,-0.17529500365041362,-0.13808449598584793,0.19267223574366105,0.12679266144318707,0.401
16.393211126327515,-0.4619909327496633,-0.3234202474236849,0.12110289716735316,0.1230623180097114,0.401
16.4034481048584,0.5862601232205946,-1.452407138548237,0.15142033743880354,0.1766590524302171,0.398
16.41365122795105,0.02516320723616842,-0.0074997994256745205,0.17568350337131988,0.1711954409081717,0.398
16.423819065093994,0.04693944088099624,-0.050274048042502996,0.242260604977647,0.18125177331534276,0.398
16.4339861869812,0.12375726821905927,-0.049634343137097345,0.17324294728410367,0.19607459023639617,0.398
16.444150924682617,-0.16449653637619338,-0.07414266185493965,0.14444448320171555,0.22352455419260792,0.403
16.454389333724976,-0.16865190861801868,-0.45092917679592476,0.12409433286352985,0.15273250042628916,0.403
16.464553117752075,0.031203585477087892,-0.6836391470364042,0.14779439391175975,0.12834934711461768,0.403
16.47471809387207,-0.086197121232419,-0.08584709714404941,0.07360066203077675,0.06503951266050775,0.403
16.48488473892212,0.026793706513144135,-0.05884547340556621,0.09787348102738339,0.09153531795331402,0.403
16.495052099227905,0.038717258179657044,-0.24120436204085594,0.1205357343249257,0.10489856903777603,0.403
16.505292654037476,-0.12638836265291975,-0.051144365148187314,0.12463096907569701,0.08633055183598297,0.4
16.515504598617554,0.021214005012258515,-0.010394771961405126,0.15596413871991058,0.10385252213873514,0.4
16.525712490081787,-0.1172870340822672,-0.08122599676355659,0.13681990114181164,0.08774225142335706,0.4
16.535874128341675,0.1264072056097858,-0.04169555089443508,0.1261952131877359,0.11792063387444895,0.4
16.546241760253906,0.043437236466420275,-0.2033782534796004,0.14850492213898894,0.1655101122084827,0.398
16.556469917297363,0.01727278357413544,0.1853595411696761,0.14856317579888648,0.19855793235322655,0.398
16.566690921783447,0.037850705970053765,0.0203679780222998,0.14162018026334156,0.11137590114339825,0.398
16.576869010925293,-0.14626988823107637,-0.03276096659352283,0.10684949870106715,0.1448091521565763,0.398
16.587035417556763,-0.15302112434255385,-0.05132147923257168,0.08341842354991567,0.09964914017594756,0.398
16.597198009490967,0.08163733055300554,-0.06570681503624919,0.10149592649460147,0.2206212339312621,0.398
16.60748291015625,0.21841976541803346,-0.12778124200471663,0.10116380622206558,0.2622872573803183,0.401
16.617647647857666,-0.14182085871327624,0.2340004646990166,0.09844846110163445,0.23927392696306693,0.401
16.627814531326294,-0.37382122191190403,0.028737103778537915,0.08006586169218984,0.21996542915263168,0.401
16.637981414794922,-0.1341968933955146,0.23169760753808188,0.03976213535922382,0.18995016602202733,0.401
16.648155450820923,0.025739220512567943,0.051173422833818205,0.07303418844203256,0.2049108932823993,0.4
16.658469438552856,1.0516040858698241,-1.1151056892722746,0.09319089344885072,0.09416066393771416,0.4
16.66863512992859,1.0660802438134573,-1.132478130046384,0.07186159728089903,0.08502062595729012,0.4
16.678799629211426,0.28695038075329515,0.07771282832999338,0.07245713008850069,0.1146532522885538,0.4
16.688968420028687,-0.12276817992858412,0.029981431661190945,0.0792775244689378,0.12373039454989074,0.4
16.699132442474365,-0.23873184398522526,-0.0700770779231303,0.0018855888732295517,0.09795556645779356,0.4
16.70941472053528,-0.03021538443651751,-0.2559924046184464,0.009867510895962467,0.033637166218103115,0.401
16.719578504562378,-0.02813397820832066,-0.08667175588639058,-0.060864086228690016,0.09004794244316125,0.401
16.729743719100952,-0.07543671102804254,-0.14332988162131355,0.0275814124714039,0.04600243175461072,0.401
16.739906311035156,-0.025429815621459826,-0.3723917296681408,0.04643512831796191,0.03692455124233535,0.402
16.750070571899414,0.02796898266671736,-0.1671418366217006,-0.005696952066315729,0.0659393366445277,0.402
16.760297060012817,0.023687587895980685,-0.16132016844676958,-0.03379558197341456,0.11887739616993369,0.402
16.77047634124756,-0.0561978983616744,-0.5012209594422348,-0.025082922844307035,0.10558648649498968,0.402
16.78209400177002,0.11792271951026276,-0.10499299302439788,0.0020166305003987417,0.09551690310254027,0.402
16.79251527786255,-0.2247725664925553,-0.2524495506525618,-0.011996518615707469,0.04987111104131883,0.402
16.802736043930054,0.014910178103936678,-0.05177882007586256,0.01929073821720373,0.1313870005202165,0.4
16.812976360321045,-0.011897898609073915,-0.0616509401416059,-0.003893667524634492,0.1268636231485682,0.4
16.823325872421265,-0.007708684717993312,-0.03553044873722082,0.004591468839574016,0.1725817518629776,0.4
16.833563804626465,0.1771201364614713,-0.06339554592184238,0.09265364426124736,0.13351826226062388,0.4
16.843733310699463,0.011915056141142591,-0.019927035124588238,0.006247374554620454,0.194108490379593,0.4
16.853901863098145,-0.22695231778556876,0.011273970963916753,0.0332348262700141,0.17294628916794738,0.4
16.864080667495728,-0.05220882203827136,0.03365506880875004,0.01657199536159431,0.16216697615019166,0.4
16.874288320541382,0.04520482001421049,0.0408922102937931,0.006092176203245356,0.05132301924626856,0.4
16.884490251541138,0.09589812406618904,0.022734502255509804,0.04856546651493645,0.12558384755381816,0.4
16.894651412963867,0.6480479852384579,0.10413051029257174,0.08462448321039008,0.12753587335291441,0.4
16.904812812805176,-0.7202485810753523,0.6127853841046738,0.06864986625975006,0.13626247002493388,0.4
16.914985179901123,1.0538212430523792,-0.3610573837156707,0.060681779144324835,0.14402661662467225,0.4
16.925163745880127,0.0005495155900941308,1.385863625004508,0.0633048506724081,0.12841747170097045,0.4
16.93544602394104,-1.2554691809003375,0.2565312525746668,0.059754523420283194,0.11249730446309733,0.4
16.945621013641357,1.1308409572335831,0.041124929704724617,0.05273313328995927,0.17603337525259272,0.397
16.95583939552307,-0.058821943743145116,0.08239401314165083,0.017976721780093234,0.05037259658595822,0.397
16.966005325317383,-0.07285251513851018,-1.736426601565026,-0.008356888948617552,0.09900682111903361,0.397
16.97617220878601,-0.9735382844090749,-2.077522340555397,0.06844655652716022,0.07918410323066322,0.397
16.986445665359497,-0.05255578851462574,0.32128993040008774,0.10622180552396074,0.06997990414970268,0.397
16.99660873413086,0.14738155732870287,0.0951032703514994,0.04793510201385517,0.027884430334723598,0.397
17.00677466392517,0.0011269823629006226,0.6019961670256169,0.05061237300051019,0.025570656554326915,0.396
17.016937971115112,-0.045999300670420115,-0.06817798107956753,0.11435065250458773,0.0292748802785069,0.396
17.027106523513794,-0.024224998154306808,0.13960054666994054,0.11587390123394134,0.047763652705283634,0.396
17.037386894226074,-0.005429529614162406,-0.06535697087210489,0.08897383061326405,0.047626254356919966,0.396
17.047572135925293,-0.04511993216078495,-0.044672330787017316,0.15722261069659083,0.12465739698398057,0.4
17.05775284767151,-0.07831661166140141,0.03756067949534517,0.08510777035657899,0.1680174733802337,0.4
17.06792712211609,-0.07831745018633075,0.03756108165224971,0.08714818492617302,0.1774743991356424,0.4
17.078129053115845,0.176079144942712,0.07048491032228503,0.07729531055515361,0.05766589734134211,0.4
17.088342905044556,0.2716218527862068,0.4584490624485844,0.06486479488242933,0.10427126784874367,0.4
17.09852886199951,0.22675024213475448,0.4541434328188244,0.06583541077192613,0.02449682555012632,0.4
17.10870122909546,0.10380951715728602,0.279261198690287,0.10381555388039321,0.019819317743870912,0.398
17.118865966796875,-0.046332659545166945,0.22714209488629536,0.056596755076846056,0.016661737355143605,0.398
17.129032373428345,0.17799242598692405,0.6509791885125704,0.07094857087591855,0.05568759636386143,0.398
17.139198303222656,-0.04446383766650019,0.11091040527427895,0.03371158095156189,0.038345837957712736,0.404
17.149380922317505,-0.0033804376326169393,0.3065691277926372,0.07625119416630308,0.030016223822368654,0.404
17.159546613693237,-0.020301688851488555,0.3424047645823066,0.14654039631949398,0.029353222963130074,0.404
17.169710397720337,0.006127717892180161,0.9273645303341181,0.13064294169195206,0.030556159870972106,0.404
17.179877281188965,0.2028345998201758,0.9131177797506035,0.05008331225861952,0.04141888170734254,0.404
17.190043449401855,-0.019341232645876727,0.5382049472986745,0.06035213985640508,0.03767200427411246,0.404
17.200206756591797,-0.12179604275652293,0.5475350744050469,0.11820568759630537,0.0193892430217657,0.402
17.210484504699707,0.0812306034776806,0.3400074201182622,0.04199375995664663,-0.02696924371040718,0.402
17.220654726028442,0.4171783607567512,0.2767764133439699,0.019790286442773895,-0.06331378857498562,0.402
17.23082733154297,0.02742176721929527,0.966093596805636,0.11728283725412697,-0.08805079381898759,0.402
17.24099564552307,0.10352890016816955,0.3273952225004634,0.11950900293018452,-0.05847301769237957,0.401
17.251157522201538,0.18279035304082256,0.5791264722609825,0.10427428747414413,-0.08332259362578404,0.401
17.26147222518921,-0.08747651604777011,0.6023706656369264,0.13229585980425002,-0.006191387468766445,0.401
17.27163529396057,0.10120209592978938,0.7794231307111548,0.09947046682333578,-0.07710426769768139,0.401
17.281800985336304,-0.0478665618539989,0.2915471389093947,0.11305756818762508,-0.13332560156256315,0.401
17.291964530944824,0.18068564902365697,0.5287415012185264,0.10273143244503857,-0.15245567104858038,0.401
17.302130937576294,-0.0012391131369600598,0.1441389722698028,0.11607602851524622,-0.14529608862517068,0.402
17.312482833862305,0.3174341845728493,0.706794380414729,0.12988797799938362,-0.12376434885134588,0.402
17.322696208953857,-0.10126202464705315,0.2799365743282295,0.12396159887089014,-0.17793476549594378,0.402
17.3328800201416,-0.04271832373647563,0.5273169525477539,0.08656671686876256,-0.10584126581270922,0.402
17.343014001846313,0.01332436184096938,0.7523073636297857,0.07084743969025253,-0.20751048975614805,0.402
17.353180408477783,0.0327713599277654,0.2904778033617372,0.10594756702757976,-0.18449568279981116,0.402
17.363460302352905,0.08019933331069581,0.5160085504576332,0.15479875400758683,-0.24237168600394898,0.402
17.373677730560303,0.10216835900340332,0.2900388012730262,0.1931144167142287,-0.1627880436837235,0.402
17.383846521377563,-0.02534612373004225,0.2739712094972408,0.12232992255420437,-0.20447304310905506,0.402
17.394011974334717,0.17499093137821076,0.054526488144763165,0.13151259488614503,-0.18936504196289444,0.402
17.40417790412903,-0.014240817110595456,0.2070646114937049,0.08264959055111405,-0.19675588556547355,0.401
17.41443967819214,0.2873349457179385,0.5894734162007196,0.1493781439031424,-0.17387645299597568,0.401
17.424625873565674,0.04480493778164575,0.03438803299549463,0.17176459072292807,-0.22350278748233476,0.401
17.43479323387146,-0.09096548081768026,0.4466566090132007,0.1904002353121833,-0.2698891156894969,0.401
17.444958925247192,0.1730428495750966,0.49465434705443084,0.15611826792920908,-0.2962553920381447,0.399
17.455127954483032,0.0032987307438060633,0.4409498508562129,0.13978292120308197,-0.30343003648202815,0.399
17.465373754501343,-0.004631633600014764,0.40751420800178256,0.12695305920022049,-0.2228743111160451,0.399
17.475553512573242,0.0025481085853984557,0.1523177712572954,0.15607178999632482,-0.18300644333481636,0.399
17.485717296600342,0.26474605304198195,0.024852604552906075,0.1249128085344491,-0.1922166949743118,0.399
17.495884656906128,-0.031649997547596856,0.39003558850873754,0.1613421015249662,-0.15488192382203964,0.399
17.506056785583496,-0.045768064386668146,0.052435905512824,0.1630366427596629,-0.2145295662411287,0.404
17.51622486114502,0.03510161455519183,0.038837357111200135,0.18299725251662088,-0.19360460706705554,0.404
17.5264151096344,0.22054962738679415,0.19075318104119515,0.15271915707430195,-0.19662509464028755,0.404
17.536579847335815,-0.07725908595730331,-0.0045089081698241485,0.17719628679635646,-0.1954494078289306,0.404
17.546744346618652,0.13149216869258742,0.235435454285224,0.1319073402199316,-0.18253849345298165,0.403
17.55705237388611,-0.05606525637492633,0.22039469973113016,0.1360172122137709,-0.13261736263540008,0.403
17.567426204681396,0.10773552121881756,0.24473320233424314,0.1826073403580836,-0.24497205628570523,0.403
17.57762575149536,0.034641672536964256,0.06870910970996214,0.22407261590168873,-0.15953850588062327,0.403
17.58781933784485,0.01989087185035814,0.3903611901991823,0.14150925695062597,-0.1753789334743462,0.403
17.59796380996704,0.01989087185035814,-0.011518659782004613,0.14150925695062597,-0.1753789334743462,0.403
17.608105182647705,0.25366413285583084,-0.010595656309117333,0.088308804637197,-0.22236018365165225,0.404
17.61825180053711,0.08756771461870175,-0.003995992834215257,0.09907557126941648,-0.20123426506296693,0.404
17.628424406051636,0.16756912243705838,0.7671501237245993,0.10140545282826414,-0.22514012460082988,0.404
17.638579607009888,-0.04702685002054867,-0.01589507588131162,0.1891733464674061,-0.15355494190130992,0.402
17.648733854293823,0.1777128618538909,-0.002864397900470459,0.16520276352531243,-0.18034369488062937,0.402
17.658897161483765,-0.05782792281738105,-0.05628584343277302,0.20531970303151098,-0.18538777029744746,0.402
17.669074773788452,0.18368401745165003,0.003013993514307527,0.17056075554152955,-0.2504307408943847,0.402
17.679229021072388,0.005753446184522774,-0.03235066645375822,0.13194973163518742,-0.20504164620427517,0.402
17.68948769569397,0.10787455907808906,0.13035147484907186,0.1660217000603374,-0.1540722908777037,0.402
17.699637174606323,0.08999800793844781,0.2020651836080347,0.1463949664002337,-0.13634739279050048,0.398
17.709786415100098,0.11758444550969775,0.17277431761895343,0.17289585698867993,-0.13273315345955472,0.398
17.71993851661682,0.15391757248233973,-0.017034615162800266,0.14153501999704438,-0.19763663235875611,0.398
17.730090379714966,-0.030196884425021695,0.007700080091746664,0.19722933620527122,-0.21607054810665566,0.398
17.74023938179016,-0.007610506723745737,0.21211574636836286,0.16153334604121938,-0.1996502948694841,0.399
17.75052261352539,0.03474855602456759,-0.04441054210971868,0.16501995026713165,-0.13270347811223696,0.399
17.760675191879272,-0.21201642088030292,-0.0633634089334281,0.19793962049810981,-0.08440723653604124,0.399
17.77082324028015,0.017249733073470466,-0.012035404296318001,0.14269649065364584,-0.13017415720661932,0.399
17.782673120498657,0.15766493915245963,0.046620531598640866,0.19851131379423514,-0.1251650224972195,0.399
17.792891263961792,0.41445906631753454,0.029923774549271153,0.18205963738276115,-0.21180895845768466,0.399
17.80307960510254,0.01548359753667494,0.40357077095560606,0.13977154360443428,-0.14518707780501333,0.399
17.813255786895752,-0.5172086673558312,-0.29029337840134717,0.15126711346047023,-0.08909915465307026,0.399
17.823540210723877,0.26818541637763627,-0.07890843043067695,0.10853025602287927,-0.15634251680264255,0.399
17.833720445632935,0.036964410504350224,-0.05249896141798114,0.14086050513636722,-0.10153374644848882,0.399
17.843899726867676,-0.03980283438214103,-0.001217018691875057,0.1294795165363525,-0.1107407161119401,0.397
17.85406231880188,-0.07346259695285805,-0.07819267601952383,0.15167876584297021,-0.1791543454242051,0.397
17.86423373222351,0.03174391131957317,1.3773490958247747,0.14751030250148467,-0.09098276270818233,0.397
17.87441372871399,0.023237205918687383,-0.057400249150999526,0.08859879980211044,-0.06403525619798511,0.397
17.88456702232361,0.1333132040246545,0.20114819478585577,0.06433610512013442,-0.11070796450696012,0.397
17.89472007751465,0.020291761522395122,0.009222668244046021,0.20024355177525355,-0.10683787118969734,0.397
17.904871940612793,0.07860517193159881,0.0035128357506309976,0.1837104184231046,-0.1031841536017982,0.395
17.9150390625,0.06224873312818312,0.011225447240465074,0.16057177681959112,-0.15239580161492666,0.395
17.92520022392273,-0.24689379835033884,0.25963664651954815,0.16613892442315548,-0.10515848237262337,0.395
17.935474395751953,0.08230607748168885,-0.006063778639519739,0.14767514719632485,-0.10517424138836659,0.395
17.945647716522217,-0.04390608296674532,0.04912592324485512,0.0582736749346168,-0.07940318627226439,0.398
17.955846786499023,0.047431939667408746,0.25669183737879014,0.060945452982452616,-0.10383579972442275,0.398
17.966004371643066,-0.030762362687895308,0.048090648496161154,0.13486811426661993,-0.10763909115771382,0.398
17.976149320602417,-0.5782657719703995,-0.22563474561263255,0.1130638898018625,-0.1000023338779385,0.398
17.98634648323059,0.4336134786523075,-0.005863365180940019,0.038789300600579196,-0.1261187573265412,0.398
17.99662446975708,-0.3710905563909626,-0.009563048136004705,0.09683047967162635,-0.1296967824490443,0.398
18.00680899620056,0.06047927002041773,-0.273826897443729,0.15147070221522313,-0.16276232154452458,0.392
18.01695966720581,0.8476379195916399,0.17350298954794846,0.058400221851985734,-0.1970478403804852,0.392
18.027112007141113,-0.7829396864947614,-0.4458827194503081,0.07651173578387072,-0.09223409240611041,0.392
18.03726553916931,0.6637374564511939,-0.05514592212536459,0.14569753637233562,-0.054924859689885,0.392
18.047577142715454,0.025173074774540727,-0.23564347681869785,0.12666370929198958,-0.11960310229937296,0.399
18.05776071548462,0.4394376297032031,-0.45842428851137146,0.07593264331516494,-0.15905969893087507,0.399
18.06794571876526,0.4329769242267121,-0.48802981850142624,0.005860974907525879,-0.162709481028178,0.399
18.078126192092896,-0.36368061044461997,-0.05706591811497234,0.014389752286654945,-0.10640491144554201,0.399
18.088404893875122,-0.37205951423066924,-0.645256102811242,0.1171564741929835,-0.06145013904685499,0.399
18.098632097244263,0.3697930713838063,0.006642546822215123,0.06543735943483553,-0.11643306161165907,0.398
18.10880970954895,-1.0305945374498584,-0.04531353860379376,-0.055105413848342416,-0.12402727367886743,0.398
18.118987560272217,0.43837152099976295,-0.030798274763527454,-0.020905822415040645,-0.031668565635555354,0.398
18.129175424575806,1.170175248578706,0.3397528846613007,0.101444261487839,0.010490597158226929,0.398
18.13946223258972,-3.0051064577287714,-0.6814522794736844,0.07766976930094913,-0.06607992376729316,0.397
18.14962673187256,5.0,-0.0564409906447864,0.09639733944897719,-0.008543774247692155,0.397
18.159793376922607,0.012773381714806414,-0.02771614872621128,0.08110965363538711,-0.07006222825390986,0.397
18.16996955871582,0.17785220634109655,-0.20866281104092163,0.047061781626322075,-0.02594054251123093,0.397
18.18013310432434,-0.03504656801883981,0.18594006808171998,0.0751057053642523,0.019946383009792255,0.397
18.1903293132782,0.10313440762733862,-0.09724139849636805,0.0027845960763144134,-0.08141378209404067,0.397
18.200534343719482,-0.10768298353714928,-0.2926120003536977,0.013047495961827481,-0.059662510858067924,0.395
18.210704803466797,0.0471320500283894,-0.03839049448988827,0.02883395017021152,-0.02200905896582435,0.395
18.220943689346313,-0.03186428910836013,-0.012312772752213798,0.053836641115643326,-0.014561531921979022,0.395
18.231122732162476,0.2740593430001245,-0.06128476847045508,-0.009239910732005484,-0.024597459927411008,0.395
18.241294384002686,-0.05415409669898067,-0.4468660596936843,-0.07017600831987195,-0.0314996454460631,0.392
18.25152063369751,0.0457932853846153,-0.46764302196424873,-0.013398075964632439,0.005346098897951345,0.392
18.261699676513672,-0.0615472600257804,-0.07174988893543574,0.11296750134890488,0.09019585710281891,0.392
18.271865129470825,-0.12829453144859568,-0.08019292588909462,0.14511076110484467,-0.06179868809917711,0.392
18.282029151916504,-0.05342450013601565,-0.05367440852413164,0.07799232954711456,-0.09972060265818664,0.392
18.292194843292236,0.0040618867456853,-0.48228752283682014,0.05034385017236777,-0.037015121101869455,0.392
18.302380323410034,-0.12115237453668026,-0.04901823978654232,0.04961078847565882,0.035247943703054715,0.399
18.313559532165527,-0.037609218560401184,-0.0017443998900896897,0.12692578226832552,0.035890782860722684,0.399
