time,meas_r_x,meas_r_y,meas_v_x_dot,meas_v_y_dot,state_z
0.0,0.0,0.75,0.08438605485157655,0.045670556277343795,0.4
0.010203838348388672,0.0,0.7350175241833731,0.06440547358046261,0.045399714125954935,0.4
0.020418167114257812,0.0,0.7342626394659446,-0.008687630570149915,0.029727802703329247,0.4
0.030825138092041016,0.0,0.0,0.003896690292169769,-0.024009718299207373,0.4
0.04102659225463867,0.0,0.0,-0.03811748079887818,-0.014042507716076714,0.4
0.051259756088256836,0.0,2.1987334871042146,-0.15883485834702543,0.05207176982063432,0.4
0.06145000457763672,0.7359977539131045,2.2079932617393134,-0.09050630573137822,0.13033858454414415,0.398
0.07168269157409668,0.0,5.130617209161444,-0.22018360848280566,0.06258959432870172,0.398
0.0818626880645752,0.0,2.946955829312848,-0.17589361389967997,0.03742892095825964,0.398
0.09204649925231934,0.0,2.9458519454979633,-0.31062286339398226,0.04725902256774044,0.398
0.10223770141601562,0.0,2.943715522283308,-0.3663535337875793,-0.00576877494092996,0.398
0.11246562004089355,0.0,2.933148092030117,-0.5232458395411446,-0.04884428932045989,0.404
0.12263846397399902,0.0,1.474513921439955,-0.5222968475972433,-0.008326034155522674,0.404
0.13280868530273438,0.0,0.7374470778535762,-0.6556594014670192,-0.0057343090677908146,0.404
0.1429760456085205,0.0,0.7376545902215969,-0.7224105690539175,-0.020299217892831102,0.404
0.15314912796020508,0.7372396822048793,0.0,-0.6618379019192056,0.0664810837086384,0.404
0.16334915161132812,0.0,0.0,-0.7522675515938532,0.01409267824108357,0.404
0.17356634140014648,0.0,2.2021710925467866,-0.7060597577028404,0.0610383091452272,0.404
0.18373703956604004,0.0,0.0,-0.6919031091119779,-0.015108762586673704,0.404
0.19390249252319336,0.0,0.7377929966930131,-0.7851335852091813,0.05825384458309322,0.404
0.2040705680847168,0.0,0.0,-0.8524677246382157,0.02661139908315309,0.404
0.21431803703308105,0.0,0.0,-0.8601061729833556,0.09121847348760272,0.403
0.22451019287109375,0.7358600201174296,0.0,-0.905378623739501,0.09332590223366144,0.403
0.23467731475830078,0.7376718881906013,0.0,-0.9440009993825631,0.07341480717279088,0.403
0.24484634399414062,0.0,0.0,-0.8595803186089933,0.01568440436898775,0.403
0.2557978630065918,0.0,-0.6848365045500066,-0.8539310937627913,0.012093502979686345,0.403
0.2659919261932373,0.0,-0.735722337862806,-0.8457008270778136,0.02737582785616128,0.403
0.2763392925262451,0.7248221198156681,-2.1744663594470044,-0.9353132435765391,0.05158390746511146,0.403
0.28658151626586914,0.0,-0.7322628552806164,-0.8625445684969651,0.09678203138675054,0.403
0.2968122959136963,0.0,-0.7330819603365104,-0.9065771886976652,0.049886538051653946,0.403
0.30704689025878906,0.0,-2.1984261653504786,-0.9202874762772848,0.09810826706426572,0.403
0.3172628879547119,0.0,-2.202428061331653,-0.9506272224356964,0.038199990411567214,0.404
0.32743263244628906,0.0,-1.4749633102801547,-0.8596775793639184,0.07800591875207961,0.404
0.3376433849334717,0.0,-5.141638685875733,-0.884722359115999,0.0638492287038595,0.404
0.34781622886657715,0.0,-2.2117708821599322,-0.8451283070961086,0.12723665073158488,0.404
0.3579843044281006,0.0,-4.425616207090602,-0.8914768406254385,0.028137031044406905,0.399
0.3682243824005127,0.7324162980209545,-2.197248894062864,-0.8416311700202685,0.012628128175814577,0.399
0.37842392921447754,0.7353267882187938,-2.2059803646563814,-0.7986010722739784,0.05746613793399799,0.399
0.3886396884918213,0.0,-2.93663928304705,-0.719723750411099,0.049977286829705994,0.399
0.39881086349487305,0.0,-2.212133799020182,-0.6981071125223366,0.13249903547351524,0.399
0.40897655487060547,0.0,-4.426654158262583,-0.6416533610076852,0.08435954527321188,0.399
0.4191431999206543,0.0,-1.4754129731250878,-0.7349413872918903,0.06822113369061375,0.398
0.4293711185455322,0.0,-2.199861069022588,-0.6305681848329515,0.14804041251291422,0.398
0.4395782947540283,0.0,-3.673885826403812,-0.6642387762331627,0.09198851956890952,0.398
0.44976091384887695,0.0,-2.9461968203423163,-0.6087884850651398,0.12659665675733775,0.398
0.45996570587158203,0.0,-3.6747441708331383,-0.6487608781880349,0.06642263886789869,0.399
0.4701559543609619,0.0,-2.943991015652418,-0.5946179078901984,0.0750725083496405,0.399
0.48036670684814453,0.0,-4.407118873607771,-0.5923539838669313,0.055934487610744266,0.399
0.4905989170074463,0.0,-2.931917888016404,-0.5243281885397976,-0.0593863297484572,0.399
0.5007758140563965,0.0,-5.158743352465737,-0.47967635234042844,0.04127206567847541,0.399
0.5109503269195557,0.0,-5.159952196836556,-0.43637616866218976,0.04809207149251433,0.399
0.5211584568023682,0.0,-2.9388340807174886,-0.4848973569006332,0.0852420988314384,0.399
0.531378984451294,0.0,-5.870538396939442,-0.4554232991384413,0.02008678134709446,0.399
0.541571855545044,0.7358083832335329,-2.9432335329341317,-0.4834729489544668,0.0362450289533396,0.399
0.5517594814300537,-0.7361872220922069,-7.361872220922068,-0.24268018141187525,0.03526324763107834,0.401
0.5619401931762695,0.736687197021147,-1.473374394042294,-0.2892879378101058,-0.04374013156732949,0.401
0.5721147060394287,0.0,-2.2114080843585238,-0.2519285470594454,0.0467306566587064,0.401
0.5823414325714111,0.0,-4.400234997901804,-0.1532257623674508,0.1549388901236836,0.401
0.592562198638916,0.0,-1.4676003638993211,-0.13992972877770932,0.1060179501995656,0.401
0.6027319431304932,0.0,-4.424889930840464,-0.15280241564793487,0.15776217297104303,0.401
0.6128947734832764,-0.7379833904189931,-2.9519335616759723,-0.20048095710578026,0.0759456314621318,0.401
0.6230607032775879,0.0,-2.2132751706184477,-0.19519722453460675,0.11886235805876205,0.401
0.6332366466522217,0.0,-4.422194419062346,-0.20937359957407514,0.0645721618636508,0.401
0.6434206962585449,0.0,-1.472891490108861,-0.21849693338028403,0.12247834537154635,0.401
0.6535992622375488,-0.7368424997657641,-2.9473699990630564,-0.19675476674076636,0.0893506937927018,0.4
0.6637682914733887,0.0,-3.687667635749789,-0.19026676033448192,0.10271439050778161,0.4
0.6739346981048584,0.0,-2.2131713608967893,-0.08797250081127239,0.048247350892068115,0.4
0.6841001510620117,0.0,-3.6889649834650653,-0.03391697579088764,0.09607836071814388,0.4
0.6943588256835938,0.0,-1.4621771869480338,0.006482188749263776,0.04738472282794946,0.4
0.7045352458953857,0.0,-2.2109936040109646,-0.017106690582332624,0.09126112808886863,0.4
0.7147045135498047,-0.7375162356692377,-2.950064942676951,-0.001016456174114869,0.052930094206790075,0.399
0.7248702049255371,0.0,-2.2133270791312913,0.05109756983187619,0.04924459360558143,0.399
0.7350397109985352,0.0,-5.1624926149950765,-0.04949977599000897,0.04573370574699785,0.399
0.7452096939086914,-0.7374643660915229,-2.9498574643660915,0.008452930244925355,0.06730981646840278,0.399
0.7554183006286621,0.0,-2.2040226073146805,-0.05215625817475043,0.058161115762833046,0.404
0.7656145095825195,0.0,-5.148972548286022,0.017747218191662237,0.043652157813665216,0.404
0.7758064270019531,0.0,-0.7358772340226443,0.04967710728096368,-0.05505917719088167,0.404
0.7859869003295898,0.0,-3.6835222482435594,0.046849035410773385,0.04235113725047683,0.404
0.7961649894714355,0.0,-0.73687702037948,0.10133199262969869,0.012795710109518835,0.404
0.8063678741455078,-0.735086227041174,-1.470172454082348,0.11908729544612572,-0.004180353569656466,0.404
0.8166015148162842,0.0,-4.397262073946369,0.13542489245180556,0.0037315871443791507,0.404
0.8267717361450195,-0.7374470778535762,-1.4748941557071524,0.1162065973895299,-0.021991703469005846,0.404
0.8369431495666504,0.0,-2.2120819464628942,0.07804987137994196,-0.02801211175388943,0.404
0.8471338748931885,0.0,-0.7359633156306296,0.08880190385848279,0.05248944666166334,0.404
0.8573951721191406,0.0,-2.192705220846209,0.034522681172246626,0.020712702880203666,0.406
0.8676226139068604,0.0,-2.9332848450940623,0.054656155230119546,0.027545340666967687,0.406
0.8777890205383301,0.0,-1.475447573931193,-0.0001831757463926914,0.017268782173736164,0.406
0.8879544734954834,0.0,-0.7377929966930131,0.028563228861458918,0.009867892755768597,0.406
0.8981258869171143,0.0,-3.6868032441048237,0.023405903157429693,-0.021336528825142767,0.406
0.908299446105957,0.0,-0.7372051276042276,0.06419151806443812,-0.009174818075315803,0.406
0.918632984161377,0.0,-2.9031682894190394,0.0585631700491908,0.0715399355770715,0.404
0.9289233684539795,-0.7288357545005908,-0.7288357545005908,0.0867787338139861,0.013705568258986889,0.404
0.9391059875488281,0.0,-2.9461968203423163,0.0055321044675277625,0.0396605896302625,0.404
0.9492883682250977,0.0,-4.419398707502107,0.018034915756753943,0.03850792601314807,0.404
0.9596118927001953,0.0,-0.7264960739030023,0.059927263046511275,-0.021743722044576072,0.403
0.9697775840759277,-0.7377756930437638,-2.951102772175055,0.042448386430161494,-0.02155789275922472,0.403
0.9799411296844482,0.0,-2.21379436533815,0.09647572362431533,0.019495687134402216,0.403
0.9901020526885986,0.0,0.0,0.040723987199758005,0.03318791578340842,0.403
1.000535488128662,0.0,-2.1565284157126205,0.10320613897228276,0.07867359036845012,0.403
1.0108246803283691,0.0,0.0,0.03374756053421409,0.10029945621901641,0.403
1.0210514068603516,0.0,-2.933489998601203,0.03927386093864028,0.05482046534991135,0.402
1.0319397449493408,0.0,-0.6888103527556986,-0.09726106434411398,-0.003822688937591058,0.402
1.0421442985534668,0.0,-2.939864021868648,-0.13384646562680128,-0.029011870568156975,0.402
1.0524036884307861,0.0,-1.4620752480769676,-0.04148521062618253,-0.11388571955814863,0.403
1.0626068115234375,0.0,-2.2052071503680337,-0.028635038520036814,-0.034809459356022567,0.403
1.072779893875122,0.0,0.0,-0.05664566433044524,-0.00748451507040877,0.403
1.0829493999481201,0.0,-1.4749978899985934,-0.1036390284532477,-0.028500781502292558,0.403
1.0931103229522705,0.0,-2.214365760946079,-0.10745897822058617,0.010563694985597998,0.403
1.1032803058624268,0.0,-1.4749287321830458,-0.12069626462525114,0.0947311302038415,0.403
1.1134376525878906,0.0,-1.4767636081966058,-0.055088570485255554,0.10990687438525887,0.402
1.1235918998718262,0.0,-2.9544287391406434,0.028891705387567454,0.06262640115043398,0.402
1.1337440013885498,0.0,-1.4775265963692725,-0.07258862784372097,0.03507218235275613,0.402
1.143895149230957,0.0,-5.171828921718299,-0.07802904123835235,0.041742029506778924,0.402
1.1540517807006836,0.0,-2.215301408450704,-0.13175665326423028,0.034517274099844605,0.401
1.16420316696167,0.7388153506505707,-3.6940767532528533,-0.08504964458973739,-0.05635235055230847,0.401
1.1744248867034912,0.0,-1.4674634385277447,-0.07815000968860022,0.09015514437240559,0.401
1.1846375465393066,0.0,-2.20314789307809,-0.05604232977224384,0.1523291176814349,0.401
1.1947886943817139,0.0,0.0,0.007111525621070286,0.11428460257602654,0.401
1.2049424648284912,0.0,-1.4772837418991265,0.023130624742441645,0.09089066461271833,0.401
1.2150897979736328,0.0,-0.7391104532318319,-0.04152213163787034,-0.004253930419175496,0.404
1.2252423763275146,0.0,0.0,-0.03127307822232487,0.06197274808573146,0.404
1.2354745864868164,0.732979472004101,-1.465958944008202,0.008426776200290158,0.0820338578176413,0.404
1.2456309795379639,-0.738451137350642,-0.738451137350642,-0.09777579918542421,0.043938559146049855,0.404
1.255828619003296,-0.7354643224539418,-2.2063929673618254,-0.11954260922359523,0.06309202893969183,0.403
1.2660298347473145,0.0,0.0,-0.17174797450393586,0.06012756036391777,0.403
1.2762165069580078,0.736256143800028,-2.945024575200112,-0.14247969079383632,0.09739427399813838,0.403
1.2864048480987549,0.0,-1.472271078557555,-0.10837149734625875,0.23746352420833117,0.403
1.296633005142212,1.46653986013986,-1.46653986013986,-0.06819193424481391,0.1051513139689359,0.403
1.3068041801452637,0.0,0.0,-0.1384172408952236,0.14896589618799713,0.403
1.3169684410095215,-0.7378795271157815,-2.951518108463126,-0.053066173291415455,-0.0026755004017386536,0.404
1.3271291255950928,0.0,-1.4762784804186122,-0.05607601455556406,0.09263896465490115,0.404
1.3373115062713623,0.0,-2.9462658050014046,0.008493558395573197,0.0889457707970536,0.404
1.3474698066711426,0.0,-2.214937451592461,-0.0545112025716522,0.08148985173393676,0.404
1.3576335906982422,0.0,-4.427484869809993,-0.11085385072198253,0.056681762136270075,0.403
1.367790699005127,0.7383991361907891,-1.4767982723815782,-0.0357064232590864,0.049788891621889216,0.403
1.3779468536376953,0.0,-2.9538738907929947,-0.0189391781887404,0.04626789608992895,0.403
1.3881011009216309,1.4772143695703217,0.0,-0.04625514316122533,0.19921891440363665,0.403
1.3982555866241455,0.7385898429245615,-2.2157695287736847,-0.07156948719032959,0.2033406717829762,0.403
1.4084835052490234,0.0,-0.7332870230075292,-0.013396253304177435,0.19354498429039285,0.403
1.4186747074127197,0.0,0.0,-0.023928337924962326,0.20554747738169193,0.405
1.4288640022277832,0.0,0.0,-0.016496142375507193,0.08814094659333067,0.405
1.4390184879302979,0.7385898429245615,-2.2157695287736847,-0.017043452682496223,0.09778122770974845,0.405
1.449181079864502,0.7380007038123166,0.0,-0.12917220321792083,0.14742523052483905,0.405
1.4594347476959229,0.0,-2.1943367358802055,-0.10494275267220937,0.10864860807410016,0.404
1.4696364402770996,-2.2055163710299377,0.0,-0.1339275266838885,0.11069367193194354,0.404
1.4798104763031006,1.474341152485178,-2.211511728727767,-0.061653985632075005,0.17290151495288988,0.404
1.4899749755859375,0.0,-1.4757244388150024,-0.08738844384417288,0.18144677914976004,0.404
1.500138759613037,0.0,0.0,-0.18660663002615668,0.14641103754055557,0.404
1.5103132724761963,0.7371360281195078,-1.4742720562390157,-0.21571268528858045,0.16006321336248044,0.404
1.5205154418945312,0.7351377626136337,-1.4702755252272675,-0.11467042155063947,0.1617084350632557,0.406
1.530719518661499,0.7350003504754784,-1.4700007009509568,-0.155210977149301,0.13349531194047287,0.406
1.540903091430664,0.0,-2.2094406855055837,-0.15540047202544907,0.1138401119281893,0.406
1.551074504852295,1.4747212976419295,-2.2120819464628942,-0.19901274069801886,0.19885712859038923,0.406
1.5612506866455078,0.0,-2.94806054074317,-0.2640851777790423,0.21348844234897785,0.406
1.571446418762207,0.0,-0.7356019081470395,-0.28373968252861514,0.22562308401220843,0.406
1.5816080570220947,0.0,-1.4761399310199197,-0.22861890342267954,0.2514230214732521,0.406
1.5917623043060303,0.0,-1.4772143695703217,-0.17977366878754625,0.22467518694793412,0.406
1.6019177436828613,0.0,-2.2155614508745156,-0.15075244798564685,0.23160079197376698,0.406
1.6120731830596924,1.4770409672496772,-0.7385204836248386,-0.16646017093484905,0.20416946228290828,0.408
1.6222319602966309,0.0,-1.4765556572555094,-0.26636830907517983,0.22577729047255587,0.408
1.632509708404541,0.0,-2.1891955089542545,-0.26357490760779095,0.18556199606474216,0.408
1.6426682472229004,0.0,-2.953180623357116,-0.2961136281428407,0.22659939281473251,0.408
1.6528282165527344,0.0,0.0,-0.3189941230007982,0.21075893266404835,0.408
1.6630053520202637,0.736946071311437,-1.473892142622874,-0.2144555597076774,0.2705317296064577,0.408
1.673163890838623,0.0,-0.738295155839279,-0.23438102686887002,0.2777054081873874,0.408
1.683345079421997,1.4733053883802074,-2.946610776760415,-0.1543730079675108,0.20895817660009744,0.408
1.6935052871704102,0.0,-2.214521647307286,-0.2243818389961247,0.24531755996329124,0.408
1.7036716938018799,0.0,-1.475447573931193,-0.23061596811559593,0.20704423604354008,0.408
1.7138359546661377,0.7378795271157815,0.0,-0.25731620643237685,0.18992380871523926,0.411
1.7239935398101807,0.7383644728194535,-2.215093418458361,-0.28047357554119906,0.18031944383597012,0.411
1.7341487407684326,0.0,-0.7385378222284829,-0.24972619083807956,0.2056096363009372,0.411
1.7443037033081055,0.7385551616462799,-2.9542206465851195,-0.21267975323363042,0.19403558574104246,0.411
1.7545738220214844,0.7302739344414523,0.0,-0.2361250942195682,0.24585169646764768,0.407
1.764782190322876,0.0,-4.408148165448303,-0.2584237229636625,0.25065684952839673,0.407
1.7749912738800049,0.0,0.0,-0.22656213828079796,0.26870864944131806,0.407
1.785175085067749,0.0,-2.9458519454979633,-0.23245855678022534,0.2911842677410339,0.407
1.795414686203003,0.7324504051411008,-1.4649008102822016,-0.2426952302796117,0.3371551883472451,0.407
1.8056018352508545,0.7362216813330836,-0.7362216813330836,-0.22677177135453883,0.3582866143212614,0.407
1.8157637119293213,1.4761052977335647,-0.7380526488667823,-0.23819666669479536,0.25994299043126357,0.408
1.825929880142212,0.0,-2.213223264540338,-0.24926017705539588,0.28825686137958817,0.408
1.8360939025878906,0.0,-2.2136905069081183,-0.14290151708349255,0.22987733275870376,0.408
1.8462557792663574,0.0,-1.4761052977335647,-0.20045489736835806,0.27806320297971576,0.408
1.856449842453003,0.0,-2.207167013588418,-0.21342222498996152,0.3113749791893047,0.409
1.8666470050811768,0.0,0.0,-0.18238903504026757,0.32498128946709376,0.409
1.8768064975738525,1.4764517037454237,-2.2146775556181355,-0.16915031431810343,0.34549586710907365,0.409
1.8869662284851074,0.0,-1.4764170558280336,-0.19803650660241523,0.3681320795933671,0.409
1.8971240520477295,2.2150414270625514,-0.7383471423541837,-0.20613036675151547,0.294461026334101,0.409
1.907289981842041,0.0,-3.6887919510307463,-0.19438745585778935,0.30585019431936,0.409
1.917496681213379,0.0,-2.204434477925718,-0.24497440139925003,0.21874276929102374,0.409
1.9276785850524902,0.0,-1.4732018920058072,-0.21087046823776343,0.2486345162176715,0.409
1.9378480911254883,0.0,-0.7374989449992967,-0.23753971498892218,0.18623228119226232,0.409
1.9480156898498535,0.0,0.0,-0.2164009022874923,0.29116586920182747,0.409
1.9581801891326904,0.0,-4.427173316445007,-0.21999150815638346,0.22238016153326026,0.408
1.968414306640625,0.0,-1.4656857309260338,-0.15116403580164603,0.3007244172171738,0.408
1.9786012172698975,0.0,-3.6811945608163454,-0.1769359570479428,0.25865249711588506,0.408
1.9887642860412598,0.0,-0.73796607783799,-0.14514698436706808,0.27994791166494415,0.408
1.998936414718628,0.7373088011250439,-1.4746176022500879,-0.228979599923014,0.2508787753703335,0.408
2.0091538429260254,-0.7340399019950997,-2.936159607980399,-0.19047855662726879,0.3205824481347218,0.408
2.0193610191345215,3.673885826403812,-2.9391086611230497,-0.1610461439029406,0.3127070303835682,0.406
2.0295894145965576,0.0,-0.7332528379291857,-0.16279129245762086,0.33329719616018955,0.406
2.0398051738739014,0.0,-2.93663928304705,-0.18364880284895288,0.3685994178202155,0.406
2.049980640411377,0.0,-1.4741338831743949,-0.19518811719593399,0.3149111268066735,0.406
2.060180187225342,0.0,-2.2059803646563814,-0.16884304332508782,0.36670492932180015,0.406
2.0704421997070312,0.0,0.0,-0.11584729729949252,0.3548395389404565,0.406
2.080629348754883,0.0,-3.6811084066654183,-0.12782076320446478,0.4222772602704916,0.406
2.0907812118530273,0.0,-1.4775612963832785,-0.16905711041524668,0.3933381745480826,0.406
2.100930690765381,0.0,-3.69477096546864,-0.20512407031499552,0.3942459226070316,0.406
2.111082077026367,0.0,-2.9552614026022828,-0.15802126547308865,0.3594726423530326,0.404
2.1212286949157715,0.0,-2.9566502185253065,-0.15198034672198232,0.3787926009629776,0.404
2.1314170360565186,0.7361355392787775,-1.472271078557555,-0.19022454711151587,0.3527862321669771,0.404
2.1415953636169434,0.0,-2.2105792790049423,-0.22157700991991564,0.3758271702105353,0.404
2.151742458343506,0.0,-2.2173834586466166,-0.23453722979450878,0.4048101832273028,0.407
2.1618924140930176,0.0,-3.694597387954524,-0.17178321350563455,0.3667022315132744,0.407
2.17203688621521,0.0,0.0,-0.2088923547367916,0.39794283017848037,0.407
2.1822545528411865,-1.4680455478812768,-3.670113869703192,-0.17737070639985206,0.3575672673418159,0.407
2.192434310913086,0.0,-0.7367562123802609,-0.2568835074926834,0.34177366636380513,0.407
2.2026302814483643,0.0,-2.9423388284812346,-0.19664359117782332,0.3959739195189921,0.407
2.212783098220825,0.0,-2.954845012211159,-0.22194509025119064,0.33664020126755967,0.405
2.222930908203125,0.0,-2.9563028921833516,-0.20707003436460436,0.39078929788423167,0.405
2.233083486557007,0.0,-2.216185801845807,-0.16010561529173994,0.3308944232315688,0.405
2.243232488632202,-0.7389889118586731,-2.2169667355760194,-0.15017496223678392,0.32532664662497196,0.405
2.2534430027008057,-0.7345369635268295,-2.2036108905804883,-0.10986341561537175,0.2667001008002096,0.404
2.2636430263519287,0.0,-1.4705848253938572,-0.14582001945792764,0.2864634190831711,0.404
2.27382230758667,0.0,-2.9471628996369597,-0.10790884534145241,0.27357403464746743,0.404
2.284045696258545,0.0,-1.4672238805970148,-0.20961878623207816,0.31812606025609247,0.404
2.294247627258301,-1.4703098854872634,-2.205464828230895,-0.09328846408292471,0.3195104871697477,0.404
2.3044652938842773,-1.4680455478812768,-3.670113869703192,-0.10381350397126435,0.20859749855163512,0.404
2.314649820327759,0.0,-1.4728225296720274,-0.0587710932031911,0.2506176056421695,0.404
2.3248183727264404,0.0,-1.475136225087925,-0.044764235350262194,0.2599456899282664,0.404
2.334987163543701,0.0,-2.9502032777660547,-0.08579504085727727,0.26974266145090325,0.404
2.3451473712921143,0.0,-3.69086941217881,-0.10562612617208934,0.15222176029029,0.404
2.355311632156372,-0.7378795271157815,-3.6893976355789078,-0.09038796382943047,0.19740668889130383,0.404
2.3655052185058594,0.0,-1.4715135071921412,-0.05901274840206672,0.253193945821602,0.404
2.3756604194641113,0.0,-3.6926891111424145,-0.0586078743659201,0.2277174457622369,0.404
2.3858144283294678,0.0,-2.2158735823804268,-0.04608809413438793,0.3010006947368409,0.404
2.3959639072418213,0.7389541930937279,-2.216862579281184,-0.10227635036221376,0.25055553928939067,0.404
2.4061200618743896,0.0,-1.4769369453964973,-0.07273475152701163,0.27164657104477596,0.404
2.4162709712982178,-0.7388500563697857,-2.955400225479143,-0.09404645523537987,0.30547586962759166,0.399
2.426565647125244,0.0,-1.4570638504828735,-0.13392299050494538,0.3032941741982513,0.399
2.436720609664917,-0.7385551616462799,-2.9542206465851195,-0.10869643988733099,0.2740362968814195,0.399
2.4476895332336426,0.0,-2.7349994566044296,-0.12768750969980114,0.3071343505513686,0.399
2.457916736602783,0.0,-2.2000149198060424,-0.13687109799149344,0.23242446958939034,0.399
2.4681053161621094,-1.4722366265736884,-2.2083549398605324,-0.08152981479968839,0.24594514983285892,0.399
2.478261709213257,0.0,-2.953804549402568,-0.06396639142648397,0.1312705689861194,0.399
2.4884538650512695,0.0,-0.7358600201174296,-0.03076752064178369,0.11750564537749761,0.399
2.4986321926116943,0.7368597596683142,-2.9474390386732567,-0.06942967998816413,0.11632602520012893,0.399
2.5087950229644775,0.0,-1.4759667808379862,-0.11904558656328236,0.19651448413080744,0.399
2.5189483165740967,0.0,-4.432059362231719,-0.1463801722609743,0.2104187056758277,0.4
2.5291593074798584,0.0,-1.4690053236200615,-0.026416481178144144,0.2157451411442619,0.4
2.5393757820129395,0.0,-3.670542111035915,-0.06543791329973112,0.20156957049523647,0.4
2.549654006958008,0.0,-2.1890939457202503,-0.07566566228948952,0.08663519962632105,0.4
2.559837579727173,-0.7364802285018612,-5.155361599513029,-0.0618351142370853,0.1304563521279138,0.397
2.5700128078460693,0.7370842120061858,-2.2112526360185574,-0.002392896477173792,0.2250597742824006,0.397
2.5801753997802734,0.0,-2.21400211143695,-0.02166137549085015,0.20674760397594125,0.397
2.5903358459472656,0.7381565609160878,-2.9526262436643513,-0.008167047939981322,0.2416909657041379,0.397
2.6006007194519043,0.0,-1.4612941886932689,-0.05228099351524091,0.14848575067712685,0.397
2.6107633113861084,0.7380007038123166,-1.4760014076246333,-0.057046746283751275,0.2139589863354862,0.398
2.620917797088623,0.7385898429245615,-1.477179685849123,-0.043352395970525884,0.22065550249467863,0.398
2.6310739517211914,0.0,-1.4769369453964973,-0.07211013544811683,0.21788811609977354,0.398
2.6412250995635986,0.7388327031026141,-2.9553308124104563,-0.052205866329850595,0.09375030313469793,0.398
2.651503086090088,0.0,-1.4594298174395137,-0.05592487131115082,0.16353061879251352,0.399
2.6616954803466797,0.0,-2.943371228070175,0.011420527283109091,0.1939034200216429,0.399
2.6718592643737793,2.2137424349049963,-0.7379141449683322,-0.10804827823507789,0.16148794696191088,0.399
2.6820123195648193,0.0,-3.6934695315251846,-0.08876442033202156,0.19044334079643696,0.399
2.6921651363372803,1.4774225061055795,-2.216133759158369,-0.10064341363767937,0.14139666563094014,0.399
2.7023162841796875,1.4776654062052281,-1.4776654062052281,-0.08529732990035552,0.1845640914621398,0.399
2.712566375732422,0.0,-2.195102344622255,-0.05141640896715223,0.08429198198839145,0.398
2.722724199295044,1.4766942847083675,-2.953388569416735,-0.02936550222813826,0.14618214485782358,0.398
2.732879877090454,1.4770062916705793,-2.215509437505869,-0.015567667839548271,0.11290511202727982,0.398
2.743032455444336,-0.738728600615269,-5.909828804922152,-0.07240286655028698,0.11681850909509223,0.398
2.753185749053955,0.7386765603719532,-1.4773531207439063,-0.00465712674574071,0.15150068042446102,0.397
2.7633440494537354,0.7383124838641537,-2.953249935456615,-0.04915559089052935,0.08080142616333937,0.397
2.7736637592315674,1.4535292486831162,-2.180293873024674,-0.045541050069829565,0.1721053705901852,0.397
2.7838425636291504,1.4736504813435458,-2.2104757220153184,-0.013266354194759925,0.1391437711578063,0.397
2.794036626815796,0.0,-1.471444675725612,-0.028709731684000928,0.11108296258830307,0.397
2.8042104244232178,2.2115635545556804,-2.9487514060742406,0.003908437722764252,0.18500490634329497,0.397
2.81447434425354,0.0,0.0,0.008017375841143912,0.1808217947964072,0.395
2.824655294418335,0.7366699452016299,-4.420019671209779,-0.15240387491565607,0.20160762443483984,0.395
2.8348441123962402,1.4722021762021762,-1.4722021762021762,-0.11559892574291307,0.26304211326675614,0.395
2.8450255393981934,0.7366354439865118,-2.9465417759460473,-0.1304230565311981,0.17146488192888223,0.395
2.855210781097412,0.0,-1.4727191011235954,-0.05194977462578286,0.19548148262169834,0.392
2.8653883934020996,2.210734632683658,-5.158380809595203,-0.010851379832258229,0.15664662192611936,0.392
2.8755548000335693,0.0,-1.475447573931193,-0.1116286911467142,0.12452879824286635,0.392
2.8857152462005615,1.4763131218321757,-2.9526262436643513,-0.09331469276349662,0.18066200647516256,0.392
2.895878791809082,0.0,-1.4758629102254333,-0.03907696338546386,0.12614994708072058,0.392
2.9060449600219727,1.475482176360225,-3.688705440900563,-0.07320146088982671,0.17299137557931632,0.392
2.916250705718994,0.0,-1.4697603139746764,-0.05534862004587719,0.23437409873791568,0.388
2.926464557647705,2.202890756302521,-2.937187675070028,0.00639036076940562,0.17160755532408306,0.388
2.9366679191589355,0.0,-2.940207496027666,-0.06331421567288488,0.2353216459386512,0.388
2.9468300342559814,0.0,-1.4760706660723084,-0.0471928383044717,0.24345194637121653,0.388
2.9569942951202393,2.2136385813473445,-4.427277162694689,-0.0749797532046856,0.1830413155117223,0.388
2.967153549194336,0.0,-2.214729529933585,-0.026297413850909616,0.1464597811852481,0.388
2.9773097038269043,1.4769369453964973,-2.9538738907929947,-0.011541947131150532,0.2264980983850597,0.388
2.9875807762145996,0.0,-1.4604122562674093,0.025868436091844273,0.25135530868588263,0.388
2.9977352619171143,1.477179685849123,-2.2157695287736847,0.06016287659559419,0.11763579746156982,0.388
3.007890462875366,0.0,-1.4770756444569657,0.03503013281589485,0.19572641544517685,0.388
3.018043279647827,0.0,-2.954845012211159,0.06129690769050882,0.23491998284741517,0.384
3.0284135341644287,1.4464447305499355,-1.4464447305499355,-0.011025400607437966,0.16539161586788292,0.384
3.0391104221343994,0.701138501315027,-2.804554005260108,-0.08406726278290391,0.23707645246989445,0.384
3.0493009090423584,0.7359805343690047,-2.207941603107014,-0.001888147926065488,0.2663479467770361,0.384
3.0595598220825195,0.0,-3.6553580143624065,-0.07186747420870063,0.18339982177406453,0.378
3.0698015689849854,0.7322969481109016,0.0,-0.0574897506064382,0.24901579661835718,0.378
3.0799732208251953,1.474686730890936,-5.161403558118276,-0.0027407428990496308,0.256348678737516,0.378
3.0901455879211426,0.7372915201800028,-1.4745830403600055,-0.0061483506276444125,0.24761958539729198,0.378
3.100313901901245,0.0,-2.2127562193720838,-0.021034170234023826,0.3123396826291869,0.378
3.1105847358703613,1.4604461570602845,-2.920892314120569,-0.055938738502232466,0.29201216733008045,0.382
3.1207480430603027,-0.7379487660692502,-2.951795064277001,-0.026423866213890784,0.20315825417166372,0.382
3.130915880203247,0.7376199967172368,-2.950479986868947,-0.0027241856741436477,0.2519687923663654,0.382
3.1410837173461914,0.0,-4.425719980303421,-0.027515484523588665,0.21814164207932993,0.382
3.1512508392333984,0.0,-4.4260313291436075,-0.09202383960552436,0.15820826283724632,0.389
3.1614596843719482,1.4693140895396903,-2.9386281790793807,-0.001200433084427164,0.1514442126776666,0.389
3.171677827835083,0.7339885202295954,-0.7339885202295954,0.0569735783178413,0.16068624061661446,0.389
3.181844472885132,0.0,-2.9508259462501756,0.028206485869470253,0.11965839191746008,0.389
3.1920108795166016,0.7377237869655965,-2.950895147862386,0.029711416092430075,0.20689748995896795,0.389
3.2021780014038086,0.0,-1.4753437763812025,0.05818888601930165,0.1346799406082831,0.389
3.2123498916625977,0.0,-2.94930433152072,0.016534834500699803,0.1308900487187004,0.391
3.2225489616394043,0.7353611669549768,-2.2060835008649304,0.05336614661809914,0.09695294625287898,0.391
3.232715368270874,0.0,-1.475447573931193,0.019163559100360994,0.13576260172771845,0.391
3.2428829669952393,1.4752745861276555,-3.6881864653191387,-0.0028287883777525598,0.11452565670645226,0.391
3.2530510425567627,0.0,-1.475205402363534,0.015384691102563615,0.10723359439675137,0.396
3.263237237930298,0.7362906094934931,-1.4725812189869862,0.006165852859876454,0.07083744684729744,0.396
3.2734100818634033,0.0,-4.4235417643198645,-0.03700721976438581,0.08878139392597065,0.396
3.283649206161499,0.7324845154379919,-3.6624225771899592,0.007657280588910732,0.09704008592666466,0.396
3.2938387393951416,0.0,0.0,-0.014475637565276702,0.11038837095936652,0.396
3.304037570953369,0.7353783575285784,-2.9415134301143135,-0.009391617759849927,0.1143378851936919,0.396
3.3142361640930176,0.0,-2.2061866467177857,0.0376828815037109,0.11331922344310859,0.406
3.3244917392730713,1.4626190863652213,-4.387857259095664,0.04261777536419563,0.1006586656775369,0.406
3.334714889526367,0.0,-2.200887147554747,-0.01710205238206962,0.09479930890700103,0.406
3.344916582107544,-0.7351721236766459,-4.411032742059875,0.00013399633356082907,0.12091733843517789,0.406
3.3550896644592285,0.7372396822048793,-2.9489587288195174,0.008195503866942493,0.11741861126584364,0.416
3.3652632236480713,0.0,-3.6860256380211385,-0.05071292529852277,0.14897033594223977,0.416
3.375469207763672,1.4697259793958932,-1.4697259793958932,0.002884634887016589,0.14102115759493583,0.416
3.3856828212738037,0.0,-2.9372562384742875,0.1317992436145276,0.15153610371889165,0.416
3.395848035812378,0.7378103011539544,-2.9512412046158176,0.10098699454209055,0.08519649947109419,0.416
3.4060111045837402,0.0,-2.95186431135196,0.030234726384977494,0.04003985759913905,0.416
3.4161787033081055,0.7376372930638277,-0.7376372930638277,0.052063963686734396,0.06449934785812436,0.419
3.4263417720794678,0.0,-2.95186431135196,0.0825976471174493,0.07182746437048741,0.419
3.4366440773010254,0.0,-0.7279924093402143,0.03779971122801716,0.05976376921333633,0.419
3.4481351375579834,0.0,-4.568769010519326,0.002970942098119385,0.004036741200126856,0.419
3.4583475589752197,0.0,-1.4687995517579493,-0.04369656379589317,0.048231922503821065,0.42
3.4686543941497803,1.4553448993754337,-2.1830173490631504,-0.007178116254924826,0.025081883513616073,0.42
3.4788830280303955,0.0,-2.1997072397557225,-0.005263939788780526,0.08086398410672832,0.42
3.489109754562378,0.0,-2.200117498950902,-0.03184278795621598,0.0425824819375286,0.42
3.4993271827697754,0.0,-2.936159607980399,-0.09853274600116817,0.0650291959387655,0.42
3.5096259117126465,0.7282452078896193,-2.184735623668858,0.06383353015265346,0.013286610306847989,0.42
3.519794225692749,0.7375854064573613,-2.950341625829445,0.07764598368660096,0.005304770578856942,0.416
3.529961585998535,0.0,-2.2129637706647904,0.09998216762373133,0.04520815497318037,0.416
3.54024076461792,0.0,-5.107411977547896,0.04757134130263241,-0.056131792326304476,0.416
3.550485849380493,0.0,-2.928233459775197,0.17192782634951273,-0.0855442740852489,0.416
3.5607903003692627,0.0,-3.6392040721888015,0.18789359331985672,-0.03796679152599608,0.407
3.571040391921997,1.4634015630815034,-8.78040937848902,0.24217489835550876,-0.027167328048412855,0.407
3.581218957901001,1.4736849995315282,-2.9473699990630564,0.2333234731833309,0.036812617017567835,0.407
3.5914015769958496,0.7365492050855791,-6.628942845770212,0.458417558303584,0.008514907556095956,0.407
3.6015896797180176,0.7361527660769447,-3.6807638303847234,0.474269435670505,0.03776980383390366,0.407
3.6117570400238037,0.7376545902215969,-3.6882729511079844,0.7025628377677836,0.049931405933461924,0.404
3.621974468231201,0.0,-2.936159607980399,0.5736845782359083,-0.011508704003842567,0.404
3.6321420669555664,0.0,-4.4258237583829665,0.7042664773603903,0.0345184160306882,0.404
3.6423070430755615,0.7378276064266448,-2.213482819279934,0.7046386826989851,-0.05033129162089098,0.404
3.6525700092315674,0.0,-5.115480183989221,0.7762562352706189,-0.04698295318974761,0.394
3.6627397537231445,0.0,-1.4749633102801547,0.8087628057781201,0.012729428631034434,0.394
3.672966241836548,0.7333895973702003,-3.6669479868510013,0.8077825603388478,0.051082968108578215,0.394
3.683133602142334,0.7376545902215969,-1.4753091804431937,0.8338425670425115,0.10607908255915177,0.394
3.693297863006592,0.0,-1.475759054231563,0.8620334991735493,0.06870815683139228,0.394
3.7035071849823,0.7346227318371826,-4.407736391023096,0.8427077856094511,-0.04652583961661602,0.394
3.713838815689087,0.7259260626759588,-1.4518521253519177,0.8979081525354905,0.013810886663146033,0.393
3.7240538597106934,0.734211226514179,-2.936844906056716,0.9700571776657179,0.10097802445236637,0.393
3.7342498302459717,0.0,0.0,0.9540143763222133,0.02616601605316295,0.393
3.744471788406372,1.467429211176937,-2.934858422353874,0.9416966836588233,-0.0029978230536898756,0.393
3.7547543048858643,0.7293934335002782,0.0,0.9852865319794466,0.06738096723251898,0.386
3.7649197578430176,0.7377929966930131,-1.4755859933860263,0.9829233757536853,0.01958814227798982,0.386
3.7750868797302246,0.0,0.0,0.9346398937376905,-0.01700941389757405,0.386
3.785252094268799,1.4756206023079088,-2.9512412046158176,0.9744305856838547,0.07942957191027178,0.386
3.7954866886138916,0.0,0.0,0.980506584696274,-0.02996541357478945,0.386
3.8056883811950684,0.0,-0.7351721236766459,0.9714637426608043,-0.0135368858506216,0.386
3.815875291824341,1.4724778243265382,0.0,0.9803873222457119,0.1085488264060678,0.388
3.826061964035034,0.0,-1.472512287600056,0.8332764808695572,-0.0040543756936409076,0.388
3.836243152618408,2.2099580825703113,0.0,0.8478725478580712,0.00554522316372133,0.388
3.846475124359131,0.0,-0.7329965514027402,0.8636465251755727,-0.0030290607762461508,0.388
3.856661081314087,0.7363078435503124,0.0,0.8093598718393022,0.036420913510487415,0.386
3.8668336868286133,0.0,0.0,0.7851295436310678,0.09750287044532494,0.386
3.8771209716796875,1.4581106887920645,0.0,0.7727060102740528,-0.006560454611522756,0.386
3.887296438217163,0.7370669415871974,0.7370669415871974,0.7269915846980626,0.013649636362029954,0.386
3.897515296936035,0.0,0.7339371456568908,0.7324740763848117,-0.06617096648926966,0.386
3.9077649116516113,0.7317348220516399,0.7317348220516399,0.7017316879653287,-0.01888626648867106,0.386
3.917971134185791,1.4696916464212295,0.0,0.6783673364351022,0.02173870705252677,0.385
3.92816424369812,0.0,0.0,0.6450666886682085,0.0625070818949659,0.385
3.9383487701416016,0.7364112648360137,1.4728225296720274,0.6242578837271517,0.0922259551510952,0.385
3.9485528469085693,0.7350003504754784,0.0,0.5968362468594702,0.08329904842056883,0.385
3.9587278366088867,0.0,0.0,0.5546364147347285,0.1482928952783371,0.384
3.968945264816284,1.4680798039901994,0.7340399019950997,0.542916543796123,0.0919861799477404,0.384
3.9791176319122314,0.0,0.7372915201800028,0.4948854213764071,0.08780654088730377,0.384
3.9892802238464355,0.0,0.0,0.4632977841878042,0.05279528240039576,0.384
3.9994943141937256,0.0,0.73427977871665,0.45624522591777694,0.017697800701458044,0.384
4.009721279144287,0.7333554027275906,0.7333554027275906,0.434870273866351,0.10507965223953152,0.384
4.019989967346191,0.730375667517994,1.460751335035988,0.4385463277451468,0.07346813889025458,0.388
4.030188322067261,0.7354127410870835,0.0,0.376890824194935,0.03913865400553934,0.388
4.040390491485596,1.4702755252272675,0.7351377626136337,0.3704657665753398,0.05940810613265573,0.388
4.050831079483032,0.0,0.7183503459614989,0.30421348142912896,0.08283097063778953,0.39
4.061028242111206,0.0,0.0,0.2912125563980116,0.13847418937614417,0.39
4.0712151527404785,0.0,1.4724778243265382,0.21211270111543312,0.11854684488640022,0.39
4.081409692764282,0.7356879253490493,0.0,0.2635775362153562,0.21898812901947767,0.39
4.091595411300659,0.0,0.7363250784139319,0.2376122438510709,0.14854711201873438,0.39
4.101763963699341,0.0,0.0,0.25584668383201603,0.0916345015169924,0.39
4.111926794052124,0.7379833904189931,0.7379833904189931,0.17670109158568717,0.020934976564738902,0.388
4.122088432312012,0.0,1.4761399310199197,0.18155565368816104,0.056669070409006775,0.388
4.132256507873535,0.0,0.0,0.21393505893886003,0.07887653213546258,0.388
4.142417907714844,0.7380872829657438,0.7380872829657438,0.1964838318691163,0.14844868895079016,0.388
4.152609586715698,0.0,0.7358944487332444,0.1444378673582442,0.11800998630942246,0.392
4.162760496139526,0.0,0.0,0.129041276839389,0.10967899095280727,0.392
4.172903776168823,0.0,0.0,0.11161497168093107,0.028853912716406194,0.392
4.18305230140686,0.0,0.0,0.03900144950406677,-0.014681728445831238,0.392
4.193194389343262,0.0,0.0,0.006545573678359456,-0.005080521961832646,0.392
4.203335285186768,0.7395796304133164,0.7395796304133164,-0.052650673364788604,0.025153352408575982,0.392
4.213505744934082,0.7374297904261803,0.0,-0.008306835190086452,0.10359938125181328,0.392
4.223697662353516,0.0,0.0,0.011369063274026592,0.15693212376799567,0.392
4.233852386474609,0.0,0.0,-0.010871355006009366,0.1620678258157222,0.392
4.243997097015381,0.0,0.0,0.002523643887319335,0.13291732505408507,0.392
4.254148960113525,1.4775612963832785,0.0,0.05295201256298057,0.05314711889864137,0.396
4.264314889907837,0.0,0.0,0.038084527763815906,0.014017047706149643,0.396
4.274535655975342,0.0,0.0,-0.0154897879314142,0.0936219297602812,0.396
4.284708499908447,0.0,0.0,-0.03771703500058574,0.14594545844996668,0.396
4.294861316680908,0.0,0.0,-0.09276957554901401,0.12030634940864554,0.396
4.305046081542969,0.0,0.0,-0.07305277228904287,0.0529135622007977,0.396
4.3152501583099365,0.0,0.0,-0.04015077309950725,0.01982893415578639,0.396
4.325418472290039,0.0,-1.4751708129147225,-0.11461421522484472,0.026150343046059593,0.396
4.335683107376099,0.0,0.0,-0.036730291016926264,0.15505961911085403,0.396
4.345852375030518,0.0,-0.7375162356692377,-0.01959113746200225,0.10501174313508993,0.396
4.35602331161499,0.0,-0.7373952180028129,0.04192890910483783,0.07174376006781269,0.399
4.366185188293457,1.4761052977335647,2.214157946600347,0.052665172983264244,0.0020335153205284784,0.399
4.376341819763184,-0.7384338028169014,-2.215301408450704,0.03405393175285773,-0.01621017159385399,0.399
4.38661527633667,0.0,0.0,-0.03834248708668293,-0.07148925642453141,0.399
4.396772623062134,6.645436236884727,0.0,-0.014026665974736854,-0.06538419970115503,0.399
4.406931638717651,0.0,0.0,-0.030482100214853508,-0.03243288202387875,0.399
4.4170920848846436,0.0,0.0,-0.007277419161838661,-0.0539438646164923,0.397
4.427247047424316,0.0,-0.7385551616462799,-0.0030670560972653887,-0.06362294459132108,0.397
4.4374096393585205,0.0,-0.7380007038123166,-0.051462443347662874,-0.11835963090511012,0.397
4.44877290725708,0.0,-1.3200428022911814,-0.07541906808213908,0.03477329206920497,0.397
4.458990812301636,0.0,-0.734005646685489,-0.09090072719885968,0.05180811268301543,0.398
4.469172477722168,0.0,0.0,-0.01057952222098802,-0.012783636062669412,0.398
4.479337692260742,1.4756206023079088,-1.4756206023079088,-0.029882947339950585,-0.09536080708022517,0.398
4.489580154418945,1.4644916201117317,-2.1967374301675977,-0.021443593827481778,-0.0384362115455503,0.398
4.499756097793579,-1.4740648063541153,-1.4740648063541153,-0.0609463026701898,-0.014918608427830014,0.398
4.509909629821777,0.0,0.0,0.03218780211260244,0.07957643394378491,0.399
4.52006196975708,0.0,-1.477491897985064,0.031056245010522586,0.018927324845976597,0.399
4.530216693878174,0.0,-0.7385725018782869,0.02254560363751572,-0.02495074294188826,0.399
4.540381908416748,0.0,-0.7378103011539544,0.07545656506067004,0.010759067605231112,0.399
4.550738334655762,0.0,-0.7241880381233021,0.12608848994973906,0.05395827036963568,0.4
4.560937881469727,1.4706535764375877,0.0,0.12132310660118818,0.03821995262393735,0.4
4.571106910705566,0.0,-0.7375335271499578,0.12592457895463893,0.12449304599334841,0.4
4.581265211105347,-1.4766249677283074,-3.6915624193207686,0.11044523654486973,-0.029531601317972153,0.4
4.591429233551025,0.0,0.0,0.12847976414169582,-0.0012278507559719265,0.4
4.6017162799835205,2.9162889656291284,0.0,0.12041869792513707,0.07159924776080281,0.4
4.611867904663086,-2.216393997040795,-3.6939899950679913,0.08493174239004278,0.11129971336079272,0.402
4.622020721435547,0.0,-0.7387112530527897,0.15931694898787457,0.10641761647283565,0.402
4.632173299789429,0.0,0.0,0.1664264552874576,0.05815293076842455,0.402
4.642334699630737,0.0,-1.4761745659314875,0.18535153816790156,-0.033944647154956736,0.402
4.652554512023926,-0.7338686574128076,0.0,0.15340916165666993,-0.06231377479130534,0.405
4.662727117538452,0.0,-1.4745484800899993,0.11553375576354455,0.06343947746121657,0.405
4.6728808879852295,0.0,0.0,0.11500859917821213,0.05177225034149514,0.405
4.683032989501953,-0.7387632981846363,0.0,0.1467368192991096,0.08223708617335075,0.405
4.693195104598999,-1.4760706660723084,0.0,0.1369193440309025,0.029904389609124928,0.405
4.70334792137146,0.0,-7.387112530527897,0.15814351331805832,-0.06037171626378525,0.405
4.713555574417114,0.0,0.0,0.09921287966239,-0.036685974164676574,0.405
4.723727703094482,0.0,-0.7373088011250439,0.11996221452804384,-0.026766250704790592,0.405
4.733881235122681,0.7386592152534811,-0.7386592152534811,0.16683819434084535,-0.0985642273899058,0.405
4.744039535522461,-0.7383124838641537,-2.214937451592461,0.1914486193798216,-0.05139683648618261,0.405
4.754204034805298,0.0,0.0,0.20680377189487215,0.010317832516233291,0.403
4.764358282089233,0.0,0.0,0.19309965300827198,0.003441208836433715,0.403
4.774555683135986,-1.4709630357017605,0.0,0.13934214821220864,0.04256289557729289,0.403
4.784800291061401,0.7320924387349019,0.0,0.19800889949874628,0.05621970017388307,0.403
4.794971704483032,1.4747212976419295,0.0,0.1802175228077888,0.06640713710113172,0.403
4.805154085159302,2.9462658050014046,0.0,0.26293386192166807,-0.0015098296905899575,0.403
4.815351724624634,1.4709286449078836,-6.619178902085477,0.19407883370861273,-0.03767488013040473,0.403
4.825666904449463,0.0,0.0,0.1847339960060743,-0.023306795719612,0.403
4.83584451675415,0.0,0.0,0.13975154776371107,0.0027648409934922305,0.403
4.846014499664307,1.4749287321830458,-0.7374643660915229,0.2635603122074771,-0.04070574277121647,0.403
4.856178283691406,2.2137424349049963,-2.2137424349049963,0.24707948275318176,-0.028847672396172128,0.405
4.866345405578613,0.0,0.0,0.17110589124832432,-0.027626714522314577,0.405
4.876554012298584,0.7346742024382269,0.0,0.2112717953976624,-0.032719014239791885,0.405
4.886760711669922,0.0,0.0,0.19799085831473656,0.017360622255068375,0.405
4.896941661834717,-2.2100098356048896,0.7366699452016299,0.2175333420289155,-0.05144270921867729,0.405
4.9071173667907715,0.0,0.737049671977507,0.25728026980571106,0.035318072252167626,0.405
4.91732382774353,-2.2044859725758603,0.7348286575252867,0.26279225555260954,0.03279220019397297,0.406
4.92750096321106,-11.054191069671553,-1.473892142622874,0.2741718492240415,0.1038708635804573,0.406
4.937787294387817,0.0,0.0,0.2653153276172546,0.1336190859523266,0.406
4.947957754135132,-0.7374297904261803,0.0,0.2783980424033482,0.17318854310257956,0.406
4.95812463760376,0.0,0.0,0.21787854509424584,0.10171802322275088,0.407
4.968291282653809,0.0,0.7377064865625439,0.28865380999443346,0.09071306524600438,0.407
4.9784533977508545,-2.952141332144617,0.7380353330361542,0.2635212204362435,0.11747619860781815,0.407
4.988792419433594,0.0,0.0,0.2692019064687477,0.03786799365559801,0.407
4.998958349227905,0.0,-0.7377583902061493,0.29542546251865054,0.023480137262714,0.407
5.009118556976318,0.0,1.476347764871524,0.22537510526226387,-0.0026472446723627557,0.407
5.019278287887573,-0.7382085279140168,0.0,0.21887070743051232,-0.08878173628546476,0.407
5.029439210891724,0.0,1.4762438406307195,0.19476683134975434,-0.05789005454486433,0.407
5.039766073226929,-2.1787837650644133,0.7262612550214711,0.15172278368997713,-0.0775242500510313,0.407
5.049938201904297,0.0,0.0,0.18709608275563008,-0.07804535222860434,0.404
5.060106992721558,-2.212652458324541,0.0,0.16318499392667976,-0.1545492937018589,0.404
5.070310831069946,-2.205052572550119,-0.7350175241833731,0.17818375141082227,-0.10375262173223108,0.404
5.080482482910156,0.0,0.0,0.213505164791515,-0.06348307113468679,0.404
5.090824604034424,0.0,0.0,0.2108321919476282,-0.05933954403965279,0.404
5.10100245475769,0.7368942818993183,2.210682845697955,0.14550049903568468,0.03618526954990646,0.404
5.1111650466918945,1.4760014076246333,0.7380007038123166,0.16182254811754532,-0.05368502788767276,0.406
5.121331691741943,0.0,0.0,0.11500075752396478,0.014614404421995488,0.406
5.1315107345581055,-4.420847894317703,0.0,0.06393392950696786,-0.0338316299579942,0.406
5.141676902770996,0.0,0.7377410881801125,0.15053435356871092,-0.026189852446671824,0.406
5.151861667633057,0.0,0.7363940259375439,0.11864770932422748,-0.07444080209188811,0.406
5.162020683288574,-1.476521004459047,0.7382605022295236,0.11211413381854182,-0.10632820654985983,0.406
5.172180891036987,0.0,2.952695529743048,0.11480278633983221,-0.10468124726531079,0.406
5.182340383529663,0.0,0.0,0.15298663766717457,-0.14852162466818414,0.406
5.1925084590911865,2.950410804727068,-4.425616207090602,0.03247941210759821,-0.12307169980388669,0.406
5.202676057815552,9.589284809829762,11.802196689021244,0.04879695080394548,-0.2413229972037953,0.406
5.212869167327881,0.0,0.0,0.06478407629054217,-0.18499181813223672,0.401
5.223023414611816,0.7386071847851609,0.7386071847851609,0.06307338670548895,-0.230663684336456,0.401
5.233185291290283,0.7380526488667823,0.7380526488667823,0.06919810520870692,-0.1746376834782882,0.401
5.243357181549072,2.94930433152072,0.0,0.026754712980161577,-0.12613210486736529,0.401
5.253523111343384,0.0,0.7377583902061493,0.03458444287287047,-0.13057154257099668,0.4
5.263908863067627,0.7221432014875692,0.7221432014875692,0.04808868232221075,-0.17593150857687778,0.4
5.274075269699097,0.0,0.0,0.02204957627794196,-0.1597564934803997,0.4
5.284238576889038,0.0,0.7379487660692502,-0.03404898272085927,-0.1514136003422718,0.4
5.294414281845093,1.474099343955014,0.737049671977507,-0.021087472439603593,-0.10051231020148196,0.4
5.304771900177002,4.3446281334162,0.0,-0.05223461940170816,-0.13633993107096032,0.4
5.314965724945068,0.7357395453269716,0.0,0.0543679658013171,-0.12432579979680343,0.398
5.325289011001587,0.7265128524908196,0.0,-0.027841855866094743,-0.1812236989391876,0.398
5.335465908050537,2.2108900081996015,0.7369633360665339,0.0014534133623656242,-0.10144951140594301,0.398
5.345682859420776,0.0,0.0,-0.0504337901514953,-0.10673848938361286,0.398
5.355884790420532,0.0,0.7351549427436317,-0.045862423392142915,-0.002011638436684569,0.398
5.366047382354736,1.4760014076246333,0.0,-0.08131329790426461,-0.005811487854635252,0.398
5.376205682754517,0.0,0.7383124838641537,-0.041133098531223954,-0.09499731138572225,0.398
5.3863606452941895,0.7385551616462799,0.7385551616462799,-0.055973752502015736,-0.06391948499679635,0.398
5.3965959548950195,2.198272536687631,0.0,-0.0497077858746034,-0.039348864646797266,0.398
5.406769275665283,1.474444808999297,0.0,0.015374908593573905,0.07664101266125743,0.398
5.416924953460693,0.7385031458352896,0.0,-0.06746637852950094,0.12487225967384673,0.397
5.427085876464844,1.4762438406307195,1.4762438406307195,-0.07342096231371312,0.2196096372720518,0.397
5.437249422073364,1.4758629102254333,0.0,-0.06556830110236633,0.07293473123230076,0.397
5.447426080703735,0.0,0.0,-0.07893923569473127,0.16569877896733165,0.397
5.457688570022583,1.4616336771675493,0.0,-0.09461398734029602,0.0763440395722838,0.4
5.4678685665130615,0.0,0.0,-0.10245620768158165,0.039065481610588884,0.4
5.478032350540161,0.0,0.0,-0.10790796588237402,0.05627352179886305,0.4
5.4881978034973145,0.0,0.0,-0.13634748442797423,0.06274103870531997,0.4
5.498375654220581,0.0,0.7368942818993183,-0.10917994785879692,0.14690809530661783,0.4
5.508552312850952,0.7369806016305875,0.0,-0.15471251200254096,0.1482529385185657,0.4
5.5187156200408936,0.7379487660692502,0.7379487660692502,-0.13249881352556162,0.17511246489394877,0.4
5.528876304626465,5.166974681465143,-3.6906962010465305,-0.11058271394007373,0.14420985909317263,0.4
5.5390400886535645,0.7379141449683322,0.0,-0.1277739840831138,0.07867616544634815,0.4
5.549213886260986,0.0,-0.7371878515185601,-0.12234826707880438,0.1310058525795515,0.4
5.559611082077026,0.7213483455250063,0.0,-0.14176154557338605,0.17715851489526135,0.403
5.570140838623047,-0.7122671798935809,-0.7122671798935809,-0.1976567001425265,0.11818337683258473,0.403
5.580327033996582,0.0,0.0,-0.09146655702157798,0.12113860302197096,0.403
5.5904951095581055,0.737602701181767,0.0,-0.08663973427548767,0.0907821601652686,0.403
5.600719928741455,0.0,0.0,-0.08601715241425525,0.13812578234754427,0.403
5.61092209815979,-0.7351377626136337,0.7351377626136337,-0.09864590537236267,0.14515115015526717,0.405
5.621085166931152,0.0,-2.21389823351397,-0.12250057903636559,0.21082157920829553,0.405
5.631247043609619,-3.690263244333912,5.904421190934259,-0.12766038231873655,0.25828850205267967,0.405
5.641410827636719,-1.4758282899366644,0.7379141449683322,-0.1640622106751191,0.22433790949020818,0.405
5.651597023010254,0.0,0.0,-0.08151075577269093,0.14011458177828384,0.404
5.661778211593628,0.0,0.7366526941901037,-0.11493954575411411,0.14148536048378918,0.404
5.671942710876465,-8.116484413482512,14.757244388150024,-0.024163247202516887,0.2208933080202238,0.404
5.682104587554932,-0.7380526488667823,-0.7380526488667823,-0.0918490071387957,0.15999530052134592,0.404
5.692267894744873,-0.7379487660692502,0.0,0.02280766177269528,0.1513824701977694,0.404
5.702445983886719,0.0,0.0,0.018644031164141463,0.1201825048502651,0.404
5.712698221206665,-0.7315476384270133,0.0,-0.008984828860297984,0.14581665729495896,0.398
5.722931623458862,0.0,0.0,0.01938943903065878,0.1753705827110744,0.398
5.73309588432312,-0.7378795271157815,0.0,-0.09062248008937726,0.1604499500161894,0.398
5.7432591915130615,-1.4758975321385004,1.4758975321385004,-0.05438173373074094,0.18646773642006126,0.398
5.753426551818848,0.0,0.7376545902215969,-0.10146311791921556,0.0721876536083419,0.399
5.763606071472168,0.0,0.0,-0.1404722604768335,0.0542788782207083,0.399
5.77378511428833,0.0,0.0,-0.036280916253745236,0.08039449155512442,0.399
5.7839436531066895,0.0,1.476590311678558,-0.1281950362465645,-0.023121021546838965,0.399
5.794102430343628,-3.6913891431387733,0.0,-0.16073403044344642,-0.032627669301308115,0.399
5.804272174835205,2.9499266205603094,0.0,-0.07891780777522242,-0.015477052381533163,0.399
5.814462423324585,11.775964062609672,-10.303968554783463,-0.15118383208357325,-0.08688913940358316,0.399
5.824883699417114,-2.878726149622512,1.439363074811256,-0.1973500200033213,-0.07606257562626162,0.399
5.835139751434326,0.0,2.1938266266824744,-0.13539182842860506,-0.01746937636873541,0.399
5.845308303833008,0.7375681125439625,0.0,-0.14847140264963912,-0.15165208118395196,0.399
5.855487108230591,0.7368252406717729,-4.420951444030637,-0.18905344295704357,-0.11600623408313078,0.396
5.8656792640686035,-1.4717200402348591,0.0,-0.19531909924696136,-0.07907282192168388,0.396
5.875880241394043,-0.7352236712943486,-5.1465656990604405,-0.15048122894438282,-0.10353546084287218,0.396
5.886050701141357,0.0,-0.7374297904261803,-0.1610771027708462,-0.04600449140867529,0.396
5.8962156772613525,1.4756552128532896,-1.4756552128532896,-0.13512278235200617,-0.013491781175150895,0.396
5.906400203704834,0.0,-0.7364112648360137,-0.07207324299171156,-0.019065296151386753,0.396
5.9166600704193115,0.0,-1.4620072967257685,-0.18164075952133735,-0.07272020245864742,0.398
5.9268364906311035,1.4739957360073097,-0.7369978680036549,-0.2170644701601963,-0.0763726884932601,0.398
5.937009811401367,0.0,-0.7372224044996485,-0.17583409211478634,-0.04595121043002948,0.398
5.947173833847046,0.0,-1.475793671272079,-0.11540540790286342,-0.07119040301700107,0.398
5.957344055175781,0.0,0.0,-0.151624254440885,-0.0838195569827842,0.4
5.967505693435669,0.0,0.0,-0.05484774233811626,-0.03201899657506628,0.4
5.977802991867065,-0.7283463764760361,-4.370078258856217,0.026371524609593362,-0.018864757113138925,0.4
5.987962484359741,0.0,-0.7382258518727118,-0.03877046557517498,-0.08533498162193542,0.4
5.998122692108154,0.738173882435762,-0.738173882435762,-0.06081995164365078,0.02510334748092382,0.4
6.008290767669678,0.0,-1.475205402363534,-0.0063419508147748134,0.04932054596513813,0.4
6.018454551696777,0.0,-0.7379141449683322,-0.006457219267458604,0.014444760473225248,0.397
6.028709650039673,1.4626870945993071,-0.7313435472996536,0.02477819917003342,0.0387100156602765,0.397
6.0389111042022705,0.7351893054127325,0.0,-0.006306867148572835,-0.02262253302412008,0.397
6.049089431762695,0.0,-3.6842987983415707,0.0446532861447966,0.01753731179395939,0.397
6.059263706207275,0.7371533017762572,0.0,0.09107675843601457,0.08050464878039891,0.397
6.069432497024536,0.0,-0.7375508194415137,0.06688641520627402,0.017284109571342094,0.397
6.079667091369629,7.328087217834929,-1.4656174435669858,0.048306613003829074,-0.04024107245995787,0.397
6.08989405632019,0.0,-1.4667108054551812,0.13569024297158327,0.0008874946585056449,0.397
6.100098371505737,0.0,0.0,0.12502533666241994,-0.04033041334588082,0.397
6.110318183898926,0.0,0.0,0.06151946889438587,-0.008803147214791262,0.397
6.120611906051636,2.1857982628836132,-0.7285994209612043,0.12244331665766855,-0.014428517365527884,0.401
6.130844593048096,0.0,0.0,0.058448445088642186,-0.07460615783872843,0.401
6.141030788421631,0.7362906094934931,-0.7362906094934931,0.03526707297473425,0.0194953061533398,0.401
6.151206970214844,0.7370151351857925,-1.474030270371585,0.12662093724551016,0.025220975929323663,0.397
6.161386728286743,0.0,-0.7367562123802609,0.04965286412502534,-0.010241992136477078,0.397
6.171696901321411,0.7274368698547775,-0.7274368698547775,0.07194470784603796,0.08669504341768416,0.397
6.181897401809692,1.4705160807778608,1.4705160807778608,0.11709711479359053,0.08899199665704502,0.397
6.192065954208374,-1.475136225087925,-0.7375681125439625,0.07355210780558548,0.09331987480331114,0.397
6.2022318840026855,5.164308731443045,0.7377583902061493,0.14942686200092128,0.1858038806503974,0.397
6.212400913238525,-4.4252011628997465,0.0,0.1336612031640852,0.14429569178596363,0.401
6.222567081451416,-2.95096435272045,4.426446529080676,0.10320824042130046,0.1713858480758068,0.401
6.232912063598633,2.1749675040331873,-2.1749675040331873,0.10545522559708007,0.23507471880637504,0.401
6.243080377578735,-11.80136650331778,7.375854064573613,0.10398701156475552,0.21821496083891062,0.401
6.253249645233154,-2.2125487070077132,0.0,0.15307972106989204,0.23071064646385403,0.399
6.263425588607788,0.0,0.0,0.18362428407937412,0.18865698799877006,0.399
6.273643970489502,0.0,0.0,0.14506692689202175,0.16280950270822175,0.399
6.283824682235718,-1.473374394042294,0.0,0.0033099682030763022,0.14507687565126076,0.399
6.293989419937134,0.7378449125111413,1.4756898250222825,0.017246349969841063,0.20712022700071772,0.399
6.30415415763855,0.0,2.951379650044565,-0.042525902190622016,0.1619696181746901,0.399
6.31433629989624,-0.7365836982227738,6.629253284004965,0.03735803835498599,0.12790890826422,0.402
6.324503660202026,-1.4753091804431937,6.638891311994373,-0.13370928141031418,0.1528795887634978,0.402
6.334712505340576,0.7346570447698452,1.4693140895396903,-0.04569068673577695,0.23464447692514656,0.402
6.344913959503174,0.0,0.7351893054127325,-0.3016579050842841,0.0935430401516627,0.402
6.355112314224243,-0.7354127410870835,0.7354127410870835,-0.43669227549466716,0.06292490768556987,0.399
6.365306615829468,0.0,0.0,-0.43515099260650364,0.017923746778404293,0.399
6.375491380691528,-1.4727880518750878,4.418364155625263,-0.37242263192598996,0.08282099493694829,0.399
6.385736703872681,-1.4640826584752862,2.9281653169505724,-0.5592908765493666,0.00220438018172512,0.399
6.395911693572998,0.0,0.7371014832345291,-0.545140644591778,0.008265886052261022,0.399
6.40608286857605,-0.7373779330067274,2.212133799020182,-0.6713897291335116,-0.01385796820085842,0.399
6.416254043579102,0.0,0.0,-0.630880013194474,0.027366803128220707,0.401
6.42642068862915,-0.7377064865625439,3.68853243281272,-0.7213792781463892,-0.0788725052691351,0.401
6.436644077301025,0.0,2.9344477611940296,-0.7740068907056539,-0.02157601059633344,0.401
6.4468748569488525,0.0,0.7330819603365104,-0.8111155590845417,-0.04536604395490918,0.401
6.457043647766113,0.0,0.0,-0.7762510036776193,-0.08427120296455407,0.403
6.467319488525391,0.0,0.0,-0.9428224423948194,-0.09992930278474378,0.403
6.4775824546813965,0.0,0.0,-1.0374858511855625,-0.07337220394228484,0.403
6.4877612590789795,-1.4736504813435458,0.0,-0.9635268264138165,0.003693300936168653,0.403
6.497981309890747,0.0,0.0,-0.9205825479825441,-0.054077266343205505,0.403
6.508151292800903,0.0,-1.4749287321830458,-0.9713947981923532,-0.11897046109571101,0.403
6.518338203430176,0.0,0.0,-1.0170746800527666,-0.09969608667667292,0.401
6.528508901596069,-0.7374125038092783,-2.2122375114278348,-0.905522988968595,-0.04802098570035976,0.401
6.5387678146362305,-0.7310716028724813,0.0,-1.023482052978547,-0.08185902009725085,0.401
6.548994064331055,0.0,-3.6670334794367245,-1.0043408936077365,-0.043042999860878964,0.401
6.559175491333008,0.0,-2.9465417759460473,-0.998544397953134,-0.015425831114380784,0.405
6.56934928894043,0.0,-2.9487514060742406,-0.9155784937839386,-0.009264129919073702,0.405
6.579522371292114,-0.7372396822048793,-5.160677775434156,-0.9047915073164439,-0.10905741764846795,0.405
6.58972430229187,0.0,-2.205464828230895,-0.9161542102215151,-0.056204344674223944,0.405
6.5999979972839355,1.4600394513935624,-4.380118354180687,-0.8607186451803098,-0.040034548679850984,0.405
6.610191106796265,-0.7357911725492947,-0.7357911725492947,-0.8052291323926619,-0.0611999659247405,0.4
6.620371103286743,0.736738957328212,0.0,-0.8342545097792657,-0.10738863577636851,0.4
6.630556583404541,1.4726846281688162,-3.6817115704220407,-0.8940601798429234,-0.13653518862146877,0.4
6.640787839889526,0.0,0.0,-0.8824003563686326,-0.06172352357228683,0.4
6.651006460189819,0.0,-8.807451236584228,-0.7564850056559991,-0.04498267537298151,0.4
6.661184310913086,0.0,-0.7368942818993183,-0.8477249036806284,-0.17658868941839492,0.4
6.671356201171875,-0.73732608288018,-3.6866304144009,-0.8689317576913582,-0.09023089242172343,0.4
6.681524991989136,0.0,-4.425304916649082,-0.8023558993676301,-0.04117738062711539,0.4
6.691720247268677,0.0,-12.505817314438053,-0.7610892632261352,-0.06344323164346519,0.4
6.701884984970093,0.0,-8.854138950133695,-0.779608937923596,-0.1157010663677451,0.4
6.712062358856201,0.73692880736524,0.0,-0.7050365795365564,-0.08804116523163502,0.402
6.7222254276275635,0.0,-8.117626856217889,-0.6218607312239897,-0.021303429910258687,0.402
6.732389688491821,0.7378795271157815,-7.3787952711578155,-0.5700329451943364,-0.08073940270898988,0.402
6.7425549030303955,0.7378103011539544,-3.689051505769772,-0.7300004762224832,-0.120493992476191,0.402
6.752910614013672,0.0,-8.690856682398987,-0.6436635792248173,-0.029406717102119694,0.404
6.763080358505249,0.0,-2.9499266205603094,-0.4905263591000274,-0.00956954434158766,0.404
6.773245096206665,0.0,-7.3784491251114135,-0.38921962459772275,-0.006204845366534047,0.404
6.783409833908081,0.7378449125111413,0.0,-0.25019916449660606,0.028039042335782173,0.404
6.793694496154785,0.0,-4.375447527644481,-0.21575937476281715,-0.017176020898600163,0.404
6.803874731063843,0.7367217030843813,-3.6836085154219065,-0.1901217776625441,-0.005968502922374102,0.404
6.814043998718262,2.2125487070077132,-7.375162356692377,-0.2907887423924458,0.06570391386280633,0.4
6.824209928512573,0.0,1.4755167804122986,-0.2245582182405881,0.12060219884148682,0.4
6.834381580352783,0.0,-11.060150481682019,-0.1461417947631996,0.09927560079929966,0.4
6.844595909118652,1.4685252789318892,-3.671313197329723,-0.16832417389279986,0.08097479750955962,0.4
6.85481071472168,0.0,-2.9369134534590606,-0.22237995581786407,-0.02675291347281026,0.402
6.865017652511597,1.4695886571208334,0.7347943285604167,-0.1527105996097787,-0.004461285526895349,0.402
6.8752052783966064,0.0,-8.098059443014275,-0.12413997252501247,0.06715638554056139,0.402
6.885385990142822,1.473374394042294,-4.420123182126882,-0.05746850787768568,0.04873871596164213,0.402
6.895572900772095,0.0,-3.6811945608163454,-0.053261810396105704,-0.0006934278949145348,0.402
6.905805826187134,1.4658564771668219,-4.397569431500465,-0.11833534812598948,0.10440644732028356,0.402
6.916104316711426,0.0,-4.36957240421345,-0.036774303057760346,0.1753851453081548,0.396
6.926293134689331,1.4722021762021762,-8.097111969111968,0.1984999224819869,0.11776804459456114,0.396
6.936477899551392,0.0,0.7363940259375439,0.06533680921345486,0.07127763537403005,0.396
6.946755647659302,0.0,-6.567586526862764,0.07751207025078724,0.0939427154203598,0.396
6.956989288330078,0.7328770123243948,-7.328770123243948,0.028718774450415735,0.13815251484823038,0.4
6.967164516448975,1.4741684240123716,-6.6337579080556734,0.17079072713940394,0.14065748334218953,0.4
6.97733211517334,0.0,-0.7376372930638277,0.22477126379417114,0.1011454604699085,0.4
6.9874982833862305,0.7377410881801125,-1.475482176360225,0.31256068104080237,0.1732818433705684,0.4
6.997695207595825,0.735515911057074,-2.942063644228296,0.3677896379905369,0.2051238306184595,0.4
7.007874488830566,0.0,0.0,0.27010811847786204,0.1739769841122057,0.4
7.018044948577881,0.0,-0.7374297904261803,0.194031348184647,0.1261464870794754,0.399
7.028207540512085,1.4760014076246333,-4.4280042228739,0.1607744417333216,0.14156988448708113,0.399
7.038373708724976,0.0,-1.475482176360225,0.18235079857292413,0.2035660952166845,0.399
7.048538684844971,2.213482819279934,0.0,0.23782688076446262,0.198496428413939,0.399
7.058907747268677,0.0,0.0,0.23692776935282853,0.1257476853191386,0.398
7.0690813064575195,0.0,-3.6860256380211385,0.10492901284998021,0.12712803534522843,0.398
7.079249143600464,0.0,0.0,0.08498768834282144,0.18922843875053885,0.398
7.089414358139038,2.2134309034618633,-2.2134309034618633,0.17536285336092416,0.1779961975085324,0.398
7.099596738815308,0.0,-1.4731329025007023,0.25778574372017243,0.17282776495621338,0.398
7.109806776046753,0.0,-1.469142536895199,0.1424701680732463,0.15264756815851188,0.401
7.120012283325195,0.7348973250788459,0.0,0.1853462443882259,0.1982232516299408,0.401
7.1301960945129395,0.7364629863744908,-1.4729259727489816,0.22800923703779566,0.20920055579949554,0.401
7.140380859375,0.0,-5.154758181562807,0.08141935840086413,0.13533443665512113,0.401
7.150555372238159,0.0,-5.897088224956063,0.0506012409169003,0.2032358435028941,0.396
7.160755157470703,1.4706192001121994,0.0,0.13974343291359798,0.20637598451017103,0.396
7.170936822891235,-0.7366181945907972,-1.4732363891815945,0.20300138277167096,0.2726783530014769,0.396
7.181107044219971,0.0,0.0,0.2219749061388971,0.2768699173528193,0.396
7.191274881362915,0.7376199967172368,0.0,0.26226916546017803,0.2029164956160548,0.396
7.20143985748291,0.0,0.0,0.30696288969649965,0.1301612690465238,0.396
7.211620807647705,0.0,0.0,0.15055830924931546,0.18465801072323468,0.398
7.221789360046387,0.0,0.0,0.10058958001424108,0.31145787563035743,0.398
7.231991291046143,1.4703098854872634,-0.7351549427436317,0.08617320597406425,0.17963273206164931,0.398
7.242156982421875,0.0,0.0,0.0777646449957601,0.13009900394860702,0.398
7.252322196960449,0.0,-0.7378103011539544,0.052781940287822286,0.1693987455115381,0.403
7.262489557266235,0.0,-2.9506183608863874,0.015755873645232205,0.22725309424721066,0.403
7.272802352905273,0.0,-1.4545037567911223,0.016851897553304983,0.18830740064780052,0.403
7.282969236373901,-0.7376891869708979,0.0,-0.06172657356732527,0.11435711694613859,0.403
7.293135643005371,0.7377237869655965,-0.7377237869655965,-0.11055156500639646,0.1096670510111708,0.403
7.303301095962524,0.0,0.0,-0.07551971715231387,0.19030949142991588,0.403
7.3134660720825195,0.0,-0.7378276064266448,-0.02069457630603009,0.18901812942074261,0.403
7.323657512664795,-0.7359116642492864,-0.7359116642492864,-0.09762958286453785,0.1890562496558426,0.403
7.333880424499512,0.0,-0.7336461588693503,-0.15476735221504373,0.15934307571397663,0.403
7.3440916538238525,0.7344855121529804,-1.4689710243059608,-0.17690429158553872,0.18880799296024192,0.403
7.354276895523071,0.0,0.0,-0.1402823717236244,0.150273484981231,0.401
7.364470481872559,0.0,-0.7357567535960706,-0.18586489117955132,0.10567180116752183,0.401
7.3747429847717285,0.0,-0.7301044422782342,-0.2226103930774262,0.1636670569453059,0.401
7.3849263191223145,-0.7364974714365986,-1.4729949428731972,-0.21448981029947117,0.20615576052046874,0.401
7.395101308822632,0.0,0.0,-0.15263591631712237,0.12278234282561452,0.401
7.405276298522949,0.0,-0.7371014832345291,-0.23370673568351727,0.09756451569311245,0.401
7.415450572967529,0.0,-0.7371533017762572,-0.25072538562466207,0.15496478807680342,0.399
7.426063537597656,0.0,-0.7066828413532821,-0.2488860146938592,0.1639727400834802,0.399
7.43623423576355,0.0,-1.4748250076185565,-0.22519210415127666,0.0926311148588513,0.399
7.44640326499939,0.0,-0.7375335271499578,-0.25342748319862446,0.07757702352631846,0.399
7.456587791442871,-0.7364112648360137,-2.2092337945080414,-0.2641192221067577,0.18966234920592284,0.398
7.466797351837158,0.0,-1.4692111531455794,-0.3043668505923657,0.15488510226582264,0.398
7.476975202560425,0.0,0.0,-0.2947019926115979,0.05960595840455651,0.398
7.487138032913208,0.0,-1.4759667808379862,-0.2604318415023228,0.0015330077949967033,0.398
7.497295618057251,-0.7383644728194535,0.0,-0.23751406991978344,0.0733072637901309,0.398
7.507451295852661,0.0,-1.4770062916705793,-0.25567030903984056,0.08485671392986631,0.398
7.517609596252441,0.0,-1.4766249677283074,-0.3174795308190937,0.026644165970438075,0.397
7.527784109115601,0.0,-2.9485441124780314,-0.33345690620058965,0.12386674029012822,0.397
7.5379478931427,0.0,-0.7379141449683322,-0.2551269470313431,0.08740251913349002,0.397
7.548118591308594,0.0,-2.2122375114278348,-0.29783049976282105,0.03172316728025107,0.397
7.558279991149902,0.0,0.0,-0.4203553477866816,0.09092629395522579,0.401
7.568443536758423,0.0,-2.9517258204508665,-0.41546915169158866,0.08226556445972247,0.401
7.578616619110107,0.0,0.0,-0.23983299851363254,0.0773145616908053,0.401
7.58896017074585,-0.7250894338926793,0.0,-0.29643691608889666,-0.009253327324512613,0.401
7.599124431610107,0.0,-2.2136385813473445,-0.3808827116532258,-0.00876529488021603,0.401
7.609294891357422,0.0,-2.212289371278541,-0.34382805050741494,0.1249580187269636,0.401
7.619500398635864,0.0,-1.4697946501576917,-0.29623441034813014,0.08055373993924932,0.399
7.629765033721924,-0.7306640652219357,-0.7306640652219357,-0.35262507515987057,0.045491553124201785,0.399
7.639947891235352,-0.7365319597284008,-1.4730639194568016,-0.34524571741883364,0.07062274812570508,0.399
7.650122880935669,0.0,-2.9484059329381163,-0.2596764576419611,0.022854196193400407,0.398
7.660296201705933,0.0,-1.474444808999297,-0.33878780530151137,-0.03250316689794186,0.398
7.670471429824829,0.0,-2.2112526360185574,-0.3969714987913704,0.06242663905973739,0.398
7.6806724071502686,0.0,-1.4704473425886972,-0.3301525274217214,0.05119144462078309,0.398
7.690939426422119,0.0,-1.4609887838747881,-0.3506205067309115,-0.05440432048899989,0.398
7.7011048793792725,-0.7377929966930131,-1.4755859933860263,-0.35437442855572177,-0.03742280864367424,0.398
7.711270093917847,0.0,-2.9512412046158176,-0.22825135691819995,0.02255565926754455,0.396
7.721436500549316,-0.7377237869655965,-0.7377237869655965,-0.24915702473826437,0.05096362688986747,0.396
7.731622695922852,0.0,-3.6814530474674654,-0.31029112731293784,0.0686836262994189,0.396
7.741806507110596,0.0,-2.2093889591234723,-0.24052330142231648,0.008036029582652655,0.396
7.75197172164917,-1.4756206023079088,-2.2134309034618633,-0.2942753782879657,-0.10412924670987256,0.401
7.762138843536377,0.0,-2.950687552762405,-0.22838450606564326,-0.10092007161543806,0.401
7.772372484207153,-0.7328770123243948,-1.4657540246487897,-0.19027479348066978,0.036810038154667275,0.401
7.782543897628784,0.0,-2.2120819464628942,-0.16815505212086362,0.00533781204001782,0.401
7.792779922485352,0.0,-0.732706309831598,-0.2610099683825481,0.016232432322987538,0.401
7.802947521209717,0.0,-1.4752745861276555,-0.16001294353166032,-0.01009311421465487,0.401
7.81312370300293,0.0,-2.211045405557378,-0.12052004679729199,-0.04729404431298535,0.401
7.823332786560059,-0.7346398879028491,-1.4692797758056981,-0.14027802134230472,-0.07452867533425057,0.401
7.8335325717926025,-0.7353096000560997,-2.9412384002243988,-0.1349786075540568,0.03963561757462369,0.401
7.8437395095825195,0.0,-1.4695886571208334,-0.21205378340921727,-0.005269319298931645,0.401
7.853924512863159,0.0,-2.94550715138463,-0.2136328789169874,-0.054840146789941355,0.401
7.8641064167022705,-0.7366009460029036,-0.7366009460029036,-0.16986643916794164,-0.041736227839105675,0.401
7.8742899894714355,0.0,-2.945920914007445,-0.23750677970592493,-0.08760224149193266,0.401
7.884456396102905,0.0,-0.7377237869655965,-0.29453850012482835,-0.020068637964331136,0.401
7.894660472869873,0.0,-2.2050010514264353,-0.25921742184346286,0.01675045576476615,0.401
7.904928684234619,0.0,-1.460819169685149,-0.2981719320243903,-0.04311476468125649,0.401
7.9151389598846436,0.0,-2.93821646234676,-0.26276942427486694,-0.013220353324282251,0.403
7.92533540725708,0.0,-0.7355503074800663,-0.19864505883821393,-0.03289226471714197,0.403
7.935513019561768,-0.7369115442278861,-4.421469265367316,-0.22033158229904054,-0.03037781073729745,0.403
7.945754289627075,0.0,-2.1969931323478056,-0.2044334724618545,-0.06641819136367091,0.403
7.955940008163452,0.0,-1.4726501568278638,-0.2290465542519129,-0.04379737065384798,0.402
7.966096639633179,0.0,-3.6921690140845067,-0.1547236701720334,-0.038920796021455,0.402
7.976257085800171,0.7381565609160878,-1.4763131218321757,-0.21932988996995748,0.024220764941389167,0.402
7.986409902572632,0.0,-1.4774225061055795,-0.22410419297327477,0.035076843800482205,0.402
7.996561288833618,0.0,-1.4776307013011414,-0.2236027526478011,-0.02125954956637109,0.402
8.0067617893219,0.0,-2.205774121166791,-0.21669506671784539,-0.020745265836657915,0.402
8.016930341720581,0.0,-2.2127043376318873,-0.11307293354433719,-0.02943448995396345,0.403
8.027085542678833,0.0,-1.4770756444569657,-0.12041711780609238,-0.128986799669171,0.403
8.037250280380249,0.0,-1.4756898250222825,-0.15317378561832717,-0.08425788600009415,0.403
8.047430515289307,-1.4734434061687627,-2.9468868123375254,-0.17906609389591677,-0.025540168067268967,0.403
8.0576012134552,0.0,-1.4748250076185565,-0.18340035983967543,-0.12252230450656351,0.396
8.067800045013428,0.7353783575285784,-2.9415134301143135,-0.2375632217187963,-0.10312137502770899,0.396
8.077969312667847,0.0,-1.4750324713384755,-0.2218960301104848,-0.09091785721638453,0.396
8.08812689781189,0.0,-2.953457891277814,-0.2075166708820489,-0.028197941121589232,0.396
8.098286390304565,0.0,-0.7382258518727118,-0.24561313833792686,-0.04870907804263685,0.396
8.108439922332764,0.0,-2.9546368610139244,-0.2563763618492724,-0.045527862295703936,0.396
8.118592500686646,0.0,-0.738728600615269,-0.18469582246169378,0.0018774827508728706,0.397
8.128810167312622,-0.7340227739406384,-3.670113869703192,-0.1955566967164381,-0.013084044077280074,0.397
8.13898515701294,0.0,-2.9484059329381163,-0.22008817018607368,-0.10072613277867436,0.397
8.149186372756958,0.0,-1.470412975903896,-0.26955971050463207,-0.1215500231896532,0.395
8.159352779388428,0.0,-1.475447573931193,-0.22708468998906045,-0.028333115226811225,0.395
8.16951036453247,0.0,-0.7383644728194535,-0.07980927223003544,0.007774263846594305,0.395
8.179679870605469,0.0,-0.7374989449992967,-0.011182567133254117,-0.09359516153641687,0.395
8.189935684204102,-0.7312925423098382,-1.4625850846196764,-0.10434305593872112,-0.08918042150111863,0.395
8.20010232925415,0.7377064865625439,-2.213119459687632,-0.07782397236650568,-0.01720929143921474,0.395
8.210270404815674,0.0,-1.475205402363534,-0.12485359092026885,-0.03177748052472943,0.393
8.220437288284302,0.0,-0.7376891869708979,-0.12969498401570165,0.04238788015217444,0.393
8.230607986450195,0.0,-4.4244750228556695,-0.1514173978049113,0.06773590080531511,0.393
8.240841150283813,0.0,-1.465822324736143,-0.2059885846435452,0.009806102567777128,0.393
8.251007795333862,0.0,-4.426238919375264,-0.24274933280153538,0.020889294404111622,0.398
8.261179685592651,0.0,-0.73732608288018,-0.15050125783245571,0.03606928479216257,0.398
8.27135443687439,0.0,-2.2113562658168524,-0.13716640013398035,-0.0011173396627544158,0.398
8.281526803970337,0.0,-0.7372915201800028,-0.22014750608917277,0.04419765635306549,0.398
8.291727542877197,0.0,-3.676204277199953,-0.20413928404625534,0.04783706196822675,0.398
8.301941633224487,0.0,-2.2028393361499496,-0.22305233991590412,-0.020702920987267386,0.398
8.312107563018799,0.0,-1.4755167804122986,-0.1705066376875482,0.008661481170546104,0.399
8.322270393371582,0.0,-2.9519335616759723,-0.11260403232181845,-0.05151119110163334,0.399
8.33244800567627,0.0,-4.421469265367316,-0.1471135773951454,-0.04164634271957289,0.399
8.34261417388916,0.7377410881801125,-2.213223264540338,-0.15548913881306597,0.026082799350164318,0.399
8.352819681167603,0.7348973250788459,-2.2046919752365377,-0.21853595135883985,-0.03251236648188195,0.399
8.363040447235107,-0.7338001819496606,-3.669000909748303,-0.21021176059040733,0.058352232690668124,0.399
8.373239278793335,0.0,-1.4707567150571568,-0.12172984864570584,0.05193427649942336,0.399
8.38344931602478,0.0,-1.469142536895199,-0.09759374373668497,-0.048366134685672926,0.399
8.393655776977539,0.7348286575252867,-3.6741432876264337,-0.12668021454105619,0.0011785684902342816,0.399
8.403945684432983,0.0,-0.7288695289510878,-0.1433096735669419,-0.0035273730999835573,0.399
8.414117097854614,0.0,-0.7373606488209647,-0.18542058101384123,0.05961096159900664,0.399
8.424286842346191,0.0,-3.6874082757003865,-0.1847795439321942,0.06293718932785906,0.399
8.43446159362793,0.0,-1.4742375105445684,-0.1460517101354148,0.015579926768382966,0.399
8.444658994674683,0.0,-3.6774075892544014,-0.18217609546144953,-0.012216857489150003,0.399
8.454854011535645,0.0,-2.9426140642173944,-0.22247618630940486,0.025190891865528413,0.401
8.465065717697144,0.0,0.0,-0.2573506423864127,0.06184069563551294,0.401
8.475260019302368,-0.7357051312035174,-3.6785256560175874,-0.1947465600225219,0.09732802775399993,0.401
8.48544430732727,0.7364285045416237,-2.209285513624871,-0.18008812920162032,0.026671751421383862,0.401
8.495617151260376,0.0,-3.686284803599887,-0.23977773820969228,0.033707437945440726,0.401
8.505897998809814,-0.7295118387792491,-1.4590236775584982,-0.2179737172576846,0.04188840926389981,0.401
8.516062498092651,0.7378622194075012,-1.4757244388150024,-0.0857404881220059,0.1053565374886309,0.398
8.526228904724121,0.0,-2.2131713608967893,-0.039515050858012914,0.016293936710162046,0.398
8.536418914794922,0.0,-4.416089845577913,-0.17583100515833633,0.0693197753032892,0.398
8.546595573425293,0.0,-3.6849030081529377,-0.12750146518303654,0.1404372922810368,0.398
8.556873559951782,0.0,-4.378289452318541,-0.19200016215106824,0.02127978090653923,0.398
8.567041635513306,0.0,-0.737602701181767,-0.236638284291721,0.029077638779804234,0.398
8.577210903167725,0.0,-5.900129885353902,-0.14294665698693235,0.05570471932263813,0.398
8.58738112449646,0.0,0.0,-0.038277923352546435,0.10489218960438276,0.398
8.597549200057983,0.0,-0.737602701181767,0.045365727323822706,0.07995405904932763,0.398
8.607807159423828,0.0,-4.38683742010459,-0.1980924106421459,0.08282133672909114,0.398
8.617989301681519,0.0,0.7365836982227738,-0.17776134905079968,0.08258456087708574,0.401
8.628163576126099,0.0,-8.108686319538828,-0.0912387335135713,0.06654129387482052,0.401
8.638397693634033,0.0,-0.7328428654630169,-0.10997620651419625,0.08767223461420764,0.401
8.648600101470947,0.0,0.0,-0.16691426664994596,0.06888240055359565,0.401
8.658927917480469,0.0,0.0,-0.1131734738203772,0.09476128782817242,0.396
8.669111251831055,0.0,-7.364974714365986,-0.05287434162050391,0.06610635526069467,0.396
8.679283380508423,0.7373088011250439,0.0,-0.11644254352445026,0.06579224745585155,0.396
8.689459085464478,0.737049671977507,0.0,-0.1568745754020691,0.17877563731969467,0.396
8.699628829956055,0.0,-3.6874082757003865,-0.12578506703386186,0.1556525254600538,0.396
8.709904909133911,0.0,-2.9194014059998605,0.019666736954909458,0.10185613076598912,0.399
8.720106840133667,0.0,-3.6757747137181584,0.009125140109660024,0.04607518052080692,0.399
8.730286598205566,0.0,-6.630805911422349,-0.06851455126301345,0.038585262076857536,0.399
8.740483283996582,0.0,-2.2065993265993264,-0.09493227410830735,0.061562892205578215,0.399
8.750657796859741,0.0,-5.159952196836556,-0.024261737808123865,0.029207901427339315,0.397
8.760920286178589,0.0,0.0,-0.05851831413201698,0.04160503240675187,0.397
8.771090030670166,0.0,-8.11229820654085,-0.1585272309207365,0.12600570021589252,0.397
8.781262636184692,0.0,0.0,-0.13865845297933674,0.10088160653691147,0.397
8.791428565979004,0.0,-2.9510335608245972,0.017216132849364033,0.08851766831224768,0.397
8.80159330368042,0.0,-3.6892245625557067,0.0721239366219633,0.06277749095055359,0.397
8.811849594116211,0.0,-1.4625170858710306,-0.024751129321017543,0.08364313721139323,0.398
8.82201600074768,0.0,0.0,-0.03495240846517662,0.06406350617602158,0.398
8.83218789100647,-0.73732608288018,-9.58523907744234,0.04277630710465466,0.0956581831638196,0.398
8.842357635498047,0.0,0.7374816551400774,0.051329616372365765,0.02322784887431035,0.398
8.85252571105957,0.0,-9.588835115362972,-0.05799549082508637,0.012056520706242354,0.4
8.862720489501953,-0.7356707202993451,-5.149695042095416,-0.04829968029627676,0.07511541957474333,0.4
8.872967720031738,1.463810144253141,-5.855240577012564,-0.01469152089482588,0.12123509146785308,0.4
8.883161783218384,-0.735722337862806,-2.942889351451224,-0.051195554585677545,0.03876965623099472,0.4
8.89336633682251,0.0,-5.879728043737296,-0.041048879659366495,-0.009029870384953915,0.4
8.903563976287842,0.0,-3.677321612269709,0.015323987721212136,0.0636830698540854,0.4
8.913794994354248,0.0,-2.9322595078299774,0.05210581079805482,0.057807464848635845,0.4
8.923990964889526,0.0,0.0,0.05407943491079444,0.03600512949343456,0.4
8.934190034866333,-0.7353611669549768,-8.824334003459722,0.036463140975908206,0.07503438153910368,0.4
8.944374322891235,0.0,2.9457140181664947,0.1295646503432239,-0.0015381541765002332,0.4
8.954545497894287,-0.7373779330067274,-11.060668995100912,0.030512714888036918,0.017270401040876435,0.403
8.964791774749756,0.0,-7.319731943410275,0.0633599196893187,0.13584604308642712,0.403
8.97497820854187,0.0,-2.9450935049736686,0.1493068787666427,0.06526552463713085,0.403
8.985149145126343,0.0,3.6869760900140647,0.17330559375687943,0.0028978621631843863,0.403
8.99531364440918,0.0,-15.495106607557526,0.12057635887284161,0.010902905135065803,0.403
9.005478620529175,0.0,2.951310425706579,0.12299083974019867,0.05043938837889317,0.403
9.015641689300537,-0.73796607783799,-14.021355478921809,0.07097206300456707,0.03280076763127822,0.403
9.026033401489258,0.0,0.7217289955490295,0.10726117740713728,0.002983687255228351,0.403
9.036274194717407,0.7323651432961609,-9.520746862850093,0.16428359168152382,0.03642653528512445,0.403
9.04643988609314,0.0,0.0,0.06266738794957029,0.09331262208790071,0.403
9.056619644165039,0.0,-8.84107454856313,0.11385147569291353,0.12692913735082756,0.399
9.066932916641235,0.0,0.7272182536930438,0.1704957383460356,0.06549077935572113,0.399
9.0771005153656,-0.7376372930638277,-11.064559395957415,0.22985203600223325,0.06210930729607955,0.399
9.087273120880127,0.0,-7.372742400449996,0.24957843865704937,0.009175291448448045,0.399
9.097444295883179,-0.7373779330067274,-3.6868896650336374,0.2647332814681605,0.010753253550299425,0.399
9.107609510421753,0.0,-3.689051505769772,0.4138966716607265,0.06458674721867813,0.399
9.117866039276123,-0.7312415444338548,-5.8499323554708385,0.43957165763339734,-0.02154263135042299,0.4
9.128030061721802,0.7378968356360395,-6.641071520724356,0.7097853495633123,-0.007123373058278946,0.4
9.138212442398071,0.0,-8.102230963753863,0.7120707690148839,-0.013758231490172163,0.4
9.148418426513672,-0.7348629896979466,0.0,0.8895429372590647,0.04074579527389449,0.4
9.158613443374634,1.4713070321086972,-8.092188676597834,0.9015746549832198,0.0437937232859891,0.406
9.168862581253052,0.0,-3.6588443286498555,0.9110552533479701,0.07342362343565442,0.406
9.179045677185059,0.0,0.7365147151787595,0.9503003149393713,0.10520466121973036,0.406
9.189223527908325,-0.7368942818993183,-5.158259973295228,1.000276214769213,0.1323184805215556,0.406
9.19939398765564,-1.4748595808523606,-0.7374297904261803,1.026804741365526,0.09536275596306724,0.406
9.209560632705688,-1.4754129731250878,-0.7377064865625439,1.041471112445485,0.03747142763388641,0.406
9.219798564910889,0.0,-0.7325698050813907,1.1007620892421495,-0.001932337487592077,0.408
9.22999095916748,0.0,-2.2075284210526314,1.1705112401349496,0.025359914454921473,0.408
9.240163087844849,0.0,0.0,1.103997145889109,0.02294121722736779,0.408
9.250329732894897,0.0,0.0,1.089950506194081,0.10433828785128363,0.407
9.260497093200684,0.0,-0.7376545902215969,1.1466598358735518,0.13566231026758763,0.407
9.270668506622314,-0.7373606488209647,0.0,1.2369218918015028,0.1623354992832734,0.407
9.280864477157593,-0.7355847071203087,2.206754121360926,1.1605034147031081,0.13667223571739784,0.407
9.291036605834961,0.0,0.7373088011250439,1.0787993496562802,0.1649758715556141,0.407
9.30120325088501,0.0,0.7377064865625439,1.0444251555588662,0.14380318442983075,0.407
9.311367273330688,0.0,0.0,0.989084993886311,0.14907357300774293,0.407
9.321531772613525,0.0,0.0,1.0798040301030332,0.17202058368900022,0.407
9.331705093383789,-2.2116672134989455,0.7372224044996485,0.9789289929047483,0.14958155210830873,0.407
9.341890335083008,0.0,2.209078651685393,0.9323350355439478,0.13152318674771643,0.407
9.352059602737427,0.0,2.2125487070077132,0.9754273403412209,0.1797041189475154,0.401
9.362228393554688,0.0,1.4751016388830274,0.8630639172089855,0.16530568449613126,0.401
9.372397899627686,0.0,-0.7374989449992967,0.9172846594593193,0.1409432907755216,0.401
9.382568836212158,2.212185654008439,-4.424371308016878,0.8372424084727315,0.14727182173707098,0.401
9.392793655395508,-13.203167467238726,9.535620948561302,0.8288142643003206,0.07803705704827307,0.401
9.402988910675049,-1.4712726252280062,-0.7356363126140031,0.8120724305484767,0.17493889152927,0.401
9.413172245025635,0.7364974714365986,9.574467128675781,0.8576902898104771,0.18797024299997983,0.402
9.423351287841797,-0.7368079823862838,-0.7368079823862838,0.781729230756027,0.2079598138719851,0.402
9.433577299118042,-0.7334237952017906,0.7334237952017906,0.7959650848714448,0.13936543716317454,0.402
9.443808555603027,-1.4660955887493299,1.4660955887493299,0.6351261956899122,0.1601422178882265,0.402
9.45405387878418,-1.4640826584752862,-2.1961239877129293,0.6532229947028231,0.12937629489594143,0.397
9.464257001876831,-0.7350690501226779,11.761104801962846,0.5293266303449777,0.15127725768904043,0.397
9.47445011138916,-0.7357911725492947,0.0,0.48364151603390615,0.10825471934504086,0.397
9.484644412994385,0.0,1.4714102624070349,0.4690144809622999,0.13613885616264212,0.397
9.49484920501709,-0.7349488341666277,3.6747441708331383,0.42531636377573406,0.1455831063443692,0.397
9.505021810531616,0.7372742400449996,16.22003328098999,0.37057900824734513,0.09098989512706006,0.397
9.515191316604614,-0.7374989449992967,3.6874947249964833,0.3860888255981326,-0.002904444228482619,0.393
9.525357484817505,0.0,3.688705440900563,0.42014251127083513,0.018373617838271777,0.393
9.535525798797607,-0.7375854064573613,0.0,0.35293193002393414,-0.028101516614785483,0.393
9.545720100402832,0.0,9.564166705645727,0.2937557438831177,-0.026933621691526966,0.393
9.555907964706421,-0.7361699936814022,-1.4723399873628045,0.2515274243104829,0.0362502187892859,0.391
9.56607723236084,0.7375162356692377,8.850194828030853,0.1384708174776788,0.03434571873441756,0.391
9.576247215270996,-2.2123930982745685,-0.7374643660915229,0.1586958846721032,0.005645709787450347,0.391
9.58641529083252,-1.475205402363534,0.0,0.07739206043603197,0.013130527090579214,0.391
9.596593618392944,0.0,3.6842987983415707,0.08226075831967536,0.07259871529658884,0.391
9.606826305389404,0.7329453155944919,5.130617209161444,0.016458073950268715,-0.06511576038509023,0.391
9.617011547088623,-2.209078651685393,2.209078651685393,0.01903210923581866,-0.021537749692719904,0.393
9.627176761627197,-0.7378103011539544,1.4756206023079088,-0.07191562353999624,-0.08461005613106519,0.393
9.637340068817139,-0.7379487660692502,2.2138462982077507,-0.06078218017578155,-0.08482802309383201,0.393
9.647513389587402,-1.474444808999297,3.686112022498242,-0.12741222030033178,-0.0844743988313763,0.393
9.657725811004639,0.7343997758789746,2.9375991035158986,-0.15249386506317159,-0.0628503080798454,0.391
9.667940616607666,-1.4684567267295303,0.0,-0.20004198640627657,-0.05141037144755943,0.391
9.678126573562622,-1.4726156871006248,0.7363078435503124,-0.20434473727898222,-0.12624388156390717,0.391
9.688300609588623,0.0,2.211511728727767,-0.23686771213964863,-0.1269067929280962,0.391
9.698481559753418,-1.4733398904032597,3.6833497260081494,-0.2827304738406976,-0.08330094244488308,0.391
9.708669185638428,0.0,0.7361872220922069,-0.31139319205668337,-0.10059680047309423,0.391
9.718912601470947,-1.464355274183037,0.7321776370915185,-0.288922523063152,-0.061095482548773755,0.395
9.729081630706787,-1.4750670542999156,0.7375335271499578,-0.3126798062108046,-0.07695271724378949,0.395
9.739253044128418,-0.7373606488209647,1.4747212976419295,-0.37668827267385285,-0.0745853239377375,0.395
9.74943470954895,0.0,0.7366181945907972,-0.3413650237254068,-0.07364368665239292,0.395
9.759604215621948,0.0,0.0,-0.3008928445977874,-0.14763995538569874,0.395
9.769829273223877,-0.7334922004336978,0.0,-0.3567826792692123,-0.14717267246282711,0.395
9.780020952224731,0.0,0.7358944487332444,-0.32184098451737936,-0.11590487843988398,0.395
9.790185928344727,0.0,0.0,-0.3319449340203419,-0.18593425324095444,0.395
9.800358057022095,0.0,-1.4746176022500879,-0.32089228643068046,-0.11204964806096379,0.395
9.810526371002197,0.0,-2.2127562193720838,-0.3847093239992645,-0.17750099978982098,0.396
9.820693254470825,0.7376891869708979,-0.7376891869708979,-0.3863105832881753,-0.1479644698239597,0.396
9.830888748168945,0.7356191099782522,0.7356191099782522,-0.27667714169332314,-0.1261633871648458,0.396
9.841053485870361,0.0,-1.4756898250222825,-0.2727478698284545,-0.2155307553736465,0.396
9.85122299194336,-1.4749978899985934,0.7374989449992967,-0.26492415920028595,-0.19865213250832306,0.4
9.861390113830566,5.163703217334208,-2.950687552762405,-0.2870215979812453,-0.20389088989792983,0.4
9.871557235717773,2.2130156645718038,3.6883594409530063,-0.2632096625403442,-0.1314500724263804,0.4
9.881729125976562,0.0,0.0,-0.27068336284806316,-0.17256591094644325,0.4
9.891968488693237,-0.7324674598924256,7.324674598924255,-0.2695666305401433,-0.20357031544427667,0.4
9.902179718017578,0.0,0.0,-0.2144087426734171,-0.10899785920846786,0.4
9.912389039993286,0.0,-0.7346227318371826,-0.24931504389456033,-0.2105197561976263,0.403
9.92259669303894,0.7347428411267343,-1.4694856822534685,-0.19727496710640272,-0.15669624436635848,0.403
9.932837724685669,0.0,0.0,-0.14397021568711424,-0.11054896873288277,0.403
9.9430673122406,0.0,0.0,-0.11452148731846819,0.007576146458030314,0.403
9.953248500823975,0.7366526941901037,-0.7366526941901037,-0.09293945924226991,0.026492791051080405,0.403
9.963424682617188,1.474030270371585,-0.7370151351857925,-0.1531042394141097,0.011223296408399142,0.403
9.973598957061768,0.0,-0.7371533017762572,-0.11428502506951159,-0.030101162651433006,0.403
9.983846187591553,0.0,-0.7319050721265705,-0.1424548920840709,0.000571109828337274,0.403
9.994023561477661,0.0,0.0,-0.13787738611101047,-0.024743066821136694,0.403
10.00419569015503,0.0,-5.8984704090003515,-0.13511635184173507,0.0024518163813421062,0.403
10.014364957809448,-0.7375162356692377,-0.7375162356692377,-0.147850203277557,-0.03180234835012495,0.401
10.024537801742554,1.474513921439955,-0.7372569607199775,-0.05134640549104194,0.06334373827938633,0.401
10.034705400466919,0.0,0.0,-0.07255153436053449,0.021402917400219663,0.401
10.04489541053772,1.472029948525971,-0.7360149742629855,-0.09097642454032026,0.08148504547326213,0.401
10.055067777633667,0.0,-1.4745830403600055,-0.06553330793405271,0.04506679859835994,0.404
10.065238237380981,0.0,-0.7374297904261803,-0.08405513190443509,0.016589811704398445,0.404
10.075409889221191,0.737343365445468,0.0,-0.029131430251470296,-0.00988481668541023,0.404
10.085580825805664,0.0,0.0,-0.008882968015857674,0.06073625982647331,0.404
10.095857858657837,0.0,0.0,-0.06350251401035528,0.11115931064260087,0.404
10.106051206588745,0.0,-2.943095850680638,-0.0075455601025729326,0.15221249851274227,0.404
10.116218328475952,-1.4753437763812025,-3.6883594409530063,-0.05123365899808222,0.10518920775641404,0.405
10.126386404037476,0.0,-0.737602701181767,-0.035207233155939585,0.14336554075162808,0.405
10.136553287506104,0.0,-0.7376891869708979,0.024401702707310603,0.18643453382175407,0.405
10.146753787994385,0.0,-0.7352580403889304,0.0003863908291956153,0.09995828577868301,0.405
10.156963586807251,0.734588422109614,-1.469176844219228,0.05100771636753893,0.10307549025383071,0.403
10.167158365249634,0.0,0.0,0.13358245824049947,0.09325198945013857,0.403
10.177342891693115,1.4728225296720274,-1.4728225296720274,0.06277476424395302,0.07730547951488513,0.403
10.187521696090698,0.0,0.0,0.1312970915484481,0.09790031206862539,0.403
10.197702407836914,1.473374394042294,0.0,0.10797103677104444,0.0988404062493114,0.403
10.207940816879272,-0.7325356868406958,-0.7325356868406958,0.08908748814669057,0.18090567791483497,0.403
10.218112230300903,-1.4747212976419295,-1.4747212976419295,0.07807864826316063,0.14879017562505703,0.399
10.228278636932373,0.0,-3.6886189348279825,0.032141916334328856,0.10000108723208517,0.399
10.238444089889526,0.7377929966930131,-0.7377929966930131,0.08676149568220679,0.1550652734814573,0.399
10.24862790107727,0.0,0.0,0.18473956595506102,0.12474119829674657,0.399
10.258850574493408,0.0,0.0,0.09630767030237887,0.07881685528614736,0.402
10.26912260055542,0.0,0.0,0.09849128154020956,0.1063210468966058,0.402
10.279287099838257,1.4757244388150024,-1.4757244388150024,0.16134272462945676,0.15032518935870842,0.402
10.28945016860962,0.0,0.0,0.12495430312559369,0.07278261376551098,0.402
10.299619436264038,-0.7375162356692377,0.0,0.15675843683094406,0.1129013328509009,0.402
10.30986475944519,-1.4640826584752862,0.0,0.22824946598839965,0.08402158814721178,0.401
10.320046186447144,2.209906331959535,-1.4732708879730236,0.20310867281374378,-0.012631901198456072,0.401
10.330211877822876,-10.328859702612693,0.0,0.2155392339883355,0.06513438466443174,0.401
10.340380430221558,2.95027245017585,-5.162976787807737,0.22646568493303829,0.10526995467478836,0.401
10.35056185722351,0.0,-1.4732708879730236,0.1519454777068133,0.08782557085457239,0.403
10.36072850227356,0.0,0.0,0.23347428150147748,0.14249961030372554,0.403
10.370924711227417,0.7355675068980031,0.0,0.2588434211663445,0.13531686190679199,0.403
10.381090879440308,0.0,0.0,0.1964105270708677,0.0802444913936543,0.403
10.39125657081604,0.0,-1.4755513860875276,0.2659721631503931,0.12069175364533923,0.403
10.401427984237671,0.0,0.0,0.1934554212080052,0.1259615771602061,0.403
10.411615371704102,0.0,0.0,0.17281815746922263,0.10849481934713943,0.403
10.421915531158447,0.0,-0.7281440674042868,0.2702719290942881,0.17201476951756395,0.403
10.432110071182251,2.942751701396197,1.4713758506980985,0.21840226508655244,0.16084836991924126,0.403
10.442296504974365,-14.725467524868343,-2.2088201287302516,0.22793679810238548,0.20999057935197182,0.403
10.452486753463745,0.0,-0.7359977539131045,0.20870909591922,0.11071827631068107,0.403
10.4626944065094,0.0,-0.7347428411267343,0.18736257330727676,0.18827861477963725,0.403
10.47291874885559,0.7335435127320212,0.0,0.22656526097508745,0.20277444687750776,0.403
10.483104467391968,0.0,0.0,0.12790285690559905,0.15442460096315114,0.403
10.493283033370972,0.7368424997657641,0.7368424997657641,0.16575501508115514,0.19579194684114576,0.403
10.503462553024292,0.0,0.0,0.17288133281587742,0.09636781242030125,0.403
10.513634204864502,0.737343365445468,2.2120300963364037,0.18995525782816006,0.1570854571223672,0.398
10.523873090744019,0.0,0.7325015717778554,0.1622121160122191,0.08910958128666921,0.398
10.534091711044312,0.7339542697153523,0.0,0.15370215883039795,0.10700505145032325,0.398
10.544269561767578,-0.7368942818993183,0.0,0.1493366512789442,0.07337457921564589,0.398
10.55445647239685,0.0,-2.9449556486530764,0.10075448952878595,0.0526686736873444,0.402
10.5646390914917,-9.575139666112529,2.9461968203423163,0.1608905934921873,0.03355566234924266,0.402
10.574886083602905,-2.195766304474278,0.0,0.11571143452934357,0.03610718141759712,0.402
10.58510708808899,-0.7337830650804759,0.0,0.0996223205633504,0.046370227904153793,0.402
10.595274686813354,0.0,0.0,0.1308889289089773,0.029480166697249042,0.402
10.605449914932251,0.0,0.7370842120061858,0.1316725256603276,0.08973042470949927,0.402
10.615618467330933,0.0,0.7375681125439625,0.14798698504821708,0.05043976859206904,0.397
10.625802040100098,-0.7364802285018612,0.7364802285018612,0.08762665886941334,0.0070878843020291335,0.397
10.635969161987305,-1.4753437763812025,-0.7376718881906013,0.07684037325639428,0.003044256432871824,0.397
10.64613676071167,2.950549172255311,1.4752745861276555,0.05437738245309409,-0.03007511461014896,0.397
10.65630555152893,0.0,0.7375508194415137,0.1562819392492791,0.05027318193714564,0.395
10.666486501693726,-3.6833497260081494,-0.7366699452016299,0.10603563813135458,-0.012403607202203348,0.395
10.676710844039917,-2.2006305381960636,0.7335435127320212,0.10679045947851062,-0.060827916891787424,0.395
10.68703007698059,8.721578485282565,0.0,0.09715605800911875,-0.059905571858852424,0.395
10.697204351425171,-11.057299526643858,-1.4743066035525143,0.09797348534955437,-0.022490432939659424,0.395
10.707384824752808,5.156931147540983,-1.473408899297424,0.05935261180649776,-0.02014753734576169,0.395
10.717567682266235,-2.946127838913603,2.946127838913603,0.12952290793157975,-0.027380072439947375,0.397
10.727738380432129,4.4244750228556695,-4.4244750228556695,0.09416528684590146,-0.07937386060511999,0.397
10.737942457199097,16.170007710460524,5.880002803803827,0.10159494444433084,-0.1218794418870541,0.397
10.748138189315796,0.0,0.0,0.17185654461295394,-0.14514537015588794,0.397
10.758305549621582,0.0,0.7376545902215969,0.1417815694298548,-0.16933032154589575,0.397
10.768476724624634,0.0,2.212133799020182,0.0804691400320396,-0.11608493968093682,0.397
10.778648853302002,2.9492352045001757,0.7373088011250439,0.08036708114030375,-0.09194037149485006,0.397
10.788908958435059,0.0,0.0,0.030129999833705165,-0.016757670943325698,0.397
10.79912257194519,-1.4686281192371438,-0.7343140596185719,0.02209242646346777,-0.04736366284679509,0.397
10.809288740158081,14.017080675422138,0.7377410881801125,0.08767261963633459,0.026050109602333046,0.4
10.819455623626709,0.0,0.7376891869708979,0.031779900971184466,-0.0026246853726150654,0.4
10.829622030258179,0.0,0.7377237869655965,0.05989763371864863,0.004083397553311149,0.4
10.839791297912598,5.162613649684665,0.7375162356692377,-0.023051306475610867,-0.023765185450148565,0.4
10.849976062774658,0.0,0.0,-0.035891103608004085,0.07034827345599487,0.397
10.860147714614868,0.0,0.737343365445468,-0.06231315317837672,0.06426471654124077,0.397
10.87031888961792,4.424267598040364,2.212133799020182,-0.04037222641952671,0.09210519550454645,0.397
10.880484580993652,2.2133270791312913,0.0,-0.03595809254851169,0.06064657902475983,0.397
10.890650510787964,2.9510335608245972,0.7377583902061493,-0.047621555813162054,0.15874670547387212,0.397
10.900935888290405,0.0,1.4583810848400556,-0.06731308680617108,0.1905101882821647,0.397
10.911120176315308,3.682142522708119,0.0,-0.0359538965854803,0.2066587608016252,0.399
10.921332597732544,2.9375991035158986,2.203199327636924,-0.01977079583104164,0.1902966740285854,0.399
10.931539297103882,0.0,0.0,-0.024929866913993133,0.28212627463840256,0.399
10.941739797592163,2.9410321615557216,0.7352580403889304,0.0355908563555689,0.26722220482135817,0.399
10.951974630355835,2.9311666045471485,0.0,0.014676399296216572,0.2981577786555297,0.404
10.962157726287842,0.0,0.7365147151787595,0.021007793887729262,0.33915227970172745,0.404
10.97233510017395,0.0,0.73692880736524,-0.025794083102309753,0.4127163115213741,0.404
10.982521533966064,1.4725467524868343,1.4725467524868343,-0.024090321952123447,0.4262349500766981,0.404
10.992690324783325,3.687754097207568,0.7375508194415137,-0.041381754032736515,0.4091742577995694,0.404
11.002943515777588,-0.7314795953958841,0.7314795953958841,-0.042151013467026766,0.30767082205271745,0.404
11.01311469078064,-0.7373779330067274,0.7373779330067274,-0.03499018864425542,0.3431170721691006,0.4
11.023283243179321,0.7375681125439625,0.0,-0.09174571447346486,0.3628521484394529,0.4
11.033449649810791,6.6395140826903685,1.475447573931193,-0.08346908542385328,0.36004796672243683,0.4
11.043616771697998,-0.7376718881906013,1.4753437763812025,-0.11006965250110218,0.39242120889277643,0.4
11.053799629211426,0.0,0.0,-0.11726985774265263,0.39886065460609227,0.402
11.064003705978394,0.7350003504754784,1.4700007009509568,-0.13537479904253935,0.4694129059403919,0.402
11.074173212051392,2.9499957799971868,1.4749978899985934,-0.08998086075542674,0.43351205252219116,0.402
11.084338426589966,1.4756206023079088,0.0,-0.07002431071544818,0.46681406914436807,0.402
11.094501733779907,0.0,0.0,-0.11059952741643837,0.4829909586942822,0.402
11.104683637619019,0.7366009460029036,-0.7366009460029036,-0.0836157103876449,0.43839654028898056,0.402
11.114875316619873,0.0,0.0,-0.11147462874922441,0.4411314772540452,0.401
11.125052452087402,3.6847303565571847,0.0,-0.10245194489696262,0.441212772553432,0.401
11.13521432876587,1.4761052977335647,0.0,-0.06974530229137074,0.4072774132440816,0.401
11.145377397537231,0.0,0.0,-0.1380464303238858,0.367413673586521,0.401
11.15555477142334,0.0,0.0,-0.1467569995174084,0.33298737479334367,0.404
11.165719747543335,0.0,0.0,-0.16755707045972407,0.33325736675602075,0.404
11.176061153411865,2.1757196541786743,1.4504797694524496,-0.1549857774372269,0.3445841155070695,0.404
11.18627381324768,1.4687652620520601,-1.4687652620520601,-0.11867873545345822,0.3727396954979445,0.404
11.196456909179688,0.7365147151787595,0.7365147151787595,-0.1064728749817797,0.314931436338892,0.404
11.206640243530273,0.0,0.0,-0.037134102936783375,0.32615629953576775,0.404
11.216837167739868,0.0,1.471031822114148,-0.06887225312222921,0.3455764288305569,0.402
11.227094888687134,0.0,0.0,-0.04244518998031824,0.34097094098580294,0.402
11.237264156341553,-3.6875811783461887,0.0,-0.09027588755499519,0.3818640275958957,0.402
11.247434616088867,0.7374297904261803,0.0,-0.07312350917642939,0.2668770588394787,0.402
11.257612705230713,-3.6843851018973997,-1.47375404075896,-0.10642231889074935,0.3321791353844585,0.405
11.267786026000977,5.897779235997188,0.7372224044996485,-0.15268596651618577,0.29831074239822214,0.405
11.278066396713257,5.836365407361024,0.729545675920128,-0.06450986798694011,0.28448370794366173,0.405
11.28823471069336,0.0,0.7375854064573613,-0.0694156207080256,0.21564730936182336,0.405
11.298400402069092,0.0,0.0,0.009761635583839717,0.22423196057288988,0.405
11.308584213256836,0.0,0.0,-0.004350236516610567,0.24920798747896686,0.405
11.318739414215088,-0.7385378222284829,0.0,-0.09224398039226048,0.22083044267805216,0.406
11.329032897949219,0.0,-0.7286162968453236,-0.08224454400162298,0.27658179407243116,0.406
11.339201927185059,0.0,-0.7375335271499578,-0.09233456114918212,0.2643009291675129,0.406
11.349368810653687,-0.7376891869708979,0.0,-0.1285292220243838,0.2707303922976514,0.405
11.359550952911377,0.0,0.7365836982227738,-0.04804564653436155,0.2899628969633545,0.405
11.369719743728638,0.7375508194415137,-4.425304916649082,-0.04266555938940482,0.2672189274391933,0.405
11.379960060119629,0.0,0.0,0.0008508712356707776,0.22650607019412677,0.405
11.390169858932495,0.0,0.734588422109614,-0.01887029892193215,0.17036725609921155,0.405
11.400330305099487,0.0,0.0,-0.01618173060040702,0.18352099872776642,0.405
11.41049599647522,0.0,0.0,-0.0032428251424600485,0.1868203523904028,0.404
11.420671701431274,-13.266894095595127,-2.211149015932521,-0.04313494494626248,0.20798424799907161,0.404
11.430925846099854,0.0,0.0,-0.053410005675516785,0.2511072111821218,0.404
11.44112491607666,-1.4707223339099535,0.0,0.004598423758208903,0.1571800936107247,0.404
11.45138955116272,-1.4613281304438714,0.0,0.002397467365549702,0.230270205670147,0.404
11.461603879928589,0.0,0.0,0.016188496580699527,0.15726422563588854,0.404
11.471806287765503,-2.2053617498597866,-0.7351205832865956,-0.03560433500855989,0.2217342130592607,0.404
11.482038497924805,-0.732979472004101,-0.732979472004101,-0.0215990210121406,0.14173599500814688,0.404
11.492210149765015,-1.474686730890936,0.0,0.0145093893856955,0.1599017993924277,0.404
11.502375602722168,-3.6889649834650653,0.0,0.03381841853526145,0.041431939075886284,0.404
11.512545108795166,0.0,0.0,0.02579041377132791,-0.014951320896127385,0.405
11.522709369659424,-2.951518108463126,0.0,0.015403823873491849,-0.08637785223560614,0.405
11.532899379730225,-1.472029948525971,0.0,0.019478251438956103,0.016359956704020323,0.405
11.543076992034912,-0.7369115442278861,0.0,0.05234401319264227,-0.01694924742527424,0.405
11.553243637084961,-1.4754129731250878,0.0,0.023424898060691625,0.012575729684571518,0.405
11.563431024551392,-1.4724089026188303,0.0,0.07873681037304894,-0.030758961114819815,0.405
11.573603868484497,-0.7372569607199775,-0.7372569607199775,0.07820189514914316,0.009368008590950314,0.405
11.58376669883728,-1.4759667808379862,0.0,0.056457505425357775,-0.006222548639551753,0.405
11.593955755233765,0.0,0.0,0.061913848544910985,-0.0486100753010834,0.405
11.604115724563599,-1.476382409536772,0.0,0.07316657827371892,-0.1480343150191944,0.405
11.614279747009277,-1.475793671272079,0.0,0.09443855107188391,-0.14038437849126498,0.399
11.624440908432007,-0.7381046012341913,0.0,0.10689389983824565,-0.14083202716632967,0.399
11.634605884552002,-0.7378276064266448,0.0,0.12330054052560449,-0.13489433732441192,0.399
11.644767761230469,-0.7380526488667823,0.0,0.11513283919196962,-0.15305071355188862,0.399
11.655040502548218,-0.7300874973890036,0.0,0.0716851922374279,-0.1623980332635539,0.401
11.665206909179688,-0.7377237869655965,0.0,0.10648898546309117,-0.15134638567734882,0.401
11.675375938415527,0.0,0.0,0.0359807724553833,-0.15722500377892368,0.401
11.685559511184692,-0.7364802285018612,0.0,0.12114872224934388,-0.1775431277171647,0.401
11.695738554000854,-0.7368079823862838,0.0,0.09577655325147116,-0.1438993782542542,0.401
11.705922603607178,0.0,0.0,0.1340098190573683,-0.13170874696757434,0.401
11.716137886047363,-0.7341940904635205,0.0,0.07736762854641274,-0.12305889675503347,0.401
11.726297616958618,-1.4764170558280336,0.0,0.07318004050023752,-0.09922690055753833,0.401
11.736459970474243,0.0,0.0,0.08719725096831482,-0.07658569572143223,0.401
11.746625423431396,0.0,0.7377929966930131,0.1171407251576885,-0.08411594210636386,0.401
11.756788492202759,0.0,0.0,0.13736035989726236,-0.08462293262943951,0.396
