time,meas_r_x,meas_r_y,meas_v_x_dot,meas_v_y_dot,state_z
0.0,0.016350573929477776,-0.04429871529169406,0.12294223207532971,0.12808850123401716,0.404
0.010188579559326172,0.006066361189195264,-0.01725390336422728,0.13558835090399232,0.07864745943962904,0.404
0.020533323287963867,-0.015043573310809227,0.012175478629333821,0.22054630689782248,0.07849664684610065,0.404
0.030765533447265625,0.07997691382198074,0.01221104512141283,0.12539261892609577,0.09728638673528041,0.404
0.04095005989074707,0.32749369319559446,0.017150342296149746,0.08720907918027376,0.17525960527769577,0.404
0.05118155479431152,0.601027868777221,-0.02650376962984772,0.08249181395463662,0.13709146886247411,0.399
0.06146883964538574,-0.24192237699655447,-0.25734212885399,0.0715472908517172,0.034932319916522944,0.399
0.07165002822875977,0.2374927911480106,-0.015756651508003795,0.029113007834085464,0.12398232382431335,0.399
0.08181524276733398,-0.35442103284947235,0.11060216272707091,0.06436116966519938,0.16000473862055353,0.399
0.0919952392578125,0.37395125850295824,0.3246646280315628,-0.07792202815667928,0.18576446677685243,0.399
0.10216283798217773,0.0892397789729836,0.1392301106135219,-0.13435543462169755,0.13073755950761082,0.399
0.1124727725982666,-0.35445735231465086,0.07742093781765427,-0.331815190399145,0.08815909482593957,0.399
0.12264323234558105,0.25796444632083726,-0.04037476435201551,-0.265804917312346,0.09297211004349654,0.399
0.1328120231628418,-0.2325850114872126,-0.08295771891837558,-0.35160046628036157,0.12131921246417876,0.399
0.1430213451385498,0.4276556022392269,-0.021752259575234474,-0.4257741197496021,0.14447871564766085,0.399
0.15319418907165527,0.5541884661905971,0.02526501180932943,-0.44468323733380266,0.10133200532341452,0.405
0.16342902183532715,-0.6867476889686521,0.2372434778403321,-0.37130667392492334,0.08797688956748698,0.405
0.17360162734985352,0.4310728362627696,0.27722399579647944,-0.5033106421529658,0.17195516416592807,0.405
0.18376374244689941,-0.36406505223557833,0.07083907934877304,-0.5547301858539012,0.09962090807481677,0.405
0.1939253807067871,0.37380840223246503,0.2776133292401708,-0.5928383754527314,0.06717539608020871,0.406
0.20408940315246582,-0.15212150319779114,0.30660794055543966,-0.5896746871804837,0.0516404866416472,0.406
0.21429705619812012,0.26988435570579394,0.04847575834131043,-0.64394205491994,-0.009384415436976934,0.406
0.22451996803283691,0.006658322637879791,0.20812021428389982,-0.748488615310871,-0.008294612976792543,0.406
0.23470854759216309,0.0072616829817336555,0.03855024065004629,-0.739626225708737,0.11859202004400289,0.406
0.24490714073181152,0.14845012039513925,0.10725270049655483,-0.7768278070358061,0.14486647914573725,0.406
0.2550840377807617,0.1163611406748875,0.26793942195998777,-0.7695539155864619,0.15556428103314746,0.404
0.26526784896850586,0.27112584586515714,0.046523413966404706,-0.8079449247279705,0.05228722134965848,0.404
0.2754979133605957,-0.09534703946995753,0.2604590341655341,-0.7440624572681608,0.04194741934038,0.404
0.28569722175598145,0.828551961721513,0.27898802816368257,-0.6971630540355018,-0.007219789767349152,0.404
0.29585814476013184,-0.4063617771717581,0.3583063561151605,-0.8026315762529067,-0.01841076722149968,0.407
0.3060171604156494,0.09046012977986925,0.0899698752484726,-0.8052574484840744,-0.0652012564305701,0.407
0.31618523597717285,0.9907057740914154,0.14290776192188553,-0.8059360438080303,0.0027326094214473427,0.407
0.3264758586883545,0.3081362236713823,-0.08639936805756658,-0.7955165213979601,0.056342441181200575,0.407
0.3366386890411377,-0.099516472686929,-0.049834961224383655,-0.7252925627760843,0.06965139172477491,0.407
0.34679651260375977,1.2419755226946263,-0.006813357493426035,-0.6212656850031474,-0.024344695233619554,0.407
0.3569605350494385,0.19666611110084917,-0.0018889046290559888,-0.6396278358885393,-0.0007347516213929983,0.401
0.3671283721923828,1.1005339234434388,0.05647759456310158,-0.5740481413892108,0.033816997335729744,0.401
0.37729525566101074,0.5311743373172201,0.30607520227855417,-0.5774592812458024,0.01033636813580345,0.401
0.38752174377441406,-0.027697829930378077,0.08986856481077754,-0.6049616774498089,-0.09231019800509906,0.401
0.397723913192749,0.21241358606030875,0.28933674021863987,-0.6261967097893739,-0.056737529042325686,0.403
0.4078843593597412,0.8194470154671245,0.29014974296794815,-0.6191673931307704,-0.0713170144329526,0.403
0.41805100440979004,-0.152498536345282,0.24637036551669628,-0.5792203768602158,0.020520576347984647,0.403
0.42827534675598145,1.1411066955611886,0.1746868296201628,-0.6307384883618886,0.010837727325804167,0.403
0.43843841552734375,-0.06936156799836915,0.02910371380354289,-0.6152920361521224,0.013221107198442036,0.403
0.44860053062438965,1.1377285101197094,0.032618684680485024,-0.5311300223064238,-0.12124171893548522,0.403
0.45876240730285645,-0.27567102302284735,0.032618684680485024,-0.5311300223064238,-0.12124171893548522,0.402
0.46893978118896484,1.5284271557362559,0.004664595539703415,-0.49960577196802125,-0.019374936472147337,0.402
0.47910022735595703,0.16370527899610374,-0.08413653512020788,-0.5442086898524034,-0.01437946642440284,0.402
0.48929476737976074,-0.21398649885383572,-0.03528647386934819,-0.464823220501012,0.013139659457801885,0.402
0.4994947910308838,1.0553058682594405,0.013547472704724865,-0.5056482291636799,-0.023807583994233796,0.404
0.5096869468688965,0.919036126293377,0.03695709973106407,-0.4845882036129142,0.016768018328994154,0.404
0.5198767185211182,0.7078830189180118,0.2729232601020619,-0.4395956535121063,-0.053170587800883046,0.404
0.5300536155700684,0.23675709741254738,-0.026021214013545648,-0.44010869192997837,-0.02916841077690007,0.404
0.5402162075042725,1.0761699820233215,-0.039907175816355105,-0.3812627105966745,-0.013839691643877113,0.404
0.5504999160766602,0.4693653801729548,0.2153232352689994,-0.3780089282895493,0.0164469991695601,0.404
0.5606646537780762,-0.2533565955371113,0.0035106405331319446,-0.3265512224522491,0.017165873234412106,0.404
0.5708332061767578,1.7341046855714193,0.02958480033280253,-0.20085188550548633,-0.08297888830511604,0.404
0.5809941291809082,0.05036521498542321,0.21268636931401486,-0.23240831955546987,-0.14303965714898365,0.404
0.5911529064178467,0.6628397419777228,0.03191173393110508,-0.17672229475053064,-0.07981834015800476,0.401
0.6014308929443359,1.4580233043330428,-0.0037053529669768635,-0.19280787985293446,-0.034568564075771524,0.401
0.6115882396697998,-0.04561929494190781,-0.009691131384635376,-0.13964077120047302,-0.042927500676547894,0.401
0.6217515468597412,1.2508398426057474,-0.029981882540193315,-0.11701571216460048,-0.10914341053050242,0.401
0.6319115161895752,-0.21502720719959317,-0.04530119448288907,-0.034380531860639954,-0.07619549496485441,0.401
0.6420695781707764,1.7975971367192187,0.002611407527276344,-0.13364694779119576,-0.047058814800695556,0.401
0.652235746383667,-0.21310794024773366,0.00343442990208262,-0.15783464578951215,-0.004228582279012669,0.403
0.6625926494598389,-0.2584422517195027,0.025306120748821822,-0.07561349600316034,-0.06726713392737273,0.403
0.6727840900421143,1.97487893648743,0.015373402934912803,-0.028964368798661065,-0.06547132944622149,0.403
0.6829547882080078,1.310589412442525,-0.21123006001433045,0.001060051208865792,-0.00449021370166551,0.403
0.6931173801422119,0.6548215852772451,0.18231332619539917,0.0012410103969194355,-0.08656099373004383,0.401
0.7033047676086426,-0.1276015897062659,0.0007758731556830253,-0.026545454591234124,0.033171106542016625,0.401
0.713472843170166,1.1768922191642335,-0.013615542157703666,0.10375394667197618,-0.05752518511078366,0.401
0.7236411571502686,1.147512868951348,0.016731236303150338,0.05451514060635102,-0.07920176043068287,0.401
0.7338037490844727,0.7626707408485931,0.016885535981276487,0.09233308983744029,-0.08684214912130903,0.401
0.7439625263214111,0.41056730321835255,-0.030454737751368734,0.025791550349599228,-0.07607055898826792,0.401
0.754127025604248,-0.4352888506511546,-0.16664491730642958,0.05611245942961656,0.011310951342799469,0.403
0.7644646167755127,1.1387066972116715,-0.03337858286118964,0.07692904223745178,0.019987687997158693,0.403
0.7746531963348389,0.8346124269501263,-0.07817277391309069,0.1506492703195407,-0.03048770729375163,0.403
0.7848570346832275,1.4907861573549344,0.170045737086987,0.23258380713745974,-0.03143132473107041,0.403
0.7950165271759033,1.0991399353586446,-0.01787079824738158,0.1082999091213627,-0.03493692110634579,0.403
0.8051760196685791,0.8770749246694777,-0.012055946940843585,0.1564310337793963,-0.048464749588297745,0.403
0.8154196739196777,0.8336555981240101,0.040667674482263425,0.1871640704164529,-0.04854042249070523,0.403
0.8256373405456543,-0.02741392420336322,-0.2649321509607324,0.2713084370094807,-0.02426202670915157,0.403
0.8357982635498047,-0.3700102504964647,0.1804865882825531,0.2790616723466992,0.01831876784166077,0.403
0.8459594249725342,1.8481830626963456,0.019091205835889424,0.15001406294603142,0.04303096261345897,0.403
0.8561372756958008,-0.5678072266543028,-0.02046885965479396,0.16447498806470312,0.07184465650875635,0.404
0.8664765357971191,3.2000091487021085,0.181208431045111,0.16631636966814248,-0.028111176731688794,0.404
0.8766453266143799,-0.6294814278385134,-0.0397494833306959,0.2600888099746687,-0.03718769249756376,0.404
0.8868098258972168,3.5623571427728993,0.14942276379245217,0.2533617524556003,-0.014281700620128901,0.404
0.89697265625,-0.03132466595871772,-0.04552401672770042,0.22066848917603024,-0.04911855477552017,0.403
0.9071345329284668,0.9557229256382875,-0.024287841317143555,0.29760083290994876,-0.06185920634608607,0.403
0.9173634052276611,1.7579193015529158,-0.009587584028552143,0.2899745642517425,-0.004962208729786984,0.403
0.9276173114776611,-0.6430162524299573,-0.011059598216702986,0.2211259827400936,0.05665313807286508,0.403
0.9377830028533936,-0.4329493547698343,0.011970532163049594,0.18790721043482428,0.039420725628575265,0.403
0.9479448795318604,2.1672122347812466,0.4672613833299677,0.3062464690995975,-0.026990759289404646,0.403
0.9581127166748047,0.9572318439047887,-0.13731525590002577,0.3062464690995975,-0.026990759289404646,0.405
0.9683382511138916,1.3836267115524359,0.039642878139782,0.31731766650032023,0.04192925633704077,0.405
0.9785535335540771,1.4661654779802755,0.01215006035176585,0.22910611574359419,0.020148065580779074,0.405
0.9887144565582275,-0.049676476925986195,-0.040764687382457435,0.2528666936168107,-0.04917719757049874,0.402
0.9988813400268555,0.15678732959772507,-0.01971095552718106,0.23776002196957813,-0.04136835325546798,0.402
1.0090818405151367,0.1567880370206443,-0.22051038051008184,0.24035778424365176,-0.03452330114916808,0.402
1.0195648670196533,0.04100968327664239,0.019855407356192362,0.27350378927533914,0.0012375571215593201,0.402
1.0297949314117432,-0.6094511890112917,0.0384860158667527,0.2337737986119767,0.052108738747848715,0.402
1.0400044918060303,3.3478770149867123,0.05225155253191948,0.18982917440522215,0.04016590332966652,0.402
1.050185203552246,0.07061718535854533,-0.023091202449198028,0.15592651617372194,-0.004823031237917944,0.4
1.0604610443115234,0.20994914097586662,-0.07353332507736601,0.27060882685202997,-0.010017246535787014,0.4
1.070646047592163,0.2145991446386232,-0.0050888372687825706,0.26111989712672046,0.0690801103418245,0.4
1.0808157920837402,0.8852915410167832,-0.028948591957878293,0.2553294868819595,0.022788672468996428,0.4
1.0909817218780518,2.5014785489269267,0.19922216263251363,0.2657964018060587,0.022098099754679138,0.401
1.101149320602417,0.08073032448842239,0.010445030934643985,0.2527546989790519,0.04727439789148176,0.401
1.1114118099212646,-0.606812931269345,-0.21557656913103546,0.21096324461787355,0.05083507404451509,0.401
1.1215765476226807,-0.006387818365591333,-0.04743748866493927,0.181794517980492,0.026631677240429502,0.401
1.1317391395568848,1.9462066921964656,0.18826898536550077,0.18831463009174448,0.09365551566955002,0.401
1.14192533493042,1.1759668327209563,-0.02898458401522455,0.17699041341280458,0.08017119781151541,0.401
1.152085304260254,0.10104999463678113,-0.2669747984581388,0.21158097859861758,0.06425602342420149,0.402
1.1622419357299805,-0.1415905208712649,0.1907006427938038,0.16452343173114065,0.08715490311446675,0.402
1.1724216938018799,0.059689613114269215,-0.18181342656442392,0.22905890704778786,0.04020399583388612,0.402
1.1825788021087646,1.125412315592467,0.18014162129074884,0.2560987845956337,-0.00201456485094083,0.402
1.1927354335784912,0.42494843098817886,-0.009448676763374094,0.17414336166045252,0.013903688361295937,0.402
1.2029192447662354,1.4023401707274368,-0.10364565601462962,0.21525433159975582,0.08304921731874682,0.402
1.2130768299102783,0.00032082794080097416,-0.09489230270452365,0.19703215201332752,0.12263771731699576,0.402
1.2232487201690674,0.08847895322548877,-0.27481796884242765,0.20935304001264254,0.11902999133036772,0.402
1.2334365844726562,0.09255155351121266,-0.016859410610356607,0.23047373510093827,0.10638334987864817,0.402
1.243600606918335,-0.16455685366818495,-0.0362779729988689,0.1707410093805635,0.018406043424278873,0.402
1.2537615299224854,1.1154615613885774,0.021461040654423058,0.16193628114967262,0.03004860715094313,0.401
1.2639508247375488,0.18066336522036566,-0.026123998253280975,0.13336153476897727,0.07240091512424543,0.401
1.2741551399230957,0.5965572034222972,0.004469187566988467,0.19023831505544803,-0.0020818815416640685,0.401
1.2844231128692627,1.2728369287473267,0.0311771840494373,0.20989549969500848,0.07417900277342085,0.401
1.2945868968963623,-0.2125545043942909,0.04370230255287448,0.17838196475518395,0.12669673171154772,0.404
1.304753303527832,-0.16914611915803923,-0.483158509336206,0.1507968217432856,0.15413866920155367,0.404
1.314925193786621,0.9587312897798707,-0.12420429639374621,0.18264461527917292,0.11087305395739132,0.404
1.325103521347046,2.5320604338778305,0.4548153681617794,0.177530269515965,0.11844648938220351,0.404
1.3353517055511475,0.20242182982014645,-0.10619148990797556,0.21302530194417113,0.042295436922175106,0.404
1.345536231994629,0.0711838802179203,-0.07911620025023894,0.12762927918239028,0.16138375447364617,0.404
1.355698585510254,0.3602036856278368,-0.23112268567422245,0.18248476735628233,0.10425026396164533,0.401
1.3658716678619385,0.3096865250690746,0.001020646555705606,0.1866856919083487,0.12134599945663627,0.401
1.3760573863983154,0.05805298795192088,0.23470449557118286,0.1929479326120902,0.18671066696309283,0.401
1.386230707168579,0.6496736709623219,-0.18320757167214066,0.131626066515478,0.20122681127877412,0.401
1.3965046405792236,0.11483152532049243,0.03851851582215327,0.08853077002199927,0.2018288206926725,0.404
1.4066696166992188,-0.03352839626256182,0.012637185207566766,0.016014756578856596,0.15730796502838165,0.404
1.416844129562378,0.15868753001988242,0.4444036912586207,0.036255808732414005,0.1105600829883477,0.404
1.4270203113555908,0.6706199788569279,-0.06955606177910967,0.04972703491084248,0.07061715467234538,0.404
1.4371850490570068,0.08421616831799592,-0.43629830145492776,0.08067794510020028,0.10038070625318023,0.404
1.4473891258239746,0.5161036334031148,-0.603286721359339,0.13775022366392722,0.16546723395428392,0.404
1.457571268081665,-0.08642256664399463,-0.0011928675673232585,0.13775022366392722,0.16546723395428392,0.408
1.4677526950836182,0.679556675005404,0.002714086237204293,0.11278439076396454,0.15247612788267115,0.408
1.4779186248779297,-4.839894915194054,1.062937090604034,0.031629105646289964,0.19062759893403602,0.408
1.488081693649292,-0.12250567121080852,0.01667259026498921,0.10352104152954641,0.14684696932462626,0.408
1.4982409477233887,-0.024451363486814464,-0.2727283390563919,0.03480436291213415,0.0853334737215017,0.407
1.5084314346313477,0.17651807567416913,-0.07114244558231347,0.06513314909568632,0.08095801521096971,0.407
1.5186190605163574,0.3490753132022384,-0.11485715156901685,0.05055158556231098,0.032736932972892,0.407
1.5288207530975342,0.5582570450542926,-0.4474350032565932,0.12746891916026615,0.05020691686770773,0.407
1.5390055179595947,0.4552679387097271,0.38286987693109603,0.08639085626662227,0.11624611324642749,0.407
1.5491762161254883,-0.11532634057507793,0.22577308683640152,0.07720562303423145,0.11766056179841573,0.407
1.5595667362213135,0.03327686567025146,-0.7192681485043074,0.04199467730368521,0.14293364756424132,0.41
1.5699431896209717,0.3777534939722305,0.8715341296707427,0.00034969246146414334,0.08908144020200537,0.41
1.5801479816436768,0.014790711903931962,-1.5352308586304917,-0.026726857671321144,0.1804955144297091,0.41
1.5903351306915283,0.3049863560230875,0.05975181858535554,-0.1384807895450747,0.19736182031597777,0.41
1.600543737411499,0.8407076324594022,0.042776882326787585,-0.0667361972933527,0.1429335598256026,0.41
1.610703945159912,1.0955601740154381,-2.2321251394376618,-0.11899540211114601,0.15078958521742303,0.41
1.6208765506744385,0.17472670144979657,-0.06193845682947468,-0.13569530375012367,0.13055134352919123,0.41
1.6310477256774902,0.15005613583329613,-0.06048166625123812,-0.19974200526200137,0.14342643292234727,0.41
1.6412110328674316,0.16995783095073094,-0.07143659932493124,-0.1737583296904441,0.13594811640231658,0.41
1.651519536972046,0.15772565353155713,-0.1706622656804125,-0.2697976026454158,0.15887031742702545,0.41
1.6617159843444824,0.13943400221235475,0.4911665964611692,-0.23372414322524765,0.09622266777420815,0.41
1.671957015991211,0.324270996903152,-0.05618795542580369,-0.2578341860953355,0.14912551847061906,0.41
1.6821269989013672,-0.0065740538676186365,0.0035646029259044404,-0.2071895031042145,0.10018386716599155,0.41
1.692363977432251,0.33955280350401,-0.20192794455409996,-0.1849329940271891,0.13581838652584538,0.409
1.7025787830352783,0.20818687769655472,0.13684522534430504,-0.26725517635920576,0.16856850470553383,0.409
1.7127399444580078,0.36850673394536676,0.07985261811635119,-0.3018949120263346,0.044151134925331396,0.409
1.7229065895080566,-0.3318123957529825,-1.9664234386543025,-0.2954243657846994,0.10102016725714252,0.409
1.733069658279419,0.025235722941895057,-0.1701230438657086,-0.25987466880640686,0.04868818916439517,0.409
1.7432289123535156,1.6778805258386649,1.7012693027195722,-0.27270166800507967,0.09045125410286022,0.409
1.7534103393554688,0.2639306675931548,0.12851745598500192,-0.20062008307957396,0.089942011984717,0.415
1.763587474822998,0.18676881188393238,-0.08492554075982488,-0.2035821759989672,0.1760613803448022,0.415
1.773758888244629,0.3503938605371572,-0.030234130887756647,-0.2088072410419379,0.14357187529977222,0.415
1.7839546203613281,0.29633803192534575,0.23396548992464963,-0.19599337961401309,0.08804819015164626,0.415
1.7941231727600098,0.3370758336949217,0.4399833762848036,-0.21828464220559907,0.07257695382190564,0.408
1.8044085502624512,-0.012666775083664187,0.05203067717421684,-0.25851108130045186,0.0774977406759928,0.408
1.814636468887329,0.14708314962779245,0.21977989994862263,-0.23941687470269088,0.14193703828231277,0.408
1.8248076438903809,0.13273663762860768,0.1944172404750767,-0.29596516909411996,0.1390687468558835,0.408
1.8349721431732178,-0.06073967553152432,0.38504222331144883,-0.31097204511148685,0.1519729921597111,0.408
1.8451342582702637,-0.0032936436771227122,-0.03865428277786313,-0.32561896676619606,0.1443626489902186,0.408
1.8554439544677734,0.03512029784353299,-0.6170055003868342,-0.25065305802643323,0.1338401244048327,0.413
1.8656110763549805,1.7821195338263665,0.2858689354535217,-0.26969234176461787,0.13337845343847948,0.413
1.8757939338684082,0.2600643565894332,0.06489563944043042,-0.2645083861893799,0.10468210080369858,0.413
1.8859584331512451,0.10906310440370444,0.4835084081146585,-0.2955000542368614,0.14506447153268684,0.413
1.896120548248291,0.5454431838461896,0.45401523691475376,-0.30717705189644706,0.1165289570492527,0.415
1.9063060283660889,0.13406741170723938,-0.015095859197854796,-0.23415530735746654,0.1412209121785363,0.415
1.916532278060913,0.47429630444486137,-0.048608325193838564,-0.2400501064427975,0.027690591024354963,0.415
1.926701545715332,0.40224532091803206,-0.10377456444496656,-0.1958634520765407,0.14104029795686232,0.415
1.9368600845336914,0.3769178443731189,-0.31248267679916003,-0.23565956482542863,0.09832003918229879,0.415
1.9470205307006836,0.7872454206910883,-0.03963085207306906,-0.16550342255639544,0.15987935042280782,0.415
1.9728059768676758,0.4309531745614382,0.07641855055899689,-0.1614192324628983,0.10699307504951125,0.412
1.982978105545044,0.6566910357041041,0.21924870039982006,-0.11829651436367875,0.11625461487793745,0.412
1.9931437969207764,0.3607721603993144,0.23093653000499337,-0.2060572763780968,0.07189965948971205,0.416
2.003323793411255,0.5232820363077041,-0.02529428277294238,-0.15896310286404883,0.084675858639333,0.416
2.0135245323181152,-0.05528919651985006,-0.032031803489831964,-0.1265245279421104,0.028456499072768357,0.416
2.023707866668701,0.444628210575035,0.01833827477856275,-0.11758736868356195,0.052040239852412025,0.416
2.033914089202881,0.5990392921154436,0.4353976633504322,-0.18548623094125322,0.0694707768125736,0.416
2.0441322326660156,0.3327425607790619,0.40068402223132926,-0.10367437050604195,0.05675308301769608,0.416
2.054331064224243,0.6558703003700527,0.0017424631440324286,-0.12638748768319408,0.05948020936348469,0.415
2.0645065307617188,0.11429377875768072,-0.2661286913751157,-0.13897869468799398,0.05469471540574864,0.415
2.074679136276245,0.6439908072481034,-0.09327874868104788,-0.10532347452316189,0.035751155572802513,0.415
2.0848612785339355,0.08470255729773583,0.4091589711198817,-0.07053272483285287,0.029788878987043466,0.415
2.095027446746826,1.0246833180954402,-0.17464103134187664,-0.1525537208997555,0.031783955479080264,0.414
2.1051924228668213,0.7254342284555626,0.009814311282243584,-0.08740146213997771,-0.019218282376372423,0.414
2.115408182144165,0.10398410290285733,-0.039267820170048685,-0.09454843936088247,0.04450570078050437,0.414
2.1256933212280273,0.7269930099210427,0.15897347436457412,-0.08901410803998125,0.042155593185089234,0.414
2.1359007358551025,0.19010567026566305,-0.039752057220161154,-0.04544248236704728,0.03806032962120667,0.414
2.146088123321533,0.8880056252339578,0.010893691067102407,-0.004430939652053503,-0.03402984320858145,0.414
2.156252861022949,0.49363677383778387,0.1512332441883843,-0.021580962988586805,-0.018583421525491847,0.411
2.166613817214966,0.43101313958302057,-0.015995329936400928,-0.05026857582235561,0.06304173388479833,0.411
2.1767759323120117,0.3060356027399061,0.23029223028052365,-0.058102789954077486,0.07214319826592626,0.411
2.1869418621063232,0.4599383892563576,0.45424658014665364,-0.06479772304308545,0.02672535015968322,0.411
2.197106122970581,0.2173857845133418,0.0532531008242632,-0.0474957467817938,0.08721735616578077,0.41
2.2072701454162598,1.0645828350852313,0.009025906266677403,-0.05076453200946521,0.022876142907997055,0.41
2.21746563911438,0.40145990566792594,-0.05756009338302911,0.01080177155660983,0.028314894319793726,0.41
2.2276337146759033,0.9590867723326993,-0.028226349092776763,-0.043835633844564834,0.07027702426614621,0.41
2.237800121307373,0.13292977988893126,-0.012658120409618038,-0.04220607973281759,0.005703787797079682,0.41
2.2479653358459473,0.45038349545273515,-0.05319095434655251,-3.614744605999476e-05,0.015593973971301411,0.41
2.2581260204315186,0.6691894997956453,-0.05257430111760969,0.03972735705269302,0.061029421763373795,0.408
2.268287420272827,0.5323924285395926,0.21387485814598992,0.04297301520045277,0.1077479701991508,0.408
2.2786436080932617,0.19059292253320562,0.2485322434908036,0.08719274738859428,0.10473531411489412,0.408
2.2888596057891846,0.3170017629096449,0.5074394660781838,0.0484697944778715,0.11752813727564793,0.41
2.2990307807922363,1.3406918806077133,0.47718711281454945,0.0034292832222713593,0.09732984200205685,0.41
2.309194326400757,1.3421077044041283,0.47745536349521583,0.09644891135762179,0.08647562300223918,0.41
2.3193929195404053,0.21348432307338036,-0.3012162827724269,-0.03294195784109239,0.031856598244051584,0.41
2.329616069793701,0.9465758865657624,-0.08994589877716015,0.0821185567516194,0.09200025406740928,0.41
2.3397841453552246,0.6918871613131397,-0.08035629065498683,0.07990338008518337,0.0695769266647983,0.41
2.3499460220336914,0.9312604881787383,0.3518168603766226,0.11024506512426102,0.16071523282493155,0.411
2.360109329223633,0.27384990607364,0.09591578411125987,0.21949670511665675,0.16388887247281658,0.411
2.3702757358551025,0.35753523944178855,0.11237631288392873,0.0678544008786406,0.11701992682968868,0.411
2.380622148513794,0.8329725693683567,0.679540970466251,0.10999821593594934,0.09990731080830095,0.411
2.390789031982422,0.6998110785824602,0.05578517005437467,0.03790752661527856,0.010352145405139485,0.406
2.400952100753784,0.7359812594567865,0.2267553461001434,0.02246591626765125,0.05347420467543504,0.406
2.4111177921295166,0.5509553605857657,0.14692909012864747,-0.010366296495933167,-0.006868986529633192,0.406
2.421279191970825,0.5455895964853732,-0.06862769743851263,0.007476200890474023,0.07374066459481718,0.406
2.431640863418579,0.8147933131672409,-0.062255683498898054,0.0032650670114932334,0.08233266954132032,0.406
2.4418063163757324,0.40579679670251934,-0.040588160953940196,-0.056004814466715874,0.13975714397659578,0.406
2.451967716217041,1.2105187139971538,0.17274656089114196,-0.08332218909083869,0.15295813614262968,0.408
2.462130069732666,0.17403600299256003,-0.004435322085880025,-0.1062332679170067,0.1162624153336446,0.408
2.47229266166687,0.5598792644127552,0.014152671696179498,-0.03119250661669122,0.12360429188249585,0.408
2.4826252460479736,0.8406277280424236,0.11841668052810665,0.08640833918742168,0.0652571602944231,0.408
2.4927985668182373,0.4803783436458537,0.539681599319806,0.05141103848250381,0.07122719267691163,0.407
2.502957582473755,-0.05691088755884724,0.2776370133457591,0.06418183607571945,-0.0337191464039876,0.407
2.51311993598938,1.4063945657744565,-0.05444473277999539,-0.04650574353399972,-0.035724382872214716,0.407
2.5232858657836914,0.9066053242367803,-0.11841431756894386,0.019960649234325497,0.031127138547254046,0.407
2.533487558364868,1.0270146451361573,0.09566642193119403,0.12195307938706484,0.016686447705656485,0.407
2.543693780899048,0.035981680028098505,-0.07000681196429823,0.0473633317339764,0.035138825900556836,0.407
2.553879737854004,0.7683396063203479,-0.06803267177005778,0.06902643470602404,0.11029802621198082,0.402
2.5640735626220703,0.16532302431666795,-0.39374860884336293,0.10657356383308172,0.13272866750069495,0.402
2.5742406845092773,0.7103171378759157,-0.16528524797892497,0.06009656436002067,0.08159370503327512,0.402
2.5844225883483887,0.6979501612849471,-0.3734253356294456,-0.0010274112912159617,0.06536963347757203,0.402
2.5946366786956787,0.5179929524727381,-0.0008522215208919471,0.10435348771906792,0.11358072901216146,0.401
2.6048007011413574,0.4206431192515542,-0.0051949739816792954,0.08980273433116173,-0.05134934050516998,0.401
2.6149632930755615,1.161798921247053,-0.006243479979254169,-0.047218393624308054,0.05727772573041373,0.401
2.625129461288452,0.08679047316941114,0.4050954062268494,-0.044747820277340256,0.11085102929875609,0.401
2.6352951526641846,1.1105680049081124,-0.18552107431319595,0.011954045088816145,0.16283458910045678,0.401
2.6454758644104004,0.4538888067627885,0.007693947970561127,0.04833987560081788,0.15812146753205167,0.401
2.655642032623291,0.4812009764958548,-0.008880202826269503,-0.02459936759106925,0.05731056188042655,0.405
2.6658496856689453,0.8489418249889329,0.16729791935686425,-0.1198226037404874,0.06431272817065116,0.405
2.676028251647949,0.28621451571297774,-0.42507468698851536,-0.08837704371097725,0.08622059146770743,0.405
2.6862006187438965,0.8738509876426905,0.010635446872265341,0.002841390290113606,0.1426965862677746,0.405
2.6965532302856445,0.5616138644949553,-0.01688805881217932,-0.05168935648072602,0.05269368706576899,0.404
2.706758499145508,-0.026189805165336692,-0.016888037096361722,0.037376980097716735,0.051990306211428264,0.404
2.7169241905212402,1.346570246849317,-0.02563478431660471,-0.0263325494310871,0.02138447162674295,0.404
2.7270939350128174,0.6346338817284207,0.045368689341329455,-0.039258090672394816,0.0724100657675077,0.404
2.7372992038726807,1.4202479376421955,-0.20233060160490038,0.013765723687128917,0.1040144447484557,0.404
2.747516393661499,0.5158759683956465,-0.05193932761553331,0.01268662282844274,0.050229840429156,0.404
2.7577240467071533,0.29976752291482855,0.08361174154770622,0.08026518247809815,0.07023341742169786,0.406
2.7678885459899902,0.768180286395334,-0.2652314924968795,0.12613785951153178,0.13810436608378301,0.406
2.7780535221099854,0.6566565853024322,-0.07571931419578976,0.1331301758770448,0.11798350520120553,0.406
2.7884738445281982,0.6065451472943945,0.0631287196210944,-0.028398481840324223,0.14095521699171568,0.402
2.7986607551574707,0.18148425851035987,0.03098248407468355,-0.060640639821372314,0.07762945342734395,0.402
2.8088200092315674,0.0796654691316478,0.020741057422025366,-0.08951126213227471,0.13202608074596486,0.402
2.818977117538452,0.8579878216306726,-0.1816249025216148,-0.10608895366650782,0.12115969459049006,0.402
2.8291447162628174,0.20711024130584843,0.03739237838076643,-0.055503850468471186,0.1504789734851665,0.402
2.8393049240112305,0.9834300688479655,0.06015901866712381,0.05793538487905558,0.14332902134869385,0.402
2.8494796752929688,0.4631660036945639,-0.19953605489138923,0.05592610075292754,0.1400068067999371,0.4
2.8596372604370117,0.8557605907653114,-0.004366433286520239,0.025157757219589807,0.08768803637679691,0.4
2.8697962760925293,0.3596792821285986,-0.05565583471390723,-0.039162250391876166,0.06852137477304626,0.4
2.8799517154693604,0.2929745358027402,-0.24756819561154236,-0.10394167517166705,0.035172090585535276,0.4
2.8901166915893555,0.7145580922087926,-0.24547418249889982,-0.03719205127361126,0.09705805797169047,0.402
2.9002697467803955,0.7084712645240396,0.022134765889431175,-0.08992140435864937,0.1934784196888845,0.402
2.9104995727539062,0.9256362848571507,0.11068731986143143,-0.01606920997943333,0.23065128964555892,0.402
2.920654773712158,0.6530210252678511,0.13488120164746684,-0.05226258539156825,0.18243500175640973,0.402
2.9308159351348877,0.43097896565595595,0.3372623920902466,0.027410935165787742,0.13553286887976565,0.402
2.940974712371826,0.7674410388731177,0.07834625332854396,0.019681047738001806,0.006540659416296529,0.402
2.9511263370513916,0.4876202829833112,0.02200674922972434,0.03246009547706932,0.07696497849213599,0.4
2.9612796306610107,0.9854076103022406,-0.27318257522528383,0.026719345241263404,0.13702423898199464,0.4
2.9715781211853027,0.5743796256995529,-0.04673297638967064,0.06728748232851929,0.145439094411252,0.4
2.981733798980713,0.3172258021840323,-0.020726940095941806,0.05917700857225126,0.12098409204073736,0.4
2.9918878078460693,0.9099414244455524,0.030683671220971664,0.0271776074723456,0.10698396089037528,0.4
3.0020384788513184,0.26403848977560146,-0.4034033911671595,0.0746086096099407,0.06998976984408854,0.4
3.0121893882751465,1.0581964910449482,0.29807334905689514,0.018523315969525073,0.088890036063906,0.4
3.0223398208618164,0.5181713236501188,-0.09629565955939487,-0.049545887044487355,0.05639654305360675,0.4
3.0326266288757324,0.46346989065235433,0.04694598950678369,-0.10629872941667047,0.0670832810926958,0.4
3.042811870574951,0.3918027623397163,0.02243677677618858,-0.08875154310942462,0.029861133108020008,0.4
3.0530033111572266,1.0357810293423826,0.23456958442573297,-0.10476113840068527,0.026280427061293618,0.397
3.063196897506714,0.28535609064404516,-0.13735493795877804,-0.09873659276108147,0.05018162832655839,0.397
3.0733845233917236,1.1866853274793412,0.2391632661424005,-0.021681692089422302,0.1153606647218307,0.397
3.0835447311401367,0.11629189522981927,-0.1817540638942938,0.03182600667913971,0.0772141547662642,0.397
3.0937135219573975,0.8555604043029685,0.005106742676590968,0.013872720780521486,-0.0774949651957991,0.401
3.1038665771484375,0.31175383766085224,0.05938562307896369,-0.02426182164073582,-0.0505626407123264,0.401
3.1140198707580566,0.803279233383024,-0.16898623315425887,-0.08385547435281546,0.00921573532811916,0.401
3.1241726875305176,0.9164360691823565,0.06935012191567416,0.030133250505518294,0.0479322828151894,0.401
3.1343579292297363,0.3412861423859725,0.0903048964188167,0.13918325845583585,0.09133202558940041,0.401
3.1445584297180176,1.1463179388445701,0.039795987827602894,0.1038730309021401,0.07655377489378361,0.401
3.1547200679779053,0.8546865211694515,-0.16630412572915818,0.05526037697665401,-0.03332475451973063,0.394
3.1648762226104736,0.3613199088482109,-0.001850837842952918,0.03276147998734417,-0.04133157552415587,0.394
3.1750354766845703,0.22922569073151486,0.04087690188544764,-0.022019171588208694,-0.009607394606995917,0.394
3.185187816619873,0.5328031263089659,-0.04879983067548479,-0.061437960327668836,0.014471748327387776,0.394
3.1953582763671875,1.0234338683296977,0.043044672367284764,0.018706584834779594,0.06340710811637999,0.393
3.2055113315582275,0.454320040927505,-0.15122723155139947,0.03519218995831186,0.03465443798385205,0.393
3.2156641483306885,0.525879475554492,0.05653235527118327,0.028970741260380118,-0.0014686102334721257,0.393
3.225816011428833,0.8875112623435953,0.0043954815491508365,0.028149639845714655,-0.013173597679802806,0.393
3.2359766960144043,0.251492606795053,0.01805186163077706,-0.06593127777956359,-0.03493538497812649,0.393
3.24613356590271,1.3679593454302956,0.07182428554852946,-0.1339004329637482,-0.08612610423186201,0.393
3.2562921047210693,0.05369866358740948,0.013109070959649445,-0.06627132604833488,-0.04043030956157274,0.391
3.2665927410125732,0.6588051513676549,0.04441840690582801,-0.050668452331556715,-0.05573845603324098,0.391
3.276747941970825,0.9793630001047288,0.02116282749050194,-0.040341252361874434,0.07399420266540593,0.391
3.286911725997925,0.37403818749563805,-0.18032836423271933,-0.045391284895047415,0.06527420148028601,0.391
3.297071695327759,0.5171673952700097,0.06244118958340487,0.008920630286682524,0.015802696568877277,0.385
3.30727481842041,0.9168905551316108,0.26315538761426893,0.0076658317846326485,0.011575531399946222,0.385
3.3175833225250244,0.2421063434914472,0.007783715866555307,-0.16536953686628372,-0.05748078735917252,0.385
3.3277530670166016,1.1532297565815721,0.0026710096511824376,-0.15141081536926154,-0.014268691436606664,0.385
3.337919235229492,0.19444468423916828,0.02919892454018005,-0.13492561859686178,-0.04432913487698195,0.385
3.3480725288391113,0.5873320082625929,-0.20942311762398128,-0.1287800801378582,-0.05598350333860226,0.385
3.358227252960205,0.38560092088464404,-0.007720444409238814,-0.1287800801378582,-0.05598350333860226,0.388
3.3684866428375244,0.7834826619678876,0.01630684199407407,-0.13253909005699774,-0.030708113647539934,0.388
3.378667116165161,0.390500291806635,-0.1986481427568251,-0.1895478007118536,-0.020837883637551898,0.388
3.388826608657837,0.4638349717739351,-0.13987448454191515,-0.21331481105074124,-0.03245013319400139,0.388
3.398982048034668,1.168526561083739,0.0012855238352494963,-0.12561532637600037,-0.022495150573667296,0.386
3.409132719039917,1.261009985091577,0.04646430352299151,-0.1367956686591767,0.010230868849048114,0.386
3.4192891120910645,1.2922142014023346,-0.027556583284738936,-0.13609001474091634,0.02161986539913928,0.386
3.4295759201049805,0.016375564594396666,-0.02803439233801296,-0.0808129905242248,-0.0439585081532301,0.386
3.43973445892334,0.841178441263852,0.01861622907575727,-0.12343542385981422,-0.09693707979500497,0.386
3.4498839378356934,0.7119232273896372,-0.2081098199158023,-0.17560831557079626,-0.10390017427879283,0.385
3.4600353240966797,0.8488183705035397,-0.20162580048728512,-0.17433666485681662,-0.07237891708565142,0.385
3.470186948776245,0.6957622292937049,0.005199437667118114,-0.09110255567506156,0.0034520970085064884,0.385
3.4803407192230225,0.7486608097602012,0.0680404437335973,-0.1038295231885868,0.049769170262957046,0.385
3.4905083179473877,-0.01577620630009496,0.029218846415122374,-0.12927271044578736,-0.042157991387038074,0.385
3.5006630420684814,1.6242801211833315,-0.013569744971805102,-0.19486524092586532,-0.025589847122608634,0.385
3.5108120441436768,0.1964723957688286,0.013741621302976587,-0.1795108579425524,0.05831119781887941,0.385
3.520966053009033,0.8526560095287958,0.00330751482933143,-0.062174200748070216,0.021248716312728427,0.385
3.5311355590820312,0.7056199990167433,-0.0054756388047064964,-0.04690415446506101,-0.10035277353835705,0.385
3.541301965713501,-0.01973858124922953,-0.1576369748449771,-0.09613588368621086,-0.13360596846974165,0.385
3.5515711307525635,1.0423675369768837,0.27602954189552764,0.0019660774012950494,-0.06654352027763995,0.384
3.561746120452881,0.4244738720167983,0.01436689216799078,-0.08786985783059172,-0.10413719786225394,0.384
3.571960926055908,0.4136725803834312,-0.2365979894826518,0.014701529352429556,-0.028175916989775483,0.384
3.5821785926818848,0.9695166448565898,-0.03376213109419899,0.06457123413429758,-0.03576025166794299,0.384
3.5923469066619873,-0.05205742800956088,0.2084503070506396,0.23314010570465898,-0.07564588914226406,0.386
3.602526903152466,1.5678117848309363,-0.25937070312271776,0.326837317314332,-0.029865940073294045,0.386
3.6126773357391357,0.1599377374804215,-0.01023296292715354,0.32318846171700666,-0.026187216894833387,0.386
3.622838020324707,0.6304818367488348,-0.04136274594764736,0.49527710068452513,-0.02317395111937495,0.386
3.6330044269561768,0.5603126336652109,-0.015614734839438352,0.5579377283766711,-0.03042865247739708,0.386
3.6431620121002197,0.7300999872899012,-0.0508884527586122,0.7256827184913546,-0.1112119989318307,0.386
3.6533288955688477,0.9013349323900468,-0.23614626393784643,0.5798982563505122,-0.11410558652284228,0.387
3.663605213165283,-0.14747619351322266,-0.17871617637958032,0.6522150248351275,-0.03615029549131375,0.387
3.6737773418426514,0.6643551759622099,0.26812693680873567,0.6991355620196676,0.0702093067668975,0.387
3.6839451789855957,0.4474710651803685,-0.13391064650913456,0.7609390434866953,-0.08816674821305692,0.387
3.694110631942749,0.5835182354159302,-0.04302817579245321,0.732051908688891,-0.043343547161845464,0.394
3.704261064529419,1.1252489511567736,-0.06796908156855426,0.8150207591812908,0.06672144836677224,0.394
3.714460849761963,0.6188972233887082,-0.026016088391814032,0.8269117466530129,-0.08379902126016989,0.394
3.7246320247650146,0.2827745501704913,-0.18487395971219844,0.8264460652900076,-0.05647173129810812,0.394
3.7347891330718994,0.49794660876620817,0.007084229676050543,0.7924450538495571,-0.012327289540461842,0.394
3.7449440956115723,-0.04348510002258798,0.20825317254855763,0.881678532866767,-0.01782510511052574,0.394
3.7551169395446777,0.7910439463448302,-0.006542333781554859,0.7712144117659774,-0.08845515730753614,0.393
3.7652671337127686,0.4524758790481661,-0.2028420775755774,0.7371188487003504,-0.0375830374437677,0.393
3.775522470474243,0.42282448950130924,-0.022967932753734523,0.8379826906859456,-0.049737526946628606,0.393
3.7856743335723877,0.4145571460564528,-0.18368897433390854,0.8281042042804846,-0.02846803538549214,0.393
3.795825958251953,-0.10878082786806254,-0.014390968149047669,0.8038315872845316,-0.02687087709756379,0.393
3.8059754371643066,0.5707573021429184,-0.22031765161649972,0.7936848475674539,-0.11313693196859159,0.393
3.816128730773926,0.3976438831595094,0.012239756895026184,0.8157587317395436,-0.03719669804626214,0.393
3.826328754425049,0.021443461548598462,-0.25769186414566647,0.769576154686886,-0.02137627339260347,0.393
3.8365747928619385,0.21274998635110492,-0.24454116938073034,0.8557781994785282,-0.007703080863022504,0.393
3.84673810005188,0.1286298207123002,-0.026904653736098655,0.7462415870533489,-0.1298088594796762,0.393
3.8568906784057617,0.5333048154624023,-0.2292421511111497,0.7462415870533489,-0.1298088594796762,0.39
3.8670425415039062,0.31869463112766067,-0.21771840808712145,0.777268056486439,-0.041832257922230956,0.39
3.8772006034851074,0.28357989093044855,-0.057014535852661016,0.7189770425699948,-0.0636784424548656,0.39
3.887352466583252,0.3514080591386704,-0.42582448497273423,0.6778153691241839,-0.0022435147890100754,0.39
3.8975625038146973,0.32895634360297993,-0.0003238149310821356,0.7005451103214211,-0.016466563886908304,0.393
3.90771222114563,0.1266407914661768,-0.00032367135029495703,0.6356706366230137,-0.012557026625732857,0.393
3.9178686141967773,0.041815211597337025,-0.06580380007283132,0.7231047809780935,-0.0683878188452157,0.393
3.928027391433716,0.3196475633563331,-0.000986398140463345,0.630093910914129,-0.08808799782072466,0.393
3.9381773471832275,0.029867417011290164,-0.4176261897859107,0.6127148505992366,-0.01641537141136555,0.393
3.9483256340026855,0.3172216827939514,0.027197897255270408,0.582475228594704,-0.04420819026404399,0.393
3.958754062652588,0.38164275236615297,-0.03814081797000237,0.578647699780713,-0.1260768677564505,0.391
3.968923568725586,0.09157977500298693,-0.050540850415653024,0.5068725095847683,-0.03163368436802215,0.391
3.97906756401062,-0.14878757149741897,-0.27112797967957486,0.5238377795992455,-0.05627964507380398,0.391
3.9892141819000244,0.00849951376437969,-0.06142906061411849,0.4679229699461449,-0.0757896363686169,0.392
3.999359130859375,0.2503553635095013,-0.25273559796143846,0.5079360575886488,0.002955326903498895,0.392
4.009561061859131,-0.16851744700421772,-0.20358146726739043,0.3997731839096752,-0.04955269499795287,0.392
4.019713640213013,0.19967371577151488,-0.21905421791772292,0.3220692288776509,-0.008319548445937706,0.392
4.0298752784729,-0.0179848977852887,0.02959111582805497,0.36148262254489916,-0.0112790391626943,0.392
4.040025949478149,0.27456400129900166,-0.2608135622300541,0.42311364065633544,-0.054076779879190136,0.392
4.050187587738037,-0.39643054506500447,-0.05101617254210154,0.3635777170437966,-0.02785345992265483,0.391
4.060357570648193,-0.02467071786318271,-0.20539356909844386,0.329458855896907,-0.027201462510480494,0.391
4.0705647468566895,0.05513794179556428,-0.2315929500031675,0.2747421566096767,-0.057997606845494355,0.391
4.080754518508911,-0.22638776092573262,-0.24159492689485648,0.27558679991781454,-0.052669441391473795,0.391
4.090913534164429,0.1755780755107386,-0.02912137698964341,0.20634934033350105,-0.11189926611072867,0.391
4.101077318191528,-0.030968782426456665,-0.2576648691764208,0.13835638963732577,-0.0006626832155363915,0.391
4.111229658126831,0.211144105776354,-0.24427701988305126,0.09905335406830386,-0.06032219622833757,0.391
4.121384143829346,0.0806454887901099,-0.03994774287188295,0.22040828658083375,0.0053444013276523344,0.391
4.131611585617065,0.17673828770094702,-0.25435694261336783,0.17416042786147035,0.07339212532462028,0.391
4.141802549362183,0.1265903851965736,-0.03672187058661404,0.1491265708888985,-0.0002981015911898838,0.391
4.151988506317139,-0.011532959035928022,-0.20824000872344597,0.06332945636733017,-0.05109983125587486,0.391
4.162140846252441,0.08893788842741754,-0.19958135310786237,0.14614966308364202,0.05214673918010698,0.391
4.172299861907959,-0.09151482453605454,-0.004317833223066744,0.09299010726944375,0.01665778477575968,0.391
4.182512998580933,0.10506730328329109,-0.03508626632694808,0.04614307053242886,0.03876190905780161,0.391
4.192681789398193,0.11453967803628563,-0.05018123573253836,0.05718551331469286,0.0018861435423919437,0.391
4.20283842086792,0.07332265093394148,-0.043528573963538125,0.04950542919731335,0.05869700577869125,0.391
4.212987661361694,-0.26734265441113264,0.03024546669200666,0.052941474381031854,0.0431930172910137,0.391
4.223145246505737,0.00790670002316988,-0.1969179817222794,0.013513819139843473,0.04570848082326521,0.391
4.233305931091309,-0.03592714987037435,-0.009483714247682417,-0.05682837920140901,0.06939169194574528,0.391
4.243531942367554,-0.059369902281822484,-0.059425103244693654,0.043893941879286795,0.0815586046095339,0.391
4.253702640533447,0.03597397732118301,-0.2791945558880659,-0.0003590900498550431,0.027092644449261537,0.388
4.263853073120117,-0.04803856238245101,-0.20897081734916542,-0.054349313199705214,0.06249538702392404,0.388
4.274008512496948,-0.003388649890898887,-0.011298109415817074,-0.031645937761115246,0.031545734099289444,0.388
4.284158945083618,-0.0034211320301216976,-0.1808189128293778,0.0024860469004290286,-0.01810000605992025,0.388
4.29430627822876,-0.17041043626137217,0.02709460994572357,-0.049005804382660466,0.008667781871881539,0.393
4.304529666900635,0.047854940104316214,-0.1924813268266227,-0.07165742726806483,0.03205959327581553,0.393
4.314704418182373,0.09237832705695528,-0.19996507894992488,0.002491029119640359,0.058811215189765245,0.393
4.324896335601807,-0.07849165872100243,-0.01097213333342169,-0.014576429526062237,0.06029070119519249,0.393
4.335068225860596,-0.2011162213283964,0.20131118720736485,-0.0760961598696844,0.09302100703289477,0.393
4.3452184200286865,-0.014776143346972217,-0.01311234459519761,-0.048388793325105796,0.004500223580237592,0.393
4.355365514755249,0.058714683238578175,0.011791197356849404,-0.04447499641898804,0.08797069374520809,0.394
4.365566730499268,1.0333066391009924,0.42536712712217206,-0.08148796428371569,0.0248859037879582,0.394
4.375718593597412,0.5090421706677871,-0.5554727634409233,-0.08644716504976033,0.03311905408414487,0.394
4.385865926742554,-0.03735388088747995,0.015233355262774504,-0.10220062000455288,-0.06657661064540216,0.394
4.396009206771851,-0.41825487914569326,0.17711098712341108,-0.06491418414183794,0.07070932275206385,0.392
4.406157732009888,-0.4822925747956237,1.6193202434843372,-0.044919172760522166,0.015194255542477247,0.392
4.416301727294922,0.4637514767472724,-1.8081462959348806,-0.030005552339693986,0.060241822948451075,0.392
4.426515340805054,-1.2442878363316106,0.02632312696962336,-0.028350035237513165,0.0064407041780607036,0.392
4.436691999435425,-0.6449429510346562,2.441177512564039,-0.028350035237513165,0.0064407041780607036,0.392
4.446842193603516,3.0334973296277474,4.86260072406114,-0.04071593238816759,0.10738102033788269,0.392
4.456993341445923,0.006899708040972741,0.0200445295223005,-0.04071593238816759,0.10738102033788269,0.391
4.467143535614014,0.2078595761192729,0.14788492737519618,-0.01988462598243295,0.0813701559004262,0.391
4.477299213409424,0.006089042453783634,0.14788492737519618,-0.01988462598243295,0.0813701559004262,0.391
4.487472057342529,0.3224201547027003,0.7370002236469143,-0.055819941395565294,0.02828663620244088,0.391
4.497644424438477,0.19219147617719098,0.7340761552371594,-0.07597113746956599,-0.016764922038570246,0.399
4.507807731628418,0.19236132741153472,0.7343983762078535,-0.05116060310192052,-0.07955906765268828,0.399
4.517956256866455,0.06089158720487596,0.1926693951614663,0.01162670056371462,-0.050584629638172035,0.399
4.5281081199646,-0.05969715579017473,0.1519679299411146,0.01393311429607081,-0.03856159592942005,0.399
4.538269996643066,-0.17850798132284826,0.561352289734109,-0.016341512228732202,-0.07130842796164918,0.399
4.54842209815979,0.08837227426567668,0.5192057493098705,-0.008949267742100937,-0.07134673992986529,0.399
4.558664560317993,-0.06927603968832112,-0.5215484907675647,-0.02153063805251878,-0.1039015097696104,0.397
4.568845272064209,-0.07225979055559115,0.0767021843668716,-0.021483960140423773,-0.10531372057513205,0.397
4.579041242599487,-0.12431119812084372,0.12131747087478448,-0.010712005292573226,-0.1276226440196858,0.397
4.589202404022217,0.3339424217527226,0.2982295026513873,-0.004103871834951672,-0.13064984766213822,0.405
4.599352598190308,0.28023713130323585,0.28451731151115756,0.05194233850018194,-0.17381578729009223,0.405
4.609573125839233,-0.11457990339994564,0.0830829888891199,0.08809104349117597,-0.17636634491744924,0.405
4.619749069213867,0.09171845934762012,0.06538883475256828,0.024661176626898047,-0.0825793868224744,0.405
4.629916429519653,-0.14307643606231996,0.07133276709797272,0.05843905136706133,-0.1655408890527995,0.405
4.640077114105225,-0.08281739352441077,-0.12248314651293563,0.08530975257726812,-0.18983944783938944,0.405
4.650231122970581,0.22627654489507676,0.6644633318355746,0.12783243429545174,-0.2066957924858704,0.401
4.6603920459747314,-0.12298983288997639,-0.7473421412037616,0.18458788177884966,-0.15565834393398847,0.401
4.670957326889038,-0.08588691418606127,-0.010088134874483847,0.17283998569412073,-0.2172253853574298,0.401
4.681132793426514,-0.025751019221949212,1.1947842518904142,0.12059192868178828,-0.25958853674668375,0.401
4.691306829452515,-0.12368113800433683,-0.07778665582771062,0.1549090061382393,-0.15908428114782375,0.406
4.701604604721069,-0.08154408171452317,-3.0062323713705847,0.20533510071716626,-0.18217527738717765,0.406
4.711778402328491,-0.07598757971030644,4.02070102040065,0.19032477636697345,-0.10381051096910186,0.406
4.721938133239746,5.0,0.8222300730771238,0.14263447376800834,-0.17592023245786045,0.406
4.73210334777832,0.27209235785879154,-0.004569039112224517,0.09701882770405029,-0.16490283002159428,0.406
4.7422614097595215,0.08533104142207829,0.0008812192893824567,0.1837790444169368,-0.15314010511876774,0.406
4.7525107860565186,0.10968590141292968,-0.10365227472290087,0.1934808281199006,-0.12214084786929424,0.405
4.762707233428955,-0.07709922601504465,0.08763423480913006,0.20854795695097295,-0.09957016624458367,0.405
4.772871732711792,-0.14772617689002976,0.04234664673905809,0.18809658462725684,-0.11968105009629781,0.405
4.783034801483154,-0.11366862558394378,-0.1585065624407394,0.18354937420811115,-0.11878168877279527,0.405
4.793197154998779,0.6661322400276875,0.16631961097413803,0.18714634749486883,-0.12402391282073416,0.405
4.803358554840088,-0.09644074702944044,-0.2499620742477103,0.21459481873357417,-0.17883627561612903,0.405
4.813693523406982,-0.09009276090472093,0.1844703562681871,0.25997806461026907,-0.15797405493123667,0.405
4.8239006996154785,0.2995899491259148,-0.021941832436055426,0.2336627795801913,-0.13607622149746224,0.405
4.834092140197754,-0.16610522706637781,-0.38032669337061875,0.1444909247958736,-0.0899129697674845,0.405
4.844255447387695,-0.24959041849131777,-0.2533032800103985,0.16384927400881838,-0.13846356320738656,0.405
4.8544206619262695,-0.00784978068587832,-0.04454739870551208,0.20023024447261373,-0.09120645643776965,0.404
4.8646464347839355,3.264108362123127,1.5367121430525947,0.27828740809970254,-0.06978635323787198,0.404
4.874859571456909,-0.042833293275822984,-0.10216177535316238,0.2972778372446655,-0.1397738107474633,0.404
4.885026454925537,-0.08670266501804492,-0.27668085798143444,0.24853534300187524,-0.004832593321374007,0.404
4.895188570022583,-0.012640432967704843,-0.4793241664975546,0.2760590288640872,-0.04025544858848819,0.408
4.905367136001587,-0.09011137761031648,-0.25387664844713065,0.28760496667714747,-0.032022623084117886,0.408
4.915713787078857,-0.04577223522535494,-0.005487639789485593,0.32693580060592475,-0.04985005102052862,0.408
4.925920248031616,-0.04571345508008526,-0.21793071811193088,0.3499604866484639,-0.08070430407615675,0.408
4.936105251312256,0.738215141080745,-0.2316130853760182,0.3362003988784349,-0.07418321177911139,0.408
4.946267604827881,-1.0390843948691602,0.17248009482722548,0.3909574483829172,-0.04454788061317523,0.408
4.95654559135437,1.0583409385343632,-0.006034103929729665,0.30514640429421336,-0.05205080045458347,0.406
4.966721534729004,-0.9221236778341425,-0.06602473607722455,0.3003548393638311,0.047222083213806706,0.406
4.976882219314575,1.2394814939206433,-0.020634911369751745,0.2931402047108409,-0.0347199284633345,0.406
4.98704195022583,0.15526263123819686,-0.04522140625444923,0.27295109072341583,0.0636736281792021,0.406
4.997203826904297,0.16203780368166112,-0.6673616519522256,0.3617112603239191,0.03899927023107974,0.407
5.007367134094238,0.565140414130073,0.7436569701856128,0.34006586426063573,0.05504845971388227,0.407
5.017716407775879,0.018541324394280367,-0.03111474080383223,0.33027245608967826,0.011041903550821203,0.407
5.027881383895874,-0.36670624843036836,-0.025115969960072697,0.30572333810027336,-0.046720318647183484,0.407
5.038041114807129,0.10923214128363996,-0.4229037217507494,0.2776523495738101,0.05099435614131544,0.407
5.048199653625488,-0.011200569784085675,-0.8036232212141406,0.29265056646402987,-0.017554350697310227,0.407
5.0583672523498535,-0.15418713956580696,-0.410584989168276,0.27870279268731835,-0.1113683077160063,0.402
5.068562269210815,-0.3514328078297381,-0.023728639822022606,0.31045522227323336,0.019414384737208384,0.402
5.078845977783203,-0.006633471702865077,0.03151849350469807,0.3033055873296322,0.048401054662659065,0.402
5.08903956413269,0.20091991756737934,0.17572114308737208,0.2445262226638718,0.046240081360302124,0.406
5.09921407699585,0.1593896856477762,-0.009687299890862935,0.28710940470586344,0.10191885193071717,0.406
5.109391927719116,0.1758629466678274,-0.030383088517881088,0.2319035384159938,0.03866395725015708,0.406
5.119684934616089,-0.31941739597771257,-0.2090710838858054,0.19166151408990115,0.06780403785326292,0.406
5.129857540130615,-0.4875261164582986,-0.3544811775209502,0.22005438556824192,0.06336098180689526,0.406
5.14006781578064,0.11654324728132825,0.025665035414599368,0.18617519427991244,0.0030910064234252986,0.406
5.150241136550903,-0.06078594583960134,-0.022221699447171783,0.12691219772126944,0.03543036547554852,0.408
5.1604087352752686,-0.6683781303736887,-0.40048620927659734,0.28196296246859953,0.06103246316604595,0.408
5.170697927474976,0.14590621889231828,-0.08840662754601693,0.22424864188028665,-0.021516739743483792,0.408
5.18090558052063,-0.6943775647871981,-0.08633373368746737,0.26250773047755294,0.038673900367399115,0.408
5.1910645961761475,-0.29580766656474194,-0.42969097951931634,0.1789786871793678,0.027013202546252706,0.402
5.201221942901611,-0.34643920552947755,-0.4561224247395893,0.13116251052499284,0.015233043787142755,0.402
5.211395740509033,-0.34215685057240497,-0.40808338599015953,0.1082702622002849,0.14997302537503288,0.402
5.221694469451904,-0.04997130724123874,-0.09014599911116404,0.08184911766464457,0.09845630517187817,0.402
5.231855869293213,-0.8612613524420596,-0.4291360348272575,0.057196684500647646,0.07113483667385627,0.402
5.242016077041626,-0.12080430945583306,-0.26962124820344996,0.1127980325753613,0.06808723309968699,0.402
5.252174377441406,0.04534127886183344,-0.3090372668201452,0.0701582541628252,-0.0023128306868185483,0.403
5.262339115142822,-0.8389473556059259,-0.27124741488311355,0.05716563391078136,0.12730746552414346,0.403
5.272517681121826,-0.021527955208188537,-0.0204935102031342,0.09206078867599854,0.11714406187545853,0.403
5.2827277183532715,-0.18702271160522102,-0.6459937061338769,0.0008664449115520084,0.08537000311453745,0.403
5.292887210845947,-0.6689094189123034,-0.033651577399458815,-0.023275223353150458,0.12097888109775143,0.401
5.303045272827148,-0.11798591472664212,-0.04534433130701598,-0.03343669963251507,0.11114970771910196,0.401
5.313228368759155,-0.2690908214428885,-0.4303173836286282,-0.06751092301809261,0.039999285901491335,0.401
5.32341194152832,-0.3869434886304032,-0.010066247001048353,-0.06352885520390175,0.10633581004657142,0.401
5.333623647689819,-0.22837395383995235,-0.2335357379287563,-0.037403563476237384,0.1110685481116537,0.401
5.343790531158447,0.003904096643495845,-0.252297912438539,-0.13452813733589003,0.052762363024291714,0.401
5.3539557456970215,-0.28212834943986415,-0.28588580530638,-0.15686564066363826,0.12684817815538793,0.401
5.364124774932861,-0.28197718517429343,-0.28581022317359467,-0.15686564066363826,0.12684817815538793,0.401
5.374288320541382,-0.3244729796920967,-0.277501534929615,-0.057557280444643644,0.13491097251424491,0.401
5.3844521045684814,-0.00227136463840189,-0.2383096991992393,-0.164479820285975,0.18247562501816683,0.401
5.3946146965026855,-0.30634181490284496,-0.1773264694857747,-0.10554587432162207,0.14327246994864645,0.398
5.4047815799713135,-0.2123661137849079,0.03393632313766733,-0.1286002111712964,0.014173674503023315,0.398
5.414950847625732,-0.3337161827407404,-0.2092865410071756,-0.20398961126279214,0.09825119823165746,0.398
5.425113916397095,-0.4705612076869272,-0.23952116860721662,-0.1898557837219305,0.1352234682720441,0.398
5.435276985168457,-0.11194698937990609,-0.23087450925185873,-0.24665527056323178,0.052148057498808846,0.398
5.445544004440308,-0.17174580834421255,0.1628695151776223,-0.32683164097660977,0.05289722436145486,0.398
5.455724477767944,0.19879461114751046,0.18623271759349583,-0.25232752247012596,0.14781014174181983,0.403
5.465893745422363,-0.0090870067967087,0.03069464811317428,-0.22504831644286757,0.031449095499264085,0.403
5.476057529449463,-0.9916407346030085,0.023104699382172543,-0.22788696519648555,0.031443053111926154,0.403
5.486220836639404,0.119697000205294,-0.023413714852189852,-0.17542380141170089,0.1352041293749942,0.403
5.4963812828063965,-0.5153817826446492,0.04976939771465458,-0.14988417144586133,0.08010741429466925,0.405
5.506699800491333,-0.11577169161243529,0.06804092688485841,-0.26538309967993773,-0.0034150899546055297,0.405
5.516871929168701,-0.37364822287168237,0.02572133286519366,-0.237853245465957,0.07093538420597906,0.405
5.527026653289795,0.05800868395705714,-0.44579397836607404,-0.21363745683444255,-0.010351445484409506,0.405
5.537190198898315,-0.3641144294443478,-0.23768203515949804,-0.15069115553740137,0.07989540578941551,0.405
5.547341346740723,-0.4790811942413713,-0.06394053480198195,-0.1386349513244058,0.039579592971905275,0.405
5.557530641555786,-0.47757010707742575,-0.26499540411232325,-0.1386349513244058,0.039579592971905275,0.401
5.567704916000366,0.9633123194771737,-0.42405638336714824,-0.2895867457159563,0.09633720213397282,0.401
5.577866077423096,0.3837123463204948,1.0034849452018548,-0.17466753638464788,0.045567051571627895,0.401
5.588057994842529,0.2783666353526596,0.9940424188446664,-0.2441411430124775,-0.019214675040613603,0.401
5.598241329193115,-0.03518866320193692,-0.016989848809133366,-0.2791031487978704,0.059022009787861505,0.406
5.608400821685791,-0.03729554705756387,0.02509024447772695,-0.1982931899738729,0.06439824574184017,0.406
5.61870551109314,-0.4563724246725796,-0.001654850472197871,-0.2531775409027196,0.008538944903553846,0.406
5.628859996795654,0.08826193552915156,0.028904268545969586,-0.21983153649165738,0.07202556709687807,0.406
5.6390228271484375,-0.407335170633158,-0.14245508768399007,-0.1738881541731412,0.12929537312136005,0.406
5.649176120758057,-0.007715499226024084,0.09579668899009089,-0.20535321515505986,0.03854314860976582,0.403
5.65933084487915,-0.2657629067254153,-0.37600223556915924,-0.29456334565971776,0.06966453198348806,0.403
5.669537544250488,0.11162037390001892,1.6256625653587777,-0.2575291325437187,0.09890032300157235,0.403
5.679725646972656,0.17973541149196656,0.4351135653264754,-0.2570526293640581,0.011769840305459401,0.403
5.689890384674072,0.08828331502587503,0.6141803002175568,-0.26047391490268357,0.030112591722176955,0.407
5.700043678283691,0.023439347489224827,-3.850964063459918,-0.17551421744741647,0.07410193522850989,0.407
5.710210561752319,1.5914699647931274,4.006824063886631,-0.25071882596336725,0.012738625960337886,0.407
5.720362663269043,-4.931610524409528,-0.3582650187753723,-0.29090344336466967,0.00926620475051975,0.407
5.730660676956177,-0.33577087657415494,0.02775144308024126,-0.17193814959081816,0.012024105889660772,0.407
5.740820646286011,-0.033166029931855134,0.05771861672176053,-0.15004653942565854,-0.04746397462357632,0.407
5.7509684562683105,0.033279246423488715,0.05243705040300567,-0.205825474658878,0.016521975085122254,0.401
5.761119604110718,-0.002413566038844808,0.04162835507514794,-0.2679905554433283,0.0740751676543234,0.401
5.771265983581543,0.0022388279625441742,0.8581747313555049,-0.17139583589990884,0.04522893276052836,0.401
5.781423568725586,-0.019288703842239678,0.23952759620849173,-0.1423435044017139,-0.0738715576188814,0.401
5.791593790054321,0.20961338313762679,0.05767648902053395,-0.18168044318718368,-0.07265320474175706,0.408
5.801738500595093,-0.30731018939583904,0.04376556097218131,-0.24026090565483124,-0.005479525327719205,0.408
5.811890363693237,0.28589607870164413,0.03821166666204151,-0.22510403820760894,0.02721886476794924,0.408
5.8220436573028564,-0.16075238050763074,1.2984956995367254,-0.1951440630671943,0.0010226437156222318,0.408
5.832216024398804,0.8185255375028634,-4.400631321088744,-0.23545687341929103,-0.0893955442640767,0.408
5.842407941818237,-1.3437886513094177,3.256381319958435,-0.15411983308295196,-0.07547379948387745,0.408
5.85260272026062,1.183766240146515,2.0248103146187195,-0.15844287884242392,-0.008539160425278872,0.408
5.862758636474609,-0.05678710723579131,-0.07462805944305402,-0.23570310947797268,-0.042922951165648655,0.408
5.87291693687439,-0.09270648389085531,-0.07456587562993582,-0.23020712261716386,-0.0542370785862012,0.408
5.883065700531006,-0.08454171456816349,-0.22638152246754506,-0.12750535925987852,-0.018707750109739532,0.408
5.8932108879089355,0.24892791382791923,0.026342570239740924,-0.08040572366097636,0.025127883521202626,0.4
5.903355121612549,-0.08797717030038467,0.11571244540184279,-0.154725826212155,-0.0141675149468585,0.4
5.913554668426514,-0.040427460997944906,0.09760016155438878,-0.28872150444608063,-0.008924767964387223,0.4
5.923722982406616,-0.14909193482391364,0.8178449237348124,-0.20550563903631436,0.017797325312263176,0.4
5.933887958526611,0.23558271386758514,-2.583050461754257,-0.14367125054076335,-0.06618928955116651,0.4
5.944037437438965,0.343404133716525,0.8793259481761397,-0.09499598396749881,-0.06552471316954933,0.4
5.9541850090026855,-0.14288269964874045,2.223544360961372,-0.11661215230408092,-0.0768396073707338,0.404
5.9643378257751465,-0.10083974792584383,-0.03638276256033002,-0.10419491505570892,-0.005028986443774225,0.404
5.974527835845947,-0.7587792248347702,1.7722579957278923,-0.14328998947946936,-0.01622652013888551,0.404
5.984679222106934,-0.04817666489090426,0.01088621991145524,-0.11143703969426647,-0.09965091843237071,0.404
5.994825839996338,0.0019449688616094073,-0.001972972334541836,-0.12175706496365538,0.019192318356706387,0.404
6.004970073699951,0.13090152394004007,-0.16681015161642332,0.013082066027263646,0.007513198349332867,0.404
6.015121936798096,-0.08431473030844006,0.0605741563281498,-0.05914836250102502,-0.0617497871988493,0.404
6.025286436080933,0.40754178943730995,-0.1199311868905716,-0.10522355604034758,-0.03695867675451513,0.404
6.035462856292725,-0.037047542466332906,0.05922528201879378,-0.06919481306484668,-0.01309305086188306,0.404
6.0456507205963135,0.16548053755526837,0.5957744658136949,0.03443539663372493,-0.14610227453079713,0.404
6.055800199508667,-0.035546111672107916,-0.6126662815960602,0.03443539663372493,-0.14610227453079713,0.4
6.065953016281128,-0.07059120994086168,0.5878020053404648,0.050085957944319054,-0.033410750352351776,0.4
6.076110363006592,-0.6754844733366008,2.6038429938841117,0.050085957944319054,-0.033410750352351776,0.4
6.086270570755005,-0.3374237975098375,-0.05085033842345728,0.03404357647059014,-0.027516103387979482,0.4
6.096460819244385,0.033719388547666825,0.08063955083123235,0.05106372672620684,0.07519312899480707,0.405
6.106667518615723,0.4350182158964338,0.08063915941632643,0.05641102836783961,0.07962504641252725,0.405
6.11684250831604,-0.05942664130331026,0.12654025882682737,0.04510628330576043,-0.053802315941028696,0.405
6.126996278762817,0.4031820633994465,-0.0577229235344324,0.006525563695468813,-0.06751498169283757,0.405
6.137162685394287,0.06629095760120861,-0.13338572122321815,0.0389988556553406,0.025809772066015618,0.405
6.1473517417907715,0.050625554228029744,0.003501766581503341,0.028309334657723784,-0.08910093601040205,0.405
6.157511472702026,0.050625554228029744,-0.3996845388344562,0.028309334657723784,-0.08910093601040205,0.401
6.167671203613281,-0.24719827765607147,-0.045293760959784976,0.03339378203734814,-0.08594232653879916,0.401
6.177822828292847,-0.0731512168569376,-0.23170772028663605,0.03528335947323269,-0.13276741417132645,0.401
6.187970876693726,0.01991385683504408,-0.20311760004981116,-0.036473525310418385,-0.09218377590212709,0.401
6.198119163513184,1.5937655602095273,-4.068975050208034,0.050206308541992414,-0.01152830544297298,0.399
6.208267450332642,1.5938109640545972,-4.069090968833323,0.048170445669074774,-0.02763615515045481,0.399
6.218421936035156,-0.10007096871752774,-0.27105576336783593,0.004179756505807552,-0.020237702879088715,0.399
6.228718519210815,-0.02213024906239303,-0.255583291704823,0.10020888080469031,-0.08145568418338558,0.399
6.23887825012207,0.009156326063376451,-0.0818649623733612,0.11396662746042345,-0.15391934865877493,0.399
6.249030113220215,0.024093003700942476,-0.38562173173736125,0.029971798943648195,-0.05746757057560144,0.395
6.259179592132568,-0.06908126394203533,-0.37416721445447937,0.022865454249529578,-0.016051015222130066,0.395
6.269331932067871,-0.1566646685018498,-0.17619034696770425,0.006458605847741557,-0.007765361028417628,0.395
6.2794928550720215,-0.19088423389718964,-0.9611775150728087,0.013245735571653254,-0.04023177992794434,0.395
6.289643287658691,0.35249381237579075,0.2227324190981287,0.044233250429402765,0.03197462147166383,0.395
6.299790620803833,0.25914725806343,-1.7405933812514092,0.06702682321943955,0.04257387734616912,0.395
6.3099365234375,0.2920535794153424,-0.4496966137466799,0.08672830355673072,0.015901044795958746,0.395
6.320095539093018,0.5070979407223337,-0.43410668389943224,0.044784674363304175,0.029192157718959624,0.395
6.33024787902832,-0.47420148557812036,-0.5876799721430217,-0.13642368763276486,0.02936340701270137,0.395
6.340411424636841,0.2734248528510652,-0.5310406400715029,-0.13054598076333085,0.07804732729053729,0.395
6.350694894790649,-0.29794371302519934,-0.4542260790387507,-0.24000600455327945,0.06904519570830778,0.397
6.360884666442871,-0.032188028160991464,-0.07029845647485525,-0.18382324754384527,0.11273375206303585,0.397
6.371051549911499,0.03543864729379752,-0.04253110240230026,-0.2948699503606024,0.1373563726514308,0.397
6.381213426589966,0.029460957464627697,-0.5260625344181439,-0.3579730071447599,0.06663339891529538,0.397
6.391556024551392,-0.2681683926690007,-0.13886335320904183,-0.5421250398182692,0.10512941610333429,0.399
6.4018073081970215,0.03882653378187897,-0.48056835806857656,-0.48835464263470696,0.19445034499721686,0.399
6.411974191665649,0.029092173924911133,-0.34468574179547196,-0.5852440772612261,0.15018781853566066,0.399
6.422148704528809,0.32945105694992927,-0.34993264284811815,-0.7584203067835146,0.12327073846276966,0.399
6.432314395904541,-0.06513232550925743,-0.5643478132360696,-0.7934666705383577,0.15767521781667157,0.399
6.442479848861694,0.23286314235668254,-0.07902839420246976,-0.7230649558602252,0.17734840655745154,0.399
6.452759742736816,-0.21550793613478195,-0.07347677551680123,-0.6923138774807635,0.14854014509411925,0.403
6.462926387786865,0.07097648476281956,-0.275537524934874,-0.8873152935987422,0.1348191368649777,0.403
6.473097562789917,0.02599764758010379,-0.037825716089287253,-0.8313943115492146,0.14626959228171443,0.403
6.483260631561279,0.0003171994165325406,-0.44404802267086063,-0.7318353447532235,0.19768654281325104,0.403
6.493424892425537,-0.18397992836696292,-0.18724319715912607,-0.8662446917163801,0.15961334948479844,0.402
6.503608226776123,0.17301765804011499,-0.027640668964210656,-0.8644677532554268,0.12103659026644102,0.402
6.513769865036011,0.6984379820407083,-0.11302480553587935,-0.8113097835729542,0.22658491013994236,0.402
6.523952484130859,0.1641307745541358,-0.2667188142859049,-0.762196151864645,0.21590503020508653,0.402
6.534125328063965,0.4949306901815078,-0.30427031047683134,-0.7405587521966757,0.14848737094072859,0.402
6.544327259063721,0.3425858334459348,-0.09118455405184535,-0.8232949317617726,0.08439641841854545,0.402
6.554494380950928,0.10598776478291887,-0.1097496091246455,-0.8358694319123697,0.1611807307313377,0.403
6.564676523208618,0.583657797494621,-0.4558330979275954,-0.7585730995123531,0.1937464901953737,0.403
6.574844598770142,0.32146953492834385,-0.06831846503138005,-0.7288862088079493,0.18295557484168395,0.403
6.585005521774292,0.43861358028973085,-0.23660196705695843,-0.8472624170881963,0.16486918452445223,0.403
6.595170736312866,0.15192316378848744,-0.069440274398926,-0.8488709089004629,0.19120737647127842,0.407
6.605361223220825,0.2660593439650293,-0.20962249436707703,-0.8041796384206487,0.2088452481780313,0.407
6.615755319595337,0.8131604421157883,0.050540457038903225,-0.9027984425726923,0.19725339682370874,0.407
6.625955581665039,0.40996600264659966,-0.013597834467506106,-0.7576727525227613,0.2211330559168369,0.407
6.636137008666992,0.8791223652450147,-0.1745162888277748,-0.7784528581885239,0.17615029893340253,0.407
6.646299600601196,0.07484640724612672,-0.07841802052424847,-0.7831030060381708,0.12115749444407387,0.407
6.656469345092773,0.4210499290350656,0.016377298864300182,-0.8252068817602148,0.19142448553488864,0.401
6.66667914390564,0.9569560294245467,-0.034896078208478294,-0.7582750759325464,0.14275182282098928,0.401
6.676860332489014,-0.1602067776545234,0.013905669265340965,-0.7444789920901587,0.18786020172865917,0.401
6.687040328979492,1.0497773688493217,0.013900052791028385,-0.68800713097955,0.19467218385487373,0.401
6.697207450866699,-0.01353725276640921,0.0030014446862834773,-0.7898768539522348,0.11038197531231345,0.399
6.707371234893799,-0.013260276058478758,0.002998786519420955,-0.6506815166378356,0.1031691077517289,0.399
6.717618227005005,0.40509957201370383,0.028010962979503888,-0.7514282259131047,0.1379829884558676,0.399
6.727801322937012,0.7044347535275061,0.03881379554442754,-0.6026555590147129,0.10262401163502502,0.399
6.737968921661377,1.0171230378306426,0.03842745466279238,-0.45348532992771806,0.1456423654380546,0.399
6.748129844665527,0.9398807229431992,0.022931105332470905,-0.336062735029046,0.18629595143001665,0.399
6.758291006088257,0.6255150607131682,0.045412752455339156,-0.45541941194054936,0.1120394553894867,0.401
6.768454313278198,0.6576518444863106,0.043983891439243285,-0.5015789092073328,0.07634761922552732,0.401
6.778665542602539,0.48584933457628254,0.22702534864727444,-0.4597200899299554,0.1607221466265108,0.401
6.788828372955322,1.0461596034423952,0.011266366040313587,-0.3431702450688865,0.20746643210755017,0.4
6.798990488052368,0.4121608712380919,-0.006891952636762279,-0.41718035587778074,0.1946882935271686,0.4
6.809150695800781,0.4122292005001714,-0.006891196482037589,-0.3856305767083477,0.19124341367954087,0.4
6.819314479827881,0.602637621080919,-0.008698752128121818,-0.41926078102374675,0.0827383099094367,0.4
6.829487323760986,0.44413106516903245,0.044073736988201745,-0.31990935553537636,0.13639662803635702,0.4
6.8396711349487305,1.186938988432558,0.03214875361476173,-0.37669804291400455,0.13454976796602197,0.4
6.849831581115723,0.2272840358485149,0.03175033648955933,-0.42636773857310273,0.06925025426922946,0.398
6.860002040863037,1.0056615709494707,0.05599168475228497,-0.3812234553973888,0.1692538597289832,0.398
6.870208740234375,0.33981830186646095,0.0607771151117571,-0.21193840417794524,0.17689804420137722,0.398
6.880394697189331,0.6637792650748794,0.024417072012893875,-0.22706092809127223,0.10813386721035655,0.398
6.8905930519104,1.0272723514871505,0.1959182118628291,-0.2529685102365309,0.1181731876986041,0.395
6.900776386260986,0.42884913761779236,0.009417039637307698,-0.20507158481103482,0.13370172543238493,0.395
6.910942792892456,1.1837314991287176,-0.0031928860870717706,-0.1365022912750412,0.1294663998712431,0.395
6.921109437942505,0.49521428783232335,0.021323560066129284,-0.18368433728732986,0.09066884920220306,0.395
6.931284666061401,0.5227298765186495,0.03180931332745847,-0.1489251736413136,0.11822549548567207,0.395
6.941451072692871,1.2671280938684804,0.04061179928809471,-0.08087768182992691,0.1358070154633437,0.395
6.951734781265259,0.4528509303299843,0.05528313974285345,0.023620446797459047,0.1389903746818492,0.396
6.961893320083618,1.124927828414078,0.26465981837905933,-0.00937220731955311,0.06989186435605407,0.396
6.972061395645142,0.8633373099071574,0.05500770915889974,-0.12167646365358278,0.09977746181777347,0.396
6.982227802276611,0.33447285178240327,0.07636065604337847,-0.10869816300709018,0.13537154163207094,0.396
6.992393970489502,1.2393255447624065,0.25335059602490634,-0.006393823845907351,0.05571561765827897,0.396
7.002564907073975,0.32948911957166227,0.039371754238888085,-0.06526057569944024,0.029199144499312824,0.396
7.012730360031128,0.3396893961156646,0.24455799736430783,-0.08726811576980684,0.10146216315188542,0.396
7.0229387283325195,1.154339892902995,0.23720776954980796,-0.019441629375529828,0.10228247808913671,0.396
7.033103704452515,0.5892046363321849,-0.009885276533417057,-0.021545190383305192,0.016469450142946818,0.396
7.04326868057251,0.7600630820021453,0.029113403218539887,-0.02564171875679295,0.02351455747214225,0.396
7.053431034088135,0.818486365036008,0.0462275719266442,0.030730634752127492,0.05156736626847392,0.392
7.063829183578491,0.33598023373371955,0.07842799326375689,0.024613523360860232,-0.040583899296733464,0.392
7.074100494384766,0.9629493765432413,0.0758491537129089,-0.05051911186581793,-0.015588335153292044,0.392
7.08426833152771,0.09309657333165124,0.5078146138545055,0.002121014822883599,0.07366339076835911,0.392
7.094437122344971,1.1877394511140398,0.47637809762819894,-0.0383717008345907,0.005502755633324004,0.394
7.1047446727752686,0.6740400574575673,0.06900385746506334,-0.02118581722226462,-0.015363146432668142,0.394
7.1149396896362305,0.4713130863714789,-0.19069095460478913,0.11100553149004841,0.03761913237745755,0.394
7.125166893005371,0.9752582093985726,0.19460868721548266,0.0857597959631117,0.09363124050937796,0.394
7.135363817214966,0.503149922442727,-0.07285559954040308,0.04346535862321174,-0.022072620675283115,0.394
7.1456005573272705,0.7254121180905652,0.019755957258221473,-0.02930113159684669,0.0007290071391402551,0.394
7.155785799026489,0.8100177232396655,0.03987064064606397,0.08223909822444793,0.05220759685697102,0.396
7.165951728820801,0.34504380318684613,0.08453452032335869,0.04578894125186964,0.014331910284040038,0.396
7.176122665405273,1.1403398242690967,0.21542419049489653,-0.00836863179465512,0.09694117215413149,0.396
7.186286449432373,0.06701068963449713,0.036814568670640396,-0.030485884907945,-0.005908493568149924,0.396
7.196449041366577,1.0745840605543804,0.23832924285461707,-0.030485884907945,-0.005908493568149924,0.392
7.206634998321533,0.45384876237738436,0.0428278948800517,-0.05062364259652833,-0.01727683429370113,0.392
7.21683669090271,0.7011045255787296,0.009486434978994764,0.006151570544402657,0.02713675053484399,0.392
7.227003812789917,0.8880209058445647,-0.0170316923814324,-0.0031159735848829487,0.02746144228833608,0.392
7.23716926574707,0.632236147272467,-0.02822190547709961,-0.007854340568847068,-0.009034040166815242,0.392
7.247332334518433,0.6207019198450953,0.22964151489648693,0.013247727293459983,-0.09850445893444873,0.392
7.25749659538269,0.6206310218330519,0.028139911601050338,0.013247727293459983,-0.09850445893444873,0.388
7.2676777839660645,0.9368287934234008,0.2520644718919068,-0.02452007985392647,0.006107391039689797,0.388
7.277880907058716,0.20528091091748757,0.012500209237738867,-0.03776041799114279,0.024359312974684313,0.388
7.2880425453186035,0.6396876000614435,0.007196623449717471,0.011099239167450287,-0.009798797985181948,0.392
7.298202991485596,0.913418120645093,-0.029029815869281515,-0.07702485964271533,-0.09872623351508993,0.392
7.308363914489746,0.913387402898511,-0.029030342694607306,-0.05015335710940784,-0.10261108346846921,0.392
7.3186094760894775,1.1660571986720203,-0.07248848433233991,0.05871899711017575,0.014659093068293425,0.392
7.328790664672852,0.6551597969752214,-0.02416150294222029,0.0016773983090883487,-0.06435615292963599,0.392
7.339044570922852,0.25334405593367215,-0.20572982532212414,-0.04085980461233543,-0.03846011701699636,0.392
7.349208831787109,1.0875247646727881,0.24196656236520012,-0.016830050145779978,0.10192144050561999,0.393
7.359375,0.4925066867767848,0.03236688502489212,0.030341819654576354,0.03886661972339756,0.393
7.369548559188843,0.7585813254771452,-0.015578619763073273,-0.03536615919056016,-0.048792575570411834,0.393
7.37975287437439,0.44082717731003607,-0.017328001687952677,-0.05035859920695279,-0.013457273125578047,0.393
7.389923572540283,0.6500520394414252,-0.015868964337928188,-0.0621910907444886,-0.08540914358410019,0.392
7.400089740753174,0.8487319181571161,-0.002909218667866771,-0.06386123914289092,-0.04813623855164021,0.392
7.41024923324585,0.2485869689429699,-0.05053278858151599,-0.014574488359363879,0.01888937356176503,0.392
7.420414686203003,0.940734603492604,-0.06252469513494172,-0.06659713079706243,-0.048705038269216835,0.392
7.430623531341553,0.21158108140841406,-0.013005370120514809,-0.07042379781204716,-0.011609056948645207,0.392
7.440807342529297,0.6762790213457898,-0.024101581415116893,-0.03118971356881142,0.048188923290970784,0.392
7.450969934463501,1.1928138597808116,-0.034126923433237824,-0.08815855573720548,-0.009159863080879006,0.395
7.461145639419556,0.3739897500983283,-0.041396645749274624,-0.03234154024124134,0.027762135184329344,0.395
7.47131085395813,0.8391046995312912,0.008098451081982948,-0.017962909237206767,0.0011725876383107542,0.395
7.481475114822388,0.2521198582709815,0.058111380075197006,-0.06751158791862258,-0.020190805494783817,0.395
7.491765737533569,0.3104738115087335,0.06113707864544969,-0.08335034440455297,-0.037352135301413396,0.39
7.501917123794556,1.014930314386633,0.21315201235927556,-0.14936977914426328,-0.07506919384607125,0.39
7.512065172195435,0.6081549338260048,-0.05125623627611187,-0.07977553905774638,-0.062272909301115495,0.39
7.522226333618164,0.8898951753671668,-0.019897382312402727,-0.0021182460055760646,-0.026591035105264074,0.39
7.5323805809021,0.6429303237413178,-0.30426897146174325,-0.013805670651774585,-0.032705935608567244,0.39
7.5426185131073,0.6069225035105076,0.02734055134804713,-0.0713115871219588,0.05249151835398724,0.39
7.552797555923462,0.47834867137168846,0.06147700972232925,-0.05977945488525203,-0.02902246654367848,0.393
7.562954902648926,0.5334590407565483,0.05080417314973569,-0.06510112215200611,-0.030509062744209,0.393
7.573113441467285,0.48755624505393336,-0.12938741219756822,-0.034795341846130826,-0.06986522794368677,0.393
7.583264589309692,0.9791633522712029,0.23541982720845403,-0.10776426413545542,-0.09768994509687584,0.393
7.593413591384888,0.34732420617938914,-0.037490197966222154,-0.10373392744119145,-0.010284778411885846,0.39
7.603575706481934,1.1130003630032141,0.004210306047820155,-0.1324327774315754,-0.008439742420751045,0.39
7.613840341567993,0.6523083017222018,-0.0003146406807751599,-0.1270231658754715,0.037795839201663496,0.39
7.624032735824585,0.2918284159936709,0.01245514221041327,-0.14242163502563976,-0.08126834459670215,0.39
7.634227275848389,1.0904027105881644,-0.01511926815763802,-0.11322771938006437,-0.0393944386110778,0.39
7.644413471221924,0.286332478348352,-0.25827320012926147,-0.11914822454609411,-0.13404424985402558,0.39
7.654605150222778,0.7808103308657252,0.15027483784628742,-0.13179779339958358,-0.03760925061043435,0.39
7.664856910705566,0.6674125590244158,0.01297211452767678,-0.1581329895812267,-0.0032742501518322822,0.39
7.675140142440796,0.46664932847890034,-0.2167446977979585,-0.1805839770623287,0.07691520010935043,0.39
7.685328483581543,0.8019598122419318,-0.015153153264997669,-0.2557575125032052,-0.00792418319190143,0.39
7.695493221282959,0.438203787879983,-0.0064832447288477755,-0.21751534514356777,-0.007125739940412674,0.39
7.705682992935181,1.0465338517714908,-0.042191243904960686,-0.1679263018045426,-0.015810889088063308,0.39
7.715846061706543,0.20494730105068942,-0.18769717215382267,-0.19136889523447692,-0.06483636355366676,0.39
7.726022720336914,0.4561578492199723,-0.1867615317105362,-0.21028432410950093,-0.07218639177771449,0.39
7.736191987991333,0.8852863356072126,0.20608705691946919,-0.11288801671379833,-0.010268338514946136,0.39
7.7463600635528564,0.683973710046801,0.004696849534566864,-0.12197111773647619,-0.004010238506683545,0.39
7.756519079208374,0.6335677393668611,-0.23193085349166054,-0.17803885108229525,0.017171336030439823,0.389
7.766704320907593,0.61566612125842,-0.019985059266951953,-0.25309504117053105,0.08529178922119722,0.389
7.7768638134002686,0.32782013316255687,0.18531041811210894,-0.23141973922278408,0.04097378506623087,0.389
7.787022590637207,0.9605237999883672,-0.008614723385612278,-0.2485976935472371,0.009430513091500298,0.389
7.797179937362671,0.3201871713192828,0.01585618919407739,-0.2578361821603642,-0.031326839065224855,0.388
7.807339668273926,1.1264527301414362,-0.18572310671998352,-0.24933221231252728,-0.03042027732197841,0.388
7.8175036907196045,0.5744105284932391,-0.051777795144704285,-0.13501335965537956,-0.032542734595417996,0.388
7.827690124511719,1.029570443580642,-0.431308569773351,-0.15366284603564143,0.011255411398010694,0.388
7.837857723236084,0.3878347511409083,0.01667584255945796,-0.1902961822387228,-0.025576314759427395,0.388
7.848017454147339,0.637856020697777,0.014192783510486114,-0.25441722618365153,-0.008233455251798758,0.386
7.858176231384277,0.7370551611505676,0.007501806918836608,-0.24501741056671886,-0.033277674746001545,0.386
7.868338346481323,0.6088727016799331,-0.04071336549514774,-0.27007394536325857,-0.1129557269610714,0.386
7.878502130508423,1.0013924058452583,-0.2811977884664648,-0.2094008301826158,-0.01145061288670152,0.386
7.8887107372283936,0.6392764934848421,-0.25112350734166233,-0.18206155233259796,-0.026367979038224826,0.383
7.8988776206970215,0.5386205138835369,-0.022566008135320878,-0.16735524162116236,0.0034670911247835796,0.383
7.909037828445435,0.506715310109748,0.011472385489256734,-0.12051311679236748,0.0600394976921662,0.383
7.9192118644714355,0.43108246234216097,-0.376558228552016,-0.16780824994743115,0.029097102338982404,0.383
7.92937445640564,1.2042543111780664,-0.03528469352012881,-0.2661386449884412,0.07662662777543773,0.383
7.9395432472229,0.6385975576915487,-0.07753190488407936,-0.2582617821293234,0.04629751344643513,0.383
7.949702739715576,0.23859548944391587,-0.2484429010235252,-0.2166738842916714,-0.04668171492450497,0.389
7.9598588943481445,1.1710879551109212,0.008294346722139684,-0.12748688738741845,-0.03242678434925493,0.389
7.970018625259399,0.6229973349174995,-0.013457692135603362,-0.1503916534110174,-0.05757455851089934,0.389
7.980175971984863,0.7255132514075476,-0.24019986285311495,-0.12723546137942338,-0.040196230907425204,0.389
7.990330457687378,0.5999851891769136,-0.25482721246249407,-0.10028673824753309,0.010818471848658527,0.392
8.000483512878418,0.31158025513919585,-0.07355436759176502,-0.07127066717961611,-0.003456138409412458,0.392
8.010642766952515,0.9612459132136768,-0.03630269556499055,-0.11516465811547191,0.05943217947454827,0.392
8.02080512046814,0.31643536342102685,-0.42862062294207925,-0.13410198474243512,0.02402130176100873,0.392
8.030961990356445,1.227074194455161,-0.013370367494647326,-0.17418583229219203,0.008551081648446573,0.392
8.04112195968628,0.6621904620801439,0.0071470141717462875,-0.1219649509072161,0.059333782153692706,0.392
8.051277875900269,0.3801991593782777,-0.024421867503487897,-0.14290166370777008,0.06117934134677329,0.387
8.061442136764526,0.8261178495328969,-0.1883573558474426,-0.15523722980058086,0.10564447146628014,0.387
8.071638584136963,0.4145613344061982,-0.027149243845520383,-0.14449862827347393,0.06779979419133475,0.387
8.081800937652588,0.9742246450973931,-0.030029778261265926,-0.20836020043567405,0.061621777295434485,0.387
8.09196138381958,0.3960101083474974,-0.20210733509895137,-0.13365387686306435,0.06318233683668244,0.393
8.102122068405151,0.33367221359978094,-0.007993146587959932,-0.10519373685311528,0.022499743375672836,0.393
8.112278699874878,0.9897725924022897,-0.04276231653946373,-0.16891218808734332,0.1041409173730157,0.393
8.122450590133667,0.5956562575184855,-0.2079089295735778,-0.1732762628556283,0.09645415829278882,0.393
8.132678031921387,0.38751572052609395,0.012649659553557178,-0.16585713947144393,0.043684995975922514,0.393
8.142897129058838,1.1938563099961212,-0.23344276856922425,-0.08754881612624826,0.042183787498805435,0.393
8.153090238571167,0.6096675373868624,0.049194114185699904,-0.13557863801823183,-0.0011531987598404278,0.391
8.163264751434326,0.827311391092199,-0.15435398226032437,-0.18383852372169127,0.11574327279806573,0.391
8.173442840576172,0.3448731276529938,-0.015245128032560723,-0.1569766685343366,0.06074557393200018,0.391
8.183644771575928,0.7982280219839052,-0.17747368414171408,-0.12319994710112672,0.059275192520795675,0.391
8.193808794021606,0.8486524116837335,-0.02656795342931771,-0.05652985353482238,0.10566122786857268,0.392
8.20396876335144,0.3772794353711165,-0.24871857684749094,-0.14292936418709493,0.05561053642659217,0.392
8.214126825332642,0.7470241203731867,-0.2533314730942068,-0.17478076955453292,0.14299248129456804,0.392
8.224302053451538,0.51398566051055,0.04053210990996566,-0.13494508324726243,0.07069267573370468,0.392
8.234464883804321,0.7814034280392022,0.04330553189995814,-0.1517527931189914,0.0013447127439343842,0.392
8.244647741317749,0.8647712589836136,0.019561432983044396,-0.07023543164422813,0.01962807483531432,0.392
8.254859924316406,0.47989800667561094,-0.2584780866791275,-0.07986974486332554,-0.0058997815545645815,0.389
8.265022277832031,0.6829056530791082,-0.05107282781842023,-0.10464578287509388,0.021707387020555892,0.389
8.275186538696289,0.380159720768823,-0.26560444318129006,-0.039758586774182106,0.020174939880483685,0.389
8.285345077514648,0.6976665139102453,-0.18952225249959706,-0.04937720990020211,0.03827876273988628,0.389
8.29550313949585,0.7018257778962728,-0.17004361033203852,-0.06653184252939784,0.057422737076999714,0.396
8.305680274963379,0.16960310834933512,0.05242736140794061,-0.02660014933076565,0.04161568783292254,0.396
8.315897226333618,1.608113950915221,-0.07488028715519812,-0.1230737470045203,0.051156586195308454,0.396
8.326067686080933,0.5231818763111676,-0.07995140002774397,0.029129528510431074,0.04911377986613594,0.396
8.33623456954956,0.6629317314870606,-0.0840419860505204,0.030898769796631406,0.011814345791029371,0.396
8.346394777297974,0.6687588289952843,-0.4773235067327479,-0.12702748939636802,0.07251510227948166,0.396
8.3565514087677,0.6689717422089415,-0.07420782220826672,-0.12702748939636802,0.07251510227948166,0.391
8.366952657699585,0.7959834037719248,-0.14872074921925782,-0.0007073546394077024,0.030696850460780523,0.391
8.3771231174469,0.5047264759701954,0.03163889700285586,-0.12945277290199111,0.07775578316228879,0.391
8.387285947799683,0.4207724004229752,-0.19629139125835773,-0.1109408189649418,0.1570394960122565,0.391
8.39748477935791,0.6976406112360058,-0.03511142289787161,-0.038349799696896114,0.08174914212626216,0.391
8.407666683197021,0.698641386292715,-0.03511138762061238,-0.04925069273298742,0.07846011755035592,0.391
8.417833805084229,0.8603510082965738,-0.44874404693381775,0.011685961599184084,0.1005796504988341,0.391
8.428000688552856,0.6149146896550706,0.004001047470711631,-0.011711140160910802,0.02851058974442777,0.391
8.4381685256958,0.6240857751368138,-0.26492524161989534,-0.12227284780182687,0.013101139439278854,0.391
8.448327541351318,0.4127083960761244,-0.0551177728237002,-0.10523173929724655,0.11081215267441774,0.393
8.458485126495361,0.698936632487627,-0.4246073676964487,-0.00767858525796063,0.07006146282776228,0.393
8.468653202056885,0.7046425828218171,-0.2346042310792274,-0.09088911157534708,0.03610380759593439,0.393
8.478870630264282,0.5359322107069104,-0.01813267721141905,-0.08327451652113801,0.09886626389668025,0.393
8.489027261734009,0.6672947541910901,-0.1761568126847435,0.0034079402687979612,0.12252938375694611,0.394
8.499181270599365,0.34212872374772074,-0.003104271064167198,-0.11457377285940801,0.05557666622684833,0.394
8.509336233139038,0.5072728942839498,0.03319185379336372,-0.17468253881003748,0.10579477110125238,0.394
8.51948881149292,1.3152195782161593,-0.062474372890312525,-0.14885343667442227,0.13876666333068965,0.394
8.52966046333313,0.24676961982922052,-0.23082846217514394,-0.010114885532331589,0.0970944925015392,0.394
8.539876699447632,0.915004388512815,-0.2535203091801496,-0.020255239979254318,0.0631267098667649,0.394
8.550036191940308,0.43537677309599804,-0.1974979921624292,-0.11975391527610563,0.12514914387676884,0.392
8.560200214385986,0.6230283045897759,-0.021424866899650546,-0.027312387773297687,0.08820895747385721,0.392
8.57036542892456,0.5344047041930411,0.052209117105210166,0.011662677749341651,0.05526974667270347,0.392
8.580531597137451,0.7511454503914878,-0.03594342543802878,-0.082802630998309,0.07573274112206302,0.392
8.590710878372192,0.23484583778096166,0.02728324815280446,-0.09165921024688709,0.12151837333778681,0.395
8.600866079330444,0.6527741198615605,-0.008828911451006255,-0.021371313326522763,0.09543332291624462,0.395
8.611022710800171,0.7082117563224184,-0.17985020905300125,-0.08147004484762559,0.06940682170949665,0.395
8.621187210083008,0.6578471136484678,-0.02042840716915623,-0.15383179395210048,0.13421769388840032,0.395
8.631348133087158,0.49705040147473284,-0.0064913477014340365,-0.10517221933895957,0.11157860181595672,0.395
8.641528367996216,0.8585557114931179,-0.1823429465429914,-0.08172708345481983,0.05976533781621744,0.395
8.651726722717285,0.22077110098591882,-0.028914007496721135,-0.1496196775850938,0.034818532696902396,0.398
8.661917448043823,0.7145768537176824,-0.04334813794125492,-0.0856524564082575,0.1745375801564922,0.398
8.672126531600952,0.8177388973282257,-0.027200165801830312,-0.16604255195304604,0.1303133863427996,0.398
8.682313203811646,0.2994678958839443,-0.19835923463754887,-0.13473661393622585,0.13261682987803255,0.398
8.6924889087677,0.12067752078370074,0.0077269911083130095,-0.07188557516798734,0.09513075000126031,0.396
8.702707529067993,0.8752455588889149,0.04539229198504065,-0.12676001439535475,0.048201381511900995,0.396
8.712925672531128,0.4397255060232868,-0.011098749420431733,-0.21227602472798193,0.008990691322635191,0.396
8.723100185394287,0.9582680504818131,-0.07354909899772338,-0.044278691792491894,0.025379525369903892,0.396
8.733264446258545,0.669643646220595,-0.28451425327829655,-0.0519667930011516,0.054435973021545014,0.396
8.74344253540039,0.06890603684254953,-0.014276110513319465,-0.11617425324019076,0.12997484426767641,0.396
8.753656387329102,1.3705897854839715,0.0265067863736677,-0.13805898088977847,0.12973646573362235,0.396
8.763855934143066,0.18151934842637946,0.04260998182023395,-0.0700047940071177,0.16163398385326833,0.396
8.774019002914429,0.5534043323031879,0.04175162571993359,-0.05630002932126352,0.038396377493259526,0.396
8.784177780151367,0.7368519458442969,0.014759000420163945,-0.10128756043050158,-0.004682393282956734,0.396
8.794333934783936,0.47712014779699,0.03726252368083433,-0.08048257100918162,0.06233873310699243,0.393
8.804489135742188,0.382213731559624,-0.16509136925440498,-0.11718580648637304,0.016040242761985533,0.393
8.814670324325562,0.48210524569262236,-0.013770869089065246,-0.1770010936782116,0.051662540297970495,0.393
8.824834108352661,1.051724469147255,0.008550370389486445,-0.17572503918969296,0.1435099967985766,0.393
8.8349928855896,0.43873565107817963,0.030822380023208664,-0.07206101316661404,0.14164541260797098,0.393
8.845157861709595,0.33698523720779444,0.02403737668744918,-0.11538142395018011,0.0002588108861000249,0.393
8.855316877365112,1.0358395445270938,0.004541094980174858,-0.16863683738259538,-0.020935441986883976,0.394
8.865474224090576,0.48486911270481936,0.0069888078024552555,-0.1464631783837178,0.09711061541264929,0.394
8.87571930885315,0.4874096186942969,-0.19809339557707273,-0.12818241682776046,0.06850565571043825,0.394
8.885878562927246,0.333025244343377,0.019250703621218834,-0.16167303481000614,0.09663570021971679,0.394
8.896039724349976,0.194545093211341,-0.16951180382779935,-0.10740695465200223,0.1483713542583804,0.393
8.906230926513672,0.5946492857092734,0.23298592992050696,-0.05473960554607112,0.14644678641305411,0.393
8.916404724121094,0.525398234385323,-0.04798772224593086,-0.1461246182805535,0.01340777716919797,0.393
8.926589012145996,1.1233311066718823,-0.06437052861827992,-0.0727673160699929,0.016005955368141037,0.393
8.936760902404785,0.2931666246303989,-0.06528445935827291,-0.05175852325745986,0.08123621538675463,0.393
8.946923732757568,0.3950779800656555,0.02348364824898229,-0.14299223447123274,0.11500393088624397,0.393
8.957083463668823,1.3745804430961048,0.022503924487973042,-0.13778573364883542,0.15976303850053558,0.396
8.967243194580078,0.5605986116818743,-0.13244070662917523,-0.01595732585155104,0.12815212591195985,0.396
8.97740912437439,0.13053919001197978,-0.008105497067197195,-0.03639884044808577,0.07398737757929327,0.396
8.98756718635559,0.8608963138795572,0.0009387392659808843,-0.12243377768827682,0.07835700561195269,0.396
8.997726440429688,0.8342148168151714,0.03356789167252371,-0.09888355827444043,0.09146598279584779,0.395
9.00788402557373,0.8018857395619441,0.019153457739359024,-0.06759149523385273,0.10344712984419366,0.395
9.018038034439087,0.672807859343694,0.01654895626452397,-0.08148826815198867,0.09712447520439836,0.395
9.028196334838867,1.2856112127216328,0.033313813807832354,-0.18928055742695504,0.07073656928325535,0.395
9.03835678100586,0.2111188065847213,-0.004553539423937502,-0.18598091925717097,0.11804200969758237,0.395
9.048511743545532,0.8531910319094084,-0.25368949266630825,-0.08801250515964591,0.0493951928211896,0.397
9.058700323104858,0.22582223002556379,-0.039524638678135826,-0.0792008218651809,0.042472140466690664,0.397
9.068862199783325,-0.023031247059695746,0.039137279897891064,-0.029453822094953563,0.09831292957511725,0.397
9.079034090042114,1.3153038119535165,0.012720867585534198,-0.027405637927253035,0.023456325661128586,0.397
9.089194774627686,0.08736812756120103,-0.016268632074123934,0.053470442227426244,-0.025492352516904425,0.396
9.09935212135315,1.3168224111348952,-0.42390171751264705,0.042127367294409426,0.05109982228473799,0.396
9.109509706497192,-0.061940448239185424,-0.036131940235810185,0.16843437748410117,0.128151525665127,0.396
9.119681119918823,0.673005232963065,-0.11023226080742289,0.10017940244409532,0.038418840708082234,0.396
9.129902839660645,1.0904041962252442,-0.07705994349716143,0.2681771983450164,0.03360237672550988,0.396
9.14007043838501,0.2666720942571431,-0.3130192212703863,0.3293488479342314,0.13935400059298672,0.396
9.150273323059082,0.9739562786781771,-0.06804152289552637,0.48723216366562333,0.20707687991284995,0.396
9.160473823547363,0.4407463730235091,-0.28056488511680133,0.47027520400438505,0.10643396860517343,0.396
9.170686483383179,0.24706771810970968,-0.03571296557681071,0.5374817213703875,0.14418783390534465,0.396
9.180875301361084,0.8559831038088714,0.021565012027439635,0.5878279985913979,0.16349733713015935,0.396
9.19104814529419,0.31329962276064516,0.0007936914046506699,0.6493391718561802,0.12071307099648085,0.396
9.201211929321289,0.4989429364311457,-0.00175237372734061,0.616089565146232,0.10582080119115257,0.396
9.21137261390686,0.5939307400309071,-0.027255750894335833,0.7746532808626241,0.15495815267554908,0.396
9.22153353691101,0.269309528275699,-0.015297997825705786,0.7627861203898089,0.14138857667127128,0.396
9.231701850891113,0.7493378819153044,-0.22338058978454195,0.742108379999454,0.20327595642027746,0.396
9.241868019104004,-0.07079283656441046,0.06438667055487421,0.7361079104164701,0.15724324520055755,0.396
9.252026557922363,0.30378055522396186,0.033583858022850015,0.6818190271447757,0.10568957279586377,0.4
9.262182474136353,0.5869340793338426,0.04617442957759843,0.7519103275461884,0.10382621993657276,0.4
9.272336483001709,0.19902192656214918,0.009758767828081027,0.7232874694802023,0.045699327822091684,0.4
9.282498598098755,0.38456303319764645,0.012634656530255906,0.7912225708550317,0.02750279171205458,0.4
9.292696714401245,0.2769900064382607,-0.009529674752743722,0.8363491309804444,0.07011924592830324,0.399
9.30288553237915,0.2278598123599125,0.04151265462846889,0.8462374204725522,0.026977743044572858,0.399
9.313042640686035,0.36901556390870693,0.03026645965916789,0.8754415692639215,0.09406670625398064,0.399
9.323195695877075,0.480726855051722,0.04434592218856571,0.851173290282679,0.08153109523564071,0.399
9.333366632461548,0.3208529376262903,0.05110629110680429,0.8169409652140166,0.16778096540449017,0.399
9.343519926071167,0.2451495060958974,0.5145911466102562,0.8130195502551042,0.1345379853243926,0.399
9.35369324684143,-0.05066802625768607,0.1274331405886092,0.7666700909669808,0.11184329806369867,0.4
9.363863468170166,0.1955068190808059,0.47430765526167995,0.7556347062577443,0.11889998137085331,0.4
9.374014377593994,0.09854361332418037,0.08725419148277093,0.6985211905958774,0.13095306954553954,0.4
9.38416862487793,-0.18687729492519867,0.05226788861697664,0.6977401508384449,0.15964542911197355,0.4
9.394328594207764,0.2700458331401071,0.04720664232556297,0.6937377416773368,0.09900242193273609,0.401
9.404494524002075,0.6361111586573998,-0.9487319880875494,0.5996411424146137,0.15554417538411291,0.401
9.414698123931885,-0.41099099221490554,1.0865717651908766,0.6613308167921869,0.08724661116963457,0.401
9.424880981445312,-0.3448677616409508,2.326246094003355,0.632338436369366,0.14850452058084124,0.401
9.435036897659302,0.2818820881174325,-0.09424923570777781,0.6699912557360469,0.1306696528212902,0.401
9.445191144943237,-0.15560957200516798,0.29534772143399524,0.5833046270573236,0.12461205086575809,0.401
9.455345630645752,0.11532447048604076,0.2936089047912297,0.5504396549145626,0.08933775415825872,0.402
9.465497970581055,0.13258239980044118,0.319030750182822,0.4432152005546861,0.14215583390440129,0.402
9.475712060928345,0.015426920456070893,0.5279502894531012,0.4847867637341766,0.13017964675717209,0.402
9.48593258857727,0.2176573961424947,0.12064100013008373,0.40218833933936765,0.13858808931020766,0.402
9.496087312698364,-0.2633620489777495,0.3364856803334575,0.45158888850202666,0.07553168391646257,0.399
9.506239175796509,0.14022851776014433,0.13461943124135287,0.4024912982250842,0.05353978853132058,0.399
9.516391515731812,-0.6960490158194987,0.1622882945156382,0.4275658952995027,0.038237107039528664,0.399
9.52656078338623,-0.15050576408602892,0.3598181488250764,0.3276735159238081,0.032799970382759655,0.399
9.53676700592041,0.2522012800246972,0.08057164536169137,0.356873598008406,-0.014690960421595546,0.399
9.546920776367188,0.35132435297957487,0.05859976164117475,0.3049458731933684,-0.09649719464880223,0.401
9.557073593139648,0.2101138879773757,0.062313943366304685,0.26472543503323764,0.009248960652141125,0.401
9.567234754562378,-0.20476025278297222,0.5325115682200229,0.20368112863210808,-0.07990442492656538,0.401
9.577524423599243,-0.00011554659585374167,0.0731513855029736,0.2693818162418606,-0.05217535730724808,0.401
9.587747812271118,-0.45629021902775835,0.06078209016652518,0.20321292459747925,-0.07465398876602929,0.4
9.597988843917847,0.3781112512843567,0.06037742786712451,0.18116056408493053,-0.04090774526078833,0.4
9.60815691947937,0.37953001368843003,0.060374863494765334,0.1441552431942656,-0.05275407740138002,0.4
9.618321418762207,0.024910236681857073,0.04385615696360112,0.19038615727896263,-0.0809712345918273,0.4
9.628491163253784,-0.13213848858699148,0.010317951388076613,0.14781569631354016,-0.012485507870845854,0.4
9.638721466064453,-0.24394067146790555,0.24602898844651785,0.10350336023349563,-0.033937730845981874,0.4
9.64894986152649,-0.022569987923440494,0.07844091029293764,0.008298164983960743,-0.059415437162247384,0.4
9.659153461456299,-0.24321371200191327,0.26572828160256523,0.02620704121714502,-0.05175927625348445,0.4
9.669372320175171,0.0853303366243296,0.08267794562994045,-0.052024012252381395,-0.16110087259783742,0.4
9.67957878112793,0.08661806206802977,0.05235709728469938,0.014552472215191077,-0.11386151549898323,0.4
9.689817190170288,-0.9567764357895828,0.05658673495294965,-0.04173640632610772,-0.1671809746495178,0.404
9.699980020523071,0.15891087787591365,0.012664871796256442,-0.07798540223062841,-0.03379808129493867,0.404
9.710140943527222,-0.2792099728044245,0.019477434127698704,-0.02923175971558458,-0.031245786779888755,0.404
9.720303297042847,0.176301873584943,0.22143562371055933,-0.018612665114921975,-0.08970418615955612,0.404
9.730481386184692,-0.08661835774500015,0.06440202093859117,-0.07116591088687343,-0.023300225494183896,0.404
9.740737676620483,-0.2521970533668819,0.4886738917365142,-0.09870645716819262,-0.11411138270601254,0.404
9.750955581665039,0.02551988198949502,0.023057216864017054,-0.1362924533502182,-0.10862864056841286,0.399
9.761119604110718,0.12284989219281545,0.05695701759473706,-0.062044240922751334,-0.07649746707199845,0.399
9.771284818649292,-0.42763704150624327,0.42389666898548145,-0.032948818290524165,-0.14690025433131532,0.399
9.781455278396606,0.4925331664918493,-0.4625983321076219,-0.17334800196098984,-0.1291018817647878,0.399
9.791620016098022,0.1191296837459738,-0.0044385664072439735,-0.1063430560235073,-0.07451382189929487,0.4
9.801924467086792,0.33386209570798914,0.6323585452836288,-0.21766923818823358,-0.09264761949711978,0.4
9.812084436416626,-0.008219128894052042,0.02917373819035888,-0.20709576700718263,-0.06834032455213483,0.4
9.822246551513672,0.1260507625697706,-1.789006909510786,-0.17016021358982872,-0.11567020062175218,0.4
9.8324134349823,0.5011406419510418,1.835822628051782,-0.21625747607579798,-0.16859495762508503,0.4
9.842579126358032,0.4088094316748561,-0.013903236915773947,-0.17445222639963257,-0.09965180794662853,0.4
9.852882146835327,-0.09055036183178838,-1.301529036900266,-0.11926373777956242,-0.14582006476409248,0.404
9.863132238388062,-0.054517394233584274,-0.7536676534162811,-0.1512091121269602,-0.1525070398327812,0.404
9.8733069896698,0.5647063028033511,4.104979054747487,-0.13761674364134466,-0.06459378296247101,0.404
9.88349986076355,-0.146940138903072,-0.08403884120787565,-0.07429743452399543,-0.015207756035186669,0.404
9.89370608329773,-0.17405218284875976,-0.2526703605254019,-0.12664829900431807,-0.05653292805179466,0.406
9.90394401550293,0.06121696371722369,-0.2746713335597728,-0.12737058767847279,-0.009086628448493811,0.406
9.914108514785767,-0.12866716492193483,0.04577968824783887,-0.10665181720832265,-0.02605420082020162,0.406
9.924304723739624,-0.0747298511291035,-0.0947994954626759,-0.07956526412690057,-0.11405512490472905,0.406
9.934499025344849,0.2711301804072235,0.0852809875509596,-0.11849334111042592,-0.02979865107352174,0.406
9.944725513458252,-0.0667122356550972,-0.13999849514565552,-0.03167946236400107,-0.050383798141989546,0.406
9.954946756362915,0.13522634729074906,0.01359514896255637,-0.1086216585835034,-0.016720443184231604,0.406
9.96515154838562,-0.05851998209177108,0.01611250477383965,-0.029573470392566727,0.00900540422241694,0.406
9.975310802459717,0.14734381206714847,0.00835172925615995,0.011356517850522017,-0.09261224651022545,0.406
9.98547911643982,-0.011117240925241825,-0.6342247668563049,0.005005425910344974,-0.11945342641958796,0.406
9.995641231536865,2.0688383229717475,0.20280603773973296,0.05696603070644536,-0.08156658346558072,0.407
10.00582242012024,-0.14016562875623093,-0.07358948237957151,-0.01144189866962312,-0.0899036079986098,0.407
10.015981912612915,-0.13897047754566733,-0.09019741166754937,-0.09856847840499819,-0.07297293518448625,0.407
10.026140689849854,0.2940656360896653,-0.7051905079410901,-0.09135613512612728,-0.10336427114950848,0.407
10.03630542755127,-0.20187928247985687,-0.13499470972852778,-0.04004116516025537,-0.049993701462016954,0.407
10.046468734741211,-0.13992326002449,-0.09684777005123262,0.051844229911807926,-0.050101768270449834,0.407
10.056630611419678,0.06160379110209819,-0.29837482117782077,0.051844229911807926,-0.050101768270449834,0.407
10.067048788070679,-0.21283486990873976,-0.2893044898361779,0.02758408415391286,-0.005525500639094731,0.407
10.077212810516357,0.058060492929298047,-0.049748071347513696,0.07878294530085632,-0.021299520333293097,0.407
10.087390899658203,0.4933988992552917,-1.0785964708268045,0.11239245902185425,-0.08495726565304716,0.406
10.097553730010986,-0.15698347900089912,-0.1416426527132389,0.06747459763367906,0.02035376260982872,0.406
10.107847213745117,-0.029775945668426212,-0.05837903821812242,0.16707705928768302,0.052954737605822935,0.406
10.118005514144897,0.30900152157529664,-0.34607131438057304,0.12472919526858225,-0.04040309581429616,0.406
10.128164529800415,-0.04339648791900456,-0.7399408920848878,0.1521366484257719,0.012541927862282483,0.406
10.138346672058105,-0.22578378128014062,-0.3542070872714243,0.22891435119326123,-0.00177092205041097,0.406
10.14855408668518,-0.4912619652200061,-0.10989531245706415,0.20578952191511085,0.014079404053243788,0.405
10.158787250518799,-0.019014672389993437,-0.0966097234091883,0.0761444485134798,0.15727026401970134,0.405
10.169042110443115,0.04832819718036598,0.577262422465005,0.1499845348124692,0.16684491134328894,0.405
10.179248332977295,0.12741115659147312,-0.07488396269772904,0.1778368073030288,0.1543281567436678,0.405
10.189491271972656,-0.1532337823429587,-0.7105952849509021,0.11290737728430497,0.024711805929095214,0.405
10.19965934753418,1.068136931976191,-2.279122383416287,0.13601123486623987,0.11129528118044996,0.405
10.209840059280396,0.08326553183542505,-0.06228997516449197,0.2638176708838042,0.14675993676689136,0.405
10.2200448513031,-0.22675188545135683,-0.2609627892374225,0.2556903875443904,0.09704026014197634,0.405
10.230207920074463,-0.18097287709386964,-0.040280798638159344,0.14467761467379842,0.14621494384781453,0.405
10.240378141403198,-0.25585642697009103,-0.08196851706230023,0.18321901525563125,0.16617727679740285,0.405
10.250541925430298,0.05662530565791706,-0.6950867309007639,0.25388186215377523,0.15231631261027512,0.408
10.260769844055176,0.05993834988407265,0.10909690486279658,0.1883125865215623,0.0677673253109759,0.408
10.270992994308472,0.019655574205645853,-0.16178719848148582,0.1723064085113794,0.1724144186767882,0.408
10.28115701675415,0.17200464109427144,-0.30584128506055863,0.19623855024953601,0.2298858713153984,0.408
10.291324138641357,0.04000906937219391,-0.4973034519264572,0.23757296568242992,0.23087256327294703,0.41
10.301488399505615,0.12828703833187363,-0.0744527878194015,0.1794890960411371,0.21014447100768543,0.41
10.311758041381836,0.03421961631221934,-0.4481874813568556,0.13697657381734307,0.1970478586672867,0.41
10.321936845779419,0.0625335223903716,0.007229860089469254,0.18548824504623732,0.20722766365783196,0.41
10.332109451293945,-0.16762452558386784,-1.3429968074079244,0.1440802201514707,0.1706796913200009,0.41
10.342272520065308,-0.1283463809438862,-0.1741804610488963,0.1082972148827619,0.21550260447429004,0.41
10.352432489395142,-0.3458322159202227,-0.0972095729675907,0.13060403758268968,0.11818100440138132,0.409
10.362592458724976,-0.17933569780674982,-0.08928899653501626,0.055228450666191614,0.06685896984213298,0.409
10.37278127670288,-0.15634337800728854,-0.27581091976558936,0.1110765296460173,0.1477247703633813,0.409
10.382991313934326,0.07801263891132253,-0.06572251546060728,0.1629026127443271,0.24977374572822347,0.409
10.393155336380005,0.02570220355453735,-0.8796905847230866,0.09231052853330292,0.2181133910814141,0.408
10.403324127197266,0.026412868640476747,-0.08988187684015875,0.0005129825706170175,0.17408601625031983,0.408
10.413487672805786,-0.1316057520493167,-0.10031003314257037,0.0429906358786914,0.2544251244175067,0.408
10.423649549484253,-1.3557738262880097,-0.07101535287611929,0.13675526079550235,0.2938979729671254,0.408
10.43384861946106,-0.286331815332235,-0.247569754158075,0.11893405628738217,0.15888473016468924,0.408
10.444027662277222,0.05528369470310079,-0.042207465892344684,0.03880201564472112,0.19680434728323865,0.408
10.45418930053711,-0.22861881091843508,-0.0423412154878225,0.06932214742710274,0.2630980489126337,0.411
10.464353322982788,0.1251726118179792,-0.41354213031018366,0.029910035782010624,0.23134802282796288,0.411
10.474517345428467,-0.3581657907155155,0.18786445332038681,-0.03715161752732897,0.19546869117020388,0.411
10.484781742095947,-0.10111995405721894,0.09116301275833105,0.03685024763158371,0.19957062976372283,0.411
10.494996786117554,-0.3016368250580244,0.492196754759942,0.03685024763158371,0.19957062976372283,0.408
10.505156755447388,-0.07211230336058438,0.09330631867071458,0.03634177847135614,0.1459568452151399,0.408
10.515316724777222,0.1092908080471615,0.49049379859620196,-0.03615531850404591,0.22848349335477877,0.408
10.525480031967163,-1.022659812622629,0.04725221531849102,-0.006407913501104867,0.19593783159992606,0.408
10.535656690597534,-0.7752146744998708,0.3086959023563695,0.06300135654278662,0.22663252151352184,0.408
10.546016216278076,-0.0976796773927856,0.25938987017223913,-0.11946850778312271,0.13864554374137392,0.408
10.556215524673462,-0.3016029721954436,0.8649481889973023,-0.11946850778312271,0.13864554374137392,0.407
10.566378593444824,0.008804149284921788,0.0706456369004038,-0.05337994267074607,0.21333811287964582,0.407
10.576541423797607,-0.093447846201824,0.5518441137267299,-0.06982693077565386,0.05888753597096777,0.407
10.586814641952515,0.21099998328091155,0.14564799721306573,-0.09616275930754344,0.0914480247418379,0.407
10.596975803375244,0.12198403134647608,0.3088525259919378,-0.09859957543807195,0.17927822616117925,0.407
10.607138633728027,0.17235547210336616,0.332893401405644,-0.1075595276408848,0.19403359237942744,0.407
10.61729884147644,0.7141800951994562,0.9275694181686699,-0.07800738024683197,0.1370770102658972,0.407
10.627472877502441,-0.15389600456157532,0.3540531591940493,-0.1261144606090697,0.01694043731901694,0.407
10.637636423110962,0.539259541727963,-0.4920785445286345,-0.126009296859458,0.08746642432339936,0.407
10.64781665802002,0.044756754552311984,0.5241756307831384,-0.13898838279056336,0.09261272583489803,0.404
10.658021688461304,-1.9773285891492218,0.9159902226102167,-0.15571015451139758,0.046728406560267666,0.404
10.668244361877441,0.03504881290556412,0.2772737898599689,-0.13476070815639357,0.03012372652159235,0.404
10.678451299667358,-0.16108384261731593,0.7030270151972888,-0.11300916215941634,0.05443657010602386,0.404
10.688659429550171,0.007680051837696309,0.12790042716856648,-0.1117867111445619,-0.01518418737907842,0.403
10.698853969573975,0.36202105958507563,0.25947062546695326,-0.196127540593338,-0.02543473655358309,0.403
10.709070444107056,0.025391458728209776,0.07046648273952447,-0.1812692218453185,-0.08178999071656265,0.403
10.71923542022705,-0.056288722442899806,0.058312649395528396,-0.11826431955880923,0.065086299469381,0.403
10.729399919509888,-0.2229550119597499,0.11326367574376969,-0.09216108675695568,0.09897201029357491,0.403
10.73957872390747,0.19331593243642042,0.09664379179191072,-0.06759689614048545,0.04292299792277918,0.403
10.749757289886475,-0.007717884068169811,0.07192536810410766,-0.10620575844088705,-0.10117377290165908,0.404
10.759936809539795,0.6041797791244347,0.09378039070818345,-0.1790831671514379,-0.1024863009668317,0.404
10.77009892463684,-0.002933093581116985,0.05983529415139695,-0.15228530398942142,-0.0379609005114783,0.404
10.780261516571045,0.05965822274276269,0.5844083167742825,-0.10084066225633022,-0.06563976628163234,0.404
10.790430545806885,-3.2195814955366555,1.4510513354918082,-0.11144082789707097,-0.10182615943963724,0.407
10.800596714019775,0.13159427591355502,-2.2043820736062197e-05,-0.11361062533450234,-0.13116834794037704,0.407
10.810806274414062,0.0960559128070106,0.04584539633688916,-0.11424144512813832,-0.1160643425410755,0.407
10.821003675460815,0.24022578577592377,0.2429120126164725,-0.08937036016963278,-0.06566558106963968,0.407
10.831169128417969,-0.06211778463329932,0.25371168703637925,-0.10802567453203485,-0.0656606068483524,0.407
10.84133791923523,0.22909336218584503,0.1148373879478928,-0.06467256541119851,-0.07948754236864292,0.407
10.851500034332275,0.3093236435828657,0.10315894969608064,-0.09619339633272318,-0.07806819673461288,0.404
10.861665725708008,0.1795832745412452,-0.18285034991114427,-0.13840577093866974,-0.05715917527326442,0.404
10.871849298477173,0.13349803279184602,0.2347494233539964,-0.0687749303635754,-0.014557912300771775,0.404
10.88205075263977,-0.7209549671861746,0.4221736989269159,-0.010664428856764385,-0.12793943157432117,0.404
10.89221739768982,0.3243619887105345,-0.3120667111024284,-0.1375552250772462,-0.16539232333185921,0.405
10.90237832069397,0.1305544887157356,0.050293121616751514,-0.18780448155689594,-0.13539891447858463,0.405
10.912541627883911,-0.08555341630051412,-0.2602916857784602,-0.11335003525064338,-0.15078980738918307,0.405
10.922774314880371,-0.43073282434309995,0.4925841079356233,-0.07803741436378964,-0.17860794347391987,0.405
10.932960033416748,0.3962402021114861,-1.1375800535112015,-0.11920399514617167,-0.18426579940326668,0.405
10.943169116973877,0.0325867876657493,-1.7240176434147645,-0.1337049319219928,-0.14101047018978258,0.405
10.953341722488403,4.279879967509212,-1.0947126916981356,-0.056187333734523226,-0.07953128472307391,0.408
10.96350646018982,-0.17029158108966438,-0.03480361908175193,-0.02839767020978086,-0.07756542887439931,0.408
10.973669052124023,0.30140072235871224,-0.08833126172945659,-0.09651129043518106,-0.19070441997880566,0.408
10.98384952545166,0.43088328758051453,-0.05580887761056033,-0.1364222036853384,-0.09523206955661823,0.408
10.994053602218628,-0.18326784233369747,-0.2785822660390151,-0.0440234601125237,-0.06741934051626194,0.403
11.00421404838562,0.2766446739259746,-0.5509964043540898,0.024290135383285505,-0.05080666650276437,0.403
11.014374494552612,0.21707332967392157,-0.3067753427996029,-0.053800301265141404,-0.06271913522612288,0.403
11.024536609649658,-0.3981220259279346,-0.13024847462665168,-0.010986031287115207,-0.01500120319955861,0.403
11.034708738327026,0.33995785913562454,-0.13677026662740413,0.05373001325023192,0.0041652823989084264,0.403
11.044879913330078,0.7975853877395236,-0.359885506532883,0.12103171802190672,-0.003610584188233276,0.403
11.055043697357178,0.2711378508349964,-0.5511744901023194,0.009504872854378373,0.005519669372004127,0.407
11.065207719802856,0.31835052181685936,-0.36631311785327714,-0.05462209555122361,0.06240549371649179,0.407
11.075375318527222,-0.08496307148787213,-0.13360641823459804,0.0412563165823936,0.02893548375116503,0.407
11.08553957939148,-0.18880235373545096,-0.5638262168284555,0.1839572208974603,0.0811886259876035,0.407
11.09570574760437,0.6607632452175277,-0.13484791930448226,0.05288314319937164,0.07515629698153284,0.403
11.106159448623657,-0.19441620986459987,-0.3792073352473036,0.06216395098717217,0.07841838336854595,0.403
11.116320133209229,-0.055193846281327175,-0.06851917541422547,0.14639822275892805,0.10884303689441939,0.403
11.126479148864746,-0.5583197759279396,-0.6525953116514492,0.12500060987972597,0.11486185433441409,0.403
11.13665246963501,-0.2663494376844801,0.27991682293853243,0.1153514085659426,0.019730116967646393,0.403
11.146893739700317,-0.08509217320957577,-0.3257672944145822,0.10822080373011646,0.08837638507421693,0.403
11.157076120376587,0.17204428818103612,-0.3543244114809463,0.0918869891716458,0.11490502022550458,0.403
11.167239665985107,0.2684950304161013,-0.3297228778808957,0.23715233029235142,0.1683412873515901,0.403
11.177408456802368,0.4764612242952379,-0.1300909138259006,0.21066461208682075,0.06459007485430596,0.403
11.187598943710327,-0.08654663922655588,-0.5159214199974779,0.08013010574790233,0.15888341894915206,0.404
11.197800874710083,-0.06724971552164637,-0.07673236904174884,0.08680047401274908,0.23592939793418688,0.404
11.207991123199463,0.42699188214460393,-0.02929048692330847,0.22188932102255632,0.2462643365736265,0.404
11.218159198760986,-0.11444716245817504,-0.07729825262000593,0.22369821594491693,0.1471124947775937,0.404
11.228322982788086,0.027763898970342277,-0.2804534713476874,0.13359263684862765,0.1844286884054913,0.404
11.238487243652344,-0.06712214253343726,0.002201563218519428,0.10129570900792613,0.2782775443639026,0.404
11.248657703399658,0.06264960297030815,-0.5987216382107232,0.2115610909634263,0.2532248578049724,0.406
11.258839130401611,0.04094231494677809,0.42546122245533047,0.23543293836173587,0.18339752392269382,0.406
11.269043922424316,-0.6238547615842224,-2.0606716668878744,0.123707425119151,0.1633767320031237,0.406
11.279211044311523,-0.02538420927483083,-0.2588349561071284,0.12747214847902086,0.218125778287645,0.406
11.289379119873047,0.3074508666298909,-0.0718248078742794,0.25035261905420614,0.20844406764719633,0.404
11.299542427062988,0.05537306669254436,-0.0431789753619718,0.2342418760422174,0.17197041237416127,0.404
11.309716701507568,-0.14671062439816612,-0.032141978835269494,0.08243579785878574,0.20331900911263465,0.404
11.319879055023193,0.0217521796053979,-0.2461782475406598,0.1584583536556929,0.28405288475273816,0.404
11.330040454864502,0.18084424146398892,-0.45386875885332156,0.25806049786915986,0.2710063898534516,0.404
11.340218544006348,0.11189278266630395,-0.24593730952903756,0.2314924421467287,0.25350426947075055,0.404
11.350380897521973,0.07994098300388479,-0.05602863972065565,0.10784274608503774,0.2083545861114612,0.4
11.360544681549072,0.07476514928663038,-0.046610172451674634,0.1306328163159327,0.2998273382788865,0.4
11.370811939239502,0.35512639735789,0.5355143192305021,0.20215520404615556,0.28928571441827866,0.4
11.380990266799927,0.1997450988159249,0.03197071035466714,0.2212896354862215,0.26806694506962303,0.4
11.39115571975708,-0.9541695608126312,-0.594669169400836,0.13264755338268733,0.22857300898942415,0.397
11.40132761001587,1.1260681118818339,1.4578117644226523,0.060050204615807554,0.2524323798038064,0.397
11.411494493484497,0.006296089567901417,-0.18359519343842598,0.01694407248263534,0.21874856979409618,0.397
11.421658515930176,0.1083428156846855,0.6259774729244492,0.07992705346718879,0.27740059748344126,0.397
11.43183970451355,0.16595073721585432,-1.7426569906151328,0.11696636321076083,0.32959040170782455,0.397
11.442052125930786,-0.05026814282477407,-2.1550407573489854,0.17325373593003954,0.2193756767131872,0.397
11.452247381210327,-0.2587440112445337,0.09928708628536383,0.1668255663618905,0.22815397408257762,0.398
11.462419986724854,-0.04008430419660721,0.041622122968951084,0.14803001488265027,0.2368196627561135,0.398
11.472587823867798,0.19472608415771056,0.0327796109263175,0.12669571520323372,0.17445356222288497,0.398
11.482799291610718,0.0505146563569697,0.04641716758815976,0.11462971935440107,0.15236296978595193,0.398
11.49297022819519,0.39834875497795214,-0.03865157519180685,0.10562661694923506,0.0982500432039824,0.399
11.503132104873657,0.10247512674760684,-0.07360831633168435,0.06631521059533912,0.08730654748614491,0.399
11.513291835784912,0.15464368609242057,-0.0408060518086062,0.041030055888275116,0.10095026044060779,0.399
11.52346158027649,0.04648426305637309,0.0017801357403414632,0.05036095937558685,0.20149880276992396,0.399
11.533626794815063,0.2594762212285729,0.0029651242743598777,0.08786829775440562,0.22154165949138815,0.399
11.543808460235596,-0.044853655939426446,-0.007324645874481376,0.08444524107355833,0.21068626192741413,0.399
11.554016828536987,0.13789038512579563,-0.21905612141984646,0.08390544835995496,0.22838236771212447,0.397
11.564178705215454,-0.017244856140826333,-0.005356220390965119,0.14249320665535564,0.28600450735416555,0.397
11.5743408203125,-0.1715068067757619,0.2169782206720928,0.1960643765300689,0.26194629851449736,0.397
11.584506511688232,0.5503175494277924,-0.15083558637503153,0.23142525147259602,0.222636611879782,0.397
11.594674825668335,-0.07358432051870775,0.28029494923504916,0.15756034170816052,0.1716013461207943,0.396
11.604854583740234,-0.09749750704977798,0.06504487967390327,0.16687922187784146,0.2233327725523283,0.396
11.615052461624146,1.2716418930186855,0.2941261852793546,0.047405120154289514,0.20117291492993516,0.396
11.62521481513977,0.05306638317413566,0.061626268209495697,0.09613654403883992,0.12388862283370813,0.396
11.635374546051025,0.03237461718751522,0.07175242218290236,0.1215448959710923,0.16211203573409505,0.396
11.645542860031128,-0.0810227749697724,0.24256816757136543,0.07850601418235098,0.2037799898347591,0.396
11.655707120895386,0.12046798997017896,0.041157717363388545,0.07850601418235098,0.2037799898347591,0.398
11.665892124176025,-0.0005958705674552663,0.09650233531840674,0.17034003658639668,0.20645926436051737,0.398
11.676158666610718,0.19463597916729747,0.03926738096909811,0.17173715576192722,0.11108759355197477,0.398
11.686344623565674,0.38100716079128694,0.20658585747943303,0.14686207552510636,0.07649386530327874,0.398
11.696547985076904,0.21006703133543472,0.0775072818118271,0.07155514816016977,0.12677382890382202,0.399
11.706773519515991,0.009353561025966841,0.2777842172867145,0.07346694242157957,0.1211973683872064,0.399
11.716973066329956,0.079574260703739,0.06174327232983129,0.09181454280583892,0.18821808297684717,0.399
11.727144718170166,0.07269254682386857,0.3059868983447081,0.17461655834528111,0.15713317754367723,0.399
11.737312078475952,0.18100869308045192,0.503216458600482,0.18078702970817292,0.0951631667876621,0.399
11.747518539428711,-0.03470186004330048,0.12106532740265852,0.0878519354182697,0.053310280534760425,0.4
11.757689952850342,0.18743045689929214,0.1435106967063903,0.06506101379405005,0.03900132929958326,0.4
11.76788592338562,-0.05258707494284932,0.09185764780703291,0.14789197899852785,0.1244100006553398,0.4
11.77804970741272,-0.07468853840988326,0.2784469470820974,0.24601874968280069,0.10028979752082923,0.4
