time,meas_r_x,meas_r_y,meas_v_x_dot,meas_v_y_dot,state_z
0.0,0.04482175876903898,-0.026424993992505894,0.17053868840277764,0.0018346342453385914,0.396
0.010212898254394531,0.026633626214190517,-0.24200646958124708,0.1524615717461972,0.036190185899774734,0.396
0.020414352416992188,0.04625661420160144,-0.048174166994777036,0.13674711939803208,0.033642679585676065,0.396
0.030608654022216797,0.07418254176422366,-0.21942789364129936,0.07708608805947625,-0.030450570840537268,0.398
0.04081463813781738,-0.05509029869012698,0.025184856081413753,0.15167328290597332,0.04671370132665408,0.398
0.050994873046875,-0.14809504043577304,-0.037757352094311074,0.17716397276981957,-0.07200713493453434,0.398
0.06117677688598633,-0.16309270648964905,-0.046979332111151656,0.10020331873669117,0.018101082056638865,0.398
0.07140541076660156,-0.1672862142615157,-0.04823770941835449,0.07554809070471803,-0.030516813466748054,0.392
0.08164620399475098,0.3466966729033551,-0.4426163359183278,0.15069651134074652,-0.0020319551049559417,0.392
0.0918738842010498,-0.17592817138200664,-0.02949529927349312,0.20467675750507644,-0.013658942074124027,0.392
0.10205698013305664,-0.14305680162535983,-0.19038593687721428,0.15074573636283728,-0.014224666436888654,0.392
0.11223983764648438,0.14509008217160438,0.006540108333609841,0.20842538599591925,0.004551019198652979,0.392
0.12244153022766113,-0.06166500337107941,-0.24165947803802507,0.1600036416872546,0.0513685655169722,0.392
0.132645845413208,0.22096490444680794,0.0063735806913083,0.2387707589659252,0.11556381026718518,0.395
0.14282631874084473,-0.336326403550591,-0.0006715280772282046,0.13854707070997807,0.058626876986031105,0.395
0.1530606746673584,0.12547822104744105,0.025230609460802755,0.1866849713213649,0.10823923191962723,0.395
0.1632387638092041,-0.05566267296989337,-0.006049256679268869,0.2164855613348583,0.07257900081521422,0.395
0.1734616756439209,-0.02170299668166957,0.001379325413044347,0.2090739345036404,0.1285426933145965,0.393
0.18366146087646484,0.021849524766141045,-0.02439038808782617,0.2592427900763013,0.08589563989904815,0.393
0.1938467025756836,0.020504733205623734,0.04857729547161755,0.16146652266121062,0.04800166688415532,0.393
0.20402288436889648,-0.01618732685135045,-0.0016922544335048013,0.12883089058288313,0.13860838910400686,0.393
0.21419525146484375,-0.17361263546497033,-0.031585665291377324,0.1926007820004198,0.04860294554456407,0.393
0.22440290451049805,-0.007459666464258463,0.027267935911744024,0.20204635386203423,-0.07694547170194435,0.394
0.23461437225341797,-0.15014835426883935,-0.18496911948903755,0.2105818814155031,-0.030095527421683588,0.394
0.24478697776794434,-0.03691891005365241,0.030911973464088242,0.17311442738901714,-0.053519997841377356,0.394
0.2549619674682617,0.053403606698731405,0.020166014444348575,0.18441380727341597,-0.031645184344321474,0.394
0.2651338577270508,-0.3392824835372167,-0.00010986273192325624,0.23682625537513224,-0.03159950152213811,0.395
0.27532219886779785,0.022146964789466813,-0.004858812167544761,0.19310877496366957,0.05042692870744441,0.395
0.28560519218444824,-0.20153781967178083,0.02803957164980768,0.24006472059696804,0.04578171633118762,0.395
0.2957766056060791,-0.012388534585344247,-0.22423601339163063,0.25605490664987407,-0.016026939993979306,0.395
0.3059558868408203,0.1111239051146021,0.009898182207549948,0.2954159940751563,0.06395515822346269,0.395
0.3161327838897705,-0.2560767975331349,0.060499236248099164,0.2230814964418321,0.02905798359253692,0.395
0.3263218402862549,-0.013538208487557246,-0.005894611095571458,0.1399150769121217,0.13484091936863407,0.399
0.3365442752838135,0.06481129665102343,0.00247116604615436,0.21439705297432743,0.0934196925812481,0.399
0.3467433452606201,-0.19570201828826123,-0.19139087611711658,0.2106482539442031,0.07127992964759372,0.399
0.3569364547729492,0.014883468053037203,0.004451586308297711,0.18303544304635552,0.09886112299975632,0.399
0.3671143054962158,-0.706048916650181,0.22032512669642515,0.129670156857437,0.06066464510071306,0.4
0.3772909641265869,0.463548826659275,0.0556834877124347,0.10511648244653111,0.06506223065080473,0.4
0.38749194145202637,-0.23890464820134572,0.0075783162926855606,0.08885176589460735,0.00922272210165169,0.4
0.39766979217529297,-0.11001406861087434,-0.04907808716213646,0.11975288494431194,-0.03977866310569284,0.4
0.4078865051269531,-0.05163816599878179,-0.169836525320353,0.03807169194465348,0.031004072911042544,0.4
0.4180619716644287,-0.15193771314225737,-0.021105678419282986,0.05290449170199189,0.03326673893190981,0.4
0.4282524585723877,-0.13384461230473563,-0.019141178505052665,0.057837232952131175,0.022018630930902044,0.4
0.4384636878967285,-0.13498367649209456,-0.17071301596420532,0.09359683696807027,0.03889052522651,0.4
0.448638916015625,-0.08032774013032934,0.033342936167061195,0.08780038586691652,0.044838753580874004,0.4
0.4588582515716553,-0.2572767433512916,0.252038230472402,0.10527610316904004,-0.016701537658726853,0.4
0.46903300285339355,0.09090777018061888,0.010839890520879537,0.04295019181627705,-0.044883552406106225,0.404
0.47920799255371094,-0.23969691005839533,0.009973833186785195,0.051991353689082115,-0.07069995720875048,0.404
0.48946547508239746,0.04446614313634962,-0.03231522916535452,0.02533244618027662,0.018743950906840903,0.404
0.49966883659362793,-0.014127032381889535,-0.18957395068664304,-0.007159483229730743,-0.06203667184887495,0.404
0.5098602771759033,-0.14125462209544945,0.01804925872111246,-0.0006542153467991169,0.01855702354078961,0.404
0.5200488567352295,-0.1060647412852783,0.03822277478632718,-0.013415527487471754,-0.0016176227259150806,0.404
0.5302422046661377,-0.13649595008909565,0.015504099163694903,0.0013111852722107187,0.02103001031626115,0.406
0.5405001640319824,-0.22149230421197227,0.021603730105795693,-0.005859257848215185,-0.0056684480976889814,0.406
0.5507056713104248,-0.11814262868117521,-0.018179213438991915,-0.007385903338231692,0.00441299872077567,0.406
0.5609602928161621,-0.3193666230076772,0.010734429140527215,-0.0764947574326425,0.044383035575790306,0.406
0.5711472034454346,-0.02417529392319204,-0.019456068802869087,-0.02886132477505736,0.03234742082385339,0.402
0.5814077854156494,0.030578467837933204,0.04442073706252085,-0.03467274488265179,-0.021084344518397694,0.402
0.5916001796722412,-0.14175512132854945,-0.00520406312149895,-0.0783138907695181,-0.039009373764601535,0.402
0.6017870903015137,-0.3468003674048227,0.17253531001380906,-0.05877802941473763,0.03122728277069635,0.402
0.6119880676269531,0.11930395843255412,-0.020821907772008152,-0.11239439761812671,0.04790853237067888,0.402
0.6222109794616699,-0.33389416371075387,-0.2538784561790754,-0.018448959733605164,0.07068433188055892,0.402
0.632448673248291,0.02537372491281358,0.032834466158992305,-0.05326874610457477,0.021709285210519187,0.403
0.6426851749420166,0.014137224335111323,-0.040387387384425474,-0.12292279756373975,0.05731023323850279,0.403
0.6528844833374023,0.004851597844820267,0.017251438785335287,-0.196783428273828,0.015333893050839171,0.403
0.6630673408508301,-0.489285927986756,-0.01153363826986652,-0.14323316094325106,-0.02768507971661455,0.403
0.673243522644043,0.06777456617602161,0.013542767527851966,-0.07674622690141834,0.01117301726442011,0.399
0.6835193634033203,-0.15051648523944122,0.02706876197619259,-0.0823885771444261,0.01664603304561319,0.399
0.6937520503997803,-0.109808784051585,-0.05003342048011016,-0.05568237520243352,-0.07647764705960707,0.399
0.7039508819580078,0.028676898880421714,0.021665608940834604,-0.10087472034563964,0.02240910457254318,0.399
0.7141392230987549,-0.010960050863672076,-0.051566333658331756,-0.12094141552551019,-0.042708901300319735,0.399
0.724327802658081,0.007358553065339223,-0.1534932030600493,-0.11125766154698247,0.039655594398524195,0.399
0.7345325946807861,0.04469569823332722,0.01362217873186517,-0.09944927252989888,0.014654094796501206,0.399
0.7447161674499512,-0.15088683976852796,-0.00492727783241975,-0.13473777981639562,-0.0038628906236662965,0.399
0.7548983097076416,0.09954659758262085,-0.022557280792664933,-0.05217154652367198,-0.04517362595298374,0.399
0.7650823593139648,-0.33211794754246704,-0.022176391507173397,-0.1333619885587349,-0.01957611381641509,0.4
0.7752642631530762,-0.01739495627389959,0.04291880190616134,-0.19443112687833033,-0.00274616164685252,0.4
0.7856216430664062,-0.23036528266942513,0.18740769514769218,-0.20731740900901055,-0.040492679370363514,0.4
0.795802116394043,0.029440381339306886,-0.018896574160424347,-0.11614545047884722,-0.0005720952207948181,0.4
0.8059837818145752,0.0426285344590308,0.023850584521365722,-0.10932249308421452,-0.03464565363584369,0.4
0.8161625862121582,0.01791176922042604,0.18707239954019605,-0.155194343025596,-0.0637118819019802,0.4
0.8263394832611084,-0.023238140989081127,0.025689788218565435,-0.20921143733806652,-0.046580291642287365,0.398
0.8365449905395508,0.06896831233302117,-0.20701601431372066,-0.15942545380720927,0.035137079229421275,0.398
0.8467826843261719,-0.21359248690914412,-0.01367982364140256,-0.1111625337101238,-0.015080523776555405,0.398
0.8571434020996094,0.026299577888240815,-0.005889855688278996,-0.13180967491292092,0.057684470982639485,0.398
0.8673651218414307,0.18064619955712252,0.006580969890251586,-0.12710618327073156,0.01638674559658785,0.399
0.8775830268859863,-0.08051724468914231,0.0066400061584345645,-0.165506426794615,0.0477755270122717,0.399
0.8877778053283691,0.0035546176574841105,-0.017627464612297996,-0.1921337210333303,0.03806331779638068,0.399
0.8979721069335938,0.19570467000298689,0.021208667197956294,-0.17296055062182297,0.05187330383893464,0.399
0.9081552028656006,-0.0679110826778108,0.0008044851875331744,-0.18363841247090318,-0.01586225594893858,0.399
0.9183430671691895,-0.047238897140696755,0.0017215997842214186,-0.19149062523732854,0.016825048709729062,0.399
0.9285366535186768,0.35764377977852674,0.02282447386430529,-0.21910236590486495,-0.010787931415926481,0.398
0.9387149810791016,-0.04552762708136084,-0.013792100477634666,-0.1999945727646752,-0.05940880156357268,0.398
0.9489123821258545,0.02594657647172065,-0.01762666149476421,-0.13240811801075042,-0.11064999619022127,0.398
0.959158182144165,-0.015513993852973482,-0.16990262514626692,-0.18832504205073028,-0.04350583710975516,0.398
0.9693393707275391,0.0969497223966946,0.01834602926034573,-0.11251689265371083,-0.04756966015731981,0.4
0.9795818328857422,-0.04113745886289559,0.033210558948749365,-0.10921647026015152,-0.002186339404723823,0.4
0.9897656440734863,0.17412862746594354,0.00868840820292983,-0.1725817677023686,-0.09574066732994149,0.4
1.0028440952301025,-0.08863763372347642,0.007930835432872922,-0.12623075248957477,-0.08037420441204877,0.4
1.0130879878997803,-0.088634323676986,0.007930539267092227,-0.10918023095163389,-0.08014935079509812,0.4
1.0233299732208252,0.1561845612920418,0.002317738075033977,-0.10333833104520575,-0.0018629710876995557,0.4
1.0337209701538086,0.5804424121285987,0.009966188858916925,-0.10152190607083028,0.05918233244083169,0.397
1.0439767837524414,0.6255723718789972,0.006394136616853472,-0.10267182509331821,0.023116109912625915,0.397
1.0542080402374268,0.14335332139353663,0.06009106632598703,-0.13432582935718096,0.046748572053901406,0.397
1.0644919872283936,-0.027454516998433386,0.021016437589185106,-0.13512866091824952,0.009433384688780409,0.4
1.0747215747833252,0.15705483691066863,-0.02654862532932934,-0.07765616260269047,0.0486919619242134,0.4
1.0849831104278564,0.15030972034787266,-0.015643180772205577,-0.1610514019939012,-0.00885139180775697,0.4
1.0952727794647217,0.4920179295129446,-0.0061665889346886405,-0.1196173985203924,-0.02259146327629684,0.4
1.1055641174316406,-0.061251140377002584,0.02332778791971183,-0.1757021616007762,-0.04321075563296819,0.4
1.115797519683838,0.12827369100100539,0.0519238243401825,-0.15395071188119006,-0.09178781927454477,0.4
1.1260230541229248,0.5459956211194631,-0.15968653760969784,-0.1342620346783951,-0.1006969945219038,0.4
1.1362457275390625,-0.04709971402695389,-0.05200769074626881,-0.08517901917228228,-0.06874739540097918,0.4
1.1465091705322266,0.011748606634804993,-0.024323894216523992,-0.07373609521730157,0.019657568906735985,0.4
1.1567273139953613,-0.06498511497222789,-0.016547786347138726,-0.06191752678206709,0.022745541870923314,0.4
1.1669387817382812,0.1009587642724307,-0.030868359201412326,-0.06623668224993066,0.08006960406862156,0.395
1.177149772644043,0.15275813746558844,-0.02705937841882493,-0.09123351896827117,0.03799870677421856,0.395
1.1873769760131836,0.14699036464238716,-0.23355566650660012,-0.10807255592229054,0.07089172039416441,0.395
1.1976728439331055,0.3006837438839595,0.0050287105318701664,-0.15428433589922816,0.04866982010475474,0.395
1.2078962326049805,-0.022471389685308405,0.020735325709295784,-0.04524903879705883,-0.02525800076274797,0.395
1.218123197555542,0.5735946671510332,-0.004126764845972649,-0.042410156035697893,-0.09065556814915107,0.395
1.2283496856689453,0.127866692048053,-0.1953756883251865,-0.0651587368685354,-0.11404246008142997,0.399
1.2386317253112793,0.18864782140178482,0.02308587570763162,-0.01465313354829123,-0.07180825597884355,0.399
1.2488505840301514,-0.0811964991542683,-0.06027064726232095,-0.014555033796435399,-0.0565190016235003,0.399
1.2590677738189697,0.08859596227890047,-0.06174475731498947,-0.034470292113131566,0.018666536953534082,0.399
1.2692975997924805,0.3132524613017326,-0.2351251704047067,0.029644315231244264,0.014501582753460546,0.4
1.279569387435913,0.14158539355284608,-0.01128736322915908,0.055195310010360016,0.05698186834011158,0.4
1.2897834777832031,0.13056400070865073,-0.014522239629308294,0.07116536675729364,-0.03501494144639905,0.4
1.2999992370605469,-0.013398958945785707,0.003916083353388784,-0.0004786086410875842,-0.012211805197677585,0.4
1.3101751804351807,0.007237812120339227,-0.20577924230043929,-0.023370806060429808,-0.030707918332724765,0.4
1.3203487396240234,0.15740025294758633,-0.0036086894021057363,-0.013930551927708076,0.03374647682333943,0.4
1.3306875228881836,0.5420623332347477,-0.004541101224894047,0.01960266251673063,0.06616967069984202,0.399
1.3409419059753418,-0.14410852833248142,-0.0014109362737311046,0.028459279168253748,0.06827229087910036,0.399
1.3511414527893066,0.47386540851866626,0.034339312163242035,0.012330057742747105,0.05667520275671671,0.399
1.3613173961639404,0.31176451486996615,-0.01696245908152163,0.016428802780260883,-0.0261332739359856,0.399
1.3715510368347168,0.18951381161748648,-0.029563777037407646,0.013702500339415398,-0.0746029964843158,0.398
1.3817298412322998,0.0969398408886988,-0.214937978952481,0.04351330962782335,-0.0446116025728628,0.398
1.391913890838623,0.5053934256804664,-0.0573190079463627,0.028889630535146742,0.013624474764496878,0.398
1.4020919799804688,0.1472863116205642,-0.1869221677357928,0.11356571326365905,-0.009368143029224025,0.398
1.4122650623321533,0.0061133169953472895,0.19846015873354828,0.08727642157148663,0.07293148600258366,0.398
1.422478437423706,-0.03517602837767866,-0.031068510411674244,0.050086277013575826,0.06548248511751507,0.398
1.432715654373169,0.08493401796915771,-0.2410896733298214,-0.002931021756706011,-0.003137869828219876,0.398
1.4428892135620117,0.2862238511833667,-0.041051514284604775,-0.002931021756706011,-0.003137869828219876,0.398
1.453059434890747,0.06425795634255789,-0.02174093537026651,-0.026274965803477546,-0.05302045155819787,0.398
1.4632349014282227,0.176007238188578,-0.027002575421603413,0.019355446140209075,-0.08823310702303142,0.398
1.4735031127929688,0.038231376780582756,0.027583498196351083,0.022081147889911203,-0.017284906551536507,0.396
1.483757495880127,0.01180258039428741,-0.008090568272702102,0.01370745321251569,0.021274746567591925,0.396
1.4939351081848145,0.17084134631484194,0.016485312850564225,0.04892368093166479,0.007232420617680936,0.396
1.5041193962097168,0.23509369373167222,0.0011264245710691184,0.027569161275754483,-0.008659117691967064,0.396
1.5142931938171387,0.04780225007300977,-0.042095218613037534,0.0028659759416220162,0.01047153207376361,0.396
1.524535894393921,-0.11762055596563367,-0.1554649159218726,0.05983840297679225,-0.006524604211328826,0.4
1.5347578525543213,0.29532761410568875,0.027488439086443037,0.10327625863517528,0.04492075031231074,0.4
1.544996738433838,0.32312482247820273,0.009174120775248507,0.02301775586510167,0.03352763213288653,0.4
1.5551807880401611,0.4829597529845226,-0.003585672052064444,0.04776516990019199,0.04141152013858513,0.4
1.5653533935546875,0.03533209890584228,-0.013269251791132097,0.051801290100930375,0.04151044077886265,0.402
1.5756921768188477,0.057875837313770336,0.009299000687613333,0.04205737601514216,-0.04940574965811492,0.402
1.5859382152557373,0.02658714484192019,0.015053420047646678,0.0419103976813536,-0.07324633375837539,0.402
1.5961511135101318,0.06398185422060632,0.024229289799099725,0.030680536945695225,-0.1383879893531741,0.402
1.6063544750213623,0.6655775692116724,-0.20781692949107441,-0.00928044304489016,-0.014759805165336108,0.402
1.6165471076965332,0.037807773086529536,-0.004260230520509194,0.0397093328358339,0.08512665221639511,0.402
1.6267633438110352,0.03576229796536414,0.026777778767902594,-0.004543879617026271,0.07556800376156136,0.4
1.6369521617889404,0.23490578153325722,0.012149614042790267,-0.00912042968286663,0.02489256442083303,0.4
1.6471281051635742,-0.02160581186518538,0.01620277658643033,0.025285203167243336,0.034704762050639125,0.4
1.6573169231414795,0.24448373984217966,-0.03648510240954675,-0.024564799491685097,-0.06795192208829663,0.4
1.6675283908843994,0.039450951698949445,-0.03204744727409542,0.015779830045677998,-0.0679806612188029,0.404
1.6777405738830566,0.1734298491657615,-0.20812326041275003,0.007080741965409372,-0.0011375688965335612,0.404
1.6879186630249023,0.17360362450918365,-0.2178608676532161,0.016124711855555585,-0.06218829660839689,0.404
1.698124885559082,-0.006877434185446063,0.032603141287575674,0.042699197399037686,-0.06328191591244063,0.404
1.7083113193511963,0.2094742119465131,-0.23615384133560138,0.07705613461882257,-0.08463921506700679,0.404
1.7185077667236328,0.23717544699896048,-0.01427305259691198,0.05360538335714636,-0.007640312603462061,0.404
1.7287392616271973,0.12923742736912255,-0.00025764997387610686,0.04704179190061907,-0.0017872719125540636,0.399
1.7389261722564697,0.057287677861329864,0.014988300549660544,0.0998205263824942,-0.008274325685310262,0.399
1.7491023540496826,0.33434038861153786,-0.016212380241275578,0.03459264956302322,-0.0039048378909129038,0.399
1.7592759132385254,-0.09722051232701516,-0.032406024618628695,0.03879796504199634,0.02809164989910828,0.399
1.7694783210754395,0.393572478533131,-0.007632237228556952,0.033944456235188394,-0.027578460203968126,0.403
1.779655933380127,0.28111470939899247,-3.866652524787399e-05,0.01600841747112096,-0.006560986240053825,0.403
1.7898666858673096,0.08387872230214902,-0.03104556683052238,-0.0532691777708634,-0.05675291653359964,0.403
1.8000361919403076,0.09398651052953205,-0.015403276375440096,0.00429524402102428,0.0123637757982008,0.403
1.8102149963378906,0.45800172217199714,-0.16763740177633357,-0.014740117431475491,-0.023859407742314577,0.403
1.8203825950622559,0.0626612459460031,-0.01874859037633802,0.002857321851489146,-0.007702537848127626,0.403
1.8305613994598389,0.13850744092257042,-0.02979186168102189,0.01894823183887301,-0.012412338243167446,0.404
1.8407437801361084,-0.041103019016417615,-0.21294147875099104,-0.01658245420517972,0.00016847868594116813,0.404
1.851039171218872,0.2237881933114253,0.020178894645535923,-0.034388341223344936,-0.024425478811317916,0.404
1.8612499237060547,0.06622782944741737,-0.02798178463031913,0.04153695177090721,-0.07110543510970993,0.404
1.8715081214904785,0.35896674778020726,0.01918357394516358,-0.0002808646898371167,-0.03940794989197188,0.404
1.8816964626312256,0.005507370864186773,-0.044587159203251354,0.08184315341633117,0.002862591279958228,0.404
1.8918802738189697,0.1861473792126282,-0.24593624130953837,0.06364078210508436,0.060920512212955816,0.404
1.9020628929138184,0.3217253644644642,-0.01755426578385008,0.06748382693589622,0.019754509794058878,0.404
1.9122376441955566,0.07209138233936918,-0.18751318719693713,0.0430362485464481,-0.024747890453463012,0.404
1.9224112033843994,0.3186800618291728,0.010723431989056622,0.06230284666196935,0.006310765543249379,0.404
1.9325861930847168,0.3121679944895315,0.043745907936886264,0.07856617632479923,0.013033572458767052,0.401
1.9427685737609863,0.27018294054392655,-0.03297031771908289,0.030431105939300408,0.008446525242681056,0.401
1.9530079364776611,0.07655871909309606,-0.02782917271038285,0.029143937536435023,0.06277687108418517,0.401
1.963287353515625,0.1783708920934384,-0.03449062581471253,0.03535103056922557,0.04559295667776032,0.401
1.9735114574432373,0.3795111794579981,0.005011376448244081,0.06830084786066327,0.12580968646971313,0.394
1.983691930770874,0.11600010950003434,-0.1978615692455151,0.07340194249716311,0.045290574279922155,0.394
1.99393630027771,0.29954085999365976,-0.21122227285526873,0.07714967113701592,0.03273011855765093,0.394
2.0041239261627197,0.4760066651807423,0.018369918944836396,0.09018112417468799,0.032133279993628756,0.394
2.014338493347168,0.049018354313843444,0.00021717787012236336,0.04047661655263602,-0.007670820809415307,0.394
2.0246059894561768,0.3485738280897716,0.014748568057313562,0.06084972790856937,0.046489057820517474,0.403
2.034843683242798,-0.026375697762597086,0.04268971919649859,0.0076175813769085035,-0.09916694336146434,0.403
2.045031785964966,0.5686590571515618,-0.1886970033665874,0.008954882441812804,-0.03243131173399618,0.403
2.0552070140838623,-0.03810407648993827,-0.03096576885783107,-0.012564286014939047,-0.08281484580850165,0.403
2.065382480621338,0.14580156874375358,-0.4302116554439854,-0.054747802655764434,-0.03582329573623607,0.399
2.0756537914276123,0.3980516214026358,-0.023973042264717945,0.044030588728559895,0.018292821994187386,0.399
2.0858359336853027,0.0772147596251514,-0.0302139776910812,0.020943037844597168,-0.013165289809807322,0.399
2.0960354804992676,0.2921501616340485,0.029032131901144963,0.053255727836218264,-0.01611096315200347,0.399
2.1062371730804443,-0.07400610769547274,-0.05800317694147274,0.05085673240332524,-0.0716051513503714,0.399
2.116482734680176,0.4009359717989596,-0.013945558667526088,0.039728280851207956,0.029133788592105258,0.399
2.1266818046569824,-0.12263305746986737,-0.006560989042601032,0.11723892363370678,0.013908108448802074,0.395
2.136861801147461,0.09470564851962958,-0.013828360437766399,0.10034853521997844,-0.02310487375656451,0.395
2.1470348834991455,0.08562954340546472,-0.039461794288041266,0.1263822253070649,-0.001118608791139064,0.395
2.1572093963623047,-0.049837806529588094,-0.1696693156890915,0.1431708513560221,-0.057690746467869126,0.395
2.167384386062622,0.6288235728714002,-0.18185311168400867,0.07319645573601939,-0.040239715218473006,0.394
2.1775739192962646,0.3151244885012781,0.019088355356193448,0.1203060593042741,-0.02605969288724317,0.394
2.1877450942993164,0.368017249208772,-0.03776703396349526,0.12811770470861095,-0.060668269192916714,0.394
2.197922468185425,0.344592598767183,0.12670315350525083,0.18714684033806955,-0.004025273771012833,0.394
2.2080936431884766,0.0725443859601567,-0.14278344362276552,0.18729809381680906,-0.009429072022744213,0.394
2.21826171875,0.006309197877625824,0.03037252822172403,0.17230426692379608,-0.009926513234516397,0.394
2.228524684906006,0.20619211470060925,0.027357823247369017,0.2832603384995408,0.021858600386422195,0.391
2.2387654781341553,0.1341444184867713,0.016755211303892913,0.2176281963501546,-0.013423168700095328,0.391
2.2489871978759766,0.04518174153703598,0.20006975183537015,0.21768249947258178,0.01666093547482022,0.391
2.259154796600342,0.29742766050023034,-0.03443156812028775,0.18852864916871265,0.03622122954784846,0.391
2.2693235874176025,-0.08296493793737955,-0.02201393170336116,0.16042564309093443,0.030081624070230666,0.396
2.2795212268829346,0.4164204515559253,-0.18438052577499098,0.19314050440592362,0.07494633190781455,0.396
2.289707899093628,0.004181401443558944,0.04656748785367592,0.18140076609265768,0.020360907849269166,0.396
2.299882650375366,0.1660901753463927,-0.03187854063365962,0.18491118522755345,0.07696900810886569,0.396
2.310056209564209,0.1773704009964646,0.03384570751074321,0.18141709646965865,0.11449423363620528,0.396
2.32023286819458,0.22690771501691354,-0.006316019134405228,0.20716557554626974,-0.052836665720275545,0.396
2.330406665802002,0.2857256851554648,0.01797775626078448,0.2081520023725243,0.017080712144138324,0.392
2.3406171798706055,-0.19038767366652148,-0.011225950541372884,0.2043684008559593,0.01472563957653688,0.392
2.3507890701293945,0.46291576395541334,-0.019119284503224095,0.1380695405357764,0.016327402007196082,0.392
2.361008882522583,-0.07490089973252348,0.012008605098789716,0.2008125523308361,0.058605794775092326,0.392
2.3713417053222656,0.13234334893495653,-0.03867299685142092,0.15680539405567728,0.030631558445292927,0.398
2.381570339202881,-0.051948591847853734,-0.01817753921475196,0.22721612777594954,0.04517903316837582,0.398
2.391765832901001,0.1489390455602015,-0.018177598973304652,0.2299257892228816,0.04223533263383573,0.398
2.4019381999969482,-0.03915383351679707,-0.026914493814656087,0.11616340926007847,0.0299460734367348,0.398
2.412104368209839,0.44576619299055403,-0.033496366031839815,0.21018617182255261,0.030270358568570785,0.398
2.4222757816314697,-0.050850244424627135,0.010441188876516155,0.10447956813507549,0.03412207334002911,0.398
2.432464599609375,0.1501707459303043,0.010441357916124333,0.1146467250245605,0.030828144141289423,0.393
2.4426636695861816,0.16855029470517746,0.04081124290109665,0.2571737441678944,-0.032325549183996126,0.393
2.4528403282165527,0.17414977733577996,0.04080481989993911,0.24578964592234673,0.040227526884954054,0.393
2.4630138874053955,0.23183461695360613,0.25993787665261,0.20619578458707982,0.022831643632978862,0.397
2.473186492919922,-0.04531191169835704,0.05822691435322879,0.2663532171534786,0.03467787625250396,0.397
2.48335862159729,0.22848991744275923,0.029814941085771155,0.31148007073944356,0.0052344786727463975,0.397
2.493558883666992,0.16163690767125466,0.040824038474288074,0.24864485690885077,0.01415255640281084,0.397
2.5038034915924072,0.38903568523262794,0.018994551023115733,0.27004520385114106,0.07545505072426711,0.397
2.513975143432617,0.009129659021428652,-0.012313115609866672,0.21551225887458317,-0.013942829129500019,0.397
2.524146795272827,-0.013932440824145513,-0.01388220804102714,0.2304565216732653,0.0653415630037573,0.4
2.534322738647461,-0.018095016825909103,0.04668492507300684,0.29134053819789923,0.027210928806653042,0.4
2.544536590576172,0.1375028679293473,0.011174169321404687,0.2500121032142196,0.06208602926115834,0.4
2.5547266006469727,-0.13002598650839747,-0.012141950314502615,0.381696737355273,0.030600797354551457,0.4
2.5649092197418213,0.4048154866917591,0.02234102517631087,0.36428145870622386,-0.024983056968998767,0.398
2.575080633163452,-0.022208156814719892,-0.04107307545364348,0.3248288882601167,0.05079084224126172,0.398
2.585221290588379,-0.016268857146091064,0.039504787839013775,0.2746865823489517,-0.00118061087316099,0.398
2.5953946113586426,-0.010029205863795925,0.025895472264089135,0.29997663309543293,0.053047966805693486,0.398
2.6056079864501953,0.037189846080944854,0.04080671414707504,0.3281475133531674,0.013007778287701088,0.398
2.615817070007324,-0.023520269290857748,0.045736180111106625,0.2768014015738148,-0.01396520465163224,0.398
2.626021385192871,-0.037994632701215454,0.0243155942391455,0.2930496533930688,0.002220838806342504,0.399
2.6361992359161377,-0.034584066725718614,-0.028600039500702463,0.28968599495360536,-0.11021659226680466,0.399
2.646359920501709,0.006091621222444914,-0.011894699446872445,0.32528969426962795,-0.06130778006893171,0.399
2.6565206050872803,0.0003157581971331503,-0.0912230529376892,0.3287811302985989,-0.017559111169808236,0.399
2.6667263507843018,-0.01568774922774999,-0.055097119735153015,0.31972786273543397,0.03962183899868044,0.404
2.676892042160034,0.007111095286063993,0.027284834146035514,0.3541302770505249,-0.021786526439085505,0.404
2.687061309814453,-0.02211262827347982,0.05683474714912477,0.2883386665808535,-0.05203561590240313,0.404
2.6972546577453613,0.1664097474284639,0.028122290045657042,0.3130916822651433,0.025773549317521877,0.404
2.7074196338653564,0.10149862995619942,0.04396499560154221,0.2767452582020199,-0.04910376887382212,0.404
2.7175991535186768,-0.060995030285977664,-0.04322780203259977,0.2871173891005438,-0.00938110095242831,0.404
2.7277636528015137,0.0335781637746182,-0.02769849351712788,0.2649950838047063,-0.00024454976792559,0.402
2.737929582595825,0.013498041325649785,-0.05467574204401336,0.28706046502420557,0.037209450637258286,0.402
2.748103380203247,-0.06319167631435657,-0.2274004327926711,0.27135770621622396,0.024226509707748776,0.402
2.758261203765869,-0.08995317279010082,-0.006698019715526984,0.33788390917414013,-0.009205379996337243,0.402
2.7684175968170166,0.04694224293186231,-0.008813710174991427,0.30213540691083196,-0.06073867541133606,0.402
2.778702974319458,-0.09730563747561881,-0.02840671225385701,0.2658960920608821,-0.006766412358724324,0.402
2.7888643741607666,-0.0217707952966775,-0.008493364973338828,0.2690939828831407,-0.05597457754838905,0.402
2.7990331649780273,-0.4132612436832956,-0.2600826909145094,0.34669676977964714,-0.009128539790852831,0.402
2.809194564819336,-0.09354830841966157,-5.5081618515279165e-05,0.34098409397189633,0.00853666097810815,0.402
2.8193557262420654,-0.2680439569430063,-0.03471881978183315,0.3409519621548476,0.04975477918056211,0.402
2.8295459747314453,-0.025160672216762436,-0.029151155363148534,0.3597715060359721,0.008036997663806996,0.4
2.839728593826294,-0.3298518320859995,-0.04395599639797811,0.34860781195940244,0.010886922126877589,0.4
2.8499159812927246,0.019863430953613124,0.03940683021233673,0.3891989559636275,-0.05862690807941691,0.4
2.8601250648498535,-0.013680449618767432,0.011021709880072256,0.3118911515351199,-0.03261539035379542,0.4
2.870326042175293,-0.14771577113534098,0.017042092533377073,0.28770737130531127,0.05405056697368621,0.398
2.880553722381592,0.0076087966143261535,-0.21661786746494377,0.27009299966192707,0.04094951358243399,0.398
2.890739917755127,-0.37533192385541364,-0.007099233767076173,0.32600635135676986,-0.009017159762294467,0.398
2.900935173034668,0.13217403388631757,-0.014982972913433786,0.3098061553872,-0.09900772178931605,0.398
2.9111008644104004,-0.2593017342290479,-0.016750477909786822,0.37922547153246977,-0.03933181095215895,0.398
2.9212608337402344,0.08162198786628108,-0.054763565798138514,0.35574981628808344,-0.04863871712392615,0.398
2.9314186573028564,-0.40347129351353667,0.014770173140487163,0.2961667421544314,0.019486825094011714,0.401
2.9422054290771484,0.08915770975070768,0.021852217265507855,0.24677381670108134,-0.06551217384135977,0.401
2.9523892402648926,-0.27172917107375805,-0.04954272296256893,0.33271609396384105,-0.03460759952560084,0.401
2.9625892639160156,-0.3477223683048175,-0.06986240914303088,0.29319896579348537,0.029442890432716043,0.395
2.972775459289551,0.14069364348709495,-0.059328952331158404,0.3487088150789167,0.02911771228343044,0.395
2.982957124710083,-0.8816991605371636,-0.21508695847527595,0.3160988623145528,0.0009931897722041325,0.395
2.993138313293457,-0.9963059305164034,-0.21653916690610112,0.3742968476256145,0.06437906788845352,0.395
3.003314733505249,-0.19848682740410245,0.0013757978596550683,0.31561428106778977,0.03086204782476258,0.395
3.013493776321411,-0.4057115218499874,-0.028276412165898615,0.2985295254501686,0.08359861324324215,0.395
3.0238051414489746,-0.09653652229805525,-0.0495730601419168,0.236531179017485,0.09116485318352982,0.401
3.034125566482544,0.10542533694272116,-0.04766058490175477,0.23721800387281733,0.1363478497065025,0.401
3.044294834136963,-0.5477192277764283,-0.014152230509832166,0.26638481987559887,0.03389677129384059,0.401
3.054574728012085,0.10877189310441222,-0.2336391473844743,0.20142118202375625,0.06700001660376961,0.401
3.064753293991089,-0.47104787190223735,-0.02052934187896296,0.2592529198646873,0.053729019988584314,0.401
3.074913501739502,0.08562930895801817,-0.02690722606162989,0.2202111765557008,0.045726271151409995,0.401
3.085073709487915,-0.7015677955208257,0.013976592087447792,0.2513491691511765,0.0361722391967463,0.401
3.0952460765838623,0.047746733571969756,0.020131406135387518,0.2951138616330355,0.0923983930160305,0.401
3.1054306030273438,-0.3560835411184866,0.004821735794408973,0.24971871572720739,0.05786880039440953,0.401
3.1157870292663574,-0.2745975842662185,0.018632712392096434,0.18622823681425338,0.09103243863700343,0.401
3.1259918212890625,0.049411538762032754,0.00555623580601815,0.19523308053423666,0.04260935701098643,0.403
3.1361966133117676,-0.28910604388390426,-0.19797873288269033,0.22890661512312646,0.0020987080169569614,0.403
3.146369218826294,-0.12208981060550003,-0.011678341333342494,0.24078460410399438,-0.0636326392110136,0.403
3.1565608978271484,-0.3967314894524778,0.017648953284207257,0.19415742070142183,0.01037608091331614,0.403
3.1667423248291016,0.08142253360921549,0.02315494331443833,0.2028887516938038,0.017965486452210744,0.403
3.1769163608551025,-0.5207990230366664,0.034946710897111606,0.22099378311466797,0.05757129568932744,0.403
3.1870808601379395,0.06254380594360666,0.008372260135174453,0.19472083907264998,0.014354965149007158,0.403
3.1972596645355225,-0.7728428463351716,-0.02319053850321066,0.18101445630676438,0.017112722843234576,0.403
3.207446575164795,-0.05388691262427328,-0.028284463587812787,0.1268266760505003,0.046151856654032354,0.403
3.2176218032836914,-0.5646260563491005,0.03924206042804304,0.14841053855496006,0.005112679076400506,0.403
3.2277801036834717,-0.16552386092354268,-0.013556152412133505,0.17042939347283234,0.011784666579741511,0.402
3.237943172454834,0.012706840369875709,0.18625825067810658,0.18077615748118897,-0.014725692037799248,0.402
3.24810528755188,-0.22687511337539404,-0.03065757854007112,0.18672159320943,0.018958682151226564,0.402
3.258269786834717,-0.41637124729413644,-0.2546225288231358,0.1502245633883646,-0.05545822353283531,0.402
3.2684593200683594,-0.12081809273051562,0.029189699648832994,0.21935216980045646,0.02964032855178981,0.401
3.278700590133667,-0.2831187320510525,0.03230075164849961,0.10903517421716438,0.02610728751172682,0.401
3.2889106273651123,-0.33971112933979236,0.044454847466431816,0.16094280688152074,0.04477841920077777,0.401
3.2990944385528564,-0.2397244826201341,0.05536511923227171,0.16800277576977635,0.037792341854783654,0.401
3.309262275695801,-0.4384489835115097,0.00759740994361148,0.17946501122264774,0.03490204172604347,0.401
3.319427490234375,-0.00542790787468457,0.040068638919219746,0.1746462924159733,0.11029624151408618,0.401
3.32983136177063,-0.4566353374316009,0.16034762494875646,0.13662252075410644,0.03421714419210191,0.398
3.3399975299835205,-0.43380788685463545,-0.25411972479651057,0.1701467742047083,0.06442445483064348,0.398
3.3501601219177246,-0.03557035795165119,-0.008199873651998021,0.15425878044347033,0.07773870628004229,0.398
3.360333204269409,-0.036359033454564954,0.029523947022137384,0.23268627095184152,0.10710284457093439,0.398
3.370516061782837,-0.05080483849132568,-0.2329486564610579,0.18853119415493175,0.09292080858673225,0.401
3.3807265758514404,-0.6349031327017386,0.01793065878029797,0.15142963695261102,0.07949681788478813,0.401
3.3909287452697754,-0.18009706481688895,0.078829357464746,0.14555538530585915,0.0074540986859363105,0.401
3.401118040084839,-0.24902595477818584,0.231035259078725,0.14890260658604138,-0.005785565482581488,0.401
3.411290168762207,-0.13868247439474132,0.024426883927075923,0.1841544042324908,-0.06734473911517876,0.401
3.4214553833007812,0.0027128049359126825,0.007514153986079623,0.19187179390956793,0.003587920237379822,0.401
3.4316513538360596,-0.8429629566714605,0.04547862411403116,0.2005297917847341,0.0045241461052705,0.398
3.4418230056762695,-0.1934786922560179,0.02181345339423078,0.23545452589576232,0.01302784869148944,0.398
3.4519848823547363,-0.5539423717334059,0.016312824879119853,0.26462684748252013,0.07081566864418576,0.398
3.462144374847412,0.04718208692836913,-0.0033805872333056057,0.2519072063772991,0.08974012526680183,0.398
3.472301959991455,-0.19784778210409873,0.02256052073514493,0.20391637389417153,-0.017750838101058847,0.398
3.4824635982513428,-0.24207203707815922,0.016799659275828428,0.17300726544095613,0.01910704640225626,0.398
3.492652177810669,0.04915961065618649,0.023864740140667202,0.17656050407665302,-0.11576690857237712,0.398
3.50282883644104,-0.12428048820486574,-0.0073078163007610705,0.2280975352630928,-0.05795207001533316,0.398
3.5129945278167725,-0.22537398339263062,0.057556267851491615,0.18443553603870488,-0.041750859980325794,0.398
3.5231711864471436,-0.7372257473432587,-0.0037126128159807896,0.20608543822916164,0.04415961204792822,0.396
3.533339500427246,-0.6204692029436443,0.017584806623322104,0.19867127457574096,0.08842444688087234,0.396
3.5435798168182373,-0.4259133630346644,-0.008916557163674375,0.24231414889236547,0.12800449080848963,0.396
3.5538253784179688,-0.05965789646176765,0.04818722259331935,0.19948701277734193,0.047370486234476525,0.396
3.56400728225708,-0.3767881364883284,0.040764278618063914,0.25222395684791243,0.04451806710731361,0.4
3.5741841793060303,-0.30246633667276684,0.054969220957691724,0.2078511447346176,0.03825160921269914,0.4
3.5843570232391357,-0.29344861351217216,0.01685380153056128,0.15052674949378286,-0.0011866076390000682,0.4
3.5945799350738525,-0.0560148621656645,-0.049008665264314195,0.12615812238390034,-0.12768512824864064,0.4
3.604806661605835,-0.4066565588922423,-0.008722624239942947,0.1843706932065876,-0.03870861292492678,0.4
3.6149871349334717,-0.21824575610732935,-0.00916684414279657,0.17483972465137176,0.0054580247727156125,0.4
3.625181198120117,-0.629645126129741,-0.02124598272032294,0.1973565974762554,0.043654471246935424,0.402
3.6354031562805176,-0.024026705008186995,0.04295991064418993,0.18392494518383182,0.002376195948445182,0.402
3.645660161972046,-0.4806177098717495,0.44733006627210276,0.1995774825687468,-0.015826022076889636,0.402
3.6558377742767334,-0.11634512283556069,0.017283957726082783,0.19598695963427692,-0.008646801199218733,0.402
3.666001319885254,-0.5931406645357017,-0.059457201744196976,0.1715321958200002,-0.0705646245065266,0.398
3.676178216934204,-0.16480861420119888,-0.02818628926911653,0.22581989120907764,-0.09065944988031763,0.398
3.686347484588623,0.06605100474608316,-0.142592554896866,0.18904510265663416,0.0035608220861300856,0.398
3.6965863704681396,-0.3842280228837527,0.09912542385725465,0.2353055587387854,-0.03077254179191715,0.398
3.7067911624908447,-0.38479914014826416,0.01716746675924465,0.21801404609855116,-0.009270821626749566,0.398
3.7169671058654785,-0.04878141976693725,0.20770576566777585,0.2215592290289236,0.03398418007565745,0.398
3.727132797241211,-0.1394770758043873,0.0006745376939945862,0.18902968726708488,0.06683921027969726,0.399
3.737307071685791,-0.6646347962587217,-0.01667433352734303,0.15979706369616828,0.08826122963258165,0.399
3.7474706172943115,0.1688417072125645,-0.022376840166790337,0.19568179499871172,0.031689527710968605,0.399
3.757687568664551,-0.8295403839007378,-0.03008533804280565,0.06161416771039757,0.029894729796552715,0.399
3.7678472995758057,-0.017895423880681213,0.06784045918525235,0.12000719612463676,0.017828828840082668,0.402
3.7780025005340576,-0.3519797678626505,0.033005229297017415,0.12734748756249176,0.019450658064738287,0.402
3.788163661956787,-0.07774826975097524,0.061215288170400874,0.10163216697077615,-0.006294009482226521,0.402
3.7983338832855225,-0.4985517774152685,0.01185369122811863,0.10447828895136664,-0.06871118997486815,0.402
3.8084933757781982,-0.291213739370944,0.1672164945401679,0.112148319437617,-0.058105676760905806,0.402
3.818709373474121,-0.22363986816816897,-0.02846274210919991,0.18493432227919318,-0.10943067638551968,0.402
3.828889846801758,0.06906286164793932,0.0009895599271126305,0.1856103753667976,-0.11721785040992017,0.404
3.8390629291534424,-0.35542062364412896,-0.026900479370477064,0.2623945078120389,-0.08073136559677663,0.404
3.8492579460144043,-0.8510933193691568,0.04293900643679522,0.26655195064303594,-0.03526211333560001,0.404
3.8594717979431152,-0.4483793318249067,0.040162283760751254,0.1728903774039653,-0.04106200243846229,0.404
3.869666337966919,-0.010392183475954081,0.017559199746976766,0.1502488646455011,-0.06695422731422543,0.401
3.87984037399292,-0.2926976179793801,0.019988144858002974,0.18702700361190402,-0.01980609793858881,0.401
3.8900551795959473,-0.15725328634071722,0.05669696699554308,0.18359828444123094,-0.089457302009692,0.401
3.900233030319214,-0.2745966027977931,0.013564148335896035,0.19238763978046375,-0.03163001976140584,0.401
3.910391330718994,0.07556268168236802,0.008782176717403604,0.13797078922855044,-0.002989502462501112,0.401
3.9205775260925293,-0.2834315641626308,0.02001072806967786,0.13826702990982365,-0.019064612492313743,0.401
3.9307615756988525,-0.12769628157605867,-0.26320110281021225,0.17421360897792446,-0.053000610062767475,0.399
3.9409284591674805,0.016723723262222656,0.19262788962971578,0.1608255294665558,-0.014898288518356317,0.399
3.95109224319458,-1.04603386666813,0.008136728134844525,0.08766282839563737,0.01638947867052207,0.399
3.9612932205200195,0.10550977664502648,0.03123486368941327,0.16823948618588436,0.02097043878136175,0.399
3.9714481830596924,-0.656154901222665,0.021342985485195684,0.1521117202600793,0.041176726669263995,0.403
3.98166823387146,-0.025308726341651152,-0.03302706343146223,0.08970398438268959,0.03147066676885574,0.403
3.9918313026428223,-0.6298064015255593,0.16847215973668656,0.08591435091257452,0.0359477771273881,0.403
4.002007246017456,-0.17136826305939845,-0.242596697729126,0.06753697030343067,0.10185380307240456,0.403
4.012165546417236,-0.17074711610279417,-0.018811324585048316,0.030394053183319177,0.02570187106979049,0.403
4.022321939468384,-0.23946932251427736,-0.02068247300794631,0.0967108802512218,0.02550927190497469,0.403
4.032476186752319,-0.3546408830645613,-0.040057462234622955,0.057512635692837384,-0.008495434861009388,0.403
4.042657136917114,-0.003941066992938779,-0.04517390545103972,0.0899722210887656,0.0056120140051266615,0.403
4.0528223514556885,-0.1986153859294049,-0.02447852426503016,0.06814468931409583,-0.05443884345631751,0.403
4.062985897064209,-0.5822820540703737,-0.0011969658970952127,0.03572653494475496,0.010056538015906202,0.398
4.073143005371094,-0.17081181903887133,0.024101520475006532,-0.0058051981471380285,-0.037840326715405354,0.398
4.083302974700928,-0.1972726897425382,-0.009030717000881943,0.07408662246263562,0.00651491236125218,0.398
4.093469142913818,-0.16494948706485774,-0.017958623353345922,0.06976449183865127,-0.030355237697541358,0.398
4.103770732879639,-0.4010827762404547,-0.014404635759786417,0.08746399462426915,0.059856484153628126,0.398
4.113945245742798,-0.024889741640352618,-0.018545953296267487,0.08193386066076233,0.03712210243540829,0.398
4.124115705490112,-0.31867770702549897,-0.004608314469300424,0.036095134912600364,0.07502518479135978,0.399
4.134319067001343,-0.20138644505853465,0.02722245184502424,0.029102206497434252,0.02975803002450242,0.399
4.144521236419678,-0.2395499583962096,-0.004027547246023916,0.020430883407500655,-0.041975442107034196,0.399
4.154722213745117,0.10716140698329914,0.018989235281147925,-0.010937296067446395,-0.0856866602072964,0.399
4.164905786514282,-0.7860969642284127,0.017529055292925623,-0.01764220610231139,-0.03128279859314978,0.403
4.17507529258728,0.014547240484227994,0.0010139993083217401,-0.0546595004332807,-0.04371070671026002,0.403
4.1852428913116455,-0.03103487901694308,-0.020584835144871447,-0.06428641255986009,-0.058396806208054375,0.403
4.195416212081909,-0.6087680862200802,-0.060741999351755956,0.025527982590668935,-0.0404260085527646,0.403
4.205733299255371,0.029414453646060146,-0.006430986741657488,0.0202189000847999,-0.030006480786095094,0.403
4.215898513793945,-0.6018011014920776,0.008894527204514193,0.07538434766895503,-0.01651863131137382,0.403
4.2260613441467285,0.026200438702916887,0.024682411644820493,0.007117046675609293,-0.05868119028646486,0.403
4.236222505569458,-0.14400114036812015,-0.013970766144903524,-0.03694369563848236,0.002708351514134965,0.403
4.2463860511779785,-0.3834234244423332,-0.045448231014976886,-0.040805018828954515,-0.051140964207754755,0.403
4.256560564041138,-0.3363860122410064,-0.026337561857060505,0.006320622551511501,-0.021510099339746937,0.403
4.2667224407196045,0.10579192991682686,0.0029907589137974843,-0.06466985552498891,-0.03995034165210065,0.401
4.276902198791504,-0.3857461481417274,-0.025538141009606826,-0.08972217259908093,-0.03384522917273496,0.401
4.287091970443726,-0.33858455815268895,0.027550326467276433,-0.06807248378610048,-0.06965048045319211,0.401
4.297272443771362,-0.02691919330102028,0.003386053033558391,-0.055181112776364255,-0.07444339761738784,0.401
4.307457447052002,-0.16600903868996628,-0.17641125710738997,-0.011173943925574664,-0.0013840625252797886,0.401
4.317798852920532,-0.31062265108442433,0.21287566362714674,-0.10452509696796586,0.029809688113845975,0.401
4.3279759883880615,0.12949870684628484,0.06604926860541438,-0.11098485031078209,0.05272775698027949,0.397
4.338152170181274,-0.07706715839211639,0.014875483066331761,-0.10011217731022895,0.02675308604843404,0.397
4.348369359970093,0.20315493349342495,-0.00936419438436891,-0.08710194836152173,-0.007548868053234807,0.397
4.358554840087891,-0.512039260844798,0.003821271709834545,-0.051855619732181696,0.00438931620394726,0.397
4.368732452392578,-0.4308380290297124,0.06482048006930809,-0.068966744634338,0.08287062608376422,0.4
4.378912448883057,-0.4045717084866128,-0.0063266088658863765,-0.0917329464222129,-0.03758980050099124,0.4
4.3890979290008545,0.03353051430938271,0.016745597407065743,-0.10324789912197903,-0.051450989870466944,0.4
4.399307727813721,0.004728774891612384,0.002847882853125754,-0.03992169455836728,0.004532203093506975,0.4
4.40949010848999,0.031188656953123946,0.0005765792695848925,-0.14165513941999092,0.0453250866880386,0.4
4.419792652130127,0.009913969749627272,-0.012574275940796667,-0.12698017952082807,0.01471138038785962,0.4
4.429962635040283,-0.3477930157219313,0.18148449108807863,-0.08649296087648706,-0.0014608633598286284,0.4
4.440144062042236,-0.1601780457314911,-0.04142102719484505,-0.16945561659361727,0.055286805342911804,0.4
4.450305700302124,0.001265344907480255,-0.1783327677225465,-0.10306232068466774,0.03775550509807228,0.4
4.4604651927948,0.06605587809961072,0.08906992239709315,-0.09999956292015699,-0.03453635687127753,0.4
4.470728874206543,-0.19249269445656117,0.01049086848786372,-0.1166074878261704,-0.016436324413553256,0.398
4.480905771255493,-0.061634818562173364,-0.0012862726267724124,-0.14729001435557712,-0.017235792455030825,0.398
4.491070985794067,-0.3439663851154284,-0.003133329510050595,-0.20583790546471875,0.03405682979037432,0.398
4.501244068145752,0.0033788039391309784,0.03150532406242623,-0.17047306529670186,-0.012105402830283992,0.398
4.511406898498535,-0.0062576685020308154,-0.03973645930906926,-0.2098138332358785,-0.04057926671648408,0.398
4.521690368652344,-0.2132083828837969,-0.009780658695216557,-0.15733606489618582,-0.015042041760993516,0.398
4.531877517700195,-0.21509086555687662,-0.009780612859848348,-0.15571986477706606,-0.012025655019493344,0.401
4.542079448699951,0.12752790835309183,-0.04449394450605336,-0.07774261756079051,0.030635096350314233,0.401
4.552262783050537,0.08665750548469234,-0.050504770994494665,-0.14078577003548456,-0.021039562012932868,0.401
4.562436103820801,-0.17859353070716383,-0.005120023122402785,-0.17959412204909936,0.032497420062465636,0.401
4.572616338729858,0.045681485878864954,0.011459818891345867,-0.18194469245530315,0.026648280297673622,0.397
4.582818508148193,-0.11578866537118027,0.038031856029855635,-0.1665116295465126,0.013546058599985346,0.397
4.5930094718933105,-0.24434471152618556,0.0258497063923352,-0.142961318489779,0.00854631821960328,0.397
4.603190183639526,-0.17442555759358938,0.036609950393089494,-0.22014701907532228,-0.01824018986534342,0.397
4.613370895385742,0.14928602984694558,0.05231847576189365,-0.15162292903761174,0.043867391134220855,0.397
4.623593807220459,-0.1880187077063289,-0.012751544158530593,-0.17862964799139597,0.03468608946064351,0.402
4.633777856826782,0.09076935298786025,0.18809486589138585,-0.14394760836796888,0.06843850573207796,0.402
4.643981456756592,0.1151284699288557,-0.05466378069861332,-0.18151332579018206,-0.027508759816992835,0.402
4.654188394546509,0.018183185728429592,-0.19752293150511713,-0.17042353945361366,0.036325478279101354,0.402
4.664396286010742,-0.46322494635993317,0.016138782274173178,-0.189049236256011,0.020178379112009454,0.399
4.674631834030151,-0.017660995050018936,0.06976759888752425,-0.16504989026123432,-0.027410705315851044,0.399
4.684869289398193,0.06317629741156541,-0.00803452516159515,-0.1379572399680662,-0.012181288975406854,0.399
4.695068359375,0.02318203131897747,-0.004632720137365967,-0.19879020170005982,-0.02841579216313874,0.399
4.705273389816284,0.011581919766043393,-0.008496080154746753,-0.1967487330154312,0.11158235909545314,0.399
4.715458393096924,0.047859219451767715,-0.05585230490995164,-0.1980654276768604,0.042895415710913945,0.399
4.725708246231079,0.03190581882034987,0.019042274738821374,-0.14196453743709903,0.038748135277169644,0.399
4.735881090164185,-0.07943292511126757,0.014812762355831892,-0.1710866029071894,-0.029198072215491255,0.399
4.746066093444824,0.00913055671980329,0.03139892589663449,-0.19347268936139606,-0.007307587549108535,0.399
4.756233215332031,0.17476587252693515,-0.06882727941412331,-0.19836966683902457,-0.005950841320232237,0.399
4.766397714614868,-0.04906176113438322,-0.20593861472442063,-0.2222191467448982,0.07261457688319795,0.395
4.776581525802612,-0.10733160958277656,-0.02210017919231178,-0.19055911480833726,-0.0024521742966446118,0.395
4.786748886108398,0.17044694378036956,0.028272016661082058,-0.21606126100050563,0.03313257061712357,0.395
4.796930313110352,-0.0013127270899715375,-0.016111582148649915,-0.175424718898753,0.016191679998993777,0.395
4.8071088790893555,0.08672438469779013,0.02496085259773422,-0.24031154693355772,-0.05854597039286444,0.395
4.817285776138306,0.12953991767396197,-0.25302672085642175,-0.21484398202519128,0.014891488543138024,0.395
4.827457427978516,0.09845146271271943,-0.007551537301588446,-0.17301162671442016,0.0320665371877562,0.4
4.837690114974976,-0.06699506801947136,-0.013062058093680228,-0.21657124328788782,0.03520119543765218,0.4
4.847902059555054,-0.07289270726519916,0.03163181540820119,-0.19973288069313877,0.0002471770168608932,0.4
4.858124732971191,0.15929452608272518,0.01635045235904735,-0.25287906136667926,0.0391339652275914,0.4
4.868291139602661,0.20098648722906365,-0.033227895259284566,-0.2732837769045596,0.02358674863006099,0.4
4.878453016281128,-0.04081131499106439,0.007663453786415813,-0.2529334511621699,-0.03180898761935277,0.4
4.888642311096191,0.4138094562642749,0.01727198800714758,-0.18008368142487566,0.0199828687755183,0.4
4.898836374282837,-0.00957801621964931,0.01723752906593397,-0.2755124970662728,-0.02362945971435117,0.4
4.909038066864014,-0.027184708690148243,0.0256392544318224,-0.21845963941832397,0.06487692286379945,0.4
4.91920804977417,0.42013288993762127,-0.03851458052814959,-0.2618783933077493,0.0517898357959552,0.4
4.929384469985962,-0.0974109167254028,0.04165727270034786,-0.2543532419905676,0.07513673713976489,0.402
4.939562082290649,0.03948180340572624,-0.37439598279813846,-0.184957460271786,-0.055564450583347004,0.402
4.949786901473999,-0.21525687969129034,-0.0025642740485217323,-0.17422385611004776,-0.053137656432401495,0.402
4.959963321685791,0.780297395359664,-0.03702118123737839,-0.21539068144737553,-0.02151138652043771,0.402
4.970125675201416,0.2197421645300504,0.1722730015561607,-0.19299866310518837,-0.013328057984866202,0.403
4.980282306671143,-0.029318405673434123,-0.22958318447336099,-0.1511022485059564,-0.005358566832330544,0.403
4.9904375076293945,0.2713733629092945,-0.060612819561993186,-0.11993194234196586,0.047632099482312465,0.403
5.000624895095825,0.3726610379886124,0.024599458168986732,-0.056184522639220774,0.0026512834614157493,0.403
5.0107879638671875,0.22032338896540618,0.011074938994574223,-0.13183761993305027,-0.019088947845771087,0.403
5.020951509475708,0.19285374275442693,0.020234034268230047,-0.11091783617993237,0.026849177161532404,0.403
5.03110408782959,0.10970286799033353,-0.04479744079383962,-0.18047218518397407,-0.007397303178976422,0.402
5.041267395019531,0.0036896147451263538,-0.04620973979252088,-0.14763864856758466,-0.028813404359569396,0.402
5.051433801651001,0.2065695722402227,0.004157723630319409,-0.18488296037676377,-0.10093493405082553,0.402
5.061586380004883,0.11157590544365073,-0.23492690689882137,-0.156842507950398,-0.009941039479226641,0.402
5.071794748306274,0.23040775726313795,-0.01363840141553017,-0.19043653203958377,0.007044201787975135,0.401
5.0819501876831055,0.17597824197632686,-0.4565667841649462,-0.11280398497538255,-0.026998409002051277,0.401
5.09210991859436,0.2128431230471294,-0.07477635619742751,-0.17967909117437553,-0.06129860547181935,0.401
5.102271318435669,0.24307057691507256,-0.23080572245920858,-0.15242858298439482,-0.058361029517661964,0.401
5.112437009811401,0.6402143187346284,-0.0452540710963936,-0.1851692144707473,-0.0201696265676485,0.401
5.122653245925903,-0.042631730410175823,-0.03542853664457766,-0.18310172314744072,0.11385293108391248,0.401
5.132830381393433,0.1765765904612668,-0.02793106608308936,-0.21128520346187538,0.07892392263429254,0.402
5.143002271652222,-0.005789702231638425,-0.03270266145424539,-0.2122977927397858,-0.0018187852492340395,0.402
5.1531736850738525,0.3043899002335028,-0.01715111684387195,-0.13438821427064226,0.10715982318296856,0.402
5.1633641719818115,0.33659191117744913,-0.07183999585463223,-0.11860353650129091,0.0506859932110688,0.403
5.173545598983765,0.2283416365319651,-0.009269567891669186,-0.19480494120099506,0.08980081170942011,0.403
5.183767080307007,-0.038020699877568946,-0.03770508645338099,-0.11802301487720264,0.07073736783006948,0.403
5.19392991065979,-0.041652641562112895,-0.09517954616468825,-0.13344553855688746,0.02881582267918222,0.403
5.204104661941528,0.20858298842239106,0.032447123608096345,-0.21405583280753,0.08298367661205897,0.403
5.214263439178467,-0.022935325341416072,-0.0014461363249249205,-0.13217119514466175,0.07175779788368514,0.403
5.224441051483154,0.39013858115744504,-0.2146662202634146,-0.03908865398107653,0.007832065052686965,0.406
5.2346436977386475,-0.3049569930337063,0.00236243622106635,-0.15073235551583608,-0.007069725494065593,0.406
5.244819164276123,1.5967422041515125,-0.18490152353775405,-0.1427478015503537,0.1142097270747709,0.406
5.254979372024536,-0.04226865288924405,0.012890269456852642,-0.17406502135951168,0.06070941291399587,0.406
5.265136480331421,0.3737422888920539,0.04359459439576878,-0.2068359096760138,0.01408115217681958,0.403
5.27529239654541,-0.00336761801223508,-0.08112093836707515,-0.16088518838346066,0.07245290299166944,0.403
5.285449028015137,0.43750413194826376,-0.2956250843634863,-0.14858069160689108,0.023761781385895624,0.403
5.295651435852051,0.3138673287939479,-0.028167960808380285,-0.12409629883459324,0.045784215059484754,0.403
5.305819988250732,-0.04755479867263873,-0.01143797251223654,-0.1305716252932374,0.02118530382623042,0.403
5.3159849643707275,0.33111321236033725,-0.19396752691848324,-0.15398524114472698,0.016413374009891193,0.403
5.326156377792358,0.12600975039257437,0.05604753690060877,-0.21566771229460277,-0.0031343462619002754,0.408
5.336317777633667,0.15640558699453377,0.022262523944154525,-0.21243349593476177,-0.007902547157608103,0.408
5.346485376358032,0.08826002311879447,0.03611140975431182,-0.18685659048868858,0.04776193912501635,0.408
5.3566670417785645,0.8008180892667209,-0.0030053963194779827,-0.16520307748531798,0.03458623547793974,0.408
5.366847276687622,0.09252983546397599,-0.028696019187472978,-0.17194464907261292,0.08334235137900672,0.399
5.37700343132019,0.28130694762863756,0.009829635383869169,-0.06879713105718534,0.1087557835079257,0.399
5.3871588706970215,0.5917339104799411,0.01511506084287389,-0.1347116240153693,0.0020549825542157327,0.399
5.397324085235596,0.16946042930320934,-0.004067658225649316,-0.17131479912404493,-0.00879379117691656,0.399
5.407489776611328,0.36867700791718294,0.24106082999222578,-0.13818611144889065,0.06351113836646381,0.399
5.4177446365356445,0.18181546383567007,-0.005681572865625972,-0.18302142654129258,-0.04027027196253904,0.399
5.427914619445801,0.2590464616455706,-0.2016564603827418,-0.200420602889779,0.008680124463788762,0.395
5.438143014907837,0.0011570001508364295,0.06609605746973853,-0.22828011895693512,0.07430694071317023,0.395
5.448312282562256,0.47607940869513604,0.03871413900275317,-0.14086375180031435,0.06990068035539813,0.395
5.458468675613403,0.4946847316800675,0.0660099941162233,-0.05713128735807989,-0.0008656311025856053,0.395
5.468650579452515,0.16241049670508184,-0.014290652572061144,-0.1666932477067507,0.03366193073100443,0.4
5.478820562362671,0.6880720585854044,-0.016792907257590837,-0.23464087810159884,0.1525178029612196,0.4
5.4889771938323975,0.10984940299116791,0.013422720289049292,-0.13664236713273764,0.13855008053044163,0.4
5.499135494232178,0.23195226615369974,0.03509314537879693,-0.06563310064195646,0.0499179546841736,0.4
5.509307146072388,0.12729779049854842,0.22448155771894734,-0.08193177018590822,-0.04859161341192906,0.4
5.519466876983643,0.6366502535144389,0.05171107169660058,-0.20003949489515932,0.04547405872891265,0.4
5.52983832359314,0.02427967990794762,-0.04099805211443239,-0.269002001285519,0.08235172646174165,0.398
5.540205240249634,0.1900035760793206,-0.04454555824658633,-0.14174687084744259,0.11267144572505894,0.398
5.5504209995269775,0.004187097896608399,-0.041166622983943774,-0.06661428239328865,0.07508800060097706,0.398
5.560579538345337,0.8817199116046192,-0.16177923326148427,-0.12308690159200872,0.022026581074414367,0.398
5.570793390274048,0.17292417026013088,0.05162750935223289,-0.23153386563717343,0.03518379666133776,0.397
5.58095645904541,0.16812160726567876,-0.019056784679787983,-0.18306822001433581,0.03558427680125406,0.397
5.591116666793823,0.5728549527680902,-0.03822277741098857,-0.08572154942016767,0.05372433106193332,0.397
5.601280689239502,0.36150725037454673,0.001776421810939543,-0.04982880860678468,0.0002443214660483306,0.397
5.611447334289551,0.24821648473750269,0.011573189212486353,-0.16427305143099238,-0.010353867682988474,0.397
5.6216042041778564,0.3917295064462093,0.018341661756804503,-0.20621177693247877,-0.009543854545371634,0.397
5.631868839263916,0.23102909141650205,0.04827679409209706,-0.09487726819247007,0.01059992608371383,0.398
5.642037391662598,0.03149429971248874,0.04827679409209706,-0.09487726819247007,0.01059992608371383,0.398
5.652199983596802,0.7942012954359958,0.02217403730111702,-0.15612145495390375,0.03951689784838157,0.398
5.662382364273071,0.1891870063327051,-0.17897515169034028,-0.15612145495390375,0.03951689784838157,0.398
5.672618389129639,0.5662849903428737,-0.006089780304398526,-0.10175749233968528,0.07732873841488899,0.4
5.68287205696106,0.5511550893538347,-0.011190192674103781,-0.1328259347297503,-0.009027915809572903,0.4
5.693042993545532,0.6342724942134857,-0.013142934497048366,-0.13883571374070558,0.0643994687997964,0.4
5.703218460083008,0.2066864211112691,-0.038622491236053595,-0.10284273104346613,0.06876323103061117,0.4
5.7133870124816895,0.15303752281693678,-0.01140957986960849,-0.09505968792894447,0.069244788481337,0.4
5.723564624786377,0.8839193101401585,0.011656511124394696,-0.10816227112015678,0.006216700213436101,0.395
5.733786582946777,-0.2648014237754296,-0.004893911127725623,-0.07247592923163909,0.007161529057800674,0.395
5.743946313858032,0.9877250141663236,0.19603504155502066,-0.1535139043016709,-0.011910045316390963,0.395
5.754099130630493,0.28811905034413293,-0.030884217748295115,-0.1489417475116275,-0.0023224886172886067,0.395
5.7642502784729,0.3325047830277315,-0.0397226972424492,-0.13493387465308485,0.05953228140491343,0.4
5.7744011878967285,0.020632893596496164,-0.04068046517137102,-0.0760067330847122,0.06581980312436814,0.4
5.784552574157715,0.4433372070117508,0.07291596745055809,-0.08733987328516392,-0.019934196757774726,0.4
5.794771909713745,0.6462579530003378,0.06476290270382004,-0.04929869736934968,-0.030636022327786866,0.4
5.80493688583374,0.1883438353962434,0.03997557861198243,-0.04953041987606716,0.020123694319838938,0.4
5.8150880336761475,0.6084852732646163,0.032031928797734026,-0.05384931244932607,0.03068685376934489,0.4
5.8252503871917725,0.025593263906813754,0.007743473633218355,-0.04693367996386039,-0.06820950487164325,0.401
5.835405111312866,0.7615717780083885,-0.019479961289982053,-0.1718677038020829,-0.03139794102032191,0.401
5.8466715812683105,-0.04079452025995763,0.148523238245783,-0.165661263560048,0.06506603726653565,0.401
5.856986045837402,0.4278526252825679,0.006748429551265536,-0.02700219979182568,0.07240395238347036,0.401
5.867169141769409,0.3367232616672609,0.061063993640725664,-0.010845280949846443,0.011653109564371619,0.402
5.877325534820557,0.7721460166684709,0.0013924439464092294,-0.08179271889798838,-0.0020279717796337603,0.402
5.887478590011597,0.26288875498041214,-0.005218398455696308,-0.004549380238779169,0.0338480326528145,0.402
5.897635221481323,0.5731174348553773,-0.005371889361185422,0.08972714604158319,0.037142676560046856,0.402
5.907872438430786,-0.08797367321270799,0.03797267297500149,-0.008789722436614932,0.009261914136516777,0.402
5.918050050735474,0.7297337297817288,0.06190841779098459,-0.12651679737605703,0.019840696338649277,0.402
5.928258180618286,0.08510342044441473,0.04414703713530369,0.002740715637174679,0.05422737236043028,0.398
5.938443422317505,0.7351643133021487,0.05838605410337593,0.019914207551195703,0.027207194059725198,0.398
5.948606729507446,-0.04357700380933755,0.023058148957757884,-0.007925760269459108,-0.014277335776180535,0.398
5.958853721618652,0.5745002192793245,-0.05550688577717455,0.06622602254639622,-0.045055404612037706,0.398
5.969014644622803,0.2471051664123184,-0.06611633641806487,0.0693135985550073,-0.0289611329376625,0.401
5.979186773300171,0.4213589053830524,0.0005402215158023114,-0.03441964504208056,0.018009950223788766,0.401
5.989344120025635,0.2270590776277455,0.010908212718370806,0.04980191821217349,0.05553530787714979,0.401
5.999497890472412,0.26122433582591836,0.0454357153911706,0.0952681174763003,-0.01574623708742567,0.401
6.009686231613159,0.03265670506927632,0.018536160328483906,0.008647288248441,-0.04155859930456249,0.401
6.019840478897095,1.1307563442347952,0.03492337213308849,-0.01086207600943519,-0.0009433807822291961,0.401
6.029989004135132,0.052478308836750906,0.029283839432789695,0.08937308161383212,-0.0393425099466666,0.402
6.040147304534912,0.2705672177702736,0.5247840873939349,0.08801663453015883,-0.03608833829017479,0.402
6.050297260284424,-0.06704829525327854,0.0523618195127577,0.22884640433521883,-0.04478923368411558,0.402
6.060448169708252,0.3181632536572573,0.02295711055303648,0.19229651284783322,-0.09588109486988008,0.402
6.070595979690552,0.04743665712495931,-0.0031082156266518724,0.3276404248603533,-0.038178681244374416,0.4
6.0807623863220215,-0.014252004672943403,-0.04195673489310218,0.22997389659622045,-0.005812080839131321,0.4
6.0909271240234375,0.590974932323805,-0.04198904539410352,0.4337318335385701,0.0018762567733566562,0.4
6.101089239120483,0.08550814618829732,-0.003822562786085284,0.45406276217530567,-0.03650254134153218,0.4
6.111248254776001,0.48984340905878265,-0.0038263144165163283,0.6251936270183026,-0.036896865414079355,0.4
6.121405363082886,0.6104126793997006,0.17142457947167788,0.584999277732213,-0.016728551293146793,0.4
6.131592035293579,0.6676106178444224,0.005843706601119972,0.7458332557050643,0.06045063400718779,0.399
6.141786575317383,-0.13892402875165694,0.20728288792832764,0.7458332557050643,0.06045063400718779,0.399
6.151961803436279,0.059503082766023875,0.025129533058210696,0.7496552607712594,-0.0034414335496591193,0.399
6.162149429321289,0.5108629639359329,0.2037668249450786,0.859615009907202,0.04995456241809111,0.406
6.172330856323242,-0.10906042261766564,-0.008979500145411715,0.9234376322542903,0.0027940670595131487,0.406
6.18254542350769,-0.11945215927888186,0.016127618390749835,0.808652766269655,-0.015020557535181946,0.406
6.192941665649414,-0.29333977290952834,0.023827188650672685,1.0078875072435427,0.008498083410383658,0.406
6.203124284744263,0.14973950522343474,-0.021485148437081335,1.019903540210163,-0.04765346756465524,0.406
6.213302373886108,-0.08476381304518897,-0.21274165095733213,0.9995187651141103,0.0296112548499208,0.406
6.223479986190796,0.40795956807668343,-0.013656561766539956,0.9991707731803622,0.0849597513498455,0.407
6.233698129653931,-0.0766648661027126,-0.023362818147377937,1.0705976169960703,0.00035265153400538055,0.407
6.243913650512695,0.004716201538375949,0.004610680931310482,1.0832732349661187,-0.06529124249868888,0.407
6.254090309143066,0.12923184274753613,0.17264464061650295,1.1508280756998237,0.011438013761453028,0.407
6.264261722564697,-0.14717108269008264,-0.015607076359921892,1.1002902945804176,-0.014720248491681727,0.406
6.274431943893433,-0.05712865925234757,0.03359384480754359,0.991518622609845,-0.03919823234140257,0.406
6.284605264663696,-0.08487531396317985,-0.03263865910880542,1.0319269280318197,-0.03469965623479335,0.406
6.294798374176025,0.09498365889781753,-0.22216254119520443,0.9498534011377869,-0.014324357023963221,0.406
6.304987192153931,-0.22952845485615636,-0.005427714079684649,1.0102114489170593,0.02412503844408776,0.406
6.315159320831299,-0.13157888219220848,0.02870980026361638,0.9754647367503178,0.008722138921881319,0.406
6.325331926345825,-0.12224196648468104,0.0012806647540541702,0.9244018504519329,0.032918851825349836,0.405
6.335565090179443,-0.24221093039775007,0.006708881533733179,0.9389591770465808,0.023206191268581373,0.405
6.345792293548584,0.02396911469246592,-0.039197042873489026,0.8534462086915371,-0.05555108818127536,0.405
6.3559730052948,-0.45148801312813186,0.18042821463448916,0.9012505118721088,0.005379968562727398,0.405
6.366136074066162,0.33012246265587053,-0.2333217619695167,0.9765095877040388,-0.018893421673943672,0.399
6.37630033493042,-0.9257353295108209,0.0070976740079876696,0.8318361139481667,0.05201824413838566,0.399
6.386465787887573,-0.11180320034877626,0.020153615036405198,0.7723644022884311,0.04346143702984229,0.399
6.396643877029419,-0.2765399827718013,0.00967628239440538,0.6743294976277668,-0.04460028615062414,0.399
6.406883478164673,-0.4049442030549045,-0.01783420250871242,0.7127066379922037,0.03659468428889558,0.399
6.417057991027832,-0.1380774678801727,-0.22975319339718547,0.7358966675743541,0.013424098302330222,0.399
6.427246332168579,-0.6952458651321675,-0.01983912315730552,0.7041980938609441,0.03833415079864442,0.395
6.437463998794556,-0.43212390893572805,-0.008303839226540547,0.7050910416620833,0.09391877321388649,0.395
6.447661399841309,-0.03833284335478792,0.008952778792103318,0.624445230351479,0.030666378078115286,0.395
6.457836389541626,-0.5676053799431704,0.007530628433236789,0.7024927843123657,0.009261825517399732,0.395
6.468006610870361,-0.07106696276666291,-0.25374710499598785,0.6819865493695223,0.006070082616263002,0.394
6.478214263916016,-0.7825158541034916,-0.005483600153756757,0.5969761596435018,-0.04637942437420996,0.394
6.488391160964966,-0.0709866294256119,-0.07682657706283903,0.5569756301164713,0.007514605392635491,0.394
6.498568058013916,-0.4996519512291777,-0.06061714653945875,0.5736522243279727,0.054996866925026665,0.394
6.508859157562256,-0.12568175574165982,-0.017489952730508032,0.44349861689526515,0.04933157900857534,0.394
6.519035816192627,-0.9285379312126301,0.02160573633030562,0.41485797074244796,0.02013672819714724,0.394
6.529221534729004,-0.08978652327702825,-0.024088022853429914,0.4072204403499964,0.06792236585540687,0.393
6.5394086837768555,-0.5157119031283923,-0.04631957955658271,0.4020389293936414,0.0655668675721188,0.393
6.549627780914307,0.03231024518287352,-0.15495877019224422,0.3237802834023834,0.046051052183220316,0.393
6.55980920791626,-0.9627913190802951,0.002011290690657162,0.33783357711951545,0.11083738338923287,0.393
6.569974660873413,-0.47804199551860754,-0.04972911300781447,0.2173044027321577,0.05921228814012337,0.393
6.580131530761719,-0.6110093708363632,-0.018849888766658048,0.22983038167587683,0.020103768792340767,0.393
6.590286731719971,-0.03075175092367923,-0.0015886596054300152,0.2716928045931572,0.045984703290441103,0.393
6.6004462242126465,-0.8219752841031986,-0.002125373518199896,0.2602258216331934,0.06300894416924896,0.393
6.610630512237549,-0.4944840122986543,-0.03192423415522611,0.21535110392394277,0.08625723345462172,0.393
6.620936632156372,-0.27863136820970297,-0.049189039995976534,0.277356271709722,-0.009867666074174258,0.393
6.631105422973633,-0.283995247582721,-0.04918850413383932,0.2503377736472038,-0.009293035710247886,0.389
6.641266584396362,0.018652700489169872,-0.020872019464031742,0.17203488628081395,0.12013349420463044,0.389
6.651427507400513,-0.9890554077844702,-0.020871982374440594,0.1282564678041174,0.12313069028365921,0.389
6.661587238311768,-0.3065514244476383,-0.14086396460294476,0.1886402793477361,-0.03143080729565294,0.389
6.671825885772705,-0.6497911717590216,0.042642521021278065,0.1335661452998265,0.021163725877594738,0.395
6.6820220947265625,-0.7517195643429354,0.21202881750111355,0.07607653662452797,-0.010441470499971458,0.395
6.692234754562378,-0.6910046651791006,0.16982600471995463,0.11582645871609987,-0.014548734911198808,0.395
6.702448606491089,-0.6863797573156678,-0.19035273103686678,0.11595926962619392,-0.04121054338271325,0.395
6.71263861656189,-0.31075942901161885,0.21156479019952473,-0.039763062129175894,0.0677236087769928,0.395
6.722829580307007,-0.5916185262761345,0.054292925963332156,-0.017471675235323947,0.10492376418917192,0.393
6.733043670654297,-0.1657580377666982,0.031549742645387166,-0.05665916826188046,0.032072112739838274,0.393
6.743216037750244,-0.29795233576778285,0.03882497341151275,-0.0469933327368859,0.054111911837955946,0.393
6.753386497497559,-0.5085512788862608,0.0914850608537268,0.012787249700716458,0.021555215318912982,0.393
6.763569355010986,-0.8733399335322508,0.2899597539911949,-0.012979891743156446,0.03159414778513076,0.396
6.773870229721069,-0.13194740609666408,-0.0001613924227888143,-0.05403339402779342,0.027083215928454977,0.396
6.784039258956909,-0.3925231948360036,0.010646238075385043,-0.04537339582665589,0.04032607671463955,0.396
6.794210195541382,-0.2613570466336335,-0.023491262565903753,-0.04033470208294568,-0.025411651695007746,0.396
6.804389238357544,-0.5178169475519637,0.19415815225657332,-0.10339333997347083,-0.06978451691614897,0.396
6.8145599365234375,-0.27459473485052344,-0.03618351914998291,-0.06463097107140064,-0.03274469095498917,0.396
6.824854612350464,-0.7137852880457233,0.0365068059474031,-0.13154442672053104,-0.018856726866131643,0.401
6.835043907165527,-0.27412400729913206,0.040442071820242745,-0.1524969082430105,0.11413637761345055,0.401
6.8467137813568115,-0.1970193834349334,-0.022953873794070025,-0.12857346884009702,0.03141360983858883,0.401
6.857126235961914,-0.5642410142934443,-0.0005426975590382738,-0.12368186520354274,0.02672182876322474,0.401
6.867306709289551,-0.1586961363410381,0.013846339497103306,-0.07366062335436502,0.030469543229436995,0.399
6.877481460571289,-0.04951723611722527,-0.025361912504277318,-0.056225120274107185,0.06900464762909883,0.399
6.88766622543335,-0.7062240270609783,0.016832241996674435,-0.10903759373870531,0.023883709924476547,0.399
6.897908926010132,-0.05847942655635787,-0.024462249057376175,-0.08218789856833777,0.018642156572122266,0.399
6.908082962036133,-0.33806560966709526,-0.052654089578010696,-0.04903869581106948,-0.04491300911292128,0.399
6.9182634353637695,-0.2732798140284252,-0.032145719953297076,-0.11938164948586368,0.006633086598287707,0.399
6.928542613983154,-0.005686951402530319,0.015844073004365255,-0.1333224755093695,0.0653827035377303,0.402
6.938798904418945,-0.6529738783354974,-0.005051139022522466,-0.13445323395628864,0.018302725626387965,0.402
6.949015140533447,0.05806238894469121,-0.05354493297126211,-0.16424165694427664,0.008586021006529467,0.402
6.959215879440308,-0.38534775612589534,-0.015059202471132307,-0.1290304267735266,0.1083827076897969,0.402
6.9694013595581055,-0.13573266668599676,0.028072309804720676,-0.1936745691523252,0.047491156903108116,0.403
6.979575872421265,-0.2022008159834478,0.09051360752421395,-0.12836307122301982,0.0065057649615969096,0.403
6.98979640007019,-0.45434807398507016,0.07114110055527348,-0.21856476477511572,-0.057255253018552985,0.403
6.999972343444824,-0.09898442517869908,0.02796669552702739,-0.18358400992310542,-0.042789719739140974,0.403
7.010192632675171,-0.6213512544976473,0.028852870065512296,-0.28995489303833133,0.02843997088494733,0.403
7.020364761352539,-0.1818488259310598,-0.0002689032159036234,-0.31514503462813015,0.07311681632921706,0.403
7.030537366867065,0.010304363805027562,0.005886461077818115,-0.2849385367306152,0.039119803943342635,0.405
7.040758371353149,-0.06479834411612327,-0.021969797463684347,-0.29246578840118165,-0.011735290363255352,0.405
7.050989389419556,-0.16158212672217184,-0.025221649246208983,-0.3775152986684717,0.04443770970370276,0.405
7.06119966506958,-0.7415210620212789,0.0066381967319851945,-0.35097254508400044,0.046095648967279634,0.405
7.07136869430542,0.1075796747411855,0.01524108039849107,-0.3377698840878699,-0.026920577064764466,0.405
7.081621170043945,-0.16304171971376788,0.017017334842001443,-0.3071961184180937,-0.0007798082394505066,0.405
7.091823577880859,-0.009128079993203267,0.07605489204482589,-0.2973541554512047,0.0075352898967525565,0.405
7.101996898651123,-0.4563534054791299,-0.021079886734027754,-0.3492841317075652,0.046485357599302585,0.405
7.112220287322998,-0.05572287952642332,-0.03288513295913876,-0.29331707083115843,-0.026589652883345753,0.405
7.122399806976318,-0.43346273921234507,-0.25165167459677534,-0.33631494164584974,-0.020464375733940485,0.404
7.132625579833984,0.18098031820349456,-0.046082571743075895,-0.32017460073951726,0.054795221824729234,0.404
7.142822980880737,-0.25233793393207565,-0.01792334126226459,-0.37727937937219885,-0.022798299841432546,0.404
7.152993679046631,-0.07387831442416863,-0.0178572724503148,-0.3953083421170059,0.06043777628670826,0.404
7.163170099258423,-0.0890841352749775,-0.0306612551150017,-0.3192168732933863,-0.0010918509086979308,0.405
7.173341989517212,-0.10951220091843175,0.03343361541507414,-0.2958833930878977,0.04360139463377335,0.405
7.183541774749756,-0.03632092508592862,-0.1588374140633147,-0.30955366430956355,0.09113937905920089,0.405
7.1938087940216064,-0.1327603898619364,-0.006113858434074706,-0.37874965815656664,-0.05562267799420641,0.405
7.2040181159973145,-0.08453861655814861,-0.056246593614222004,-0.3846467190278346,-0.026018741299869474,0.405
7.2141947746276855,-0.09983571683754525,-0.050711584748603634,-0.29882964266008294,0.015611940124736367,0.405
7.224364995956421,-0.11056193741199116,-0.04749607984068014,-0.3748121756880863,0.018411831480545083,0.403
7.234538316726685,-0.2057441758828502,-0.026997651194626812,-0.3627292519094781,0.0242855090925811,0.403
7.244726181030273,0.09450099436401929,-0.005953316253656581,-0.3062467425399639,-0.013037811998341309,0.403
7.2549543380737305,-0.05212033796969387,0.031043044327624725,-0.30060455453978685,0.014905724399582924,0.403
7.265162706375122,0.23167727760726725,0.025570058528445194,-0.23987966978333553,0.08256815952934962,0.402
7.27532958984375,0.05630398814981386,0.030628962837946548,-0.2642758364510263,0.0027034452258247145,0.402
7.2855000495910645,-0.1011569611134028,-0.03619561164069248,-0.24325037799461385,-0.016302112024739322,0.402
7.295673131942749,-0.1165566122956606,-0.009051596773466094,-0.12860015877873682,0.02529397866439809,0.402
7.305966377258301,0.0671359127185574,-0.223556970117522,-0.1065861224021859,-0.004313697751803172,0.402
7.316137313842773,-0.18292451762604148,-0.0007736252375696254,-0.1970720084909941,-0.04199894584581262,0.402
7.326313018798828,0.14329520134452584,-0.02817971419108519,-0.105767021394511,0.052019640562396635,0.402
7.336482524871826,-0.04066944917710295,0.004701969091789998,-0.10546792596447982,-0.016422172379543562,0.402
7.346657037734985,0.21260319664984278,-0.00790496132772993,-0.24858799424711514,0.027364530726204428,0.402
7.356959819793701,-0.10428986321637755,-0.020690817152849532,-0.24034824042056344,0.06662632591971969,0.402
7.367132186889648,0.22967080980433255,0.03875187198323289,-0.07772823135030218,0.0017637863290194825,0.402
7.377302169799805,-0.1325407281657691,0.05052390721393675,-0.10552576921300574,-0.059826219526207466,0.402
7.387476682662964,0.03256202133352383,-0.021833515782495903,-0.17634901201000583,0.05160093007871645,0.402
7.397683382034302,-0.19817802688392583,-0.0146827960317717,-0.11113842496692238,0.06989681198931282,0.402
7.407877445220947,-0.006689586396021509,-0.018934898919800398,-0.01224042936164152,-0.009986145364051359,0.402
7.418050527572632,0.8421661387640093,0.01516057783312802,-0.08029203868230782,-0.04872138802137963,0.402
7.428225040435791,-0.06475469208492324,0.01705342133083376,-0.07400211674813292,0.01921822640300802,0.402
7.438399791717529,-0.12731315597721143,0.004049241633010537,-0.01898300152132979,0.0717726575899802,0.402
7.448618173599243,-0.10323814750688917,0.04364129265314538,-0.012680212032929121,-0.03679009447607701,0.402
7.458857774734497,0.21946725030853698,-0.03632838594255973,-0.005659787714178466,-0.019598163972733902,0.402
7.46903657913208,0.46676867585246784,-0.008261362696282418,0.008126878789365105,0.061349227958696274,0.401
7.479213714599609,0.0032599205358373557,-0.03627066078919542,-0.006043874071919912,-0.024561533408792316,0.401
7.489386081695557,-0.14544779492148502,-0.061454813044504605,0.10045741547879139,-0.07968036470739769,0.401
7.499561071395874,0.1875756513750223,0.011762601209521066,0.08037590142624519,0.10143096497485211,0.401
7.509795665740967,-0.16993809219797687,0.006215890550156883,0.09292376130019558,0.044712578617624066,0.401
7.520015478134155,-0.13016486327346463,-0.22437997568608628,0.07212382503189008,0.024968621171773217,0.401
7.530194282531738,-0.09485783638843741,0.04612170290285681,-0.019966100579565688,0.05795110823729446,0.4
7.540429353713989,0.12049374958403468,-0.012236420730157151,0.08235710994034325,0.10549418367225834,0.4
7.550619125366211,0.08058681478427988,-0.044213739334177944,0.2169697538235038,0.03968171978387845,0.4
7.560831069946289,0.11165750901126915,-0.022288466183157482,0.06438772436751553,0.08994024748917206,0.4
7.571017265319824,0.1230953339603645,-0.15995228597868896,0.1561606974056756,0.053917868522364645,0.399
7.581183433532715,0.5603236366868048,0.1880337465007688,0.14625703028669784,0.024307456582249056,0.399
7.591351509094238,0.008434062960237491,0.02705095837899955,0.08239930254692975,0.0663016747728881,0.399
7.601530075073242,-0.09805586463969916,0.015465831932053645,0.0744837923020087,0.13921888722511536,0.399
7.611705303192139,-0.03180470538894585,0.010765278086431808,0.20470056070672432,0.10576510966439731,0.399
7.621902227401733,-0.02278083896089671,0.03846141118677832,0.21149604992491922,0.04970667400431371,0.399
7.632076740264893,0.04679668514131762,0.005451574236726768,0.11373240200096733,-0.0012535010176206555,0.399
7.642298698425293,-0.05193553289792096,0.0323443177386396,0.15311601867636077,0.02300703772781528,0.399
7.652470588684082,-0.07673495593332658,-0.05709731016336072,0.20399475301067094,0.06637133522470225,0.399
7.662641763687134,0.3074194035586425,-0.03442913719808646,0.16571069840716707,0.0821232583375237,0.399
7.672845840454102,-0.07367753393277787,0.02247524775476117,0.04456568633523046,0.08441514471778429,0.399
7.6830222606658936,0.0050819535883884276,-0.016614072796568388,0.13174919596742482,0.04581717907482094,0.399
7.693262577056885,-0.05496760723076803,-0.03856602008176652,0.2208117744099692,0.007097297140450591,0.399
7.70348334312439,0.21673061088248335,-0.003029674062517274,0.26805759328838175,0.03065251792445535,0.399
7.713692665100098,0.027110545046732576,-0.08946312961023523,0.2365839932476948,0.03936202077524255,0.399
7.723893165588379,-0.03208895095915323,-0.027209564030575156,0.15412512201919557,-0.016702743243604625,0.401
7.734112501144409,-0.037465179129061735,-0.007690706699326353,0.19039026034735573,0.08187271143576674,0.401
7.744288921356201,-0.045210036367222685,0.02123149337895154,0.2137691879722658,0.07960460622636982,0.401
7.754464387893677,0.024649835688413415,0.03791700858665521,0.3206805282829703,0.05108475253775503,0.401
7.764641523361206,-0.36321486652260143,0.03284760947519121,0.25999277416093536,0.04421066059964428,0.399
7.774850130081177,0.11661042460099923,-0.0006945039510873972,0.15426326216484276,0.030609074994689858,0.399
7.785025596618652,-0.151892555890964,-0.017974578943596223,0.14617380628807755,0.01596772772140495,0.399
7.795248508453369,0.035287264168978726,0.016553436625053746,0.2677251753247577,0.06886056866696252,0.399
7.8054258823394775,-0.2821590930187917,-0.034789563640833056,0.1574823962489983,0.002005486386459414,0.399
7.815600395202637,0.030722070138552934,-0.06211046934244895,0.11302670230353534,-0.008811205639453059,0.399
7.825820684432983,-0.07947838683162464,-0.031227488520134593,0.21282974623013334,0.010802749089870299,0.399
7.836001396179199,0.10736384344878669,-0.025822455026148116,0.23423297975597185,0.10223443637786717,0.399
7.846184492111206,0.12581449150167348,-0.010070284632741922,0.20719570318813826,0.08082772821550213,0.399
7.856400728225708,-0.122923882894269,0.03238841470980171,0.14655752346537843,-0.021951943808098166,0.399
7.866600036621094,-0.27189265409682833,0.0074265453454862435,0.1425769663673051,0.023368873284028646,0.399
7.876805782318115,0.04818363548642673,-0.03211663030125347,0.1755261314370562,0.08708936397796424,0.399
7.886990785598755,-0.15931539322454843,-0.019022874644750776,0.1179533058630469,0.06638043151666884,0.399
7.8972179889678955,0.087614955454593,-0.002636869254104962,0.07925239826568488,0.0617373743517351,0.399
7.907397985458374,-0.03823023930447207,-0.18650344137934713,0.006727705326221765,0.024130886156661084,0.399
7.917582988739014,-0.027782108066319845,0.01694867387442311,0.09515362510579076,-0.009308315445871813,0.399
7.927788972854614,0.03094286112135262,0.018732088237984584,0.11204930333981099,0.03001315313048617,0.397
7.9379706382751465,-0.16644773928911924,0.05262068728207278,0.06060202672150718,0.04625787247557266,0.397
7.948157787322998,0.4722860147358663,-0.03996181797886734,-0.07081982529174835,-0.011409765160980027,0.397
7.958385229110718,0.03939498207540737,0.16902820984364525,-0.08202378208403499,0.036835607561685316,0.397
7.968591690063477,-0.1161868557863386,-0.21054506558266745,-0.21017054288799436,0.09278732614308398,0.399
7.978816032409668,-0.39095284876635583,-0.18529193102505073,-0.16108960695240443,0.017426834331004993,0.399
7.9890594482421875,0.1316606412260429,0.23394772724658086,-0.287938492991477,0.06954345818188742,0.399
7.999251127243042,-0.42842699796242195,-0.00838937539706467,-0.3148384921388583,0.05239394949348739,0.399
8.00943660736084,0.38590343492504003,-0.03673296900616677,-0.4503696224861014,-0.04875767769575175,0.399
8.019630193710327,-0.05297269243820276,0.011535781092599647,-0.497141693170461,0.018512707303287006,0.399
8.0298171043396,0.07561094247091066,0.033375482958782995,-0.5441162064472589,0.05764926269513779,0.402
8.040064334869385,-0.426392350207353,0.3532706273858925,-0.5097533714464259,0.0540734562632235,0.402
8.050241470336914,-0.20938487245142262,0.020682919555268325,-0.6621105820225536,-0.02544191387826425,0.402
8.060415506362915,-0.06542527828911512,0.0154415647466572,-0.6674728819770074,-0.000657402918445911,0.402
8.070589780807495,0.24165210041586493,0.05731656199156477,-0.6563064204131132,0.058946823983419105,0.399
8.080812215805054,-0.194478625755023,0.04217712836584551,-0.6424283325995646,0.060189894221374864,0.399
8.091034173965454,-0.015209477366561502,0.010364718221780391,-0.858587279769913,0.04936338602286826,0.399
8.101253032684326,-0.06133265203119886,-0.04648569530767635,-0.85961082377911,0.07444073862644299,0.399
8.111432075500488,0.08918584253714013,0.21984696355920216,-0.7077273087532526,0.061959193216488906,0.399
8.121610641479492,0.09611275538916118,0.008886983367818166,-0.7920936420024466,0.0024803536102243895,0.399
8.131851196289062,-0.029015343679786955,0.023783028873741757,-0.8655502034353189,0.07990558260644583,0.399
8.142105340957642,0.11977502654293634,0.054727130668369345,-0.797579929560624,0.02937023144350052,0.399
8.152292251586914,0.4670146319786384,0.2199526767316261,-0.7098813039709312,0.005574396074779875,0.399
8.162468194961548,0.07906797465784907,0.025150947108997568,-0.7816877448922385,0.056510374369319785,0.4
8.172642469406128,0.1500887770844485,-0.016885843363135707,-0.8242775393877086,0.040575595350598306,0.4
8.182833909988403,0.2261938326871353,-0.00970869554453632,-0.7571236040672609,0.03820476923196772,0.4
8.193060398101807,-0.005791004468374149,0.016128152778949207,-0.7545497701797734,0.059942023615009624,0.4
8.203261375427246,0.39806191724011203,0.04001916063871924,-0.772791302510491,0.037749483032319564,0.4
8.213465929031372,0.2848583361530565,0.0194127689426173,-0.6982522392931958,0.05854930117543678,0.4
8.223661422729492,0.24526847128324947,0.02461170429202409,-0.7197446309468762,0.0633103802819496,0.402
8.233852863311768,0.03141430702397766,0.19237463689663103,-0.7777733315908695,-0.0421967592356489,0.402
8.244040250778198,0.38213981271006786,0.0247255070310707,-0.812405259872042,-0.0019227986103401522,0.402
8.254221439361572,0.2548022592403702,0.026976760162591467,-0.7426624552767027,0.02930697335545399,0.402
8.26441216468811,0.38389528970183967,0.08661163701536062,-0.7152380954101794,0.09040378666167065,0.403
8.274593830108643,0.3186371775057867,-0.0003848685147550834,-0.6201569067084552,0.05094719456793491,0.403
8.28479266166687,0.6539628912065133,-0.023227780151035264,-0.6267660654374366,-0.011048464097081153,0.403
8.294979572296143,0.15192861476523414,0.21866685773042213,-0.6627506303611325,-0.03187566147818689,0.403
8.305160999298096,0.3786266144478478,0.005441790157232464,-0.6904185769251431,-0.03140260480923145,0.403
8.315338611602783,0.7378505087886179,-0.004616436949149509,-0.6557510367356888,0.10190866241977146,0.403
8.325510263442993,0.3696940567698929,0.00024090769254939427,-0.5684669848763508,0.11855413304266077,0.403
8.33568525314331,0.19199679742654893,-0.003921947012675338,-0.538338744171428,-0.019736125187124358,0.403
8.346019268035889,0.6244520088650979,-0.01954948011047164,-0.6289429652344117,-0.034332042474919944,0.403
8.356204509735107,0.3891601107253157,-0.04442171491458223,-0.5769653541080213,0.05858966292928393,0.403
8.366377830505371,0.7389079721046194,-0.0024376999074494287,-0.5285786277454942,-0.010361689241899693,0.4
8.376550674438477,-0.013587676732151855,0.05651673977499933,-0.36986661871660137,0.03747386935887937,0.4
8.386720180511475,1.1488867024231235,-0.019934309579705503,-0.3200865350531031,0.029815521249654035,0.4
8.396955728530884,-0.13431906602540258,-0.2409489300931223,-0.3009066592959968,0.0707679487755382,0.4
8.407133102416992,0.8715247614002919,0.00424143190843488,-0.35733237703358556,0.09405064947592841,0.4
8.417304277420044,0.6562806375484075,0.24816230469428963,-0.43053419992866127,0.005315785439403989,0.4
8.427481174468994,0.4328706045454909,0.038665622243459624,-0.3148718327414094,0.06480920714131201,0.4
8.437652111053467,0.3894250180692598,-0.24649799361754451,-0.27276776478371706,0.0819759833461819,0.4
8.447837829589844,0.7555709311207234,-0.0009433259301922665,-0.25957782759001125,0.04432073750744278,0.4
8.458314180374146,-0.191289364367569,0.015750095802671542,-0.22259895189783394,0.015550942610365964,0.4
8.468504190444946,0.629749120380583,0.04728870029324812,-0.2319427577541326,-0.044503716213283195,0.399
8.478679895401001,1.0885229601124065,-0.008208079257931386,-0.2990282161284291,0.014933007746948283,0.399
8.488990783691406,0.25921951770837975,-0.011206356620989231,-0.24492366895242576,0.040304214215133895,0.399
8.499168395996094,0.5636665060465376,-0.0025839694340120175,-0.178290396744594,0.017295867178519195,0.399
8.50936484336853,0.2360977164778629,0.010289314926907066,-0.1473293380213772,0.06122305822661716,0.399
8.51953673362732,1.1190810391388986,-0.004649488709482048,-0.10159078112266864,0.03696801032397877,0.399
8.529707908630371,0.11670428185595587,-0.0040070328566887544,-0.10921173703963735,-0.03462631839471554,0.396
8.539911031723022,0.7590427025806024,0.18711993600439433,-0.15960486814419256,-0.03585079196913984,0.396
8.550137281417847,0.030374413672473077,-0.026027168862969203,-0.073179642029026,0.05165292628902601,0.396
8.560317516326904,0.8120983589999929,-0.02756257510510002,-0.03247028833583486,0.08213209196161482,0.396
8.570490837097168,0.4767203418244476,0.04081329655759993,0.035034417150640346,0.053474549753141,0.395
8.580661058425903,0.8033576384190182,0.049621552619288835,0.04665322940270575,0.02371615719441951,0.395
8.59085750579834,0.5016380365191612,0.17343400069247933,0.04163685373158375,0.0010640394224910987,0.395
8.601036787033081,0.7697459225405437,-0.2628687482057759,-0.05452607970815944,0.0663279866513139,0.395
8.611253023147583,0.21980042291944976,0.0075138739913810015,-0.004572371576389039,0.08856881707700108,0.395
8.62142539024353,0.8490333314703639,0.07172485105377337,0.08031754037718311,0.12918448393457835,0.395
8.631601333618164,0.24501341605112678,0.07172470208450708,0.07577108386190565,0.12225503404697158,0.396
8.641791582107544,0.47643616353618395,0.08793897729045078,0.008253863458547582,0.06500724285733626,0.396
8.651999235153198,0.278868617245254,0.24694656329045925,0.029495949045179843,0.007543754997102348,0.396
8.66218113899231,1.0213567206837144,0.22121496393554718,-0.012346432557971083,0.039286727134272045,0.396
8.672348499298096,0.867740683259882,-0.010785951899553543,0.004422031268068435,0.07174212256457442,0.395
8.682515144348145,0.09542221142048031,0.16103271735039726,0.046993385060791835,0.04501616895581763,0.395
8.692686080932617,0.8177771665563611,0.018609630271801986,0.013676257662197294,-0.018521355305274732,0.395
8.702941179275513,0.012555139371329089,0.03373751061851653,-0.057425702536650546,0.009495775677499568,0.395
8.713152647018433,0.7928694039109845,0.2608403790170652,-0.021257353563985067,0.016146457970119522,0.395
8.723362684249878,0.5861440100407054,0.08578992351341191,0.027907539467788796,0.02214931948670394,0.396
8.733561038970947,0.03398294726647426,0.053937469908612055,-0.05659398859710306,-0.017544139943793374,0.396
8.743751287460327,0.5873311712069502,0.014893058549738712,-0.027533913453430356,0.030007496433253386,0.396
8.753943920135498,0.3397792584006357,-0.043323885481136706,0.08011357691998945,0.055126284517400224,0.396
8.764114618301392,0.8207975920235884,0.24313919363911699,0.03436964229678162,0.0059591280399610355,0.394
8.774284839630127,0.8336381755369323,0.06664147728360145,-0.0580827807863476,0.017307898717059914,0.394
8.784459829330444,0.36734939407383765,0.055994068807236085,0.0022117950870279846,0.026563805008687817,0.394
8.794630527496338,0.7698912323570828,0.0008116026884505284,0.07537031571255312,-0.023927896211250535,0.394
8.804911375045776,0.27379508335375785,0.008507613038327136,0.013698194633353283,-0.029668304401814907,0.394
8.815130233764648,0.20511258093184462,0.014177953804217752,0.046268847762616465,-0.024574497335642594,0.394
8.825419425964355,0.6348967931225409,0.2307836682829822,0.04319197689384269,-0.12381190503431089,0.395
8.835589170455933,0.35571664414808346,0.010653746720464572,-0.024782003623730346,0.011875111838625434,0.395
8.84576940536499,0.7052378835877673,0.009873166650029169,-0.04652468012295267,-0.08724422856304465,0.395
8.85637879371643,0.5642872603211179,-0.04938897136166405,-0.06531947940618973,-0.0632135648104947,0.395
8.866581678390503,0.4512616601510091,-0.06426976728006034,0.0072153183648672485,-0.06964772633530783,0.399
8.876758337020874,0.45641703079868917,-0.02463129629354865,-0.01945153828753426,-0.08899396450866884,0.399
8.887027978897095,0.2582496117941804,-0.030858774599334983,0.06656911319359923,-0.035821906013234595,0.399
8.897204875946045,0.3602502937604286,0.1772860261804822,0.03601918973497475,-0.0527093963119803,0.399
8.907381057739258,0.46906980497249434,0.01462858630546905,-0.012701629962557234,0.06643760692665651,0.399
8.917553186416626,0.47853508011444035,0.2590005823250839,-0.06553261514232812,0.01714504503622434,0.399
8.927726745605469,0.5689157812287292,0.2427071873060292,-0.04890643645117532,-0.02247350151049917,0.402
8.937986612319946,0.38382440266138307,0.08276552969151654,-0.07287009903549604,-0.061061377064527037,0.402
8.94818115234375,0.3845580825220343,0.01732561730601634,-0.02498100608464716,-0.02359551109933169,0.402
8.958401918411255,0.35011839508955245,-0.06428596321795978,-0.04472812090367187,0.017453977179779673,0.402
8.968581438064575,0.5206501424142472,-0.10971598527988694,-0.07215211446329897,0.11094132856062497,0.402
8.978801965713501,0.21445107110385764,-0.08324313484925085,-0.047873878514780574,0.08942057376276964,0.402
8.989064455032349,0.3838615161209457,-0.04613108954381927,-0.03803805550021713,0.10046747992012867,0.402
8.999246597290039,0.4994344974281782,0.046964039602410114,-0.04475379459898055,0.00016860016285458537,0.402
9.009425401687622,0.3347333008000876,0.24798370093242883,-0.07627589220714309,-0.062487634159428276,0.402
9.019603729248047,0.9681603148335869,0.04651663135347468,-0.0964717528406882,-0.02269338285591093,0.402
9.029775381088257,0.20181160656333835,0.008594753628033018,-0.12380470881430994,-0.015713339259420492,0.404
9.040295839309692,0.427201239822208,0.21165945243722326,-0.13694788124779034,-0.050405991090471815,0.404
9.050469160079956,0.4414503125204943,-0.04696828985194931,-0.14886371760198755,-0.0020206385382713354,0.404
9.060643196105957,0.5091345692123851,-0.019289509581615155,-0.14830265119556577,-0.04214699354810284,0.404
9.070859909057617,0.10314838801640895,0.156926018902896,-0.12739373671912732,-0.04837047678537655,0.405
9.081071376800537,0.4906920075763591,-0.015900106190015573,-0.15473975442612573,-0.0041208546108120955,0.405
9.091241836547852,0.29095230491776947,-0.015900340616818963,-0.1696544671072658,-0.0001256085204553066,0.405
9.10142183303833,0.6605401447995246,0.008872625243441897,-0.25268527870761576,-0.023887763082560638,0.405
9.11161184310913,0.057014257228257995,0.2098539491175217,-0.26522473375317784,-0.026884034450271953,0.405
9.121790170669556,0.3428578496415157,0.1882295251947726,-0.03626126522393394,-0.019731393595085425,0.405
9.132002592086792,-0.3180204651929434,0.02297171569874982,-0.08081830114825224,-0.0370549974613959,0.407
9.142194747924805,0.3526194991083303,0.05220815573046799,-0.20894115690599613,0.034815280692024594,0.407
9.152369499206543,0.507101200794945,-0.06453233803565614,-0.22186163887333468,-0.013391284986828383,0.407
9.162540435791016,0.47865516860797963,-0.2740516502402548,-0.14478156066649023,0.03627977804963441,0.406
9.172709941864014,0.6315215134844311,-0.28077325286616045,-0.1598499795811835,0.0027178344515245006,0.406
9.18292236328125,0.5313190601993424,-0.05328135509545016,-0.056950978500131304,-0.002653688976862398,0.406
9.193113803863525,0.4310732020306554,-0.023115813031466856,-0.00605863242710567,-0.016169852609386606,0.406
9.203297853469849,0.2746595862602564,0.025054924906492384,0.034807258775443314,0.07968829383665303,0.406
9.213514566421509,0.18320982262266,0.02429705921953023,-0.04619005556607232,0.04990975047179783,0.406
9.22372817993164,0.29790580296476765,0.07428465584517144,-0.10672920542215075,0.12173312866105025,0.405
9.234022378921509,0.1127172799222568,-0.002151625693413564,-0.19891056868396456,0.002427762222051738,0.405
9.244205951690674,0.9462984199572421,-0.027084960649926017,-0.14815203130831145,-0.002240018188421629,0.405
9.254377365112305,0.541788818796543,-0.04147205858701384,-0.167396857255943,-0.03156040521691577,0.405
9.264557838439941,0.720179792525957,-0.2591073964874916,-0.14083175093808284,0.04960091905295723,0.405
9.27472972869873,0.19329307014739625,-0.045414483467404725,-0.11951497658787102,0.06668532367289025,0.405
9.284937381744385,0.6822630960591924,-0.21073093421712982,-0.13397099280230382,0.020746532031054754,0.405
9.295110702514648,0.05510893462241616,-0.06699768571936651,-0.1561041525854116,0.10017082041949883,0.405
9.30531096458435,0.5741572334953572,-0.04876713734172708,-0.17526590219337349,0.08852228377134001,0.405
9.315489053726196,0.24147631401080083,-0.03204387229312197,-0.16466641693054984,0.09828534600927681,0.405
9.325664281845093,0.5085139920137541,0.01243809560244062,-0.1435830236790488,0.0766387855880824,0.401
9.335866689682007,0.31481593470681046,-0.0028240133546543747,-0.10110052250219967,0.008065946290463784,0.401
9.346079587936401,0.3881082171810969,-0.19627383522086148,-0.07052649422251316,0.03889183093495422,0.401
9.356252193450928,0.08633461967671155,-0.0666049156116996,-0.09630251591357705,0.016262044913652688,0.401
9.36642074584961,0.9814910049092409,-0.14974267547062128,-0.03175301673250116,0.13103398475736192,0.406
9.376593351364136,0.533900959292182,-0.3383668701017699,-0.06778769467377589,0.10947103602808886,0.406
9.386763334274292,0.48884074896701013,-0.13670128826486108,-0.16111296771460473,-0.024614965616401925,0.406
9.39698839187622,0.4052818724681285,-0.06071296546346277,-0.06839098123153703,0.02776784308516777,0.406
9.40717101097107,0.6433175563899495,-0.406176933207713,-0.098498961324278,0.02216490739259457,0.406
9.417346477508545,0.11699833424839276,-0.007414508100886552,-0.08239336136800664,0.06599689382489704,0.406
9.427517890930176,0.5348734758699428,-0.039260274164139755,-0.09386861171518136,0.02164018076246516,0.404
9.437689542770386,0.10548022764976121,-0.057589737228288966,-0.14801586426480123,0.08515535502088653,0.404
9.447879791259766,0.2364664574909438,0.023374194808895056,-0.1208058502329039,0.08008875376338691,0.404
9.458092451095581,0.7040988772665956,0.006080203244779049,-0.09871111974976861,0.1073986917252083,0.404
9.468271493911743,0.810048047641937,-0.02594351121750456,-0.16664232238116466,0.04863609981868476,0.404
9.478480339050293,0.4174290961564918,-0.012911288523289917,-0.13799633533351766,0.07696934672097101,0.404
9.488665103912354,-0.0721075827404013,-0.0883723529028347,-0.11773447524651785,0.06655892602527243,0.404
9.498889923095703,0.6230775274996004,-0.4734724259680362,-0.18624791834350163,0.0863926798627031,0.404
9.50910472869873,0.06476257511051682,-0.05328787466945936,-0.1603057257738197,0.17786368168372957,0.404
9.519277811050415,0.26427997117776775,0.18062981833478045,-0.1401403237694454,0.09221198121679233,0.404
9.5294508934021,0.7059227687043592,-0.22371570420621362,-0.09519565469574592,0.12448537765988113,0.403
9.539635181427002,0.3580185322954305,0.06152931912922139,-0.073918930381886,0.13804021970787045,0.403
9.549893856048584,-0.15289936484410072,-0.007846374476530946,-0.026631288103553606,0.14468480741557072,0.403
9.560088872909546,0.8849111550723954,-0.03070816624360845,-0.14364135263926925,0.14588647370211297,0.403
9.570261240005493,0.20421020146906008,-0.07368156753093105,-0.0457262442846557,0.24117601402100036,0.404
9.580435037612915,0.5331650147824365,-0.1356607306098871,0.0031161955974570235,0.147812575975852,0.404
9.59060525894165,0.5245203330806285,-0.09049671859412055,-0.13074542590555385,0.22096402202992987,0.404
9.600784063339233,0.812206756708769,-0.04343010042867512,-0.1043766860498514,0.2574918347605721,0.404
9.611103534698486,0.09256929707739411,-0.019581892262092764,-0.11125674472699626,0.18426827117401715,0.404
9.621285915374756,0.5797259236062893,-0.17448722167053013,0.0048195165932677225,0.2709307558487692,0.404
9.631459474563599,0.5776431276824806,-0.039249437956294875,-0.052376691359136134,0.1951454541295402,0.404
9.641629219055176,0.02194515692841647,0.03434781512395043,-0.06312247151120044,0.20613995942311547,0.404
9.651809215545654,-0.03308422556353062,-0.023928162224815485,-0.1188334019446105,0.14150190080792124,0.404
9.66209626197815,0.4104959711064114,-0.020406605804732286,-0.12728922171219786,0.15992750969766334,0.402
9.672280073165894,0.3228361248271326,-0.044588528202437964,-0.08930766836861377,0.19130406224732666,0.402
9.682451486587524,0.9593059131875834,-0.21160073105444158,-0.06625422840445834,0.12121305439451319,0.402
9.692629337310791,0.8643563022595561,-0.1893461126557872,-0.09135409337206107,0.16414380779695437,0.402
9.70294737815857,0.13996151269964113,-0.0026137662530997885,-0.04186181446692357,0.15500239466674884,0.402
9.713135242462158,0.6047650830563769,-0.017020546217722848,-0.06850544228340275,0.14864462902485506,0.402
9.723331928253174,0.16907824400459984,0.020839980525467323,-0.04341802796039317,0.18446056011887818,0.403
9.733527183532715,-0.19832263669615977,-0.009876288116808329,-0.06202386135417807,0.2006496150326981,0.403
9.743736505508423,0.5319604373546459,0.006351005285615815,-0.13339180126716252,0.21191349378073496,0.403
9.753933906555176,0.2868543883262109,0.02475587359187428,-0.042911105813115094,0.1472517030667397,0.403
9.764150857925415,0.6942708575577041,-0.045998196187308917,-0.1159113825520635,0.18188013798302127,0.401
9.774340391159058,0.430711910457569,0.11778749533705814,-0.06463465360893174,0.22708488365039983,0.401
9.78451418876648,0.19572166830501053,-0.007144522752940118,0.007631607564030897,0.26209890006019554,0.401
9.794684886932373,0.26100536098044375,-0.0028784754197314914,0.03132961027307786,0.2878571787590646,0.401
9.804939270019531,0.6351020210117279,-0.005955000190322036,-0.04443578942810601,0.18523826975779173,0.401
9.81512713432312,0.35489840802159706,-0.14799211546346036,-0.001982250383902099,0.190050680328187,0.401
9.825301170349121,0.5438637218136259,0.078276114000629,0.07195523752095717,0.17544433050058061,0.397
9.835471153259277,0.29926534974676866,0.5276042903100688,-0.030360281215451312,0.17272818706575213,0.397
9.845659971237183,0.5317187318646752,-0.1499673622033667,-0.12493054986538865,0.19259415937098043,0.397
9.855892896652222,0.485624143651194,0.19270920767563426,-0.11885311638678395,0.12508989395878187,0.397
9.866120338439941,0.6113638583386137,0.008375788610191939,-0.10510486634525643,0.04130963212914279,0.399
9.876293659210205,0.035579609309257666,-0.0008614011267624026,-0.05889423905268612,0.16271327910735917,0.399
9.886466264724731,0.24810910056063717,0.0008452715444452349,-0.07422819598259112,0.18620765513592177,0.399
9.896645545959473,-0.01810831752761982,0.2623629234633787,-0.13140452159029684,0.15912646314611015,0.399
9.906846523284912,0.7254502531365902,0.02335776448876825,-0.17756249293541176,0.19678599031509847,0.399
9.917021036148071,0.04706912130640824,0.24715640520638416,-0.071599403873573,0.1352133171639592,0.399
9.927195310592651,0.7424208172201255,0.22375371231464358,-0.09366625994682001,0.07533464622622972,0.398
9.937405109405518,0.0979392132533942,0.050913760661084204,-0.06133395603063058,0.18544777889177858,0.398
9.947967052459717,0.584271890911742,0.08971178328280419,-0.10731641379937379,0.13168147836498745,0.398
9.958181381225586,0.2379275793590359,0.04216285154413094,-0.11245864120435789,0.13369377489017165,0.398
9.968446969985962,0.44934842395078234,0.4145240179936461,-0.032870391100645574,0.11985442682425401,0.4
9.978673458099365,0.2118516616819873,-0.0024647611452758263,0.011503130569092468,0.1336923411264637,0.4
9.989076375961304,0.6518350965923486,-0.012086655075398066,0.008304879705687822,0.05598667969009773,0.4
9.999331712722778,0.5139999125135319,0.025284717765022217,-0.07293178584601126,0.06308299370634472,0.4
10.009571075439453,0.23683145584250487,0.022594286177256843,-0.04803775001797163,0.1319252873224504,0.4
10.019745349884033,0.39781798236582505,0.04980737792723924,0.0052238879411076605,0.15442410096835835,0.4
10.03010368347168,0.28735005454928564,0.0876081579678862,-0.14971512327775593,0.09052807211003162,0.405
10.0403151512146,0.4394643850752324,0.017512089454263333,-0.07493555521188787,0.14997616472933353,0.405
10.050495386123657,0.11041324630455268,-0.02135678419672436,-0.12728968906518157,0.08943099934558604,0.405
10.060667276382446,0.1982782197716692,0.3543106793640978,-0.17610888483835857,0.14481641557229807,0.405
10.070856094360352,0.28868591594003973,-0.01146875594804993,-0.1438016403172824,0.17519258151069683,0.403
10.081026315689087,0.28268805066430436,0.041999121017310785,-0.13509103443240855,0.09614619851535106,0.403
10.091246128082275,0.32260277496421363,0.0912052467525402,-0.11872536079164307,0.04772945421431959,0.403
10.101418256759644,0.10650498244620116,0.04610500996238887,-0.08007747617770594,0.1303730704619761,0.403
10.111591100692749,0.5150037744598175,0.08415601810131715,-0.17110514879222982,0.10694489108825275,0.403
10.121763944625854,0.08800686780387301,-0.1985266771209085,-0.1260977201115872,0.04422436640803843,0.405
10.131990432739258,0.7035787374540021,0.01607956523852382,-0.05711604742318879,0.09923252540604727,0.405
10.14220905303955,-0.4647501847819093,0.24063198661529311,-0.18274462611657522,0.062321815743298585,0.405
10.152382850646973,0.9065510902422595,0.028480732224117747,-0.1950336948227061,0.11422082757098712,0.405
10.16255259513855,0.6480982453923703,-0.01860192219038559,-0.14460541366518181,0.09224138809236929,0.401
10.17272663116455,0.37364227701095376,0.004603244789463336,-0.11428431585186274,0.0811760746746069,0.401
10.18306565284729,0.30604723927712224,-0.06764254880533871,-0.11090003595208224,0.06059093749520192,0.401
10.193356990814209,0.22211586714293483,-0.027899061770160136,-0.044196560022502294,0.08707032293674691,0.401
10.203533172607422,0.5046361793029192,0.0007176841590192384,0.011430498074288479,0.07824753033625359,0.401
10.213711977005005,0.24260083684968142,0.030339234457978984,-0.09848731799440774,0.055168164187547455,0.401
10.22409439086914,0.301581283723015,-0.004432234466798152,-0.08741271022902754,0.11086953014019094,0.402
10.234370708465576,0.044537602402621265,0.228667534183263,-0.1019429151185492,0.08351834723285716,0.402
10.24458909034729,0.6333772406654744,-0.008634332962201214,-0.1351269598350849,0.014236311193632379,0.402
10.254770278930664,0.2732009438324122,-0.009595793717952382,-0.11913722296037872,0.019306028700757566,0.402
10.264981985092163,0.06945247565986548,0.004007552756056678,-0.12153870420217038,0.108881787748583,0.402
10.275194883346558,0.6612083527818194,0.04404999589667724,-0.1367983274590559,0.11727910081587373,0.402
10.285371541976929,0.486037976048607,0.05776671330106446,-0.23861932423273158,0.0383815098370694,0.402
10.295541048049927,0.265406093008865,-0.02072984595328694,-0.2183900837000382,0.07834071717279717,0.402
10.305712699890137,0.4636490296351725,0.21237901489254113,-0.09618865483808861,0.10251823777629154,0.402
10.31593656539917,0.4346419371462976,-0.008177556402323219,-0.056922235193417686,0.04933355627344424,0.402
10.326157569885254,0.17471877085077328,-0.03231708400588652,-0.15689064812405776,0.07509125427434146,0.405
10.336329936981201,0.13855141451223768,0.05403931806668925,-0.13829774235792636,0.1469615199067556,0.405
10.346503973007202,0.9867002539140899,0.1088463853554881,-0.08775808667337143,0.06027057799609735,0.405
10.356674909591675,0.199067218855372,0.04396945024343394,-0.16869472273536584,0.09842164767537798,0.405
10.366867780685425,0.6469788633895608,-0.0220654945420959,-0.18604746156372406,0.10076850125815177,0.405
10.377038478851318,0.1878177642286052,-0.03059050592204197,-0.16999295557874627,0.041141382148827996,0.405
10.387207269668579,0.6885672969429479,-0.044075432037854426,-0.1331275882782168,0.08772561603108331,0.405
10.397385597229004,0.09618047171357784,-0.04091921426595703,-0.14472907311083189,0.0433863021290531,0.405
10.407577991485596,0.42987071213057176,-0.15906445889743956,-0.09338626027488825,0.08412120031602148,0.405
10.417748212814331,0.2943645197385608,0.04167246087184121,-0.10833844048113865,0.07862267092555177,0.405
10.427934646606445,0.5009760392774235,-0.02341635779305168,-0.12229585532006904,0.05428805243395112,0.405
10.438146114349365,0.4780624861964314,0.016722384847701666,-0.17894467231523276,0.03573214826039357,0.405
10.448381662368774,0.37832695171037967,-0.028813963827311103,-0.21169415832520785,0.0990202193158976,0.405
10.45855164527893,0.2993368418265093,0.1645910102368652,-0.10822286368673709,0.12679419150881074,0.405
10.468720197677612,0.43410233694048406,-0.06260403603724538,-0.1660708609309015,0.036517127487637496,0.401
10.47897458076477,0.45453845519462,-0.22789286409144638,-0.18515622382315278,0.055265379322002484,0.401
10.489196062088013,0.4016275031878992,-0.06393843274349113,-0.16588943735722017,0.13797708125631178,0.401
10.49938416481018,-0.009231832759649528,-0.032325425611005106,-0.1238265306377585,0.16607845196105842,0.401
10.50961446762085,0.8809631933062348,-0.0161193194531609,-0.1690784321507432,0.07814683224475646,0.401
10.519789218902588,0.3553261831290959,0.06343391106064833,-0.17410937708155969,0.06751811682882829,0.401
10.529986381530762,0.29439778548203016,0.180131427858037,-0.10780268867245912,0.19406458502319876,0.406
10.540204048156738,0.656933569729531,-0.005026499014340816,-0.10424089541646864,0.14262509209273613,0.406
10.550413131713867,-0.13061647269192003,-0.024144216553405397,-0.14836029310362622,0.08183734967787254,0.406
10.56060266494751,0.6206710198849027,0.0068759783058783075,-0.23566896859135245,0.04726319758221373,0.406
10.570777416229248,0.19803772836813974,-0.04189377329705946,-0.23633305497000845,0.1503127048232647,0.4
10.580997228622437,0.3735134893427001,-0.032000336939456746,-0.06586233685251372,0.14419033543371812,0.4
10.591208696365356,0.6699586891293795,0.21416803632342996,-0.03701621212703357,0.12663791516635184,0.4
10.601385831832886,0.7762412283165924,0.03919805730106081,-0.14665312813308387,0.1141641768527601,0.4
10.611560583114624,0.7579051231662989,0.017128273605528183,-0.228554988460832,0.0638062348620075,0.4
10.62173056602478,0.04444979911584658,-0.029653566333994987,-0.26837478582716673,0.1144464208767305,0.401
10.63219952583313,0.8128737951343779,0.007556525854732622,-0.1208311472045081,0.14765581413825735,0.401
10.642480373382568,0.3624065771394181,0.04617526388193828,-0.06944075081250711,0.15303143265493963,0.401
10.652653455734253,0.8556515487385056,0.05823577912736282,-0.13677969444775723,0.10068635408376822,0.401
10.662825107574463,-0.032103762060009984,0.27974049318727173,-0.20339876548949143,0.0950427180769777,0.397
10.673158645629883,0.764608937598414,0.02460585068325695,-0.21163900228989863,0.035233832879372276,0.397
10.683369874954224,0.1982260854267099,0.18027227886698488,-0.22630410108396953,0.1130844728922617,0.397
10.693554162979126,0.827818634525739,0.2164365335259721,-0.14754802104551532,0.15921642823426035,0.397
10.703770399093628,0.17297786417983632,-0.003631336138232524,-0.09918389932246373,0.09982995526501276,0.397
10.713957786560059,0.5483930734180188,0.016169066193970124,-0.13652444145563655,0.03659020241693425,0.397
10.724173784255981,0.37339151842168433,0.2688013748322082,-0.1910650047734999,0.05707976373558241,0.398
10.734378337860107,0.6407317479929606,0.042756526097917476,-0.1771980662494651,0.07131805653927611,0.398
10.744564771652222,-0.19878510010635028,0.058208030141840526,-0.09572098293121734,0.19384549759321254,0.398
10.754737138748169,-0.017885802281626263,0.2526063762092769,-0.1089730710472247,0.12207934947635246,0.398
10.765001773834229,0.7747064689753788,0.03377491537631829,-0.10735039286474823,-0.010425069152508975,0.396
10.775189876556396,-0.03314323872802222,0.03966233530567006,0.07404304773251288,0.0007041046212289651,0.396
10.785359382629395,0.8582436910643594,0.24903239032942112,0.05798253273988293,0.09456257111540713,0.396
10.79552936553955,0.18872488119791953,0.20783140440647832,0.19969925709338116,0.053303478577839215,0.396
10.805707454681396,0.677024610107713,-0.018274803980279558,0.24021392340525569,0.05037446344490259,0.396
10.815890312194824,0.18211641323434458,0.17954107815243933,0.3384781002034012,0.046699522213963104,0.396
10.826062440872192,1.0069045772828835,0.2296429130435519,0.37747337605048914,0.036273913911686245,0.397
10.836230993270874,-0.15254630329731547,-0.13560102362350346,0.37298554160946734,0.01154392762571045,0.397
10.846419095993042,0.6744557717230908,0.303040937144128,0.36269876087652275,0.08793116844382923,0.397
10.85664677619934,0.2706255180946771,0.48380095694144337,0.4898912117909911,0.07121238950013267,0.397
10.866835832595825,0.7296010173682336,0.0094320921797294,0.5989441456111623,0.02831676487539119,0.395
10.877026796340942,0.37670074330470565,0.029971100506635484,0.5992867562408689,0.034177790626563925,0.395
10.887234687805176,-0.019018482699683054,0.14714583137898718,0.5967531146510583,-0.007886926122047309,0.395
10.897403240203857,0.2529656687097199,0.19134467761373328,0.6036787421074725,0.002607317665113351,0.395
10.907575130462646,0.7145316790401134,0.06840812769708955,0.6211746373280788,0.0898979130390087,0.395
10.917750597000122,0.18901136447136552,0.040588035366844244,0.6226996711624594,0.11542988140019078,0.395
10.9279465675354,0.3677115333901363,0.026205113582138572,0.7234302805458787,0.05564496054173618,0.403
10.938137769699097,0.4658351484505797,0.18780883218434857,0.7316416141616306,0.011750090101110573,0.403
10.949683666229248,0.2568598280495582,0.18739820944258062,0.6222307956804519,0.03564983756122411,0.403
10.95992398262024,0.1408996468767439,0.01369371174590804,0.6096468028078454,0.02326906517012051,0.403
10.97010612487793,0.20175007721597163,0.04064281734129683,0.6270301116195621,0.05709213255659094,0.405
10.980363845825195,0.0625539638517212,0.007103694734758883,0.6956121192040807,-0.018573305337335144,0.405
10.990545272827148,0.34940366341483,0.1756188406858804,0.6152308475071067,-0.014734933159391141,0.405
11.000726699829102,0.30277274058353587,0.014114799362840519,0.6071150306321609,0.07435669396850907,0.405
11.010912895202637,0.14728687447348876,-0.01042236017569125,0.6731521829247646,0.046659519403236996,0.405
11.02108383178711,0.1745682150802506,0.03152569538530409,0.6550504164740594,-0.04875357350341988,0.401
11.03129529953003,0.12302379164038496,0.2697525036088263,0.574535316640962,-0.04295666146181202,0.401
11.04147744178772,0.20998112844748582,0.03638927349890191,0.6125001830473336,0.07288632751628216,0.401
11.051650762557983,0.2070558472538963,-0.0045112189166692076,0.62837020522196,0.048668463893386645,0.401
11.061820268630981,0.25139042457598804,0.03286754276827618,0.582489248274969,-0.049939700624263485,0.399
11.072114706039429,0.05585635633817968,0.24114047465535138,0.5898819322727824,-0.02262964295847663,0.399
11.082324981689453,0.17886185711435174,0.003524426201319928,0.5754135239795976,0.018566828420871283,0.399
11.092493534088135,0.005010398488313433,0.05039720941647722,0.510782591213974,-0.029241868443882976,0.399
11.102664709091187,-0.27016870009886523,0.025854138551973185,0.45450162927296023,-0.019174472214371116,0.399
11.112837314605713,0.31916721798737524,0.0009405156814112349,0.47300600530441766,0.04556860344884711,0.399
11.12306261062622,0.2680686702910782,0.02019978367632725,0.5800409554666643,-0.02909517732459698,0.397
11.133235216140747,-0.2920492466705082,0.05579178227471193,0.46378754313388654,-0.07937268053623178,0.397
11.143409013748169,-0.01320762357738219,0.06315144307609796,0.43642730346477526,0.04404618955066221,0.397
11.153581142425537,0.05509963137508601,0.4342044035329568,0.439758731014055,-0.05050445410518533,0.397
11.163753986358643,0.10664376054680863,-0.027784578718466544,0.4192556944640164,-0.04744684575090558,0.394
11.173982381820679,0.10617899441385541,-0.030128514119888764,0.28153007554663606,-0.01821425152756262,0.394
11.184170246124268,-0.16559308900712355,-0.017596039726666242,0.3282605247535908,0.03738609706580702,0.394
11.194341659545898,0.2031347290851712,0.010050975968295248,0.4092472447787611,0.02703441388774913,0.394
11.204600095748901,-0.20799344180402524,0.3874184641124104,0.3702311528500364,-0.03769562736734271,0.394
11.214777708053589,0.07133020840465522,-0.18519588773981382,0.25320084716753183,-0.04988029301798487,0.394
11.225017786026001,-0.19706620353445595,0.006711640361573024,0.247514831704437,0.03873049455588971,0.395
11.235215425491333,-0.6832660838034988,0.20316772867127084,0.3294700081935133,-0.04857608242966935,0.395
11.24542498588562,0.22581497989467292,0.011341484848914245,0.28444091988374665,-0.09344906228094067,0.395
11.255615711212158,-0.22400497695631882,0.0028275669927289916,0.17933634570645585,-0.06327638344324846,0.395
11.265791177749634,-0.12610412483715736,-0.03742886337792979,0.15528841741692864,0.013085409284681535,0.39
11.276017189025879,0.3007303953744099,-0.23607402114939458,0.23996945488435567,-0.029092340259931404,0.39
11.286191701889038,-0.018863480212925148,0.21154556933471527,0.09119754093411746,-0.0640348036383702,0.39
11.296362400054932,-0.005826945767287776,-0.01542689127587941,0.07695778960228217,0.00799986645573278,0.39
11.306534767150879,0.08460921655043568,-0.014745261101382513,0.07285332994100935,-0.02672196517819165,0.39
11.316713809967041,-0.2754436096376648,-0.24757023890547222,0.04447812049351453,-0.0279405457209502,0.39
11.326884984970093,0.11398520470706303,-0.08492175430876592,0.07200147330141617,-0.02818712206075972,0.388
11.337163925170898,-0.05080599517107922,-0.060136942586488426,0.12293706709905404,-0.049002367296972126,0.388
11.347333669662476,-0.060666834060478736,-0.032307380871783496,0.025455122576408078,-0.039461607050961196,0.388
11.357515573501587,-0.27563662382543314,0.013556369042726708,0.050699617721209136,0.034501519193879185,0.388
11.36768388748169,-0.08556144340960567,-0.028603813345752516,0.011184811514902998,0.031136567165991204,0.389
11.377851724624634,-0.10573447168681699,-0.07876164501267253,0.012075394056234132,0.0026209167990195667,0.389
11.38803768157959,-0.08071210205237725,-0.09212160315470386,-0.005828752712021462,0.13640350134784443,0.389
11.398208379745483,-0.09341691906129196,-0.050381419597668044,-0.004119950747213164,0.05267865912818126,0.389
11.408380270004272,-0.10419253945504775,-0.18581961743055347,-0.01264597330514948,0.08351715863226808,0.389
11.418554067611694,0.14962470778979642,-0.20158348867641127,-0.004094997284114471,0.04429315717802141,0.389
11.428728103637695,-0.1407956260403721,0.208192233929821,-0.06065184311084101,0.00823806451708187,0.389
11.438901424407959,0.05337890910919466,-0.029640199248411783,-0.04526191076898675,0.0353498563309958,0.389
11.449089288711548,0.053208153977821165,0.16411011305716125,-0.08596765697909947,0.015141248140512212,0.389
11.459257364273071,-0.22075691639714648,-0.031091252291602867,-0.044963046489444894,0.03781781539233252,0.389
11.469425439834595,-0.1655435549629834,-0.01715342702637076,-0.023509921963970032,0.008655048461288761,0.389
11.479602098464966,0.05163558329040504,0.0404499253608053,-0.06038285176055573,-0.008341132918345437,0.389
11.489778518676758,-0.043502348982007256,0.038933853128848166,0.00014547428313446686,-0.002716826727261576,0.389
11.500255107879639,0.037627914636103585,0.014180331627871086,-0.07707076410691266,0.11580515550369623,0.389
11.510449886322021,0.037628180360415764,0.21507126588581854,-0.08172255630859193,0.11268784346033955,0.389
11.520640850067139,-0.02556988553877146,-0.24254179844474355,-0.09521120382953649,0.07966456616338882,0.389
11.530816316604614,-0.025570277219636967,-0.041576403419742454,-0.10583898157844157,0.08184431941671874,0.39
11.541022062301636,-0.09106626173818823,-0.0799476991704444,-0.1447841408767419,0.09562492402707329,0.39
11.551238775253296,-0.05443937710470354,-0.008528862207025976,-0.15518877344233165,0.15406947276626032,0.39
11.561462640762329,-0.05078228465112001,0.03027203058982356,-0.11636745985105133,0.10949251268389923,0.39
11.57163119316101,0.021911796932151034,-0.006300585161848322,-0.0967235970119611,0.09812041210584473,0.39
11.581798076629639,-0.23394022085232133,0.016534305976101202,-0.11318854397349619,-0.005919606293486937,0.39
11.5920991897583,-0.010296353778773472,0.17478016942462765,-0.1492328296642036,0.019078335091185908,0.39
11.602273941040039,0.06864577409224745,-0.006540309314792181,-0.11466878911421546,-0.04788682642341354,0.39
11.612449407577515,-0.2552754043866394,0.17667162453280774,-0.13698839834115853,-0.023920972400849297,0.39
11.622620582580566,0.14995474917101753,-0.424514675814555,-0.09039458352077039,0.045232171530859386,0.392
11.632795810699463,-0.12365523262393531,0.3699187214886091,-0.10046378284219928,0.012482296781861999,0.392
11.64299726486206,0.25896103254031994,0.00940928162466522,-0.019688837062849615,0.007990127129303639,0.392
11.653217792510986,-0.38334136802945434,-0.0011066995848332472,0.06978974566110674,0.07297773545630666,0.392
11.663430452346802,0.19268994701193343,0.046042590661450764,0.04709885961500471,0.04969814663004731,0.398
11.673611164093018,0.30619846534114903,-0.0019023663539701398,0.00430681706498498,0.07336929474953717,0.398
11.683779001235962,-0.261195937142078,-0.05949386250014659,-0.06208597176195045,0.07155843997507814,0.398
11.693992376327515,0.13195725686545787,0.1750599278773081,-0.011787346464166494,0.11582560260280404,0.398
11.704235553741455,0.29936909078593876,-0.0029001982666226112,-0.051317590301902416,0.09686232076825382,0.398
11.714426279067993,-0.9852761262102722,-0.2017906528852676,-0.1082866913500414,0.14175908230957882,0.398
11.724599361419678,0.5145726872119769,0.0444678367634855,-0.04150384920026905,0.08669378789049763,0.399
11.734798908233643,1.3610071998415614,0.22116519524303707,0.02500204403682238,0.03127456662061126,0.399
11.745047807693481,-3.0819706998008383,-0.002443408329440068,0.09275781581650992,0.10979292234300961,0.399
11.755252361297607,3.953192993961477,0.037481579954505184,0.0024424183157732236,0.06802722992577225,0.399
11.765475988388062,-2.9438406948120512,-1.8410859239182575,-0.007278802730140695,0.08445986217259734,0.402
11.775644302368164,-0.009893226533865795,-0.17837216903806893,-0.028404737372668947,0.08190923007697717,0.402
11.785813570022583,-0.027666969798180875,0.585609729961415,0.046904128471217874,0.0460243110081163,0.402
11.79600477218628,3.0230616406399458,1.1618956064934265,0.03092988086788843,0.045599553560247086,0.402
11.806223154067993,0.9759744396656442,1.3280262057674816,0.05015476350589648,0.02469351959437282,0.402
11.81643795967102,0.06054423904349937,-0.024968162718320794,0.02076154966971388,0.07228876154427871,0.402
11.826605558395386,0.04950279171094746,-0.043414563001998065,0.08094167974186052,0.16520442398528795,0.404
11.8367919921875,-0.150084452556342,0.2163132871737752,0.02229682958112998,0.1116462969666129,0.404
11.846976280212402,0.0637703915176573,0.06764773737108692,0.06916698101601067,0.06386499905557608,0.404
11.857191562652588,0.06312229768690504,0.03434830826568331,-0.010279481761407742,0.0217500396679582,0.404
11.86736798286438,0.012067263271939707,0.09580924860543276,0.019973867101995967,0.05864071720058241,0.404
11.87754511833191,-0.1911634447526142,0.11738134669722007,0.08342103817805885,0.007751017537935742,0.404
11.887717247009277,-0.1129306929518616,0.4141429602934012,0.12058994123044395,0.036805396356508806,0.404
11.897888660430908,-0.027960552088986363,-0.011667657202162262,0.15007799400714059,0.035565202773657774,0.404
11.908079862594604,-0.0025378054224583393,0.04468104138150313,0.11111656941265646,0.08635022603877207,0.404
11.918297290802002,-0.029565456851886506,0.21551667456290413,0.12395072261501744,0.042831813019994794,0.404
11.92846965789795,0.1181806041124501,0.03800370042950487,0.1658601280169492,0.027468225454235128,0.404
11.93863844871521,-0.13214450265537397,0.03431773646278658,0.08321399833875301,0.04215365199421108,0.404
11.949112176895142,-0.08684723271109007,0.21101264205073186,0.11623861857381042,0.06369959928033872,0.404
11.959331274032593,-0.044679622348521755,0.08031864154801514,0.15240985500836157,0.013072200474532579,0.404
11.969534873962402,0.06056982880788206,0.05396069673684389,0.13659167047337967,0.06224262892777346,0.399
11.979707479476929,-0.00535505231192863,0.034158989042949416,0.2116219569624331,0.06680102630526615,0.399
11.989896774291992,0.023683164950664314,0.011816500383195814,0.10528474907290752,0.03072778552292365,0.399
12.000121116638184,0.06419590706842553,-0.15848047680698915,0.13975207452462995,0.02347074241943857,0.399
12.010315895080566,-0.22774488141474852,0.04615947940349417,0.1400147367817554,0.10981519433926734,0.399
12.020539045333862,-0.029304431836006842,0.21093798035509026,0.06455166467838357,0.009471199877878624,0.399
12.03076457977295,0.05185674778979699,0.22997763845362054,0.05867487295165874,-0.005187262944340909,0.399
12.041020393371582,-0.3651503311205467,-0.3868683271860615,0.1140093022797243,-0.044180885295122936,0.399
12.051251649856567,-0.12332970288151653,0.0018083114391661903,0.12575888519456357,0.028830079261635763,0.399
12.061467409133911,0.46205609653711793,-0.22662092731547306,0.1500471219410548,0.05356343800151059,0.401
12.071642875671387,-0.5690484371996694,0.05794759289249609,0.14589298580975846,0.024247672275365846,0.401
12.081811904907227,-0.0001704937864400318,0.0009742423033507276,0.12049713814880669,0.034157515471196824,0.401
12.091991424560547,0.06818493028001593,0.0041890371280412795,0.05064383329236414,-0.008851264615634853,0.401
12.102185726165771,-0.5221039343472689,-0.43876830018985674,0.004355149751393589,-0.026628829643296645,0.401
12.112403869628906,-0.45001558172991996,0.36683390395056437,0.09927929140904876,-0.039843595693904055,0.401
12.122578382492065,-0.15412854147751595,0.012594581996794809,0.12390042590323207,-0.023284199410461587,0.396
12.132750988006592,0.06328097423856138,-1.5841952502110828,0.15614866184567125,0.005084430386787478,0.396
12.142921686172485,0.3292049139057962,1.2020084110350986,0.14697300709747874,-0.02485261349499151,0.396
12.153110980987549,-0.44782077747569343,-0.41896971107565983,0.039802847437399605,0.023419761451592615,0.396
12.16327977180481,-0.9602401243731142,0.12505045359108646,0.09662264154278222,0.05845314455284379,0.397
12.173447370529175,0.016654766037761025,-0.0763489827155429,0.08012267742008072,-0.04488404061368181,0.397
12.183614492416382,0.11115917562150096,-0.07249664408100633,0.03203467295450359,-0.037268151728030455,0.397
12.193790197372437,-0.08478328291070747,-0.05551873775793745,0.0874895208732967,-0.017984279774664533,0.397
12.203962564468384,-0.17481513013577413,-0.04703940053088415,0.09027644334131285,-0.0066704936814148755,0.397
12.214287519454956,-0.2653470476648042,-0.039293664938193036,0.07601057063959264,0.032894960812621936,0.397
12.224448680877686,0.3122528100412314,-0.03301493964053946,0.06181587438312164,0.031940638347416034,0.399
12.234614372253418,-0.08417091355035229,0.01438411140873009,0.02792095580464738,0.0842809546336257,0.399
12.244809865951538,0.09924923177416153,-0.18669596161950525,0.10537610433809869,0.12712873164993183,0.399
12.255030393600464,-0.04717216672976647,-0.02418072134002588,0.05201768141427268,0.11258272700195626,0.399
12.26522159576416,0.11437365697711406,-0.056196459050902925,0.037257120899508195,0.06884836906033255,0.395
12.275392770767212,-0.161988489256359,-0.055212023582240415,0.08525266966147702,0.09141969344927232,0.395
12.28555178642273,0.049813051687931695,-0.47188759267812336,0.0021653186717039696,0.08050034722606884,0.395
12.295713186264038,-0.02231056674701202,0.2248388497744234,-0.013190540440851932,0.07180187785312245,0.395
12.305895805358887,0.026295893221890177,-0.20459153159136573,-0.03386580091471277,0.007537346304382282,0.395
12.31618857383728,0.10398635515552691,-0.3878832647516138,-0.013942861943769237,0.032772501356345324,0.395
12.326350688934326,0.09144686315248532,0.43426723250729293,-0.09503557338928104,-0.04146204257863789,0.392
12.336512565612793,0.016437953713362354,0.40039281202889926,-0.057378523881443856,0.028349946188378314,0.392
12.346677303314209,-0.35025922892365086,-0.6765286885346841,0.017992489734967185,0.09510080610387199,0.392
12.356833934783936,0.36341542156412937,-0.24282437578659397,-0.005490668973400739,0.07735168255261116,0.392
12.367072582244873,0.02438108269325615,0.18066938607576993,-0.022921221917407808,0.06178770049653736,0.393
12.377253532409668,-0.022382017505569896,-0.02348736543540367,-0.03300526459754777,0.011448626456751284,0.393
12.387411832809448,0.0739985751973037,0.07432738900326169,-0.057625288744341675,0.09805265253836323,0.393
12.397568464279175,-0.08780307335284838,-0.04355200303006381,-0.04508761759382405,0.11834539601002186,0.393
12.407741785049438,-0.19358298033669227,-0.24698028421375495,-0.07655063308652119,0.03549142523533104,0.393
12.417913913726807,0.2085670126942887,0.5740858509291943,-0.058670894254945385,0.02635987888006092,0.393
12.428103923797607,1.7809956145454728,-1.3690442148183002,0.004710931288797668,0.026013986130082573,0.397
12.438262224197388,0.18308082056267255,2.6397924139137166,-0.09489403903801366,0.02511186229285706,0.397
12.448419570922852,-0.05276719301452636,-2.790783813690883,-0.06084968320216716,0.10357624792572054,0.397
12.458573818206787,-1.426084189713172,-1.0300773228368547,0.07268936794062865,0.0929446378473833,0.397
12.46873950958252,-0.2342363145245465,-0.21529754337055956,0.08092617371206433,0.07094290936488416,0.395
12.47889757156372,0.17143808609105798,0.01783663200689056,0.06145739643128334,0.1150598599306022,0.395
12.489177703857422,0.16429830901693782,-0.058883485799736235,-0.01813393084839854,0.06455710918652892,0.395
12.499354839324951,-0.07547676579476957,-0.10750211993295415,-0.08098018981284641,0.07086242925196327,0.395
12.509566307067871,-0.07604626281912573,-0.501521443578291,-0.0005361769517269327,0.04885820823009814,0.395
12.519748210906982,0.0015555508740783199,-0.38709985385661194,0.00022466302249936343,-0.0050210752769506125,0.395
12.529915571212769,0.011904054166628972,-0.07988560586262149,0.049787681123612766,0.016100609365305024,0.395
12.540238380432129,-0.18534323043562947,-0.07468173671211749,0.03541921518329145,-0.01848434930934061,0.395
12.550438642501831,-0.042584952275170625,-0.24449690476971853,0.03920094640604942,0.040668823485492146,0.395
12.560602188110352,-0.03787454941139022,-0.08719665549724329,0.009706860751983036,0.027283411653944267,0.395
12.570760488510132,0.035432268852880824,-0.07405718208564083,0.03061679138434046,0.10237599579388035,0.399
12.580928325653076,0.04867088005718895,-0.030931373907589127,-0.021611070679937453,0.0782950975100434,0.399
12.591224670410156,0.018832929866558358,-0.03589814034805027,-0.06365908917473792,0.1200635084997182,0.399
12.601385116577148,0.35241380896529756,-0.06305577804822636,0.07095436341228015,0.048745044401387265,0.399
12.61156177520752,-0.2392935113560571,-0.002707166725246174,0.028679744143982965,0.012781519823017062,0.399
12.62172269821167,-0.4244303357243572,-0.008473704760861676,0.06297416949930956,0.12114136547090884,0.398
12.63189435005188,-0.004412862317543963,0.003350840261057109,0.09486502888956967,0.1264126449504979,0.398
12.642168998718262,-0.012920882954106788,-0.03188136587037811,0.09807033370599899,0.14621577149758364,0.398
12.652328252792358,0.061869195060816375,-0.015076684430459987,0.027826214826491353,0.12435878104504886,0.398
12.662486791610718,0.023481796286140364,0.04042141678274488,-0.006112462802142532,0.1339351375398686,0.397
12.67264199256897,0.011779908163102861,0.06348115025371136,0.039437819210743866,0.0891671540041217,0.397
12.682797193527222,-0.1479993870071855,0.009918964838632836,0.04936322743898306,0.11225429353114225,0.397
12.692976474761963,-0.22088149896257198,0.010891192568725595,0.06271263275785094,0.07916411290469476,0.397
12.703192710876465,0.02515072536855941,-0.012475286873433147,0.046988999585996526,0.11097024454935117,0.397
12.713371992111206,-0.0713456633824131,0.19824037227093608,0.08661068781825,0.19578486042962118,0.397
12.723531723022461,-0.9524422828737824,-0.19700061288114,0.040227568056006816,0.1480444208501328,0.398
12.733697175979614,1.210166114890696,1.6388921954539273,0.017518905753862796,0.13697868882468778,0.398
12.743876457214355,1.4547959861965853,-1.7512935091417703,0.021336103506530302,0.11757850193737332,0.398
12.754130840301514,-1.8105719154382311,1.4429606473070251,0.011549737146149264,0.108337086308344,0.398
12.764313697814941,-1.3290583599440566,-1.1987391307059037,0.05211131244968423,0.11643043218104927,0.396
12.774487972259521,0.059564399195799596,0.0608284813999336,0.13182624665578435,0.15133186689136155,0.396
12.78467345237732,4.3988373155754,-0.7606438378400164,0.16123717940905277,0.20002539678514583,0.396
12.794856071472168,-3.0719168025604877,-1.3828647848207554,-0.004210376014779124,0.13206640183678792,0.396
12.805159330368042,-0.23245216721513093,-0.007480520478333254,-0.022942938702961133,0.17251336114079477,0.396
12.815356492996216,-0.0772946776195704,0.16852342987525282,0.028014651742603,0.11850508225688869,0.396
12.825538635253906,-0.03989865907924341,-0.10238318379141166,-0.01616027723305998,0.07755153853376234,0.397
12.8357093334198,0.05698301298555046,-0.05492292917631124,-0.025020652018003284,0.08078543345766032,0.397
12.84589171409607,-0.015243976236627602,-0.07185486938001154,-0.02551601650181115,0.03489611258022766,0.397
12.856112718582153,0.02893121314640511,0.3046416539506044,0.03558144908365467,0.07177980997701508,0.397
12.866308450698853,-0.02755980577179768,-0.2861685562017802,0.004191648996069934,0.01890686632744771,0.4
12.876529693603516,-0.05504738341607051,0.13016429936125914,0.00778668218985458,0.04672243827184715,0.4
12.886703968048096,0.019087772678797993,-0.025964898055984797,0.012237011933150424,0.053311165376446264,0.4
12.896888732910156,-0.022923867775606285,-0.029310582121517187,0.04458165550669182,0.07114755484091634,0.4
12.907068490982056,0.19898800447608983,-0.07116978058813415,0.08143589717936914,0.1141895473279047,0.4
12.917246341705322,-0.0012807122783178846,-0.024519293141987742,0.024017463341217522,0.1351174409153198,0.4
12.927461385726929,-0.09376928208548908,-0.025260773144810834,0.05164082111057379,0.20978729751687336,0.396
12.937638998031616,0.16302786640697517,0.0002855779191198162,0.06993574827176227,0.14634560738300428,0.396
12.94794225692749,-0.21532944934998108,0.014055075140381092,0.02955532785349329,0.16365204984423287,0.396
12.958154201507568,0.30854677217199294,-0.03441915092868083,0.03289271092624124,0.1428471961918824,0.396
12.968353271484375,-0.005247550164913557,0.18135103245850645,0.01225602344163712,0.19824795204246043,0.4
12.978535890579224,-0.21606833419324598,0.14442611896162938,0.05477293863175744,0.23174948550305746,0.4
12.98871397972107,0.38582867497959633,0.025066533532680287,0.009115198898755773,0.19083372110111435,0.4
12.998888492584229,-0.8533954172786423,0.12209014386457996,-0.00808140589697283,0.19451194033463895,0.4
13.009135484695435,-0.05468805585503763,0.053579393388893976,-0.024578502519293,0.08696349891241481,0.4
13.019310712814331,-0.5933818856886107,0.8532383076098626,0.012771800087711534,0.05320350074552439,0.4
13.029486179351807,0.5237259128397074,-0.9551907597559798,-0.017374450197837604,0.1286050877824975,0.403
13.03965711593628,-0.48275149786620203,0.8565044344880861,-0.017374450197837604,0.1286050877824975,0.403
13.049839496612549,1.029719450505281,-0.5538026391753419,-0.035886414205119774,0.04767940317036376,0.403
13.060112476348877,-0.007996484460561717,0.02368935182885488,0.05953275027778765,0.07800159378412527,0.401
13.07034707069397,0.05310933677845954,0.4110794563929627,0.06021907139373798,0.02334052754697495,0.401
13.080527782440186,0.01308655977928062,0.09338478217676512,0.03524218932696101,0.05391382609345751,0.401
13.090704917907715,-0.05605795097281157,0.10761502694683438,0.09680824129455817,0.09612558797139138,0.401
13.100912094116211,-0.008071044210139256,0.14097618208236595,0.08762497647341055,0.09546721026440423,0.401
13.111167192459106,0.010680376404727281,0.36336395084549256,0.1258564729208918,0.08867892791147644,0.401
13.121342897415161,-0.057617037673321506,0.5342342806349979,0.012361884830705215,0.12942031296126633,0.398
13.131517171859741,0.021942066011539977,0.535401122710785,0.05978819897474286,0.11133929970361955,0.398
13.141701459884644,0.04432670325723888,0.5882722658060515,-0.010094075079998304,0.07584046417060353,0.398
13.151877641677856,0.011373812921080891,0.9774286616460249,0.013120156088297918,0.06062586895801757,0.398
13.162079334259033,0.06470744093781723,0.11628297551561605,0.035734567638968345,0.06572773473679222,0.398
13.172290325164795,0.09319886057752097,0.6701223346986788,0.00941590101732389,0.18208422568370497,0.398
13.182468175888062,-0.022269810359870974,0.1331835666975905,-0.029970161450352868,0.043502684132488534,0.398
13.192644119262695,-0.0783142743062023,0.5100742229183085,0.051868642087469705,0.059666096332132754,0.398
13.202829122543335,0.11458588830652466,0.14225391968491571,0.06693314217440638,0.03137146948192246,0.398
13.213086366653442,-0.06861230571492949,1.1648474449184072,0.0425572502883063,0.01224283999990762,0.398
13.223298072814941,0.2063578151675177,0.3015983470115887,0.04314285939277895,-0.055238976441188865,0.403
13.233465909957886,0.05424236154368854,0.2949262335619263,0.055192967642953825,-0.024340744945396536,0.403
13.24363660812378,-0.01355598377671169,0.1354904306894104,0.1001205304933315,-0.00952773637274644,0.403
13.253819465637207,0.1938510188502211,0.7145655464440136,0.05995243671131606,-0.03609156731382519,0.403
13.264087438583374,0.04419482985182911,0.1430887347962661,0.07671458826843236,-0.04472833429317882,0.401
13.274404525756836,0.14154710447885782,0.9175102242256314,0.06612661295866845,-0.10292598834240128,0.401
13.284624338150024,-0.06285677488259762,0.06702471523529302,0.09743726781352026,-0.1502885596617633,0.401
13.294823169708252,-0.05787740624743512,0.06735759480415932,0.07521626775625914,-0.1554666129940136,0.401
13.305015802383423,0.39815603113942943,0.07630636960298466,0.07033375473672134,-0.1881939052115688,0.401
13.315192222595215,-0.19462491769344717,0.30550975563242866,0.0947961836407831,-0.18715850158244624,0.401
13.325400352478027,0.009626536399741191,0.286600738670007,0.11774166251608333,-0.20481628098465224,0.398
13.335573196411133,0.3788777259718553,0.5189597148805313,0.07178191014314002,-0.12612138489225014,0.398
13.345750093460083,0.12820198946625494,0.19286944031833,0.0689214228451889,-0.18088926258780974,0.398
13.355923891067505,-0.02764491981577662,0.14819072058739438,0.12327861236710756,-0.06238027558929704,0.398
13.366130352020264,-0.053686243624096575,0.1852980344812896,0.15554153416991687,-0.07633569157517686,0.404
13.376298189163208,-0.10775061610014416,0.24530767062537567,0.12390566392243055,-0.10682105928432407,0.404
13.38646936416626,-0.10772893573839751,0.0545504497847638,0.0414247253274837,-0.11707463803660406,0.404
13.39664077758789,0.3961439572422806,0.6185905762084172,0.12917294616975908,-0.13259303137531708,0.404
13.406817197799683,0.038133107022174616,0.44199374895369226,0.13505243734586872,-0.2108418445652931,0.404
13.417001485824585,0.18171072174909203,0.0552420139619247,0.10782703746893679,-0.15151776497970249,0.404
13.427334785461426,0.14507188844948818,0.24264910983710575,0.09181883676835434,-0.2437452168204129,0.402
13.437510251998901,-0.016130442454043624,0.47349220420400284,0.12410493232762279,-0.18703233652401566,0.402
13.447684049606323,0.026287393588802558,0.02143952565063205,0.1793368118116026,-0.17742577726053987,0.402
13.457857370376587,0.051239535433853296,-0.006636282557841506,0.1978328266780583,-0.10468225826550255,0.402
13.468092918395996,-0.018327541932045215,0.06738739967612026,0.16104335193805924,-0.12104614736399638,0.404
13.478276491165161,0.1736174722544554,0.0035275351955794485,0.19115028197337536,-0.11765468519049861,0.404
13.48844313621521,0.11796509021525142,-0.02164268205356521,0.15234762556465503,-0.07105683605690191,0.404
13.498614311218262,0.01348841070961113,-0.04281476755180021,0.1327317504456385,-0.10277971514061125,0.404
13.508787155151367,-0.08092749608887045,0.15723247549865801,0.08831441460714229,-0.02335232032546683,0.404
13.518969774246216,0.18179908253528268,-0.05917249208073799,0.12406238179649472,-0.05195363629879096,0.404
13.529188394546509,-0.12145105873611782,-0.017230891287721317,0.13391211250816348,-0.13877169059207206,0.398
13.5393807888031,0.015834338097787722,-0.04855006864603054,0.09894159238740596,-0.14839495374663142,0.398
13.549590110778809,0.014436422396127187,-0.05005700139037485,0.10626328489859477,-0.21966643111821105,0.398
13.559769868850708,0.25621640026714654,-0.10207601227925116,0.16884297900332568,-0.14238415256436662,0.398
13.569939136505127,-0.24029381843876818,-0.10825252683124818,0.1380909507113027,-0.11992831332201387,0.397
13.580146789550781,-0.27576357314784816,-0.2783750800381802,0.1190442294385926,-0.1324787404426162,0.397
13.590357303619385,-0.1718922009871212,-0.2184830681849128,0.0997689023682091,-0.11796592119143604,0.397
13.600526571273804,0.18955025280432589,-0.16381229317300094,0.07201000920251333,-0.08338042372656976,0.397
13.610702991485596,-0.17438115650087133,1.6431684569943492,0.09106926620031164,-0.08228835077056099,0.397
13.620892763137817,0.1105392072405457,-0.028874301873833993,0.11244765950843735,-0.03680490226455754,0.393
13.631109237670898,0.32411084846832916,-0.05404720575384577,0.12308735049947028,-0.0077847347271249034,0.393
13.641325950622559,-0.15344093653056456,0.20993498684732018,0.17068342600965047,0.006089904997081896,0.393
13.651497840881348,0.04477742932081632,-0.011872603535541128,0.21143962963405752,-0.014355605183278206,0.393
13.66167163848877,0.1963857675805982,-0.008428182134037497,0.18592865857576646,-0.10712500300872303,0.397
13.671840190887451,0.0333457880815584,0.01518001584269388,0.18997230656046282,-0.07486518213634681,0.397
13.682008981704712,-0.16002617498936053,0.024045402430613334,0.1400210306101296,-0.12549432030564467,0.397
13.692334175109863,0.1020714781398938,0.017294725876223074,0.13339355939971986,-0.13739589139486574,0.397
13.702536582946777,-0.07312343137224096,-0.00831713219938515,0.16107672006356524,-0.11155089365025607,0.397
13.712725639343262,-0.39683444347386526,-0.02645397964892308,0.13361134040495914,-0.0720441798486066,0.397
13.722902774810791,0.23530592922070923,0.008464589368113524,0.09860404094635304,-0.13600590684410732,0.393
13.733102798461914,-0.1776595411770458,-0.4600801352183148,0.10395934970199737,-0.12191371469500348,0.393
13.743287324905396,0.2897562865519546,0.1151630407722497,0.11382854874665485,-0.12823110172231594,0.393
13.753458976745605,-0.18371919424840893,-0.24770566327017712,0.026486863734260027,-0.16707077807635376,0.393
13.763631582260132,0.08306490070913831,-0.0528314570874451,0.07113127568573098,-0.12928497378844658,0.397
13.773828744888306,0.04114392713190305,-0.4421438864101728,0.052208840627563494,-0.14804644388469013,0.397
13.784061193466187,-0.03494577473614399,-0.03175193548594581,0.06817326614900501,-0.10111688681830186,0.397
13.794244050979614,-0.0015685865316231158,-0.057152587164250125,0.08718604332720942,-0.12751396673082577,0.397
13.804420709609985,0.026306232175868804,-0.08232123884244907,0.05103964132356987,-0.039428508281098,0.397
13.814600229263306,0.08989116443844145,-0.08370138490728035,0.09283461961274095,-0.08514544676501429,0.397
13.824769973754883,0.08103006993681339,0.12966922618431073,0.0714463348707535,-0.009158829765626417,0.392
13.834941148757935,-0.043564902433667244,-0.08361299234343722,0.16072929176307513,-0.07094317286488115,0.392
13.845275163650513,0.5548640833349604,0.3525217407852046,0.11554468099536053,-0.058072885843802616,0.392
13.85550045967102,-0.42875335216502997,-0.2322830666112519,0.10591566602646989,-0.06248415225143349,0.392
13.865700721740723,0.5432893617041112,0.5482117280717459,0.020993583980995493,0.03994887535936142,0.396
13.875874996185303,-0.07739865046346467,0.007913876948459974,0.03296507780830049,0.05377966648316515,0.396
13.88618016242981,0.9972142867628461,-0.015293817112106721,0.013379806073408086,-0.021461997495583585,0.396
13.896366834640503,0.014531472202825144,0.3924326527819129,0.04270240586720256,0.03037578971492834,0.396
13.906538963317871,0.2123324105732578,-0.46359654485140045,0.027227301360064127,-0.008206630566297751,0.396
13.916710376739502,-1.2047757895752376,-0.03445146994756138,0.028667136379629855,0.03501995458586822,0.396
13.926884174346924,0.16301381239417612,-0.2717823372375445,0.09239847762087672,-0.05006934828667955,0.397
13.937063694000244,0.9659936193233077,-0.38962182302855597,0.03703403153037226,-0.028528261663572127,0.397
13.947237968444824,3.8974902792573864,1.4148291318231994,0.028671968002492144,-0.033672945636002254,0.397
13.957450866699219,-0.09950776530548881,0.06149016946200223,-0.041157713434382744,-0.000804755466369135,0.397
13.967646360397339,-0.04174405693693507,0.002121137112462267,0.06501128331555871,0.0219813219567928,0.4
13.97782301902771,-0.10166493590160824,-0.027561369836269715,0.07776656348607437,0.041115460187901826,0.4
13.987992525100708,0.13640949413063566,0.05271521264358888,0.10360404009183402,0.07374364510887324,0.4
13.998180627822876,-0.24217009184206442,0.03848451672764574,0.11061094292099895,-0.028185601792875454,0.4
14.0084068775177,0.0903456602971586,0.017305962183495477,0.15986343197480526,0.07663629049181374,0.4
14.018591165542603,-0.21234602043437734,-0.01400632407309503,0.09959914812140563,0.037908851865737475,0.4
14.028796195983887,-0.1399413936235475,0.0040206197007887304,0.18011656303821916,0.0784287591992413,0.395
14.038978576660156,0.09193216897112871,0.021770967659650427,0.13072158477163,0.05844443524601355,0.395
14.049187660217285,-0.04887267286951,0.02829386102110914,0.15471487476874907,0.06301637284751802,0.395
14.059372186660767,-0.1704206415973599,-0.16576611252902343,0.1274431625734587,0.05085746975245449,0.395
14.069542646408081,-0.1439107280788928,-0.020734999517912526,0.13765453751259535,0.05454426082077038,0.395
14.0797119140625,-0.16758593477191414,-0.052373842402142864,0.14098259577892647,0.059986275127600706,0.395
14.089881896972656,-0.16759509053216595,-0.052376703754112255,0.1736798890950015,0.06308468116926648,0.395
14.100237846374512,0.01063450410295823,-0.23753833967801447,0.17173389336045408,-0.07487554239154333,0.395
14.110476732254028,-0.028082587360535826,-0.20192077813178702,0.25043199327318794,-0.014096601444975907,0.395
14.120694398880005,-0.06528933165820167,0.6404338399731793,0.25725099720293004,-0.07092060878216545,0.396
14.130865335464478,-0.11500946846991732,-0.6279196621737484,0.31924494218019356,-0.060603228296881154,0.396
14.141146183013916,-0.13856417226638376,0.12766530767313602,0.31478359450884097,-0.010220427732736447,0.396
14.151365995407104,-0.24832114858772328,-0.09589203605237456,0.27817972802528473,-0.023502743219302312,0.396
14.16153621673584,0.039838908790353615,-0.05979760265343735,0.2980393858960733,0.05537675618322909,0.397
14.171708345413208,0.06889010708729283,0.1801690547324747,0.3398168015467413,0.11153239075669726,0.397
14.18187689781189,0.028245379953794763,-0.230304178461078,0.34011542667953326,0.12035793784715193,0.397
14.192062616348267,0.1042255247167727,-0.04074953065484754,0.3757928767579689,0.1481247133696034,0.397
14.202234745025635,0.08158254005257658,0.05675913108170385,0.3489959387768308,0.10712730705861076,0.397
14.212459325790405,-1.1727784938704693,0.23722275807193638,0.27723081209038425,0.10945057398723937,0.397
14.222631931304932,-0.7025437508174132,-0.411575139676824,0.2757038976628914,0.15256314051822814,0.398
14.232821464538574,1.9302485639491593,0.822151361482793,0.2485590961898549,0.014990724250201898,0.398
14.2429940700531,0.9662108866588623,0.013715447053187831,0.25119769230304956,0.08970485812633347,0.398
14.253216981887817,-0.4543295463031072,-0.44384611427627163,0.20608022597060338,0.05530046448554202,0.398
14.263389110565186,0.11324020190324902,0.5781178190029894,0.2876747488515715,0.07611002360518852,0.401
14.273561716079712,0.2931962466588314,-0.18517589149487024,0.2588242356694418,0.08817766020243674,0.401
14.283760786056519,0.060113192790100516,0.016119330798234455,0.23653459048969747,0.056493048241394075,0.401
14.293977975845337,-0.1492680270064311,0.06654561218815085,0.1743152459493241,0.11247545379457011,0.401
14.304208755493164,0.2449790830009893,-0.36504352790088207,0.13463159056188423,0.06421951172463092,0.401
14.314429521560669,0.03305290587843189,0.6222253581599786,0.1898528974761387,0.029929940855052906,0.401
14.324604272842407,-1.9317253685601252,1.4301693589606859,0.20937400705913983,0.12628949738402587,0.402
14.334784507751465,2.9355123950825943,-1.2222428890013028,0.25407770947882236,0.1301489358105085,0.402
14.344974040985107,-0.7648904411960531,-0.601718007292491,0.2139573303070143,0.07217797253611148,0.402
14.35517954826355,0.06642492165233504,-0.13927414534901675,0.2154263749294707,0.06076063723935707,0.402
14.365350484848022,2.0176827845535206,-0.49681039320575393,0.18628606210493998,0.06143159631654105,0.404
14.37553334236145,-0.016350230064734808,0.020636611741057583,0.22572986449689136,0.058126711076765904,0.404
14.385703325271606,-0.17550409391133878,-0.22426486377815408,0.1932706392395195,0.06624780203571289,0.404
14.395873069763184,-0.3976299182114033,-0.0419274477075031,0.20616989625264648,0.06759162866720975,0.404
14.406049728393555,-0.42680052294199716,-0.10652357212649906,0.1780033554775587,0.1223790289131976,0.404
14.416316270828247,0.12175704494737163,-0.47180836704356327,0.1818907478064562,0.10495858243298997,0.404
14.426488399505615,-0.3033138937967187,-0.10170219607948268,0.10819728006429095,0.1635554679550641,0.404
14.436658382415771,-0.023673187877353757,-0.04972387422077699,0.11628966784508978,0.10250642860866518,0.404
14.446831464767456,-0.4401002221549948,-0.27131009825545793,0.09042194373942726,0.12113858209079917,0.404
14.457005977630615,0.12548412239249393,-0.24782301646053825,0.15828117131482183,0.1778942949432426,0.404
14.467274188995361,-0.33003615938528724,-0.02114612582142791,0.22096197572820234,0.12190395715112567,0.404
14.477479934692383,-0.7378457649068226,-0.03909317362680288,0.21939271211355535,0.16403270966397446,0.404
14.487653493881226,-0.2777203942345487,0.010168143157281293,0.20920268644500947,0.08253868895363012,0.404
14.497824668884277,-0.3046321657195713,-0.029660765789350667,0.20730557025725252,0.14235714304638203,0.404
14.507997989654541,-0.35302724767195215,-0.034506904046393366,0.20531499220241903,0.11316150924135399,0.404
14.518263101577759,-0.09967134130489284,-0.04936205236157939,0.20761570537234664,0.14621316083586253,0.404
14.528445959091187,0.11464546323074691,-0.03779103933443083,0.16824034893115306,0.18644858758050492,0.406
14.538626194000244,-0.4833805771293417,-0.23373953919857954,0.1580117601515284,0.2268379052593485,0.406
14.548847436904907,-0.2909997939692636,-0.06676196185543205,0.14959641222112854,0.18543622314194433,0.406
14.559028387069702,-0.03783447441525485,-0.025645937880596874,0.16095495305604704,0.2513122212537577,0.406
14.569278717041016,-0.4869364377816221,0.002623186078197926,0.02360833298730096,0.1599065034553438,0.404
14.579447507858276,-0.4327677562476851,-0.006455817682741775,0.06749830248642051,0.18451640668450264,0.404
14.589619874954224,-0.03393072486239385,0.029998963846569783,0.08278583806790903,0.09256149090702509,0.404
14.599794864654541,-0.14313881513832702,-0.008492510425771909,0.0993434599194377,0.10705000245181903,0.404
14.609980583190918,-0.027863862715014814,0.002533836032085714,0.011006708632877185,0.12475595168398984,0.404
14.620276927947998,-0.8237425958718746,0.0289399281446286,0.08370353754167689,0.12437946025237467,0.404
14.630454301834106,-0.23533830853206075,0.045898898744288326,0.03539105839902794,0.08843909811352381,0.402
14.640630722045898,-0.22364383639678756,0.020506574787663292,0.06997972203485889,0.08827962899333983,0.402
14.650821208953857,-0.27383278405619493,0.272932073516012,0.01935219649818791,0.023471858412338228,0.402
14.660996913909912,0.10734419967760749,0.2434011264766697,0.0774374565227348,0.09485987194605427,0.394
14.67130184173584,-0.2487630829457797,0.036373378209412735,0.018857892978511134,0.03970423128499475,0.394
14.681472301483154,0.07133135090360443,0.4170459846523384,0.05776412844331612,0.05722271275036219,0.394
14.69165849685669,-0.30028437994878465,0.2487739655984154,0.020372122001785953,0.029014235972284485,0.394
14.701839923858643,-0.7358185208453188,-0.18727754205173927,-0.029516189847248644,0.04943237960627309,0.394
14.712052583694458,-0.6916749764824729,-0.15272521760396984,-0.0038497297372998562,0.016222700321363706,0.394
14.722249984741211,0.09053797927121368,0.03949172751797667,0.011896034115255277,-0.003583669371787744,0.39
14.732431650161743,-0.08345798518582043,0.4373614279622206,0.0075741930419730985,0.052442287107319886,0.39
14.742605447769165,0.11017945083747584,0.06436070300254516,0.03732026412079917,0.08942316525824351,0.39
14.75277853012085,-0.1261447539294969,0.4898681799463032,-0.10499679613776226,0.009857500240918651,0.39
14.762952089309692,-0.47819656830265567,0.06307757680540206,-0.05953836094556858,-0.006276503018599661,0.39
14.77315878868103,-0.13819849947323648,0.020805027944669107,0.003381278752623007,0.013580619404709358,0.39
14.783348083496094,-0.08037274612121027,0.18767546449440772,-0.07850947188776908,0.011225470426212506,0.39
14.793669939041138,-0.9895235828080176,-0.002075733990918392,-0.17436455248664517,0.07847285356753933,0.39
14.803873062133789,-0.19034687929672167,0.0258301966818872,-0.1457173310362781,0.08008841500375674,0.39
14.814191102981567,-0.5289097903815806,0.20580846655576648,-0.21091675282967365,0.013696022777945679,0.39
14.824421167373657,-0.11348294279087442,0.026786191266326264,-0.2257415326906967,0.062274829546574414,0.399
14.834593772888184,0.05608077136462772,0.021222495430075587,-0.16794823472740905,0.09596663311154323,0.399
14.844775199890137,0.058721400528813764,0.3922747833375975,-0.2237135771655078,0.011233116255641846,0.399
14.855015277862549,0.031937019564632074,0.05539322403672826,-0.17072401651953734,0.055690008142060765,0.399
14.86524224281311,-0.15491593842072715,0.24018138426180363,-0.12358571333278975,0.06429307543201651,0.397
14.875418663024902,-0.21414997567561075,0.22902553801721667,-0.23260438905863046,0.0004593810980233967,0.397
14.885596752166748,-0.03503989028723324,0.06794242736243306,-0.20577298859979398,0.05807015389827898,0.397
14.895772457122803,0.22984803998855505,0.41492116215554,-0.2479552051792144,0.017558926639136566,0.397
14.905949354171753,-0.07133234295336538,0.0681811269209221,-0.22359324928636012,0.04044558577054587,0.397
14.91615915298462,-1.9011390509675596,0.028275055658182415,-0.17078315781425918,-0.03612839877086485,0.397
14.926385164260864,-0.01834692391007509,0.2834071817713386,-0.02603282160134296,-0.07615341747434541,0.398
14.93656039237976,-0.11234978825033669,0.018678563753291414,-0.055266069563691816,-0.04092048440083115,0.398
14.946733236312866,-0.02003787131918166,0.25411279755101435,-0.13394181200734967,-0.06740934731077651,0.398
14.956920862197876,-0.004337039089614922,0.2524716616755815,-0.10503681759531804,-0.035930181066938995,0.398
14.967183351516724,-0.18005049709077756,0.005319106712304015,-0.11321602094434038,-0.02056588209819575,0.397
14.977377891540527,0.05344725835657093,0.4343948868651953,-0.07454394989609006,-0.05140299220767932,0.397
14.987550258636475,-0.21405596346161088,-0.006576962086015816,-0.13030034358561232,-0.04945008027357301,0.397
14.997721672058105,-0.04754403844932362,0.056796938153227214,-0.0999335637764382,0.02444850465712403,0.397
15.00791335105896,-0.04808668325263576,0.2660459561215462,-0.07540278865355649,-0.00884979579023129,0.397
15.018111228942871,-0.04421772565005932,0.05238665209400417,-0.042555726443311875,0.01863427920470853,0.397
15.0282883644104,-0.010512471764671965,0.4168784238967527,-0.11924640119719361,-0.035069892691513144,0.403
15.03848123550415,0.04502979703742436,-0.19056690737560528,-0.11598507242206778,-0.021165989868438498,0.403
15.048693418502808,-0.06334868151792457,-0.01878594843354706,-0.11110308559237725,-0.025184317162150777,0.403
15.058910369873047,-0.08816436664102204,0.17999119006246725,-0.10493389647071308,-0.0008801971534123099,0.403
15.06909465789795,-0.09432940763461234,-0.004249391352050425,-0.11265658880135629,-0.06442244322489296,0.398
15.079328775405884,0.15639353593244995,0.022834979177772503,-0.14664765516498166,-0.05967849359301891,0.398
15.089505910873413,-0.06271972059701929,0.19177561803222765,-0.07496822656005261,-0.056061194715593475,0.398
15.099676370620728,0.7451571391672794,0.6099022979805508,-0.0634764454104256,-0.10501840409500415,0.398
15.109850883483887,-0.03335055948621713,0.4989245639962414,-0.07065046366443707,0.002504256224933596,0.398
15.120023727416992,-0.03335055948621713,0.09633684287308204,-0.07065046366443707,0.002504256224933596,0.398
15.130275249481201,-0.05376594453607737,0.062341855149607224,-0.06671025420912904,0.009831393596333213,0.404
15.140453577041626,-0.14070763896822527,0.030461589350926396,-0.04466061128047599,-0.06881741509062869,0.404
15.150629997253418,-0.17636844160981663,0.21952324542265675,-0.04556814868493669,-0.04305697618795541,0.404
15.16080117225647,-0.12540329867769787,0.25524695165547606,-0.03517194522217283,-0.04152133344365297,0.404
15.17098879814148,0.17694303194266842,0.03347694201335181,-0.0022037389163529625,0.032500649054542974,0.401
15.181219100952148,-0.09269946889462731,-0.04351265901421102,0.013606747412649833,0.025743134233054313,0.401
15.19140911102295,0.3421623858290779,0.3449134802737982,-0.0610008747491937,0.02123882661058199,0.401
15.201579570770264,-0.10590962424597034,-0.01567292637154499,-0.05296669425916078,-0.04877661378668233,0.401
15.21175479888916,0.1308747531634311,0.1487137080611262,-0.04167622437211783,-0.05998604707488006,0.401
15.221928119659424,-0.1354786011775532,0.004288892312027138,-0.014692409219252509,-0.08347141908816536,0.399
15.23215651512146,-0.10081356701897334,0.0015268709733650078,0.03256334407684107,-0.05672638289466669,0.399
15.242366790771484,-0.06576954337780493,-0.1982984753219103,0.04869912426954258,-0.07148987136664539,0.399
15.252540349960327,-0.10708779684007816,0.05468319582229189,-0.010385696052333773,-0.03045969606547745,0.399
15.262709140777588,-0.0667545888989446,-0.033910678043331255,0.03856359715875006,0.02453546499309381,0.405
15.272891998291016,-0.1049930253231403,-0.01309623490919312,0.041977416545518585,3.8735283728122405e-05,0.405
15.283063650131226,1.4821128693032817,0.16098971505422646,0.008597987572738733,0.06635357793388723,0.405
15.293304920196533,0.09238442920602416,-0.03169956193923337,-0.03615825244355833,0.00027465312166354006,0.405
15.303510665893555,0.18408802101052588,0.1783835856968269,0.01938127477173694,0.04007634729705513,0.405
15.313732385635376,-0.05700484729801639,-0.270093526296874,0.11263811806591645,-0.015995170829288308,0.405
15.323952674865723,-0.1231173454973375,-0.025281008260079327,0.12031380491952769,0.006958997769183323,0.4
15.33419919013977,0.2378435105165834,0.1976852855082667,0.14656540958040537,-0.0894367187761442,0.4
15.344387292861938,-0.057086437448871145,-0.22108477386967243,0.20247043995340863,0.015661985461835712,0.4
15.354556322097778,-0.18326983189761498,-0.04451061208111823,0.10162149187890318,-0.06765447601293739,0.4
15.364726781845093,0.1130825705716604,-0.031161011629484436,0.09207834871037934,0.011227239393524768,0.403
15.374896764755249,-0.079045520337952,-0.02182647893421405,0.1464889136851729,-0.0019668365111251834,0.403
15.38506817817688,0.16277909591937215,-0.017157900481767605,0.15957934708755173,0.026889765131650034,0.403
15.395426988601685,-0.03269385599579145,-0.06305638080981535,0.1490943279083354,0.06563943770574225,0.403
15.405640363693237,-0.05305830432224227,-0.2591860601872598,0.12437454745696555,0.03747938330929093,0.403
15.41581106185913,0.2792575046217662,-0.0857071592942184,0.17102338405513454,0.02327079402450352,0.403
15.42598009109497,-0.003968989402654491,-0.4500338298474844,0.17656912374435474,-0.02084682267083914,0.404
15.4362313747406,0.14521973883058104,-0.08837218087670994,0.2209594522407917,-0.0014791028542889759,0.404
15.446444034576416,-0.6188373554967912,-0.048483119112594064,0.20858925155928876,0.06829852644782029,0.404
15.456611394882202,0.6300996408654004,0.3546989077451969,0.2045488532824055,0.09315863101051372,0.404
15.466776847839355,-0.006393665213215434,-0.0975869343375887,0.23033680118898303,0.13343683038724172,0.403
15.476953268051147,-0.5354745575521337,-0.051664810672874935,0.2391328149646994,0.1340912355032403,0.403
15.487227201461792,0.008690487658439635,-0.21314418613493258,0.24364415998434602,0.127033010762171,0.403
15.497414588928223,0.0789383429347774,-0.017386382318357117,0.13007738162176144,0.06533276461178042,0.403
15.507588386535645,0.3952735718986932,1.43978313638005,0.21910348611579583,0.06840957773962585,0.403
15.517760038375854,-0.42922681564455456,-1.2360582961028554,0.18228393947292915,0.04410836261094074,0.403
15.527932167053223,0.06308230921254417,-0.43563358075206854,0.17966952533717834,0.10064304655332129,0.406
15.538106203079224,1.6611670693791973,-0.016807295952777433,0.22546317689026418,-0.01411605992203175,0.406
15.548312664031982,0.2750431515688804,-0.1850903012650943,0.23925987749836275,0.02450147102398241,0.406
15.558498859405518,0.004933752451502318,-0.022427909977438033,0.253574929228956,0.08665004732148963,0.406
15.568715810775757,-0.15563606786475515,0.00844379247338148,0.17556837599706096,0.1552116448219217,0.405
15.57889723777771,0.19288343849344758,-0.042221405119475273,0.1819549268725525,0.13415733561630433,0.405
15.589069366455078,-0.2620793381891033,-0.03359434356412735,0.13679042884781378,0.1511031456193079,0.405
15.59943437576294,0.16882680386123175,-0.013114694344279554,0.09488775208920246,0.11663064938781911,0.405
15.609618186950684,-0.015466466153753437,-0.009043514913492433,0.2080426965270975,0.16945107047257382,0.405
15.619791030883789,0.016231087055617276,0.17176847469953718,0.18712596748235721,0.10494918976502468,0.405
15.629964351654053,0.10662784532804763,-0.08302861520266311,0.18233228849469257,0.10913367845974949,0.406
15.640253067016602,0.03435576279545449,0.019298669110043073,0.26798564608165115,0.07530060779050582,0.406
15.650441884994507,-0.008348448888362387,0.032988219102885845,0.18664382848401948,0.10694480286484664,0.406
15.660672187805176,0.06332798765362209,0.23128852608904252,0.2232624068900141,0.14079571431397875,0.405
15.6708402633667,-0.7536766667774042,0.041270894144773265,0.21241253886503736,0.18016356565919572,0.405
15.681009769439697,0.4749608278177283,0.38680288874896157,0.24487236109192514,0.1533733499470668,0.405
15.691208839416504,0.063515444330402,0.009696463516552102,0.21408326672841707,0.16246491638938398,0.405
15.701397180557251,-0.013735662926739558,-0.03043431997090338,0.20074103900034523,0.1798372427457721,0.405
15.711599349975586,0.012701455716674515,-0.0367639090768283,0.10058044402791043,0.15620118562966262,0.405
15.7217857837677,-0.20731743582684908,0.2209881140237906,0.12644915034509288,0.16953440731841463,0.401
15.731961011886597,-0.17387274217875245,-0.17818017368557676,0.14114058351280478,0.12935646565039255,0.401
15.74213719367981,0.06743926124542327,0.23578833895756404,0.15562136989803466,0.14202335744928685,0.401
15.75230884552002,0.0833117012428541,0.05863280200154051,0.18632015686298187,0.09415115885479056,0.401
15.7624831199646,0.14441156297106209,0.4262043083980179,0.170320998616052,0.17114929785637573,0.4
15.772653579711914,0.4793190266090071,-0.14297399414187878,0.2148503636314413,0.20845617434756752,0.4
15.782824754714966,-0.47436164039868256,1.2654922257307204,0.2016449757753127,0.11333180314045646,0.4
15.792996644973755,-0.02198467424940542,0.0451826042358757,0.16867585916472286,0.15640051608107575,0.4
15.803252696990967,0.008281844456841065,0.08769925751844007,0.11013304379655783,0.10311885047348308,0.4
15.813494443893433,-0.09911519987057077,0.8339257330445129,0.1333794918898439,0.16406502544570464,0.4
15.823695659637451,0.02470173496491472,0.23391060179186512,0.1705978678428144,0.1649673145967113,0.404
15.833895921707153,0.04050625110348736,0.11374359276110725,0.07782698430768749,0.1475275149657368,0.404
15.844090461730957,0.006698180167081636,0.3381373621767318,0.06285473762836777,0.21021385046421648,0.404
15.854288339614868,-0.014785626331781166,0.3402820060576493,0.09433485329141333,0.06630850136773472,0.404
15.864494562149048,-0.2921868201182565,0.5525290202185953,0.04851218132800497,0.029966553390953693,0.404
15.874688386917114,0.06428168591078207,0.14131203748514934,0.1257038786741527,0.05092943082774851,0.404
15.8848876953125,0.017804252411430004,0.08155064221073306,0.10546771312097822,0.003159013389572224,0.404
15.8950674533844,-0.3068926152682786,0.5135526912806321,0.08028363327632411,0.021043688605037435,0.404
15.905279397964478,0.07965877490549053,0.09815997787052366,0.050551438786971443,-0.09170734154280274,0.404
15.915457487106323,0.04676151794995067,0.06279242499550025,0.0888431516733038,-0.05734825996657696,0.404
15.925672769546509,-0.20495173198513048,0.49045929065530125,0.14260334728367433,-0.07772433725167129,0.401
15.935842990875244,-0.0029279623269207996,0.2796690119181513,0.1337721540230513,-0.02997701765853502,0.401
15.946009159088135,0.09570174985317809,0.266957298785315,0.11110332423272216,-0.05858534494862378,0.401
15.956215381622314,0.10291217744008621,0.47998140731477845,0.061525407999298565,-0.017150171553134752,0.401
15.96652340888977,-0.016631233041769614,0.07508918071837746,0.09417058212404911,-0.055239183189684314,0.402
15.976703405380249,-0.032585333027843756,0.49449305089482676,0.06801723762840914,-0.05415207792890388,0.402
15.986878395080566,0.030624613092577278,0.2463872235248636,0.12413084494935625,-0.07976174940251755,0.402
15.997056722640991,-0.2098630170841174,0.06302414105534766,0.1144967813392262,-0.13260361630567286,0.402
16.007235765457153,0.05067123558159018,0.24019499183694432,0.03628942680356395,-0.07412648685778683,0.402
16.017415285110474,0.010044144340207489,0.03568075427275392,0.041980979788084904,-0.08151710858861569,0.402
16.02763319015503,0.033937182566500114,0.2781980743652708,0.0530841827707082,-0.061881863731478706,0.403
16.037810564041138,0.0057340851082973675,0.007617819599938055,0.032062561317024126,-0.09813654115883952,0.403
16.047983646392822,0.021875526214025012,0.21664993929033693,0.02343360096557446,-0.08565297947787875,0.403
16.05821418762207,-0.18627704140687587,-0.008455246293846854,0.05048403857767464,-0.1754706210618284,0.403
16.06853461265564,-0.16023800993404633,0.2069141278228623,0.047316390291731306,-0.10406581280209269,0.407
16.07882308959961,0.2673503166885724,-0.03564962038576592,0.05708498854703224,-0.12480190594176303,0.407
16.089014530181885,-0.25702112110227865,0.005656281057199353,0.04116663403961539,-0.026759122566089616,0.407
16.09921884536743,0.03217662891515506,-0.001343078125079902,0.03998657997869235,-0.03412810611097454,0.407
16.10946273803711,0.16933248782032476,-0.015719477202865904,0.04362144483131219,-0.029167503646306256,0.407
16.119704484939575,-0.181793337528741,0.027913850545379825,0.0719985373538671,0.022524189638628678,0.407
16.12988257408142,0.054850796507866624,0.019186637235462805,0.0074254643518935,-0.025478609570902325,0.407
16.140061140060425,0.044710553096100246,-0.04801998068587569,0.03438402072407597,0.018533102589789158,0.407
16.150267839431763,-0.03896998574548746,-0.053546263513599986,0.03702094584193119,0.005658554957981676,0.407
16.16045117378235,-0.2967881041212967,-0.6482439294646087,0.048708210322672245,-0.010600950726228547,0.406
16.170669078826904,0.6074229605533765,0.6396025541294216,0.03352588028610926,-0.07994429416092427,0.406
16.180843591690063,-0.005677117794426703,-0.03914893011993932,0.018714230208005556,-0.03776110403967664,0.406
16.191017150878906,-0.005677057798452443,-0.039148516392712086,0.019058898051343726,-0.030292200589896637,0.406
16.201210260391235,0.8152853598528943,2.3332716071485953,0.01019407842746442,-0.019844352944004454,0.406
16.2113938331604,0.09784451456340239,0.15531425428092996,0.08935467214173957,-0.07158835639516245,0.406
16.221627235412598,-0.033125767667197034,-0.05187174764901769,0.09343269263390602,0.04428111115095236,0.405
16.231801986694336,-0.01577589390036467,-0.3918278434043975,0.04723152367057684,-0.01916049698766474,0.405
16.241979122161865,-0.0965017357423189,0.06639834078793959,0.015696520748376724,-0.02098672508615889,0.405
16.252201795578003,0.2033181939571461,0.07072690927439093,0.020447349317763937,-0.05198714997264424,0.405
16.262489080429077,-0.008425759323305172,0.43983384986752805,0.029369987952608208,-0.05859641707914747,0.399
16.27268099784851,0.04082834207735722,-0.1768329471128875,0.0868174515682906,-0.06544902395455872,0.399
16.2828528881073,0.08632729302553688,0.2182021936275693,0.18423161626711854,-0.01644455908060624,0.399
16.293025970458984,0.032991763709048286,-0.15724267080914112,0.13731242394008508,-0.07698252306527191,0.399
16.30319905281067,-0.11391751774958679,0.017164679808425513,0.08264739245231806,-0.06120004867698977,0.399
16.313382387161255,0.12940511713290045,-0.254328907995464,0.07293237935052595,-0.08086690847470664,0.399
16.323577165603638,-0.012193864267051636,-0.055451301058273963,0.10100617735883452,-0.10380226205108539,0.397
16.33378291130066,-0.0554005297946871,-0.21904430786702078,0.11090842566540628,0.00771810143807887,0.397
16.34398126602173,0.19846695295151823,-0.26076824131908066,0.04801358165901007,-0.04050732939357782,0.397
16.3542320728302,0.20182219892527528,-0.21511477713590907,0.09330875545838217,-0.036670408922276396,0.397
16.36441659927368,-0.41183806958078534,-0.03191324641715294,0.14017229707713824,0.03657361918883628,0.396
16.374641180038452,-0.014281907970673802,-0.048706043320962754,0.08301529451277742,-0.029330369680597115,0.396
16.384820222854614,0.2290242544974984,-0.051415848867638565,0.034225350490466475,0.008804761764954414,0.396
16.395002126693726,0.13901044493994746,-0.24802393903857234,0.06891116277831884,-0.021748042592449016,0.396
16.405232191085815,-0.031970294064815476,-0.052399449265235876,0.0740912716067971,-0.055795811517488025,0.396
16.415411710739136,-0.8807494044905754,-0.07069229121096136,0.07483738031769356,-0.033578341550838435,0.396
16.425631284713745,0.9709227232161232,-0.9380131824926372,0.08874110855567288,0.019586131293538533,0.394
16.4358229637146,0.04281543937065219,-0.6711398712355777,0.07614711771679178,0.052583931622691815,0.394
16.446000576019287,0.03940923222054874,-0.46443534618163407,0.06396306080850742,0.11792447718380507,0.394
16.456215858459473,-0.029697988617316772,-0.031236671724853133,0.12394446722155547,0.07969250791367825,0.394
16.46639394760132,0.1676623276284581,-0.2589700140551393,0.10353647959408423,0.059272301899640584,0.396
16.476571798324585,-0.015272902087467677,-0.29190081833035947,0.08148820686706763,0.07888169778905246,0.396
16.48674488067627,-0.04578986417632525,-0.16838977202122155,0.14418287173704136,0.08755622521189727,0.396
16.496930599212646,-0.014527631663765372,-0.5721019928239596,0.08738670596424128,0.06246427787458809,0.396
16.50710439682007,-0.009551491817257006,-0.13095899876395853,0.051401127727894756,0.05433458712756122,0.396
16.51729393005371,-0.42260632828535505,-0.5091897250082741,0.11860615977443421,0.014290596318915803,0.396
16.527466773986816,0.16775787345143503,-0.11059613492978819,0.11859995369868828,0.06811351929807541,0.394
16.53768563270569,-0.01866615881817783,-0.012820692190326232,0.10132262051713556,0.08839180422068256,0.394
16.547901391983032,0.010824474449373504,-0.4715354363602316,0.1399718834721777,0.11869119086828472,0.394
16.558107137680054,0.01021723991236287,0.12371107682391665,0.1447960633456959,0.042471692880540486,0.394
16.568326711654663,-0.40393983688851176,-0.32145138222651787,0.1229281269730424,0.12826423623402622,0.402
16.57851219177246,0.002092453857266683,-0.4301971198098073,0.051668490208074506,0.12838583303487072,0.402
16.58877658843994,0.6006271963211975,-0.8261300834504585,0.04227063611364961,0.14162685384923976,0.402
16.598981380462646,0.009431184085064027,-0.04498179562877475,0.0569365568358954,0.11270609389814651,0.402
16.609172582626343,0.00943120676833987,-0.044981903816089186,0.06510264958583796,0.11225961016505959,0.402
16.619359493255615,0.20681441348650775,-0.28292719994852666,0.048360833938100874,0.11496981256200849,0.394
16.629594564437866,0.2269615909562425,-0.31215670519649524,0.06225539746330443,0.15059492911056965,0.394
16.639777898788452,0.42703453412760334,-0.3604266496043637,0.022010867493236785,0.13053908588116278,0.394
16.649960041046143,0.14141702672792308,-0.29173649992897843,-0.09208776750994152,0.27531626815929217,0.394
16.660138368606567,0.16086411328866534,-0.2100426164827133,-0.04051647771556749,0.2572889269493992,0.395
16.670340061187744,-0.638628883970015,0.04086172048176181,-0.04851887349131562,0.16132176660081105,0.395
16.68051266670227,0.3154438452855819,0.022753972689678877,-0.06302147529253047,0.14148545757413994,0.395
16.6906840801239,-0.20350287206369172,0.008320084390532872,-0.21090166628980264,0.15022470075387917,0.395
16.700860261917114,0.11395250235483648,-0.2164147539503522,-0.2145420782956646,0.12378586897880275,0.395
16.711074352264404,0.08444073963815246,-0.053482515449414486,-0.32616390768294357,0.0923327207959674,0.395
16.72127366065979,-0.04336163556782792,-0.25504771701842593,-0.3249026182952149,0.1722813640032774,0.396
16.73146104812622,-0.4118032671445974,-0.011462613248285094,-0.4083255173652253,0.2035168784830914,0.396
16.74164319038391,-0.15961697653925247,-0.03188353410506802,-0.5013887719577909,0.18483167041364704,0.396
16.751837015151978,0.05548867190217763,0.004413259381320831,-0.5303637540474185,0.22176743542365607,0.396
16.762014627456665,0.12099583033491719,-0.0242165809696501,-0.5584581041178064,0.13018046026552355,0.4
16.772228717803955,0.20557060997343285,-0.06930854944400722,-0.5996918941373363,0.13623981007071928,0.4
16.782517194747925,0.2607887858074838,-0.3636738930989389,-0.5836331731534623,0.17595172080825688,0.4
16.79269289970398,0.06375837091874767,-0.003689187547009324,-0.5383496388806829,0.20146903112880976,0.4
16.80286478996277,0.0498847389537058,0.0034679440686855604,-0.511621894265456,0.18291457236540087,0.4
16.813038110733032,0.01144801867009442,0.22215354968405676,-0.6268471904438015,0.1146521754886704,0.4
16.823261976242065,0.1349837932794876,0.06838446566200292,-0.6638115045113553,0.14878025243776338,0.399
16.83355474472046,0.03997593558756791,-0.1719297701352952,-0.6294427096140025,0.1386771642810546,0.399
16.84375262260437,0.2084098512943296,0.009567664133484846,-0.648309524533426,0.07093391740452588,0.399
16.853949785232544,0.2146284909360954,0.16040473787612597,-0.7027197433578194,0.0826517255815088,0.399
16.864152193069458,0.2103254923199897,-0.21992185464412847,-0.6915058100462772,0.15831960648628574,0.404
16.874349117279053,0.7442648078623834,0.005674544361288618,-0.7450404905649066,0.25553596029989484,0.404
16.884578466415405,0.005623569847074079,0.004599218551999108,-0.7376787719549693,0.11994795647150036,0.404
16.894757986068726,0.08235394588469663,0.03646209715724342,-0.7258649036660717,0.0472894352507947,0.404
16.904948234558105,0.14452220592900983,0.011515300278980158,-0.642110375554689,0.12384787566870467,0.404
16.915142059326172,-0.1629932462661808,0.00117686261497439,-0.6901753692426486,0.1341669744565046,0.404
16.92532229423523,1.2970877329394719,-0.025880708815100583,-0.7572448817226759,0.1778032002647127,0.397
16.935539960861206,0.1072219163424113,-0.006259080501166474,-0.6184370807438964,0.16212355346930615,0.397
16.945719480514526,0.3332112276990217,-0.14846009352243614,-0.5039784525761881,0.05642879709600549,0.397
16.955898761749268,0.15018369704596626,-0.003003769173931816,-0.6454567286456333,0.034646286919008853,0.397
16.966102838516235,1.0053500236431752,0.22284009240770375,-0.6964117476642219,0.13774971682111506,0.4
16.976295709609985,1.0068971342834303,0.22306110821345448,-0.6964117476642219,0.13774971682111506,0.4
16.986528396606445,1.0014153238444634,0.2222779924364592,-0.6964117476642219,0.13774971682111506,0.4
16.996704578399658,0.45467769082535325,-0.05133738839515122,-0.4686758291573794,0.15195072320399838,0.4
17.006882667541504,1.1336112943927426,0.028650014942621798,-0.5283329458240061,0.1542185602828401,0.4
17.017065048217773,0.43055527527371357,-0.12165722336024025,-0.5435044821992407,0.19757872189475695,0.4
17.0272479057312,0.7683145949878993,0.03583820295087725,-0.47131684288944853,0.19662215136523853,0.394
17.037424325942993,-0.07624802904620516,0.2272098180685123,-0.3948626871122662,0.14034485521069046,0.394
17.047597408294678,0.8747791487538206,0.0772733329989507,-0.3973854065863746,0.0377122515998396,0.394
17.057772636413574,0.40272444019837145,-0.016276603218442463,-0.4596645808608929,0.0742557991757515,0.394
17.067959547042847,0.5667600219287524,-0.18528114047002983,-0.4404091710933723,0.1600984611717582,0.394
17.078133583068848,0.20874173363515208,0.23937500483062996,-0.3793580718860932,0.1406425647939255,0.394
17.088311910629272,0.9866099411463954,0.026338601931588025,-0.30209980097049977,0.11979392366072403,0.394
17.098487377166748,0.14592470066052726,0.06863458368247927,-0.30080542783363357,0.10076319747374729,0.394
17.1086847782135,0.8067434207680341,0.006042228582152469,-0.30271218269064026,0.09486168907727802,0.394
17.118927001953125,0.059033896347593075,-0.010935617674511903,-0.2852308701703026,0.18222485388692025,0.394
17.129109859466553,0.6938145593217452,0.018464104093766604,-0.14104899471717902,0.1601136762180888,0.395
17.13935136795044,0.3691790318036825,0.07772022955571835,-0.16023597887436247,0.13157305052149154,0.395
17.149540901184082,0.6275814795194552,0.0050424992982876235,-0.23729891857682842,0.08792064114382953,0.395
17.159717559814453,0.3257275919023867,0.007512504568783703,-0.27112923281199364,0.1432063730380177,0.395
17.169894695281982,0.8734214009816813,-0.029587586247012493,-0.08990421630764857,0.14590559391745142,0.395
17.180068492889404,0.5109058568026262,-0.003133855996048202,0.012857013454066701,0.1406216789345925,0.395
17.19029426574707,0.5462544200447855,-0.052875771954620045,0.037230430686108595,0.12004834511083345,0.395
17.200599193572998,0.586163621862165,0.08703749429288363,-0.07751925640846036,0.10318428511444658,0.395
17.210821390151978,0.7801289360079505,0.225355052965885,-0.07941412342090962,0.14463701385681138,0.395
17.220998764038086,0.19359559223155356,-0.016275419410954218,-0.06295818444572193,0.14861253929150428,0.393
17.23119044303894,0.7795523208461589,-0.009932871341034735,-9.810455288511433e-05,0.11994806269715587,0.393
17.24136710166931,0.1709557684660878,0.23292848235624855,-0.08683926582247203,-0.000439070644498378,0.393
17.25158953666687,0.8794940246612007,0.013983594456267635,-0.07746994303670064,0.10047727905290088,0.393
17.26176691055298,0.30542415189681477,0.18462272936823046,-0.027205956540912193,0.1358516198264946,0.399
17.271942377090454,0.9399084196074514,0.029986469447574465,0.012938904843431479,0.03996749769666391,0.399
17.282115697860718,0.19983119665608398,0.011625098178361522,-0.05678248437196074,0.08545934085046854,0.399
17.29229164123535,0.45402231385673736,0.04936858963394789,-0.0371537346930092,0.16500051859709355,0.399
17.302470445632935,0.47558667026977736,0.04743901529954166,-0.002677926373795036,0.17547343054141268,0.399
17.31269145011902,1.0649074952364361,0.2392719148175091,-0.08474448895579118,0.052361614570731484,0.399
17.322867393493652,0.347795974769617,0.02948205418549112,-0.018085135185292773,0.049525732406928494,0.397
17.333044052124023,0.5814724741222954,0.04145189538265652,0.061450022686838066,-0.04492696410982847,0.397
17.343313217163086,0.17675836091679129,0.013270595466229584,0.059800181145128584,-0.05101784347700144,0.397
17.353527307510376,0.9492356634064837,0.15986056521393474,-0.005438745624012652,0.003761849573549055,0.397
17.363726377487183,0.21578418859984866,-0.07713724789902263,-0.00015411537911939888,0.015796492236390354,0.4
17.373916625976562,0.7706437453956574,-0.0860699777937261,-0.04799602890363375,0.07069853915858637,0.4
17.384113073349,0.2905602539182182,-0.03726771046147334,0.04367516348988253,0.13365808088007086,0.4
17.39431595802307,0.5877438160820877,-0.18267227637000966,0.07182086942840114,0.03932242841927625,0.4
17.404544591903687,0.7497997185294845,0.020581004019953837,0.020194550986493892,0.027384910862026046,0.4
17.41472291946411,0.34641019799097417,0.27763592674825793,0.1188139757153703,0.05689409857055741,0.4
17.42492938041687,0.5878590360782734,0.056611645210988354,0.10104632434470559,0.03646319238236521,0.402
17.43511152267456,0.6076298369649783,-0.0021523058835417755,0.09598964713866694,0.07173347994508056,0.402
17.445292472839355,0.5228152057163272,-0.024862313090833574,0.012862946306640598,0.019779403710051838,0.402
17.455524921417236,0.30733141059060204,0.039286253585363674,-0.02999522356418649,0.0931195957343459,0.402
17.465702056884766,0.5517269787523631,0.016007739042467023,-0.028357155775648575,0.13005789586944969,0.4
17.475874185562134,0.5546137304924817,0.019609281941734297,-0.009853228673895133,0.027451570615057787,0.4
17.48604702949524,0.6707359025158007,0.17829782624124615,0.005423909513441445,0.08214649904740244,0.4
17.496266841888428,0.43284711209811194,-0.047353485511646844,-0.04284405793655507,0.005910702516991821,0.4
17.50645136833191,0.5019089494075429,-0.03220236225278497,-0.07889323426122963,0.04944402547066991,0.4
17.5166277885437,0.4623258291889075,-0.016332663485124885,-0.032773758376391564,0.045954154451770375,0.4
17.52682113647461,0.4525674053513701,0.02727031504390887,-0.049615975160726786,0.022758142824919184,0.403
17.53704524040222,-0.02128765972876741,0.031125844943346054,0.017609882469537094,0.06234464610994512,0.403
17.54726529121399,0.8547654185601524,0.06842511567878502,0.021659377721408066,0.05061809663874543,0.403
17.557462453842163,0.1802371456300516,0.024468286997647987,-0.02768413071519081,0.03114206383378247,0.403
17.567648887634277,0.8396793736444759,-0.05867222484773565,0.06278380170956553,0.035290384606026466,0.403
17.577834129333496,0.0057211713087667974,0.06666504173335645,0.04436560286306587,0.06313039070709997,0.403
17.5880126953125,1.0045102694812869,-0.2813585940462792,0.04943571868236826,0.10396132914618801,0.403
17.59819269180298,0.38303722979950877,-0.031522721693982285,0.011067365199952703,0.054181182868006016,0.403
17.608402729034424,0.7686823418142471,0.04234670364224547,0.07477378818404798,0.09750492816949112,0.403
17.618674755096436,0.395855553343398,0.08561218930216066,0.09168775726897746,0.09313425522108923,0.403
17.628862619400024,0.35754790439507395,0.24856818228959393,0.10803259858786238,0.024386787334852292,0.401
17.639049291610718,0.5586027907123626,-0.1534710216606246,0.10803259858786238,0.024386787334852292,0.401
17.649285078048706,0.4496150240387691,0.013402661276447589,0.06707154056985747,0.026306769536566875,0.401
17.6595299243927,0.29819546613508713,-0.03639928144694888,-0.0003330599068288977,0.07233612178850625,0.4
17.669705867767334,0.742906654073479,-0.0502850165981874,-0.015259269411298857,0.13616709463910262,0.4
17.67987871170044,0.5008089173870054,-0.21360671756174363,0.01664304392265029,0.09826780363562507,0.4
17.69005250930786,0.12870781107631554,-0.013397662444623624,0.04123505578980056,0.16766237550063864,0.4
17.700337409973145,0.7642522663206115,0.0135083245696999,0.09242396703010401,0.11448880607935938,0.4
17.71055006980896,0.3200930551084331,0.024806174474022176,-0.004783291350524091,0.08407940217424051,0.4
17.720805168151855,0.2952076946481675,0.23730377352475582,-0.04062838672243403,0.12900583480573968,0.402
17.73099422454834,0.6584700545380647,0.05095422498958738,0.00429823059262785,0.10208612590275025,0.402
17.74118399620056,0.021700722165483948,0.0178756360986368,0.008891655880252425,0.0469818974019046,0.402
17.751370191574097,0.9551015589413958,0.02089693861489056,-0.04694207214544781,0.07804029002295722,0.402
17.761589765548706,0.4073378051937165,-0.026652850057962415,-0.10648692930822187,0.08920019689251633,0.401
17.771763801574707,0.710779927651423,-0.2775980574183459,-0.056874978243065935,0.10830805100949088,0.401
17.78194260597229,0.43465282139701,-0.09211327573745669,0.05017425759541356,0.01508814581705828,0.401
17.792115449905396,0.7289275247450671,-0.10671605833141184,0.08920035656551917,0.021058844302671707,0.401
17.802340745925903,0.1412280554148344,-0.016978623610548204,0.11213233478745713,0.025331760209512628,0.401
17.8126220703125,0.7803867187803429,0.0528758587488923,0.0967776072630609,0.10044861318201831,0.401
17.82284379005432,0.42924402069995377,0.060257366255874766,0.06332579622016918,0.08367515938134086,0.401
17.833016395568848,0.16125965493019578,0.007667541027414049,0.05024857709826598,0.08223200813186007,0.401
17.843191862106323,0.6849191290607743,0.03850211218699456,0.006338533700464056,0.09004467069659065,0.401
17.853408098220825,0.29166830599602545,0.013184210079026433,-0.029511954292636033,0.10631737899394166,0.401
17.863624334335327,0.3006364850746635,-0.0031235408037685705,-0.07239886130269768,0.01703919184641812,0.398
17.87382197380066,0.43266964546020736,-0.001117358649701619,-0.04543911077518638,0.035466899887429876,0.398
17.884007692337036,0.4350598160245186,-0.01285803678670494,-0.0631969686224686,-0.02094607087914564,0.398
17.894198656082153,0.5323844889895198,-0.04242773907665215,-0.04794307254262996,-0.006375485863316073,0.398
17.904383659362793,0.5230802225410776,-0.0016329665951114087,-0.08338925215956956,0.008423034827442118,0.398
17.914565324783325,0.48616283736223725,0.20451914488175618,-0.08718166149451734,0.056951983979055404,0.398
17.924742698669434,0.4489316500352359,-0.1398615370813061,-0.1094704756494587,0.06553741753994938,0.403
17.934926986694336,-0.07146833695882329,0.2361741834527251,-0.04365843814093519,0.13234523786709632,0.403
17.94510579109192,0.3699350182362126,0.08673674004052657,0.030961603494142897,0.10793075230986968,0.403
17.955307960510254,0.34182445508466763,0.07372393737110779,0.026728586323223974,0.03729995374109208,0.403
17.965561866760254,0.8703480636433057,-0.06966401270237146,-0.0031891305512970936,0.07805976881688012,0.396
17.975759506225586,0.4894400686874965,-0.1235349843423683,-0.006200464094595683,0.11272174388527229,0.396
17.98594379425049,0.196993258106558,-0.13417737122070775,0.051807402606877856,0.0482446742067042,0.396
17.996127128601074,0.4179580597716807,-0.2854365782066435,0.07443208503821641,0.043452109157865446,0.396
18.006330966949463,0.7871510535115174,-0.049795249357037594,0.10129738230393241,0.11007843343616855,0.396
18.016525983810425,0.22445153543131968,0.02860611426362501,0.08132701829991511,0.0578141447465029,0.396
18.026699781417847,0.5122975972851973,0.28443680283639894,0.034031880584045424,0.07604777601067261,0.401
18.03688907623291,0.7631606576426883,-0.1226455910164672,-0.04082896260200275,0.04885795768630862,0.401
18.047067165374756,0.13653489962047186,0.018076082558207255,-0.009849553264367386,0.11927289202295129,0.401
18.05730938911438,0.540906463755629,0.2411112028520324,-0.015341800678667958,0.08164848204112199,0.401
18.06748366355896,0.6797756381608331,-0.2039638120763397,-0.06431650107369048,0.03350250252102577,0.4
18.07770586013794,0.07847535875798343,-0.004350756027936351,-0.05507234583306727,0.0025883029755265664,0.4
18.087915658950806,0.2164556556513195,0.01243259265284263,-0.12897057957894886,0.03865941530275703,0.4
18.09809184074402,0.4302958233116347,-0.009922573119542873,-0.081511220921945,0.05395821115485808,0.4
18.108339071273804,0.8346222703253668,0.16248177582725734,-0.07094697876236103,0.040517018834983445,0.4
18.11862587928772,0.6392016271665326,-0.14767965649950657,-0.07232870534973615,0.1350605995175064,0.4
18.128811836242676,0.531706737574927,0.07857499039959329,-0.009985579747400178,0.13660928689909674,0.403
18.139010906219482,0.3301304092433098,-0.12222582743550464,-0.009985579747400178,0.13660928689909674,0.403
18.149191856384277,0.20548029493474473,-0.014214301904209517,-0.011214842126976335,0.08999983416798471,0.403
18.159433841705322,0.7910158541772484,0.11836913977911573,-0.16594776078260184,0.0405302425153678,0.397
18.169618844985962,0.14119030732653057,-0.3394377434308933,0.016453370241146605,0.04405418468147337,0.397
18.17979407310486,0.42303278810294875,-0.15982864255077456,-0.020958972449388717,-0.02829563976425009,0.397
18.189966678619385,0.5903794520234542,-0.13462813669411744,0.048424292455467186,0.14966765195691517,0.397
18.200141668319702,0.21625979767744516,-0.0025573899156172814,0.17376349152117265,0.13186672079175094,0.397
18.210384845733643,0.7870500984626487,0.05890901976122473,0.09041515016655,0.185901336810846,0.397
18.220614671707153,0.13436043181278334,0.059227322261573005,0.07880692487217886,0.1047027198412129,0.399
18.23078751564026,0.7353987832109772,-0.12341862618624136,0.06847739072743801,0.031019674226190216,0.399
18.240970849990845,0.6714416245799764,-0.1295584238977063,0.043028119253478714,-0.010978485278638326,0.399
18.25115180015564,0.8487632438054216,0.052533207558364534,-0.0037212219422065596,0.01013017744315743,0.399
18.261392831802368,0.12730030476428864,-0.026866667111209306,-0.00135070146603352,-0.09070426227136319,0.402
18.271634578704834,0.21725482942372376,-0.009738480088029546,-0.040148947101622534,0.05515817129232694,0.402
18.281819343566895,0.2864334556162859,0.008984157277936281,-0.053835552568738766,0.07144562193992648,0.402
18.292006731033325,0.9131456002439962,-0.020759914104779075,-0.09285554724125626,0.09675023442512545,0.402
18.302189111709595,0.06269849912318724,-0.04099295901768366,-0.05324120970774088,0.01328172353752196,0.402
18.31243395805359,0.775441973603517,0.001080162011036773,-0.06943320489833263,0.09260142912088584,0.402
18.322609186172485,0.06772051428095406,-0.00925602386121803,-0.06823847657859398,0.014743169274244704,0.401
18.332797288894653,0.8799182666046897,0.015143182114398666,-0.022645575221770922,-0.0211452037371664,0.401
18.3429753780365,0.05734461151594956,-0.20176722154648308,-0.0986208263301101,0.03169149920510785,0.401
18.353156566619873,0.417380447046651,-0.00442666857028082,-0.09469632189228916,0.09576235326662812,0.401
18.363461017608643,0.6287418392946049,0.02900751122360579,-0.09796759468984666,0.14135224824593634,0.4
18.373673677444458,0.3357576672908577,0.03995041736337028,-0.11890488142088586,0.0962222875124644,0.4
18.383856773376465,0.7540826112477385,-0.0159289323197559,-0.0725085589429184,0.07765893106415156,0.4
18.394029140472412,0.41886382678248407,-0.0394724787682778,-0.10711219846964394,-0.012584333241140217,0.4
18.40420436859131,0.5500582953098854,-0.052280402765364595,-0.1071796160412708,0.01245490165131934,0.4
18.41461992263794,0.19563801537133976,0.011860681859798917,-0.12682043795673317,0.008678527318492318,0.4
18.424792528152466,0.5211541826162588,0.0034679907603277164,-0.07931374133639707,0.11255489461777063,0.4
18.43496584892273,0.7558531181044236,0.002862733191830141,-0.06219359329400832,0.13911190084723185,0.4
18.44514012336731,0.36518226382663604,-0.021073954210614494,-0.0928689672260904,0.1267685425542212,0.4
18.455363988876343,0.4021815874272481,0.0012281315358881658,-0.19002005316656867,0.136918674836644,0.4
18.465550184249878,0.628882506505592,0.008845319654377293,-0.10947543834557479,0.1514364519201117,0.399
18.47575569152832,0.037492589745505865,0.03864304805089234,-0.03187061209743704,0.007681496092081768,0.399
18.485938787460327,0.546578129517599,-0.014208676257267685,-0.02299286102109048,0.003857513399095647,0.399
18.49611783027649,0.41797993904304576,-0.04078983941871255,-0.07444302386758095,0.03814115309821402,0.399
18.50635576248169,1.0286242865590445,-0.06261023192130309,-0.061498648115089725,0.11652896848243363,0.399
18.516544103622437,0.374256120380632,-0.024832099603428,-0.09276540387287864,0.07257578565960146,0.399
18.52672004699707,0.38618523470647936,0.01584867024860695,-0.04192848857065527,0.08946470234520029,0.399
18.53690767288208,0.15187473232094506,0.05161522460958889,-0.04944826753332981,0.06343415567626201,0.399
18.54711937904358,0.539226286152604,0.032160054088419245,-0.007216944475479228,0.05434714187804705,0.399
18.557300567626953,0.3988386364966406,-0.21830982732076396,-0.043322447396408816,0.05118247842345577,0.399
18.567476511001587,1.01728707964364,0.007519505680759037,-0.02984723503736853,0.11340844257061852,0.402
18.577646732330322,0.24030896537272606,0.03874666958413924,-0.039855885723622475,0.15120145769546142,0.402
18.587814569473267,0.8339170668074357,-0.008788471119438469,0.012272889696440678,0.14067228684043429,0.402
18.59798264503479,0.10853812548728824,-0.02556050997834236,-0.03503291174054166,0.11735981825781444,0.402
18.60815930366516,0.36734128416042805,-0.000664205720918939,-0.02734297992275672,0.08257924135288688,0.402
18.61840033531189,0.5951185084531906,0.027553889376959156,-0.0975522070244113,-0.007522232679256911,0.402
18.628645181655884,0.3949928368901863,0.027553551476439474,-0.08327292130517545,-0.00846934791823406,0.404
18.638862371444702,0.8019064825241635,0.030415930811112473,-0.05560387982890866,0.08077856908056381,0.404
18.649048328399658,0.806213588906764,-0.010607956872980715,-0.06016845659632404,0.06587073294436155,0.404
18.65922260284424,0.024548988221745973,0.006140617215719897,-0.11335991009415403,0.086918732531831,0.404
18.669528245925903,0.3042749755922876,-0.029805361757518176,-0.1269947226341557,0.10183067433159904,0.4
18.679697513580322,0.9691487009511932,0.0275511411286163,-0.08507649793655661,0.07054566965458012,0.4
18.689870357513428,0.34262315143120786,0.002304184765425023,-0.07132890243881469,0.054620306928844016,0.4
18.70004367828369,-0.05183820500492019,-0.03608679603011618,-0.028391540059303187,-0.003022169887206317,0.4
18.71025514602661,0.7821546540928238,-0.041297820163776,-0.10572037657688715,-0.04304236972379051,0.4
18.720447301864624,0.41926942035461173,-0.16888771905536104,-0.10749958310111604,-0.027714499185932343,0.401
18.73066759109497,0.47008517980228365,0.01674398408842424,0.020180436138217323,0.033458898980882716,0.401
18.7408390045166,0.0785913885191137,0.03876482595915359,-0.014908396644950958,0.022637703778950732,0.401
18.751009702682495,1.0541048697806534,0.20408204770056793,-0.04518828528520437,0.05637624410469355,0.401
18.76118779182434,0.2063990731034616,-0.06616950075294593,-0.06914608198708555,0.04684937085584709,0.404
18.771486282348633,0.699776693319391,-0.3257733270019905,-0.04991430295299138,0.0026434039615268086,0.404
18.781692504882812,0.39698347335944656,-0.08080968735369387,-0.08145477801851113,-0.020142618534326084,0.404
18.79185938835144,0.46371607694472927,-0.05323093235771819,0.02203449292815598,0.04294575959641915,0.404
18.80204677581787,0.43917380299462316,-0.038490643657834875,0.07477882899242827,0.02108950486947761,0.404
18.81222176551819,0.5342690730690971,0.03746499854189388,0.07317364701424539,0.09930978536353538,0.404
18.822413444519043,0.5437794527676104,0.04139362121137149,0.0383326246728978,0.05910945146422712,0.406
18.832634687423706,0.4378623090955273,0.01709577208264575,-0.03342166211372219,0.03154509228447437,0.406
18.842851161956787,0.06451523943170541,0.015353533989373966,0.018387822029113068,0.0506281545179235,0.406
18.853037357330322,0.8062162298465035,0.017465489149644464,0.000596904809907782,0.002101609220835788,0.406
18.863236904144287,0.4446075763665987,-0.2439525463485474,0.015454663141643194,0.06332751123989401,0.407
18.873452186584473,0.8478531728212733,-0.0333729710650594,-0.02609542266446962,0.09445334418042174,0.407
18.8836567401886,0.3150386340475313,-0.006788539022376186,-0.045070812156927126,0.14461704621768387,0.407
18.89384889602661,0.6437776007734356,-0.19177814790982736,0.01079620121692423,0.11197272468433159,0.407
18.904030084609985,0.21071431358357615,-0.022748801539446948,0.016402225355357077,0.0670432401083762,0.407
18.914209365844727,0.7728254642484569,-0.033340885348513344,-0.010679599270367705,0.010812855106514842,0.407
18.924439191818237,0.3811639645712977,0.011662750453753964,-0.041974640791035,0.028785776132784525,0.405
18.934656381607056,0.4997563297054513,-0.014592373661195111,0.05629063652645458,0.049206556085512033,0.405
18.944830894470215,0.7744067749619106,-0.2536456599862179,0.11122045369141867,0.009066297475904084,0.405
18.95501470565796,-0.16385469153520393,0.05058137990822707,0.021236022072637233,0.057610924833141314,0.405
18.965230703353882,0.8675127020448754,-0.022466950029752932,0.05439833171299665,0.12359250932674282,0.402
18.97542691230774,1.014547000782602,-0.2857397398648542,0.0018695469601628933,0.11717304443690155,0.402
18.985597848892212,0.8120899495502579,-0.24586369108245043,0.09099814192409887,0.11626524315427796,0.402
18.995765924453735,0.23850076821952518,0.017181324574543584,0.012846621834401249,0.07694503054206639,0.402
19.005939245224,0.29413515436658977,0.03853619158546433,0.020312528116490428,0.07699424211452878,0.402
19.016112089157104,0.28864832754850545,0.005197863867881206,0.007748395199732323,0.034201098198416116,0.402
19.026283264160156,0.8533132476345313,0.04611048783099074,0.02572052944214488,-0.02505214968901357,0.398
19.03657865524292,0.8437405506845538,-0.18510622373193716,0.040826455619423704,0.04176096890564811,0.398
19.04675316810608,0.5110765768542622,-0.03301036288451611,-0.009073791305056027,0.13427358884107995,0.398
19.056936979293823,0.4429365945360999,-0.003767732149021426,0.08687376688757241,0.14835193888337841,0.398
19.067108392715454,0.29008417812944576,0.03006372069515222,0.018336081009917536,0.06688152367135332,0.402
19.07728147506714,0.20277698449952195,-0.003255120506789904,0.0373373858128543,0.057366624632375254,0.402
19.087570905685425,0.7912469779881736,-0.0073087941563203355,0.002648473525979223,0.03553511518827558,0.402
19.097739934921265,0.5270376869960041,0.012105506133214575,0.04210897963974275,0.06426266273898071,0.402
19.10791039466858,0.7000526478997353,-0.21747688486486816,0.004802752662307751,0.048619530932031016,0.402
19.118104696273804,0.29291517467700656,-0.014499106738883823,-0.0326945044365369,0.12797062828518435,0.402
19.12831163406372,0.6848313029976159,-0.012871900533503088,-0.006047218116993651,0.10505160576807868,0.401
19.13869047164917,-0.11737575243679893,0.027424248850137996,0.03944071640183665,0.018481805309972666,0.401
19.14889359474182,0.3434109795479275,-0.265595770586118,-0.016510361584032962,0.033637725733747396,0.401
19.159079790115356,0.48091755088175225,-0.05288683304523786,-0.037447203667924825,0.02364711198173393,0.401
19.16925311088562,1.0329496983473947,-0.2725054127893443,-0.02866494376568162,0.06402047909676697,0.405
19.17960834503174,0.5292436036389806,-0.030827324624248822,-0.004690177873387089,0.09638304752932939,0.405
19.189779043197632,0.11172828295937114,-0.03751196612835227,0.010804533685020844,0.10672624025753139,0.405
19.199951648712158,0.5359853208175296,-0.16496048820163292,0.05510653203928385,0.12079426060408532,0.405
19.21012234687805,0.5671606881613792,0.01927777988518913,0.017078622028837108,0.09862408936374907,0.405
19.22040367126465,0.2019878671362053,0.03867219037072502,0.05146937117297448,0.09685271077937058,0.404
19.230623483657837,0.8298924021658839,0.044285665564048206,-0.0008307932646148264,0.1013804328132064,0.404
19.24079990386963,0.23981720885371222,0.0018406026799697454,0.004550203286972105,0.1485722568275295,0.404
19.25097370147705,0.6424838044850664,-0.00683362523833167,-0.06694580180561668,0.1454572868091884,0.404
19.261149644851685,0.6423564710747108,-0.00683362523833167,-0.06694580180561668,0.1454572868091884,0.404
19.27140736579895,0.4655081398054713,0.0020931181135788834,-0.02544655768192838,0.05893192722568158,0.405
19.28159785270691,0.4777899311797679,-0.0218950354792225,-0.07230305022828762,0.0467740599196953,0.405
19.29176616668701,0.27353291274301217,-0.15526670579075447,-0.07546329562549364,0.043989285550982596,0.405
19.301936626434326,0.4046110289537227,0.1517009600684569,-0.03201800589282547,0.0404866553362995,0.405
19.312116861343384,1.234977573403059,-0.23780990451868905,-0.10829795273288685,0.0833239838876601,0.405
19.32235026359558,0.3314439480826702,0.02042669944391556,-0.06356208506146424,0.07688144779607817,0.401
19.33252263069153,0.005646379705399934,0.07301089307494486,-0.03272084967498173,0.16516354348498336,0.401
19.34273386001587,-0.017867684156787692,0.06396496585696393,0.003016761736477136,0.15017964943922232,0.401
19.352925777435303,1.1552965133888533,0.01569022517393496,0.023068218399272603,0.11810081582777751,0.401
19.36309504508972,-0.2248950078224414,-0.012498217664340594,-0.031126283412703574,0.08040334395068621,0.402
19.373267889022827,0.7777102860075892,-0.3159771555357937,0.10445537736249974,-0.011742222990010357,0.402
19.383521795272827,0.23751708208677488,-0.319714850716294,0.2570035895013144,-0.021699196299553563,0.402
19.393725395202637,0.6581762737681575,-0.10496787596058237,0.32785426307337634,-0.02103999077894606,0.402
19.403913259506226,-0.09362221940380064,-0.12074586592410966,0.41122185765939073,0.07696911286287689,0.402
19.414095640182495,1.0473374238621143,-0.24608024339151643,0.418122875681018,0.14618307879410733,0.402
19.424269199371338,0.08030520741027,0.03552910317587401,0.5104427843879832,0.12971069649196967,0.399
19.434478044509888,0.6883504034153646,-0.2172801972301869,0.4984057068022474,0.06380532777283542,0.399
19.44465136528015,0.08492917303393192,-0.0342281013248103,0.5554139145595922,-0.0006218226246758121,0.399
19.454827547073364,0.36258418636699186,0.04507416515235874,0.5670677978293247,0.08175193010244569,0.399
19.46499538421631,0.6717033004513981,-0.018392065300714775,0.6518633042149585,0.08525686081809816,0.396
19.475207090377808,0.01704081922755782,0.0019943554543357038,0.6734661279168198,0.1580429966558726,0.396
19.485435724258423,0.3878177065235032,-0.26819715654347803,0.6742589595688216,0.010370436266780435,0.396
19.49565625190735,0.30195532915638196,0.002704109860248268,0.6924448860564764,0.05124306618578302,0.396
19.505862712860107,0.7670170249925113,0.04896403187598739,0.7185154238397264,0.05674947337493033,0.396
19.516037464141846,0.38230754379684095,-0.028675072043513522,0.609390300145639,0.17700782357286204,0.396
19.52620577812195,0.21479734640228762,0.03425946061028043,0.6569634248909619,0.13563002676749075,0.4
19.536540031433105,0.2410465780779012,0.014922677340273806,0.7072418015115026,0.10614863884675801,0.4
19.54675531387329,0.40639253181928736,-0.01885452337628954,0.6930003113193418,0.042667383464967346,0.4
19.55696940422058,0.062369992708220495,-0.026718503812520635,0.6759383455846519,0.1477830398329339,0.4
19.56714177131653,0.0740142478784361,0.005321520397095006,0.6391694439424901,0.14213705163588894,0.398
19.577309370040894,0.04388351863540344,0.020633373009819166,0.6673667819676129,0.1890875940214922,0.398
19.587581634521484,0.14117736663722935,0.05979210376534723,0.6807381641572994,0.17025468619382728,0.398
19.597750902175903,0.15325154653165057,0.010631612623554675,0.7287520395563873,0.13569152130057768,0.398
19.60792326927185,0.2295247802808201,0.06700649651096516,0.6865373441555205,0.13256942860176926,0.398
19.61810612678528,0.3503811197805059,0.01307171898721843,0.6705724621610915,0.16675651049153536,0.398
19.62828540802002,0.055126257423256636,0.39083452625122694,0.6102249958766216,0.1488890973001041,0.398
19.638479709625244,0.22111820462963913,0.05762117150815665,0.6334840680114403,0.09161749620353546,0.398
19.64868450164795,0.22786454894469474,0.03463542592607383,0.6399489988028811,0.09612649296479554,0.398
19.65886425971985,0.2250565056209885,0.057666297665138,0.6471593346276908,0.08010952256289577,0.398
19.669048309326172,0.22533915472966376,0.058070846442166146,0.6047416015226685,0.1433722901090222,0.398
19.679227828979492,0.17834338422336313,0.07979351608507909,0.5533024578311743,0.13970678576687517,0.398
19.68951678276062,0.24075013895878464,0.036056550264804074,0.4790327014648722,0.09066851089896821,0.398
19.69969153404236,0.13428191711718643,0.25732187275995955,0.46505363140040046,0.18206754183266144,0.398
19.709913969039917,0.17706069951932082,0.03162952775095645,0.39437949387952476,0.0037454290381221597,0.398
19.720109701156616,0.19049665878490918,0.0842108137809616,0.46455115596934654,0.058561934477484305,0.4
19.73029112815857,-0.3851608037777355,0.09058894704613735,0.45460334273330966,0.04367459575697611,0.4
19.740737199783325,0.2148087071125507,0.098366839019865,0.4673629052273525,0.13424410465657638,0.4
19.750930786132812,0.291832356847849,0.06592898943136115,0.40416039386999253,0.14270866590423445,0.4
19.76110339164734,-0.4272582737040394,0.2479208902974832,0.3745806974422803,0.08178897968021573,0.403
19.771276473999023,0.3988609125345212,0.037347795350286164,0.32823669730780325,0.08213955766631767,0.403
19.78146505355835,-0.7320730264391792,0.42295058337713387,0.32239520711599085,0.026441320303938486,0.403
19.79164147377014,0.33682618735335634,-0.33616164109177427,0.3820841144160964,0.024354814201811688,0.403
19.8018536567688,-0.31560139062948767,0.43728946199796603,0.3783364696774865,0.08027702768737653,0.403
19.81202721595764,0.38387716871029653,-0.35640101965829984,0.3177347074862816,0.07255537647180772,0.403
19.822205781936646,0.05214854532415623,0.056018361705593926,0.24492825162243695,0.18239583371316742,0.403
19.83243465423584,0.2920239665633267,0.037776064076699443,0.18478611131820835,0.1264112890546469,0.403
19.842670917510986,0.1646662616833648,0.1933017188573039,0.1687346975919313,0.04973663439720968,0.403
19.852860927581787,0.2415212751559784,-0.1945529299539758,0.25881472455163235,0.036325845980808985,0.403
19.86308264732361,0.18519493168177134,0.03739609512725662,0.2959167570018555,-0.037313481532619444,0.405
19.873279333114624,0.17161690920444675,0.45533004847733255,0.2465328889135492,0.005064170755325741,0.405
19.883493661880493,0.2046961841447344,-0.002924696067981385,0.1715949509587285,-0.052748294747236954,0.405
19.893689393997192,-1.9172270812888867,0.8241963302265253,0.13461117835127934,-0.018148928755078734,0.405
19.90390396118164,0.09936263981860058,0.44997015467383994,0.17805251973280717,0.03597053659499588,0.405
19.914103984832764,-0.1782424646088878,0.014888638976245596,0.1633467770601542,0.08584197156347269,0.405
19.924296379089355,-0.03799392018857644,0.0034079905441497743,0.14399287597022511,0.029213101555687068,0.408
19.934486389160156,0.17727404106551972,0.03608119092930655,0.11696564928164953,0.10589055553595732,0.408
19.94472336769104,0.14926747033130283,0.03735752240705356,0.07638889035613894,0.09988217579356237,0.408
19.95491337776184,-0.49342540296740334,0.04639086622527044,0.05701554492223057,0.0727553449232336,0.408
19.96511673927307,-0.1226844855708772,0.5025658762338565,-0.03288994958939781,0.10743642379770392,0.404
19.97530746459961,0.12746013047577756,0.061473790186427665,0.004251919111345943,0.028029929262919015,0.404
19.98553729057312,0.10249672595289219,0.030183834144904827,0.017750043281723957,-0.046709119224094035,0.404
19.995723962783813,0.1150269489321067,0.03291803864236282,0.09202740024488668,-0.06259266841516024,0.404
20.00607419013977,0.13134266273541276,0.034413867802173946,-0.0645442606320223,-0.023938622455616947,0.404
20.01625657081604,0.18173875133138234,-0.007335507648011308,-0.028865831802008347,-0.06106775890043533,0.404
20.02652907371521,0.0861933912676233,-0.004328954869840383,0.02253269518413291,-0.08851649449694551,0.405
20.03670310974121,0.14273696017839413,0.03110589659769317,-0.013103988337859793,-0.012616157130197467,0.405
20.046873331069946,0.059008612279582165,0.060613683973621386,-0.05512462550221426,0.018046594525326948,0.405
20.057047367095947,0.014981773324649528,0.09541607460824127,-0.019965862781329835,0.03872336365428038,0.405
20.067232370376587,0.030480798407129344,0.04768182515464838,-0.007030886244928508,0.016595000761323454,0.402
20.077438592910767,0.0709933472273516,0.21970883635959207,-0.06140150773003388,0.0026000407417518592,0.402
20.08760929107666,0.06911943804869168,0.18902198393399616,-0.11387434203054686,0.02213556133696263,0.402
20.097774982452393,0.04368437995405715,0.009620346438995606,-0.058823526827116945,-0.045634364498745625,0.402
20.107945680618286,-0.031319847397670714,0.04838266649198577,-0.07198249138130679,-0.1299140363277696,0.402
20.11811637878418,-0.03188954323185168,-0.005880306130156887,-0.08591922174731986,-0.1182130840590993,0.402
20.128287076950073,-0.4346262450449011,-0.005880277232689399,-0.07824124611375488,-0.1258187775265292,0.401
20.138489246368408,0.02538910705068887,-0.00706520376581985,-0.10698397315241345,-0.12535820558576252,0.401
20.148686170578003,0.052199524020758094,-0.6025622234161515,-0.09416864456424762,0.0016383495051483787,0.401
20.158899545669556,-0.021038810643496303,2.9052322641892974,-0.06828708642704664,-0.0036831467991606526,0.398
20.169076442718506,0.3338043210241748,0.02065186650011104,-0.028487374607046048,0.06140828605668531,0.398
20.17925763130188,-0.04459922935624735,0.2669228573601577,-0.13520880723769138,-0.02943081139334441,0.398
20.189507484436035,0.04776334607392158,0.19714218786991405,-0.059879520589000604,-0.005579952538718319,0.398
20.199677228927612,0.18355550176721402,0.06471280145883185,-0.01992959909313305,-0.04029273452048645,0.398
20.209855794906616,0.0278498597805155,0.04582958002567835,0.004192924848029467,-0.059224238383671475,0.398
20.220081090927124,0.17860321280036207,0.09710484583448288,0.0633690980342522,-0.02577641614086399,0.403
20.23025369644165,0.169381345835835,0.10039677943811955,-0.048617111685084466,0.051183963952184136,0.403
20.240421772003174,-0.1807568407853814,0.06346136973513145,-0.03561181714052372,0.032992317405373464,0.403
20.25063705444336,-0.12119434877511688,0.06591341620237277,-0.07332870874975678,-0.0012808620743887528,0.403
20.26081156730652,0.5419384694044453,-0.014329427390887432,-0.006394498705407148,-0.01847969182670159,0.4
20.270979642868042,0.700038904903029,-0.6139405565762642,-0.009103131114048216,-0.15434816134705526,0.4
20.281147718429565,-0.03873758523102447,-0.21754277183584753,-0.013174407555450282,-0.1432623771700095,0.4
20.291316032409668,0.17674867642297437,-0.008784307999597828,0.0021274316529460296,-0.11933716543568912,0.4
20.301588773727417,0.036352003924152436,-0.17898362721226208,-0.016682203924081165,-0.07058293790394403,0.4
20.311761379241943,0.3142172726491201,-0.24837519303570704,0.03062906748640215,-0.06323432096474009,0.4
20.321940183639526,0.04520812422825193,-0.2839984356407783,0.03473193404878723,-0.04776406907156097,0.403
20.33211398124695,0.07799931614063187,-0.3101822562148871,0.0633061672346041,0.007036020059934228,0.403
20.342289686203003,0.0823954130879064,-0.31978115402058127,0.0888497843239076,-0.03327406372731585,0.403
20.352620363235474,0.2774856673272878,-0.2875307321072584,0.0146404041049434,-0.05070062265896104,0.403
20.362786054611206,-0.07764457297239367,-0.05397168522982859,0.06574243619675142,-0.0366090987134066,0.394
20.372986793518066,0.7745383578212167,-0.44554194612973974,0.08968370740145609,0.012861158700823702,0.394
20.38316559791565,0.5572150093270936,-0.71686882445857,0.07777987248666118,-0.03449200263012402,0.394
20.393336057662964,-0.12930392663421444,-0.5318433063818234,0.0038762059130179848,0.02308453196936379,0.394
20.403644323349,0.24712464784880153,-0.14599639921172244,0.08226359505581446,-0.008339809629531132,0.394
20.413852214813232,0.24082208057703183,-0.5323535503218557,0.08201483627490887,0.05136655565390767,0.394
20.42405343055725,0.03293959446514488,-0.31546438373868424,0.1604912385041277,0.046730179989849734,0.404
20.43423628807068,0.09828210866001107,-0.30722883422834624,0.09171097797671411,0.09031360958313997,0.404
20.444456100463867,0.16067979584842684,-0.16066838344471596,0.10469973110147673,0.10247490461006092,0.404
20.454648733139038,0.518270717742407,-1.1233978962864004,0.1233217592949739,0.034954317844005836,0.404
20.46482753753662,0.08879570143011123,-0.3273439869328252,0.12790940856478628,0.08279471674537718,0.396
20.4750018119812,0.035812964652563596,-0.34933506131204417,0.17485897348944474,0.09741793804978546,0.396
20.48517417907715,0.3530089253990103,-0.5624352564898754,0.128080042539966,0.1859191819871047,0.396
20.49535298347473,-0.035414169581305256,-0.5088225994188237,0.14271752667821272,0.10659210851849116,0.396
20.505550384521484,0.06836127964867166,-0.6744438585750449,0.13304666701787288,0.1828158263424607,0.396
20.515729188919067,-0.006447077213670335,-0.07134122502033888,0.08573402771417127,0.16185731652720362,0.396
20.52589988708496,0.42424321704194473,-0.34075542187860364,0.17890540565456614,0.20060236081396587,0.398
20.536092281341553,0.4333298276254847,-0.33228237684011186,0.21484045558012563,0.19112456267384753,0.398
20.54629135131836,0.02090363271248775,-0.49030913746987326,0.17735378288602352,0.19676198884037618,0.398
20.556578397750854,-0.10691234489456702,-0.10530656462078301,0.1277708259747561,0.186307563300069,0.398
20.566750049591064,-0.10742461244544024,-0.8883127302514103,0.17750059559922712,0.18042616556780186,0.396
20.576937913894653,-0.00802766641671057,-0.06029678903209713,0.14318695859789643,0.21973024606169178,0.396
20.587109565734863,0.058352764478102684,-0.4624282928806027,0.18884073663803552,0.2115778490777257,0.396
20.5972797870636,-0.103589999188721,-0.26273185947143524,0.23519555158203334,0.19602091054244214,0.396
20.607508659362793,0.500413652468768,-0.44886494114136916,0.10836190306373517,0.19570484953604986,0.396
20.617738485336304,0.069615532024694,-0.27147285730278325,0.19573705242545472,0.15011537289202942,0.396
20.627910614013672,-0.016237529939065746,-0.04561840330864993,0.14597781948427413,0.191180642524831,0.4
20.638083696365356,0.2343105620612799,-0.08443261427394452,0.1759835417563294,0.21758986064401523,0.4
20.64825749397278,0.04854965961876161,-0.26745436870897527,0.1342199776706768,0.1993349419570646,0.4
20.65843677520752,0.24817809183606743,-0.06140567153592755,0.17863780072384935,0.24908142431504454,0.4
20.66871476173401,-0.04735472754520545,-0.17079612480364312,0.16254981062498466,0.23950711553672516,0.4
20.67894458770752,0.2229800208232542,-0.5804162214030335,0.16326508573896287,0.2618866524906124,0.4
20.689117193222046,0.22410350763639217,-0.5837877966438871,0.15906795037787663,0.25800184567797235,0.4
20.699312448501587,-0.041211538778487926,-0.19083885359861055,0.11300936070610938,0.25441405175227544,0.4
20.709534168243408,0.22114307953735207,-0.27029533470676403,0.15416508668207352,0.22427618157706192,0.4
20.719728231430054,0.07034891951435426,0.009718311290063772,0.1678627716778966,0.2250911665690982,0.399
20.729954719543457,-0.212651659576415,-0.6024593794705895,0.24983517789987664,0.22964295079805985,0.399
20.74013638496399,-0.03312261168201624,0.027784557948018738,0.19887382757386857,0.19648770994237594,0.399
20.75031089782715,0.033504760304141165,-0.18631715000616572,0.20573484068605877,0.2683380302924161,0.399
20.760491132736206,0.2912547466968546,-0.01836506565980234,0.15802327026813573,0.2336360882165442,0.398
20.770679712295532,0.05118940043959717,-0.39913704983764176,0.2107359874979685,0.2583724480296584,0.398
20.780853509902954,0.06366896802976477,-0.026895291718159447,0.16222029120461545,0.25208898954429326,0.398
20.791024923324585,0.001570309232841403,-0.19135364679654557,0.11238530177119098,0.33638938270694263,0.398
20.80119752883911,0.012531718347938498,-0.2146775776090635,0.10001723675273168,0.25771545470001883,0.398
20.811371326446533,0.1744250831909952,0.010700627596716953,0.12150270871474184,0.3092552111348418,0.398
20.82154870033264,0.27164310176666295,0.004735789858788622,0.10169350735585655,0.29285636322275715,0.398
20.831714391708374,-0.20058967770176656,0.005494972246781552,0.10444703346721929,0.32611083660855733,0.398
20.84192204475403,0.23187879047807067,0.0639250104256145,0.0999525112138155,0.2890321333906304,0.398
20.852113008499146,-0.11580528084405182,0.010627659638770121,0.06204690784190606,0.28740580385336567,0.398
20.862314701080322,0.13891329381737116,-0.10822800197615193,0.08442311274086461,0.2794216499498635,0.398
20.87248921394348,0.03364822778008688,0.007795646378638935,0.09689865170433094,0.28328522210002893,0.398
20.88270902633667,0.042279006365292346,0.03682351591573253,0.08037736046573404,0.24864949265506658,0.398
20.89288878440857,0.16627096882671324,0.025287736445291753,0.07809958087527202,0.24528433990154713,0.398
20.90305805206299,-0.22981260406481321,0.033178448448235295,0.08524174362409423,0.24528621951704477,0.398
20.91325044631958,0.5470125118340089,0.08174026655200649,0.05884451346674885,0.24621448070018087,0.398
20.923494577407837,0.04937730263634424,0.029460114298268402,0.056479938080501176,0.27590385083345687,0.399
20.93373990058899,-0.9750730372334787,0.013944720313059872,0.10256736844688838,0.1952810828472403,0.399
20.943918228149414,0.6691758901801236,0.04710362283514404,0.11512617714710802,0.24103742143191564,0.399
20.95409870147705,0.295078803140054,0.07521823612855164,0.07095159378843316,0.23694503225816643,0.399
20.96430277824402,-0.0062466325692581235,0.09232243966717782,0.04706508637194344,0.20424434667091834,0.401
20.974494218826294,-0.03668107446384533,-0.3881022024263433,0.10657466170852634,0.17211684781290398,0.401
20.984716176986694,0.07089622664502895,-0.11975676853301373,0.11819803912911923,0.21441727834168178,0.401
20.994882345199585,-0.13446066895529618,0.6429073742691223,0.16587592643956592,0.21344884140071663,0.401
21.005053997039795,0.43821177101656994,0.03802243114086999,0.06059820644358862,0.18492520168754695,0.401
21.015238285064697,-1.0659624622412844,5.0,0.05669343851392229,0.15419973054159705,0.401
21.025416374206543,-0.0054617852071505435,0.01784427881646443,0.04193877467298982,0.2165337926574274,0.396
21.03559184074402,0.01858506903904429,0.0730604167142543,0.1077462660764611,0.3233148501329944,0.396
21.045762300491333,-0.016827147628369125,0.39797215320276885,0.08974573228930624,0.2396299298520862,0.396
21.05593514442444,0.025111183743622815,0.28931078428816887,0.07035367033459085,0.2782089630627532,0.396
21.066102743148804,-0.13197251889255418,1.1037023757414504,0.06388244281361921,0.19744691328900082,0.397
21.076265335083008,-0.15930012357546444,0.28432752524144705,0.07696323175710813,0.15330424150941427,0.397
21.08643412590027,0.08456208265126637,0.4238606977361697,0.0842309287925062,0.1025026725652055,0.397
21.096600770950317,0.04100829079598327,0.21804205088260226,0.03628412963277122,0.0993590010639255,0.397
21.10676622390747,0.04412118740286561,0.24446374469159585,0.0749119302290383,0.0009781218117041086,0.397
21.116950273513794,-0.0031881377422477153,0.3865063816323598,0.05903522328377323,-0.03319659163992217,0.397
21.1271231174469,-0.02353722557617624,0.13711902925685227,0.07610653336977122,0.02843191148909298,0.398
21.137291193008423,0.003667168616719451,0.8728861253562236,0.07639837429256499,-0.046458722318350854,0.398
21.147480249404907,-0.01447410289606989,0.8983355247235824,0.12695314461588525,0.017729413802922464,0.398
21.157686710357666,-0.13455374558666694,0.13840147550231705,0.05398298469122394,-0.025480052794415446,0.398
21.167870044708252,0.0660934180270415,0.5406162039134392,0.05115477257422063,-0.05109127343972864,0.401
21.17807674407959,-0.01223262119163684,0.12939919510174158,0.07786574561098503,0.009396158313230277,0.401
21.188249349594116,-0.21355770393356854,0.5320528745397516,0.07407780409182077,-0.01959238627944014,0.401
21.198540925979614,0.14277830044459242,0.32451063481361436,-0.003842177841801603,-0.03830762127658237,0.401
21.20871877670288,0.06317776225682002,0.11665966710788414,0.05078364649625486,-0.09735598440199811,0.401
21.218932390213013,0.0793449143310628,0.0863162622823194,0.02456178483437193,-0.10524543479617077,0.401
21.229101419448853,0.0793449143310628,0.0863162622823194,0.02456178483437193,-0.10524543479617077,0.397
21.239293336868286,-0.14732979633658866,0.06431078402377893,0.044711695802819196,-0.07967911210718367,0.397
21.249765157699585,-0.018879482136497837,0.0643402177548659,0.054407080198270064,-0.19085944958325268,0.397
21.260029077529907,-0.4545941338571637,0.07259471371715696,0.06367186645636151,-0.15434981118150748,0.397
21.27020263671875,-0.4581389628168038,0.07259471371715696,0.06367186645636151,-0.15434981118150748,0.397
21.280375242233276,-0.05484236245097595,0.007057375275281357,0.047780047795748876,-0.1869166050957701,0.406
21.290557146072388,-0.10318128226364176,0.0269433271997345,0.08137284413207078,-0.1343765863920257,0.406
21.30078673362732,0.015207639771283804,-0.004851720074602959,0.12215167297659389,-0.08442280072231156,0.406
21.310960054397583,0.22400190985320606,0.14074028628427768,0.10869393334604732,-0.10320378265917164,0.406
21.321141004562378,0.22385102835757043,0.14058940478864204,0.10869393334604732,-0.10320378265917164,0.406
21.331329107284546,-0.18763432419105286,-0.48108043478081874,0.06615390224301969,-0.19753920196319022,0.397
21.341567993164062,-0.018833362813648752,-0.6109052150576804,0.049301288872688774,-0.18073335003579413,0.397
21.35179877281189,-0.2333080092770865,-0.9012348774588498,0.045996831131087094,-0.21602171974773401,0.397
21.361977100372314,0.055505056605606576,0.3086681428334876,0.05702422957672333,-0.22072670705512704,0.402
21.37215566635132,-0.03664623267669663,0.07829459149594929,0.06308473171148392,-0.17727350651984441,0.402
21.382331371307373,-0.03274879871833481,-0.531836125042213,0.08808694120498392,-0.17320121962900437,0.402
21.392532110214233,1.8637888674671055,1.311039635213441,0.035620976048040175,-0.09206293352744029,0.402
21.402705430984497,-0.8251102147047041,-0.08991374587357923,0.05245146719216656,-0.040313700299653185,0.402
21.41289496421814,0.8641350241907597,0.12563467724083052,0.02558353821613755,-0.07595441639655959,0.402
21.423092126846313,-0.008811300347162909,-2.870067512364358,0.049924958353161075,-0.05207175496857702,0.399
21.43330216407776,-0.7074905718375459,2.742364587944261,0.021611193216519668,-0.0409280450408208,0.399
21.44373607635498,0.5430785795342268,1.493106459135001,0.04559533148822595,-0.042622642414357204,0.399
21.454081058502197,-0.20317397861905218,-1.4180730689359005,0.06872547042430424,-0.044080212154643916,0.399
21.46426796913147,-1.539574362895121,-0.6439718048071811,0.08381255231498247,0.01175087074797175,0.397
21.47449016571045,-2.424167403327663,-1.2360275116974058,0.10613970781914658,-0.04092088671280254,0.397
21.484766721725464,0.02210465970965805,-0.02318829053294768,0.10861904837609815,-0.07314635886942732,0.397
21.494943141937256,0.10137326942426117,-0.4538171945456601,0.1566060413713466,0.014555424949792256,0.397
21.505118370056152,0.09708598573230923,-0.016221984439386238,0.1589971693512265,0.001925198486351351,0.397
21.515294790267944,-0.2933259998119295,-0.4882999160361658,0.1679530637178525,0.03842467970991517,0.397
21.525529384613037,0.04903809533852326,-0.30306737970398956,0.16332991752667034,-0.018501184803804777,0.4
21.535760164260864,-0.02827159550034397,-0.15687324031310534,0.10313713042019418,-0.014378684103739423,0.4
21.54595398902893,-0.05094388020784063,-0.33109243885367984,0.09453563518295725,0.10024542230619951,0.4
21.556164979934692,0.1802595948145985,-0.4931118095757168,0.060485505575906325,0.05796991173103843,0.4
21.566370248794556,-0.29790702853590706,-0.4891154897902582,0.08216125855496259,0.07436058498577364,0.397
21.576584577560425,0.12009028905586687,-0.6762788437484782,0.08890545189146792,0.024782253566805232,0.397
21.58676838874817,0.013207565662431343,-0.11107646111510483,0.020273460692707586,0.03166556345085726,0.397
21.59695839881897,0.06291585121949972,-0.7010950444547518,0.014259989377032371,0.03959051868878707,0.397
21.607141494750977,-0.09164981887382524,-0.4966271391607559,-0.043131503186799806,0.10301550906497772,0.397
21.617322206497192,-0.15327227814288907,-0.34084815533423996,-0.006200906330665883,0.05393238040405254,0.397
21.627573013305664,-0.15582004127610635,-0.30273313117715717,0.0016238211505518463,0.15765425328522603,0.396
21.63774824142456,-0.0509259882423593,-0.32253559928865955,-0.046678951068348296,0.09331269456884134,0.396
21.647939682006836,-0.324294347749859,-0.10797094476564674,0.001689409412246476,0.09619024395966894,0.396
21.658119201660156,0.025095705648202533,-0.2006035260573532,0.003700500012420907,0.11349629472683065,0.396
21.66829538345337,0.05696941747324505,-0.2480625610244702,0.016353278118275277,0.1625641261570371,0.392
21.67854142189026,0.089933963801607,-0.7037691017926151,0.01280045935481225,0.1351587352086566,0.392
21.68877148628235,0.04042817131652298,-0.09071233228769257,-0.005757426058752041,0.14364737426336902,0.392
21.699024200439453,-0.4133307895180246,-0.8794920048082823,-0.04633122490433811,0.14325454723746525,0.392
21.709248304367065,0.023630031851301053,-0.06519614466630275,-0.09290650932147546,0.14549467441399488,0.392
21.719489812850952,0.03845530103368451,-0.24529229271242775,-0.0038710036767088396,0.18078771776994085,0.394
21.729682207107544,-0.1690107931062489,-0.33845439259808274,0.02411555026922675,0.11125508830219767,0.394
21.73986291885376,0.0007507591446673501,-0.25356471113259776,-0.06634901370962498,0.125368243584967,0.394
21.75004243850708,-0.009416321793876617,-0.2137532065327974,0.004499792288591514,0.16679245656014918,0.394
21.76022458076477,-0.27404825363067326,-0.07594922656135938,0.012585645860837102,0.1114903910062197,0.398
21.770398378372192,-0.04312646050649083,-0.04936719536550278,-0.02541158768413719,0.2077439765092111,0.398
21.780686378479004,-0.14723491164683267,-0.23701893815387243,-0.02475806650792682,0.19557153125804372,0.398
21.790855169296265,0.0051748497155779585,-0.25655759365191316,-0.03242512426348415,0.2086396698629791,0.398
21.80103826522827,-0.1701240494356695,-0.4566888559856104,0.087438010017325,0.19514303340817693,0.398
21.81120753288269,-0.06458526092772152,0.16100984461279064,0.025766900680683075,0.18405873305939324,0.398
21.821381330490112,-0.013033364814842826,-0.6555601017197136,0.0035531100767153684,0.17235479432542952,0.399
21.831697463989258,-0.11192126606488813,0.603215627680924,-0.027402337751801523,0.15692410563961912,0.399
21.841874361038208,0.08140428824908018,-0.006277719887128151,-0.018067792511276506,0.20917900707952358,0.399
21.85206151008606,0.08497830855234689,-0.41706642096386587,0.0049582479962323595,0.14101464188712906,0.399
21.862268924713135,-0.38733494008709407,-0.010711526999225972,-0.008978345507628244,0.20073635746079982,0.4
21.872493982315063,-0.014628052754226777,0.24715564507012738,0.0015676956986984542,0.16786755374211815,0.4
21.882681846618652,0.37388432687733325,0.17152229753850826,-0.07025882149565621,0.11179663194311162,0.4
21.892858743667603,-0.2884406425647091,-0.4071050922818395,-0.08692651390101025,0.18345299673564106,0.4
21.903034925460815,0.33951857727231205,0.44813454404804043,-0.03978707226388492,0.1816700113693987,0.4
21.913215160369873,-0.23766355199568193,0.4904294980151845,-0.01434686503763652,0.1599708649776331,0.4
21.92341709136963,0.17566911353400616,0.030235126309304066,-0.02939897811158662,0.1446422136805916,0.397
21.93376398086548,0.3256960231697113,-0.02106189913213408,-0.012409551056817042,0.11368609194833255,0.397
21.943962335586548,-0.09278771400244802,0.026508478456622388,-0.00974313330492553,0.1798176669256228,0.397
21.954517364501953,0.3692285846685142,0.09351062156256375,-0.02901915053967817,0.20161966051619007,0.397
21.964752912521362,-0.16946166823527845,0.11326113605946454,-0.0661957822678893,0.22488246998288206,0.4
21.97494149208069,-0.43889867563864254,0.05410261218988431,-0.0059509173410488975,0.14952846160052743,0.4
21.985236167907715,0.8214350593410353,1.258417434651276,0.015745363238084426,0.21972073382610194,0.4
21.99540638923645,0.07726856131460003,0.06407438658263527,0.008328738532430519,0.20667151252068183,0.4
22.005601406097412,-0.026187265017835585,0.5851768414997626,-0.0197444979885247,0.22583142526656894,0.4
22.015770435333252,0.4199500656838518,0.0722624409834399,0.061926855122699416,0.22746954425039023,0.4
22.02594518661499,-0.24050454127704163,0.10747403432238242,0.03021136726154238,0.1561636337534973,0.399
22.036121368408203,-0.04104265307799536,-0.6987842456036003,-0.003658265784438078,0.21679621306486513,0.399
22.046292781829834,-0.15428365891780704,0.9150958642637771,0.026150165533020443,0.1349048201238618,0.399
22.05647563934326,1.8659793888143952,0.28502628781630607,0.001583992542797806,0.2147987774961755,0.399
22.06665873527527,-0.10666334975259745,0.03317329042981463,0.01965244055737896,0.16615668199623693,0.396
22.076884508132935,-0.07471013614736526,0.06555034901735522,0.06591363778955286,0.13118758560250307,0.396
22.087093830108643,-0.1545923937005327,0.03701096965638706,0.09560960844382863,0.17560942441947341,0.396
22.097264051437378,-0.058354717905507385,0.6310009836493349,-0.018283984164197596,0.06984052927289605,0.396
22.107437133789062,-0.028619483759309953,0.0813382183535868,0.09894644002780119,0.11185777758806315,0.396
22.117642164230347,-0.12480115270653692,0.07765948234153726,0.0870610345697341,0.12451043753496227,0.396
22.127854347229004,0.11675289514647391,0.07495625836963987,0.05688664992198618,0.09690971073166718,0.397
22.138025999069214,-0.13995039129429335,0.07469383655129064,0.002646511712449331,0.10465157827837879,0.397
22.14820122718811,0.04258035752830482,0.0514714606796139,0.08415289812491489,0.07880170044242527,0.397
22.158382177352905,-0.04413024242609705,0.060275876701215036,0.1511489729214504,-0.05074374494186843,0.397
22.168747186660767,-0.06617969430091417,0.05350341111762245,0.13776392103540988,-0.006038309544216691,0.398
22.178962469100952,0.09190505715838677,0.03946545050729021,0.1512469575392445,0.08695384584979568,0.398
22.1891667842865,-0.057947995607574035,0.24663510656452164,0.08444575651763621,0.021962747270006105,0.398
22.199352502822876,0.013283375049557193,0.015925934084499934,0.16450266074598136,0.060294605157307696,0.398
22.209571838378906,-0.1247971004782043,0.009169589878670625,0.20602585873307766,-0.011272472576813814,0.398
22.219794273376465,-0.2759162563743602,0.0022832823111762564,0.1533055866329174,-0.029409649343905876,0.397
22.229968309402466,0.2080770764901781,-0.18306546600490156,0.2143459314478264,-0.05514564757034746,0.397
22.24016261100769,-0.09194470676054611,-0.18983669720202437,0.18031938053889002,-0.05886935917830093,0.397
22.2503342628479,-0.5298970292004603,-0.16584998235738865,0.1997759056956308,0.028160273894413137,0.397
22.26050877571106,-0.5937059515045765,0.780200678657245,0.21106337692858174,0.008819682747094257,0.397
22.270732164382935,0.4425408277443021,-0.009456014724703383,0.17281202026961118,-0.010097581321299825,0.397
22.280964374542236,0.5933343094967487,-1.5731177825843286,0.2081460266529318,0.05995477445571447,0.397
22.29113245010376,0.02474403362626844,-0.3876522853253911,0.1852532751460117,-0.02530820934949934,0.397
22.301302194595337,0.07667834391209999,0.021849599882562597,0.165965503292848,0.02221834772637566,0.397
22.311476230621338,0.2688000301032932,-2.4207563721358842,0.23737115998576597,-0.02901018210262242,0.397
22.321658611297607,0.03345812848764326,-0.02152417719314761,0.25164461742441774,-0.07141452930319446,0.399
22.331875324249268,0.06065863354015649,-0.08087191087776543,0.25202243415846715,-0.0045597890963749305,0.399
22.342047452926636,-0.4314852862229921,-0.17469725011435186,0.1982577102217728,-0.10312848803767613,0.399
22.35222625732422,0.028516788768219524,-0.152274423858418,0.2039409813158039,-0.05030553807370481,0.399
22.362398386001587,-0.340242159415573,-0.8047558747740405,0.15775511236047812,-0.09181491907172151,0.396
22.372586965560913,0.017715013900703937,-0.36377407766750336,0.10277705004831769,-0.05846132490265203,0.396
22.38279438018799,0.10236074430907932,-0.2868567572445433,0.13608349849815823,-0.0423019679845542,0.396
22.39298129081726,-0.3296279841427867,-0.28941579753525987,0.18068601708353926,-0.04266461694888077,0.396
22.40315079689026,0.028680318887055398,-0.08549404318964493,0.19029450549202181,0.052771009664094155,0.396
22.413323402404785,-0.16839476641404602,-0.09747923718927543,0.13319394896821246,0.011711276679486349,0.396
22.423670053482056,0.08577701624337639,-0.08276042212107655,0.20764611936152486,0.07260059008532072,0.394
22.433896780014038,-0.498049014531697,-0.08676541118830788,0.21200986318573678,0.010151801166382667,0.394
22.444083213806152,0.03740925450740321,-0.05781218655075189,0.14946199473628688,-0.004990234508041272,0.394
22.454261541366577,-0.7164987778449683,-0.46844757519583635,0.16367816045562042,0.07538540552452826,0.394
22.464435815811157,0.14624462869276006,-0.23875946979419205,0.1475419273723676,0.08123736136348722,0.394
22.474656581878662,-0.32239334952729565,-0.06121145171013419,0.18111737919836327,0.09046801349454625,0.394
22.484864473342896,-0.14882160404395287,-0.07868176602484561,0.16159281073291457,0.1430314010415589,0.394
22.495035409927368,-0.3396862274866229,-0.24295227952932896,0.09016876800270536,0.09118464849956195,0.394
22.50520658493042,-0.12883320534341622,-0.04106617319699376,0.10429000187782304,0.1113148550942795,0.394
22.515390872955322,-0.28383107987200745,-0.030200098568752592,0.14803279381431395,0.1291748087440016,0.394
22.525585412979126,-0.04379280200105662,-0.04870747064412641,0.1302756511399358,0.11628537263419442,0.394
22.535799980163574,-0.07880843341175538,-0.22020559480113908,0.17192689658546567,0.14067271285798094,0.394
22.54597496986389,-0.23384894282614474,-0.04228473057826666,0.0637371064864872,0.16693884361974887,0.394
22.556177139282227,-0.2855598957974277,-0.01067789235159395,0.11276508812489403,0.18522104376455906,0.394
22.566354513168335,-0.14443266089482423,0.18397684478686585,0.11786898645273208,0.1802313152956262,0.401
22.57657551765442,-0.3515921951846837,0.227034626535245,0.08983246645362723,0.203115697093195,0.401
22.586803197860718,-0.37292451987843966,0.024296930973515672,0.09570299651245165,0.1840808910175522,0.401
22.596996784210205,0.10087627452792164,0.045861547192402964,0.022420697219749403,0.09196398800240926,0.401
22.607189416885376,0.061070536598074404,0.06503066792930746,0.04063840616598291,0.16200496395950412,0.401
22.617364645004272,-0.10731539040418624,0.017458076785162684,0.030177169641590618,0.1346318923374055,0.401
22.62758159637451,-0.43259468459600686,0.021790176267085425,-0.00224679802458308,0.19012676091128924,0.395
22.63780450820923,0.07085357363610753,0.46068159508375667,-0.00909660333246809,0.20323412681846525,0.395
22.647977352142334,0.10667177807337233,0.09817338498239184,-0.02491152419870371,0.14790256357044596,0.395
22.658151388168335,-0.4174974075887677,0.07706731031730372,-0.02180069824751077,0.09927313889960042,0.395
22.668527364730835,-0.7859462651596294,0.2781915098489174,-0.013625779984322392,0.011037949862384919,0.396
22.678752183914185,-0.36569351448216314,0.4369401699828281,-0.027410617608140897,0.0619048210927673,0.396
22.68901538848877,-0.3852716095842887,0.439275955275485,-0.036728476620448314,0.08307157660610515,0.396
22.6991970539093,-0.3565243481271349,0.06159449491845165,-0.029853209974820494,-0.023561478379198114,0.396
22.709396362304688,-0.3132685139253182,0.12484194946949392,0.04026581513148755,0.06140455229052113,0.396
22.719595193862915,-0.3427319240655869,0.3027611041159139,0.046060907219102526,0.05966864814160019,0.405
22.72982144355774,-0.16480831906750468,0.1139288540727964,0.02484044565335894,0.04709235804513379,0.405
22.73999524116516,-0.24503631497684003,0.0990500867487305,0.07267359242841515,0.03126108162104582,0.405
22.750189781188965,0.08209447466224774,0.49018976356503224,0.01566805044535785,0.0038638553760628816,0.405
22.7603657245636,0.045618379977307735,0.45099838949095067,-0.05198715034928457,0.07087808032671436,0.399
22.77056860923767,0.017326597015746372,0.09029586160455937,-0.07341416019168222,0.03663290228616798,0.399
22.780757904052734,-0.16193174992648293,-0.14624091831201178,-0.0617399255533812,0.005664193472920078,0.399
22.790931701660156,-0.459545267036045,1.4973427905218566,-0.13844342789303904,0.011978991663586104,0.399
22.801100730895996,-0.02846374055576294,0.4341502497773238,-0.142501045241118,-0.014455008909316305,0.399
22.81127142906189,-0.0136551854135869,0.06771300956420558,-0.06002440761129123,-0.01545297984660456,0.399
22.821444988250732,-0.1465401918706408,0.4708137348466435,-0.06917276202366854,-0.0025087824133131695,0.398
22.83163619041443,0.03087523086846029,0.11897560956307876,-0.05153875312259862,-0.04298881541136798,0.398
22.841850757598877,-0.19374748937753122,0.06220237801545143,0.012496096060544415,0.004465444419849168,0.398
22.852027654647827,-0.11898636187650859,0.27007016098080916,-0.027717878218008057,-0.024228432394082934,0.398
22.86231803894043,-0.06359709738326777,0.30095764134587794,-0.06916574672218855,0.053359409470344024,0.404
22.87250518798828,-0.04547012933777275,0.07070470164581788,-0.11780361584146402,-0.016346276389264898,0.404
22.882678031921387,-0.043045988761789174,0.045113083551835825,-0.15089895620741606,-0.012782895905405961,0.404
22.892897367477417,-0.1780039244348796,0.43259176637413294,-0.13153952377615954,0.00816529499651529,0.404
22.90306806564331,-0.005175314655762982,0.03043937673762211,-0.1118578972274347,-0.0004337438868339677,0.404
22.913248777389526,-0.02259315570932008,0.041562790086739944,-0.08188824172376641,-0.0425200808059336,0.404
22.923425436019897,-0.04517034947508943,0.2645135277798806,-0.09408479855870944,-0.09481495131597747,0.406
22.9336678981781,-0.029912523159543986,1.0441354503760045,-0.05391978747842241,-0.11460459435119394,0.406
22.94391918182373,0.09875068507910342,0.20536423271201437,-0.05754693755219738,-0.08085227614604443,0.406
22.954123973846436,-0.05383115467811074,-0.017847107287437054,-0.10542509979484421,-0.05816718845945014,0.406
22.96432852745056,-0.007331500644114523,0.02586424912373712,-0.10659836030406665,-0.13332794849302032,0.4
22.974579334259033,-0.04920368967156553,0.27804288869425997,-0.041404694542988424,-0.09441526159841028,0.4
22.9847674369812,-0.09645298862678901,0.23869523238908474,0.01055666016013071,-0.055749937419071416,0.4
22.994943857192993,0.29290328866803333,0.39778728941041075,-0.014492146572374229,-0.05240055218408028,0.4
23.005113124847412,-0.08347028676856154,0.08240890616509666,-0.004472700116395126,-0.04666817536891604,0.4
23.01528286933899,-0.08398907019695942,0.09293070340712724,-0.058197630154225403,-0.024659841001175575,0.4
23.02545475959778,-0.02139461806196062,0.049619883748284084,-0.047199335227007665,-0.1345248867524644,0.404
23.035646200180054,0.11002685962579987,0.23143260642463925,-0.06544476789303091,-0.15665544936845008,0.404
23.045852661132812,0.10074855189517042,0.011043855629128395,0.06503551718730072,-0.07341718592411418,0.404
23.056022882461548,0.027957793888849374,0.26279505290119054,-0.008688604761682067,-0.07084937423833466,0.404
23.06620478630066,-0.042855562965383766,-0.017888443117026646,-0.021449159279070387,0.006254678184007129,0.403
23.076375246047974,0.15472863627380096,-0.024553493754670058,-0.01589258777901713,-0.06440199665832975,0.403
23.086592197418213,-0.11475286587793919,0.024222777572247955,-0.04818402675506678,-0.02462926367269702,0.403
23.09678077697754,-0.09137591115442568,0.21097344760830203,-0.017347678873556267,-0.08654973392234502,0.403
23.10695219039917,0.16333347741565943,0.20198473288907232,0.007127489893859945,-0.07264973810473017,0.403
23.11712336540222,0.27587848792694836,1.1927056002675236,-0.03697370452653146,-0.113129033778061,0.403
23.12730073928833,-0.04401304138827625,-0.04727163993274125,-0.0575634454584901,-0.12323691605642818,0.402
23.137476682662964,-0.06379525892809437,-0.016051877005242497,0.02078524815672951,-0.03546482850890649,0.402
23.147706985473633,0.09815598351794383,0.005540029378958064,0.009710903498538915,-0.04634038469668175,0.402
23.157881259918213,-0.09073523525265796,0.008737485917924304,-0.005851117133561554,-0.08990201872980144,0.402
23.168050050735474,0.1106664279693766,0.008737470685556154,0.012184457686615973,-0.09165956452236712,0.4
23.178221702575684,0.38950608747583687,0.01088672781727919,0.04345269687941262,-0.1533876941973926,0.4
23.188398361206055,-0.21443294890326886,-0.1903622005852531,0.058561366656320266,-0.16575350870787664,0.4
23.198617696762085,-0.025941925592512224,0.1217486993173216,0.05055632410392642,-0.14882987803244724,0.4
23.208855152130127,0.14446262677173444,-0.011326210926354397,0.15157322722168767,-0.08426740494285727,0.4
23.219035863876343,-0.04835110989136585,-0.043467361717198144,0.11576800183470803,-0.09649023129433329,0.4
23.229225635528564,-0.13024961210594546,-0.26354915869625933,0.11686253148836485,-0.05399149807373181,0.4
23.239400625228882,0.033544437051252665,0.01033611644865674,0.06456041553078659,-0.07447416505786689,0.4
23.249592065811157,0.1355766841430171,0.005524259589982686,0.13766978193797438,-0.019231613660305596,0.4
23.259820461273193,-0.06969413578036378,-0.027395257462752953,0.1443586239354116,-0.030076374237287512,0.4
23.270004749298096,-0.04663177611713439,-0.23116536149367062,0.14034036883106454,-0.04912368875816377,0.4
23.280181407928467,-0.033812584818957776,-0.22847145280993825,0.11975865776604672,-0.05441794985971077,0.4
23.29036045074463,0.004009732266093294,-0.4217129454154337,0.15393719593301003,-0.13703945552154925,0.4
23.300589084625244,0.033443576321109954,0.16919934684349347,0.13122821418876535,-0.2032720582855164,0.4
23.31082057952881,-0.01758737704879805,-0.023122319633775885,0.11292275791583804,-0.08917715106162089,0.4
23.320998191833496,-0.05777594097025511,-0.278305722609319,0.08930424759737131,-0.1626677652424382,0.398
23.331173419952393,0.0440109062057191,-0.06662001315989026,0.05443741310705997,-0.11493948497646912,0.398
23.341352701187134,1.8403732495526621,1.7555485068412096,0.0849608646892377,-0.08702908881690782,0.398
23.351571321487427,0.054469711054591405,-0.08547560662971619,0.08293098144624803,0.02270658108674209,0.398
23.36194372177124,-0.04941741267122764,-0.24859307457912666,0.04434054280987248,0.03762105444591955,0.401
23.372119903564453,0.22917162915384434,-0.034967308356086725,0.09030333146586983,0.07203503818346477,0.401
23.38230609893799,-0.06411617457428447,-0.2447317519714307,0.09541116686807247,0.03374030420173301,0.401
23.39247751235962,-0.1344383123822495,-0.20826165657395712,0.14328416293758958,0.07419954993210279,0.401
23.402654886245728,0.10160392643687903,0.19777910066631513,0.18454087735080799,-0.06383679865532606,0.401
23.412825107574463,-0.10372063935832376,-0.17212694306123827,0.17237992246096112,-0.014093862380990411,0.401
23.423003435134888,-0.10933088723023054,-0.2106493296562204,0.18588476130789444,-0.06573959213682591,0.396
23.433181762695312,-0.03749417168036793,0.007213811603849074,0.14414648956091827,0.0003366864078864565,0.396
23.443369388580322,0.21082975888604538,-0.05553141823038877,0.1632040408239912,-0.06629670511784384,0.396
23.45361828804016,0.06678131451009756,-0.04916780136006614,0.15797627337163656,0.035863036372652465,0.396
23.463828563690186,0.014971980245473833,-0.010178538231929773,0.10641943390180829,-0.00954935260736687,0.4
23.474005937576294,0.06400516966981377,0.005938213650989131,0.14362525322129513,0.003245401359706787,0.4
23.48417377471924,-0.035350938826118325,-0.24363091377327167,0.18673582480650158,-0.01904891373994329,0.4
23.49434208869934,-0.01657604808750318,-0.02167944040944013,0.14582106018114782,0.035589272913460375,0.4
23.504517078399658,-0.04918259410977933,-0.017554974755499594,0.14867998156696943,-0.03356901261368241,0.4
23.514867782592773,0.08759299827469634,-0.052022020060954216,0.21081517396184168,0.021749302906814455,0.4
23.525044679641724,0.0005258066932690505,-0.06784427769547764,0.16845430158971408,0.09666281438954563,0.398
23.535221815109253,-0.15096616350495004,-0.03294377562479323,0.19516499531503817,0.13432006172897504,0.398
23.545419216156006,-0.03402595199530195,-0.03931783872102556,0.1901138903443122,0.07508733856299049,0.398
23.555652856826782,-0.13509515415729925,-0.6320170016238321,0.21160331880090158,0.079792937671227,0.398
23.565855026245117,0.6409015557122335,0.3448973573449896,0.17371959478903026,0.004519175255836465,0.396
23.576047658920288,0.2229228154973282,-0.04861787037341282,0.16461315653022499,0.002022361207975748,0.396
23.586236000061035,0.01786562767967184,-0.6393644914274501,0.052739087695003496,-0.045299680203094904,0.396
23.596415996551514,0.2278193835243817,0.1577315337379784,0.08249943960509842,0.0007712951124954517,0.396
23.606688499450684,-0.19532345358690245,0.34678623021767874,0.12077490316934879,0.06601800036731628,0.396
23.61689829826355,0.011568982884356026,-0.25086193786026734,0.10108445850975281,0.09344950157196692,0.396
23.6270809173584,-0.02430199793356446,-0.22139993003493588,0.15209821718000163,0.10490320542842572,0.397
23.63725256919861,0.018620804609960236,0.41031850067396225,0.12106904414098521,0.08338301467510635,0.397
23.647425889968872,-0.03931969673265555,-0.0317247821418217,0.17084579041624687,0.09039272913617702,0.397
23.65764284133911,-0.046830594664079433,4.209573617081485,0.15697000208573605,0.0711853979234221,0.399
23.667828798294067,-0.00029257209481624714,0.011491058991084787,0.13458068580310406,0.02391972336313586,0.399
23.677992343902588,0.07922420953647229,0.03149188242229852,0.11016083938700502,0.062370854778887014,0.399
23.688154220581055,0.0466029491985292,0.06484829912611699,0.12039878145856592,0.09463179940588608,0.399
23.698333501815796,-0.01418006782440489,0.4028429973770664,0.0654756178052511,0.14949812603978602,0.399
23.708557844161987,0.03266638208039365,0.41682375917625036,0.12477991491894727,0.18106041214086133,0.399
23.718770503997803,0.031596100357316345,0.592146335425768,0.13306244603630663,0.1585350257467961,0.398
23.728970050811768,-0.3483741385633265,0.19458980715733987,0.060757226247016016,0.11791571085537558,0.398
23.739148378372192,-0.0007542123803949736,0.5948670803239426,0.0939513403817197,0.14054401300433897,0.398
23.74932050704956,0.19330671863029059,0.15093781369426287,0.10770774110317835,0.036844674020514126,0.398
23.7594952583313,-0.1963788202352833,0.15011454842666877,0.14885591325556363,0.0011760056460229408,0.401
23.76978826522827,-0.09653217964651688,0.11203212165212183,0.13602175709615352,-0.0681007282131492,0.401
23.77995753288269,0.08237013076600862,0.11520417064333702,0.14491281098729764,-0.01674093690270493,0.401
23.790120601654053,0.1124898531159005,0.2554121969604817,0.11927717498040111,-0.04646753292201832,0.401
23.800280332565308,0.07459211438726604,0.13630797925986526,0.1790129724654048,-0.03806914836749089,0.401
23.810439348220825,-0.005172627651538553,0.041830157538462906,0.1340505136566233,-0.06496199766306004,0.401
23.820666790008545,-0.026170558265821247,0.0071532618866297654,0.13168455877426405,-0.04618626284791733,0.404
23.83085608482361,0.01800961472223933,0.4374780555989357,0.07541614612521756,-0.056281951840918984,0.404
23.841026067733765,0.21681478676655755,0.20826704933703655,0.06343261576059991,-0.09055770519502673,0.404
23.85122585296631,0.017821659569393463,-0.004519379543362844,0.057720121181424125,-0.05400281049328519,0.404
23.861451148986816,0.02505210586580913,-0.18582246059371937,0.04472686019258902,-0.05607079081938969,0.401
23.8717622756958,0.11034261507960845,1.2124419877315977,0.026311538546313823,-0.07498944432911228,0.401
23.88193917274475,0.03853864231335862,0.06031891309319428,0.007611452424666272,-0.12372617262896572,0.401
23.892106771469116,-0.1521215762395992,0.0025177151996761534,-0.021226144511860282,-0.10813147960263148,0.401
23.902278184890747,0.021930494969711528,-0.003630503512394266,0.061624391240901244,-0.14440280238320866,0.401
23.912445068359375,-0.1995074528945015,0.06850498377589541,0.0052995885127554865,-0.09512515741914163,0.401
23.92264723777771,0.02112754487122292,0.10220040736663212,0.01425889509627646,-0.07124498843495747,0.403
23.93283486366272,-0.17469233919239535,0.28865841314232354,0.046949142822972426,-0.19484578538254138,0.403
23.943007946014404,-0.2300588807262695,-0.14976646211023179,0.04108717024431941,-0.13818330396461362,0.403
23.953204870224,0.06543523175202058,-0.00980755923588166,0.08438484353260774,-0.09817490139091689,0.403
23.963430166244507,-0.17954476477722817,0.03172741158154646,0.03280817325137976,-0.12105624255925966,0.404
23.973673820495605,0.45294823597184575,0.031059659287337237,0.07866107636777786,-0.07063751520444252,0.404
23.983879566192627,-0.3759848539444633,-0.39789505193775193,0.0668430311013472,-0.07353433772321054,0.404
23.99406671524048,0.030571821174718333,-0.0007797131835732807,0.08976056137330075,-0.046641486552553166,0.404
24.004249811172485,0.08629808019522911,0.20620637236026182,0.05684216055152734,-0.03995175289841582,0.404
24.01444935798645,0.05087144461138394,-0.2759714478701665,0.035297090790798506,-0.04260510974680816,0.404
24.02469515800476,0.050073662022959826,-0.08266774022804382,0.08425943031570127,-0.05073906144610822,0.404
24.034873485565186,0.05682028151978743,-0.08168250929787808,0.06879755964688654,-0.03754571888280171,0.404
24.045051336288452,-0.06781910719887074,-0.040213949219573886,0.0693637353443512,-0.09828241778194236,0.404
24.055232763290405,-0.024328803005541334,-0.4804623284852798,0.03917002640976198,-0.06505495052852758,0.404
24.06540536880493,0.17051515351775823,-0.10165570709485439,0.05247042875542538,-0.06534956174578452,0.398
24.075644731521606,0.10717810531086769,-0.0609513166987896,0.10399640881511214,-0.08100737274744862,0.398
24.08586359024048,-0.05555130418245763,-0.0692526416327188,0.057433974794016275,-0.07291841444550795,0.398
24.09607720375061,-0.14735565065333442,-0.2828804455805497,0.09407949853875883,-0.13607185864084498,0.398
24.10624599456787,0.22994321339119603,-0.0751392345769311,0.07781416234258481,-0.06010270220439144,0.398
24.11641812324524,0.3976621973848679,-0.0887443493987611,0.0423623343353558,-0.051105615339176035,0.398
24.126678228378296,0.11390091500013334,-0.10601113919627098,0.03847469598916852,0.027851318358284402,0.396
24.136861562728882,-0.09487229032797118,-0.09831107148472032,-0.005316275575890105,0.035919345687280654,0.396
24.147079706192017,0.5607957218188697,-0.05659535784446442,0.04341424994871689,-0.07185526973717563,0.396
24.15725588798523,0.16079280283924496,-1.062800756587759,0.04341424994871689,-0.07185526973717563,0.396
24.16742777824402,-0.6081779643485928,-0.03541729392083146,0.13681019192669183,-0.026284049663128944,0.398
24.17764687538147,0.674033386182919,0.725340744081081,0.08267279990249743,-0.021455592268407257,0.398
24.18782925605774,-0.5213916539731867,-1.62915717870705,0.006168825914265763,0.09135559881609165,0.398
24.198036432266235,-0.04122039951692513,-0.4808803136205036,0.022358895824468542,0.08529199608137987,0.398
24.208218574523926,0.011994324219627046,-0.07413888572876873,0.019772592662482547,0.01222128840449041,0.398
24.218443155288696,-0.25658547352224736,-0.26819379160829393,0.04613004895926119,-0.009757232765736146,0.399
24.228764057159424,-0.1568033760219216,-0.28307974667114116,0.03065821547491729,0.02270867766146284,0.399
24.23894739151001,-0.007945109313055611,-0.08328815888248865,0.1100425293213347,0.0051681777567604975,0.399
24.249130249023438,-0.011096696924454702,-0.3508349989237315,0.08207495371722003,0.08155615968385958,0.399
24.259315490722656,0.028000663724006124,-0.2893761002441018,0.0877649602937754,0.03050085717676726,0.393
24.26949405670166,0.06279498307663903,-0.07734802274123254,0.082027138444155,0.025053874817581232,0.393
24.279701471328735,-0.6260779669067936,-0.4700766671353072,0.0903484059315045,-0.0020442341515007293,0.393
24.28987407684326,0.02199502136429931,-0.3250721572551993,0.057336570432743275,0.01683702468309816,0.393
24.300049781799316,-0.03298726708962481,-0.7557266893803185,0.08114682422245363,0.09807695097376143,0.393
24.310221433639526,0.06157972584688197,-0.325435027925134,-0.04213920918128404,0.20135389634187478,0.393
24.32039999961853,-0.17026342848524303,-0.09618235827543915,0.016611166072636546,0.19816929561459096,0.396
24.3307044506073,0.08036724180472148,-0.0324692435036198,0.04244955527408008,0.20072167161011573,0.396
24.340884685516357,-0.012551533887812645,-0.2537573679192968,0.07993821647580361,0.15176807516471347,0.396
24.351057767868042,0.011010849131577675,-0.07543188178158855,0.07022370226803924,0.09424892907935904,0.396
24.3612322807312,0.06142741236860984,-0.19876254086855077,0.058906247665734594,0.05486465853519408,0.4
24.37140703201294,-0.27643264223015573,-0.027594593718338667,0.03694872913134909,0.11627850422969496,0.4
24.38157892227173,-0.16520443932479717,-0.2336711069324495,0.04184586667227802,0.13805447651085723,0.4
24.391844987869263,0.18795959352664568,-0.0015810779494384289,0.06421586855584299,0.15968921699097655,0.4
24.402013301849365,-0.26615560110671727,-0.24782469191511175,0.04602824858187406,0.18016516858917597,0.4
24.412187099456787,-0.28482304266069236,-0.0766506950452277,0.014285316485524696,0.15920957077859543,0.4
24.42235779762268,-0.06011781868631614,-0.06709836974209062,0.048347875214101534,0.1464980365513584,0.404
24.432530641555786,-0.03504776589162707,-0.2630004625265626,0.07224318062181599,0.1668048160821854,0.404
24.442728519439697,0.049158621950778414,-0.2165282757190081,-0.01202144548585116,0.19659965219306186,0.404
24.452919483184814,0.017022258160267343,0.018056440774189705,0.027900777807403864,0.16477863022246747,0.404
24.46312379837036,-0.3218585254869294,0.02131204792868153,0.03313011192912704,0.10743399351719887,0.404
24.473331928253174,0.29413373053253883,-0.004612872654734674,0.04609849362786709,0.15996881347137093,0.404
24.48353934288025,0.09846338714566899,-0.014034929444590415,0.02091778313256512,0.13060571247329517,0.404
24.49378228187561,-0.19762099075190942,0.011631664906492516,0.01592302403283733,0.09049487476130506,0.404
24.50397276878357,-0.05977341525670299,0.4523125863362673,-0.021344227202522256,0.13636790443683433,0.404
24.51415705680847,-0.6324355344238755,-0.36392008578188734,-0.019485217155974278,0.11450363348486435,0.404
24.524336338043213,0.012993317076889506,0.043090516102512244,0.014560201464944071,0.11148655553757005,0.406
24.53451919555664,-0.19268987611208038,-0.002872120133457507,0.021486845269200097,0.12545415174410515,0.406
24.54473090171814,-0.16583250139219796,0.60090935114234,0.07325114619901757,0.14996292281677115,0.406
24.554951667785645,0.08756707642900032,-0.4081572051858915,0.06551669127744233,0.12330140727709622,0.406
24.565146684646606,-0.17566095816641686,-0.14802160812129164,-0.04776416373458025,0.12655067817072232,0.401
24.57533597946167,-0.5509881215758416,0.04706677536863498,0.05972207371439174,0.13977431376641627,0.401
24.585511207580566,-0.1720065615755346,0.048287481901361014,0.054906259836289946,0.09401138021979746,0.401
24.595720291137695,-0.05803357408815954,0.08057139796524873,-0.003467986793811731,0.1318944258137978,0.401
24.6058931350708,0.025378045682996536,0.013901332443796106,-0.00919012691451411,0.11827856994708741,0.401
24.61607074737549,-0.13751741692928413,0.23967595227510163,0.027380913902740285,0.14815329670681338,0.401
24.62635064125061,0.1621506979257074,0.04287124274767895,-0.0019354684431414707,0.12495477155399268,0.397
24.636528968811035,-0.3631437888809375,-0.0033104887982543948,0.03138054181903943,0.0615334489457365,0.397
24.646897077560425,0.11681573303215421,0.007595015958257941,-0.002264205006192385,0.04038995186199254,0.397
24.65707230567932,-0.15999055665596554,0.44367404452587866,0.002848129717347714,0.061210669172096596,0.397
24.667245388031006,-0.13087132611695976,0.08729522152907931,-0.011949851091337366,0.019826138350246186,0.399
24.677427053451538,-0.03157107769828628,-0.004180800429965729,-0.05770647623395058,-0.01675537006055247,0.399
24.687714338302612,0.016277655002735293,0.051521580973080384,-0.025288298042278792,0.03275189175905743,0.399
24.697887897491455,0.10234865330459086,0.04441720957845253,-0.04159319392895987,0.05649962114941775,0.399
24.708065032958984,0.0197966443406099,0.45716961935869765,-0.09099862112009276,0.1676213522582649,0.399
24.718363285064697,-0.004542525543732529,0.11572268286254454,-0.046932258860371896,0.07052384909259578,0.401
24.72858166694641,-0.9855478863295847,0.5029058312000179,-0.05790659295383523,0.05917742379301075,0.401
24.738778114318848,0.7909438342233338,0.14149553458223416,-0.08248644629655062,0.010993998047646052,0.401
24.748969554901123,-0.6045762788737454,1.1187228059698808,-0.11425453418934557,-0.0265019882025752,0.401
24.759153366088867,0.08824628807756302,0.2674382291626898,-0.06704370707174284,-0.026028698472264775,0.4
24.769336223602295,-0.0647085547118654,0.25600185864857533,-0.0629046811112341,-0.0511235739983226,0.4
24.77950668334961,-0.011151160346557078,0.05554748676636156,-0.021440264564898087,0.03166605742171943,0.4
24.789703845977783,-0.11243304581982924,0.3018910077252015,-0.0801742914090879,-0.01051064159392135,0.4
24.799867868423462,0.022146982101173055,0.5506068465716477,-0.06804473874950398,0.019132124014949712,0.4
24.81004571914673,-0.3879080014999287,0.11061348499313206,0.02860781426276693,-0.08266240881368216,0.4
24.820215225219727,-0.009758622488161508,0.2412506525284481,-0.00706726303322304,-0.005922195837651745,0.404
24.83038592338562,-0.06978551220184044,0.05790347231222312,-0.01962363135654273,0.0008342146580118531,0.404
24.840555906295776,0.04130528734864568,0.09092090731207783,0.0031186092526922643,-0.054512647412384534,0.404
24.85076904296875,-0.01886963954036768,0.11675779775152897,0.03154939003898154,0.013185469788382795,0.404
24.860989332199097,-0.2489848164051373,0.42783820861451866,0.039965826213763433,-0.1272889597969704,0.405
24.871172189712524,0.04252306686005499,0.011720154108748887,-0.034326416515941836,-0.05764027574678887,0.405
24.88135290145874,0.014902527490465426,0.06327379597284055,-0.06192977887165142,-0.03716201092704954,0.405
24.89153552055359,-0.044458913211704455,0.0672204626836293,0.0010290903200366741,-0.04991884262515294,0.405
24.901750087738037,0.15374523826952308,0.48955185216949126,0.038356808811438534,-0.09901691103767812,0.405
24.911919832229614,-0.14370284687643367,0.0697946596629208,-0.011604921009384511,-0.10389754065014105,0.405
24.92208957672119,-0.03088534830778086,0.08326805834624787,-0.021972100253218885,-0.11515837306340354,0.399
24.932267904281616,0.14056057118827703,0.6672915173281039,-0.04487352561657486,-0.15228921522605793,0.399
24.942437171936035,0.1607790080449905,0.21491077943634254,-0.04123103756712326,-0.14374915599790652,0.399
24.952687978744507,-0.007545967782924724,0.4177685831748237,-0.009712142557994505,-0.11276111273016425,0.399
24.9628849029541,-0.04521237802700971,0.02172353545785265,0.026161583114687317,-0.09661493678219397,0.403
24.97310519218445,-0.18419954953252357,0.06703019093160044,-0.017419174461153826,-0.09320385979143672,0.403
24.983312129974365,0.14044582666450434,0.07565860330259107,-0.021018051670037487,-0.11945954579611066,0.403
24.993509531021118,-0.21268497412809426,0.032017247820643774,-0.018828734208337854,-0.07254074474955592,0.403
25.003722190856934,-0.03159202333595772,-0.002416526937651216,-0.06366993707662064,-0.049147250433352954,0.403
25.013904571533203,-0.005928631236022363,0.22342853462946152,-0.027516706991261963,-0.04462510169485932,0.403
25.024083852767944,0.03472929230133556,-0.018037382594555597,-0.017265335239954556,-0.11092034844481938,0.4
25.034260034561157,-0.023499429322017085,-0.06924547421244198,-0.02316814272526957,-0.00030351560717542525,0.4
25.04443621635437,-0.03592163109914963,-0.06991842968461257,-0.017116834095069464,-0.03580380929742061,0.4
25.054619789123535,0.17285129003160093,-0.024509619599373523,-0.007196122641028868,-0.0778822411324069,0.4
25.06488537788391,-0.14054121904460104,-0.02513493402172131,0.05833839678894974,-0.06677816500869141,0.394
25.075049877166748,-0.04595633171261977,-0.02525599128466486,-0.014887245159984179,-0.09196212725293758,0.394
25.085214376449585,0.13926301686754008,-0.08340809180813413,-0.03426970567213067,0.03707077489844782,0.394
25.09539031982422,-0.03231396542657529,-0.23473858789287516,0.019780953652869547,0.01967122101382887,0.394
25.105552911758423,0.05686319986995648,-0.053660012735438474,-0.0004015412978962095,-0.048781901880386155,0.394
25.115741729736328,-0.11405833778301398,0.0144205219357558,0.0005980446761633083,-0.029299943395414377,0.394
25.12591576576233,0.05554164187647517,-0.02123271864953609,-0.0059825327263478695,-0.016823198099725017,0.4
25.136091470718384,-0.06450401912778034,-0.03985105115253835,-0.018036166387590293,-0.12786987452544613,0.4
25.146264791488647,-0.05983406519819237,-0.027584277520170022,-0.0354283950658274,-0.0776568498192315,0.4
25.156436681747437,-0.04869184021143137,0.002688735683321835,0.02938265233639215,-0.04578512872118358,0.4
25.16660165786743,0.36219418552624394,-0.19048532176537367,-0.020636897017897324,-0.1451340707683413,0.401
25.176791191101074,-0.04401015161440787,-0.06586256638956237,0.027574288523298622,-0.1353768042696458,0.401
25.186947345733643,-0.2456551382697785,-0.06586194503906853,0.03693610595145047,-0.1279166558143064,0.401
25.19710397720337,0.04045741145066836,-0.06609416889009387,0.05406938058229765,-0.09389317367711428,0.401
25.20726466178894,0.2420093687879635,-0.06609320084112077,0.05127045307609705,-0.07877387571747327,0.401
25.217419147491455,0.016676801281623962,-0.28137111410605314,0.004806985618126168,-0.07468420095033393,0.401
25.227582454681396,-0.09931561608272178,-0.250713992710343,0.14304781820116783,-0.050010568658199674,0.397
25.237905502319336,-0.06947598444676534,0.022037684245080746,0.10166259408567574,-0.12026541803627681,0.397
25.248087167739868,-0.019985766845004943,-0.0294323630251415,-0.00792385411176585,-0.0437423976988178,0.397
25.25826907157898,-0.00010637085700908676,-0.42559634243413996,0.025096837538182093,-0.023486145715083787,0.4
25.268439769744873,0.0008060778749784649,-0.04199041481468439,0.06223579846841154,-0.06286403240098568,0.4
25.27860450744629,0.032682434576908614,-0.05591941344613737,0.09202637562084652,-0.0026495026934837615,0.4
25.288775205612183,0.024128067849158417,-0.07558588184317279,0.05500501440484459,-0.017375976050273426,0.4
25.298933029174805,-0.006133451850736795,-0.04734790777785798,0.0182308858437991,-0.01897345716585382,0.4
25.30908727645874,-0.04760665063329653,-0.251485952109056,0.05867633073161558,-0.03222286440497524,0.4
25.319245100021362,0.00027008836424813256,-0.05925076318940135,0.030551869793342366,-0.03620410248440389,0.396
25.329418182373047,-0.13313563120284683,-0.06050234511931962,0.09911289894102907,0.023538982449342213,0.396
25.33957839012146,0.015171647743782267,-0.08098513546713947,0.09346616527474727,-0.01947961384453553,0.396
25.349770069122314,-0.03182371303774171,-0.2703799629475233,0.035214035976689255,0.018467490394278523,0.396
25.359941244125366,0.22644311676086057,-0.28326290404679805,0.11470543688691438,-0.012690591256781576,0.398
25.370110750198364,0.005971789486740898,-0.0484429070860123,0.03968960392971256,0.011649073996265562,0.398
25.38027262687683,-0.056270400402845484,-0.2767038320541184,0.054376724314123784,0.07095617321193526,0.398
25.390437364578247,-0.03067986624155249,-0.05639031312735065,0.08170686488365533,0.0043710974937082835,0.398
25.400601148605347,0.007641608018676721,-0.21800181540496877,0.05171536302594696,0.03843847204947637,0.398
25.41079092025757,-0.06848720634964262,-0.021464415725739396,0.10013441585958928,0.11723513282670012,0.398
25.420973777770996,0.01695566854488729,-0.20534990643697565,0.03765003215854381,0.055986796604758624,0.4
25.431158304214478,-0.04349546333409569,-0.025499743889842084,0.037907682033889764,0.05200214034470568,0.4
25.441339254379272,0.0054008562562688055,-0.09415508419192185,0.054149935854570314,0.02843541697431415,0.4
25.451502323150635,-0.19211787343229159,-0.030439431271719244,0.029972705486962938,0.0718364189300184,0.4
25.461703777313232,0.18425887992507445,-0.03258678656734601,0.09778777581951861,0.0955301158527284,0.402
25.471935987472534,-0.13518948571952696,-0.23729877302216193,0.10615101165000193,0.023599673506817517,0.402
25.48212218284607,0.2627023026477879,-0.032534699731018156,0.11135424558655722,0.11638008048654658,0.402
25.492321729660034,-0.11366565389985667,-0.06596776675609489,0.11335412509929457,0.10876814650899475,0.402
25.50251317024231,-0.06354875739205669,-0.0842481286453017,0.10086367745758566,0.13759973908472453,0.402
25.512733459472656,-0.005271362946990095,-0.22667797660048136,0.0771898111027931,0.10596282942882841,0.402
25.522918224334717,-0.016175747123936633,0.18939633627662525,0.014751316151335635,0.10559227453498699,0.4
25.533095836639404,-0.17838534213145746,-0.21079640330443128,0.06966656348982024,0.08427052118461575,0.4
25.543271780014038,0.007880552402473016,0.005887100025283342,0.09892905256789351,0.12202766477457427,0.4
25.553481817245483,0.06123936820011159,0.030121452866630413,0.10231526920171043,0.14975314179446805,0.4
25.563719987869263,-0.004400989432003246,0.23588427612481452,0.03186799408458468,0.13045782304319845,0.401
25.574023246765137,-0.42213563645575053,0.015832506052066056,0.04204824327248899,0.15292399887705277,0.401
25.584185123443604,0.26986470682891756,-0.006406485369022609,-0.028418226933581467,0.08997949492389001,0.401
25.594343423843384,0.05388374924476162,0.18650960159012883,0.05124507871771232,0.10076563853378187,0.401
25.604517221450806,-0.1472896844635446,0.012132032165290489,0.021504209220838545,0.05558272071450677,0.401
25.614763259887695,-0.07172442745142056,0.01859519580831402,0.024065756952964076,0.10650590690327566,0.401
25.624946117401123,-0.01368984309956949,0.11447814049402812,0.029371739369665563,0.051760909352640834,0.396
25.635116577148438,0.05740442199792129,0.269828863332356,0.04933821957620384,0.09182273828667378,0.396
25.64528250694275,0.011089481096395355,0.025116524315664617,0.06384358326020974,0.11806048474117756,0.396
25.65545105934143,-0.25557637819402496,-0.008414896417607011,0.04888437806327564,0.08454123140498618,0.396
25.66562509536743,0.28407552982725875,0.019530344398886477,0.07886426497399247,0.10498332451541997,0.402
25.675806760787964,-0.1254763628979156,-0.0029170931930090458,0.03764023739683472,0.1271499149794177,0.402
25.685970306396484,0.0016031045202417767,0.066437553018572,0.038613828719020596,0.13924862196505144,0.402
25.696129083633423,0.006756244888835657,0.049459194765732406,0.07526492457355778,0.04203505653059874,0.402
25.706611394882202,-0.1491927223908241,0.2126734851568927,0.010957884395475154,0.046332910563532156,0.402
