time,meas_r_x,meas_r_y,meas_v_x_dot,meas_v_y_dot,state_z
0.0,0.019163460257975117,-0.023467078380842707,-0.024013273889522787,-0.027106694478877917,0.398
0.010212898254394531,-0.022842094032086976,-0.015421622958486439,0.06548970165772966,-0.04831838020762285,0.398
0.020404338836669922,-0.12912425423353185,-0.4329631509525016,-0.003319334785587689,-0.0165221196796478,0.398
0.030583858489990234,-0.07084221206641615,-0.06009785277740406,0.0597361463884601,0.01892160710225653,0.396
0.04082036018371582,-0.008804713433588867,-0.08053489427865172,0.0701514173520606,0.022336651143349557,0.396
0.05108284950256348,0.04454513367270384,-0.060028415292282956,0.07244266653612179,-0.013584186780058308,0.396
0.061274051666259766,-0.0353898261198808,-0.23668035601359233,0.09972359089486985,-0.04324280181988138,0.396
0.07216811180114746,-0.0061455668711073086,-0.21593429813450732,0.10492228206902754,-0.00975622785021377,0.396
0.08477520942687988,-0.02046146883788261,-0.19990741720243915,0.12501522486465771,0.08484816377950073,0.396
0.09509968757629395,-0.020461522710338156,-0.23582079269825998,0.12975088099159474,0.0882687508273792,0.396
0.1053781509399414,-0.013570945992583358,-0.11147875096026563,0.0657144766196283,-0.029894869584812196,0.397
0.11560440063476562,-0.023823584185870744,-0.06213399753490418,0.15358150841276846,0.14743835961687715,0.397
0.12593746185302734,0.002806166043908089,-0.4791594291194239,0.11003198619817442,0.12308211040927837,0.397
0.13622426986694336,-0.1666643117283561,-0.0664329863736634,0.025811912834157187,0.11552610782703085,0.403
0.1464216709136963,-0.035017876073337756,-0.2280328894970866,0.07734666617409863,0.15243727355323747,0.403
0.15662837028503418,0.009396937847840745,0.036317607093981116,0.08254895193190644,0.05089857233143447,0.403
0.166853666305542,-0.15974933895277155,-0.07459202747089891,0.06923267226555788,0.09656607185987721,0.403
0.17702054977416992,0.057323070589636954,-0.28560739367909255,0.13131385820168154,0.20125084919595249,0.403
0.18717217445373535,0.018981290100041914,-0.07114636751590085,0.1098200529521414,0.11255835039226236,0.403
0.1973285675048828,-0.2175155350752767,-0.02632672782943145,0.05896297800487649,0.13904352560180755,0.401
0.2074892520904541,-0.015113077275307451,-0.23415755763096543,0.1257826241179088,0.1026698322084357,0.401
0.217695951461792,-0.19027904604433568,-0.2231959341360109,0.15321738367305338,0.05929220123859461,0.401
0.22791337966918945,0.011207737103934813,-0.04036274955394963,0.0571371106277525,0.04857912844306075,0.401
0.23821711540222168,-0.006832165282043901,0.012932151918679276,-0.035196646478874626,0.05908219110520108,0.405
0.2483832836151123,0.08781295287892313,0.008264531331679766,0.008030881032903642,0.17786690358208818,0.405
0.2585427761077881,0.10795348571637339,-0.23736344827553776,0.0842206868985202,0.1600584142825074,0.405
0.26877307891845703,0.029721506822866478,-0.06376140131378016,0.11687385637094377,0.049844133545720225,0.405
0.27895641326904297,0.04957374132316128,-0.021047882832195216,0.10362895749131276,0.04546434351707182,0.405
0.2891247272491455,-0.204400816543772,-0.22017240349317665,0.07796327176725756,0.1464607634932274,0.407
0.2993443012237549,0.0027743464976304343,0.2292601599152181,0.08938914955435802,0.20990349040096537,0.407
0.3095216751098633,0.08658857149647024,-0.24050614975963802,0.03997790679316499,0.1137369795822412,0.407
0.31972289085388184,0.052302095605122285,0.004148824198957032,0.04366421104701578,0.1436303790195039,0.407
0.3299548625946045,-0.04869398384876439,-0.21523008729363544,0.09463350992263546,0.10815212199820165,0.415
0.34012866020202637,0.044779593398903,-0.00888374664681188,0.06713153261158787,0.05632946357762515,0.415
0.3502984046936035,0.014369192856486742,-0.028625735730249287,-0.04014253855405817,0.0822725780556797,0.415
0.3604717254638672,0.0062179015073689356,-0.026666001385143207,0.021984723496801546,0.1424592676059293,0.415
0.37064385414123535,-0.2218346563554083,-0.21165767953767783,0.06384559410906515,0.19064931789297185,0.415
0.38093042373657227,-0.22227170587667244,-0.0018374286492622142,0.0013750021913979064,0.15039047659522917,0.415
0.39110326766967773,-0.04490385974359362,-0.0007744157893784028,-0.033840750125391825,0.27568338049573926,0.423
0.4012753963470459,0.05248977171498655,-0.18183395340492137,0.04239722744653058,0.2319787463530794,0.423
0.41150593757629395,0.08364920418208813,0.05316240220281059,0.020243296475863804,0.10389837788106251,0.423
0.42173337936401367,0.11503102479822157,0.012635434897314399,0.021177112536863524,0.05057835459700414,0.423
0.43192410469055176,-0.14821220326428267,0.2024233933218728,0.021212306605675305,0.19795575660651146,0.436
0.4420962333679199,0.0322780869156636,0.03372588616982533,0.059829003300375314,0.13065085615873076,0.436
0.4522676467895508,0.0319314399580818,0.027282440744591636,-0.006339310741376423,0.09123843742971995,0.436
0.46244025230407715,0.12530633215878778,-0.38554854252860343,0.004111425933243061,0.17103107507492088,0.436
0.4726145267486572,0.029010422730727403,0.2078995146259473,0.059179412716881014,0.1548044161392032,0.436
0.4828617572784424,-0.16428641078813505,-0.02607712833149118,-0.014467625534675562,0.16423613878214183,0.436
0.49307775497436523,-0.061428259934514576,-0.2020176594762257,0.05279836119172441,0.17386289027819246,0.441
0.5032484531402588,0.05540666212988909,0.04608379317321306,0.035207914468135953,0.10934280221752254,0.441
0.5134344100952148,0.06057504502820738,0.07075133659649875,0.00747674056513651,0.12072517755527556,0.441
0.523606538772583,0.03543582022956071,0.22727212950982936,0.05432242532943946,0.17140653572104203,0.441
0.5337972640991211,0.06687498493474175,1.813878068168478,0.0415690050478719,0.07781656104651251,0.454
0.543980598449707,0.08471593925732179,-1.625742282413646,0.015503489221006243,0.07787678174218515,0.454
0.5541524887084961,-0.07516557146591049,-0.3545662032178362,-0.0002619728218764966,0.15422714770813595,0.454
0.5643100738525391,0.01972231605510089,0.0823518778799788,0.02122274199591874,0.10551474042134049,0.454
0.5744650363922119,0.24548035171788865,0.013587055423911048,-0.016709673550398707,0.08564736700236814,0.454
0.5846307277679443,0.22072576302517533,0.005957169824293729,-0.0317650980215609,0.09807390829537779,0.454
0.5949225425720215,-0.17639386306240448,-0.5693368387171437,-0.04035160371856406,0.10312615853550117,0.461
0.6050982475280762,-0.03241086925454768,-0.7578909416369722,0.011674968585089707,0.14652888626822635,0.461
0.6152729988098145,-0.02824598308492409,0.607931225013952,-0.039855606760625995,0.1455038551074275,0.461
0.6254336833953857,0.016624430380340106,-0.018536209678645242,-0.01849369663341459,0.08989570309449668,0.461
0.6355957984924316,-0.03129954549499121,0.5434738220333688,-0.0020209988479929705,0.10269563798417602,0.476
0.6458644866943359,-0.03438692177140071,-0.04938053336724098,0.019780507367059948,0.12618762920774249,0.476
0.6560215950012207,-0.0798816393589229,-0.026244124429605664,-0.036118824526136926,0.10261023320411664,0.476
0.6661858558654785,-0.2464085832902519,5.0,-0.01657750738586287,0.11005146652441959,0.476
0.6763870716094971,-0.16233440394883134,0.2096947685250434,-0.0572930900947797,0.08037046311791475,0.476
0.6865620613098145,0.15235937719122883,0.09382488426453743,0.02268151525694443,0.12940624038763765,0.476
0.6967527866363525,-0.13317924729766598,0.17574983077220516,0.021573108472503516,0.10983272207207198,0.486
0.706934928894043,0.21551797984292545,1.0954749251541493,0.024462538228170683,0.0905669903306055,0.486
0.717125654220581,0.014391944478118326,0.29097078369492085,0.024462538228170683,0.0905669903306055,0.486
0.7275185585021973,0.023206134152804654,0.2435616615618748,0.07664232004512811,0.022271602648527667,0.486
0.7378685474395752,0.18920567992585346,0.4096698482414762,0.013670487486210595,0.06993967755505302,0.493
0.7480762004852295,-0.10489214217355149,0.4136020616315094,0.017291716745206208,0.012810409910863456,0.493
0.7582697868347168,0.024028945447203985,0.35020758295677484,-0.008813645247998547,-0.012959966359940817,0.493
0.7684564590454102,0.05124737332807893,0.17581535574086732,0.01771095130616622,0.009328336343745011,0.493
0.7786352634429932,0.009392010637134796,0.1398279731256776,0.04114850901508392,-0.034952050654288164,0.493
0.7888665199279785,-0.08455464070830943,0.1174937107419992,0.04377734733030679,-0.0780746841875102,0.5
0.7990474700927734,0.11443906151789518,0.34004272282994846,0.04784621124278553,-0.006232569921319542,0.5
0.8092477321624756,-0.06696519509417684,0.15341273927881982,0.03527550793799126,-0.08889389502893522,0.5
0.8194277286529541,-0.008206173196302827,0.5079239608824454,-0.017080200333904057,-0.1277247742907289,0.5
0.8296070098876953,0.17901364736869488,0.14567691630369745,0.014198482317786422,-0.15748001374661996,0.507
0.8399033546447754,-0.01491077316417276,0.3210125022863363,0.004349119485961957,-0.15692136749202304,0.507
0.8527071475982666,-0.029002053358004827,0.24074584434312102,0.08826057748294741,-0.139626893413396,0.507
0.8648238182067871,0.00586688878593673,0.2768777013985012,0.05259195474031663,-0.11980371680370755,0.507
0.8753366470336914,-0.0391586894899939,0.08170475579613165,0.041097872395263586,-0.1385553624939102,0.507
0.8856110572814941,0.16406357601644897,0.03261424673772305,-0.043744872067943745,-0.06103037248504381,0.507
0.896820068359375,0.10914297904725762,0.17774336793681614,0.041182448353222136,-0.2097619968986828,0.516
0.9108014106750488,-0.02001909706804555,0.05697500014243377,0.0668654460747707,-0.21487597706169012,0.516
0.9214293956756592,0.18922473442295162,-0.007953411738848119,0.043769737425131544,-0.19755516355366556,0.516
0.9317011833190918,0.19591402375281067,-0.007953648159114715,0.06055697051121037,-0.2084407471401344,0.516
0.9419670104980469,-0.03833418258328699,-0.03795172377095427,-0.008910340191181216,-0.18611780911427084,0.52
0.9522054195404053,-0.03325715699887599,0.023625233686499082,0.05427477222134018,-0.19838096589114868,0.52
0.9635500907897949,0.3219409877146829,-0.03743201608347489,0.0853068500581936,-0.1895168483436904,0.52
0.9739933013916016,-0.05286209978036178,-0.06199780942095957,0.08715489696966332,-0.21924138829159429,0.52
0.9843189716339111,-0.07440579922825324,-0.049482797310824896,0.09415546553212886,-0.21830514041799262,0.52
1.0035531520843506,-0.0025012402315476756,-0.05598856330294185,0.08848895891156763,-0.12765149962707406,0.52
1.0143582820892334,-0.04709025516039254,-0.4632178964623492,0.1166776587000449,-0.1479370622776484,0.522
1.024672269821167,-0.018035288821331687,-0.08470551890747743,0.05078546130661046,-0.11500558859920647,0.522
1.034991979598999,0.09532179350051931,-0.27043724105883854,0.09539896862069047,-0.0907677561791331,0.519
1.045243263244629,0.2697326006554937,-0.4870534215034008,0.07916417241587698,-0.07399453254503116,0.519
1.0554680824279785,0.015626506683581967,-0.04690567105195293,0.13209747094773214,-0.1521374265307031,0.519
1.0656750202178955,-0.011293929179659202,-0.29120675115715217,0.06298248909896705,-0.07953827802419236,0.519
1.075883150100708,-0.09376066957822157,-0.30205042849424196,0.11706852377507596,-0.14267567683015211,0.519
1.0860576629638672,-0.0122153829580581,-0.7355090599990535,0.12117613626070613,-0.06578839052329746,0.519
1.096236228942871,-0.09088655667566799,-0.08356386574605326,0.10923489504803782,-0.09882564449000383,0.519
1.1064095497131348,-0.0019445969753387287,-0.12144179834440885,0.10037120708688588,-0.055286017336023216,0.519
1.1165902614593506,0.0018026066436007439,-0.2850630902361172,0.16928527676227767,-0.030303844542072814,0.519
1.1268749237060547,0.058124550515588146,-0.1600927768625501,0.15736308962901693,-0.0056309472227466795,0.519
1.1371078491210938,0.06873630862566323,-0.7580035793939557,0.15095852653789987,-0.05871651520941411,0.52
1.1473021507263184,0.27305735130398184,-0.12107675159427501,0.17512685218908275,-0.021657077518224488,0.52
1.1574997901916504,-0.04576936400316183,-0.3315218192283043,0.10090231067850522,0.0020701826032134135,0.52
1.1676857471466064,-0.23666739972184864,-0.5081880949363402,0.05584327521024896,0.060093733069126756,0.52
1.177893877029419,-0.06112019012576148,-0.532458694413157,0.10550849885125295,-0.049549431686048445,0.52
1.1880650520324707,0.006985636873903111,-0.3852590118100505,0.14760010126340511,0.024730752148135672,0.516
1.1982429027557373,0.04971777240966087,-0.36639582659931824,0.10754620531417002,0.020405412845877248,0.516
1.2084097862243652,-0.01602206378160282,-0.34973275587202746,0.08861313597223416,0.09160297115024466,0.516
1.21858811378479,-0.033623717250277366,-0.3254163441473438,0.1341808636311208,0.016477942958052917,0.516
1.2288095951080322,-0.0428696487997275,-0.7235742193122888,0.10086431332011607,0.15629235150956444,0.505
1.2389981746673584,0.0021909728163402717,-0.08363323041993288,0.06977905020744575,0.15985002320319497,0.505
1.249171257019043,0.023943651556188668,-0.2849336427098159,0.05630052920419633,0.12541812130922017,0.505
1.2593934535980225,0.21890108044164297,-0.2979248727586431,0.12852615745975443,0.11470731002537322,0.505
1.269578456878662,0.029691880447780872,-0.3088368321537769,0.16117865778806717,0.14606043178802014,0.505
1.2797901630401611,0.02668103786882254,-0.6689511670916388,0.10346728730628335,0.14432454779188567,0.505
1.2899713516235352,0.18505571143501634,-0.2666937317334168,0.14776346113520175,0.08100939445336443,0.508
1.3001129627227783,-0.01529084436953851,-0.07764672496672476,0.15998200262341225,0.10630257100728119,0.508
1.310246467590332,-0.011104676980248562,-0.28191745488675374,0.19575683208202516,0.12102420747387027,0.508
1.3203892707824707,0.018085614034313722,-0.08056193439121924,0.06890039929952582,0.18011908812857072,0.508
1.3305237293243408,-0.04901803393032524,-0.27691325663171235,0.08539980389639926,0.204392779206169,0.496
1.3406598567962646,0.013735177851707189,-0.2789418089376858,0.09596193425002575,0.2071469793193484,0.496
1.3508403301239014,0.2242385277018932,-0.2805246667208952,0.10441605692456965,0.10359318315544921,0.496
1.360976219177246,0.05781404831549081,-0.287032143462686,0.0436012964258716,0.16210529464485451,0.496
1.3711068630218506,-0.23605495188033657,-0.08359176844364874,0.05241090587992154,0.19625645332087355,0.496
1.3812384605407715,0.02460898970408646,-0.4801756713702563,0.07524193552411879,0.16505629031613048,0.496
1.3913724422454834,-0.0013058829423320923,-0.263760019865425,0.12519405879105866,0.21519857483321034,0.488
1.4015202522277832,-0.016434561452982385,-0.0554381152476112,0.10196531975455331,0.2733236278961101,0.488
1.4116554260253906,-0.042082000588324044,-0.4558258937031174,0.0009045473765349199,0.25019888625173037,0.488
1.4218425750732422,-0.10061300209148213,-0.2222633083119012,0.07355031012876129,0.2683347462005885,0.488
1.4319777488708496,0.3902537858305142,-0.47438168668063607,0.10973757521794375,0.2397148141511774,0.478
1.44211745262146,-0.009955940494969505,-0.22202200146300552,0.1432630941661493,0.1726379576962631,0.478
1.4522500038146973,0.03540691426251287,0.017700404442238745,0.090952722593827,0.24624330345752113,0.478
1.4623830318450928,0.013024859514657754,-0.21055364091965373,0.08091728498994796,0.2346824772421781,0.478
1.4725134372711182,-0.19369854739752898,0.03912849995880704,0.079717254441711,0.23154083028638328,0.478
1.4826555252075195,0.034545712591437704,-0.0077244982968858525,0.10988787342373776,0.22532990457567204,0.478
1.4928288459777832,0.009618701572717226,0.010320737910490478,0.04341140278819455,0.19184569112151412,0.471
1.502997875213623,-0.17233591449098068,-0.3873079746469298,0.07106861764397118,0.204628681039142,0.471
1.513153314590454,0.01046096820972413,0.22569601464061897,-0.008907356032280052,0.2708471549104755,0.471
1.5233094692230225,0.0388660107668282,-0.0030263436838457785,0.0611388929249126,0.14089808103309984,0.471
1.5334458351135254,-0.365238087291601,-0.006032098343040371,0.08545935312787334,0.23461102800383418,0.454
1.5435874462127686,0.01228438859909795,0.022163831998330625,0.13518280701913843,0.18689796040462714,0.454
1.5537619590759277,0.09413404945437866,0.018059643475604934,0.06962770568213368,0.16097692953981332,0.454
1.5639243125915527,-0.015128858426788093,0.046328400847359036,0.10166047361369149,0.09923510387857476,0.454
1.5740587711334229,0.01819318224804138,0.21808651921774813,0.033350226861804985,0.2800487244366847,0.454
1.584195852279663,-0.2063842978053915,0.24071052722858385,0.040298723027997085,0.257893090404764,0.454
1.5943286418914795,0.030178708477000892,0.023651396936720612,0.04415445709992639,0.30044200618996997,0.441
1.6044692993164062,0.0022679805704103463,0.04216773025153755,0.005136765407340836,0.29010542334266065,0.441
1.6146023273468018,0.02893129644200116,0.2629218079680374,0.0449876365022388,0.22134755492490032,0.441
1.6247413158416748,0.02322460966907915,0.6588219032915982,0.06788182348689256,0.200996853621336,0.441
1.6348764896392822,-0.7959768124573928,-1.3157988782766223,0.0285495299310988,0.17649811428706277,0.423
1.6450166702270508,0.5007129799857827,1.7083024077276199,0.0542141381037132,0.21389072856753738,0.423
1.655148983001709,-1.384594206737715,0.10558777366290302,0.06242127023393633,0.14060045184231437,0.423
1.6657373905181885,0.11108281006645047,0.1125256632765173,0.06307898889297775,0.1391567566496163,0.423
1.6759333610534668,-0.18312862409153077,0.32239118922171184,0.10258688462880501,0.15984571277864695,0.423
1.6860923767089844,0.07761156604803389,0.08941752876720617,0.008601801500864141,0.13713945593134752,0.423
1.6962287425994873,-0.1384046267341378,0.5083761402523358,-0.05404769027325495,0.11457280402841544,0.41
1.7063703536987305,-0.09674132986967955,0.07080594612474363,-0.0045926607555754175,0.08025215223823841,0.41
1.7165076732635498,0.12708073972974873,0.286436052943211,0.045790943606389745,0.14282835556726944,0.41
1.7266514301300049,0.15540557923370207,0.14000578556301033,-0.01041686661280124,0.057755135701539104,0.41
1.7368924617767334,-0.18166030192303043,0.254429139530595,0.03257414761862423,0.0781218343967509,0.385
1.7470364570617676,0.02292164049424654,0.22534701541599708,-0.025489504714414045,0.09277807175967594,0.385
1.757209300994873,-0.15133603026253867,0.05611792538975629,-0.06086111218508466,0.12454375441167774,0.385
1.7673518657684326,-0.022471662681219112,0.06198248971752585,-0.07125712643004906,0.17498166231761986,0.385
1.7774817943572998,0.09089845517921924,0.02741381360707611,0.014119226799487433,0.1784667903948654,0.385
1.7876183986663818,0.0850502320778889,0.07529527558973764,-0.04250372829068059,0.15564704138370172,0.385
1.7978055477142334,-0.02733722831908792,0.8280620258979549,0.04798019393950381,0.1420318863893665,0.374
1.807962417602539,0.09283466547043295,-1.1657553842486843,0.006464210334429468,0.06581199907938162,0.374
1.818098783493042,-0.15980605604288065,2.124302029286186,0.057280171910580505,0.08485330872579268,0.374
1.8282289505004883,0.06723421092389822,0.1316505851450241,0.01755220204541158,0.015529612599345564,0.355
1.8383512496948242,-0.17839679309101936,0.5032185262492206,-0.006417791940491788,0.02256405004100781,0.355
1.848475694656372,0.03557469402963485,0.09312312594365843,-0.02766129842041462,0.06778951152385063,0.355
1.8585984706878662,-0.06493729599839088,0.0916929058939643,-0.0693435465398325,0.11418148253195529,0.355
1.8687324523925781,0.00949934508558644,0.08559539714275523,-0.05164501402343044,0.1043552176045179,0.355
1.8789005279541016,0.05031086905975456,0.5215216245789803,-0.10503754712300836,0.012496041338391009,0.355
1.8890330791473389,0.019271088302416098,0.06628306991774911,-0.054457499067859266,0.02448033519858029,0.346
1.8991761207580566,-0.1592178358923527,0.06679968688379219,0.014365017351101461,0.027627146248051238,0.346
1.909313440322876,-0.020380855691180897,0.10259455563342723,-0.038265911225682174,0.056056452779481014,0.346
1.919450044631958,-0.011622113111305388,0.11768680828558517,-0.0070739673594947955,0.07520793759137573,0.346
1.9295892715454102,0.16030579052866498,0.08785487424866802,-0.10404087743410942,0.01341664845505576,0.332
1.9397361278533936,0.17322918174697644,0.2658709715330053,-0.14430524231984854,-0.03535278169595918,0.332
1.94990873336792,-0.012504369738594803,0.23438703975492647,-0.09761094217103894,-0.11805403378550347,0.332
1.96004056930542,0.0480879947465817,-0.003054459700349458,-0.14359268549239249,-0.10098072604022983,0.332
1.970181941986084,0.7948923712028817,1.6428333307886893,-0.07517159382715917,-0.04580367101375267,0.332
1.9803504943847656,-0.10728288537927978,0.020855628829959224,-0.04803175535683202,-0.09534495219543496,0.332
1.9905059337615967,-0.05662715949802066,0.04859391037739216,-0.08599899945510289,0.013501318913559254,0.321
2.0006747245788574,0.3073892125935683,0.32752387024238305,-0.03362901575280629,0.035766877879914546,0.321
2.010950803756714,-0.030030560772532692,-0.07591596375483475,-0.06246249426714817,-0.04905373997682164,0.321
2.021275043487549,0.15428285853655893,0.11024154772199214,-0.007885246404722546,0.021882764916303477,0.321
2.0316596031188965,0.13517985809562844,0.24398374584743904,0.06354212067572068,-0.0886883241633046,0.31
2.041890859603882,-0.13949476866361182,0.00790957309625815,0.036896852378614745,-0.05151910270419564,0.31
2.052061080932617,0.2946775192995027,-0.029368618299678944,0.045678287341877746,-0.07693888173062068,0.31
2.0622315406799316,-0.14555108963810864,0.387978165070304,-0.04855021673181567,-0.2272961756190267,0.31
2.0723862648010254,-0.06082875645161393,-0.2029866421462793,-0.0388025801998246,-0.1407505518804041,0.31
2.0825328826904297,0.2737415414555592,-0.19829321312736728,0.04560116459057817,-0.03223600106580893,0.31
2.092679977416992,-0.1235639640400126,-0.023146475047015502,-0.01650936738171645,-0.0027488119471825723,0.307
2.102853775024414,0.31589412998366895,-0.026538723947406518,-0.046593241233681866,-0.026176516209968942,0.307
2.1129934787750244,0.37733452610830714,0.021139345980066365,0.032214541064951877,0.0032688485574655646,0.307
2.1231436729431152,-1.0584764632272692,-0.009059490299026087,0.10535005907230498,-0.1262743601845253,0.307
2.1333255767822266,0.8948372408959127,0.5951965410079311,0.04468350160077811,-0.1590073543707719,0.297
2.14357852935791,-0.9854671768256511,-1.2754365994948424,0.11509830787445618,-0.09444680910007891,0.297
2.153754472732544,0.8175375396837171,0.26307217046574766,0.15919283543136414,-0.1219809750225264,0.297
2.163919687271118,-0.05959283283856509,-0.6973838925488733,0.09146078619891007,-0.04871661770435162,0.297
2.1740713119506836,0.3454223083206399,-0.22155352300674044,0.1370079109496497,-0.027009408042467126,0.297
2.1842219829559326,-0.2088485169365133,-0.04302545391778234,0.12480110736116187,-0.08019902687310207,0.297
2.194364070892334,0.5496537782647313,-0.07345420657604405,0.021161705425625215,-0.08655019377357925,0.293
2.204507350921631,0.14818777385181708,-0.1284760628532194,0.02272345847430526,-0.04916772454347322,0.293
2.2146503925323486,-0.022651651831054154,-0.34410941838642983,0.04336719858424523,-0.10427867501916714,0.293
2.22481107711792,-0.07007858653255927,-0.5032985649077911,0.059668966902286666,-0.03816529462910326,0.293
2.2350096702575684,0.34495903378024584,-0.46045493360757506,0.08561165335992238,-0.057106862178708626,0.289
2.2451512813568115,-0.03865021567159248,-0.08702437820709226,0.19932609385664524,0.046564890247604546,0.289
2.2555160522460938,0.40867357980292385,-0.2925233561766419,0.14122986136558496,0.03421641406718874,0.289
2.265674114227295,-0.009685019692149046,-0.2846034222296244,0.08143293183018152,0.03144470423901322,0.289
2.2758376598358154,0.002820862002975508,-0.0906493780693586,0.20390065898065046,0.07233694151489001,0.289
2.285975694656372,-0.05670877636185115,-0.23801738264575914,0.1851771452181431,0.06885978152996132,0.289
2.2961113452911377,0.21776430801975802,-0.05326958755960945,0.07181903151193422,0.02035955097384621,0.284
2.306248903274536,0.19776661628402714,-0.7083281752244603,0.09698677476236565,0.056499569278563824,0.284
2.316389322280884,-0.028268392007695573,-0.32604659822188514,0.16915928318121526,0.061441963718229506,0.284
2.326528310775757,-0.008368926684151028,-0.2750752546771145,0.1670553818826805,-0.011611083900121551,0.284
2.3366658687591553,-0.0035125962886309097,-0.27324878609378844,0.13258460576370318,-0.024409177364069584,0.283
2.3468434810638428,-0.054386292651652554,-0.28802802043922393,0.15764735656723583,0.19452432199729175,0.283
2.3569860458374023,0.2261019483799186,-0.29301495160017066,0.19822906928234443,0.14193106985914547,0.283
2.3671109676361084,-0.06420383641383717,-0.2725819526808473,0.1176015143819663,0.018563875950527383,0.283
2.3772356510162354,0.17004710480830634,-0.0567441279539409,0.08646383724419764,0.07763540770615464,0.283
2.3873605728149414,0.08541381822015122,-0.5062583479994301,0.09274375231656316,0.1477894707122466,0.283
2.3974947929382324,0.021273173521273597,-0.26580866151592564,0.0988031150322328,0.17021671481765052,0.285
2.4076220989227295,0.060209630078551776,-0.6474602443749725,0.15601882972049907,0.19519669978996465,0.285
2.4177558422088623,0.027368305913569986,-0.04783221626730849,0.14440084184916926,0.07193842886881388,0.285
2.4279491901397705,0.0890153866542581,-0.24306099606098808,0.14066791627434228,0.05320542534554586,0.287
2.4380877017974854,0.04449428537738791,-0.028943712392738505,0.12060754716546956,0.1403396680818565,0.287
2.4482178688049316,-0.050676763012570965,-0.490765262112976,0.11777389150800202,0.2627666484716994,0.287
2.458346128463745,-0.09152843502985482,-0.09603689813129666,0.08637742214400113,0.19760522355923604,0.287
2.468475341796875,-0.06192004480250901,-0.04708092333024655,0.14250262129909153,0.10101610704908277,0.287
2.4786059856414795,0.23922412832029935,-0.007949759501096953,0.09722524791504185,0.10701387379834669,0.287
2.488740921020508,0.08510098342324215,-0.18460707488923178,0.15202127865564702,0.20628589349920462,0.291
2.4989287853240967,-0.009070688144207962,0.030182161724970825,0.22166759422833254,0.18104326281575056,0.291
2.5090885162353516,-0.000780494200882966,-0.21265809843987069,0.13670560239414392,0.1510619204891184,0.291
2.519265651702881,0.013427131014406839,-0.033419840957696144,0.06944433585777775,0.17208606293937762,0.291
2.529414176940918,0.0018510086212210329,-0.015107000575985187,0.10307048315600542,0.2445261291556005,0.298
2.53954815864563,0.11279347061586659,-0.20497496197242196,0.13767948877583483,0.2146706812326551,0.298
2.5496814250946045,0.04903903943947218,-0.1883067307909435,0.21057137526330577,0.1067418320013502,0.298
2.5598573684692383,0.18302622481087633,-0.01055928835995076,0.10769831719786203,0.05951647765903646,0.298
2.5699989795684814,-0.06887411934343343,-0.013634912551963562,0.035920548290624285,0.1348291940207827,0.298
2.5801265239715576,-0.23647579326048052,0.04002877040937211,0.10795999239492968,0.2468804402961009,0.298
2.5902512073516846,0.09040171390837415,-0.02166395000810703,0.06510332874810652,0.215000757224226,0.299
2.600379467010498,0.28297978630381243,-0.018365857250486315,0.050016854755269555,0.122776041479049,0.299
2.6105101108551025,-0.03554900760603685,0.048023169905412014,0.07173932412379525,0.23459991708735467,0.299
2.620638132095337,-0.1999485392962738,-0.015075748480859179,0.13848602330955964,0.16092177337508956,0.299
2.6307766437530518,-0.027220025727067988,-0.005986180414204901,0.10497144774445624,0.18450846643935756,0.307
2.64090895652771,0.03391526089821372,-0.41026003227213775,0.03316162407899493,0.2320799394726809,0.307
2.6510486602783203,0.013985500065068114,0.03271356499858191,-0.022146027830716047,0.22035745347741198,0.307
2.661186456680298,-0.02635386789893849,-0.16529851034948345,0.08799727085203315,0.23654007889401005,0.307
2.671328067779541,-0.19927612879849177,-0.13889083218562281,0.15895800843426847,0.13974377833213325,0.307
2.6814968585968018,-0.2804174899636397,0.050037913565153566,0.14656611179529289,0.1314679414088421,0.307
2.6916472911834717,0.10424702234470945,-0.011369934454730357,0.051517918663094284,0.13328817160505743,0.316
2.7018349170684814,0.062435969014764336,-0.024914351159716668,-0.030987766131530557,0.0963567292658248,0.316
2.711984395980835,0.0651023708886084,-0.0063499167819858395,0.04914450048665455,0.1555605212099478,0.316
2.7222490310668945,-0.3924638546658248,-0.8066229115280439,0.17043008553602018,0.11888819121045827,0.316
2.7323877811431885,-0.7741772911910556,0.00789517975737769,0.1214155187915619,0.0620335846978882,0.329
2.742525339126587,0.18023159378891632,0.4236963745195832,0.07161055700921529,0.06346613859816999,0.329
2.7526631355285645,0.04949439982521309,-0.4075534335657737,0.031373488694693544,0.1513271391244555,0.329
2.762826442718506,-1.3066464294248272,0.20375630407721004,0.12302009207866353,0.20979593493760612,0.329
2.7729954719543457,0.07179984495991748,0.02125974931475093,0.11610706962245151,0.18708668403396178,0.329
2.783140182495117,0.02148914906340094,0.20606591975550076,-0.021260890030500145,0.14528516482908777,0.329
2.7932870388031006,0.11253008687395433,0.16158740476047442,0.009724093381542776,0.14783769511505263,0.345
2.803424596786499,-0.06599437280719117,0.02677279491086289,0.05463764990268666,0.14247467011421822,0.345
2.8135690689086914,-0.10723230216434215,0.22258029708428093,0.10967476062041014,0.07418580713512668,0.345
2.8237149715423584,0.023034603939118388,0.05062776224785858,0.0937040218905956,0.06501460909832604,0.345
2.833961248397827,0.08261685325347796,0.25601468962556895,0.09972199317914697,0.121622546689033,0.359
2.844097852706909,0.10161326481658206,0.08022859530576099,0.06432692134609823,0.07583521902477976,0.359
2.8542375564575195,0.058144541675613164,0.4843098056578009,0.11357990431723769,0.08457947585138215,0.359
2.8643739223480225,0.03745524646633166,0.07567795946656353,0.05402086782879565,0.13722239762893498,0.359
2.8745086193084717,-0.14745797187265813,0.04214699164251016,0.01768378852558445,0.12399961135446792,0.359
2.884643316268921,0.43844482153844744,0.05069872349746647,-0.04564520601692265,0.08063575558207783,0.359
2.894833564758301,-0.3779657650131927,0.02167435234316175,0.044234984943315056,0.09584804055163723,0.372
2.90498948097229,-0.012023099945311849,0.008613293159949714,0.046415745471043934,0.057092519010049546,0.372
2.9151251316070557,-0.23932643518982574,-0.16358349208107928,0.06885444562296564,0.06442327056773531,0.372
2.925265073776245,3.861882203000694,0.4585427405237674,-0.03117277639245302,0.016690891406381424,0.372
2.9354045391082764,0.22951032832481516,0.03090292183838687,-0.03966256337599367,0.0560434938444377,0.393
2.9455389976501465,-0.02468355583282444,0.07081325240476646,0.04384640286071978,0.05570190597510996,0.393
2.95566987991333,-0.09959189285110089,0.26937443699923636,-0.011439347317699564,0.09286370322327459,0.393
2.96588134765625,-0.11033700808087757,0.046144572945462044,-0.04592276491267734,0.044368184034857906,0.393
2.9760613441467285,-0.046753828239701097,0.4584094468728056,-0.04839076458621484,0.04039035602657159,0.393
2.9862091541290283,-0.08248826932544415,0.08045186706349866,0.032702502645324684,0.010195605306699843,0.393
2.996354579925537,0.5581058144932336,0.24586639590184825,0.06016900083823797,0.09698873257959614,0.405
3.0064971446990967,-0.06743146602116501,0.030412893393509503,0.057206498552710004,0.006843227082829771,0.405
3.016660213470459,-0.17483742280857,0.036596894261323745,-0.0004142374618528108,0.08235225175541228,0.405
3.0268802642822266,0.11123313598908266,0.2528598058347039,-0.012245609026310434,0.042985699675171116,0.405
3.0370378494262695,-0.06491587532169367,0.08076469501315478,0.031201392893577498,-0.027656983338102188,0.422
3.047175407409668,0.11018799893983891,0.24640359271162615,0.06989958849579402,0.013157777498617233,0.422
3.057328939437866,-0.040779410564475406,-0.1512915680691519,0.06807430568758902,-0.02443084028767116,0.422
3.0674638748168945,0.10255189003438098,0.23179006300719948,0.14489648725604015,-0.024853647842516736,0.422
3.077597141265869,-0.34765487279333435,-0.38693832568984987,0.1503418973754006,-0.061826533553581406,0.422
3.0877442359924316,-0.14556345627024123,0.42088377373995,0.17210952990687703,-0.06768720649565949,0.422
3.097899913787842,-0.21828048659865534,-0.20067534167740195,0.0455818787686534,-0.025534163313478138,0.433
3.1080482006073,0.12055142331035304,0.053936603060168835,0.10982227638237779,-0.032845808586477954,0.433
3.1181888580322266,-0.05352430834355064,1.866162615198052,0.08273978695666784,-0.0884182018562822,0.433
3.128338098526001,-0.05579742804195953,-0.005479993856355396,0.06811275928355258,-0.04629953599804601,0.445
3.1385128498077393,-0.038438280176851886,0.005888069319357068,0.09773663560023982,-0.04263950726448024,0.445
3.148629665374756,-0.05431047037353511,0.002944014754029687,0.10660967877871468,-0.011289841802438486,0.445
3.1587846279144287,-0.05375092280374027,0.024365967765184644,0.11059501555360816,-0.011040377874081034,0.445
3.1689345836639404,0.0408821519536051,0.4343399892526392,0.1259403951222411,-0.07177017226032006,0.445
3.1790804862976074,0.042926599743282806,-0.13866372358088924,0.15477096433200155,-0.003832413014930723,0.445
3.1892199516296387,-0.23101802192621898,0.2581800532592687,0.09236789469852195,0.006520293369509329,0.46
3.199359655380249,0.2016133713881186,0.4612036527315709,0.11326160323098988,0.06518678652696563,0.46
3.209498643875122,-0.019802040616309927,0.010999593727672294,0.16138930214981995,-0.013218285372555393,0.46
3.2196526527404785,0.11825265372189493,0.025009500385664858,0.20378804356352595,0.002635829536925524,0.46
3.2298035621643066,-0.04843669995493475,0.005711381140876774,0.18419165903601636,-0.01725381448051401,0.471
3.2399487495422363,-0.22348042885049557,-0.002609588204953188,0.16626481172092322,0.01562794759230185,0.471
3.2500879764556885,0.04331917773154443,0.020649725960418933,0.14874745772178927,-0.06375724587370493,0.471
3.260225296020508,0.07717546521668099,0.24014554985940606,0.16307039095644005,-0.022839504172789578,0.471
3.2703659534454346,-0.019097462269847255,0.0648104730996896,0.14671227241488521,-0.081421919865279,0.471
3.2805299758911133,-0.1277933993184894,0.04547295724429645,0.12607439606554452,-0.02570719195992839,0.471
3.290783643722534,0.08494144513349017,0.1970076789985633,0.1510256634290111,0.004599485602371625,0.478
3.3009331226348877,-0.17471748131030604,0.0193697921619685,0.10161927195208273,-0.0243237385640274,0.478
3.311091184616089,-0.24626782103912484,-0.012885532877456604,0.09937046337041866,-0.0412595926373038,0.478
3.3212344646453857,0.03906867979441562,-0.03312566560695693,0.19088953273431553,-0.07265450769211915,0.478
3.3313748836517334,-0.3806379157347733,-0.19740257863047384,0.14077554886453136,-0.04783642547037508,0.49
3.341510057449341,0.03207969224565812,0.004389657538238289,0.1189348399259988,-0.07700816980499997,0.49
3.351649284362793,0.020434912518354477,0.1773296619294757,0.06649615057627248,-0.029330059424565354,0.49
3.361790657043457,0.04002463287638434,-0.009764324178373975,0.11252665464869883,-0.1155632601941223,0.49
3.372015953063965,-0.01059515409562485,-0.03592423748151519,0.12365312810442078,-0.02366034520510183,0.49
3.3821444511413574,-0.004309683423893836,-0.02142849702941105,0.14235443645705909,-0.02490477284934523,0.49
3.392284631729126,0.10212694126642144,-0.6198681277331529,0.1261059586925209,-0.026495979201451234,0.498
3.4024124145507812,0.13928021634493004,0.33521002407442996,0.12863452932171068,-0.04011948658340294,0.498
3.4125382900238037,0.11600764580994459,0.14278132094221932,0.12183725930412573,0.008296444959761728,0.498
3.422665596008301,-0.2681072034463314,-0.23691778335526295,0.06845113036401768,-0.0066021953095433475,0.498
3.4327964782714844,0.044207027166634404,-0.02588835762408509,0.10173541396790368,0.014763579410815575,0.508
3.442937135696411,0.009947431330762462,-0.06449078071543887,0.06734163919897994,-0.02465020834857789,0.508
3.453071355819702,0.10342510395278501,-0.6221356939973629,0.05760047105904478,-0.05294840606147911,0.508
3.463202714920044,0.041991477729866195,0.8064588053939394,0.06355758444369432,0.0003668208427397984,0.508
3.47333025932312,-0.0030388088265142586,-0.0020935230896624484,0.05214569930341864,-0.05645207835785704,0.508
3.4834532737731934,-0.017616911992651557,-0.03058036008676318,0.09286604621741323,-0.010676457743691449,0.508
3.493577480316162,-0.9786061362030206,-0.013707504299653344,0.029913312747245846,0.01597303776967343,0.503
3.5037012100219727,0.8600513768430487,-0.037461701573787934,0.10571572267841611,-0.04005747410615453,0.503
3.5138843059539795,0.3159840750614302,-0.07333386005980315,0.13064706533687404,0.014353503671849094,0.503
3.524059534072876,-0.5483074628808005,0.0025761971966255346,0.053526080873784264,-0.03458312625473001,0.503
3.534227132797241,-0.6078254277181785,-0.018228748893903014,0.03340704900137014,0.005567993109439319,0.509
3.54435133934021,0.996440896570946,0.003763890965228781,0.10437384962261687,-0.10997521002479896,0.509
3.5544843673706055,-0.0012870189006265772,0.021399249932337418,-0.003224051316517116,-0.007304226585917114,0.509
3.564610004425049,-1.3159370624665134,-0.039435280024431654,-0.044815679956283216,-0.07590463395334243,0.509
3.574754238128662,-0.05561018388798092,-0.033362189192886346,0.05856676752583211,0.003760658454962623,0.509
3.584909439086914,-0.11429003552766058,0.0069362654695797245,0.10047017135291378,0.048528387957010144,0.509
3.5950522422790527,-0.15929039688038482,-0.19700995360983253,0.04510560147414652,-0.014674237000045408,0.51
3.6051790714263916,-0.08649290083453395,-0.04811949241299742,-0.00381378734586001,-0.06411399700421422,0.51
3.615304946899414,0.11381461480830558,-0.04225264326216177,0.04723231379273492,0.037794577747847204,0.51
3.625432252883911,-0.15059550265859115,-0.016731733635751714,0.0492303260039527,0.06823790501859445,0.51
3.6355628967285156,-0.1260435309608555,-0.1962296449587737,0.003565322316504013,0.1002405616278492,0.509
3.6456892490386963,0.07188177944987229,-0.2372938210786634,-0.02116061957984161,0.035450943764922874,0.509
3.655813455581665,0.021576918688722947,-0.0319097742097844,-0.010602172145468207,-0.01958289586044078,0.509
3.666053056716919,-0.16667947030025693,-0.04524114542559459,0.014757739812694612,-0.006242515856124401,0.509
3.6762144565582275,0.0498913115927812,-0.04488801744650286,-0.02235620629828105,0.10286591480978788,0.509
3.6863901615142822,-0.15136070722052644,-0.24613989556185695,-0.02111096868279054,0.10551860506879221,0.509
3.696533441543579,-0.14416344441401846,0.005140335313617736,0.03144889987819481,-0.017754307511358064,0.505
3.706669569015503,-0.14430703963755334,-0.1968989558709131,0.021232815902636135,-0.01478071868618815,0.505
3.7168898582458496,0.041088107018013006,-0.03176482434216854,-0.03431639032087481,0.09355054361288868,0.505
3.727045774459839,0.1137159458397203,-0.02594435502663106,-0.0954633290397481,0.1698932472391274,0.505
3.7371768951416016,-0.20199913710894393,-0.037726859973507144,-0.03043164475916063,0.05447703209695871,0.499
3.747302770614624,0.10471565088426975,-0.023764577091331278,-0.026868169400567646,-0.04957448087057088,0.499
3.75742769241333,-0.1465534493309482,-0.015621076966899258,-0.03378181220745888,0.01019869427359169,0.499
3.7675678730010986,0.020498751086802956,0.0076135143441782216,-0.06257322396262996,0.09593992676343369,0.499
3.777736186981201,-0.30479180228454805,-0.037896769897289705,-0.05617265089986207,0.03404614649228042,0.499
3.787912130355835,-0.22030273866965064,-0.01269001752714973,-0.07205534012658235,0.03944218387657081,0.494
3.79805850982666,-0.06271907013773703,-0.002685808404716342,-0.013772882633466044,0.027640469540217674,0.494
3.8081884384155273,-0.04886757108237057,-0.24757529100392814,-0.06528725120506325,0.0518416952903696,0.494
3.8183116912841797,-0.03213835219963167,-0.07637418694542861,-0.09269023640896751,0.04649011531301717,0.494
3.828446626663208,0.07660776766795704,-0.30643348196217884,-0.08339872328549225,0.08263738663112655,0.486
3.8385722637176514,-0.4511504101350921,-0.034894251757859915,-0.04289438989503994,0.06094927183671616,0.486
3.84869647026062,-0.4200060531667989,-0.019589188601330697,-0.09831128592119345,0.10102596728330883,0.486
3.8588151931762695,-0.026478925023703307,-0.20906438450416476,-0.04271123666998909,-0.03767110084391889,0.486
3.8689582347869873,0.024530903552182494,-0.01045914765025702,-0.13394928398482037,0.05448366284642252,0.486
3.879086494445801,-0.004039294669092405,-0.0048387468559133945,-0.1091502668214381,0.06634666923954996,0.486
3.88922119140625,0.09574997855150345,0.016516042466664015,-0.11112992641201593,0.040023907859431614,0.479
3.8993453979492188,-0.14945752063365197,-0.21107468079011313,-0.05129532754523666,-0.016638428357705144,0.479
3.9094696044921875,-0.16080859495793004,-0.020276122857248998,-0.02048448339652205,0.05141874365221437,0.479
3.91959285736084,0.06729114945574406,-0.0497049715317074,0.06755980461014917,0.06790688395350085,0.479
3.9297211170196533,0.04286421917198433,-0.04416084317083474,0.01716440912502472,0.032292403345058666,0.465
3.9399218559265137,-0.013035104349757902,-0.02172248798148501,-0.0642594141931227,0.10602355961019272,0.465
3.9500746726989746,0.019117972573689437,-0.06263253384138605,-0.1347501881413799,0.060571647354379796,0.465
3.960209369659424,-0.07874694296106458,-0.4152889130429627,-0.15715589687461073,0.09797551682125633,0.465
3.9703502655029297,-0.042162902121510304,0.17753031532422955,-0.10196350582853883,0.08688876318859698,0.465
3.980515480041504,0.023317223205444226,-0.02148554181295954,-0.14262918096506066,0.12829345737749565,0.465
3.990643262863159,-0.1234840482942979,-0.009038603892656443,-0.10749754573284671,0.08727478458859755,0.457
4.000765323638916,-0.05440038734870786,-0.011716326310229336,-0.09705988794998242,0.051387862624372865,0.457
4.010916471481323,-0.029380956263912766,-0.47885502287419646,-0.028735202602577947,0.04733287157343605,0.457
4.021063327789307,-0.22507766781760555,0.14889192579478586,-0.016875739218104244,0.11397575873625576,0.457
4.0312066078186035,0.1015715998411092,0.20833967952652635,-0.055035750006884675,0.1867440437254061,0.448
4.041379451751709,-0.22858132079388646,-0.42276720348765245,0.014472508201391662,0.13402508510221117,0.448
4.0515296459198,-0.07000231301368014,0.4136570787063099,0.011255775256848219,0.1459724571075007,0.448
4.061673879623413,0.5878789846947703,0.003826062954093828,0.0013075764172274795,0.07102505905798134,0.448
4.071802854537964,-0.23712530027013756,0.005065001239810752,0.01059193082898835,0.103701722817329,0.448
4.082036256790161,-0.4581631826203212,0.43719040332707243,0.0065771269160909765,0.1124536331338871,0.448
4.092176914215088,0.020308078029156667,-0.011750349915501584,0.003056398148886953,0.16871697336521976,0.437
4.1023008823394775,0.01989883948935691,-0.7841004988472051,0.023345591204634544,0.11116836013306448,0.437
4.112421751022339,-0.21125297199749593,0.6449331238499454,-0.014789232216241864,0.12096649337495746,0.437
4.122542142868042,-0.019385783952868905,0.06539247197620347,-0.0484827043887666,0.10838107457758236,0.437
4.132677793502808,2.2093302536860024,-1.5923934913534743,0.028731091783109404,0.18112450155375814,0.421
4.142896890640259,-1.0615961809133536,-0.17285847745424907,0.06173914607521534,0.19058252874180973,0.421
4.153047561645508,0.06591564114775388,0.013324184225246852,0.0709413217099168,0.11856218891202305,0.421
4.163178443908691,-0.05017542082285269,-0.01632763012090149,0.05217920692302362,0.11177335752916984,0.421
4.173332214355469,-0.24146651169142516,-0.04062386670178953,0.024513908889760905,-0.053179146886090094,0.421
4.18345832824707,-0.09690599062978474,-0.05284960510204888,-0.010728574444396455,-0.030026323111095266,0.421
4.193579435348511,-0.08466288125286568,-0.2651963411541427,-0.022617487407286307,0.01815090622048783,0.408
4.2036988735198975,-0.043602370050732635,-0.06757380237763404,-0.04769866853529317,0.06519080223450265,0.408
4.213839769363403,0.18655610241022538,-0.22267112707307826,-0.04739148943960278,0.025763446026499506,0.408
4.2240235805511475,-0.26335561787530953,-0.07391583959222203,-0.00020769759691214099,-0.00722170482261307,0.408
4.23414945602417,-0.03571667017925005,-0.059244152105130905,0.013281089842029588,0.06809047933344664,0.388
4.2442686557769775,-0.06194429134381427,-0.6359238804871596,0.01251541721854485,0.030625031846880167,0.388
4.254389047622681,0.10733506002708021,-0.011443128836962083,-0.005597235979251268,0.020327851496987882,0.388
4.264507055282593,0.1981688419813609,-0.07416137989194652,-0.014373455931713257,0.1246840114103537,0.388
4.274624347686768,-0.0034664077199506693,0.3598503761969809,-0.013015867280809215,0.014761946855530311,0.388
4.284754276275635,-0.20129413896933554,-0.42128015615376485,-0.0034277207697683033,0.04417913007473524,0.388
4.295026063919067,-0.3983027943312328,0.38776723157578535,-0.015600292938132504,0.05748008668853281,0.378
4.305171251296997,0.16298635917995494,0.24637133710792966,0.027014302601392697,0.09261946301980754,0.378
4.315307855606079,0.06605014407943985,0.18863585934372137,0.08688497728070546,0.10979824148562226,0.378
4.3254475593566895,-0.017483408718028687,0.8253377673631479,0.06351382033161677,0.12355356257854395,0.378
4.335580110549927,0.3975990521032124,0.02935260906830901,0.11253769200885513,0.15229693211321887,0.362
4.345704793930054,-0.0008186162038343113,0.059303406439209165,0.0912659991082581,0.12465366911098495,0.362
4.355828046798706,-0.16035114885493493,-0.9158119928466536,0.08183721605330672,0.1618685831825975,0.362
4.365973711013794,-0.0050131717653500545,1.0614720328862246,0.07140446142449994,0.19618777539030285,0.362
4.37610650062561,-0.8663060141407906,-0.9404163393144125,0.007775994982303134,0.19398143616101232,0.362
4.386228322982788,0.7514227234127325,0.6770944132705418,0.007186318187476479,0.17760015760728215,0.362
4.39635157585144,0.7476056270595383,-0.7917502784328917,0.08484228591692858,0.0014273986364243818,0.351
4.406475067138672,0.0507533539564894,0.8326277398979232,0.08467672018750592,0.0851249580284576,0.351
4.416600465774536,-1.8594479199102165,-1.165051206526066,0.059006377038919214,0.043785851994557964,0.351
4.426740646362305,-4.070271605486246,-5.0,0.05622294620012125,0.08157637075014387,0.351
4.436874628067017,-0.19333826535646292,-0.03900016210068513,0.026117223399415385,0.0352561670061239,0.333
4.4470672607421875,0.1295273658143614,-0.17308999196641822,0.02100294055905788,-0.02300146376235562,0.333
4.457190990447998,-0.03531251924835182,-0.27798844353036894,0.11005477816038968,-0.04299329123370566,0.333
4.467323541641235,-0.08998901334534688,-0.6618262748544477,0.1048573648804334,0.11600338534454407,0.333
4.477449417114258,0.28103928212874096,-0.6770106087205779,0.11331737199324997,0.09893381363942245,0.333
4.487574577331543,0.18158687001153173,-0.5965211810214442,-0.05036047867228309,0.08795724748675876,0.333
4.497697353363037,0.16672585973798246,-0.18300831554130706,0.031002242482488823,0.07330995204661377,0.322
4.507827520370483,0.0537427185341065,-0.1509910087557586,0.007593423847921929,0.09072065858674472,0.322
4.518002271652222,0.09181558812537001,-0.28501093497992736,0.019521183632010636,0.2091118387107233,0.322
4.528136968612671,-0.12065071518061884,-0.3251203330440626,-0.01237666192059625,0.26549055888855005,0.311
4.538301706314087,-0.14953273157626612,-0.05359085622787347,-0.06925438711969617,0.1676605096359268,0.311
4.548482894897461,-0.020929494340917447,-0.08665084331916363,0.001778262987617879,0.18835057484703074,0.311
4.5586137771606445,-0.3272931487475437,-0.06849692914419883,-0.07355998060245007,0.16671810467171216,0.311
4.5687384605407715,-1.1377347213456177,-0.44887509490733846,-0.11398806051654223,0.3039864003563224,0.311
4.578878879547119,0.0906821200476449,0.22464432642461177,-0.06042471090626166,0.28038211047570755,0.311
4.589102268218994,-0.0742776890326307,0.03329497294447195,-0.0372419373285323,0.16800003123636195,0.304
4.599226474761963,-0.07757878281278122,0.01081447358210436,-0.10262010893624915,0.23969412851627944,0.304
4.609361410140991,0.025352264724027886,0.031171408276640736,-0.1300926626056022,0.3147142734456974,0.304
4.61955451965332,0.06428728731006095,0.40657192591505953,-0.09851900697751478,0.17025048032244833,0.304
4.629697322845459,-0.17434410196651484,0.017476456032445676,-0.07250106122327743,0.1302121460261274,0.295
4.639834642410278,0.09326596049565333,0.24289267173816004,-0.1325158201555457,0.21270814117386372,0.295
4.649993658065796,0.0020291260129631657,0.24463648751416953,-0.22058056685926852,0.3192499518913374,0.295
4.6601340770721436,-0.03761405748591938,0.036518399803504104,-0.09442628274392117,0.3067957072125042,0.295
4.670300245285034,0.03653601174679875,0.5029639570702837,-0.12131067028907891,0.12211246142056753,0.295
4.680471658706665,-0.04466810108561867,0.3182612642877188,-0.17009401564012322,0.19550273859443534,0.295
4.690619707107544,-0.26935418356367785,0.5209905001233969,-0.13807074183871548,0.32983852810182124,0.292
4.700762510299683,-0.04677678537361982,0.7465633965376732,-0.20325121779780578,0.21950651546851352,0.292
4.710947751998901,-0.08107854258154194,0.2975228363435836,-0.08905685835716849,0.21531666551694545,0.292
4.721104145050049,0.18133227414782926,0.12055426028023593,-0.07988611053196736,0.12167024385670192,0.292
4.731242656707764,-0.07483758881773873,0.5047008589559089,-0.19078578706531962,0.22461586749277174,0.285
4.741379737854004,-0.03881711875662265,0.3123778675831377,-0.15861340440131053,0.24361858959031107,0.285
4.75151801109314,0.39541676906222695,0.7756924262758704,-0.09698936962169556,0.04140285865167678,0.285
4.761653184890747,-0.06464464127710051,0.34854614966456976,-0.11323586854389772,0.039126301085715055,0.285
4.771784782409668,-0.08683735831419409,0.5715754843760664,-0.151673548235018,0.15503571795974108,0.285
4.781938552856445,0.18125235356816582,0.36046083680685714,-0.16401519892716168,0.08460560328180264,0.285
4.792096376419067,-0.07566675662964897,0.5208131037649836,-0.18216221782088238,0.13984485285709664,0.285
4.802264213562012,0.5392305177065729,0.7226486043781338,-0.10007140346343692,0.033056140371131776,0.285
4.812420606613159,-0.0947237063592068,0.3109297399084702,-0.06938901324447817,-0.044397890982251914,0.285
4.822573661804199,-0.06382037880995249,0.3188717865392475,-0.0925069556013387,0.025029689327264085,0.285
4.832727432250977,0.10512543061098274,0.5424375260910221,-0.06336700422327331,0.1172116213398003,0.28
4.84287166595459,0.12371385815884232,0.5481452743192432,-0.05439300000725718,-0.004732876871778045,0.28
4.853088617324829,0.3325902994752624,0.5423535604538567,-0.10618625357373748,0.005943861837367226,0.28
4.863223314285278,-0.13800843139744898,0.7502703389680886,-0.010793262985664923,0.07490749982871338,0.28
4.873369455337524,0.2751633839252391,0.13162657190675886,0.01845400429320665,-0.055304035410801124,0.28
4.88350248336792,0.11576528878810377,0.6767837437018887,-0.04388137584043193,-0.09549845375533329,0.28
4.89363431930542,0.3005241201355034,0.10264775142596534,-0.1000164792187041,0.001797161952762999,0.285
4.9037675857543945,0.06937132904897096,0.5001010275082186,-0.07006722808395771,0.014693113325303167,0.285
4.914160251617432,-0.0917564991759301,0.47528604250125706,-0.03636645273325288,-0.06215445773172442,0.285
4.924356460571289,0.12256442816812725,0.08848005815203161,-0.0060394201743353,-0.08459754257914287,0.285
4.934491872787476,0.13057988400706774,1.096356670680253,0.021482591590159833,-0.00247134217350764,0.287
4.944626331329346,-0.10178646161700801,0.10861041441912633,0.01068209228637554,-0.07181746527055607,0.287
4.954769134521484,0.2991299626119213,0.274226698866188,-0.06246450912848926,-0.16479898707382276,0.287
4.9649810791015625,0.1472618342800073,0.44175896939804093,0.00028080760944036894,-0.14592197107435137,0.287
4.975154161453247,0.09851693810029069,0.23671984702307583,0.07209317562982959,-0.010898760250867334,0.287
4.985290288925171,-0.1018942634178817,0.47100415167043835,0.09877674366673489,-0.08573262407308814,0.287
4.995422601699829,0.13429147884777953,0.05905665034724561,0.080291992278724,-0.20463601263121622,0.285
5.005553960800171,0.1456826398368153,0.4781522441022616,0.08089546167326461,-0.20649041359576054,0.285
5.015678644180298,-0.09878300205978437,0.27438192440858067,0.1127836786058575,-0.10551613331723161,0.285
5.025802850723267,0.135363133258601,0.45985255330156444,0.008519922049557142,-0.13841076308319905,0.285
5.035987854003906,0.20599120829209985,0.01864608870978715,0.01437053071222847,-0.12339194633443706,0.296
5.046314477920532,-0.00979419416329196,0.3776278029195793,0.11354094866463074,-0.11028806112910296,0.296
5.056482553482056,0.13336497490828275,-0.019504493387263223,0.1635519591629184,-0.07219454362149956,0.296
5.066641330718994,0.12708682807886829,0.0271935426680689,0.08754910614032854,-0.09088964630296271,0.296
5.076768159866333,-0.04099404586699156,0.4259822553913316,0.10661081698296876,-0.09721713747347124,0.296
5.086911678314209,0.16092596813686852,0.4253208196039409,0.12164103723280006,-0.0962538104351977,0.296
5.097044944763184,-0.016389218446606294,-0.059624507791386214,0.14871570755067504,-0.19343476538278767,0.298
5.1071741580963135,0.22287851988545973,0.3752233475123243,0.11164995477258235,-0.1869543027228448,0.298
5.117296934127808,0.0022525732710581645,0.4192271937854285,0.1742697386884094,-0.08654735587032525,0.298
5.1274354457855225,0.06700418324361021,0.43595742789383196,0.15412285782221477,-0.05821443979328457,0.298
5.13760781288147,-0.062240029870341836,0.24529153991708233,0.08964470889612265,-0.08345249979312905,0.31
5.1477367877960205,-0.0033345137628128536,0.21243814346998002,0.08651724717246248,-0.04470367899858056,0.31
5.157858371734619,-0.002541088911057905,0.193907420483807,0.10721398066030544,-0.08523986020427421,0.31
5.168064117431641,0.034773321534283065,0.3963612322028735,0.05607080018594338,-0.10003522587680218,0.31
5.178184270858765,-0.05961299344074626,0.020800128702524418,0.12439898625617223,-0.06209642939175063,0.31
5.188303470611572,-0.0007470867960680096,0.2091376095830805,0.10244221532303457,-0.09853111938989534,0.319
5.198423862457275,0.054064536431572066,-0.054422016240355524,0.05352995795770624,-0.05806156592089881,0.319
5.208562850952148,0.4001219684291914,-0.0031062477064508426,0.09440877531128469,-0.09496811513920894,0.319
5.2186994552612305,0.0009393712946321441,-0.2061302513670367,0.10685793036064622,-0.1325458397571445,0.319
5.22882866859436,-0.19035937719617294,-0.01837665589641099,0.16917561816976284,-0.13189866589745552,0.332
5.2390265464782715,-0.4040286421211699,-0.014754020292487065,0.10063186620589007,-0.08319750314212586,0.332
5.24915885925293,0.06193091289329162,-0.04306209805745195,0.13963786602062936,-0.05531003328119266,0.332
5.259283065795898,-0.0079588078369724,0.00839350748450312,0.1827408739697482,-0.09910030480363521,0.332
5.269416570663452,0.17415944042314607,-0.023733393762870352,0.22286200191202318,-0.009311159067835723,0.332
5.279545783996582,0.01129005796486956,-0.002009733035744839,0.1094301431624624,-0.06442460354018768,0.332
5.289676666259766,-0.48442670400761323,-0.06775919998521633,0.12119443002245336,-0.05729654236641232,0.338
5.299814224243164,0.057314834354512234,0.002837356489520961,0.21636919175849623,-0.051570868958152175,0.338
5.3099915981292725,-0.20365313102860266,-2.2711353037683657,0.12805098798075637,0.01275118442678791,0.338
5.320146322250366,0.37091437983552866,1.3573746156280768,0.07244570975448068,-0.07826615875391034,0.338
5.3302903175354,-0.16078517853396537,-1.0439107965421819,0.1303489666467068,-0.01691251018198006,0.35
5.340426445007324,-0.3596887864325578,-0.4811611779908327,0.1260131759466638,-0.054293273651886256,0.35
5.35055685043335,0.04847530167871009,-0.4975489012654831,0.11225470971445722,-0.0682490318008421,0.35
5.360686779022217,0.0893477601263495,0.30435834895622754,0.11930236830090853,-0.04202599490701017,0.35
5.370815753936768,-0.3871220835999167,0.08755188683144131,0.0801981691365882,0.02429608687742381,0.35
5.380975246429443,0.0843716111536423,-0.3447817711384623,0.14994890863591756,-0.012773670163979664,0.35
5.39111852645874,-0.06634685879473352,-0.0560004144143401,0.12002223037642448,-0.049297250760719294,0.357
5.401248931884766,0.07205035685516831,-0.07620582461575096,0.06357056146782472,0.006079398944705973,0.357
5.41137957572937,0.08447130225698352,-1.6916098382030982,0.08586557791784459,0.002035238185995915,0.357
5.421511173248291,-0.018084334298922262,-0.2885679490754178,0.07735465340885068,0.048967526841256555,0.357
5.431643724441528,0.018420240026788125,-0.3167521893785886,0.006036746670259747,-0.032380944452068794,0.362
5.441774368286133,0.05748310740886597,-0.11117707663152915,0.1036138216023641,0.013411392430648303,0.362
5.4519195556640625,-0.15288286298034046,-0.16622509655844064,0.06323762170111284,-0.0248071258710316,0.362
5.462055206298828,0.18255406778150204,-0.3527077531711136,0.05788158188775458,0.061640962220072246,0.362
5.472186803817749,-0.2162175767914188,-0.4997078165274086,0.010359307777886158,0.02937575822845183,0.362
5.4823198318481445,-0.23938430683816714,-0.07388588817780747,0.0647020202035154,0.06629217531746011,0.362
5.4924516677856445,-0.048913878123962744,-0.2508918176074119,0.07362406765348169,0.03439023453601149,0.366
5.502587080001831,0.041427700931797644,-0.10014713138064668,0.024903188412524604,0.056719066916741646,0.366
5.512722492218018,0.03200443984324279,-0.09393050739791264,0.06991543816184663,0.10258556825450924,0.366
5.522855997085571,-0.353329319475864,-0.25038256288764166,0.01809789794418669,0.09279615920680462,0.366
5.533030271530151,0.06880489262727088,-0.27215926166670606,0.04017503896408127,0.06439079736679716,0.37
5.5431787967681885,0.10820017614960983,-0.019180020411114152,0.022972084359804003,-0.003194323154898246,0.37
5.553380966186523,0.083858239161688,-0.08050831388740345,-0.020104535096485937,0.07430686195082256,0.37
5.563559055328369,0.06526549800532168,-0.10845555913254687,0.039149640271635096,0.11381559792647097,0.37
5.573724269866943,-0.23274286240355432,-0.10816988289287154,0.03384067413197431,0.06617535561545929,0.37
5.583867073059082,-0.2375422789327882,-0.533878227064256,0.11159629596895182,0.10865049511692523,0.37
5.594083070755005,0.019918657329047365,-0.12937423670956708,0.0016594195213424229,0.06027833354250724,0.373
5.604217052459717,-0.3416725543883821,-0.12679690957112436,0.0070605688142499415,0.16367006091620864,0.373
5.614353179931641,0.07706550477834094,-0.09266688418087544,0.05003242492312995,0.2286251049214373,0.373
5.624494552612305,0.09136418755462136,-0.3018519162750729,-0.01360994832525559,0.16742272396936309,0.373
5.634634256362915,-0.4145889683089974,-0.37588025077344506,-0.03424572305617954,0.23087525358822447,0.377
5.644773960113525,0.05787149986925522,-0.16269986246602303,0.04014035554006855,0.20569096563302536,0.377
5.654906749725342,0.06508195851368216,-0.5743752953198775,0.03692877028696623,0.2402997341653432,0.377
5.665120363235474,0.014200033039158224,-0.14609618030372493,0.06494758747083187,0.34682140254302185,0.377
5.675255298614502,-0.0025688171724623375,-0.1956063999043249,-0.011727786558505315,0.24386112491488685,0.377
5.685410261154175,-0.16600863547375036,-0.6140410293280723,-0.03664365372757647,0.24772672415935107,0.377
5.695546627044678,0.03597394104823504,-0.1709416006710354,0.021566609544099363,0.3170402932896428,0.374
5.705693006515503,0.015422620144409123,-0.16606960342272775,0.0016307557555140517,0.324190220993617,0.374
5.7158284187316895,-0.20290008846151442,-0.21485384471578411,0.026092476730223232,0.33744613097380133,0.374
5.725994110107422,-0.09300287970505157,-0.3959245139187868,0.05918911786657058,0.3286599035670399,0.374
5.736163854598999,-0.03880079305602951,-0.258225238610053,-0.12109662439101743,0.4014689957842518,0.382
5.746297359466553,-0.18446907842667262,-0.02735898117276204,-0.08295082585183071,0.4813609330652895,0.382
5.756430387496948,-0.053888955620741204,-0.030664679475806155,-0.06551787619467554,0.4221029498404842,0.382
5.766622066497803,-0.09573672936916071,-0.12421083162448565,-0.06769867720369221,0.39951764215936597,0.382
5.7767558097839355,0.11593195944051475,-0.1673514722525717,0.026777835164715852,0.37953606700765374,0.382
5.78689432144165,0.004480010588685892,-0.19360912303603642,-0.012380903800247853,0.38015402295589845,0.382
5.797134637832642,-0.2919883465370493,-0.2082783051262188,0.00621343358478145,0.41286932998323755,0.385
5.807282209396362,-0.06521965237983757,-0.4344403829356819,-0.029030585339349033,0.4091210798038353,0.385
5.817460060119629,-0.01663092851182279,-0.21961483420839634,0.008229019610665744,0.4388156783241252,0.385
5.827615737915039,-0.024222631501349946,-0.36420175645394115,0.017194176167560776,0.5297577498502336,0.384
5.837755918502808,0.027542204343960954,-0.12289810695484835,-0.00020064508312750418,0.4847957330260607,0.384
5.847897291183472,-0.0016205361970860707,-0.1333349252299481,-0.05717538726210062,0.5919897663894609,0.384
5.858097553253174,0.011823803218088742,0.058911142020905596,0.017477848300508872,0.5760377952945875,0.384
5.868241310119629,0.04148840532902814,-0.16859153060386525,0.021746764320382944,0.540435879843096,0.384
5.878375768661499,-0.0058237413041676575,0.09652397901065857,0.019784317810470894,0.5536416077254743,0.384
5.8885087966918945,-0.2113509346418459,-0.134894523076573,0.031078125496019474,0.5240317107264425,0.387
5.8986430168151855,-0.01969043513007087,-0.14389449778243682,-0.044324942914793726,0.5233970739390716,0.387
5.908780574798584,-0.07991655457195193,0.06850449098160362,-0.00508442786539981,0.5627435457902638,0.387
5.918912887573242,0.022036285473724885,0.31436909373254596,-0.0021633081957949107,0.5263315286083929,0.387
5.929061651229858,-0.007022791538544499,-0.06225492428966166,0.050350857758472534,0.6038698040808921,0.389
5.9391937255859375,-0.037089275491707194,0.006188391842555216,0.016892579431247737,0.6952731030581377,0.389
5.949324131011963,0.08488726759006367,0.8185551011150508,-0.04817554030291707,0.685938042535113,0.389
5.959460735321045,-0.03780817997960014,0.7854095151492677,-0.04628257784871717,0.6703204871206703,0.389
5.969594240188599,0.03583304541525806,0.6879810090244766,-0.01883121790579255,0.49717623895247204,0.389
5.979764461517334,0.13683787127641198,0.5407894599345089,0.01562619613614044,0.5601040048950319,0.389
5.989961862564087,-0.020433770605562503,-0.09284722280549233,0.005481407637434765,0.6006521645770351,0.392
6.000138521194458,-0.04204358796140929,0.29385674979248483,-0.023964007430907854,0.5957205291646389,0.392
6.010309457778931,-0.10497432448664462,0.325991770675072,-0.027980972739278666,0.5387552401617022,0.392
6.020475387573242,0.14115218730156523,0.3159585167176646,-0.05244426814003909,0.5362212671411282,0.392
6.030653953552246,-0.09469930354266051,0.35264699063678295,0.009094394753470708,0.5816396723888805,0.392
6.0408430099487305,-0.021522634559852614,0.1878482270914554,0.0009511959614874749,0.5594811762130851,0.392
6.051145315170288,-0.07020531090148871,0.6075580288805832,-0.010970577003748202,0.5805997748990505,0.392
6.061347961425781,-0.036004575975099914,0.3514444957521346,-0.04839373983256494,0.5751251689879848,0.392
6.071561574935913,0.19074686539866492,0.3856556851527709,-0.02879425085665355,0.5863456719543526,0.392
6.08177375793457,-0.04629837630531625,0.8043588728498262,-0.0261845904653286,0.6024858900089212,0.392
6.091961860656738,0.10631670691550718,0.4243656721235477,0.036046701728682795,0.6247280617574977,0.389
6.102132558822632,-0.026164839138247784,0.8137865048508357,0.030102914967097657,0.58584939665959,0.389
6.112304925918579,0.047766308059643325,0.23155128431666802,0.04794511493094455,0.5981728724983103,0.389
6.12248158454895,0.15744450841614166,0.40092204620887384,-0.012570290547069821,0.5286735943822257,0.389
6.132667303085327,-0.2615024700634269,0.7355690205958054,0.011932530996479253,0.5842168186047495,0.391
6.142887115478516,-0.09876967841062928,0.4804475694972422,0.046978382812024946,0.5857828937218552,0.391
6.153123140335083,-0.17682574139423207,1.5555642180516953,0.04327440616130456,0.6757688134558683,0.391
6.16334080696106,0.2970342263242763,0.9524574522909538,0.07101897463363387,0.5720247527039044,0.391
6.173509836196899,0.1273140331715772,1.1944352706084027,0.09811218901739294,0.4208195271433536,0.391
6.183683156967163,0.03934448109975988,1.046617325015506,0.12250101447081015,0.39741812952868766,0.391
6.193875074386597,-0.12930873196905215,0.6924985026607209,0.11699488741276903,0.4360431982602259,0.39
6.204077243804932,0.004484975209848694,0.2881989259010982,0.11449126967918286,0.5337161770085816,0.39
6.2142510414123535,0.023112589780198103,0.4671045153942348,0.08941787225915976,0.5093760210901195,0.39
6.224423408508301,0.17865628431867084,0.5330875064604612,0.048788010204048916,0.6542328149582934,0.39
6.234597682952881,0.03594198879267257,0.7921710907519293,0.04765842715457687,0.6040181410168363,0.391
6.244777679443359,-0.01790541405404831,0.6905877308564347,0.06510413751953423,0.6267788999570236,0.391
6.254948377609253,-0.061021761502952604,1.5527170366277119,0.08631677112698392,0.6620081779708419,0.391
6.265135765075684,0.163413882037975,0.5568453723043089,0.017016869822663566,0.5084747771126132,0.391
6.275304317474365,-0.021340439732227455,0.7796567419344764,0.033405046805631354,0.5190493930278661,0.391
6.285475015640259,0.04801504757594611,1.5926713200426639,0.09143040782711039,0.4142275612930619,0.391
6.295642137527466,0.04493258155812798,1.0504797284022465,0.07285142146994233,0.4421599029444095,0.393
6.30581259727478,0.2725798739537385,1.065923943119264,0.10253369379008727,0.4430833660197851,0.393
6.31601095199585,-0.01731296538913384,1.6947381187834136,0.08660806456052725,0.3439912406183063,0.393
6.326232671737671,0.009741072957629781,0.8591841795086584,0.08168253570471712,0.32741562936566626,0.393
6.336416959762573,-0.01758344974433863,2.0536600707890496,0.02578759173578991,0.4366499494979743,0.393
6.346588611602783,-0.059203333563174795,1.4172253999955426,0.07881020063781985,0.35732440353766654,0.393
6.356760263442993,-0.09039470525271448,1.6761005225588252,0.0061015366236543645,0.2732176024160588,0.393
6.366941690444946,-0.036897919704814264,2.562821899753074,-0.01772374246195849,0.10573730938925681,0.393
6.3771281242370605,0.039147708139093136,2.572336574415916,0.05379900373042851,0.057851262441525025,0.393
6.387336492538452,0.02602782278450848,0.8535182147686318,0.13271027879357422,0.008214644213606973,0.392
6.397507429122925,0.058138819256647725,1.045166834835792,0.10016284322338162,0.05283842065705252,0.392
6.407679080963135,0.06471061801003912,1.6522669282139555,0.12899394945749526,0.08221450555050525,0.392
6.417848348617554,0.07083711642177565,1.065722549778391,0.07985214900867232,0.017376756154255442,0.392
6.428048133850098,0.013936312384044523,2.1238664832695506,0.09344739827757835,-0.05196621150951514,0.393
6.438237190246582,-0.16918252056025868,1.3334845092121326,0.0659058385234974,-0.10628052815815617,0.393
6.4484124183654785,0.18651280211933013,0.9445476876372271,0.057780300606286875,-0.15587752149133954,0.393
6.458580732345581,-0.03218584476770621,2.05667389088254,0.08649782782596428,-0.1318607274118833,0.393
6.468750476837158,-0.21187958842121118,0.8974077621347142,0.02990275354550161,-0.041934267720665434,0.393
6.4789204597473145,0.034848764485396304,2.0780928161906345,0.047399273587319005,-0.03978924434261112,0.393
6.489109754562378,0.25937973375569257,0.8781037869970157,0.03090960931055995,-0.15552095354739123,0.396
6.499327659606934,-0.2195902812358183,1.107870286886316,0.10909779735015628,-0.13727944134186296,0.396
6.5094990730285645,-0.016566878517901885,2.143336278375023,0.12453216367878224,-0.26776419685483993,0.396
6.519668340682983,0.06993300340756183,1.062825932733973,0.097485803037934,-0.3113308850690758,0.396
6.529851198196411,0.047836598400412204,1.6928687112619254,0.11340656712741193,-0.3060676846251663,0.395
6.540092468261719,0.15467787716046563,1.0277578573919448,0.03010791529951335,-0.3855760719426553,0.395
6.550278663635254,-0.1775647297616778,1.6905435747147535,0.04825114410284177,-0.31277952375783397,0.395
6.5604517459869385,0.2129269329439713,2.042538092970115,0.06381391522122037,-0.5050790033965934,0.395
6.570651531219482,0.049255617227195875,0.9256393666345466,0.021223297451725867,-0.5237749887967923,0.395
6.580873250961304,0.04622983047410458,1.023797605717142,0.10704236108737031,-0.5157278648939188,0.395
6.591095685958862,0.018928685893637717,1.3419970908782748,0.10704325386537361,-0.5438360780140864,0.397
6.601278305053711,0.018834103961765488,0.654073318310948,0.1003545618995885,-0.5063808916827672,0.397
6.611456871032715,-0.06847142777960968,1.3691657019270904,0.02288038092335964,-0.4960540500330451,0.397
6.621661186218262,-0.07785814218749733,0.7807521568710317,0.022515946460880974,-0.5605704856495044,0.397
6.631836414337158,0.04334999214301583,0.7600804934029485,-0.045917578689602466,-0.547462427410769,0.398
6.642063856124878,0.05624194114483243,1.1795027199003214,0.02497248932651444,-0.5797242128982663,0.398
6.652283668518066,0.051295568193623305,0.5253263683572489,0.015971311243559515,-0.6371075093892643,0.398
6.66249680519104,0.016931750986629395,1.129269696522961,0.05588345130606403,-0.592581080096908,0.398
6.672670602798462,-0.021942745916828352,0.4715241241259037,0.005530288505841821,-0.6052632604496172,0.398
6.682874917984009,-0.008125980876198187,0.440984429279604,0.05881133653971104,-0.6289009876776419,0.398
6.693075656890869,-0.03697505245898583,1.092685112796139,0.1261697298041818,-0.6671747667710507,0.4
6.703265428543091,-0.03536394281312909,0.44749299844775453,0.07400708167075169,-0.6533053127210854,0.4
6.713437557220459,-0.024948978104525,1.093196679996085,0.060785670838297,-0.5976178276087529,0.4
6.723637342453003,0.006372802913594509,0.2300060738355211,0.005134923547950811,-0.6328233993593687,0.4
6.733810901641846,0.055538735015560524,0.6180828299571037,0.06960761598663778,-0.6248014986948212,0.398
6.744003772735596,-0.032724892504424154,0.677846015210955,0.0596072419223298,-0.6728600228466455,0.398
6.754173755645752,-0.025133919696587695,0.5332587808959544,0.07220918595515727,-0.6019791137578578,0.398
6.764340877532959,0.028356473585291992,1.0052746761242883,0.06226370242405548,-0.7010264127480172,0.398
6.774508237838745,-0.05459266207076447,0.5941345269743302,0.09954872838946836,-0.6937131269002872,0.398
6.784681558609009,0.02516984540185085,0.6514133530245062,0.11353713405155952,-0.7124901049115765,0.398
6.794859170913696,0.047478098346857005,0.5680482106968118,0.017546713910335354,-0.6998040681400237,0.4
6.805083990097046,0.034165172549396175,0.08349875668040732,0.024896089729067476,-0.6111758092341253,0.4
6.815307855606079,-0.03467334740445509,0.504030512933272,0.03012622278838827,-0.6154968838738142,0.4
6.8254899978637695,-0.010153416417137318,0.17006580063180576,0.055801985421040784,-0.6460665924798484,0.4
6.835699796676636,0.016145060154599985,-0.019348225401922003,-0.008190185617476363,-0.7320627884864558,0.401
6.845882892608643,0.010820442964117535,0.5685869322298112,0.0449004448575132,-0.6663727617932568,0.401
6.856139421463013,-0.03921084953377954,-0.059112504708242045,0.07705198579590004,-0.685057544552753,0.401
6.866324424743652,0.019006054330292625,0.37476728400759807,0.09851393746307173,-0.7400770659112144,0.401
6.876495599746704,0.09056877947242743,0.19127726673124384,0.14141559669039303,-0.6897861098101343,0.401
6.886671543121338,-0.004394501423320692,-0.03463294579820081,0.17785583320406792,-0.6485512897973148,0.401
6.896844387054443,0.02845078170860504,0.34767493082919504,0.12890855083447506,-0.7359297182993537,0.405
6.9070963859558105,-0.0346742189237118,-0.10435546116539349,0.09737250619729651,-0.7006606881647734,0.405
6.917315244674683,0.038178541505329774,-0.12550763826982683,0.029536543238246577,-0.6855348899594121,0.405
6.92751932144165,0.0021242251696490127,0.05590885145839623,0.012945766353674098,-0.622424911031138,0.404
6.937694787979126,-0.07309218455017724,-0.17102388149851133,0.04272846005659698,-0.5678710464045178,0.404
6.947866678237915,-0.0016475197075729183,-0.18122549147237962,0.040518361812798345,-0.5018314896997526,0.404
6.958119869232178,-0.07383696883255803,-0.13267891283367267,0.05486713676129639,-0.5596929864728885,0.404
6.968308448791504,0.1223562879945442,-0.18004542257873205,0.034351867915525656,-0.531729180353519,0.404
6.9785051345825195,-0.026731762742483765,-0.17842266079344465,-0.0023722801043156447,-0.4872366352170673,0.404
6.988690376281738,0.016955746461545695,-0.3961921771779569,0.08239977888931083,-0.4528582915768525,0.403
6.998868227005005,0.06100903799907658,-0.17206536234410635,0.06619007564744636,-0.47838125733101194,0.403
7.009088516235352,-0.0457854057507916,-0.3848899599240634,0.11085405163787851,-0.4217723533333123,0.403
7.019272804260254,-0.04692714952127731,-0.23452435971014193,0.06700095216591404,-0.41567819647959564,0.403
7.0294554233551025,-0.04586165515796309,-0.19671814872735502,0.162615965502653,-0.40220085985636544,0.4
7.039624214172363,-0.0572540724234287,-0.6250991389409645,0.05542687319738479,-0.356273966922812,0.4
7.049791574478149,0.1534711647675005,-0.26974023957961346,0.1017049496949114,-0.3287930337482424,0.4
7.059959411621094,-0.029976208256750007,-0.44997323233867054,0.10692960596222803,-0.317753420603351,0.4
7.070300340652466,-0.017282389387171648,-0.6346202671220373,0.10570585978498388,-0.26421183826483696,0.4
7.080493688583374,-0.1646739991222004,-0.42950203700571693,0.08302345285232555,-0.2641698897668733,0.4
7.090724945068359,0.05490904075432608,-0.40474697507111873,0.09899355336870339,-0.19166850793691959,0.398
7.10090446472168,-0.1495886640395965,-0.4003588794776843,0.10740904930334395,-0.1772191686003046,0.398
7.111090183258057,-0.06395413507504649,-0.5813833209497937,0.11263242659543438,-0.22807057561100919,0.398
7.121305465698242,-0.0218103521590753,-0.19400146215438738,0.189595093139726,-0.1901788359844499,0.398
7.131484270095825,0.03021404825846876,-0.6030397475122666,0.12132071586415583,-0.17742286442439328,0.4
7.141695261001587,0.012017288794145462,-0.24831282185759684,0.10769268292996628,-0.07201776865523679,0.4
7.151864528656006,0.24315077595258913,-0.6247603522882209,0.16469994467047785,-0.13964016098876428,0.4
7.162067651748657,0.024702587921099427,-0.41953632159725013,0.06461477239163818,-0.12495234450456802,0.4
7.1722352504730225,0.030650156344169226,-0.6403652886540474,0.05482991392808778,-0.10005751766182254,0.4
7.182399272918701,-0.016291514947414674,-0.471875104920926,0.035598532247756,-0.09551761260964031,0.4
7.192563056945801,0.07786470613378095,-0.4355092735329037,0.08917409112476789,0.023418690845028595,0.399
7.2027552127838135,-0.042370815631221984,-0.5562394590349302,0.058821864042349375,-0.03172142023254626,0.399
7.212923288345337,-0.022650921392032154,-0.34040018063028904,0.0029302289992508175,-0.029587754666467486,0.399
7.223133325576782,-0.17180237603634457,-0.1696853415217814,0.07012855113306553,0.02878896844886379,0.399
7.2333083152771,-0.002621356644353663,-0.37289390497599134,0.034960622003641986,0.04521150072526356,0.398
7.243487119674683,0.012668933179976338,-0.30586965831239976,0.05540895425541097,0.09868140043060189,0.398
7.253655672073364,-0.15407679043013567,-0.3429562425969261,0.054825740557196315,0.13068774298770008,0.398
7.263823747634888,0.030987573340301562,-0.32510589040098614,0.07825599926320646,0.1016216095418811,0.398
7.273991584777832,-0.260133090989901,-0.35964146850682477,0.05258930236505509,0.08719561751382757,0.398
7.28418231010437,0.024203106983993944,-0.5381696531473116,0.010085202665106333,0.13110864245702314,0.398
7.29435396194458,0.24519916055825636,-0.14302790732470416,0.16049610026619823,0.12838863419583593,0.399
7.304530382156372,0.05611344198620967,-0.25072237345915466,0.08000721944771415,0.1108849332786507,0.399
7.314718723297119,0.04295222481366549,-0.049274949740397436,0.09983088736976801,0.10633061337980679,0.399
7.325105667114258,-0.0029711038455547574,-0.28270312705952916,0.08516532221842205,0.08156404620733194,0.399
7.3355512619018555,0.007147242446205368,-0.0373008923896705,0.0949761868613695,0.1654480348897091,0.401
7.345746755599976,-0.20628336376301754,-0.20569841686602766,0.047703673382139045,0.14917064818596443,0.401
7.355921030044556,-0.0054216897564649804,-0.004836742859475116,0.047703673382139045,0.14917064818596443,0.401
7.366124153137207,0.005127855948381063,-0.051090357070023434,0.08875256360823387,0.1272898261126325,0.401
7.376310586929321,0.04175424731513117,-0.22296082440033213,0.08433897585651837,0.08172539699231371,0.401
7.38647985458374,0.009178759603754305,-0.1787615778419066,0.04440164329695816,0.13869225008987635,0.401
7.396654367446899,0.044589560282096645,-0.011672680767923932,0.08254062175718695,0.07887611360781503,0.399
7.406834363937378,0.009136740969680184,0.013586905750365893,0.08370536609192177,0.13721367879991014,0.399
7.417006731033325,-0.07215439514510993,0.059991439380869725,0.08968061285634675,0.14364248482416694,0.399
7.427196502685547,-0.0195743910581675,0.09691904744724028,0.06315045898428366,0.1785501503426234,0.4
7.437361478805542,-0.022335610391487064,0.14662743719073737,0.05453697175272344,0.15168273339674399,0.4
7.4475274085998535,0.033979324651538904,0.33032886322726285,0.07854240473256154,0.1506035516236024,0.4
7.4576873779296875,0.003738465552636654,0.16701008977536475,0.01686836788870237,0.08687395876504317,0.4
7.467846393585205,-0.0005156875204885939,0.39088405997452585,0.052727178367053235,0.05746005225649643,0.4
7.478008985519409,0.012501264304670337,0.4021197200778721,0.016542261174519533,0.03894211641175292,0.4
7.488301038742065,-0.4021165071314657,0.5817774006433326,0.02542476469611499,0.01974677642175401,0.401
7.4984681606292725,0.056864424950045706,0.5898918541178687,0.031519379626449025,0.0350191791684024,0.401
7.508635997772217,0.08703353898422866,0.4356478343835186,0.08990774202886936,0.060022409324810386,0.401
7.518797159194946,-0.2170949068980474,0.4272957232764741,0.029824492398162088,0.05705973359478354,0.401
7.528968572616577,-0.02472769769846625,0.6020744342200933,0.03533307549454828,0.0018542625589759582,0.401
7.539159059524536,-0.030526569111733282,0.6477472792844443,-0.011921455825957567,-0.038914022864778616,0.401
7.549319267272949,0.01567193245196913,0.23604403531536297,0.033195937950797866,-0.03539202156880064,0.401
7.559476613998413,0.001857123761988739,0.42382755264564653,-0.004106051861167047,-0.18405872850263602,0.401
7.569635391235352,-0.02053472786686337,0.6159780401834659,0.05332780004673867,-0.15408102813586902,0.401
7.57981014251709,0.02353813583083365,0.4360541648375325,0.001007937739355494,-0.21476304180477102,0.401
7.590056896209717,0.09906919022799543,0.6375712257092883,0.06418316176079672,-0.18952475066160335,0.401
7.600271701812744,-0.002485392683755549,0.45273571182151545,0.061625204547295705,-0.2576101107872379,0.401
7.61046028137207,0.011996347117436575,0.4675082331789974,0.07434192507751446,-0.23981255839788507,0.401
7.620629072189331,0.060475150239687483,0.4606340355858127,0.058345513617774444,-0.30629172132464666,0.401
7.630793333053589,-0.2623980155089168,1.0585084856381455,0.03811647652592073,-0.2806398045056244,0.401
7.640955448150635,0.04467306800942771,0.24929576388960184,0.07628726395328163,-0.3568692460820171,0.401
7.651233196258545,0.043152106523736945,0.4571750263242689,0.10817182701904995,-0.2764377507285651,0.401
7.6613969802856445,-0.014992802315989788,0.4305598028719281,0.08958521530572187,-0.38232109582027135,0.401
7.6715617179870605,-0.03530348930457006,0.434882511873173,0.08949352742698441,-0.3603072627610487,0.401
7.681755542755127,0.005067270051049652,0.46289625848226584,0.07502025141129587,-0.4372398044177045,0.401
7.691920518875122,-0.03752719655508349,0.2843002689014917,0.09025907562759815,-0.3950084435890734,0.401
7.702203273773193,-0.025426291007880485,0.5969398191072557,0.013440240678199166,-0.40326504845475986,0.401
7.712372541427612,0.17942633540326053,0.41924611739333,0.08008679024415566,-0.41115560057416584,0.401
7.722537994384766,0.06392594994128255,0.21417277350411051,0.04012532249986016,-0.4674509759074697,0.401
7.7327046394348145,-0.11362237974735681,0.6361095419985184,0.07076401217806705,-0.5064859124643885,0.406
7.742868185043335,0.014052843996708862,0.17992230809445375,0.01955975734677401,-0.5200666438829258,0.406
7.753023862838745,-0.02425865898024691,0.16947901838894203,0.06673769976048931,-0.5044951358737109,0.406
7.763202428817749,0.032105574483295714,0.5984791248346534,0.005297601866885705,-0.5036000234863272,0.406
7.773358345031738,-0.03717120507325619,0.2269277261780249,0.04795796549539072,-0.6029980432633799,0.406
7.783519268035889,-0.08056529939832698,0.1936682779199606,0.02984548169595392,-0.5889869762520382,0.406
7.793680191040039,0.0025089994272361744,0.17863096627278297,0.05831495927518585,-0.6271049000627535,0.402
7.803837060928345,0.03848611740254307,0.10698315614058976,0.08134844477539696,-0.6232673322191459,0.402
7.8140034675598145,0.03364535806944184,0.11262269197569724,0.10997903596194684,-0.6087473172468367,0.402
7.8242692947387695,-0.20866451499006952,0.10850215882095746,0.07042694698116464,-0.6311802377046446,0.402
7.834515333175659,-0.22767735990511434,0.11830380290289608,0.06476168918372954,-0.6481154752330841,0.405
7.844934463500977,0.007643839527849086,0.12317994763951237,0.07041297771599808,-0.6208397195098729,0.405
7.855165958404541,-0.08293710856910355,-0.11243487416511043,0.09277940053980331,-0.7048204788074749,0.405
7.86535906791687,-0.005089093399747586,-0.11225071948499234,0.05567485456885947,-0.6813392524860389,0.405
7.8755316734313965,-0.04764895530240299,-0.1621939439670904,0.11207058591204488,-0.6841984333853451,0.405
7.885700941085815,0.028752461394120563,-0.16056334955795068,0.09894382044363012,-0.6922305454484903,0.405
7.895873069763184,0.028752461394120563,-0.16050653936824877,0.09894382044363012,-0.6922305454484903,0.403
7.906045913696289,0.02345326050096235,-0.11999692022174166,0.10046122759011479,-0.6987779407599565,0.403
7.916395664215088,-0.05876427632337394,-0.5266906096396502,0.11221623736444897,-0.7379863561465199,0.403
7.926568269729614,0.0008173428217719553,-0.15825101521543675,0.10017846798604797,-0.7413258872488171,0.406
7.936740398406982,0.007439955452357319,-0.17312405248964657,0.04177441081384647,-0.6722403059386995,0.406
7.946914434432983,-0.022568898539515398,-0.3595939603255594,0.06777771093705286,-0.6447539205526895,0.406
7.957156419754028,-0.013551156839875927,-0.5938341603929588,0.04440815547526626,-0.7043826703614469,0.406
7.967346668243408,0.02766898180301024,0.0059054356836631934,0.04751115613696379,-0.6467947721505632,0.406
7.977546453475952,0.029549484485139846,-0.40679195657105044,0.0129414557731799,-0.6480396500080926,0.406
7.987730503082275,-0.21012314374272253,-0.6413069365328105,0.07131969636327,-0.6023319397014071,0.402
7.997902870178223,-0.1752987791885102,-0.4336684987656465,0.008892447228930123,-0.6438065395874789,0.402
8.00813341140747,0.19113088097597358,-1.0577391522813706,0.056928478355578,-0.681694643205579,0.402
8.018348455429077,0.049964885037973104,-0.24989098937949117,0.06936975253319472,-0.710394604889238,0.402
8.028539419174194,-0.02129816991624314,-0.4389782893318816,0.05396407932228086,-0.6472784004383727,0.403
8.038737535476685,-0.13784541207353834,-1.042743814403944,0.05792322249045454,-0.6701607541569292,0.403
8.048912048339844,-0.030264067126029307,-0.4281339714762792,0.06324904677334839,-0.7066873906732112,0.403
8.059159755706787,-0.2208779535086483,-1.2908105493105742,0.09506637481043652,-0.6493347160078864,0.403
8.069389581680298,-0.03121376529779044,-0.5414114155405559,0.1165368907235199,-0.6493510064892121,0.403
8.079582929611206,0.05879413326048487,-0.8458961547662486,0.16191682426787057,-0.563995819827391,0.403
8.089762449264526,0.022417521418201518,-1.4518364173681921,0.10551304999145363,-0.630251546674236,0.398
8.099959135055542,-0.01958286731892701,-0.649579609604151,0.050969574837251154,-0.467922277342528,0.398
8.110172271728516,-0.0025925669627735364,-1.0603633961052668,0.10058963405929644,-0.4939535039554196,0.398
8.120351076126099,0.02462104357549519,-1.4776684597705698,0.006665038113017576,-0.5045936060803,0.398
8.130536317825317,-0.022233932669095593,-0.8425186410108784,0.0066755017292183146,-0.4055019715091508,0.402
8.140758275985718,-0.23613922279257557,-1.656672210093298,0.010423783568688078,-0.431603541341806,0.402
8.150970220565796,-0.03758750730343243,-1.873239878033204,0.0767168769826134,-0.4811924857714636,0.402
8.1611647605896,0.069815323280451,-1.5091415978651517,0.07594043864160341,-0.28297654947368434,0.402
8.171389818191528,0.0015412662101947025,-2.7529700171876104,-0.03776931294971331,-0.2261815533470458,0.402
8.181559801101685,-0.022466103370587548,-1.1759361127296462,0.03534443698706636,-0.06059075997736191,0.402
8.192677021026611,0.04813005690362219,-1.750557371581784,0.028312925026952224,-0.040642730087766366,0.401
8.202914714813232,-0.1737510215742021,-1.0686379609679635,-0.06015302072852126,-0.052859692558660715,0.401
8.213150262832642,-0.03313800206241665,-0.875875517057606,-0.023917489249979246,-0.09876783474415643,0.401
8.223348379135132,-0.04365136247716121,-1.7122807317005824,0.03570681898363326,-0.05792066858937747,0.401
8.233535766601562,0.035101783272657644,-1.3740873583635653,-0.03095550871243472,-0.056364520781609195,0.396
8.243710279464722,0.09348889644236397,-1.8088392567860803,0.03665676347754775,0.06435000383137479,0.396
8.253883838653564,-0.174386466808495,-1.1368236219659051,0.05534257307357366,0.0687157368755193,0.396
8.264052867889404,-0.20035704969951265,-0.9471990551120538,0.08141075744812247,0.10986322226698002,0.396
8.274276494979858,0.16515238809637967,-1.9508451821867194,0.1322234414202034,0.14356939044064354,0.396
8.284449815750122,-0.2315216225848742,-1.1137659929423656,0.06265928026578568,0.17082693210353356,0.396
8.294622898101807,0.018312375636714725,-1.7330007814326285,-0.006180578798555047,0.22035929862003323,0.401
8.30479645729065,0.060983670016868406,-1.1600095360790619,0.061635570579795206,0.3006446181526647,0.401
8.314976453781128,0.04284809233925982,-1.1174160200980556,-0.008379839321010761,0.2146888836295749,0.401
8.325342416763306,-0.0392309050605607,-1.881279809000395,-0.030710257813966996,0.29773219512240334,0.401
8.335515975952148,-0.00203203768831796,-1.258120338028089,-0.08502150765611352,0.19851592380251334,0.403
8.345705270767212,-0.002032286978532054,-1.056012734651088,-0.07921223439460351,0.2735804481524731,0.403
8.355943441390991,0.031096891227063533,-2.3238209560051692,0.01098654010670188,0.3482961706833227,0.403
8.366129875183105,-0.04953153624279504,-1.157342320395905,-0.001301373249804505,0.44040380880814123,0.403
8.376387596130371,-0.00716085675411293,-1.0627041243036406,0.08003453341678417,0.5109269582444249,0.403
8.386599779129028,0.2716174353737419,-0.7678068363070762,0.06265311047999242,0.5475792271302291,0.404
8.396775007247925,0.046560837637517796,-1.345125081818947,-0.0799137729040193,0.5593012097290414,0.404
8.406945705413818,-0.43207843148414027,-0.572750725504325,-0.02736985934779043,0.6005024596355946,0.404
8.417163133621216,0.19223223958398175,-1.5886946785465477,-0.08021604774152387,0.5012256902022102,0.404
8.427350997924805,-0.035581680211376025,-0.4046031064078939,-0.05623615165046616,0.5441588729965539,0.408
8.437528848648071,0.020004871975263284,-1.1779426297148028,-0.003081493926131825,0.5277780382199644,0.408
8.447700262069702,-0.031184433384045612,-0.9886617151019124,-0.06797446940336313,0.5890039370604763,0.408
8.457870483398438,0.044230664288096105,-0.9606646059534554,-0.04481482730966857,0.744605539274455,0.408
8.46818208694458,0.05463903059535708,-0.975316856462316,-0.01419563265301448,0.7035514147439109,0.408
8.478402376174927,0.06658415579340758,-0.9245562040572223,-0.02989361606510531,0.6795265107016796,0.408
8.488574266433716,-0.0513211803397178,-0.5101078973400051,0.09308187046939628,0.6228846472392037,0.404
8.498759269714355,-0.05377372720203971,-0.940284547277983,0.04069021164519961,0.6259329009382567,0.404
8.508934259414673,-0.035923008124753436,-0.5070428585888146,0.0376781635672016,0.7504198909131461,0.404
8.519195318222046,-0.022200453609268297,-1.1236336113900913,-0.024891785733379405,0.7610623280769903,0.404
8.529435873031616,0.038314263768854225,-0.29517591449930497,-0.12564761068018143,0.698214093439826,0.404
8.539607763290405,0.0313866513844254,-0.5379554533075148,-0.08314709082260552,0.7272555295903985,0.404
8.549777269363403,-0.022538722973146613,-1.1649693348716763,-0.026858514295761013,0.6616295214068519,0.404
8.559950351715088,-0.07210682287379296,-0.5770219082944159,-0.029698400179104897,0.811432121009935,0.404
8.570162534713745,0.01859078435548666,-0.30573150876697996,0.01989749003668844,0.8277763296747573,0.404
8.580384254455566,-0.030899688938637156,-0.9813690246637276,-0.018618903261776898,0.8184204656336532,0.404
8.590596675872803,-0.001635464861114188,-0.25098773324601814,-0.07822739670456189,0.7851364668501465,0.406
8.600798845291138,-0.024373347972778386,-0.7921613035981536,0.018258021959178618,0.7710443527221694,0.406
8.611015796661377,-0.05924162274530715,-0.17821400064478954,0.02716468230159583,0.7105044002587424,0.406
8.621228456497192,0.027834505305514182,0.0737962674880377,0.015924880811336015,0.7017649878434224,0.406
8.631419658660889,0.04966051994835984,-0.5897226779045618,0.08194422007935778,0.7999612620739338,0.408
8.641599416732788,0.024290730058336426,-0.1865280728159011,0.02357171696575669,0.7648841381035089,0.408
8.651771783828735,0.030637691702334255,-0.4129115446935421,-0.028336687424018105,0.747497802748667,0.408
8.661941528320312,-0.003006568162831044,-0.20269438357033812,0.025006918113872834,0.7769013099491842,0.408
8.672210216522217,-0.034624661403009335,-0.23349695536416387,-0.014142578468060545,0.7150352100695276,0.408
8.682415008544922,-0.033310664681077296,-0.4046515809970961,0.010628778449192331,0.7139239041839637,0.408
8.69260835647583,-0.06833996635130271,-0.18562559341605256,0.04414004516377411,0.7155690996459546,0.403
8.702789306640625,0.01784406913959008,-0.12597694415330624,0.03372310467320191,0.714463590907027,0.403
8.712959051132202,0.21800170575425987,0.06197251989226445,-0.0810249937143147,0.7331206281595803,0.403
8.723154544830322,0.06577612190515127,-0.15017749702534333,-0.02669832370724024,0.7547697720676424,0.403
8.733378410339355,0.01739762641845866,0.10934061368434483,-0.047541659928451746,0.641473566536005,0.402
8.74354600906372,0.033525647951928986,-0.15947288476395993,-0.10943666467597452,0.696345983581375,0.402
8.753711700439453,-0.005094419580728225,0.11211188098639174,-0.0009941867219722851,0.749614064777998,0.402
8.763880729675293,-0.10422376841644758,0.13065843789328946,-6.201875336332707e-05,0.6783412929927948,0.402
8.774054765701294,-0.07632627128952663,0.15818886060498524,-0.08851147755556174,0.6482955976734825,0.402
8.784391164779663,0.006188889595431694,0.17620804285124977,-0.06115931942486471,0.7194790370315025,0.402
8.794567584991455,0.2579662600254067,0.18686810561693937,0.03075426566576494,0.6268274130101927,0.403
8.804735660552979,0.030470062464692055,0.6020643389275653,-0.06071137549984284,0.5606927722001392,0.403
8.814908266067505,-0.04309447586940415,0.1825603068630311,-0.015113209630908534,0.5436119566982108,0.403
8.825077533721924,-0.03875072365097374,0.4468541276196925,0.07732130928537886,0.5457212227372383,0.403
8.83527398109436,0.02649514252654381,0.18677257900679423,-0.01994619820348911,0.642654581803809,0.401
8.845510721206665,0.026489914432805326,0.5872765954509395,-0.017236767096135714,0.6027289244639868,0.401
8.85573673248291,-0.007571290929071973,0.2673344266118752,0.02035624171708589,0.5130521002672641,0.401
8.865981578826904,0.01626911450713477,0.6551111924872867,-0.07713063320401255,0.49967895597517314,0.401
8.876200914382935,0.013122472527778328,0.6268108804573391,0.033370649698555674,0.5288953832940856,0.401
8.88638424873352,0.01986477919849367,0.6847962314259249,0.04337906653663284,0.40612129995975405,0.403
8.896556854248047,-0.039142528737106864,0.7008938986942902,0.04485623164432622,0.4269918729797095,0.403
8.906737565994263,0.22558622649278268,0.6921208440489091,0.05352694744973026,0.34062921961816817,0.403
8.916908502578735,0.044286769979622144,0.23144682250734744,-0.015790901321126483,0.3706147352766558,0.403
8.927075386047363,-0.012904086486952071,0.8215075395820014,0.015260216052093227,0.35626412996539275,0.4
8.93741250038147,0.001336612103089082,0.1965359092449466,-0.02860554348414044,0.270771482388866,0.4
8.9475839138031,0.02394129328175436,0.6618008413977831,-0.009462411519179953,0.3401183848698027,0.4
8.957751274108887,0.004204473386637628,0.8633014609210987,0.02873466279107071,0.2889897355309962,0.4
8.967925310134888,-0.014484847835985921,0.4288765575319295,0.0218689411004961,0.13582234268819915,0.4
8.97824215888977,-0.024080201774042947,0.6150270590118074,0.014749108562918669,0.21399595641477562,0.4
8.988422155380249,-0.01618253906290056,0.39924301688473757,-0.003615351277250299,0.17434850145265315,0.397
8.998591661453247,-0.04499407717450308,0.5806862279102839,-0.042393655938469874,0.2681547492656218,0.397
9.00875997543335,0.11807789248302843,0.21696371134790138,-0.02144381378690002,0.2080815138947954,0.397
9.018928050994873,-0.005811890027944932,0.6137852029130506,-0.05632389709910322,0.1285332530650762,0.397
9.02911925315857,0.04494075630844825,0.5542431562670744,-0.06064748988485978,0.1644394814515181,0.401
9.03929090499878,0.05276782962575003,0.35749020277337057,-0.025444003320196744,0.09208216004837384,0.401
9.049505710601807,-0.05207465110282292,0.36402050453305934,-0.004467969843408362,0.018277911306542504,0.401
9.059676170349121,0.007347668791176979,0.3454121941227785,0.02894990349459637,0.07793008320019465,0.401
9.069846868515015,-0.07465605424623127,0.5310719117809583,0.002389840391825436,0.04125868861539155,0.401
9.0800199508667,-0.21376862922717363,0.15271526666670063,-0.0616159325189297,-0.005909807771095527,0.401
9.090200662612915,0.034310242737533046,0.5748763219586905,-0.022783955524652365,0.061359037238290344,0.398
9.100422143936157,0.0247495125573269,0.07214774129724175,0.011599281422170156,-0.01804802493251963,0.398
9.110615253448486,0.21063660286801342,0.49668399887959247,0.025623684570441323,0.06369480384133341,0.398
9.120826482772827,-0.05361948198333842,0.500376091566653,0.038468932615885035,-0.018321131326910624,0.398
9.13104772567749,-0.07156106036780976,0.1083957363166111,-0.029765937911265215,-0.008509576057270624,0.398
9.141357183456421,-0.025445989743966155,0.51001543224016,0.04924696178193079,0.03483004592680988,0.398
9.151537418365479,0.2594446826498967,0.14626406546172033,0.09672360186484953,-0.02044306643405845,0.398
9.161708354949951,-0.01827571451802552,0.5333762808082481,0.09349336564742486,-0.10400878910143249,0.398
9.171878576278687,0.03155414084976183,0.08826088255211452,0.12420457564512107,-0.05847639539569019,0.398
9.182047128677368,-0.041602958190793016,0.08771366920862014,0.042741829308936524,-0.1692962117659108,0.398
9.19223666191101,-0.03484662451693031,0.29248751059246364,0.010145349232828334,-0.0763478341611264,0.397
9.20242166519165,-0.020375947195865687,0.28882516706871414,0.02644809518051268,-0.1479309912743365,0.397
9.212594509124756,0.10559008474928348,0.015469960054712281,0.02894264391382529,-0.1404609633035107,0.397
9.222776174545288,0.022097426276407546,0.49841871259883225,0.08216173414915616,-0.08453728163340402,0.397
9.23295259475708,0.04513161367620236,0.0036454118878621647,-0.007163940353852878,-0.10194516761995806,0.399
9.24320101737976,-0.13281863317287515,0.05647838129094889,-0.041764894241604074,-0.16777761707942562,0.399
9.253390789031982,-0.044954775333826386,0.008431669336401153,-0.03311788018531072,-0.12578264896147306,0.399
9.263558864593506,-0.0018891614535402313,0.028726857800513678,0.009679212966044107,-0.08542079748453311,0.399
9.273725986480713,-0.006324389511916992,0.018983597992199015,0.04340072899432473,-0.1564318403760724,0.399
9.283900499343872,-0.04014062640941483,0.1781162312367437,0.05687793640907571,-0.15492814509315883,0.399
9.294067144393921,-0.016689545757985338,-0.0050743770912337095,0.11126107841049071,-0.06866669778810511,0.398
9.304348468780518,-0.027845506095070676,0.16885596534976996,0.026185723886776556,-0.09181880029368153,0.398
9.314524412155151,0.02891700708150505,-0.17825349099573615,0.048111524052050096,-0.04554365631807246,0.398
9.324701309204102,0.03092918077352249,0.020579454621869442,0.013931134722334267,-0.08451006914942447,0.398
9.334877252578735,-0.023078609330432195,-0.01072867003154802,-0.04727005648945204,-0.11032186420188628,0.401
9.345052719116211,0.06215754468773155,0.001137095295919576,-0.03606063580047902,-0.12510005413310987,0.401
9.355396509170532,0.088046701498038,-0.06581499943140136,-0.02669443979079111,-0.08168923640250514,0.401
9.365580320358276,-0.06279643875391003,-0.039987602367865735,0.017888695839137554,-0.13457060427320114,0.401
9.37578296661377,-0.019227854429604486,-0.03724894771927364,0.06366249411775815,-0.03860482867011482,0.401
9.385957479476929,0.0068991298989758984,-0.03668992445818947,0.01611287127244882,-0.10107671765605783,0.401
9.39612865447998,-0.08037981809991307,-0.20074818888929127,0.038615482664676196,-0.10916484165044865,0.398
9.40632176399231,0.0949328986332873,-0.20401571119372833,0.07072636271226812,-0.0892940637271831,0.398
9.41649580001831,-0.002877479049024913,-0.2528731273566743,0.05538401832378724,-0.10487865898331637,0.398
9.426666498184204,0.02011801136641036,-0.049961846507766146,0.03474710191064899,-0.036636530629285624,0.399
9.436848163604736,0.039575472745002664,-0.25612259790908465,-0.00479642565447906,-0.09111431106489493,0.399
9.447026491165161,-0.20494130573320318,-0.11590991182075545,-0.05204369878170439,0.016628072582151154,0.399
9.457218408584595,0.0024342568359249995,-0.08833674671397415,-0.10035293352149105,-0.04852417160478681,0.399
9.467405557632446,0.0640871633015637,-0.47393583134395295,-0.02298061863903189,-0.056781293597539015,0.399
9.477579116821289,-0.002398650250861284,-0.08524789343944611,0.027027159966240735,-0.08282362318303096,0.399
9.487748861312866,-0.006822556094051983,-0.36111481229152825,-0.016265964481412404,-0.005348866911663461,0.404
9.497923851013184,0.05246000322740891,-0.5327856631607661,0.03694668191209447,0.0016561099972613597,0.404
9.508093357086182,0.0025231961077947286,-0.28380891662640595,0.0017238871933461554,-0.030071864056074947,0.404
9.518285751342773,0.04552529177234827,-0.046745689526639475,0.0004252670212404417,0.05211918221697473,0.404
9.528455972671509,0.016798995088718724,-0.08282654391268622,-0.013806605416901306,0.03618897598281687,0.398
9.53863787651062,-0.041806600749091684,-0.29594547337561816,0.047693796046085056,0.03217509422063519,0.398
9.54880690574646,0.024803714400004055,-0.06475068412368043,0.032189276895074365,0.07079195524365511,0.398
9.558976173400879,-0.029441908644340386,-0.6676570767583214,0.0355209574912824,0.10047236855621255,0.398
9.56923222541809,-0.03165453645962209,-0.11420254452342418,0.04261405694398543,0.04870171905266145,0.398
9.579452753067017,-0.03442343541999818,-0.3375800858846769,0.014870976861532098,0.0536680536789397,0.398
9.589623212814331,0.04054549688402224,-0.10264660895980333,-0.015848003126616276,0.05120128196601227,0.404
9.599792957305908,0.04729563674642359,-0.517667022969782,-0.03923556778565426,0.07608953689803494,0.404
9.609975576400757,-0.0008644597001863207,-0.10430763499587149,0.01832810906575928,0.0850820245677126,0.404
9.620455265045166,-0.011207769299510284,-0.6753691401319629,-0.028310413132909773,0.06116579442660443,0.404
9.630755186080933,-0.0545388992381204,-0.07749736835084015,0.0341897719108054,0.10008817669181484,0.402
9.640929937362671,-0.048443909804635116,-0.3128841511716592,-0.005473165815419774,0.05562625681219981,0.402
9.651262998580933,0.03851588976168557,-0.10402934209266,0.005778343085134856,0.0651129722545299,0.402
9.661484479904175,-0.05356280904457911,-0.2752058501422761,0.037946080480351994,0.11764034865294291,0.402
