time,meas_r_x,meas_r_y,meas_v_x_dot,meas_v_y_dot,state_z
0.0,0.0,0.0,0.20676857475254143,0.1973107215094106,0.4
0.010288238525390625,0.0,0.0,0.11760329557849022,0.18020417755276408,0.4
0.0204620361328125,-0.7371878515185601,0.0,0.15541133771319054,0.230892259468637,0.403
0.030645132064819336,0.0,0.0,0.1088698938536892,0.1812743301859207,0.403
0.04082942008972168,0.0,0.0,0.07093651236440375,0.1577823590373097,0.403
0.051009178161621094,0.0,2.2102686371407825,0.04408085223849918,0.20391939073245252,0.403
0.06121540069580078,0.0,1.4696916464212295,0.1094283497002737,0.25267774928427167,0.403
0.07142877578735352,0.0,0.7343312012699005,-0.017444107326086672,0.21136907804351643,0.403
0.08166074752807617,-1.4659931028054805,5.863972411221922,-0.013976764817040327,0.20994802814202096,0.398
0.09187030792236328,0.0,0.0,-0.1371114452605211,0.2488027652470906,0.398
0.10203409194946289,-0.7379141449683322,1.4758282899366644,-0.228677163593958,0.12259129061078723,0.398
0.11223793029785156,0.0,0.7350175241833731,-0.22514110997728093,0.133782101451649,0.398
0.12242341041564941,-0.7363423140844081,2.2090269422532245,-0.22514110997728093,0.133782101451649,0.399
0.1326141357421875,0.7359633156306296,2.2078899468918887,-0.390772272387778,0.17617715221071228,0.399
0.14278745651245117,-1.474444808999297,2.2116672134989455,-0.2964899491495166,0.232110093923619,0.399
0.15295052528381348,0.0,0.73796607783799,-0.44687214327105407,0.11270148530008398,0.399
0.16311240196228027,0.0,3.690263244333912,-0.49797129375458765,0.14622513880493337,0.399
0.17342138290405273,0.0,2.1825629639908417,-0.5338799212809195,0.16856687713754182,0.399
0.1835923194885254,0.0,1.4747904360056259,-0.5318837760596755,0.0964458786505979,0.402
0.19376015663146973,0.0,0.7376199967172368,-0.5523172290645388,0.1481927971342256,0.402
0.2039194107055664,-0.7382431766445284,1.4764863532890569,-0.5628171282618459,0.15127331009605444,0.402
0.21407508850097656,0.0,0.0,-0.7259317098567887,0.11902564443062126,0.401
0.2243666648864746,-0.7287513320669045,0.7287513320669045,-0.7023247771528616,0.13889654663464568,0.401
0.23453497886657715,0.0,0.0,-0.7586179013964736,0.03669676096061138,0.401
0.2446906566619873,-0.7385031458352896,0.7385031458352896,-0.7260365984266789,0.0168645452068314,0.401
0.25484323501586914,-0.738728600615269,-0.738728600615269,-0.7335791131763818,0.07164426251876833,0.401
0.264995813369751,0.0,0.0,-0.7750480172416142,0.12455496252659357,0.401
0.275188684463501,0.0,-2.2074251497005988,-0.7316384152431651,0.20094100892437813,0.4
0.28542351722717285,-0.7327916511367871,-2.1983749534103616,-0.7961942968346735,0.0739710313739759,0.4
0.2955968379974365,-0.7372224044996485,-0.7372224044996485,-0.8218996818426004,0.10427938298391685,0.4
0.30576300621032715,-0.7377410881801125,-4.426446529080676,-0.93962484914672,0.11782501938691659,0.4
0.3159310817718506,-0.737602701181767,-2.212808103545301,-0.8085018182922172,-0.043378813562481286,0.401
0.3261086940765381,0.0,0.0,-0.8056788636608092,-0.0728683294729888,0.401
0.3363335132598877,0.0,-2.2005279112064544,-0.7920257225528478,0.08212518532412556,0.401
0.34653234481811523,0.0,0.0,-0.6992167250948553,0.18711579358559444,0.401
0.356717586517334,-0.7363595505617977,-2.9454382022471908,-0.7005285104534779,0.0936533496633363,0.401
0.3668982982635498,0.0,-0.736687197021147,-0.790483312846676,0.05203739439023297,0.401
0.37708115577697754,-0.7365319597284008,-0.7365319597284008,-0.6658521044383201,0.030284481803365557,0.396
0.38731884956359863,0.0,-2.9303474615742897,-0.6645482560040878,-0.020428490435714,0.396
0.3974952697753906,0.0,-2.2109936040109646,-0.7462711503878001,0.029914462561953632,0.396
0.4076657295227051,-2.212289371278541,-2.212289371278541,-0.6364945680540433,0.09016298931711722,0.396
0.41783928871154785,0.0,-2.9488205104169105,-0.6181730906300602,0.07693350941271589,0.402
0.4280211925506592,0.0,-0.7366009460029036,-0.652904651412662,0.04144272395408118,0.402
0.43822526931762695,0.0,-3.675001752377392,-0.6278146462723415,0.04636103234495122,0.402
0.4484059810638428,0.0,-2.210061591063441,-0.5294666298122943,0.031750954817449564,0.402
0.4585702419281006,0.0,-3.6893976355789078,-0.5315194205408567,-0.03305000865374406,0.402
0.4687354564666748,0.0,-0.7378103011539544,-0.5526294287280006,0.02330878368433012,0.402
0.478909969329834,0.0,-2.9485441124780314,-0.4454139550180543,0.09297051937397628,0.401
0.48908233642578125,-1.4745830403600055,-4.423749121080017,-0.41490622849665426,-0.019425170602913926,0.401
0.49927806854248047,0.0,-5.884815265176316,-0.509190411770804,0.011963307613667332,0.401
0.5094451904296875,0.0,-6.639046993715412,-0.35858686287973773,0.028320792247622545,0.401
0.5196146965026855,0.0,-1.4749978899985934,-0.3625932751152967,-0.02197315673779969,0.401
0.5297865867614746,-0.73732608288018,-2.21197824864054,-0.2946552717098508,-0.08857336250173188,0.401
0.5399515628814697,0.7378276064266448,-4.426965638559868,-0.33961250288251443,-0.020827629077210058,0.401
0.5501244068145752,0.0,-0.7372569607199775,-0.3608325694336166,0.04774526705480908,0.401
0.5604550838470459,0.0,0.0,-0.33507756880188566,0.13091499716362787,0.401
0.5706188678741455,-0.7379141449683322,-4.427484869809993,-0.28673245218702365,0.04166885198193791,0.401
0.5807943344116211,-0.7370669415871974,-2.211200824761592,-0.28787720071461376,0.0064531761534217524,0.399
0.5910763740539551,0.0,-4.376563557946482,-0.16188598526856796,0.09221221440100168,0.399
0.6014294624328613,0.0,0.0,-0.19969044933854765,0.0365245536165262,0.399
0.6116337776184082,0.0,-3.6749158878504673,-0.22913655388347917,0.01827230779158518,0.399
0.6219160556793213,0.0,-3.6470517309342174,-0.25673926602837505,0.07822807770346799,0.4
0.6321430206298828,0.0,-2.200066208182772,-0.253361655993748,0.01834003634237124,0.4
0.6423354148864746,-1.4716856140350876,-2.943371228070175,-0.2054413240478395,0.09353658169370824,0.4
0.652515172958374,0.0,-2.2102686371407825,-0.17537198893238795,-0.006945743342658781,0.4
0.6626875400543213,0.0,-1.4745830403600055,-0.16881382647096008,0.03398633644221095,0.4
0.6728610992431641,0.7372051276042276,-5.160435893229594,-0.14761992697372253,0.032703310999471186,0.4
0.6830389499664307,0.0,-2.210682845697955,-0.0825100313492429,-0.004820188750451433,0.398
0.6932756900787354,0.7326551145891559,-3.6632755729457798,-0.050518912136210944,0.04321681519756654,0.398
0.7034459114074707,-0.7374470778535762,-2.2123412335607284,-0.15536522415080462,-0.030575223305279158,0.398
0.7136244773864746,0.0,-5.157897498360349,-0.13917946630081485,-0.022423647813027074,0.395
0.723792314529419,0.0,-1.4752399934344735,-0.10011216029242345,0.06477626726222031,0.395
0.7339615821838379,0.0,-3.6875811783461887,-0.0489155612472186,0.10285950732086782,0.395
0.7441356182098389,0.0,-1.474341152485178,-0.03227663813000904,0.012463397937206584,0.395
0.7543160915374756,0.0,-0.736704449648712,-0.032676566091472056,0.10752756126853133,0.395
0.7644777297973633,0.0,-2.9522798620398394,0.0055101034795908485,0.07114191308275393,0.395
0.7746379375457764,0.0,-1.476347764871524,0.00020763301013901857,0.025061887267537122,0.395
0.7848103046417236,0.7372915201800028,-2.2118745605400085,0.023763277485152175,0.05055058934735081,0.395
0.7949788570404053,-0.7375681125439625,-2.2127043376318873,0.006833262134702136,0.04589460235797031,0.395
0.8051614761352539,0.0,-1.4730984101711582,-0.013038532639831788,-0.04225028104653481,0.395
0.8153343200683594,0.0,-3.686284803599887,-0.022929449459112555,0.09617220879650938,0.4
0.8255019187927246,0.0,0.0,-0.019574720384617734,-0.0009638119684510435,0.4
0.8356835842132568,0.0,-2.946472778363189,0.01481632694478236,-0.013037798994819372,0.4
0.8458549976348877,0.0,-2.2120819464628942,0.03942243635986596,0.12228226511094702,0.4
0.8560631275177002,0.0,-2.2041255605381167,0.015067759157851348,-0.014951547442516158,0.4
0.8662974834442139,0.0,-2.198477379676653,-0.007825755978474125,0.02479057579051392,0.4
0.8764889240264893,-0.7359116642492864,-1.471823328498573,-0.053652165645614945,-0.03563302333998551,0.401
0.8866722583770752,-0.7364974714365986,0.0,0.03925142170487966,0.07727473924909448,0.401
0.8968517780303955,0.0,-5.894187745924676,0.07627514180460117,0.07127937974963217,0.401
0.9070236682891846,-0.73732608288018,-1.47465216576036,0.03816791193789358,0.03485977549377687,0.401
0.9172780513763428,0.0,-6.582551034643107,0.026735732727616243,0.047705394479818884,0.399
0.9274520874023438,0.0,-0.737170576242589,0.028967271143731058,0.06618820277777261,0.399
0.9376306533813477,0.0,-0.7368424997657641,0.0833744368239762,0.02205704491117283,0.399
0.9477975368499756,0.0,-2.2130675609126937,0.10972010077810053,0.08985801912321838,0.399
0.9579622745513916,0.0,0.0,0.1518731947902822,0.15728892820484772,0.399
0.9681472778320312,0.0,-2.94550715138463,0.0766876138789729,0.061839304575265444,0.399
0.9783632755279541,0.0,-0.734142687110551,0.07079748958039864,0.04449795869048946,0.403
0.988530158996582,0.0,-1.4753783739417958,0.04278831541539244,-0.020626567172187527,0.403
0.9988224506378174,0.0,-0.7287006879936991,0.06866207213901532,0.07491972945429883,0.403
1.009113073348999,0.0,-0.7288188684490987,0.0932487959259791,-0.025792348753710916,0.403
1.0193486213684082,0.0,-0.732740443968228,0.12208613109244913,-0.0049936748626741925,0.404
1.0296151638031006,-0.7305283202898214,-1.4610566405796428,0.017688437454373734,0.012424309227185064,0.404
1.0398237705230713,0.0,-2.2040226073146805,0.04657434405107623,0.003248472290243963,0.404
1.049997329711914,0.0,-0.7372051276042276,-0.01254046701747534,0.006867123364649834,0.404
1.060222864151001,0.0,-0.7334579962228077,0.03619363431988629,0.049329633836132196,0.404
1.0704312324523926,0.0,0.0,0.01468730659893979,0.04886841531754773,0.404
1.080615520477295,0.7364285045416237,-3.682142522708119,-0.0036684447619636726,0.027428593300297198,0.407
1.0907795429229736,0.0,-0.7378968356360395,-0.05429323371144579,0.012212180279604946,0.407
1.1009697914123535,0.0,-1.471995507826209,-0.012344161102080538,0.03964778575902819,0.407
1.111213207244873,-0.7321776370915185,-0.7321776370915185,0.013209414229139516,0.09399990882441676,0.407
1.1213970184326172,0.0,-1.4729259727489816,0.009442923696623307,0.07224663476586399,0.405
1.1315662860870361,0.0,-2.2125487070077132,-0.027359024281065084,0.14098779823875288,0.405
1.1417248249053955,0.0,-0.738295155839279,-0.07714667472624546,0.09744967220667854,0.405
1.1518819332122803,0.7383991361907891,-2.2151974085723674,-0.10401610572675749,0.07230471502725999,0.405
1.162041187286377,0.0,-1.4764863532890569,-0.13239480866242756,0.1623373366287721,0.405
1.1722471714019775,0.0,0.0,-0.1825184117568729,0.07796938441944863,0.405
1.1824355125427246,-0.7361355392787775,-2.2084066178363324,-0.15662028395431002,0.003056406701894509,0.404
1.192622184753418,0.0,-0.736256143800028,-0.1983105237397755,0.05283213685891072,0.404
1.2027876377105713,0.0,0.0,-0.15408908278404607,0.02758010475824608,0.404
1.212949275970459,0.0,-2.9522798620398394,-0.150906119603369,0.07867867879937701,0.404
1.223111629486084,0.0,0.0,-0.09221144068476977,0.1250104684446815,0.404
1.2334258556365967,0.0,-1.4543020272300686,-0.12410088684007439,0.15174247275746344,0.404
1.2435877323150635,0.7380526488667823,-1.4761052977335647,-0.1965843759588273,0.1179145351270109,0.404
1.2537484169006348,0.0,-2.2144177206279183,-0.20462816476410545,0.05394172091188425,0.404
1.2639141082763672,-0.7377756930437638,-0.7377756930437638,-0.24458923028245866,0.06723906585247626,0.404
1.2740802764892578,0.0,-2.213223264540338,-0.24229942710980004,0.02908643479626873,0.404
1.2843592166900635,0.0,-0.7296472061791107,-0.17331831611439663,0.08110695722936465,0.404
1.2945311069488525,-0.73732608288018,-0.73732608288018,-0.12032874271466801,0.09656135899620158,0.404
1.304696798324585,0.0,-2.951102772175055,-0.1681183377694581,0.06770797761642902,0.404
1.3148627281188965,1.4755167804122986,-3.6887919510307463,-0.20374672942684682,0.032384260562615536,0.403
1.325026273727417,0.0,0.0,-0.21798618843907813,-0.026643588411207585,0.403
1.3352248668670654,0.0,-0.7353955489059285,-0.21395296938135527,0.10533987214174205,0.403
1.3453874588012695,0.0,-0.7380007038123166,-0.26763352943956836,0.16010264411466976,0.403
1.355555772781372,-0.7375854064573613,-0.7375854064573613,-0.23853318830832182,0.1871389958116485,0.403
1.3657681941986084,0.0,0.0,-0.15252398932786698,0.07493629345428066,0.403
1.3759362697601318,0.737602701181767,-4.425616207090602,-0.18946367139535686,0.0065283130205228725,0.403
1.3861064910888672,0.0,-1.4748941557071524,-0.22476240445693552,0.08160602744234165,0.403
1.3964123725891113,0.0,-0.7277397862397631,-0.33256941948299046,0.12116785396754803,0.403
1.4066169261932373,-0.734966005467162,-1.469932010934324,-0.2427066875952635,0.15279996482251917,0.403
1.4167799949645996,0.0,-0.73796607783799,-0.23559534632375412,0.13619992228586927,0.402
1.426940679550171,0.0,-2.2144177206279183,-0.22181166160523252,0.07459561530175769,0.402
1.437117338180542,0.0,-0.7369806016305875,-0.22344768560357736,0.02875771713449944,0.402
1.447394847869873,0.0,-2.918995058807154,-0.25292458453613553,0.1930266996631327,0.402
1.457564353942871,0.7374989449992967,-4.4249936699957795,-0.3219732054909964,0.16321619534731988,0.402
1.4677231311798096,0.0,0.0,-0.16861976803301312,0.10279698329389446,0.402
1.477884292602539,0.0,0.0,-0.11462826954217274,-0.030974340092369892,0.401
1.488051414489746,0.0,-2.2130156645718038,-0.1915759466071333,0.030350725060670485,0.401
1.4982516765594482,-0.7352752261412243,0.0,-0.23781234826877004,0.12553715370336407,0.401
1.5084340572357178,0.0,-4.419398707502107,-0.29171743141952355,0.1541314688710379,0.401
1.5185930728912354,0.7382605022295236,-2.2147815066885705,-0.19478894742901198,0.06628571550746687,0.4
1.5287542343139648,0.0,0.0,-0.1460407049172212,0.04760659615512411,0.4
1.5389199256896973,0.0,-2.951102772175055,-0.13285326707389564,0.04215515291145257,0.4
1.5490829944610596,0.0,0.0,-0.17285935252731574,0.14213700852336997,0.4
1.5592734813690186,0.0,-1.4719610687380094,-0.2468279032397606,0.18725967103771027,0.4
1.5694553852081299,0.0,-0.7366009460029036,-0.2553117455648448,0.13014792354055782,0.4
1.579617977142334,0.0,-3.6900035190615834,-0.21392259998445495,0.023066730330946257,0.404
1.5897769927978516,1.476521004459047,-3.691302511147618,-0.12011251202802758,0.034103305257566496,0.404
1.5999586582183838,-0.7366181945907972,-0.7366181945907972,-0.19633008634151045,0.06343700553939981,0.404
1.610154151916504,0.0,-2.2068573299347567,-0.2254196643376379,0.17892641902261336,0.404
1.6204640865325928,0.0,0.0,-0.2257192524066019,0.14885796415584024,0.406
1.6306977272033691,0.0,0.7328770123243948,-0.14854570275939336,0.09245472719891834,0.406
1.640873908996582,0.7370151351857925,-8.844181622229511,-0.1300728287052208,0.03064607367565144,0.406
1.651038408279419,0.0,-0.7378622194075012,-0.12665474701957521,0.07863791427696801,0.406
1.6612451076507568,0.734811492641906,0.0,-0.1871986747945484,0.14275214320218896,0.406
1.6714601516723633,0.0,0.0,-0.23744176707966963,0.15372037029752547,0.406
1.6816442012786865,0.0,-2.2093372351632916,-0.22146544283233294,0.1626103076699802,0.408
1.6918115615844727,-0.7376545902215969,-0.7376545902215969,-0.17724939586458377,0.11039588985842883,0.408
1.7019822597503662,0.7374125038092783,-2.2122375114278348,-0.12514063495489483,0.15839270817201404,0.408
1.7121472358703613,1.4756552128532896,-8.116103670693091,-0.09719674646501889,0.22565759715054495,0.408
1.7223811149597168,-0.7328599384959463,0.0,-0.15461756044313868,0.13737913930166473,0.407
1.732553482055664,1.4745830403600055,-3.686457600900014,-0.2123354486755585,0.12064958896010522,0.407
1.7427194118499756,0.0,-4.426550341236895,-0.17676959028128117,0.05317346436735547,0.407
1.7528953552246094,0.0,0.0,-0.1860336765893106,0.14892455303729762,0.407
1.7630603313446045,0.0,0.0,-0.0915060961803412,0.12129932698723259,0.407
1.7732627391815186,-0.7351205832865956,-0.7351205832865956,-0.0998709315357124,0.18229220268247015,0.407
1.7835044860839844,0.7322969481109016,-3.6614847405545077,-0.021909144003807085,0.19307587336995538,0.41
1.7936732769012451,0.0,0.0,-0.049732060021537544,0.18795102299723926,0.41
1.8038451671600342,1.47465216576036,-2.94930433152072,-0.08309752587918617,0.11052634013855289,0.41
1.8140192031860352,1.474341152485178,-2.948682304970356,-0.17076915378536792,0.025788077101281295,0.41
1.8241820335388184,0.0,0.0,-0.10966792006660978,0.11880183047493068,0.411
1.8343746662139893,0.0,-2.9433023788917216,-0.13454091421603007,0.16543784020271096,0.411
1.8445370197296143,0.0,0.0,-0.1960907552954058,0.2840848601024152,0.411
1.8547000885009766,0.0,-2.95186431135196,-0.09613918881737962,0.19133680140687742,0.411
1.8648746013641357,0.7371360281195078,-3.6856801405975395,-0.08742965442890957,0.16346440897481046,0.411
1.8750901222229004,0.0,0.0,-0.0038312840968971126,0.09515080239772025,0.406
1.8853435516357422,0.731462586615821,-0.731462586615821,-0.028894343681253737,0.1571995077262669,0.406
1.8955652713775635,0.0,-2.9349268770554895,-0.008771376430788597,0.20612361702763074,0.406
1.9057300090789795,0.0,0.0,-0.11457745891809668,0.24124674005150532,0.406
1.9158949851989746,0.0,-3.689138032133224,-0.1475015855187813,0.1997118585865573,0.411
1.9260568618774414,0.0,-0.7380526488667823,-0.09716180366764832,0.22279361782577942,0.411
1.9362611770629883,0.0,-3.6749158878504673,0.07041689015423469,0.1128852772163361,0.411
1.9464702606201172,0.0,-0.7346398879028491,-0.004251262650936158,0.2215059645120088,0.411
1.9566364288330078,0.0,0.0,-0.050148592553647384,0.23894345046065057,0.411
1.9668009281158447,0.0,-2.2135866582225034,-0.09854449145495725,0.156135823745527,0.411
1.9769642353057861,0.0,-1.4758975321385004,-0.07042957190061142,0.14463908411481935,0.407
1.9871363639831543,0.7373088011250439,-1.4746176022500879,-0.0395903516931336,0.21212402207093023,0.407
1.9973633289337158,0.0,-2.200066208182772,0.010884474907497426,0.23620950467833635,0.407
2.00752854347229,0.0,-2.2134309034618633,0.04226518756671905,0.20165509534361556,0.407
2.0176916122436523,0.0,-1.47593215567598,-0.10177104642177504,0.21441842878658657,0.406
2.0279440879821777,0.0,-0.7315306264824891,-0.08941533797771338,0.18659567140589778,0.406
2.0381972789764404,-0.7314795953958841,0.0,-0.06861122073177409,0.23004420928627084,0.406
2.0484840869903564,1.45817827840356,-2.18726741760534,-0.05298149473484655,0.31563943514009307,0.406
2.0586609840393066,0.0,0.0,-0.02900068831542956,0.18037864727450614,0.406
2.068871021270752,0.0,-2.938285073790398,-0.05087418189595486,0.15186996640303335,0.406
2.079047679901123,-0.7369806016305875,0.0,0.00561286814705244,0.21324660359311998,0.408
2.0892245769500732,0.0,-1.4739266721330677,-0.08266525992848733,0.2849708267820318,0.408
2.0993945598602295,-0.7374643660915229,-2.9498574643660915,-0.004603202592965289,0.2395275771852766,0.408
2.1096150875091553,0.0,0.0,-0.03775494892507466,0.18917258227239056,0.408
2.119807481765747,0.0,0.0,-0.015720044554858453,0.16421085307171063,0.408
2.1300084590911865,-0.7352236712943486,-0.7352236712943486,-0.12265121059529689,0.26260627887849597,0.408
2.1402368545532227,0.0,-0.7332528379291857,-0.13868306938044395,0.2786307140852873,0.408
2.150494337081909,0.0,-2.193520674987797,-0.1023418562475858,0.17813307990463942,0.408
2.1606674194335938,0.0,0.0,-0.009061422477275732,0.07777231921865385,0.408
2.1708366870880127,0.0,0.0,-0.0674340435336068,0.08527090065737575,0.408
2.181001663208008,0.0,-0.7378276064266448,-0.14126039496401532,0.234304497946855,0.405
2.191174030303955,-0.7372915201800028,-2.2118745605400085,-0.19518870883040385,0.20866647558041226,0.405
2.2013580799102783,-0.7364457450544305,-0.7364457450544305,-0.12823289290889964,0.12823735014678359,0.405
2.2115228176116943,0.0,-0.7378449125111413,-0.04563653717585908,0.13512534738532567,0.405
2.2216849327087402,0.0,-2.952141332144617,-0.09840671323443181,0.17348359829376825,0.403
2.2318503856658936,-0.7377929966930131,0.0,-0.2428154275211336,0.20407534580092151,0.403
2.242027521133423,-0.736946071311437,-0.736946071311437,-0.19010065045487448,0.21171300942382823,0.403
2.2521936893463135,-0.7377410881801125,-1.475482176360225,-0.11483668180413699,0.13640095391683424,0.403
2.2623744010925293,0.0,-2.210061591063441,-0.1570970766016156,0.1385504180993098,0.403
2.2725746631622314,0.0,0.0,-0.18101608569434155,0.1793142773484242,0.403
2.282792091369629,0.0,0.0,-0.18101608569434155,0.1793142773484242,0.409
2.292961597442627,0.0,-1.4749978899985934,-0.13042962603477246,0.06471125756293188,0.409
2.3031280040740967,-0.7377237869655965,-5.901790295724772,-0.19615628581143174,0.05422850341689173,0.409
2.3133280277252197,0.0,-1.4705848253938572,-0.24452901919468017,0.169666866408587,0.406
2.3235325813293457,0.0,-2.204898016401486,-0.2341355324010556,0.14911774023286067,0.406
2.3336970806121826,0.0,0.0,-0.15195832317383853,0.16319363140227217,0.406
2.3438634872436523,0.0,-0.7377237869655965,-0.04455543658534423,0.1393754647127985,0.406
2.354024887084961,0.0,0.0,-0.12086680258042765,0.1466722916143371,0.406
2.3641862869262695,-0.7380872829657438,-2.214261848897231,-0.15404975135411497,0.1393140821479338,0.406
2.3745193481445312,0.0,0.0,-0.13719529790951215,0.06066588077377298,0.405
2.3847243785858154,-1.4698633273368689,-1.4698633273368689,-0.12831695245013802,0.035974814456939876,0.405
2.3949100971221924,-0.7363250784139319,-2.2089752352417955,-0.09076594489518405,0.12026204106929503,0.405
2.4050755500793457,0.0,-2.2133789900790393,-0.08074910405296047,0.07867144675583018,0.405
2.4152395725250244,0.0,-0.7378968356360395,-0.2309634624999025,0.10703009359488505,0.404
2.425405740737915,0.0,-1.475482176360225,-0.2225408019157576,0.07709746333152179,0.404
2.4356138706207275,0.0,0.0,-0.20169461919504517,0.04854545186914594,0.404
2.445788860321045,-0.7371014832345291,-2.9484059329381163,-0.1430393050669163,0.06205902389912407,0.404
2.4559528827667236,0.0,-0.7378968356360395,-0.11794096481510435,0.1498780414590068,0.404
2.466116189956665,0.0,0.0,-0.15745355485641685,0.07732472246083277,0.404
2.4763121604919434,-0.7355847071203087,-2.9423388284812346,-0.1399833616444364,0.02376912649844207,0.403
2.4864959716796875,0.0,-1.4729259727489816,-0.09540670667609244,-0.039653708078008575,0.403
2.496663808822632,0.0,-1.4752399934344735,-0.16055793857034428,-0.003966738264939734,0.403
2.506826877593994,0.0,-0.73796607783799,-0.12540639958233404,-0.013331131913179445,0.403
2.5169875621795654,-0.7381392402093061,-3.6906962010465305,-0.19893995732200248,0.024873198761536038,0.404
2.527148485183716,-0.7381219203153597,-2.214365760946079,-0.14364900937978353,-0.0049031811793388,0.404
2.5373291969299316,0.736687197021147,-0.736687197021147,-0.11479068684408746,0.10589104614658018,0.404
2.547536611557007,0.0,-0.7347600028028869,-0.057585271275452765,0.1601060722758455,0.404
2.5576977729797363,0.7381046012341913,-0.7381046012341913,-0.03189450948202411,0.08283721275314843,0.404
2.5678608417510986,0.0,-0.73796607783799,-0.06254504417691228,0.05167264597481617,0.404
2.5780229568481445,0.0,-1.4760706660723084,-0.12956984025783422,0.06864232907059654,0.408
2.588190793991089,0.0,-0.7376199967172368,-0.1345867958066645,0.08888950500777168,0.408
2.5984160900115967,0.0,-0.7334750979294907,-0.14840243820800872,0.09756620569203434,0.408
2.608581066131592,0.0,0.0,-0.036239347056037804,0.0703543133858938,0.408
2.6187617778778076,-0.736687197021147,-1.473374394042294,-0.06462130661209096,-0.00912813383366225,0.405
2.628981351852417,0.0,0.0,-0.13496981711735007,0.01747323012892571,0.405
2.6391570568084717,-0.737049671977507,-1.474099343955014,-0.1592395741247271,0.01662991621512669,0.405
2.64945912361145,0.0,-1.4560185142328164,-0.18918669785256162,0.060489467370611484,0.405
2.6596333980560303,-1.4743066035525143,-2.9486132071050286,-0.22674561662104714,0.10985279270511758,0.405
2.6697988510131836,0.7377929966930131,0.0,-0.22999869822095398,0.07919469274685784,0.405
2.6799628734588623,0.0,-1.475793671272079,-0.19232143033140936,0.09075008582849176,0.408
2.6901285648345947,0.0,-1.4755513860875276,-0.13240053929424037,0.13761761644377424,0.408
2.70033597946167,0.0,-2.9390400112115476,-0.15905133021044365,0.00925410170529739,0.408
2.7105512619018555,0.0,-2.2025822713905616,-0.15843368600725422,0.02412103482620721,0.408
2.7207207679748535,0.0,-2.2124968349978897,-0.15011284978471184,-0.031655172525709346,0.408
2.730886697769165,0.0,0.0,-0.08188552160659213,0.039483930816080384,0.408
2.741056442260742,0.7374816551400774,-0.7374816551400774,-0.08425009666909195,0.019959103009088083,0.408
2.7512199878692627,0.7379314551127166,-1.4758629102254333,-0.12774042734103216,0.15943368627974513,0.408
2.761477470397949,0.0,0.0,-0.15142234477133248,0.10451167239276725,0.408
2.7716400623321533,0.0,-2.21400211143695,-0.267752503369469,0.11553005433087643,0.408
2.781801462173462,0.0,-0.7380872829657438,-0.17989497569700524,0.07012013584596126,0.411
2.7919766902923584,-0.7370842120061858,-1.4741684240123716,-0.23946002096571634,0.08967985851243888,0.411
2.8021512031555176,-0.7371360281195078,-0.7371360281195078,-0.18094188312496787,0.083963964085748,0.411
2.8123347759246826,0.0,-1.4729604570037225,-0.20887628101628347,0.02519620766023537,0.411
2.8225510120391846,0.0,-0.7341255542590431,-0.1686397674608303,0.06403820414942313,0.404
2.8327114582061768,0.0,-1.4763131218321757,-0.19527596910224468,0.1348187716508258,0.404
2.842886447906494,0.0,-1.4742029664690581,-0.18633732584124232,0.030548206735214748,0.404
2.8530492782592773,1.4759667808379862,-1.4759667808379862,-0.12634215598621104,0.02535837885250814,0.404
2.8632118701934814,-0.7380007038123166,-1.4760014076246333,-0.17286344774058546,0.005566545966705156,0.404
2.8734614849090576,0.0,-0.7317348220516399,-0.14646441569307656,0.02091912800243392,0.41
2.8836467266082764,0.0,-2.9454382022471908,-0.14588975127028872,0.0836597339537869,0.41
2.893857955932617,0.0,-1.4689710243059608,-0.1731084807118682,0.08275414486527924,0.41
2.904047966003418,0.7360149742629855,-2.2080449227889565,-0.2042799351168749,0.14608693130594358,0.41
2.914217948913574,0.0,-1.4749287321830458,-0.13708179100849296,0.01101589313768133,0.405
2.924517869949341,-0.7281609222008749,-2.9126436888034997,-0.16346861449187544,0.10302627328288774,0.405
2.934680223464966,0.0,0.0,-0.08721771717614055,0.12496567139346333,0.405
2.9448471069335938,0.7376891869708979,-1.4753783739417958,-0.08480474068009419,0.010996410440535294,0.405
2.955007553100586,0.0,-1.4763131218321757,-0.17162999531326145,-0.007230272299560463,0.405
2.965169906616211,0.0,-1.476036036036036,-0.2120542266090431,0.11764392846540397,0.405
2.975456714630127,0.0,0.0,-0.1603891292931858,0.06324222443214891,0.407
2.985670566558838,0.0,-2.202890756302521,-0.12976899530348907,0.11924649914247434,0.407
2.995842695236206,0.0,-0.7373088011250439,-0.10922778443691666,0.025925526135133346,0.407
3.0060088634490967,0.0,0.0,-0.14959932059535164,0.07946952726752239,0.407
3.0161759853363037,0.0,-2.2130156645718038,-0.1621980314611587,0.013986039255688736,0.405
3.0263583660125732,0.0,-0.7365664512503511,-0.275689277290166,-0.010371825219847133,0.405
3.036562442779541,0.0,-2.9400014019019136,-0.2609341264859825,-0.021665396535732455,0.405
3.046739339828491,0.0,-1.4739266721330677,-0.18426297308484374,0.09516954006628017,0.405
3.0569136142730713,0.7371533017762572,-1.4743066035525143,-0.17349468882867386,0.03351982661013989,0.405
3.0672359466552734,0.0,-0.7265799745929091,-0.14419146299740068,-0.03641041645199485,0.405
3.077611207962036,0.7228733598363858,-2.1686200795091573,-0.27741186216257135,0.02877291266764495,0.404
3.0878000259399414,0.0,-2.208303264303264,-0.20395016575844502,0.09299750131959086,0.404
3.0979816913604736,-0.7366181945907972,-2.946472778363189,-0.1607925408341923,0.06093940815376933,0.404
3.1081480979919434,0.0,-1.475447573931193,-0.14427555061790304,-0.11577333403425205,0.404
3.1183416843414307,0.0,-3.6787837679803532,-0.19864689612996178,-0.057021815729998246,0.401
3.1285274028778076,0.0,-1.4726501568278638,-0.16684914345861826,-0.0909511042603541,0.401
3.138796329498291,0.0,-2.1910761301107473,-0.24107082661457102,-0.05775081474266281,0.401
3.149014949798584,0.7339542697153523,-1.4679085394307045,-0.18369872251060376,0.05584887286498051,0.401
3.159215211868286,1.4705504522824486,-2.2058256784236727,-0.11700688194402226,0.02220199580105123,0.401
3.169440269470215,0.0,-0.7334922004336978,-0.13999830149604764,-0.059409456242070835,0.401
3.179605722427368,0.0,-2.9511719867720525,-0.18692016652897114,-0.01932549102643007,0.393
3.1897685527801514,0.0,-0.7379833904189931,-0.17000252965708268,-0.014892074663508956,0.393
3.1999430656433105,0.0,-2.2114080843585238,-0.14447147855286194,0.022531160814182404,0.393
3.2101094722747803,0.0,0.0,-0.16697133849530332,-0.12278562281487254,0.393
3.2202975749969482,0.0,-2.9446110643077787,-0.19344703436449842,-0.07111776388121223,0.388
3.2304632663726807,0.0,-1.4755513860875276,-0.2481727592921958,0.058635346463458346,0.388
3.240664482116699,0.0,-2.205619463855844,-0.21323598397055238,0.017595864030453063,0.388
3.2508420944213867,0.0,-1.4738230884557721,-0.19023884787049478,-0.038583158543084,0.388
3.261005163192749,0.73796607783799,-1.47593215567598,-0.246432693538805,-0.019773004743322574,0.388
3.271172285079956,0.0,-2.2130156645718038,-0.20484515877332654,0.02093686865573251,0.388
3.281696319580078,0.7126544482453954,-2.1379633447361863,-0.16398535615048104,-0.06388812993150336,0.385
3.2918684482574463,0.0,-2.9492352045001757,-0.18149889266081976,0.006902042575075991,0.385
3.3020405769348145,0.0,-2.2119264033751316,-0.1783867052720377,-0.04976167162481872,0.385
3.3122074604034424,0.0,-3.6884459348544896,-0.21304346757615691,-0.06953653949177183,0.385
3.322557210922241,0.0,-2.898620594333103,-0.1915055195311373,-0.041323985500532005,0.381
3.3327622413635254,1.4698633273368689,-2.2047949910053033,-0.09196285150424624,-0.08173345149954613,0.381
3.342923641204834,0.0,-1.4761745659314875,-0.09196285150424624,-0.08173345149954613,0.381
3.3530890941619873,2.2133789900790393,-2.2133789900790393,-0.10811412767069117,0.0961415647136551,0.381
3.363252878189087,0.0,-0.7379141449683322,-0.10811412767069117,0.0961415647136551,0.381
3.373431921005249,0.0,-0.7368079823862838,-0.1707556109748951,0.005030613960637694,0.383
3.383634090423584,0.0,-2.940551050454535,-0.14873057242945895,0.014159515045476107,0.383
3.393807888031006,0.0,-1.4743757030371203,-0.136488809718405,-0.11455010437542405,0.383
3.404024839401245,0.0,-2.2022224815065456,-0.15820455965498925,-0.01775017685697363,0.383
3.4142022132873535,0.0,-1.47385761473048,-0.10964396783490395,-0.12447687027997836,0.385
3.4243850708007812,1.4730639194568016,-2.946127838913603,-0.1081762737946189,-0.07359970569844089,0.385
3.4346444606781006,0.0,-1.4620752480769676,-0.14940633922869512,-0.024664980009714503,0.385
3.444808006286621,0.0,-2.9517258204508665,-0.1623478922866634,-0.08484216057727738,0.385
3.4549875259399414,0.0,-0.7367734682405845,-0.168731793503931,-0.04271080240096698,0.385
3.4651527404785156,1.4756206023079088,-2.9512412046158176,-0.20977316543761748,0.04305705195684722,0.385
3.4753332138061523,0.736704449648712,-1.473408899297424,-0.1245977446179366,0.04634474765343081,0.387
3.4856836795806885,0.0,-2.8984202888535693,-0.09170484505164962,-0.028036352126928732,0.387
3.4959559440612793,0.0,-2.9204855518161774,-0.18807072758737559,0.04106030451140428,0.387
3.506129503250122,0.0,-4.423230765625366,-0.20596252241784702,0.04495328921338131,0.387
3.5163180828094482,0.7361183132868442,-0.7361183132868442,-0.10663247209119468,-0.058021826260055295,0.392
3.526482343673706,0.0,-2.2136385813473445,-0.00595842188454386,-0.058020318605209516,0.392
3.5366415977478027,0.7382431766445284,-2.9529727065781137,-0.029380676118491513,0.09455005488042373,0.392
3.5467984676361084,0.0,-2.9536658763878783,-0.012354809975045698,0.12531603546454023,0.392
3.5569605827331543,0.0,-5.1662473312530794,0.026511432103662476,0.031946577674106864,0.392
3.567117691040039,0.0,-2.9535965447631565,0.06376576577171542,-0.04239031529153889,0.392
3.577301263809204,0.0,-7.364802285018612,-0.017346673084142533,-0.024205384557228475,0.399
3.58746337890625,0.7380353330361542,-2.952141332144617,0.13777598945732222,-0.03663834219552631,0.399
3.597642183303833,1.4736504813435458,-6.631427166045956,0.23192609043461226,0.08441704873593678,0.399
3.6078100204467773,0.0,-2.950479986868947,0.44622163488182987,0.0532222922163343,0.399
3.617976427078247,1.475447573931193,-6.6395140826903685,0.41688132298916936,0.03837116690837916,0.408
3.6281752586364746,1.4707567150571568,-2.2061350725857354,0.46116620492416355,0.07906545145523029,0.408
3.6384453773498535,0.7302739344414523,-5.842191475531618,0.4317311889582403,0.01924270878806876,0.408
3.6486377716064453,0.7358428070175438,-1.4716856140350876,0.5241700770004243,0.03170050982731422,0.408
3.6588380336761475,0.7352752261412243,-4.411651356847345,0.532157136246173,0.04913084926477979,0.408
3.6690008640289307,0.0,-1.4759667808379862,0.5873377929916522,0.022801468090218657,0.408
3.679157018661499,0.7384684726982487,-2.9538738907929947,0.6673521244063589,0.027140562224065495,0.412
3.689364433288574,0.7347600028028869,-0.7347600028028869,0.6921443771370306,0.0656595058553672,0.412
3.6995558738708496,0.0,-2.943646656997146,0.7090548048983013,0.0926308046059063,0.412
3.7097179889678955,0.0,-0.7380353330361542,0.7796600141009044,0.03402398472016187,0.412
3.719872236251831,0.0,-2.9544287391406434,0.7757019667439192,0.05681264972033051,0.419
3.7300291061401367,0.0,0.0,0.746710597140041,0.0005695389281094587,0.419
3.7401809692382812,0.7387806481916392,-2.2163419445749177,0.7410751250342711,-0.004456245103153053,0.419
3.7503533363342285,0.0,-1.4745830403600055,0.7797939452790671,0.022350886007485717,0.419
3.760510206222534,0.7384164690969696,-1.4768329381939391,0.7461453548938051,-0.02324965903917941,0.419
3.7706587314605713,0.7390236338862002,0.0,0.7592410601661905,-0.0791143599777801,0.419
3.7808055877685547,0.7391451866820179,-0.7391451866820179,0.7373111309042939,-0.03159391152253861,0.414
3.7909560203552246,0.0,-1.4777695306994878,0.7284327412317942,0.10202840285866552,0.414
3.8011207580566406,0.0,-0.7378449125111413,0.6902756367309381,0.06683132371433735,0.414
3.811274528503418,0.0,0.0,0.6997463295173741,-0.06876155331128833,0.414
3.821455478668213,0.0,-0.7366699452016299,0.7034184508579174,-0.025226908104273464,0.417
3.831606388092041,1.4777001127395715,0.0,0.6746055551180868,0.061740012786560904,0.417
3.841752767562866,0.0,0.0,0.7732101896532247,0.01957206233326402,0.417
3.8519139289855957,0.0,0.0,0.7398261983867418,0.04152766465594154,0.417
3.8620612621307373,0.0,0.0,0.7559629082259739,0.028823685650692633,0.417
3.8722143173217773,0.738693906305037,0.0,0.7170838860716632,0.02818231524990462,0.417
3.8823766708374023,0.738018018018018,0.738018018018018,0.6202288952286401,0.014711937858875992,0.413
3.8926026821136475,0.0,0.7334237952017906,0.6627187989409453,0.03966708930573449,0.413
3.9028236865997314,0.7337830650804759,0.0,0.6402604882040355,0.0023360578803848717,0.413
3.912972927093506,0.7389715520684066,0.7389715520684066,0.5480099644839987,-0.05835028880392622,0.413
3.9231154918670654,0.739457934698291,0.739457934698291,0.5929031969023137,0.06984433586803,0.407
3.933258056640625,0.739457934698291,0.0,0.5869942458274068,0.1140525908948277,0.407
3.943427085876465,0.7375335271499578,1.4750670542999156,0.546339499673873,0.06371353955463048,0.407
3.953582286834717,0.0,0.7385378222284829,0.47175963748939465,0.02397369443221612,0.407
3.963723659515381,0.0,0.7395448561218733,0.5027676226524381,0.03479427611734937,0.407
3.973874807357788,1.4776654062052281,1.4776654062052281,0.4518382370556704,0.06271207434162587,0.403
3.984018564224243,0.0,0.0,0.4755287955771859,0.058027669659293894,0.403
3.9941647052764893,0.0,0.0,0.4683399690030709,0.0021019912131574336,0.403
4.004314661026001,0.7389194775909048,0.7389194775909048,0.3540987225285811,0.07068337884785979,0.403
4.014485597610474,0.7373952180028129,0.7373952180028129,0.3604709747782233,0.07456768270079092,0.397
4.024643898010254,0.7383124838641537,1.4766249677283074,0.33074751807760516,0.051892050055477625,0.397
4.0347864627838135,0.739457934698291,0.0,0.30692889607273294,0.10138336513353424,0.397
4.044933080673218,0.7391625546313266,0.0,0.4035205683413827,0.02458076168341984,0.397
4.055101156234741,0.737602701181767,2.212808103545301,0.2974330907123925,0.059462711352554744,0.397
4.065256834030151,0.0,0.7385031458352896,0.26745471708611057,0.06119892683825924,0.397
4.075589418411255,0.7258590613318565,0.7258590613318565,0.2505141102057375,0.05271619034301012,0.391
4.085764169692993,0.0,0.7371187552722842,0.2629033990409131,0.10472824478313392,0.391
4.095926761627197,0.0,0.0,0.17829682036338462,0.025161316750772253,0.391
4.106078863143921,0.0,0.0,0.12454139386631362,0.06113418616041107,0.391
4.1163201332092285,0.0,0.7323310441159353,0.22000353613718887,0.07140513291880737,0.391
4.126600742340088,0.0,0.0,0.10862005948274522,0.08598409059624272,0.391
4.136751651763916,0.0,0.7388500563697857,0.07928856843664674,0.08902341129458849,0.391
4.146939754486084,0.0,0.7361527660769447,0.018711201813248455,0.10561394990803012,0.391
4.157146692276001,0.7347943285604167,0.7347943285604167,0.05627427600631034,0.07440301116681267,0.391
4.167413949966431,0.7304774289429686,0.7304774289429686,0.029958207155271636,0.07234309023631127,0.391
4.177602291107178,0.0,0.0,0.034591650283980035,0.1747611093083415,0.384
4.1877665519714355,0.0,0.0,0.03001636173855639,0.05324330115810637,0.384
4.197924613952637,0.0,0.7383298127024363,0.013601896790584496,0.1539704505006817,0.384
4.208087205886841,0.0,0.0,-0.024589506381792962,0.04585461460577617,0.384
4.218232870101929,0.7392320345913428,0.0,0.01304899124611377,0.10652970016120251,0.384
4.228403091430664,0.7374470778535762,0.7374470778535762,-0.019315052344561517,0.09797898356973289,0.384
4.238567590713501,0.0,0.0,-0.030619144660935932,0.06913261280838415,0.384
4.2487099170684814,0.0,0.0,-0.007030171413893324,0.03221907173172099,0.384
4.258864164352417,0.0,0.0,0.03185816269455228,0.030171908456036345,0.384
4.2690064907073975,0.0,-0.739475317348378,-0.00603223270451924,0.034316736457117136,0.384
4.279157876968384,0.0,0.0,0.0017134634946374197,0.052249446750507106,0.387
4.28941011428833,0.0,0.0,-0.08877667998443083,-0.00932560484958847,0.387
4.299580097198486,0.0,0.0,-0.03922844098467705,0.16494557314829422,0.387
4.3097264766693115,0.0,0.0,-0.025784772901570593,0.11252697107141514,0.387
4.31986927986145,0.0,0.0,-0.03829994513559573,0.0705231599652885,0.39
4.3300087451934814,0.0,-0.7396839729119639,-0.08650484141783828,0.12929617120259423,0.39
4.340148448944092,0.0,0.0,-0.07722176612513208,0.08811004311351782,0.39
4.350288152694702,-0.7396665804509863,-0.7396665804509863,-0.06467365013162435,0.1255442415442134,0.39
4.360451936721802,0.0,-0.7379141449683322,-0.03624410410146141,0.08316031487052333,0.39
4.370591640472412,0.0,0.0,-0.07580249840440559,0.049293527517892975,0.39
4.380738258361816,-1.4783251092626533,-0.7391625546313266,-0.10904344531514111,-0.029653399513911702,0.396
4.390894889831543,0.0,-0.7384338028169014,-0.08456095208234268,-0.04206801192592631,0.396
4.401055812835693,0.0,0.0,-0.06142906756284598,0.018045869321480397,0.396
4.41126275062561,0.0,0.0,-0.06034488322139555,-0.030158021921459527,0.396
4.421447277069092,-0.7364112648360137,0.0,-0.001954115659649147,0.0011962950240081566,0.396
4.4316182136535645,0.0,0.0,0.008212984032851617,-0.016357939444448667,0.396
4.441766977310181,-1.4780125449291703,-1.4780125449291703,-0.04685599660020061,0.08832479718670166,0.396
4.451928615570068,2.2142098965298795,0.7380699655099598,-0.030603798013449146,0.07207457850130045,0.396
4.4620749950408936,4.435079540381135,0.0,-0.042119922143541766,-0.009596111294253567,0.396
4.472226858139038,-6.649025833724754,-6.649025833724754,-0.04480141776074718,-0.009043134401414438,0.396
4.482407569885254,0.0,0.0,0.0003393781780975519,-0.06200926383021625,0.403
4.4925782680511475,-0.7374125038092783,-1.4748250076185565,-0.001740004672966186,-0.08104513148328624,0.403
4.502740859985352,0.0,-0.7380007038123166,-0.02383585953582747,0.02562497717207847,0.403
4.512887477874756,0.0,-0.7391625546313266,0.03945131083503809,-0.08233513360827675,0.403
4.523031949996948,-0.7393189029119368,-0.7393189029119368,-0.04019361296382273,-0.053926179312654525,0.406
4.533177375793457,-0.7392494066223297,-0.7392494066223297,-0.08469925751456855,-0.008927335289019617,0.406
4.54332160949707,-0.7393362790260412,-1.4786725580520823,0.04439601320367523,0.008487665534195589,0.406
4.553488254547119,0.0,0.0,0.06558338129075071,-0.07828146414852706,0.406
4.563633680343628,0.0,0.0,-0.04269417180857562,-0.013695959500854064,0.406
4.573777198791504,0.0,-2.957553649077447,0.017026761825755507,0.022717859393685345,0.409
4.583938360214233,0.0,0.0,0.08971364183964925,-0.07274649552064377,0.409
4.5940961837768555,-0.7383471423541837,-1.4766942847083675,0.05718634160397283,0.0244249820453566,0.409
4.604259252548218,0.0,-1.47593215567598,0.05448732623088122,-0.017687584744385275,0.409
4.614434719085693,0.0,0.0,0.12223447950259474,0.01707689335617983,0.411
4.624815940856934,0.0,-0.7224583161085848,0.12364502310051212,-0.07860276402351508,0.411
4.635013103485107,0.0,-0.7354987140519055,0.07080485562139172,-0.08096272353282817,0.411
4.645171165466309,-1.4766596254048725,-0.7383298127024363,-0.006710029343991425,-0.07317551296196469,0.411
4.655422210693359,0.7316327100195367,-0.7316327100195367,0.06328056147781141,-0.08396216455554553,0.411
4.665628433227539,0.0,-2.2045374696318443,0.16291229546713232,-0.13400946262570831,0.411
4.675817012786865,0.0,-0.7361183132868442,0.11724796740135836,-0.06843270390752439,0.41
4.685985803604126,-0.7375508194415137,0.0,0.12585882700852322,0.026649869127107026,0.41
4.696149110794067,0.7379487660692502,-2.2138462982077507,0.16378912240662422,-0.009958192610391402,0.41
4.706319808959961,0.0,-1.4748250076185565,0.1966032593209868,-0.11587102415271437,0.41
4.716494083404541,0.0,-0.7371533017762572,0.15230028491554506,-0.10245264023143517,0.41
4.726648807525635,0.0,0.0,0.163379694220198,-0.03967810284728253,0.41
4.73679780960083,0.0,-0.7389889118586731,0.17893800009662217,-0.07583921695340606,0.41
4.746943950653076,0.0,0.0,0.23805824186537944,-0.11929164048581103,0.41
4.757091999053955,0.0,-0.7390583591767691,0.17709044937181545,-0.09417630095614406,0.41
4.767236232757568,0.0,0.0,0.16117568165080048,-0.06075283407546444,0.41
4.7774083614349365,1.4746176022500879,-0.7373088011250439,0.17880006651965955,-0.027881760976710062,0.408
4.7875730991363525,0.0,0.0,0.22088847537286205,-0.08088370280142886,0.408
4.797730207443237,0.0,0.0,0.23109691874381577,-0.10627119414509167,0.408
4.807888031005859,0.0,0.0,0.1776874953535569,-0.06320331191600756,0.408
4.818053245544434,0.7378103011539544,0.0,0.24451636998515852,-0.013821414353298957,0.409
4.828201770782471,0.0,0.0,0.20576556706457322,-0.13380490727574187,0.409
4.838360786437988,0.7382605022295236,-1.476521004459047,0.17366845838357145,-0.09913265172757074,0.409
4.848576784133911,0.0,0.734142687110551,0.23134446878121848,0.037107948174459074,0.409
4.858734607696533,1.4766942847083675,0.0,0.22785915489978875,-0.019912624220913888,0.409
4.868880271911621,-1.4784640691826856,0.7392320345913428,0.21452237388766698,0.05701033549428285,0.409
4.879034042358398,0.0,0.0,0.23643005443793905,-0.03217407099953826,0.406
4.889198303222656,0.7378795271157815,-0.7378795271157815,0.243865439875384,-0.07925620308970995,0.406
4.899413347244263,0.734211226514179,-0.734211226514179,0.22366657804458528,0.027087646751162108,0.406
4.909612417221069,1.4707223339099535,0.7353611669549768,0.2523910693524255,0.03187505767099173,0.406
4.9198222160339355,-2.203765266328842,2.938353688438456,0.25505463446235543,-0.050006776755188276,0.402
4.929975986480713,2.2159256128486895,-8.125060580445195,0.10394754901178006,0.038758856100655895,0.402
4.940121650695801,0.7392320345913428,0.0,0.15683290851734802,0.046304972124277616,0.402
4.9502644538879395,0.0,-0.7394405528654036,0.1844202679599125,-0.015781377194802326,0.402
4.960479736328125,0.7341940904635205,0.0,0.1873353078531499,0.005034264914045485,0.402
4.970621347427368,0.7395274702024119,0.0,0.1705145288842034,0.032835905284789406,0.402
4.980767726898193,0.0,0.0,0.1286495854654972,-0.009901522661599105,0.405
4.990924835205078,1.4767982723815782,-0.7383991361907891,0.1795165190224863,-0.08129842010085706,0.405
5.0010764598846436,0.0,0.7387979990135982,0.14395243553384013,-0.006431250228331978,0.405
5.011237621307373,0.7381046012341913,0.0,0.13274157008972512,0.06399930491287749,0.405
5.021445989608765,0.0,0.0,0.23729775501597677,0.011538169835623016,0.4
5.0316643714904785,0.0,0.0,0.1465122640032836,0.06192641862088476,0.4
5.041828155517578,0.0,0.0,0.09668993167009944,0.0704478116024411,0.4
5.051990985870361,0.7379833904189931,0.0,0.10302692363320286,0.051109242314949586,0.4
5.0621702671051025,0.0,0.0,0.13643207126279783,0.006123439201747127,0.4
5.072385787963867,1.4683539104254673,-0.7341769552127336,0.16187589590129267,0.06319494129530101,0.4
5.082622051239014,2.1980677318675177,-1.4653784879116782,0.19399144675326152,0.04966710076737349,0.403
5.0928003787994385,0.7368597596683142,0.0,0.10679503642697367,0.11168918909632006,0.403
5.102973461151123,0.0,-0.7372396822048793,0.14107847369384133,0.0025917830108542345,0.403
5.113145112991333,0.0,0.0,0.10424003290399617,0.0008675647562660233,0.401
5.123463153839111,-0.7268821776001109,0.7268821776001109,0.0769583642571291,0.12614361197510812,0.401
5.133679628372192,2.202325266621549,-0.734108422207183,0.13116040272447496,0.05101053253958822,0.401
5.143887758255005,1.4694170403587443,0.7347085201793722,0.08446567590313632,0.11607613233692227,0.401
5.154052972793579,0.0,0.0,0.15666255250593294,0.019380783149344827,0.401
5.164239406585693,0.0,-0.7362733762434172,0.11615907018636884,-0.04104876542299936,0.401
5.174471855163574,0.73296239340137,0.0,0.11732866362178085,0.05666654863457297,0.401
5.184669733047485,0.7354471278610338,0.0,0.032344588516194615,0.10633869876709251,0.401
5.1948487758636475,0.7368079823862838,0.0,0.06931867595393826,0.15676249261261546,0.401
5.205017566680908,0.0,0.0,0.10407608113061817,0.09287728450407591,0.401
5.215186834335327,0.7375162356692377,0.7375162356692377,0.10497440937041048,0.09525931506602443,0.401
5.225353956222534,0.0,-0.7376718881906013,0.07129308140289589,0.006281932843446983,0.401
5.2355358600616455,0.0,0.0,0.016303702586300407,0.17236480198079313,0.401
5.245697021484375,0.7381046012341913,0.0,0.062119003684472075,0.14456235291035205,0.401
5.255859136581421,0.7380353330361542,0.0,0.005551299152640406,0.12877954947823486,0.401
5.266035079956055,0.0,0.0,0.03510586055680853,0.09788377545672326,0.401
5.276198387145996,1.4758975321385004,0.0,0.035844311769511306,0.05435586597413532,0.402
5.2863640785217285,0.0,0.7377756930437638,0.06647525246955571,0.04226964748542375,0.402
5.296899080276489,0.0,2.1357376603978544,0.021039442627079772,0.10650432457624077,0.402
5.3070690631866455,0.0,-2.9498574643660915,0.05474270142766281,0.12194602673537994,0.402
5.3172361850738525,-0.7376718881906013,0.0,-0.026754168045713966,0.11214656618646937,0.402
5.327474117279053,5.127988635569735,-0.7325698050813907,-0.012206550480027292,0.0959029830822927,0.402
5.337693691253662,0.0,0.0,0.0007893669779507929,0.0005084713272379277,0.402
5.347898006439209,0.0,0.0,0.012429824689524773,0.06060112818412386,0.402
5.358057498931885,0.7382258518727118,-0.7382258518727118,0.0029745444093667514,0.091309953246653,0.402
5.368221282958984,0.0,0.0,-0.0055029597388426416,0.11896549777323273,0.402
5.37847375869751,0.0,0.0,0.007792375376734988,0.0503583159577198,0.401
5.388681650161743,0.734725680252248,0.0,-0.06276853591961501,0.15940007492937308,0.401
5.398889064788818,0.0,-0.7347600028028869,-0.012779062151005612,0.09661426501121143,0.401
5.409052133560181,0.73796607783799,0.0,-0.03723849840306548,0.09155273092740249,0.401
5.4192211627960205,0.7375335271499578,0.0,0.008972804143773598,0.1105999315616131,0.398
5.429607629776001,0.7220934716738592,-0.7220934716738592,0.014611936581638875,0.14967155337079863,0.398
5.439820051193237,0.0,0.0,0.02690034584730028,0.11259574206065857,0.398
5.450022459030151,0.0,0.0,-0.0010719427914556538,0.10976444610508543,0.398
5.460198163986206,0.0,0.0,0.02240124928461787,0.10285370007526157,0.398
5.4703590869903564,0.7381219203153597,0.0,-0.04504325541100006,0.1329629656790558,0.398
5.480655908584595,0.0,0.0,-0.00472140266331875,0.08742305113268853,0.398
5.490822076797485,0.0,0.0,0.015053426854425386,0.12021694903634193,0.398
5.500988721847534,0.0,0.0,0.07001989200201036,0.07547539753938971,0.398
5.511157274246216,-0.7375681125439625,0.0,-0.02131396176186822,0.13389826211482547,0.398
5.521316766738892,0.7382258518727118,0.0,-0.0017078816908497711,0.04268071811061162,0.4
5.531541109085083,0.0,0.0,0.002910236523437096,0.10430983149094214,0.4
5.5417163372039795,5.896673696049486,-1.4741684240123716,0.0051775143913824415,0.10825454127467363,0.4
5.5518670082092285,0.0,0.0,0.004439895833104297,0.0920308654592451,0.4
5.562016248703003,0.7389715520684066,-0.7389715520684066,0.010902288273456646,0.09299357008926762,0.4
5.572160720825195,0.0,0.0,0.004485642745428842,0.04320470431718876,0.4
5.5823047161102295,0.0,-0.7393536559569417,-0.02253960571363949,0.05672657602546796,0.4
5.592501401901245,0.0,0.0,-0.039639857358554895,0.06809096583545884,0.4
5.602689266204834,0.7361699936814022,-0.7361699936814022,-0.020764523088263903,0.040328144765011675,0.4
5.612838983535767,0.0,0.0,-0.019766447210871632,0.06808694910245243,0.397
5.622993469238281,0.0,0.0,0.034722717616175444,0.03880376213797551,0.397
5.633189916610718,0.0,-0.7355503074800663,0.023393696879041342,0.03627903111333203,0.397
5.643339395523071,0.7389541930937279,0.0,0.02468249087941908,0.06579937243640319,0.397
5.653510093688965,0.0,0.0,0.037804428379904595,0.07892407644148011,0.397
5.6636881828308105,0.0,0.0,0.06961980875560772,0.12891810497364004,0.397
5.673888206481934,0.7352924126969286,0.0,0.03172229568529066,0.11319852785143832,0.401
5.684092998504639,0.0,0.0,0.03847167654619643,0.07271141269198692,0.401
5.6942808628082275,0.0,-6.625529943132621,0.0008956536576317925,0.14087323960756284,0.401
5.704514265060425,0.0,-0.7328940869484181,0.009898888036484777,0.11523838074484928,0.401
5.71468186378479,0.0,0.0,0.049971676216227064,0.15368528175008184,0.397
5.72482967376709,0.0,0.0,0.029376003446892732,0.1476215164925981,0.397
5.734971761703491,-1.478985401631444,0.0,0.02256278567262294,0.09218495200611034,0.397
5.745112419128418,0.0,-0.7395970187854136,0.04093860343880368,0.03252363957317986,0.397
5.75525426864624,0.0,-0.7395100851003809,0.04568253385983516,0.0395123982639862,0.397
5.7654194831848145,0.0,0.0,0.06752389761787529,0.05106783966563548,0.397
5.775629758834839,0.0,-1.46910823117338,0.13324643608300302,0.0608245241828739,0.395
5.785789728164673,0.0,0.0,0.09386090398080854,0.10318749398311311,0.395
5.795950174331665,0.0,0.0,0.12745719875263567,0.1677243558757928,0.395
5.806114673614502,0.0,0.0,0.08674441683659641,0.1303191527417615,0.395
5.816284418106079,0.0,0.0,0.06331075598138264,0.15861911189082428,0.398
5.826482057571411,-0.7354643224539418,-0.7354643224539418,0.08159260101290769,0.10544517059566587,0.398
5.836666107177734,0.0,0.0,0.09953661254121957,0.04292436142824521,0.398
5.846827507019043,0.0,0.0,0.0646185320994198,0.04660039356774043,0.398
5.856994867324829,0.0,0.0,0.07810965039096475,-0.009504109192774127,0.398
5.8671722412109375,4.42157284419144,-3.6846440368262,0.0783798414736273,0.03863425654685959,0.398
5.877339124679565,0.0,0.0,0.14509974808156,0.06821591751351373,0.398
5.887815475463867,-3.5794906806854643,-2.8635925445483714,0.09221951371188622,0.07273322033608115,0.398
5.897982120513916,0.0,0.0,0.12845882767838884,0.026186237909256026,0.398
5.9081456661224365,-0.7379314551127166,0.0,0.11864640150160001,-0.028340132293336373,0.398
5.918309688568115,-0.7378968356360395,0.0,0.14740598543592437,-0.009699774836932538,0.397
5.928478002548218,0.0,-0.7375854064573613,0.1348722846722558,-0.045360902911097796,0.397
5.938711166381836,0.0,0.0,0.12351855883783575,-0.0037549177639854756,0.397
5.948875188827515,-1.475793671272079,-0.7378968356360395,0.1065907128982326,-0.02931993179314394,0.397
5.959039926528931,0.0,0.7378449125111413,0.15435787554253272,-0.0017421863664339662,0.397
5.969207286834717,0.0,-0.7376545902215969,0.164077892198431,0.05081613459800888,0.397
5.979371547698975,0.0,-0.7378795271157815,0.19205972779634828,0.052098086809411026,0.397
5.989645957946777,0.0,-0.7299689051840164,0.17949727386015624,0.08566175686913123,0.397
5.999886989593506,-0.7323480933091213,0.0,0.19183106773958541,0.06856558489170585,0.397
6.0100414752960205,0.0,0.7385898429245615,0.182712382321746,0.04271397896644021,0.397
6.0201942920684814,0.0,0.0,0.19224049641576224,0.003535184593825777,0.398
6.030341386795044,-0.7391278195488722,0.0,0.24498097043940437,-0.07129949183066306,0.398
6.04050874710083,0.0,0.0,0.19148313167269165,0.006257820367859601,0.398
6.050673961639404,-1.4756206023079088,-0.7378103011539544,0.1982099366773941,0.01740652689635276,0.398
6.061394214630127,0.6996103549506272,0.6996103549506272,0.1449513890140759,0.09310262361007819,0.398
6.071696043014526,0.7280261056724293,-1.4560522113448586,0.19960641666431428,0.04101030645900107,0.398
6.081860065460205,0.0,1.475793671272079,0.24980960331465024,0.006330173791947245,0.399
6.092010259628296,0.0,0.0,0.18465646497226706,-0.03171841609406173,0.399
6.102165460586548,0.7385378222284829,-0.7385378222284829,0.18945368337108362,-0.0295345568711049,0.399
6.112332582473755,0.0,-0.7376718881906013,0.15775470732650343,-0.03860927737075357,0.399
6.12261176109314,1.4592605650136845,-1.4592605650136845,0.16728837180514455,-0.011833043646863073,0.398
6.132765769958496,-0.7386245274601423,0.7386245274601423,0.14483521266609473,0.008056891448191855,0.398
6.142925977706909,-0.738173882435762,0.0,0.12983914827130838,-0.006546075106528202,0.398
6.153069972991943,0.0,0.7393536559569417,0.20808764766286475,0.023987885187798017,0.398
6.163218259811401,1.4780819922471513,-1.4780819922471513,0.19754897503175478,-0.046055850916260285,0.398
6.1733927726745605,2.9485441124780314,-5.897088224956063,0.13350250858074975,0.00021719926411546903,0.397
6.1836559772491455,0.0,0.0,0.1850932926980608,-0.07568152705499087,0.397
6.193858861923218,1.470172454082348,0.735086227041174,0.12041232423730289,-0.006545780831835339,0.397
6.204049587249756,0.0,0.0,0.1682390356643652,-0.07745667516258149,0.397
6.214199542999268,0.0,0.7389194775909048,0.21893824548795976,-0.03634743462759759,0.4
6.224345922470093,0.0,0.0,0.15292837240183466,0.050375464728391474,0.4
6.234513521194458,0.0,0.7376372930638277,0.10487248813875603,-0.004608266052148044,0.4
6.244688272476196,-2.2113562658168524,0.0,0.181943636349771,0.055527582475818904,0.4
6.2548394203186035,-1.4776654062052281,0.0,0.2148366769685809,0.0992033381486937,0.4
6.264991760253906,2.216237846977596,0.0,0.15343542414909644,0.05425603570085147,0.4
6.275156736373901,-3.689138032133224,0.0,0.19695062995205864,0.0027449320523800433,0.4
6.285308837890625,0.0,0.0,0.21555456296941564,-0.04074783787990744,0.4
6.295502185821533,0.0,0.0,0.17610442438671142,0.13945141904210276,0.4
6.3056769371032715,-1.4742375105445684,0.0,0.18303341104362592,0.14319575295515258,0.4
6.315829277038574,0.738745948992532,0.738745948992532,0.1541130370129371,0.06536339972699781,0.403
6.325993061065674,1.4758282899366644,0.0,0.16996387929567103,0.04525898683941089,0.403
6.3361427783966064,-0.7389368349345798,0.7389368349345798,0.20488721146887046,-0.01998095335588876,0.403
6.346290826797485,0.7390583591767691,-0.7390583591767691,0.15000101484512363,0.026848475193721598,0.403
6.35650372505188,-0.7343654869735736,1.4687309739471472,0.16876671514536046,-0.07691383592121642,0.403
6.366672039031982,0.7375854064573613,0.0,0.12207181805269052,-0.04143754873817582,0.403
6.376821994781494,0.0,0.7389194775909048,0.1561812755580875,-0.007335074276935798,0.402
6.38696813583374,19.219129617445248,-1.4783945859573269,0.1713053897113862,-0.052412086877839305,0.402
6.397116422653198,0.0,0.0,0.08735677514163895,-0.07199202712420323,0.402
6.4072651863098145,0.7390062724645852,0.0,0.07896062084800927,-0.0055903551970345605,0.402
6.417412281036377,0.0,0.0,0.1278206891401906,-0.08231934036219514,0.402
6.427666664123535,0.0,0.0,0.053809965472408954,-0.06291174468028578,0.402
6.437830209732056,0.0,1.4758629102254333,0.03329110608923015,-0.021058059960096114,0.402
6.4480366706848145,0.7348286575252867,0.7348286575252867,0.14415309083450492,0.031602315172443926,0.402
6.458188772201538,0.0,0.0,0.12640866302891882,0.04983429181026654,0.402
6.4683287143707275,0.0,0.7396491888079003,0.12438262263593675,0.10288429736872762,0.402
6.478486061096191,0.7383818040983029,0.0,0.05715094900278501,0.12257710255164694,0.403
6.488656759262085,0.0,0.0,0.08335908424204608,0.15028358681409182,0.403
6.498802185058594,-2.2177482198669893,0.0,0.10570943524159138,0.1328610674328662,0.403
6.508945941925049,0.739371033704696,0.0,0.03307125094410968,0.18396041489709034,0.403
6.519091606140137,-0.7392320345913428,0.7392320345913428,0.15657988846810708,0.10640196102211258,0.403
6.529239177703857,-2.956372350923359,0.0,0.08496589004846483,0.0991034014728831,0.403
6.539388656616211,0.0,1.4779083861874558,0.08958939442199332,0.1718315456318054,0.403
6.549558877944946,0.0,-1.4748941557071524,0.11946848116559546,0.23170560966631343,0.403
6.5597264766693115,0.0,2.950549172255311,0.08130944696062317,0.2533972573564619,0.403
6.56988525390625,0.0,-2.214833485883264,0.046473785153445434,0.16894593457039656,0.403
6.5800440311431885,5.167944800394283,-2.214833485883264,0.0466292889195248,0.16724585890160606,0.406
6.5902063846588135,1.476036036036036,1.476036036036036,0.009588780802121256,0.1957386079134253,0.406
6.60037088394165,-15.495106607557526,5.165035535852509,0.03195646491962707,0.10935337777972874,0.406
6.6105637550354,0.0,0.0,0.06549723314462522,0.1218283898432135,0.406
6.620733737945557,0.7374643660915229,0.7374643660915229,0.08780561137483292,0.11289142563497144,0.403
6.630945682525635,0.7344340679865521,0.0,0.004345013919122918,0.1313930415978358,0.403
6.641111612319946,-5.164308731443045,1.4755167804122986,-0.000564789748083723,0.20239754729628656,0.403
6.6512696743011475,-0.7383298127024363,0.0,-0.041994651949059436,0.10457814695099289,0.403
6.6614274978637695,0.0,0.0,-0.003309288595050676,0.0487964071723454,0.403
6.671587944030762,-0.7381565609160878,0.0,0.076731391039096,0.06202685841630627,0.403
6.681767463684082,-2.947093872962338,0.0,0.07082321094793917,-0.005573625735420015,0.403
6.691964864730835,-1.4709630357017605,0.7354815178508802,0.01946082311607529,-0.037005705672177314,0.403
6.702168226242065,-1.470103748013833,0.0,0.05073629488285597,0.03239062894220666,0.403
6.712364435195923,-0.7355675068980031,0.0,0.06345452091408701,-0.01773976518709037,0.403
6.722577095031738,-2.9375305241041203,0.0,-0.03927051859650528,0.03423833492562783,0.399
6.732744455337524,0.0,0.0,0.04300211380448901,-0.12043322194354,0.399
6.742908716201782,0.0,0.0,0.014907833811453164,-0.00029365610014043045,0.399
6.753068208694458,-2.9529034074908473,0.7382258518727118,-0.022063967866673383,-0.04634001811532425,0.399
6.763226747512817,-0.738295155839279,-0.738295155839279,-0.08229198540658261,-0.029988166807858287,0.399
6.773387670516968,0.0,0.0,-0.03709455818790717,-0.021319197241252683,0.407
6.783536672592163,-3.694944559293366,0.0,0.002930990055583879,-0.03286372224040711,0.407
6.793698072433472,-2.214261848897231,0.7380872829657438,0.013337137564955054,-0.057053541484428094,0.407
6.8038554191589355,-0.7383818040983029,0.0,0.021248119809763433,-0.14431656937499393,0.407
6.814012289047241,0.0,-0.7384164690969696,0.010430699646256938,-0.18690859861680048,0.396
6.824173927307129,-0.7380699655099598,0.0,-0.002774966116953284,-0.1363583766489059,0.396
6.834336996078491,-3.6898303891899498,0.0,0.02212892662523766,-0.22006878715467545,0.396
6.844519138336182,-0.7365836982227738,0.7365836982227738,-0.019455984814193847,-0.17003687170797885,0.396
6.854707956314087,-2.9444043524043524,1.4722021762021762,0.04972284965774139,-0.27211020891732896,0.396
6.864863395690918,-0.7385204836248386,0.0,0.024615996128061333,-0.2580435909920075,0.396
6.87501859664917,0.0,-0.7385378222284829,0.009772295057938182,-0.19878000536028004,0.395
6.885189056396484,-1.4748595808523606,0.0,0.009643735171998784,-0.10526091251773198,0.395
6.895350933074951,0.0,0.0,0.05799461188685014,-0.1692741954959947,0.395
6.9055657386779785,-0.7342283633647652,0.0,-0.023936487362777353,-0.23609282460237507,0.395
6.915722608566284,0.0,0.0,0.013017067543673273,-0.26953671977918625,0.397
6.92587947845459,-4.430498814581817,1.4768329381939391,0.02514400980092977,-0.31044321835709826,0.397
6.936039924621582,0.0,-0.7381565609160878,0.030551494056863575,-0.2759446047446873,0.397
6.946216583251953,-0.7369806016305875,0.0,0.09613853930679152,-0.2935082342804526,0.397
6.9564292430877686,-0.7343826310260301,0.0,0.02001065526219222,-0.2753095809964434,0.397
6.966706275939941,-1.4595652476510845,-0.7297826238255423,0.0477917657611537,-0.1983933851524531,0.397
6.976876974105835,-0.7374125038092783,0.0,0.08196943564334337,-0.25309275132261894,0.392
6.987041234970093,-0.7378795271157815,0.0,0.062662495752596,-0.21877092455512714,0.392
6.997210741043091,0.0,-0.7374989449992967,0.019599426620209248,-0.22061300723286242,0.392
7.0073816776275635,-0.7373952180028129,0.7373952180028129,0.06027608714760389,-0.23132193441256532,0.392
7.017637491226196,0.0,-1.4625850846196764,0.0759707250799541,-0.23526526148796692,0.398
7.027806758880615,-0.7375162356692377,-0.7375162356692377,0.015372953345168557,-0.24565806840758128,0.398
7.03796911239624,0.0,0.738018018018018,0.023336743051570078,-0.28218709436550354,0.398
7.0481343269348145,0.0,0.0,0.02567802347606587,-0.2441717391516878,0.398
7.05829644203186,0.0,-0.7380353330361542,0.07292889639578681,-0.29164306347699626,0.398
7.068472862243652,0.0,0.0,0.11130079806146115,-0.4161957240521838,0.398
7.078771352767944,-2.184786202106725,0.0,0.0567627580959572,-0.2627886189253625,0.395
7.088951110839844,-0.7367562123802609,0.0,0.05444293157149364,-0.32422354226529515,0.395
7.099119663238525,0.0,0.0,0.011517972549958006,-0.2690313288248868,0.395
7.109288454055786,-1.4751016388830274,0.0,0.07053848948848217,-0.21250405072433792,0.395
7.119460582733154,0.0,-0.7373088011250439,0.03906548690354637,-0.16322720598204296,0.396
7.129669904708862,-0.7346227318371826,-0.7346227318371826,0.1300809972168348,-0.19070018431343655,0.396
7.13984227180481,0.0,0.0,0.10006643648366247,-0.21448521926332978,0.396
7.15001654624939,0.7371533017762572,0.0,0.14740894744344918,-0.2692347903344249,0.396
7.160181999206543,0.0,-0.7377929966930131,0.13812544534650784,-0.20877345371175915,0.396
7.170344591140747,0.0,-0.7380007038123166,-0.001509827542669949,-0.21185679222870038,0.396
7.180630683898926,0.0,-0.729139837285307,0.07548187975853243,-0.11122690568654618,0.401
7.190821886062622,0.735928880570827,0.0,0.14461373769263614,-0.171187207071859,0.401
7.201071262359619,-0.7317518434948475,-0.7317518434948475,0.06824574890468757,-0.17144600859694137,0.401
7.211291551589966,0.7338344180838406,0.0,0.06081210917228335,-0.18226149292081736,0.401
7.221469163894653,0.0,0.0,0.129878734911572,-0.19518793135525297,0.403
7.2316436767578125,0.0,0.0,0.0972652967521713,-0.1285634258926463,0.403
7.241805076599121,-0.7380872829657438,0.0,0.1009678977205587,-0.11958639082343643,0.403
7.251966714859009,0.0,0.0,0.10860276537464701,-0.10970426944652284,0.403
7.26212477684021,1.4766596254048725,0.0,0.06638415411648478,-0.07650513405362121,0.403
7.272285461425781,0.0,0.0,0.06955392526548566,-0.06392428902660696,0.403
7.282456874847412,0.7373606488209647,0.0,0.13245636002601577,-0.23595133647080085,0.405
7.292744874954224,0.7290046580612268,10.9350698709184,0.07192260482701163,-0.0737388446903458,0.405
7.302906036376953,0.0,-2.952418404936765,0.13581215372994337,-0.0731320798665023,0.405
7.313058376312256,3.6937297449626603,5.909967591940256,0.20052297005650924,-0.07540261416269062,0.409
7.323210954666138,0.0,0.0,0.06803194486296604,-0.12140151591292424,0.409
7.333366870880127,0.0,0.0,0.07112461085589378,-0.04993248231840361,0.409
7.343543291091919,0.0,0.0,0.18153999801423795,-0.010038839224531623,0.409
7.353730201721191,0.7362389121632691,1.4724778243265382,0.15212360300427452,0.04448352169161625,0.409
7.363885164260864,0.7385551616462799,0.0,0.0651814993494718,-0.022793161420160656,0.409
7.374036073684692,0.0,0.7388500563697857,0.04256410046173663,-0.0673340349022373,0.41
7.384193181991577,1.4767982723815782,0.0,0.20074083857516756,0.023596305527986097,0.41
7.394346714019775,0.0,1.4773184305069622,0.15489662721211567,0.05401553718053657,0.41
7.404607057571411,0.7309696758452422,0.0,0.08587873957393743,-0.10075161487876319,0.41
7.414780139923096,0.0,0.0,0.0026401998625481624,-0.03613051818064147,0.41
7.424931526184082,0.7388153506505707,0.0,0.03722486401537998,-0.0364491959532065,0.41
7.435085773468018,0.0,0.0,0.06588613504718498,-0.004015024029932677,0.41
7.445244789123535,0.0,0.0,0.022619622697822153,0.003065166560742936,0.41
7.455445289611816,0.0,0.0,0.028791122826308486,0.0875009773070249,0.41
7.465639591217041,0.7357051312035174,0.0,0.03261292486151002,-0.03605266683124035,0.41
7.4757912158966064,0.0,0.0,0.02987174989867214,-0.1210547866492021,0.409
7.485954999923706,0.7379141449683322,-1.4758282899366644,-0.04233850703774784,-0.03327449868345657,0.409
7.496109485626221,-1.477179685849123,0.0,-0.051155530330576814,0.003743253782196897,0.409
7.506273508071899,1.475793671272079,0.0,-0.03764055437799102,-0.04278922550173447,0.409
7.516423463821411,-1.4778389551818096,0.7389194775909048,0.006191550080171138,-0.08287305913518467,0.406
7.526614665985107,1.471857761141654,0.0,-0.08508000968615555,-0.02948174410583873,0.406
7.536766767501831,16.991555858246635,-2.955053192738545,-0.06750508004528391,0.011079420533282546,0.406
7.546916723251343,0.7389194775909048,-0.7389194775909048,-0.09679422285944524,-0.048533403344929324,0.406
7.5570666790008545,0.0,0.0,-0.13922131974560764,0.060618574912612674,0.406
7.567215204238892,0.7390236338862002,0.0,-0.09786795793963571,-0.012796775783191008,0.406
7.57736349105835,0.7390409961235757,-0.7390409961235757,-0.09721763476984133,-0.06243001676333101,0.405
7.5875513553619385,1.4723399873628045,0.0,-0.12070479378446242,0.015169807553829297,0.405
7.597718238830566,0.0,-0.7376891869708979,-0.04833326400784597,0.004706110605279791,0.405
7.607880115509033,1.4761052977335647,-1.4761052977335647,-0.012746699465722558,0.05747843639015341,0.405
7.618035078048706,0.7385551616462799,0.0,-0.11716500504061603,0.12154612103523686,0.406
7.628207683563232,0.7372742400449996,-0.7372742400449996,-0.0777061098838463,0.15886995726370193,0.406
7.638379812240601,2.2119264033751316,-0.7373088011250439,-0.12379224903323882,0.16254112163355594,0.406
7.648652076721191,0.0,0.0,-0.032124598119199876,0.09375895542104917,0.406
7.658803224563599,0.0,0.0,-0.052234362007732994,0.08864180705238849,0.406
7.668952703475952,0.7389541930937279,-1.4779083861874558,-0.026416779508303748,0.1601552559122867,0.406
7.679102659225464,1.4778389551818096,-0.7389194775909048,0.00263726591853327,0.096111306166458,0.402
7.689267635345459,0.0,-0.7378276064266448,-0.025289037805599476,0.17874214694955093,0.402
7.699429512023926,0.0,-0.7380526488667823,-0.01345254697313639,0.15996544409622987,0.402
7.709847688674927,0.0,-0.7198956450099548,-0.09562300853769001,0.1414347416361022,0.402
7.720037937164307,1.471995507826209,-0.7359977539131045,-0.02128019139947558,0.1619318542078805,0.399
7.730211019515991,0.0,0.0,-0.021723274622485064,0.047460840685430494,0.399
7.740369081497192,0.0,-0.7383298127024363,0.022870186666759627,0.0926168598626518,0.399
7.750551462173462,0.0,-0.7365664512503511,0.04015954608379082,0.11099764811041363,0.399
7.7607152462005615,0.7379141449683322,0.0,-0.03454475223913239,0.10084225349494236,0.399
7.7708656787872314,0.0,0.0,0.02140289018879547,0.08279580454979012,0.399
7.781014442443848,0.7390062724645852,-2.2170188173937557,0.013838903455903865,0.14530587265198275,0.399
7.791168928146362,0.7385898429245615,0.0,0.046694035718756154,0.19669064181913887,0.399
7.80133056640625,0.0,-2.2142098965298795,-0.012162132233895475,0.2074500637785125,0.399
7.8115105628967285,0.0,-0.736738957328212,0.014380217123417832,0.2634995777194161,0.399
7.8216917514801025,-0.7366526941901037,-2.2099580825703113,-0.008269157676767978,0.21341259606543417,0.397
7.8318445682525635,0.0,0.0,0.07644756302457859,0.23195949996573473,0.397
7.841998338699341,0.0,-0.7386418709495632,0.0035734018900506134,0.21423033231909835,0.397
7.852147579193115,-0.7389715520684066,-0.7389715520684066,0.16145932527807202,0.08680877802952941,0.397
7.862304925918579,0.0,-1.4767636081966058,0.11104148075745829,0.18311582820107083,0.397
7.872462749481201,0.0,0.0,0.12913535335300902,0.07870812385771576,0.397
7.8826446533203125,0.0,0.0,0.061031416633564345,0.04068818828889001,0.392
7.8928234577178955,-1.4736504813435458,-1.4736504813435458,0.0626367383545362,0.03997462571740068,0.392
7.902998924255371,0.0,-0.7370669415871974,0.0053350033661019175,0.162351747690689,0.392
7.913158416748047,0.0,0.0,0.11246054339908185,0.0806623635196787,0.394
7.923306226730347,-0.7390757230458379,-0.7390757230458379,0.10163502816151092,0.09613793982191068,0.394
7.933450222015381,-0.7393536559569417,0.0,0.11050807923696394,0.14262460982804803,0.394
7.943630695343018,0.0,0.0,0.0708866015043168,0.07366054513462361,0.394
7.953786134719849,-0.7385204836248386,-2.2155614508745156,0.06100886416716779,0.219381126563742,0.394
7.963942766189575,0.0,2.215301408450704,0.10175321209670223,0.19130008047746277,0.394
7.97413969039917,0.0,-1.471031822114148,0.08269441851352297,0.10401805110513777,0.396
7.984301805496216,0.0,0.0,0.14606060662508777,0.09796482425817359,0.396
7.994560241699219,0.0,0.7311055848653171,0.127919080377015,0.08776607100058129,0.396
8.004848957061768,0.0,-3.644769893868471,0.185882882515278,0.03122037481861488,0.396
8.015002250671387,0.0,0.0,0.09488460073119678,0.09170722633748374,0.396
8.02515459060669,-1.477491897985064,0.0,0.14642155811464608,0.043319814229440846,0.396
8.035304307937622,0.0,0.0,0.10785358950896982,-0.02705853478790137,0.396
8.045458793640137,-1.477179685849123,0.0,0.10956960112661608,0.06253580130963995,0.396
8.05576205253601,0.0,0.0,0.20829377899461066,0.006450388239542089,0.396
8.065919399261475,0.0,0.7383818040983029,0.11845741757434484,0.031657567484314204,0.396
8.076119661331177,0.0,-0.7352752261412243,0.1571983021060502,0.026524711090382076,0.396
8.086291074752808,0.0,0.0,0.0769684457300761,-0.0025265694358096967,0.396
8.09646725654602,0.0,0.0,0.07948958370185566,-0.10606448907206179,0.396
8.106759548187256,-0.7287006879936991,-0.7287006879936991,0.11532378002838062,-0.1490406194593396,0.396
8.116912603378296,-0.738693906305037,0.0,0.18948326806397636,0.017951467497048797,0.391
8.127063989639282,0.0,-1.4776307013011414,0.08459149654997417,-0.00715888503734652,0.391
8.137214660644531,0.0,-0.7388674104521432,0.04319194556456354,0.03792190267331588,0.391
8.147372245788574,0.0,0.0,0.1602149352633687,0.057595544389669864,0.391
8.157604932785034,0.0,0.0,0.11071676544476874,0.02619024266377436,0.391
8.167775869369507,0.0,0.0,0.16417405069207505,-0.006619529066050058,0.391
8.17792797088623,0.0,0.7387632981846363,0.12958536878140708,0.014069023120977523,0.392
8.188079357147217,0.0,-0.7388153506505707,0.1224388500600158,-0.058772128725828876,0.392
8.198238372802734,0.0,0.0,0.13008483077436894,-0.14589144240130722,0.392
8.208410263061523,0.0,0.0,0.12739076252376025,-0.07316338577051482,0.392
8.218684434890747,0.0,0.0,0.12800098275537933,-0.09181144382503634,0.393
8.228874444961548,2.944059897051942,0.0,0.07270828966963558,-0.09055593898878123,0.393
8.239062547683716,16.931513619769728,3.6807638303847234,0.17673891716674583,-0.0974823322264802,0.393
8.24922513961792,0.0,0.0,0.11725288851500643,-0.12602247765162475,0.393
8.259389162063599,0.0,0.7378968356360395,0.18231988792560871,-0.20139000458229592,0.393
8.269612789154053,0.7335948322100697,0.0,0.16640286834791235,-0.17592421761501556,0.393
8.279788970947266,0.0,0.7370151351857925,0.1389230065045038,-0.15317465387368406,0.393
8.289957284927368,0.0,0.0,0.0577168559591982,-0.016255911217714365,0.393
8.300116062164307,2.953111314511019,0.7382778286277547,0.09834928187849189,0.007957881119206568,0.393
8.310282707214355,0.0,0.0,0.07384136717471455,-0.02191721793769189,0.393
8.320438861846924,0.0,0.0,0.0822341086551854,-0.10532267375599495,0.391
8.330749273300171,0.7274200485605272,0.7274200485605272,0.08716508952398157,-0.06170102762272411,0.391
8.340909242630005,1.476382409536772,-0.738191204768386,0.048886767942189185,-0.07872578232228605,0.391
8.351062297821045,0.0,0.0,0.05460343343222731,0.056627958749977995,0.391
8.361214399337769,-0.7387632981846363,0.0,0.14395308755494415,0.030415685655615157,0.391
8.371367454528809,1.477387812610074,0.0,0.11853482120741442,0.09077201500492019,0.391
8.381519794464111,1.477491897985064,0.738745948992532,0.05253611304216756,0.06897535288846801,0.397
8.3918137550354,0.0,0.7285825458588104,0.06799288415686035,0.10934724534191173,0.397
8.401971578598022,0.7383471423541837,0.0,0.10380543623998917,0.0539497203244529,0.397
8.41213846206665,-2.2130675609126937,0.0,0.07819119580066597,0.13775619242605106,0.391
8.422289609909058,-2.216498109307842,0.0,0.10288145202842841,0.07663414382275767,0.391
8.432440996170044,2.216446051951712,0.0,0.007003019304414236,0.14866127015811373,0.391
8.442734479904175,4.3716977810719415,-1.4572325936906472,-0.04004241949253719,0.20165840133028604,0.391
8.452887773513794,0.0,0.0,-0.07414030473942726,0.18443170030710326,0.391
8.463038682937622,0.0,-0.7388500563697857,0.025673725982217427,0.024374487403092587,0.391
8.473203897476196,-0.7378103011539544,0.0,-0.0016024190595084822,0.0434442691962105,0.392
8.483417510986328,-0.7343140596185719,-0.7343140596185719,0.031030329754552985,0.0496378907199132,0.392
8.493740797042847,0.7265128524908196,0.0,0.0016377326004935883,0.13826647609706022,0.392
8.503915548324585,0.0,0.0,0.02062071434859576,0.14407605694319117,0.392
8.514065980911255,0.0,-0.7388847653497439,-0.044243775650051734,0.1770577111754023,0.396
8.524211406707764,-1.4784988132446595,0.0,-0.07155174150614937,0.06684759089161463,0.396
8.534355163574219,0.0,0.0,0.014173795757571432,0.01984557494452524,0.396
8.54450273513794,0.0,-0.7390930877308397,-0.02562992457035311,0.14486228150885722,0.396
8.554680347442627,0.0,0.0,0.016093588973004593,0.06108273515496333,0.396
8.564824104309082,0.0,-0.739371033704696,0.019110717607051825,0.09115718506939346,0.396
8.574968576431274,0.0,0.0,0.07689492849313853,0.0451429038416941,0.395
8.585121154785156,-0.738728600615269,0.0,0.031491737526567684,0.09297208951352146,0.395
8.595282077789307,0.0,-0.7381219203153597,0.01973842363611416,0.09979470283324765,0.395
8.605451107025146,-0.7375335271499578,0.0,-0.008514350641913838,0.08306901566453032,0.395
8.615652561187744,0.0,-0.7351893054127325,0.03875591882175908,0.10076384743563502,0.395
8.625826597213745,0.0,0.737170576242589,0.02779388724658493,0.06407675336895342,0.395
8.635995388031006,0.7375508194415137,0.0,-0.03338940536659082,0.06015664564672493,0.395
8.6461501121521,-12.555732531930879,-3.6928625093914347,0.006167603468948769,-0.060466670219441104,0.395
8.656310558319092,0.0,0.0,-0.018251030026215476,-0.009981189115131892,0.395
8.666456699371338,0.0,0.0,0.08981247710918659,0.11075470903973847,0.395
8.676744937896729,-0.7289877641824248,-0.7289877641824248,0.027480663378054326,0.09889197535071727,0.4
8.686917066574097,-0.7373088011250439,-0.7373088011250439,0.045020364491620155,0.1244291324371325,0.4
8.697126865386963,-1.469176844219228,0.0,0.06810580666955687,0.04896265854213129,0.4
8.70730972290039,0.0,-0.7365319597284008,0.01349455998431611,-0.007454717786340985,0.4
8.717483282089233,-1.4744102552084553,-0.7372051276042276,0.016052957747064712,0.003456464727098575,0.401
8.727838277816772,0.0,0.0,0.1250739706286022,-0.19117193208170238,0.401
8.738046407699585,-0.7347085201793722,0.0,0.09923643908968027,-0.06986450295904204,0.401
8.748247861862183,0.0,0.0,0.13371103148148764,-0.11595596319391578,0.401
8.758419513702393,-5.161403558118276,-0.737343365445468,0.10377808477055228,-0.20683220518168102,0.401
8.768602132797241,0.0,0.0,0.06956316006606601,-0.16081520758319004,0.401
8.77883768081665,-0.732740443968228,-0.732740443968228,0.13052088717939977,-0.027559703185259188,0.403
8.78900146484375,0.0,0.0,0.16630156242500024,-0.026049289058436228,0.403
8.799174070358276,-1.4745484800899993,0.0,0.11723961484172124,-0.02872898398946133,0.403
8.809343814849854,-0.7374816551400774,0.0,0.10327666486510921,-0.08609646069014025,0.403
8.819530487060547,-0.736256143800028,-0.736256143800028,0.12418471039942659,-0.18627869282987308,0.395
8.829817771911621,0.0,-0.7290553443960323,0.11954419280153965,-0.24405225691952565,0.395
8.839982271194458,-0.7378622194075012,0.0,0.16073965581208716,-0.07539874072428444,0.395
8.850150346755981,0.0,0.0,0.19446274815634776,-0.10226791587631535,0.395
8.860315799713135,-1.4755859933860263,-0.7377929966930131,0.13041553352429247,-0.20909457270177725,0.395
8.870477676391602,-0.7380526488667823,-0.7380526488667823,0.09763924817960837,-0.1670689529657833,0.395
8.880805730819702,0.0,-0.7261774279184653,0.19079290044575392,-0.3513452655103665,0.4
8.890981912612915,-1.474030270371585,0.0,0.22521278053845417,-0.359347342090341,0.4
8.901171684265137,0.0,0.0,0.1529787110103925,-0.2662824746949096,0.4
8.911345481872559,-1.4743757030371203,0.0,0.22716108288289366,-0.22608674996554318,0.4
8.92151665687561,0.0,-0.7373779330067274,0.1048934524721125,-0.19770013193040226,0.401
8.931755065917969,-0.7325356868406958,0.0,0.17735796212280552,-0.2692649013400775,0.401
8.941953182220459,0.0,0.0,0.15140191443017348,-0.1971420835030391,0.401
8.952120065689087,0.0,0.0,0.04586995189791872,-0.22442077927945225,0.401
8.962282419204712,0.0,-0.738018018018018,0.10076351197861566,-0.24098009928071168,0.401
8.97306776046753,0.0,0.0,0.12784528074703197,-0.2570351555553877,0.4
8.983295679092407,0.0,0.0,0.15849309452960525,-0.26670360185088354,0.4
8.993643760681152,0.0,0.0,0.19288679729638025,-0.27995543882740714,0.4
9.003882884979248,-0.7324845154379919,0.0,0.1694369644320472,-0.3089589446856599,0.4
9.01405668258667,0.0,-0.7371878515185601,0.14884119141328184,-0.32562151146993235,0.4
9.024221897125244,0.7378103011539544,-1.4756206023079088,0.09368633080751886,-0.24308700015178408,0.4
9.034384965896606,2.95186431135196,0.73796607783799,0.1515106899295952,-0.24297281918355795,0.4
9.044562101364136,0.0,0.0,0.14293137382171603,-0.2512034970886247,0.4
9.05483627319336,0.0,0.0,0.20636728232316254,-0.06832224261408314,0.4
9.06500506401062,-0.7375508194415137,-1.4751016388830274,0.17722573441210115,-0.2165492687131604,0.4
9.075209617614746,0.0,0.0,0.1987921585639631,-0.2657340001443137,0.396
9.085384607315063,0.7371014832345291,2.2113044497035874,0.1878656304060734,-0.08119905776363037,0.396
9.09558629989624,-0.7351721236766459,-1.4703442473532917,0.09127302805518857,-0.1818360416196999,0.396
9.105814933776855,13.198243438534336,10.26530045219337,0.1164026245065505,-0.213375230516189,0.396
9.115981578826904,0.0,0.0,0.20522632362825055,-0.18557088691754095,0.393
9.126144886016846,0.7379487660692502,0.0,0.20482331728996214,-0.19276197555373648,0.393
9.136311054229736,0.7377410881801125,0.0,0.19074780191564408,-0.21759935353907728,0.393
9.146476745605469,1.4755513860875276,0.7377756930437638,0.15729564668360999,-0.19789838094887963,0.393
9.156782865524292,1.4554459018668886,0.0,0.21862171256190016,-0.3287150422336401,0.393
9.166948795318604,0.0,1.4755167804122986,0.11831043258406929,-0.21336859684057619,0.393
9.177113771438599,1.4756552128532896,0.0,0.15062930477805772,-0.13393618246844552,0.394
9.187283992767334,0.0,0.7374470778535762,0.05944575401484984,-0.08922425837039089,0.394
9.19745922088623,2.948336848024743,-0.7370842120061858,0.08818566711619275,-0.06722082329474652,0.394
9.207711219787598,1.4631293023255814,0.0,0.06228726124813196,0.016162559833853993,0.394
9.217876195907593,1.4756552128532896,0.0,0.07367670745929522,0.04481327111704455,0.388
9.228063106536865,1.4724778243265382,0.0,0.034678730430999546,0.007421289274890067,0.388
9.238262414932251,1.4706879543701348,0.0,0.033949860487700476,-0.010516077631509538,0.388
9.248457670211792,0.7356363126140031,0.0,0.03869577081118407,0.03963957163529164,0.388
9.258657932281494,2.2058256784236727,0.0,0.009993265616778723,0.06808041196225072,0.388
9.268889904022217,0.0,-0.7329965514027402,0.03714835222111528,0.19243144682204197,0.388
9.279062986373901,1.4744793644097587,1.4744793644097587,0.060988074846652814,0.13033982007870465,0.394
9.289237260818481,2.2114599053287716,0.0,0.006354414082802663,0.12579981123858064,0.394
9.299412488937378,0.0,0.0,-0.013584631904644415,0.005145103328140915,0.394
9.309657573699951,0.0,0.0,-0.12040661048892823,0.12096983104914882,0.394
9.319853782653809,2.206702520694009,0.7355675068980031,-0.10674314594619069,0.17077619797368818,0.394
9.33002257347107,0.7375508194415137,1.4751016388830274,-0.13141474320632357,0.1268508458260254,0.394
9.340190172195435,0.7376372930638277,4.4258237583829665,-0.18678851009979472,0.14175402375847196,0.394
9.35035753250122,1.4753091804431937,2.2129637706647904,-0.3524462174187813,0.2500474577907689,0.394
9.360527276992798,0.0,2.212444965420232,-0.28556637363825144,0.15420326033004378,0.394
9.370853662490845,0.0,2.1788843738455856,-0.5041877002706296,0.14708377947059947,0.394
9.38101577758789,-0.7380353330361542,3.6901766651807706,-0.4544771971955616,0.10724908834294163,0.393
9.391181230545044,0.0,0.7377929966930131,-0.5964250733541343,0.07049647902564803,0.393
9.401353120803833,0.0,0.73732608288018,-0.6576648217983267,-0.01646385229781433,0.393
9.411529064178467,0.0,0.7370324031770576,-0.7575238463225592,0.07380214084648047,0.393
9.421846866607666,0.0,0.0,-0.7269218404193896,0.006087309474116814,0.395
9.432010889053345,0.7378968356360395,0.0,-0.7562815707397954,0.012566185144501058,0.395
9.44217562675476,0.0,0.0,-0.8528698545499835,0.05507855298874388,0.395
9.45234751701355,0.0,0.0,-0.9012798476436154,0.08298793257339449,0.395
9.462515115737915,0.7376372930638277,-0.7376372930638277,-0.9074484783092507,0.01733125784984793,0.395
9.472758531570435,0.0,-1.464355274183037,-0.8912846340956375,0.12281075929034321,0.398
9.48296856880188,0.7345712684475995,-3.6728563422379974,-0.8881974310923304,0.08774443144753526,0.398
9.493172883987427,0.0,-1.469966355140187,-0.9441821875428353,0.05583085751722863,0.398
9.503374576568604,0.0,-5.146204865736521,-0.9711125465326859,-0.04292361658244806,0.398
9.513571500778198,-0.735515911057074,-0.735515911057074,-0.8628253359394897,-0.0072419175785203155,0.399
9.523842573165894,1.4604122562674093,-5.841649025069637,-0.8326417935270165,-0.04905467954599009,0.399
9.534008026123047,0.7377929966930131,-0.7377929966930131,-0.7850720550407141,0.0028482232587503514,0.399
9.544173002243042,0.0,-0.7378276064266448,-0.8417922818752295,0.0007794947969822635,0.399
9.554340124130249,2.2130156645718038,-3.6883594409530063,-0.8091555075016804,0.07904103647788245,0.399
9.564504861831665,0.0,-1.4756898250222825,-0.7493089584420146,0.05659137579094474,0.399
9.574742794036865,0.0,-2.9302792203255628,-0.7413015592179305,0.11543190415819574,0.4
9.584903955459595,0.0,-2.952418404936765,-0.7362329302772043,0.017096107570748087,0.4
9.595077753067017,0.0,-1.4743757030371203,-0.6864464090017512,0.0020499463698199494,0.4
9.605254411697388,0.0,-2.94792240652235,-0.6654338056703495,-0.010650290584130293,0.4
9.615423679351807,0.0,-3.6875811783461887,-0.683215107164492,0.008874557433570102,0.399
9.625682830810547,0.0,-2.9242184522426213,-0.6528366975972119,-0.13057330956543095,0.399
9.635885000228882,0.0,-1.4702755252272675,-0.6965357485910696,-0.11787867318055201,0.399
9.646070957183838,-0.7363078435503124,-4.417847061301875,-0.6984405809351091,-0.10295761643848166,0.399
9.65625524520874,0.0,-2.9457140181664947,-0.7047754292741648,-0.09872475024361994,0.399
9.666430711746216,0.0,-4.422401649523184,-0.6717417160419611,-0.11076346309325603,0.399
9.67660140991211,0.0,-2.949650015237113,-0.6918290561837944,-0.1571179095986861,0.398
9.68677020072937,0.0,-5.162855736090596,-0.5552829085053441,-0.026535548677184093,0.398
9.69693899154663,0.0,-1.4751016388830274,-0.5278768030054036,0.031048865041390872,0.398
9.707122564315796,0.0,-6.628322056516752,-0.4441551719687851,-0.1146354947808344,0.398
9.717289686203003,0.0,-8.114390770096612,-0.5126609088387976,-0.04260208385780123,0.393
9.727457761764526,0.0,-2.950410804727068,-0.42508553610307664,-0.1005361587715686,0.393
9.737721920013428,1.4613960186755244,-5.1148860653643355,-0.4222130261056886,0.05054279820252708,0.393
9.747915267944336,0.7357739626701595,-1.471547925340319,-0.28442152972320567,0.012337453988589,0.393
9.75810694694519,1.4717888974664888,-5.151261141132711,-0.3155228063803365,-0.015803762350615036,0.393
9.76828646659851,0.0,-0.7367734682405845,-0.21559572848352926,-0.013193153893961723,0.393
9.778460264205933,0.0,-5.897502812148481,-0.23803945043703736,-0.011794800690395624,0.397
9.78868293762207,0.0,-2.200989808055601,-0.16913481775968858,-0.05366889822463955,0.397
9.798917055130005,0.0,-3.6642143273150842,-0.22051418629500852,-0.03591071919126888,0.397
9.809095621109009,0.0,-2.9473699990630564,-0.23226966795396503,-0.10220159572577923,0.397
9.819271087646484,0.0,-3.6853347079359873,-0.21403583388802228,-0.08931059037453043,0.395
9.829440116882324,0.0,-2.2126005814498733,-0.15235910044705941,-0.08760802278916759,0.395
9.839691162109375,0.0,-3.6581635500976835,-0.14071215511642077,-0.11438910302449327,0.395
9.84987187385559,0.0,-2.946748788084588,-0.15202618270588242,-0.13552822698182074,0.395
9.860040187835693,0.0,-5.90068325165889,-0.20809890413907822,-0.02774359865887327,0.395
9.87020206451416,0.7380526488667823,-1.4761052977335647,-0.14424987017674404,-0.1396499362891045,0.395
9.880367517471313,0.7377929966930131,-4.4267579801580785,-0.11671540465661226,-0.06383969768331055,0.39
9.890533924102783,0.0,-2.2131713608967893,-0.10763817589114738,-0.04462913739798133,0.39
9.900914669036865,0.0,-6.5024235186035835,-0.1698516325994792,-0.2413246367778632,0.39
9.91109848022461,0.0,-2.9458519454979633,-0.11167727392085436,-0.19345093342543118,0.39
9.921265363693237,1.4753783739417958,-7.376891869708979,-0.027440381870611333,-0.21277138343193894,0.392
9.931432485580444,0.0,-2.2130156645718038,0.0700102284340719,-0.2003919591052742,0.392
9.94172716140747,0.0,-1.4570638504828735,0.14249900939522417,-0.020268322271479733,0.392
9.951908349990845,0.0,-1.4733053883802074,0.11402587237209566,-0.04706107215672711,0.392
9.962077617645264,0.0,-5.162613649684665,0.1784908298856048,-0.08242484654360048,0.392
9.972241878509521,0.0,-5.165156689810471,0.13660562384396668,0.020219237957754543,0.392
9.98240613937378,0.7378795271157815,-1.475759054231563,0.10391161198719141,-0.06295708758232466,0.39
9.992574214935303,0.0,-2.212808103545301,0.1069665063825099,-0.017846371700200314,0.39
10.00279188156128,0.7340227739406384,-2.202068321821915,0.07990670938144057,-0.025056495330729622,0.39
10.012991189956665,0.0,-2.9413759087402696,0.08873376923530732,-0.0663860368818921,0.391
10.02318024635315,0.0,-2.2082515911643577,0.04975591690637489,-0.08071739302358216,0.391
10.033361911773682,1.4732363891815945,-0.7366181945907972,0.05444664801992738,-0.08086298872971137,0.391
10.04353952407837,0.7369115442278861,-2.9476461769115443,0.05346704988235016,-0.0004198289115507903,0.391
10.053773641586304,0.7328428654630169,-0.7328428654630169,0.020968710138423843,-0.02985344838830996,0.391
10.063998222351074,0.7335264078349073,-4.401158447009443,0.0365151669169656,-0.020610783826132004,0.391
10.074207067489624,0.0,-1.4693140895396903,0.06792683004497717,-0.08232373845875474,0.393
10.08439826965332,1.471857761141654,-2.943715522283308,0.09424971485992963,-0.035483133644454434,0.393
10.094595193862915,0.0,-0.735515911057074,-0.008158073640542746,0.025319806518482063,0.393
10.104832887649536,0.0,-4.395521192361435,0.019864238796993422,0.031364114906947474,0.393
10.115025281906128,0.0,-0.7358428070175438,-0.004467776929146336,0.08731126201699188,0.394
10.125198125839233,1.474513921439955,-2.2117708821599322,-0.011948681678030593,0.012790504660374569,0.394
10.135368824005127,0.0,-1.4748250076185565,-0.005327100858555499,-0.0026487078487665294,0.394
10.145540475845337,0.0,-3.6867168272273396,0.01673303051123349,0.05786985217358469,0.394
10.155747175216675,0.0,-0.734811492641906,-0.009648649508125579,0.03671182802760023,0.394
10.16596269607544,1.4683539104254673,-2.202530865638201,-0.04780000162694206,0.04215506707048419,0.394
10.17612886428833,0.0,-2.213223264540338,0.01110391676696828,0.02289556130396117,0.391
10.186295509338379,1.4754129731250878,-1.4754129731250878,-0.009380800448220272,7.630194582664007e-06,0.391
10.196572542190552,0.0,-1.4595652476510845,-0.04380120507535215,0.02177286923059657,0.391
10.20682692527771,0.0,-2.194183678214369,-0.08396499280707297,0.03442767332512832,0.391
10.21700644493103,0.0,-3.683867341202923,-0.03950266533274225,0.026049370061611676,0.391
10.227176666259766,1.4748941557071524,-0.7374470778535762,-0.09591956730631586,0.06376355465355865,0.391
10.237344741821289,0.737602701181767,-2.950410804727068,-0.10104152638205537,0.041233408961539,0.391
10.247540712356567,0.7355847071203087,-0.7355847071203087,-0.11536881685815853,0.07269355725481304,0.391
10.257768869400024,0.0,-3.6663496503496504,-0.11137828498734573,-0.025119156540419962,0.391
10.268022775650024,0.0,-2.9257142857142857,-0.12101552725936826,-0.033025144514536614,0.391
10.27820634841919,1.4729604570037225,-0.7364802285018612,-0.0906701437096973,-0.03240845629098707,0.39
10.288386106491089,-0.7367562123802609,-2.9470248495210436,-0.08996249550227117,0.0017128131768310573,0.39
10.298584699630737,0.0,-4.4123732934355715,-0.13621666296760987,-0.03072545842992508,0.39
10.30877947807312,0.0,-2.9426828811973804,-0.06450516741027042,-0.02151348142476156,0.39
10.319012880325317,0.0,0.0,-0.05781734720993263,0.04218414702415173,0.389
10.32918667793274,1.4743757030371203,-5.160314960629921,-0.07336438555363856,0.04384141263238464,0.389
10.339356422424316,0.0,-0.7374816551400774,-0.009110773026629174,0.11225017943158064,0.389
10.349528074264526,0.0,0.0,-0.02295861240812736,0.06405332677556669,0.389
10.3597252368927,0.7354987140519055,-7.354987140519055,-0.03750635836013087,0.1243662921390827,0.389
10.36994218826294,-0.7340741605021819,0.0,-0.029194845382995882,0.14038661969954747,0.389
10.380108833312988,0.7377064865625439,0.0,-0.03045103469011847,0.0842460168167526,0.385
10.390275001525879,1.475482176360225,-2.95096435272045,-0.03579309774258729,0.09230836810611077,0.385
10.400441884994507,0.7376891869708979,0.0,-0.1622141290426432,0.019576883101625475,0.385
10.410609006881714,0.0,-6.639046993715412,-0.11769383705582873,0.05109678470333706,0.385
10.420838832855225,-0.7331503018155545,-1.466300603631109,-0.14897700935510338,0.06161271296513911,0.388
10.431004047393799,0.0,1.4756206023079088,-0.0850599790701031,0.029986912182118755,0.388
10.441168546676636,0.0,-8.854346632890014,-0.14181174067879776,0.0019804974094368988,0.388
10.451332330703735,0.7379141449683322,0.0,-0.1503246066375451,0.002820942850121022,0.388
10.46149492263794,0.0,-7.380007038123167,-0.14157928727678804,0.06616081770422405,0.388
10.471749067306519,-0.7314115650212746,-2.9256462600850983,-0.14632554517701188,0.059614182924313475,0.384
10.482006311416626,0.0,-4.387143322021291,-0.04709260245890482,0.03303476495148032,0.384
10.492171287536621,0.0,-4.426965638559868,-0.14825177353312557,0.03232381492759223,0.384
10.502344131469727,0.0,-7.372569607199774,-0.1625362442223665,0.10620562083561427,0.384
10.512573480606079,0.0,0.0,-0.06039921608982643,-0.07265831282005612,0.385
10.52280068397522,0.0,-8.066721372622155,-0.07968391820926946,-0.06259657278858108,0.385
10.53298830986023,-0.7361872220922069,-2.2085616662766205,-0.06647199190071423,0.03321588706647691,0.385
10.543167352676392,0.0,-6.631271841476554,0.025418425992891607,-0.016274648565309288,0.385
10.553341150283813,0.0,-2.9487514060742406,-0.02224714339252119,-0.0724215403037346,0.385
10.563515901565552,-1.4742375105445684,-4.422712531633705,-0.0621351538560717,0.0019346467708297732,0.385
10.57374119758606,0.0,-0.7334750979294907,-0.07057147040104873,-0.0007532513390444001,0.384
10.583910942077637,0.0,-8.11229820654085,-0.012807892643769263,0.07843666622402334,0.384
10.59412431716919,0.0,0.7343312012699005,-0.033200357429619555,0.0083023342271413,0.384
10.604289054870605,0.0,-8.854138950133695,-0.029336054680085953,-0.03812430832886274,0.384
10.614457607269287,0.0,0.0,0.06566970308758747,0.03346570372567737,0.388
10.624634981155396,0.0,-8.10621688101764,-0.01250344494449137,-0.01843725829519008,0.388
10.634825468063354,0.0,-5.151863740583033,0.003363197023959935,-0.04509802495409129,0.388
10.645008087158203,-0.7365492050855791,-2.2096476152567375,0.12409678297597664,-0.08813626105545172,0.388
10.655181169509888,0.0,0.0,0.003216507983217518,-0.06755237679794877,0.388
10.665356397628784,0.7370842120061858,-10.319178968086602,0.06497029542799884,0.018101133134086927,0.388
10.67552375793457,0.0,0.7376545902215969,0.07686270014912165,-0.07367598878375042,0.386
10.68573546409607,0.0,-8.078963367654268,0.11206248688562022,-0.09524849772639307,0.386
10.69596791267395,0.0,2.19888718020411,0.07982397052728904,-0.06991867200409577,0.386
10.706133365631104,0.0,-9.59130895700917,0.15407970282483746,-0.0602022160769564,0.386
10.71631145477295,0.0,-8.105647224174279,0.13378030063032767,0.012577024305174007,0.389
10.726476430892944,0.0,0.0,0.14512229544793445,-0.03692092124713849,0.389
10.736734390258789,0.7311395700174317,2.193418710052295,0.12017674669028497,-0.09155883385449294,0.389
10.746920824050903,-0.7362733762434172,-9.571553891164424,0.1948115683264107,-0.0005893366620936119,0.389
10.757100105285645,0.0,2.9471628996369597,0.15548027000933748,-0.00873383833689842,0.389
10.767289400100708,0.0,-13.249199522661863,0.1828566589144327,0.005761313755705908,0.389
10.777473211288452,0.0,0.7364629863744908,0.27964951791132825,-0.04552444018846701,0.389
10.787662267684937,0.0,-10.305174092100337,0.197055414070441,-0.05941469359359849,0.389
10.797842741012573,0.0,1.473408899297424,0.1918873678746472,0.006180436031144942,0.389
10.808023691177368,0.0,3.6833497260081494,0.21977241289353522,-0.06220716437322604,0.389
10.818204164505005,0.736704449648712,-11.050566744730679,0.3049389795524988,0.008064321667353522,0.386
10.828377723693848,0.0,1.4744102552084553,0.27278199429721406,-0.06293176160006347,0.386
10.838545083999634,-0.7376545902215969,-10.327164263102356,0.19000913243491996,-0.04740618801033042,0.386
10.848738431930542,0.0,0.0,0.22997763971893195,0.010917754329720097,0.386
10.858929634094238,0.0,2.207786641712481,0.20713307001119508,-0.13297162278305996,0.386
10.86909794807434,0.7375854064573613,-10.326195690403058,0.2315313323413941,-0.07609092499322552,0.386
10.879262447357178,0.0,-0.7378622194075012,0.34719995896123934,-0.011507600510367935,0.387
10.889426708221436,-0.7378795271157815,-8.854554325389378,0.23040483692698488,-0.020321178396238305,0.387
10.899593591690063,0.7376891869708979,0.7376891869708979,0.17193105801986974,0.016707061680825537,0.387
10.909786462783813,-1.4716167664670659,-6.622275449101797,0.3000054190892317,-0.01616249851257187,0.387
10.919965505599976,0.0,-1.4736159647725675,0.2507225079672046,-0.15445131204632534,0.387
10.930130958557129,0.0,-1.4755859933860263,0.2886222374866787,-0.03418538822736328,0.387
10.94029426574707,0.0,-6.6415388946232525,0.3430124896677871,-0.0027651911715076798,0.387
10.95045781135559,-0.7379314551127166,-0.7379314551127166,0.25702327012582726,-0.03327842118634805,0.387
10.960621118545532,0.0,0.0,0.2542442866656397,-0.04162050990106057,0.387
10.970845937728882,0.7335093037354847,0.7335093037354847,0.3037242449250724,-0.0515957601015911,0.387
10.98104977607727,0.0,0.7350175241833731,0.3019665816594176,-0.046934880094476675,0.386
10.991212606430054,0.0,0.0,0.33120659013992837,-0.0026881205531555357,0.386
11.001376867294312,0.0,2.2136385813473445,0.285191521273742,-0.05560172107699415,0.386
11.01151728630066,0.0,-11.094216119627573,0.2292896316678175,-0.07790570669351347,0.386
11.021765232086182,0.0,0.0,0.2575414905171358,-0.09884662971849836,0.387
11.031959056854248,0.0,0.0,0.16649100470073017,-0.06715713166477556,0.387
11.042140483856201,0.0,0.0,0.1713743826119499,-0.03337273405468789,0.387
11.052316665649414,0.0,-5.159105946300548,0.1545169230751398,-0.0761268008596577,0.387
11.062493324279785,0.0,-3.6849030081529377,0.16037160451828328,-0.09793188855752999,0.387
11.072781085968018,0.0,0.729021552723059,0.21698013947946737,-0.05594465363981782,0.383
11.083048343658447,0.0,0.0,0.11465122458026702,-0.11128564739084007,0.383
11.09323239326477,0.0,-4.418674470326583,0.11203716324909342,-0.02316769914873025,0.383
11.103417873382568,0.0,0.0,0.11587783953814185,-0.003001697236406879,0.383
11.113608598709106,0.0,0.7359633156306296,0.09262967800479313,-0.06474263527017342,0.388
11.123838663101196,0.0,-5.865065722009882,0.10098366604678453,-0.08125187474847535,0.388
11.134008884429932,0.0,-2.949788311414305,0.20886689786705773,0.03589257028672973,0.388
11.144174814224243,-0.7377583902061493,0.0,0.2781568640736459,-0.04054941854629877,0.388
11.154340744018555,0.7377583902061493,0.0,0.14992590268752448,-0.09582118942082593,0.388
11.164506673812866,0.0,0.0,0.19384663804484675,-0.04653715001234948,0.388
11.1747567653656,1.4634015630815034,0.7317007815407517,0.22564455397636798,-0.02752511725809534,0.389
11.184942245483398,-0.7363423140844081,0.0,0.13978343651948816,-0.01133285463760739,0.389
11.195111989974976,0.0,0.0,0.1407110281496504,-0.030894511194305627,0.389
11.205281257629395,-0.7375162356692377,0.7375162356692377,0.08404629861806881,-0.11913075250760152,0.389
11.215451955795288,-0.7374125038092783,-5.161887526664947,0.12866884195562578,-0.09623549479871914,0.392
11.2256338596344,0.0,0.0,0.082168138324928,-0.04950938660354825,0.392
11.235830783843994,0.0,0.0,0.028988699678630162,-0.08903274094112887,0.392
11.245995283126831,0.0,0.0,0.04993630135049788,-0.05667975683028169,0.392
11.2561616897583,0.0,0.0,0.07143096113579007,-0.08644959654499226,0.392
11.266347169876099,0.0,0.0,0.04424830264568445,-0.07109043558892895,0.392
11.276544570922852,0.7354815178508802,-5.148370624956161,0.10013250330582754,-0.07540623582374635,0.392
11.286795616149902,-0.7316327100195367,-3.6581635500976835,-0.0278565059455185,-0.024951240665751634,0.392
11.296983480453491,-1.4723399873628045,0.7361699936814022,-0.07871851585707854,-0.062384320911786195,0.392
11.307159185409546,1.474099343955014,0.0,-0.017326530018971054,-0.1691391745241209,0.392
11.317386150360107,-0.7333554027275906,0.0,0.06508236487156359,-0.07265693735534948,0.388
11.327557802200317,0.0,-4.424060192672807,0.0629737885210001,-0.11956900937416153,0.388
11.337756872177124,0.0,0.7353611669549768,0.005965641219611049,-0.04116474252051673,0.388
11.34797739982605,-0.7338172996174303,0.7338172996174303,0.06386863375276915,-0.04306903794813331,0.388
11.358142137527466,0.0,-2.951379650044565,0.05307977259367147,-0.07893563528347991,0.388
11.368308544158936,0.0,-1.475447573931193,0.002748480406819208,-0.06862692213303571,0.388
11.37847375869751,0.0,0.0,0.04267552855347546,-0.06683430993362298,0.39
11.388640880584717,-0.7376718881906013,-0.7376718881906013,-0.023535101738158135,-0.13004097873561954,0.39
11.39884352684021,0.0,-0.7351034047624612,0.03746203742204715,-0.10136658428113901,0.39
11.40901517868042,0.0,-2.2120300963364037,-0.07426325509119605,-0.1490965902451537,0.39
11.419188261032104,0.0,0.0,-0.11973927396095854,-0.12023823515355536,0.391
11.429354667663574,0.0,0.0,-0.1030937439344347,-0.10905739228088612,0.391
11.439520359039307,0.0,-0.7377756930437638,-0.14261821113963347,-0.12249379028560672,0.391
11.449697732925415,0.0,0.73692880736524,-0.12309221607297947,-0.04610629061760517,0.391
11.459913730621338,-0.734142687110551,1.468285374221102,-0.15068434531180494,-0.08858215538161088,0.391
11.470080375671387,0.0,-6.639358379062896,-0.17679153614140472,-0.10799319676434543,0.391
11.480248928070068,0.7375681125439625,0.0,-0.04948701168365412,-0.060435787052999,0.393
11.490416526794434,0.0,-0.7376372930638277,-0.054177816029496007,-0.1396075081488114,0.393
11.500586032867432,0.0,-2.9499957799971868,-0.07866721614129196,-0.12164334215963947,0.393
11.51081109046936,0.0,-3.6674610021684892,-0.1610894159008066,-0.11523428294080712,0.393
11.521002292633057,0.0,0.0,-0.19504730739403625,-0.11165740300856575,0.392
11.531215906143188,0.0,0.0,-0.07871100003154552,-0.048316365336761924,0.392
11.541402578353882,0.0,-0.736256143800028,-0.11405051372226221,-0.07723998546406535,0.392
11.551581144332886,0.0,0.0,-0.13464208167838573,-0.04388370102510601,0.392
11.561863422393799,0.0,0.0,-0.06574339518949641,-0.05880296800095619,0.392
11.572038888931274,-1.4741338831743949,-5.159468591110382,-0.13700805395698434,-0.05084634415739967,0.394
11.582207679748535,0.0,-0.7375508194415137,-0.10561204558698847,-0.06697486382111294,0.394
11.592376232147217,0.0,0.0,-0.09203267159534823,-0.1670338752562879,0.394
11.602550268173218,0.737170576242589,-1.474341152485178,-0.10729780386816334,-0.10475491984838094,0.394
11.612829208374023,0.0,-0.7296472061791107,-0.09469754262698878,-0.05094867918913505,0.397
11.6229989528656,0.0,-1.4749633102801547,-0.13939091508257329,-0.07487673689615615,0.397
11.633193492889404,0.0,0.0,-0.16263191146942788,-0.06234575724813775,0.397
11.64337706565857,-0.7364802285018612,-1.4729604570037225,-0.1945541930838985,-0.1428782762634637,0.397
11.653562307357788,0.0,-5.154516853932584,-0.18557525210506895,-0.09038132151047631,0.397
11.663871765136719,-0.7274873384056798,-0.7274873384056798,-0.16816559061842812,-0.10345530449050294,0.397
11.67404317855835,0.0,-0.7373606488209647,-0.1701294500195383,-0.04621585946821086,0.393
11.68420958518982,0.0,-2.950895147862386,-0.12965845153632874,-0.023811982526182184,0.393
11.694378137588501,0.0,-0.7375681125439625,-0.1802758445496771,-0.07706717938034544,0.393
11.704548358917236,0.0,-5.89957662282861,-0.05683567335244625,-0.10740469092058132,0.393
11.714846134185791,0.0,-0.7283126504908316,-0.10995497930692037,-0.12262942805001233,0.393
11.725024223327637,0.0,0.0,-0.12920701370011572,0.02652982140947207,0.393
11.735188961029053,0.0,-2.951379650044565,-0.11020690716808829,0.010779573379778577,0.393
11.745351076126099,0.0,0.0,-0.11892532399352737,-0.028642885973238413,0.393
11.755516290664673,0.0,-3.689051505769772,-0.08608899329009256,-0.04382977052431872,0.393
11.765680074691772,-0.7379141449683322,-0.7379141449683322,-0.07364115836840131,-0.06362422277402531,0.393
11.77601671218872,0.725574443547457,-1.451148887094914,-0.11620100614731525,-0.11003570904864,0.391
11.786211490631104,-0.7356707202993451,-1.4713414405986902,-0.044211416821484564,-0.0654955764194038,0.391
11.796401977539062,0.0,0.0,-0.15234429502492014,-0.0561236885724922,0.391
11.80659008026123,-0.7361527660769447,-1.4723055321538894,-0.07427240446944958,-0.05060445569606897,0.391
11.816886186599731,0.0,-2.913722820423758,-0.0650527469617411,-0.058738600365746726,0.395
11.827051162719727,0.0,-1.4756552128532896,-0.12304003865431078,-0.15550615697835343,0.395
11.837225198745728,0.0,-2.211511728727767,-0.08919566171233301,-0.0030785923796343914,0.395
11.84739089012146,-0.7377756930437638,-2.2133270791312913,-0.14731689245523524,-0.04532612838841132,0.395
11.857556581497192,0.7377756930437638,-1.4755513860875276,-0.2169156343018795,-0.034568631623684204,0.395
11.867735624313354,-0.7368079823862838,0.0,-0.13030848412064835,-0.011274634345368219,0.395
11.877933502197266,0.0,-2.2063413835831014,-0.04701010187990895,-0.0940461332774447,0.396
11.88810110092163,-1.4752745861276555,-2.950549172255311,-0.019447770107883677,-0.04222211295784314,0.396
11.898268938064575,0.0,-3.6880999835861843,-0.045564913519097514,-0.10044641544520405,0.396
11.908441543579102,0.0,-3.686371200224998,-0.05906532715894265,-0.12293387613720097,0.396
11.91865086555481,-0.7346227318371826,-5.876981854697461,-0.09849565385645612,-0.1959520261078881,0.398
11.92892336845398,0.0,-0.7301044422782342,-0.03020675099215138,-0.14560749609825935,0.398
11.939088344573975,0.0,-4.426965638559868,-0.026982260861841266,-0.04713485561406828,0.398
11.949252128601074,-0.7379141449683322,-0.7379141449683322,-0.03761950036140439,0.024573416984114752,0.398
11.959419012069702,0.7376891869708979,-0.7376891869708979,-0.024953582430958375,-0.06396341588855996,0.398
11.969597339630127,-0.7368597596683142,-0.7368597596683142,-0.027283639633214684,-0.04677022553387019,0.398
11.979795932769775,0.0,0.0,0.03186613914183702,-0.04727412233136964,0.396
11.98997187614441,-0.7370324031770576,-0.7370324031770576,-0.02213405472077147,-0.10767084869932028,0.396
12.000136137008667,-0.7378795271157815,-1.475759054231563,-0.05623952230667251,-0.17289607441833235,0.396
12.010301351547241,0.0,-2.2134309034618633,-0.07317575672593792,-0.1840274760641013,0.396
12.020465612411499,0.0,-0.7378795271157815,-0.06074228525578683,-0.10440214967197274,0.399
12.030644178390503,-0.7368424997657641,-2.9473699990630564,-0.10800816782276454,-0.12608709318699868,0.399
12.041022539138794,0.0,0.0,-0.07284927234320365,-0.09404238161900591,0.399
12.051209926605225,0.0,0.0,-0.1387424912636512,-0.1406254380935047,0.399
12.06138801574707,-0.73687702037948,-2.21063106113844,-0.12277746221866238,-0.11395221204868197,0.399
12.071570873260498,-0.7365319597284008,-2.2095958791852026,-0.10309038881413246,-0.105768138055881,0.399
12.081906080245972,0.0,-1.4513497427853006,-0.004947551315477014,-0.07479419900844654,0.4
12.09209656715393,-0.7359805343690047,-5.151863740583033,-0.051167663961504836,-0.11724674407459126,0.4
12.102280855178833,-0.7364285045416237,-1.4728570090832473,-0.17903553560853602,-0.08022371091391924,0.4
12.11246109008789,-0.7367217030843813,-2.9468868123375254,-0.1274479860025134,-0.21820412262432473,0.4
12.122645854949951,-0.7363940259375439,-5.891152207500351,-0.11315267052239747,-0.15768033106239038,0.4
12.132950782775879,0.7278071352551941,-1.4556142705103883,0.01035487173119555,-0.149462490233853,0.4
12.143234968185425,0.0,0.0,-0.03807878789035584,-0.12591470735028154,0.4
12.153409004211426,0.0,0.0,-0.023854233348661394,-0.08277070384177188,0.4
12.163578033447266,-0.7375335271499578,-2.950134108599831,0.048473309930640904,-0.09147606995556573,0.4
12.173797369003296,0.0,0.0,-0.004442927522332827,-0.11020572439173978,0.403
12.184023141860962,0.0,0.0,0.0431200023311317,-0.11129515871606635,0.403
12.194191932678223,-1.4751016388830274,-2.9502032777660547,0.02149725391599163,-0.12261332053530867,0.403
12.20436716079712,-0.7370842120061858,-2.2112526360185574,-0.001969252380875322,-0.13446827827385796,0.403
12.214538097381592,-0.7373952180028129,-2.212185654008439,-0.08283116740444439,-0.12976661373011084,0.398
12.224710702896118,-0.7372742400449996,0.0,-0.07433895877706029,-0.04737178622384273,0.398
12.234971284866333,0.0,-1.4619053815410354,-0.13598476423974787,-0.0726585874252983,0.398
12.24513578414917,-0.7378622194075012,-4.427173316445007,-0.12017398562466686,-0.09749054806823278,0.398
12.255299091339111,-0.7379487660692502,0.0,-0.13829810778019272,-0.1275387296066258,0.398
12.26546311378479,0.0,-4.427381013816237,-0.14155117262476274,-0.10580949822458227,0.398
12.275635957717896,-0.7372569607199775,-2.2117708821599322,-0.05961816640435113,-0.05597364085494441,0.395
12.285947561264038,0.0,-0.7273359537572254,0.02057781118396451,-0.027802296041492175,0.395
12.296139001846313,-1.471823328498573,-5.887293313994292,-0.03040430900300054,-0.12857252295181698,0.395
12.3063383102417,0.0,-0.7353439771850674,-0.039114359611656255,-0.1458770311452926,0.395
12.31652545928955,0.0,-7.3622168133308366,-0.05961182793953249,-0.17363378489711193,0.398
12.326738357543945,-1.4687309739471472,-0.7343654869735736,0.03047949253392726,-0.23327635776115496,0.398
12.336992263793945,0.0,-2.1942857142857144,0.0018844606108914114,-0.17011170911326773,0.398
12.347162008285522,-0.7374816551400774,0.0,-0.02501804272787464,-0.06055306929516856,0.398
12.357331275939941,0.0,-0.7375162356692377,0.05131719524111152,-0.055800674741876236,0.398
12.36750602722168,-0.7371187552722842,-4.422712531633705,-0.04843027120881192,-0.15950345974557656,0.398
12.377679586410522,0.0,-0.7372051276042276,-0.031199143406635682,-0.09869019530816928,0.401
12.387877225875854,-1.4709286449078836,-2.941857289815767,-0.03486030864006588,-0.09723278061463642,0.401
12.398049354553223,-0.7373088011250439,0.7373088011250439,-0.06709005589001188,-0.13033994756706613,0.401
12.408263921737671,-0.734245501015335,-1.46849100203067,-0.05836026423474888,-0.071592812599453,0.401
12.418436527252197,-0.7372742400449996,-1.4745484800899993,-0.08894396042942579,-0.1369879765826045,0.397
12.428608655929565,0.0,-1.4746176022500879,-0.07635659313771107,-0.12517887840895878,0.397
12.438822984695435,0.0,-2.2027879183978336,-0.011620532460262192,-0.14923781655725807,0.397
12.44900631904602,0.0,-4.418984828619592,-0.13152547247253543,-0.07136050226015182,0.397
12.459171533584595,-2.2134309034618633,0.0,-0.14371992707324138,-0.102619941525597,0.397
12.469337463378906,0.7377583902061493,0.0,-0.1382216068114523,-0.16075844090375113,0.397
12.47950792312622,-0.7374297904261803,-2.212289371278541,-0.07790643088694928,-0.06538147568000185,0.402
12.489675760269165,0.0,-0.7376199967172368,-0.08958950584367711,-0.06782658766000607,0.402
12.499978303909302,0.0,-4.3678533740627605,-0.161010947356432,-0.0920869715491127,0.402
12.510148763656616,0.0,-2.212289371278541,-0.18034584842497453,-0.0908467096507257,0.402
12.520315408706665,-0.7377064865625439,-0.7377064865625439,-0.12214652997619221,-0.1213928561758697,0.402
12.530751466751099,-0.7186621584574614,-4.311972950744768,-0.11529304153058911,-0.11111895940789118,0.402
12.540965795516968,0.0,-4.405575836795667,-0.10476369145460349,-0.06855283145726733,0.402
12.551158428192139,0.0,-1.4716511894458608,-0.03196629005570035,-0.1784719016717859,0.402
12.561315059661865,0.0,0.0,-0.052842054737340195,-0.07246745929547622,0.402
12.571460962295532,0.0,0.0,-0.05899942050232882,-0.09449302855207424,0.402
12.581624269485474,-1.4758975321385004,0.0,-0.09642627989437308,-0.09803375981586823,0.402
12.591823816299438,0.0,-3.676633941093969,-0.0775609918381187,-0.05959607927902342,0.402
12.602021217346191,-0.7354815178508802,-1.4709630357017605,-0.05641022892721989,-0.11811814886900535,0.402
12.612187147140503,-0.7377583902061493,-2.9510335608245972,-0.019306163195410175,-0.21318135241687003,0.404
12.622341394424438,0.0,-6.647464663066448,-0.04272065240409036,-0.10587044015944713,0.404
12.632516145706177,-0.7371187552722842,-3.685593776361421,-0.03586676834231013,-0.18669852368297646,0.404
12.642752170562744,0.0,-3.66353154915799,-0.053668568686523324,-0.18764401064113326,0.404
12.65298318862915,0.0,-7.330648769574943,0.05015543164424183,-0.12059010335968842,0.404
12.663154125213623,0.0,-3.6869760900140647,0.10763230274209946,-0.0810094462157552,0.404
12.673320770263672,0.0,-4.426238919375264,0.2953157128580055,-0.050580295878473666,0.4
12.683491945266724,0.7373779330067274,-5.899023464053819,0.3411914656178275,0.006788177969730913,0.4
12.693665981292725,0.0,-2.211511728727767,0.40488479638095026,-0.03379308022506887,0.4
12.703860759735107,0.0,-5.149695042095416,0.4688107327372194,0.05493266646425267,0.4
12.714077472686768,0.0,-3.670456454774573,0.5086696098454371,-0.032645726482953386,0.4
12.72424602508545,0.0,-2.95027245017585,0.4990392534346413,-0.034041650521602344,0.4
12.734424114227295,0.0,-4.42126212227688,0.5554870718863196,-0.04030278473879852,0.4
12.744587182998657,0.0,0.0,0.5960097215728212,-0.04433865369084141,0.4
12.754750728607178,-0.7379314551127166,-3.6896572755635835,0.6215987579533004,-0.02845675696982878,0.4
12.76491379737854,0.0,0.0,0.6800108047046887,-0.0634719001868235,0.4
12.775075197219849,-0.7380872829657438,-5.90469826372595,0.6665785248663948,-0.1314418025748089,0.404
12.785244464874268,-0.7375162356692377,-1.4750324713384755,0.7162889109124767,-0.054685550794121185,0.404
12.795432090759277,0.0,0.0,0.6702701723654765,-0.08006086000114476,0.404
12.80564260482788,-0.7345369635268295,-0.7345369635268295,0.7672388087110592,-0.011163858219689755,0.404
12.815870523452759,0.0,0.0,0.7393978667436447,-0.048519084566585824,0.404
12.826056003570557,-0.7363423140844081,-5.890738512675265,0.7730011257238838,-0.008167942063979748,0.404
12.836236953735352,-0.7366699452016299,0.0,0.7803941900463341,-0.05728535219925819,0.404
12.846411228179932,0.0,-1.4743066035525143,0.7883546103622904,0.048604791791948744,0.404
12.856582403182983,0.0,-0.7373779330067274,0.735588478678578,0.04505270876404588,0.404
12.86675500869751,-0.7372742400449996,0.0,0.8290633399012044,0.023049544100490406,0.404
12.876937627792358,0.0,0.0,0.76636396166109,-0.027016323679283163,0.405
12.887153148651123,-1.4683539104254673,-0.7341769552127336,0.8665597066337037,-0.07036352930409046,0.405
12.897319793701172,0.0,0.0,0.8122544893325215,-0.062315684025230404,0.405
12.90748906135559,-0.7375162356692377,-0.7375162356692377,0.7411988240253405,0.011260996256278799,0.405
12.917667388916016,0.0,0.0,0.7498169690417956,-0.02540545539276163,0.407
12.92787480354309,-0.7347600028028869,0.0,0.7182852667475625,-0.027109575550848745,0.407
12.938094139099121,-1.4678057998740173,0.7339028999370086,0.7655897888730101,-0.0478153577116654,0.407
12.948257684707642,0.0,0.0,0.7014601908410976,-0.09836641506598674,0.407
12.958419561386108,-0.7380526488667823,0.7380526488667823,0.733536952987818,0.01611419565666425,0.407
12.968582153320312,0.0,0.0,0.7017497152506105,0.009296784282085076,0.407
12.978745460510254,0.0,0.0,0.664453983908302,-0.0339717075353347,0.403
12.988975286483765,-0.7331503018155545,0.0,0.6456628747087847,-0.05285440702643225,0.403
12.999191999435425,0.0,0.0,0.6304851982293116,0.02852322188784509,0.403
13.009355545043945,-0.7379314551127166,5.903451640901733,0.581825845973221,0.04131663294314298,0.403
13.019521474838257,-1.4755167804122986,0.0,0.6187419548597922,0.01241243127194444,0.399
13.029689073562622,-1.4752745861276555,0.0,0.6193653613494461,0.040360114935494434,0.399
13.040052890777588,0.0,0.0,0.5825735782626582,-0.03333716710916192,0.399
13.050220251083374,0.0,0.0,0.5830678526736668,-0.055213923979337456,0.399
13.060426235198975,-0.7348629896979466,4.409177938187679,0.54038952090364,-0.016845980005931294,0.399
13.070615291595459,-0.7360838637214526,1.4721677274429052,0.4936518539819607,-0.018445460831228007,0.399
13.081066608428955,-1.4352258417738843,1.4352258417738843,0.5458250988715367,-0.06822521958404754,0.405
13.091257810592651,-0.735928880570827,1.471857761141654,0.43305361980964263,-0.07200455611411521,0.405
13.101447105407715,0.0,2.9442665605915246,0.39503650373034566,-0.038762757217021354,0.405
13.111630201339722,-1.473029430357519,0.7365147151787595,0.3255685826823227,-0.06472989402983856,0.4
13.121996402740479,0.0,2.170515421237839,0.32022935676596637,-0.12525349987161027,0.4
13.132228374481201,0.0,2.1989896542082206,0.23126575616320166,-0.16151781426915438,0.4
13.142399072647095,0.0,0.7374125038092783,0.2926474351309596,-0.05529797657207421,0.4
13.152566194534302,-0.7376718881906013,0.0,0.18472206750959305,-0.06018449304459392,0.4
13.16273283958435,-1.4754129731250878,1.4754129731250878,0.23600810828037244,-0.029744577602634936,0.4
13.172927141189575,0.0,0.0,0.12589798000207703,-0.04612813174318907,0.401
13.18309760093689,-0.7374297904261803,4.424578742557082,0.13645120643321684,-0.05629694549659863,0.401
13.193261623382568,-1.475793671272079,0.0,0.16213689130935577,-0.11157807049868115,0.401
13.203426837921143,0.0,0.0,0.10211633263816824,-0.12756013213183268,0.401
13.213603973388672,0.0,3.6847303565571847,0.04152438633428876,-0.14141938620374608,0.403
13.22376799583435,0.0,0.7378968356360395,0.04696618460561021,-0.12749912001019126,0.403
13.233989953994751,-0.7337146055884685,1.467429211176937,0.06686597422547595,-0.08970254653263747,0.403
13.244152545928955,-1.4760014076246333,0.7380007038123166,0.039383024308222166,-0.07660096290877265,0.403
13.254315376281738,-0.7379833904189931,0.0,0.07499116133258431,-0.06476928227942741,0.403
13.264482259750366,-1.4753783739417958,1.4753783739417958,0.014678064012853806,-0.09452943177429773,0.403
13.274650573730469,0.0,0.0,-0.022377836415638744,-0.15354980673212443,0.405
13.284871816635132,-0.7337659490098202,2.20129784702946,-0.006064656184232145,-0.15371501987840777,0.405
13.295135259628296,0.0,0.0,-0.022583755070702205,-0.13981898882293958,0.405
13.305406332015991,-0.7302061281337047,0.7302061281337047,-0.05091585931404452,-0.16246345533283896,0.405
13.315603971481323,-0.7354643224539418,1.4709286449078836,-0.0882400043434748,-0.24037661292172452,0.407
13.325865268707275,0.0,0.0,-0.06319271844539713,-0.1911748694582203,0.407
13.336059808731079,-0.7356879253490493,0.0,-0.07370800694754204,-0.20390106671054264,0.407
13.346237897872925,0.0,2.21063106113844,-0.12496028246464273,-0.09708436441498772,0.407
13.35641098022461,0.0,0.0,-0.11810283274048772,-0.04996869922847631,0.407
13.366583347320557,-1.4745830403600055,0.7372915201800028,-0.1292261149340235,-0.12290109030331181,0.407
13.376760482788086,0.0,0.0,-0.09447656089172494,-0.11484246229973527,0.408
13.386981010437012,-0.7338172996174303,0.0,-0.14629378234981402,-0.10390507719302605,0.408
13.397145509719849,0.0,0.0,-0.09047668128365197,-0.12004104903504087,0.408
13.407312870025635,0.0,0.0,-0.16770417728893097,-0.16392194833141016,0.408
13.417478322982788,0.0,0.0,-0.17694605513796816,-0.15973364317241567,0.406
13.427643775939941,-1.4755859933860263,0.0,-0.1404437857982214,-0.12097644847390772,0.406
13.437868356704712,0.7335264078349073,0.0,-0.09381457847426679,-0.22200387337326968,0.406
13.448049068450928,-2.210061591063441,0.0,-0.09868731523693221,-0.18425643425482852,0.406
13.458211898803711,0.0,0.0,-0.16298017537738502,-0.09607206916373748,0.406
13.46837568283081,0.0,-0.7379141449683322,-0.1686412775173584,-0.16000004119344108,0.406
13.478541612625122,0.0,0.0,-0.16221344271085938,-0.07830630129911091,0.405
13.48871111869812,0.7374989449992967,0.7374989449992967,-0.15279664840252807,-0.12633639894517176,0.405
13.498906373977661,-1.4712726252280062,0.0,-0.12885093491555005,-0.14724120779270272,0.405
13.509117603302002,-0.7344855121529804,0.0,-0.11340609175012306,-0.13942552872468425,0.405
13.519284725189209,0.0,-0.7376718881906013,-0.13982066878536079,-0.22654815415440388,0.408
13.52944827079773,-2.21379436533815,0.0,-0.09808035705439945,-0.13915168002840023,0.408
13.539626359939575,0.0,-0.73687702037948,-0.1517603165820595,-0.1731170373125585,0.408
13.549795389175415,-0.7375335271499578,-0.7375335271499578,-0.09525981792716556,-0.11767498339467318,0.408
13.55998158454895,0.0,0.0,-0.1437995372435163,-0.06813275818832545,0.408
13.570249080657959,0.0,0.0,-0.053814930888412195,-0.009147644217184767,0.408
13.580437421798706,0.0,0.0,-0.10072392876839097,-0.04986776154653202,0.406
13.590625762939453,0.0,0.0,-0.08060686221522093,-0.10970731533201211,0.406
13.600835800170898,0.0,-0.7345712684475995,-0.05102570497214157,-0.1519469576935859,0.406
13.611013889312744,0.0,-0.73687702037948,-0.0887152669694041,-0.08353653637387551,0.404
13.621212482452393,0.0,-0.7353955489059285,-0.05114186952828403,-0.05299492949089478,0.404
13.63150429725647,-1.457468899854055,0.0,-0.04447611316478161,-0.03728932783143507,0.404
13.641687154769897,0.0,0.0,-0.009225360361678203,-0.06405799979108592,0.404
13.651913166046143,0.0,-0.7334237952017906,0.0014777745742240583,-0.019180830028037846,0.404
13.662095785140991,0.0,0.0,-0.03222288513898766,-0.09272020681483055,0.404
13.672318935394287,-1.4672580983698313,-2.200887147554747,0.03178870557275418,-0.15863069329160542,0.406
13.682494401931763,0.0,-1.4741338831743949,0.004675806962478303,-0.11266607221293606,0.406
13.692662954330444,0.7375681125439625,-2.2127043376318873,0.024766860918200035,-0.10369147450676365,0.406
13.702971935272217,0.0,0.0,-0.0008424601426885829,-0.08051721615922196,0.406
13.713187456130981,0.0,-0.7341769552127336,0.010195097166150075,-0.04957707630597045,0.402
13.723353147506714,0.7377756930437638,0.0,0.015349864111694745,-0.05284559056097869,0.402
13.733532667160034,0.0,-1.473546936481169,0.0884801688509557,-0.1105075824437525,0.402
13.743704080581665,0.0,-0.7373606488209647,0.0863813956141303,-0.09609341047206975,0.402
13.753911018371582,0.0,-0.7347943285604167,0.10312196654382418,-0.14322804769923536,0.402
13.764118432998657,-0.7347600028028869,0.0,0.07645720642823017,-0.09708307381455691,0.402
13.774284839630127,0.0,0.0,0.14801542935503553,-0.09262290810531648,0.409
13.784452199935913,0.7376545902215969,0.0,0.10082833074881134,-0.048673515614515536,0.409
13.794615745544434,0.0,-0.7379314551127166,0.13390600231607974,-0.07070950247222789,0.409
13.804787158966064,0.0,0.0,0.11956692802326799,-0.03654095507492748,0.409
13.814984798431396,0.0,-0.7354643224539418,0.12333717015998197,-0.05303998493779462,0.407
13.825180768966675,0.0,-0.7355847071203087,0.12092940209000215,-0.04749034804105692,0.407
13.8353750705719,0.0,-0.7357051312035174,0.08854318867325695,-0.0937083855540676,0.407
13.845694780349731,0.0,0.7267646243415581,0.08772790329270419,-0.06565506553945039,0.407
13.855939626693726,0.0,-0.7320754014428671,0.0989744819530709,-0.04876052656680499,0.407
13.86611270904541,0.0,0.0,0.1476335983533496,-0.0960138692620227,0.407
13.876285076141357,0.0,0.7372915201800028,0.11692380859710844,-0.11087710850947732,0.408
13.886463165283203,-2.21063106113844,-4.42126212227688,0.13527398283663988,-0.06756964726854094,0.408
13.896638870239258,0.0,-0.737049671977507,0.1034317828024796,-0.06116983775283913,0.408
13.906866788864136,0.0,0.0,0.14316730001966677,-0.030976260603473825,0.408
13.917082071304321,0.0,0.0,0.20154975142514292,-0.09624210766944792,0.406
13.92725396156311,0.73732608288018,-0.73732608288018,0.20249896873262807,-0.06345241659052987,0.406
13.937439680099487,0.0,0.0,0.13885702157424418,-0.028394722100294395,0.406
13.947608232498169,0.0,0.0,0.1459845728791082,0.03993821052607641,0.406
13.957784175872803,0.0,-0.7370324031770576,0.1966972537444227,0.039196428403423855,0.406
13.967966079711914,0.0,-1.4732018920058072,0.1654693055099718,0.09296327550567124,0.406
13.978169202804565,0.0,0.0,0.14936044975600019,0.047528170313871014,0.41
13.988335609436035,0.0,0.0,0.2030228730314314,0.035219273373230164,0.41
13.998497724533081,0.0,0.0,0.19739646458189442,-0.028012971083043244,0.41
14.008660793304443,0.0,0.0,0.21476075752770585,0.02370326079297008,0.41
14.018872261047363,0.7344683632967546,-0.7344683632967546,0.16470231320828077,-0.00433840513109985,0.407
14.029079675674438,0.0,0.0,0.1730855689181488,0.0010796203120966522,0.407
14.039241075515747,1.4761745659314875,0.7380872829657438,0.19844261574623015,0.025934385065761643,0.407
14.049404382705688,0.0,0.0,0.13215938157441706,0.05587947678800846,0.407
14.05956506729126,0.0,-0.7381392402093061,0.07559412905882162,0.034699835577410604,0.407
14.069733142852783,0.0,0.737602701181767,0.08150072512451728,-0.0020051455012328654,0.407
14.079967021942139,0.7328599384959463,-0.7328599384959463,0.18429040765287347,-0.057495277025753105,0.407
14.090157747268677,0.0,0.0,0.1984769650977471,0.032990114815376365,0.407
14.100342273712158,0.0,0.0,0.1984769650977471,0.032990114815376365,0.407
14.110524654388428,0.7365664512503511,0.0,0.12790531256213397,0.08705992223996958,0.407
14.12070107460022,0.0,0.7369978680036549,0.06141846451936649,0.09511290396036912,0.404
14.130993604660034,0.0,1.457367616400278,0.14821430264849744,0.05773744529996809,0.404
14.141231536865234,7.325698050813907,4.395418830488344,0.25344154705943867,0.04511940169736994,0.404
14.151443243026733,0.7344512152412972,0.0,0.2523622571194136,-0.09963183533667548,0.404
14.161618709564209,0.0,0.0,0.2512168242470944,-0.014638343430439198,0.404
14.171783924102783,0.0,1.4756206023079088,0.21163739962175543,0.008070308865211992,0.404
14.181970834732056,0.0,0.0,0.16258176104568,0.06303960746568654,0.406
14.192179679870605,0.0,1.4693140895396903,0.11098211585113409,0.0381255877519272,0.406
14.202347993850708,0.0,0.7375854064573613,0.03205251318598282,-0.007295598937552099,0.406
14.212516069412231,0.737602701181767,0.0,0.1040466343586563,0.0843056816486134,0.401
14.22268033027649,0.0,0.0,0.1579290177721051,0.00844859443571929,0.401
14.232912063598633,1.4660272631946871,1.4660272631946871,0.13679266471722493,0.07094587317154669,0.401
14.24313998222351,0.0,0.0,0.13676277425596484,0.05223739156400563,0.401
14.253303289413452,0.0,0.7379487660692502,0.07778905118470995,-0.003024135196452421,0.401
14.263466358184814,0.0,0.0,0.11213452183447081,0.09538300852307735,0.401
14.273637533187866,0.0,0.0,0.07906402624605094,0.05401191226496804,0.399
14.283804655075073,0.0,1.4753437763812025,0.03997349961478671,0.06677893992387768,0.399
14.293995380401611,0.0,-0.7359633156306296,0.037248844204239115,0.1767006801268596,0.399
14.304208278656006,0.0,1.4687309739471472,-0.047946745876167526,0.07853487073660737,0.399
14.314378261566162,-5.899714928732183,2.9498574643660915,-0.031599744427215,0.06867416096154362,0.397
14.324559926986694,0.0,0.0,0.01631904607479301,0.10083486489464014,0.397
14.334766149520874,0.0,0.7348458232106148,-0.06947122935629675,0.0038958318592997865,0.397
14.344970226287842,-1.4700007009509568,0.7350003504754784,-0.07165504507400083,0.08352410824837644,0.397
14.355152368545532,0.7365836982227738,0.0,0.01575867457007693,0.07331160033411388,0.397
14.365328073501587,-0.737049671977507,0.737049671977507,-0.062215134776546985,0.01744067074591034,0.397
14.375506162643433,0.0,0.73687702037948,-0.021557486369943174,0.10818315845195858,0.398
14.385680437088013,-0.7371533017762572,0.0,-0.022419702735535632,0.06300808584540273,0.398
14.396273612976074,0.0,0.0,-0.06226070606487626,-0.026455317136675927,0.398
14.406442880630493,-1.4750324713384755,0.0,-0.04081475514857057,0.016601244692416577,0.398
14.416612386703491,-0.7374989449992967,0.7374989449992967,-0.08051197468689524,0.016890435270535138,0.399
14.426778078079224,0.0,0.0,-0.14641337378959857,0.03460559638510358,0.399
14.436963558197021,0.0,0.0,-0.05760930087508769,0.04135379974481024,0.399
14.447125673294067,-1.4760706660723084,0.0,-0.09781668758867422,-0.029896044318237197,0.399
14.457289934158325,-0.7378795271157815,0.0,-0.1457578906355643,0.03921621724480661,0.399
14.467454195022583,0.0,0.0,-0.15187176981707398,0.06744502306374822,0.399
14.477629661560059,-2.211200824761592,0.0,-0.19216252096635789,0.012118819927938318,0.399
14.487809181213379,0.7367734682405845,0.0,-0.10236486683939211,0.010686163170968177,0.399
14.498149394989014,-1.450646991007609,0.0,-0.10187389167240868,-0.06599671009412983,0.399
14.508316040039062,-0.7377064865625439,0.0,-0.14200299912504752,-0.0007646913107985757,0.399
14.518483877182007,-0.7376199967172368,-1.4752399934344735,-0.05189883637234831,0.0780331025927384,0.401
14.528661012649536,0.0,0.0,-0.09966951124723503,-0.013632091444500595,0.401
14.538926601409912,-0.730596186450519,0.0,-0.10657692217400301,-0.021122279566291147,0.401
14.549116134643555,-0.7360494173803173,0.0,-0.04712657181045071,0.015214818247701087,0.401
14.559277772903442,0.0,0.0,-0.09888870025248363,0.005567616954957548,0.401
14.569440126419067,-1.476036036036036,-1.476036036036036,-0.0568825752246813,0.009204813314086999,0.401
14.579615354537964,-0.7370842120061858,0.0,-0.1383893757215166,-0.0320737105918172,0.402
14.589848041534424,-0.7329453155944919,-0.7329453155944919,-0.09920907528579652,-0.005613714432504607,0.402
14.6000497341156,0.0,-2.2055163710299377,-0.08014455387871613,-0.02381840028817034,0.402
14.610243558883667,0.0,0.7357395453269716,-0.08027589259633616,-0.08037014770316171,0.402
14.620427370071411,0.0,0.0,-0.05634192149380121,-0.0517571820168702,0.4
14.630613803863525,-1.4725467524868343,0.0,-0.05903679283470308,-0.08379802391251619,0.4
14.640889883041382,0.0,-0.7298503514999651,-0.005495132953017227,-0.06923060449804366,0.4
14.65108585357666,0.0,0.0,-5.4839407533424644e-05,-0.07697162858607781,0.4
14.66132116317749,0.0,0.0,0.010267228384105112,-0.1441142244490822,0.4
14.671508550643921,-2.2086133539282455,-1.4724089026188303,0.009042327490197889,-0.10813005415905262,0.4
14.681686162948608,0.0,0.0,0.08160327218655111,-0.0747592848903507,0.403
14.691863775253296,0.0,0.0,0.003207637738150436,-0.06855331155883469,0.403
14.702035665512085,0.0,0.0,-0.03495517279500197,-0.035067502178204216,0.403
14.712252616882324,-0.7340741605021819,-0.7340741605021819,-0.00749401114046635,-0.08371042075782273,0.401
14.722423553466797,-1.4747904360056259,-0.7373952180028129,0.0250234741206123,-0.09133337440814374,0.401
14.732606172561646,0.0,0.0,-0.0371833965870562,-0.10742023530999183,0.401
14.742772579193115,0.0,-0.7377237869655965,0.01468170952858887,-0.05503193312968016,0.401
14.75296688079834,0.0,0.0,0.08037935619010608,-0.061859503004230695,0.401
14.76313328742981,0.7377237869655965,0.0,0.0809071184048014,-0.11383881503451632,0.401
14.7732994556427,0.0,-0.7377410881801125,0.0864611427480836,-0.076950628846247,0.402
14.783468246459961,-0.7375508194415137,-0.7375508194415137,0.03944555742726735,-0.14665610021500528,0.402
14.793642044067383,-0.7371878515185601,-2.9487514060742406,0.08961833242498629,-0.04569549372082159,0.402
14.803808450698853,0.0,0.0,0.06381494846415824,-0.1639236504114435,0.402
14.81400203704834,0.0,-1.4715135071921412,0.10482234228448992,-0.09870162065459599,0.402
14.824174880981445,0.0,0.7372569607199775,0.09544721404648679,-0.06340208275055711,0.402
14.83437466621399,0.0,-1.4706192001121994,0.03375287522579013,-0.14034404119503202,0.402
14.844576835632324,0.0,-0.7351377626136337,0.0368024907783449,-0.0818686597051442,0.402
14.854772090911865,0.0,0.0,-0.005413399516940462,-0.07946461996630308,0.402
14.864974975585938,0.0,0.0,0.09356308912053608,-0.10856940653286601,0.402
14.875156879425049,0.0,-0.7366009460029036,0.10824138951752958,-0.16771921581873273,0.405
14.885338068008423,0.0,-0.7366526941901037,0.11577097262590444,-0.15538480316285852,0.405
14.895514726638794,0.0,-0.7369806016305875,0.09588796995106277,-0.16632874461639452,0.405
14.905689001083374,0.0,0.0,0.040443342602398444,-0.13030875057103591,0.405
14.915942668914795,0.0,-0.7314455786267352,0.04208517230880879,-0.09691419745408586,0.401
14.926177501678467,0.0,0.0,0.010676782714486716,-0.10145304413822931,0.401
14.936362266540527,1.4727880518750878,0.0,0.025495423777020215,-0.10565899750035915,0.401
14.946530103683472,0.0,0.0,0.041534989558408716,-0.1126029040468737,0.401
14.95669674873352,0.0,0.0,0.09669456948576624,-0.050852294185051904,0.401
14.979784965515137,0.6496820495874596,0.0,0.11483101562436579,-0.04863084740900788,0.404
14.98999810218811,0.0,-0.7343483437215491,0.10857871936385176,-0.08543043881691464,0.404
15.000168085098267,0.0,0.0,0.07716684908643284,-0.09864520285077118,0.404
15.010336875915527,0.7375508194415137,0.0,0.07816422127804838,-0.0891342643415342,0.404
15.020508050918579,0.0,0.0,0.020044971534382436,-0.01862469942036834,0.403
15.030675888061523,-1.4752399934344735,-6.638579970455132,0.0694908713602255,-0.028813410316739365,0.403
15.040846824645996,0.0,0.0,0.10230092295945194,-0.09142798964352847,0.403
15.051089763641357,0.0,0.0,0.0969475375814834,-0.05254224879965669,0.403
15.06125521659851,0.0,-1.4755859933860263,0.0427688526383856,-0.03424113490045877,0.403
15.07142424583435,0.0,0.0,0.06100822609156233,-0.022918151077699688,0.404
15.081885814666748,0.0,0.0,0.04621933435908423,-0.027415171401249723,0.404
15.092658996582031,0.0,-0.696173150975966,0.14563042299552378,-0.017806756879807584,0.404
15.102874279022217,0.7341940904635205,0.0,0.12502072559404834,-0.11097965995859958,0.404
15.113072156906128,0.7354471278610338,-0.7354471278610338,0.10775089868592713,-0.056437138285856225,0.403
15.123250961303711,-0.7368252406717729,0.0,0.14057552655284433,-0.0866869051689572,0.403
15.133422613143921,0.737343365445468,0.0,0.14890479705022233,-0.06616953573265484,0.403
15.143615961074829,-0.7357739626701595,-0.7357739626701595,0.15144761091178496,-0.010643183830012688,0.403
15.153783082962036,0.0,0.0,0.1737105532911381,-0.07639894566315189,0.403
15.163985967636108,0.0,-0.735086227041174,0.15579768398835564,0.097795635853494,0.403
15.174174070358276,0.0,0.0,0.20080377975770458,0.06974999071049048,0.406
15.184330463409424,0.0,0.0,0.09795952273067428,0.009938953209076989,0.406
15.194490671157837,0.0,0.0,0.10256817061051068,0.04037773283131664,0.406
15.204676866531372,0.7362906094934931,0.0,0.12515374440282745,0.0006536288671597744,0.406
15.214844465255737,0.0,0.7376372930638277,0.1832408737103267,0.03954902147840826,0.402
15.225138664245605,0.0,0.7285656715380874,0.18682628234212006,0.03442610087542744,0.402
15.235292673110962,-0.7386245274601423,-0.7386245274601423,0.1891855861802984,0.015631179226640323,0.402
15.245447874069214,0.7385378222284829,0.0,0.18177357719245396,0.00601298538890686,0.402
15.255600690841675,-0.7387112530527897,0.0,0.17641307230042347,0.05213789855576363,0.402
15.265753269195557,0.0,0.0,0.1518003726944002,0.06252503044764893,0.402
15.275920867919922,0.0,0.0,0.1361967684824391,-0.057317891379491094,0.403
15.286136388778687,0.7341769552127336,2.202530865638201,0.07270775387334977,0.032527953307856086,0.403
15.2962965965271,0.0,0.0,0.13982978542879484,0.1097836254925138,0.403
15.306464195251465,-5.163461051446794,0.0,0.09778920401390083,0.02150343746875909,0.403
15.316633462905884,2.2125487070077132,2.2125487070077132,0.13511617966565367,0.03627626308336111,0.401
15.326794385910034,14.762438406307194,-16.238682246937913,0.13352631005684498,-0.010492670898904854,0.401
15.337093591690063,0.0,0.0,0.06549568496598505,0.004027681968322486,0.401
15.347298622131348,0.7349316636684344,0.0,0.05209726266887424,0.057422352069379394,0.401
15.357483386993408,0.0,0.0,0.07270265705197847,0.03650459899361755,0.401
15.367650270462036,0.0,0.0,0.04437688924343913,0.04136722686897292,0.401
15.377814054489136,0.0,0.0,0.004108255664065549,-0.02487440872242818,0.402
15.388094663619995,1.4590575139146567,0.0,-0.005958259389747277,0.023335392512585436,0.402
15.398303270339966,0.7346742024382269,0.0,0.0776991578322647,0.05053923551171969,0.402
15.408490657806396,0.7362044513094151,-0.7362044513094151,0.12708981386761617,0.015485694728152352,0.402
15.41867446899414,0.0,0.0,0.11648985315312771,0.10460819933460944,0.404
15.428843975067139,0.0,-1.4749978899985934,0.164924862949933,0.14652342521788875,0.404
15.439076662063599,0.0,-0.7329453155944919,0.05987787108809053,0.18878240910201818,0.404
15.449241638183594,0.7378276064266448,0.0,0.07120547979203783,0.21067127397906504,0.404
15.459398031234741,0.0,0.0,0.05121209424305278,0.14748237243726947,0.404
15.469553470611572,0.0,0.0,0.059623896394995185,0.16293996044389739,0.404
15.479716062545776,0.0,-0.7380007038123166,0.0747681417870562,0.07722721865083866,0.402
15.489885568618774,2.9499957799971868,2.2124968349978897,0.07981046428401531,0.08327957746710168,0.402
15.500184535980225,1.4564566983818321,3.64114174595458,0.10151410286876113,0.1486254808982098,0.402
15.510350942611694,-4.426342721793579,-6.6395140826903685,0.08925932690744788,0.1420596246725899,0.402
15.520519495010376,2.95027245017585,0.0,0.1404145655044365,0.14814281727414563,0.402
15.530674695968628,2.9541512889139314,0.0,0.1447468309278791,0.14915137630711126,0.402
15.540844440460205,0.0,0.0,0.05672010132110561,0.2153179738097938,0.402
15.55111575126648,0.0,0.0,0.08601202152684669,0.22757687314676228,0.402
15.56126880645752,0.0,0.738693906305037,0.10188406844766457,0.1263982699481526,0.402
15.571418762207031,0.0,0.0,0.07327910587864861,0.18672848571331926,0.401
15.581578969955444,0.0,0.738173882435762,0.14266623582419263,0.15988782318252698,0.401
15.591739416122437,0.0,0.0,0.04375972284988931,0.1598791829867288,0.401
15.602082252502441,-0.725139577234273,0.0,0.12175769781946175,0.22582354560624793,0.401
15.612272262573242,0.0,0.7360149742629855,0.11599495222356931,0.1640504725587465,0.401
15.62250566482544,-1.4657881738968361,0.0,0.1419461812155364,0.16896872488108763,0.401
15.632715463638306,0.0,0.0,0.16984896622307444,0.12886330937332557,0.401
15.642999172210693,-0.7293088818306169,0.7293088818306169,0.10590722903323815,0.11737838106004816,0.401
15.653168439865112,0.0,0.0,0.17925157131557073,0.17606262454685076,0.401
15.663330078125,0.0,0.0,0.055586948021636357,0.13410879203068662,0.401
15.673490285873413,-0.738173882435762,2.214521647307286,0.05214586019994437,0.20578564599221147,0.402
15.683649778366089,0.0,0.0,0.09570611775170695,0.15490536997700693,0.402
15.693810224533081,0.0,0.7381565609160878,0.1242492743518105,0.022913395298857706,0.402
15.704010725021362,0.0,0.0,0.08313894580757261,0.11660571893766455,0.402
15.714171409606934,-6.643253161883756,0.0,0.09461002270022059,0.11488310682732021,0.4
15.724328994750977,0.0,0.0,0.04591921804830257,0.11478898387951164,0.4
15.73448395729065,0.0,0.7385551616462799,0.10563134120191489,0.15496834571259355,0.4
15.744653463363647,0.0,0.7374989449992967,0.07773646151943096,0.007711033079978377,0.4
15.75480842590332,-2.2156654849388397,0.7385551616462799,0.09864199986241104,0.0688433259596031,0.4
15.76497197151184,-2.21379436533815,0.7379314551127166,0.08038344526727924,0.1071750044903258,0.4
15.775184869766235,-0.7343654869735736,0.0,0.03389550081637435,0.06347692140620088,0.401
15.785342454910278,0.0,0.7383644728194535,0.011169692465078204,0.0028407437259142868,0.401
15.795501947402954,-1.4764517037454237,0.7382258518727118,0.0711653353858828,-0.025736635500358367,0.401
15.805658340454102,-0.738451137350642,0.0,-0.03741044486617143,-0.0837570114232703,0.401
15.815817594528198,-3.691215883222642,1.4764863532890569,0.0829920037322393,-0.02858887708269566,0.398
15.825992584228516,0.0,0.0,-0.026744141354896018,-0.03888589639832263,0.398
15.836155891418457,0.0,0.0,-0.07388235587070471,0.028367477571041362,0.398
15.846338987350464,0.0,0.7365147151787595,-0.09814451856739878,-0.04591026649744857,0.398
15.856528759002686,-2.944128781674817,0.7360321954187042,-0.10041994374919208,0.002866577966992242,0.398
15.866706848144531,-0.73687702037948,0.73687702037948,-0.020852083160312312,0.08809918328368607,0.398
15.876867055892944,0.0,-0.738173882435762,-0.038507330613754095,-0.045855207826592116,0.396
15.88702917098999,-0.7380353330361542,0.7380353330361542,-0.06084337389072582,-0.023598422705613784,0.396
15.897340059280396,-1.4547728166115568,0.0,-0.03592779964555665,0.05008399790580374,0.396
15.907504558563232,-0.7378622194075012,0.0,-0.08824279820359081,-0.07935618282438262,0.396
15.917669534683228,-2.213482819279934,0.0,-0.046457383388790505,-0.03685008100831431,0.395
15.927830696105957,-0.7381046012341913,1.4762092024683826,-0.01005002476291534,-0.11481077002230038,0.395
15.93799352645874,-0.7379833904189931,0.0,-0.08655648729499686,-0.1292211274115636,0.395
15.948169469833374,-0.7370324031770576,0.0,-0.007484850968548923,-0.0800149935570732,0.395
15.958326578140259,0.0,0.0,-0.03163498151217918,-0.10948171982722771,0.395
15.968480825424194,-0.7386071847851609,0.0,-0.08625911344942593,-0.11004012205844849,0.395
15.978635787963867,-0.7385551616462799,0.0,-0.014858081349040972,-0.11791789681965263,0.397
15.98879075050354,0.0,0.7385551616462799,-0.13590631607057208,-0.14619284821221748,0.397
15.99903154373169,-2.1970954298884826,0.0,0.024282133464482034,-0.16183972204981256,0.397
16.009190797805786,0.0,0.0,-0.04429296136062473,-0.1769168519083886,0.397
16.019350051879883,0.0,0.0,-0.04396900807382124,-0.07693375936773877,0.396
16.029507875442505,-0.7383471423541837,0.7383471423541837,-0.08233834469197467,-0.1514328008684422,0.396
16.039664268493652,0.0,0.0,-0.06980096156526892,-0.10212884374456427,0.396
16.049825191497803,0.0,0.0,0.012215782258158503,-0.10045171539936408,0.396
16.06002640724182,0.0,0.0,-0.026015809461667476,-0.14570689919606505,0.396
16.070189476013184,0.0,0.0,-0.05442839140803407,-0.12510588911758502,0.398
16.080387353897095,0.0,0.0,-0.034254513256855745,-0.143774310673637,0.398
16.090572834014893,0.0,-0.7363423140844081,-0.07887308891673368,-0.08875576161852483,0.398
16.100749731063843,-1.4739266721330677,-1.4739266721330677,-0.04381323718749168,-0.0638858288273284,0.398
16.11098551750183,1.4654467530047517,0.0,-0.1091983829768307,-0.140244207242292,0.398
16.121184825897217,0.0,1.4706879543701348,-0.07244544675916385,-0.10032981652472621,0.398
16.13135004043579,0.0,0.0,-0.003403704680344191,-0.13506624466198677,0.398
16.14152979850769,0.0,-0.7367562123802609,-0.11155059488234673,-0.12151860737154209,0.398
16.151690006256104,-6.643564941921859,-3.69086941217881,-0.06410593818525168,-0.06849418424178737,0.398
16.16198754310608,0.0,-0.7283295130930054,-0.08665357772973345,-0.09725612613949755,0.398
16.1722469329834,0.0,0.0,-0.009956239604896847,-0.05504714018282511,0.402
16.182408809661865,0.0,0.0,0.005567062021450624,-0.14533328400899057,0.402
16.19257140159607,0.0,0.0,-0.03143840001073747,-0.13632057233220518,0.402
16.20273470878601,0.0,0.0,-0.017518292136411838,-0.06272768919064317,0.402
16.212971687316895,0.0,0.0,-0.06647057702324956,-0.03914122864247535,0.402
16.223156213760376,0.0,0.0,-0.043836948692889274,-0.04492880414362416,0.402
16.233318090438843,-0.7380526488667823,-0.7380526488667823,-0.05067410600656818,-0.11712585727552947,0.402
16.24348211288452,0.0,0.0,-0.03107865153131447,-0.08145272898099838,0.402
16.253652334213257,-2.2123412335607284,0.0,0.02573888570229537,-0.09739902063770789,0.402
16.263819456100464,-0.7376718881906013,-0.7376718881906013,0.005552330634315523,-0.05288919959138485,0.402
16.27399706840515,0.7369115442278861,-0.7369115442278861,-0.03641542826770222,-0.04153580025050219,0.402
16.284212112426758,0.0,0.0,-0.06572146707828358,-0.07761606132561058,0.402
16.294376134872437,0.0,-0.7378968356360395,0.020494946760696648,-0.03624240375619925,0.402
16.30454134941101,0.0,0.0,0.01772916630834445,-0.14182338676313225,0.402
16.314700841903687,0.0,0.0,0.027266427143596263,-0.05930866309309667,0.404
16.324857473373413,0.7384338028169014,0.0,0.09069263536595741,0.01222006058669814,0.404
16.33502745628357,-0.7374643660915229,0.0,0.0032280711311851035,-0.0023082977616599026,0.404
16.345255613327026,-0.73326993006993,-0.73326993006993,0.07879439390091908,-0.03798541514545872,0.404
16.355435132980347,2.2103204047217537,0.0,0.19270242442870916,-0.07392413295043518,0.404
16.36564803123474,0.0,0.0,0.14521283346075028,-0.00867647868375869,0.404
16.375832557678223,2.2092337945080414,0.0,0.09023008646178571,-0.030155900368537783,0.403
16.386017322540283,0.0,0.0,0.04792595249188976,-0.0277569020195281,0.403
16.396233797073364,2.202325266621549,0.0,0.05345485428025036,-0.039535595679191154,0.403
16.40639328956604,0.0,-1.4764517037454237,0.04662503549951944,-0.07888623739413625,0.403
16.416552305221558,0.0,0.0,0.09082719592838456,0.01586770815277072,0.404
16.426711082458496,-0.7382778286277547,1.4765556572555094,0.081316347088608,-0.014387570776442905,0.404
16.43686866760254,0.7383644728194535,0.0,5.137115728868352e-05,-0.04542949644373173,0.404
16.44703221321106,0.0,0.0,0.08604371715130076,0.0007281296255713041,0.404
16.45719075202942,0.0,-0.738295155839279,0.13096990429949684,-0.03874348204839402,0.404
16.46734619140625,2.9540819344993543,0.0,0.12247260537900306,-0.010684828121246534,0.404
16.477500677108765,0.0,0.0,0.13602567741820074,0.03202416537589678,0.405
16.487661600112915,4.428731521892158,-6.643097282838238,0.04152109858956174,-0.07107514199673295,0.405
16.497823476791382,0.0,0.0,0.07863215120672609,-0.0034075454404364977,0.405
16.508020162582397,0.7355331088664422,0.7355331088664422,0.04653043481492741,0.015767013678641226,0.405
16.518182039260864,0.0,0.0,0.038720896671168785,0.022065234798477936,0.402
16.528337478637695,0.0,0.0,0.006266730530616773,0.07708621394977787,0.402
16.538491010665894,1.4773184305069622,0.0,-0.04208681504436724,0.06546712232365558,0.402
16.548659563064575,0.0,0.0,-0.027693050490655576,0.1464408762555638,0.402
16.558815479278564,1.4769716177195578,0.0,0.05380179857349914,0.09971210124322197,0.402
16.569061994552612,0.7319561625985992,0.0,0.0960727360870495,0.1430426550754774,0.402
16.579217672348022,0.0,0.7385031458352896,0.1092732267949041,0.2535739751103333,0.408
16.58937168121338,2.2158735823804268,-0.7386245274601423,0.06932222537625422,0.16910480924279653,0.408
16.59950828552246,-1.4797854925204628,1.4797854925204628,0.08275023369103843,0.13683444857238652,0.408
16.60967206954956,1.4758282899366644,-2.2137424349049963,0.15567790953056987,0.20283820375242761,0.408
16.619875192642212,1.4701381002453557,-1.4701381002453557,0.1603483250495419,0.20740080016247214,0.402
16.63009238243103,1.4681140616978579,-2.2021710925467866,0.035305204574937674,0.1438996600791544,0.402
16.640301942825317,0.0,0.0,0.11379501059469693,0.21317963689006383,0.402
16.650468587875366,-0.7377064865625439,0.0,0.13620946053175745,0.16564661455174495,0.402
16.660623788833618,-0.7385378222284829,0.0,0.023848399352798165,0.16231745567639985,0.402
16.67077875137329,0.7385551616462799,0.0,0.13307189011685855,0.2158056387820031,0.403
16.68093514442444,0.738451137350642,0.0,0.1558161479796644,0.1421507433753577,0.403
16.69109320640564,0.0,0.7383298127024363,0.09229322062617937,0.17259069804682295,0.403
16.701251745224,0.0,0.0,0.08145862072103754,0.25978492168859646,0.403
16.711409330368042,0.0,0.0,0.16266319796348383,0.23818479830307254,0.402
16.721580743789673,0.0,1.4747212976419295,0.11416522630219302,0.17262054920372275,0.402
16.73173713684082,0.0,0.0,0.05326959211703661,0.20188320496802548,0.402
16.741906881332397,0.0,0.0,0.10394065119717287,0.27424624892566585,0.402
16.752074480056763,0.0,0.7376372930638277,0.13655475311859103,0.20713658309976063,0.402
16.762229681015015,-1.4770756444569657,0.0,0.1285149379081939,0.11778862598413498,0.402
16.772382259368896,0.0,0.0,0.13705243691236835,0.17321587592031334,0.398
16.78253722190857,-0.7385551616462799,0.0,0.17240962706616078,0.30816592299552625,0.398
16.792696952819824,0.0,0.0,0.08932780005225446,0.2046983735561694,0.398
16.802852869033813,0.0,0.0,0.02521922597678429,0.10905088870692842,0.398
16.813024759292603,-1.47465216576036,0.73732608288018,0.056107668924403754,0.19095790564850917,0.401
16.823246479034424,-0.7337317192638724,-0.7337317192638724,0.13221729653391606,0.20594485731221274,0.401
16.83340573310852,0.0,0.7382431766445284,0.11468095982335454,0.17300334622298502,0.401
16.843565464019775,-1.4764170558280336,0.0,0.025428185059392573,0.14020357553202042,0.401
16.853724002838135,0.0,0.0,-0.017338202648993706,0.18058885905906072,0.401
16.863900661468506,-1.473961203261175,0.0,0.1077904249399639,0.205410608776313,0.401
16.874101400375366,-2.205722566319972,0.0,0.1104195451563717,0.13267863860599496,0.403
16.88428235054016,0.0,-0.7366699452016299,0.04075930639156635,0.10358654438469267,0.403
16.894450664520264,0.0,0.0,0.03442405222397274,0.17216647581097497,0.403
16.904608488082886,-1.4766942847083675,0.0,0.06691162885518431,0.2022888143306066,0.403
16.91476845741272,-0.738191204768386,0.0,0.10702591912568121,0.12539974325819875,0.402
16.92493176460266,-1.4758975321385004,0.0,0.07513615824358842,0.06279634107515708,0.402
16.935089588165283,0.0,0.7383471423541837,0.018460399014193458,0.09176071021551292,0.402
16.945258378982544,-1.4751016388830274,0.0,0.04167459049706345,0.12882654497445079,0.402
16.955411911010742,0.0,0.0,0.020882106512378994,0.04810688972636021,0.402
16.965578079223633,-2.213223264540338,1.475482176360225,0.006631628262090729,0.010867182611801444,0.402
16.975733518600464,-1.4770409672496772,0.0,0.04695667903487129,0.09203406146343408,0.402
16.98588728904724,0.0,0.0,0.039296999957330374,0.06068743027044167,0.402
16.996046781539917,0.0,-0.7382258518727118,0.020294299604770305,0.008666723536637657,0.402
17.00620675086975,-1.476382409536772,0.0,0.030135673191704796,0.007520267208896439,0.402
17.016364812850952,-0.7383298127024363,0.7383298127024363,0.09222499982349391,0.07707567789310518,0.399
17.026520490646362,-0.7385031458352896,0.7385031458352896,0.09351057931220229,0.04131279621553522,0.399
17.036675691604614,0.0,0.0,0.03242946329664887,-0.00878462177184361,0.399
17.046833992004395,-1.4766249677283074,0.0,0.017621453362903362,0.04430012125125188,0.399
17.056999683380127,-1.4755513860875276,0.7377756930437638,0.08604248206657955,-0.0017658819730097808,0.399
17.067156076431274,0.0,0.0,0.06681614333240951,-0.07521875249625867,0.399
17.077316522598267,-1.4763131218321757,0.0,0.02034927740130236,-0.057909492478256094,0.4
17.087518215179443,0.0,0.0,0.05811554814678549,-0.011854294672452442,0.4
17.097694158554077,0.0,1.4740648063541153,0.06425362628167988,-0.04326751610772705,0.4
17.10785722732544,-0.73796607783799,0.0,0.05587208633581437,-0.052405425038411585,0.4
17.11802887916565,-0.737343365445468,0.0,0.03929033385711885,-0.04948336358676287,0.4
17.128231525421143,-0.7351034047624612,0.0,0.0796482504664474,-0.08633063412100585,0.4
17.1384220123291,0.0,0.0,0.1127398374290479,-0.0947001658194754,0.4
17.148622035980225,-1.4705848253938572,0.0,0.00014890885705707863,-0.15983964838341758,0.4
17.158782720565796,0.0,1.4762784804186122,0.04669639213961062,-0.08345801942113917,0.4
17.168939113616943,0.0,0.0,0.09592492296426441,-0.05549794764397353,0.4
17.179118871688843,-1.4735124247605218,0.0,0.01751820809477184,-0.06535475021521009,0.399
17.189274311065674,-0.7385204836248386,0.0,-0.03612803716036163,-0.057526963410432924,0.399
17.19943332672119,-0.7382605022295236,0.0,0.01591338387902217,0.014579232482095833,0.399
17.209600687026978,-1.4753091804431937,0.0,0.1006219730613644,-0.05315145516739683,0.399
17.21975612640381,0.0,0.0,0.07387401751409081,-0.037941060610079,0.399
17.229910135269165,-0.7386245274601423,0.0,0.019251313631635222,-0.09363580473475751,0.399
17.240071535110474,-0.7380872829657438,0.0,0.005596100878447242,-0.06001584573353465,0.399
17.2502920627594,-0.7338172996174303,0.0,0.07139102366236584,-0.053156198539341795,0.399
17.26044797897339,0.0,0.0,0.013255954352349473,-0.11497644552257359,0.399
17.27060341835022,-0.7385204836248386,0.7385204836248386,-0.0217014073872649,-0.09067188399144649,0.4
17.28075885772705,-0.7385204836248386,0.0,0.03389721040532964,-0.10047049742741304,0.4
17.290919065475464,0.0,0.0,0.07927571466003556,0.009602844068371669,0.4
17.30108618736267,0.0,0.7376718881906013,0.06927778253961088,-0.006194192875426829,0.4
17.311254024505615,0.0,0.0,0.017552190818453228,-0.04182730741868354,0.403
17.321410655975342,0.0,0.0,0.0273899235270157,-0.08969929049692948,0.403
17.3315691947937,-0.738295155839279,0.0,0.10337480939701266,-0.06629725499790756,0.403
17.341737747192383,0.0,0.0,0.052529463438895974,-0.06154209026054075,0.403
17.351893186569214,0.0,0.0,0.02743500193639825,-0.09003040955295018,0.403
17.362115383148193,0.0,0.0,0.026508689357834125,-0.1008442886932268,0.403
17.372311115264893,-0.7356019081470395,1.471203816294079,0.04381513813275771,-0.007542408030735082,0.397
17.38256549835205,0.0,0.0,0.006342854709771618,-0.026549553308541557,0.397
17.392750024795532,0.0,-0.7364112648360137,0.032173592903937565,-0.10768977587511039,0.397
17.402913331985474,0.0,0.7379487660692502,0.05765113708936882,-0.08539675088656817,0.397
17.41310214996338,0.7361010881010881,0.7361010881010881,0.0522545604657099,0.005312664464844019,0.403
17.423258304595947,-0.7384684726982487,2.215405418094746,0.06120362287883311,0.06179624748338533,0.403
17.433413982391357,0.0,-1.4770062916705793,0.0770302333543401,-0.0798611031726589,0.403
17.44357419013977,0.738173882435762,2.214521647307286,0.018051871392411278,-0.10836024995064085,0.403
17.453730821609497,0.0,4.430602816901408,0.0323709812016719,0.010537510941702855,0.403
17.463886260986328,0.0,0.0,0.08638639179489165,0.054999068689964264,0.403
17.474053859710693,0.0,0.0,0.08341085570066024,-0.04770856636053414,0.399
17.48426866531372,0.0,0.0,0.014197612457148914,-0.024832066250342552,0.399
17.494428873062134,0.0,0.0,0.002976603718593599,0.0465366352942153,0.399
17.504584074020386,0.0,0.7385378222284829,0.009503260711197788,0.0275882708084685,0.399
17.514739513397217,0.0,0.0,0.037667949471564835,0.0190361290316388,0.4
17.524892807006836,0.7386765603719532,0.0,-0.010767654832738241,-0.05805129284942761,0.4
17.535079956054688,0.7362216813330836,0.0,-0.06020300084769465,0.018668189744974473,0.4
17.545246601104736,0.7377064865625439,0.0,-0.0729273549497211,0.034272409676688265,0.4
17.55540132522583,0.0,0.0,0.0339631992489583,0.0186185625140127,0.4
17.565569639205933,0.0,0.0,0.04683417638504099,-0.04470902469195208,0.4
17.575725078582764,0.7385204836248386,0.0,0.017253211095962694,0.011904904279768258,0.401
17.585883378982544,0.0,0.0,-0.06557893149292571,0.05408685193610389,0.401
17.59609818458557,0.0,-0.7342283633647652,-0.029213773541242757,0.07753024915679232,0.401
17.606260776519775,0.0,-0.7380007038123166,0.015256451868251156,0.05437436489181494,0.401
17.61642074584961,0.0,0.0,0.01168272076692059,-0.01806884437410687,0.401
17.626586437225342,0.0,0.0,-0.06442747039076357,0.03483696767546933,0.401
17.636789798736572,0.7350518740069165,0.0,-0.08838602726612804,0.1451932891774708,0.401
17.64695906639099,0.7375162356692377,-2.2125487070077132,0.0040638511337367095,0.13061457835764057,0.401
17.657122373580933,0.0,0.0,0.03665532364095013,0.07041136224207378,0.401
17.66727876663208,1.476902274701284,0.0,-0.06592953765141718,0.04854716210545798,0.401
17.677438020706177,0.0,-0.7382431766445284,-0.12438330444986959,0.11103406871926523,0.397
17.68759536743164,0.0,0.0,-0.0697706559860261,0.186886503539543,0.397
17.697755813598633,-0.7381565609160878,0.0,0.019114320750959438,0.0914835853041666,0.397
17.707914352416992,-0.738295155839279,-2.214885467517837,-0.021684782176830626,0.057188414886845715,0.397
17.718076944351196,0.7380007038123166,1.4760014076246333,-0.08367057265182884,0.08791700257966202,0.399
17.728235960006714,1.476521004459047,-1.476521004459047,-0.040883206099158395,0.17014269803223456,0.399
17.738391876220703,-0.7384858088597789,1.4769716177195578,0.023174687774313328,0.14778383255760377,0.399
17.748560428619385,-2.2127043376318873,0.0,0.059732103357945494,0.14448077905508783,0.399
17.758715867996216,-6.646684352623548,11.816327737997417,0.024828128900156295,0.08067092497473202,0.399
17.768869161605835,10.341471845207344,-14.773531207439063,-0.02409883513023674,0.08247893825552044,0.399
17.779064178466797,-2.9426140642173944,1.4713070321086972,-0.05368119267373097,0.19379941424134658,0.399
17.789252042770386,-14.723399873628045,12.514889892583838,0.14065679409198728,0.16713202598819432,0.399
17.799411058425903,-0.7382605022295236,0.0,0.14065679409198728,0.16713202598819432,0.399
17.80958366394043,0.0,0.0,0.13826191499124246,0.09166718457403447,0.399
17.819744110107422,0.0,0.0,-0.06778214771985613,0.20814929144516797,0.4
17.829910278320312,-0.7377410881801125,-0.7377410881801125,-0.027595298936557662,0.20774039536692696,0.4
17.840100526809692,0.0,0.0,0.1060520713381021,0.18076125580537342,0.4
17.850258827209473,0.0,0.0,0.17103199946417827,0.08145695843951806,0.4
17.860413074493408,-0.7386071847851609,0.0,0.0770686781158025,0.07871005114244206,0.4
17.870579481124878,-1.475447573931193,-0.7377237869655965,-0.04037918721659362,0.10269775318960354,0.4
17.88078260421753,0.0,-0.7350690501226779,0.0013309304325105145,0.13736660354671998,0.4
17.890944480895996,0.0,0.0,0.06390151930081586,0.10004981536707618,0.4
17.901238203048706,0.0,-0.7285994209612043,0.07901066973578552,0.06310314679921031,0.4
17.91141438484192,0.0,0.0,0.03060034764631791,-0.010896700279711811,0.404
17.92159652709961,0.0,0.0,-0.06796734930215545,0.005039229722559019,0.404
17.9317684173584,0.0,0.0,-0.08967484667419989,0.06329771144912186,0.404
17.941933155059814,0.0,-0.7378449125111413,-0.0013373732025582646,0.09913778844017256,0.404
17.952216386795044,0.0,0.0,0.015663476314237097,0.05354002582591867,0.404
17.96238422393799,0.0,-0.7376199967172368,-0.047424904543948876,0.013287090342030627,0.404
17.972550868988037,0.0,0.0,-0.08732262053877324,-0.012894949054001487,0.396
17.982720136642456,0.0,0.0,-0.16224972805361046,0.0015296452561206347,0.396
17.992883682250977,0.0,-4.4275887306763,-0.02843435057513359,-0.023523273067384318,0.396
18.003124952316284,0.0,0.0,0.10615041533385466,-0.021028017223300013,0.396
18.013347625732422,0.0,-0.733663269351867,0.05567361547952275,0.045470929687715905,0.4
18.023550987243652,0.0,-0.7350518740069165,0.028114941417399536,-0.05092880030038527,0.4
18.0337131023407,0.0,-1.4760706660723084,-0.04304133475639731,-0.09475436135889262,0.4
18.043874740600586,0.7380699655099598,-1.4761399310199197,-0.05971637906631104,0.0052021291725492524,0.4
18.054067373275757,0.0,-0.7358255947229304,-0.02097653638238166,0.003547929642309433,0.4
18.064234256744385,0.0,-1.4753783739417958,0.08935152751364152,0.016122159847839573,0.4
18.074398279190063,0.7378968356360395,0.0,0.12001755779591332,-0.013854355191889545,0.399
18.08462619781494,0.0,-1.4665740460150585,0.12434606210706708,-0.013630658291993697,0.399
18.09479808807373,0.73732608288018,-2.21197824864054,0.08550299681377077,-0.014705919608229978,0.399
18.104970932006836,0.7372569607199775,-0.7372569607199775,-0.00800304052980985,-0.0386694026443444,0.399
18.11526107788086,0.0,-0.7288526413345691,0.009114683355370901,-0.033149424692610674,0.399
18.12542486190796,1.4758282899366644,-0.7379141449683322,0.05623055669801981,0.02107880352913212,0.399
18.135592937469482,0.737602701181767,-1.475205402363534,0.0890732806355996,0.015405556632165238,0.399
18.1458101272583,1.4681140616978579,-1.4681140616978579,0.2280126129827606,-0.0243321498384972,0.399
18.155982971191406,0.0,-0.7372569607199775,0.20718732977644072,-0.019410512128235788,0.399
18.166269063949585,1.458279674570614,-2.187419511855921,0.17157203796803816,-0.0015396281278591412,0.399
18.176432847976685,0.7379141449683322,0.0,0.09845152835300668,-0.019821639444815575,0.399
18.186597108840942,0.7378795271157815,0.0,0.052826133900941034,0.012624195042288386,0.399
18.19676423072815,0.0,-2.2130156645718038,0.0819209905272315,0.09874988353615201,0.399
18.206928491592407,0.7378795271157815,-0.7378795271157815,0.15848723936851827,0.07797455299348488,0.399
18.21721363067627,2.187622337096363,-1.4584148913975752,0.17337540499685572,0.03298274502645025,0.398
18.22737407684326,0.0,0.0,0.15314379783793464,0.012042819562743494,0.398
18.237629890441895,1.4625850846196764,0.0,0.10064525159573152,0.04203524952333954,0.398
18.247794151306152,1.475759054231563,-2.2136385813473445,0.07656414453996851,0.1112114632988409,0.398
18.257953643798828,0.7382258518727118,-0.7382258518727118,0.21695557565912763,0.05401004356608639,0.398
18.26820206642151,0.0,0.0,0.27687354995455393,0.025206461814033847,0.398
18.278382062911987,2.210216871984636,-2.210216871984636,0.1539819210284372,0.025655660500245994,0.398
18.288540601730347,0.738295155839279,-0.738295155839279,0.07671188487879069,0.05949183907354298,0.398
18.298707962036133,0.7376545902215969,-0.7376545902215969,0.15070986188224308,0.11379271477398979,0.398
18.308924436569214,0.734108422207183,-0.734108422207183,0.26111260664986286,0.12250196728191817,0.398
