time,meas_r_x,meas_r_y,meas_v_x_dot,meas_v_y_dot,state_z
0.0,0.0,0.0,-0.13748718157516837,0.04578556806237702,0.397
0.010239839553833008,0.0,0.7324333511839624,-0.0724126433726456,0.09992542451851069,0.397
0.020448684692382812,0.0,0.7346570447698452,-0.02974249221107199,0.06918039055153652,0.397
0.030714035034179688,0.0,0.0,-0.13194941497577742,0.02160835886633119,0.402
0.04088258743286133,0.0,1.475136225087925,-0.20060418924136708,0.021861705917877935,0.402
0.05119442939758301,0.7273191371297774,0.7273191371297774,-0.13172519623803433,0.11611648236274351,0.402
0.06138181686401367,-0.7362044513094151,5.153431159165906,-0.2099559571419572,0.11193713247209822,0.4
0.07155323028564453,0.0,0.7373606488209647,-0.20293091946403136,0.06785947210887017,0.4
0.08173036575317383,0.0,2.947784285245748,-0.23737330163710535,0.031196174417601502,0.4
0.09190011024475098,0.0,3.6874082757003865,-0.27503425861077546,0.011454321768792877,0.4
0.10211825370788574,0.0,0.0,-0.39978913011476164,0.10360340733457607,0.4
0.1123659610748291,0.0,2.195613047322135,-0.3854998880075822,0.05962482279248076,0.4
0.12253856658935547,0.0,1.4745484800899993,-0.4778170082589955,0.0882353312706651,0.4
0.1327359676361084,0.0,1.4709630357017605,-0.4107600738526347,0.10026234703946585,0.4
0.14293384552001953,0.0,0.7354471278610338,-0.5103188340512383,0.06813494568504838,0.4
0.15311574935913086,0.7366009460029036,0.0,-0.5555255236380974,0.05795555215983726,0.4
0.16334009170532227,0.0,0.0,-0.586183537239828,0.07937575682272663,0.4
0.173506498336792,0.0,0.0,-0.608925434724055,0.024528492852381394,0.4
0.1836700439453125,0.0,0.7379314551127166,-0.5187352410523529,0.1002319161263909,0.4
0.19383573532104492,0.0,0.7377756930437638,-0.5084171034113908,0.04228326509374512,0.4
0.20400547981262207,0.0,0.7374816551400774,-0.6155940676064843,0.04926261054710482,0.4
0.21418976783752441,0.0,0.0,-0.6017498207260056,0.076891816885221,0.4
0.22435307502746582,0.0,0.0,-0.6885304927572722,0.07603313256276945,0.402
0.23451542854309082,0.0,0.0,-0.7432514254270052,0.12514217941202196,0.402
0.2446765899658203,0.0,0.0,-0.658033556431145,0.03977133603150464,0.402
0.25484585762023926,0.0,0.0,-0.7276843758746262,-0.007257918270227922,0.402
0.26512908935546875,0.7293427001460666,0.0,-0.7103504051807034,-0.009174366762434924,0.4
0.27532172203063965,0.0,-1.4716511894458608,-0.6363840808182701,0.010277863783846106,0.4
0.2855679988861084,0.0,-0.7319731943410275,-0.6193095759982555,0.09664136879219232,0.4
0.295743465423584,0.0,-1.4741338831743949,-0.5937508364296166,0.0894387316763752,0.4
0.3059258460998535,0.0,-0.7365664512503511,-0.6503039990443461,0.11476427657969529,0.4
0.3161344528198242,0.0,-0.7346742024382269,-0.6676238972782284,0.10017272636279224,0.4
0.3264584541320801,0.7264625190522378,-1.4529250381044756,-0.6223629514914698,0.1482763697063258,0.401
0.3366234302520752,0.0,-1.4756552128532896,-0.6312012454765834,0.030109647496918475,0.401
0.3467864990234375,0.0,-2.21389823351397,-0.613643161171872,0.15199557628577187,0.401
0.3569529056549072,-0.7377237869655965,-1.475447573931193,-0.615851304436854,0.09508366648684344,0.401
0.36724400520324707,0.0,-1.457570197386711,-0.6617424496155793,0.09233923969225885,0.402
0.37744593620300293,0.7351549427436317,-3.6757747137181584,-0.4810173123073135,0.1723250875745507,0.402
0.3876070976257324,0.0,-0.7381046012341913,-0.49634617903267003,0.06850976046282137,0.402
0.39777374267578125,0.0,-3.68853243281272,-0.4765470025936758,0.025805826183506252,0.402
0.40793752670288086,0.7379141449683322,-0.7379141449683322,-0.44441442092583383,0.11998817067144467,0.402
0.41817307472229004,0.0,-0.732740443968228,-0.422036381221571,0.054517916740420065,0.402
0.42839670181274414,-0.7335948322100697,-1.4671896644201394,-0.4213849643276638,0.08843639419978623,0.401
0.4385995864868164,0.0,-2.2052586811235217,-0.36974751761011704,0.10075049519128555,0.401
0.4487636089324951,-0.7378968356360395,-1.475793671272079,-0.43040694043078115,-0.008139561407739145,0.401
0.458925724029541,0.7380353330361542,-2.2141059991084626,-0.357692371367566,0.07688981832265156,0.401
0.4691469669342041,0.0,-0.7337659490098202,-0.3603179048658638,0.020592972835739656,0.398
0.47936511039733887,0.0,-2.9359540809183815,-0.2778471295517238,0.1533351484625764,0.398
0.48952722549438477,0.0,-0.7380353330361542,-0.3933205122546183,0.10030519745928111,0.398
0.4997081756591797,0.0,-2.2100098356048896,-0.3932791649239138,0.14458261112282514,0.398
0.5098731517791748,0.7378276064266448,-2.213482819279934,-0.3495267511154077,0.15951144991538443,0.398
0.5200421810150146,0.0,-1.4750670542999156,-0.34440453867025156,0.07489437463630048,0.398
0.5302503108978271,0.7347085201793722,-1.4694170403587443,-0.2959738312523361,0.17612319507307483,0.403
0.5404257774353027,-0.7370669415871974,-1.4741338831743949,-0.2643020678959557,0.12871033099920276,0.403
0.5505962371826172,-0.7374297904261803,-1.4748595808523606,-0.2782398950432889,0.06590852505636025,0.403
0.5607619285583496,-0.7377756930437638,-2.2133270791312913,-0.22415208981768908,0.04115305479650843,0.402
0.5709357261657715,0.7371878515185601,-2.9487514060742406,-0.27595921007916435,0.016014536875376628,0.402
0.5811505317687988,0.0,-1.4684567267295303,-0.0924583645885509,0.05604546218196734,0.402
0.5913369655609131,0.0,-1.4725467524868343,-0.09788130267638778,0.04853451880865984,0.402
0.6015067100524902,-1.4749633102801547,-2.212444965420232,-0.1656104865521522,0.0319585922064007,0.402
0.6116724014282227,0.7377756930437638,-1.4755513860875276,-0.13540008681480686,0.06787983070538892,0.402
0.6218411922454834,0.0,-1.4751016388830274,-0.17094932806207314,0.06103790642298437,0.403
0.6320059299468994,0.0,-1.4756898250222825,-0.1585638815218677,0.08893500956497158,0.403
0.6423797607421875,0.0,-0.7229730412999011,-0.10877910505911968,0.08348648101072427,0.403
0.6525497436523438,0.0,-2.2123930982745685,-0.08689614052560951,0.08906003572746943,0.403
0.6627140045166016,0.7378795271157815,-2.2136385813473445,-0.035310614322309024,0.11792474531861077,0.4
0.6728866100311279,0.0,-1.4745484800899993,-0.1091664873022611,0.07706688257788934,0.4
0.6831367015838623,0.0,-2.195102344622255,-0.06742011362484936,0.1193288869563452,0.4
0.6933465003967285,0.0,-0.734588422109614,-0.10640873379144673,0.03241497517312196,0.4
0.7035348415374756,0.0,-2.2084066178363324,-0.07075899158456725,0.09646686888135822,0.4
0.7137012481689453,0.0,-0.7377237869655965,0.01563972860151,0.035189366163502864,0.4
0.7238686084747314,0.0,-1.4753091804431937,-0.04355772829031958,0.01788559497313153,0.397
0.7340364456176758,0.0,-2.2128599901517103,0.02904970836718842,0.09670970788763181,0.397
0.7443366050720215,0.0,-0.7281440674042868,-0.010064672862785999,0.06139237534265044,0.397
0.7545478343963623,0.0,-3.672427560764902,-0.028088753480886096,0.03526538989602686,0.397
0.7647233009338379,0.0,0.0,-0.044140673277944006,0.02372169743945036,0.4
0.7749104499816895,0.0,-2.9448867253323345,-0.09867482704085402,0.05186616752715727,0.4
0.7851417064666748,0.0,-1.4660955887493299,0.0010343381090273142,0.023530485276037485,0.4
0.795363187789917,0.0,-0.7337488337376376,-0.03567874486675386,-0.03428545023736872,0.4
0.8055410385131836,0.7368942818993183,-2.210682845697955,0.027355523669611505,0.022182126218667695,0.4
0.8157064914703369,0.0,0.0,0.05799751392005564,0.09350177247071964,0.4
0.8258683681488037,0.0,-1.4761052977335647,-0.04941196679922791,0.04274214564996567,0.399
0.8360288143157959,0.0,-1.4763131218321757,-0.06218045888668515,0.08685835012521735,0.399
0.846243143081665,0.0,-1.4685252789318892,-0.031370925370087135,0.08784632068423515,0.399
0.8564503192901611,1.4695543305615248,-1.4695543305615248,-0.10585304115135252,0.03918115281500078,0.399
0.8666141033172607,0.0,-0.7379141449683322,-0.03101994454561718,0.09151595372613862,0.397
0.8767786026000977,0.0,-0.7378622194075012,-0.048850596842093516,0.055192773337808386,0.397
0.8869407176971436,0.0,-1.4760706660723084,-0.10335031064324456,0.14469214602080055,0.397
0.8971655368804932,1.4670186074709695,-1.4670186074709695,-0.01036212933765457,0.03693927672632388,0.397
0.907346248626709,0.0,-1.473374394042294,-0.010376138653333119,0.01427525644358798,0.397
0.9175093173980713,0.0,-0.73796607783799,0.058283644694639286,0.04847553986073186,0.397
0.9276742935180664,0.0,-1.4756552128532896,0.019199739689763625,0.01268334374705723,0.398
0.937842607498169,0.7375854064573613,-0.7375854064573613,-0.023730314167828642,0.08107317846188829,0.398
0.9480111598968506,0.0,-1.475136225087925,0.09028215932566927,0.09966932266507254,0.398
0.9582047462463379,0.7357567535960706,-2.2072702607882118,0.05395796326098577,0.10713806694989325,0.398
0.9683692455291748,0.0,-0.7378622194075012,0.008237575888519593,0.1281240231238468,0.398
0.9785318374633789,0.7380007038123166,-2.21400211143695,-0.019216868511866755,0.09285452944949896,0.398
0.9886946678161621,0.0,-2.2139501712569793,-0.02136354187953022,0.07540635570026977,0.398
0.9989650249481201,0.7302569816839612,0.0,0.027467598742371813,0.11852577559938977,0.398
1.009242296218872,0.0,-0.7297656938709228,0.09855504843979532,0.13268394970024824,0.398
1.0194554328918457,0.0,0.0,0.06910705649126013,0.13597759433307638,0.398
1.029670000076294,0.734245501015335,-1.46849100203067,-0.009563877176188104,0.2015928468399787,0.402
1.03987717628479,0.0,0.0,-0.03293400781245194,0.1315103508295779,0.402
1.0500624179840088,0.0,0.0,-0.03293400781245194,0.1315103508295779,0.402
1.0603039264678955,0.7323139957165471,-2.1969419871496414,-0.04647109218754103,0.11477074257396384,0.402
1.0704734325408936,0.7374989449992967,0.0,-0.05816536520828662,0.01986872276829882,0.402
1.0806353092193604,0.7380526488667823,-1.4761052977335647,-0.04683178527250483,0.03771529158995265,0.402
1.0907964706420898,0.0,0.0,-0.041292357964837094,0.009489339299299938,0.402
1.100977897644043,0.0,0.0,0.009630236038195752,0.05400202759641938,0.402
1.1111693382263184,0.0,-1.471823328498573,-0.01704897569990363,0.09934944045460647,0.402
1.1213741302490234,0.0,-0.7349488341666277,0.0007202907967151714,0.10981735668331502,0.403
1.1315343379974365,0.0,-0.738173882435762,0.005257211239293069,0.13089453046137522,0.403
1.1417291164398193,0.0,0.0,0.01808890265766966,0.12279535343687614,0.403
1.1518967151641846,1.4752745861276555,-1.4752745861276555,0.002570231570696066,0.09837712582793631,0.403
1.162065029144287,0.0,-3.6879270322868063,-0.07140181725719827,0.07110300265863478,0.401
1.172311544418335,0.0,-1.4639123251971984,-0.0722466838868337,0.12936295378732118,0.401
1.1824922561645508,0.0,-0.736687197021147,-0.10001352421773611,0.18137610398828463,0.401
1.1926600933074951,0.0,-0.7376199967172368,-0.07676084097025274,0.14960460762857264,0.401
1.202831506729126,0.7373606488209647,-2.2120819464628942,-0.051353880659499,0.11763951865871677,0.401
1.2130029201507568,0.7373606488209647,-0.7373606488209647,0.049461482943532635,0.15134172452909225,0.401
1.2231571674346924,0.0,0.0,-0.016845834340882822,0.1174319773014483,0.401
1.233323335647583,0.0,0.0,-0.049229179435234256,0.1625897946631205,0.401
1.2434861660003662,0.0,0.0,-0.04325043861550382,0.14298611444068376,0.401
1.2536530494689941,0.0,0.0,-0.09097889585070006,0.08965669290088,0.401
1.2638187408447266,0.0,-0.7377756930437638,-0.07701366761399654,0.0623298662668103,0.402
1.2739977836608887,0.0,0.0,-0.09835035307717473,0.04828995164080764,0.402
1.28428053855896,0.0,-0.7293765215979967,-0.05656859291598001,0.11152064664711128,0.402
1.294485092163086,0.734966005467162,-1.469932010934324,-0.0759060182499638,0.12175507829834575,0.402
1.304687738418579,0.0,0.0,-0.05629302719243852,0.20125918217473987,0.402
1.3148560523986816,0.0,-0.7375854064573613,-0.06477227849935077,0.16885231980030993,0.402
1.3250203132629395,0.7378795271157815,-0.7378795271157815,-0.02007963872114224,0.17018316492105226,0.402
1.3352758884429932,0.0,0.0,-0.057244316775941904,0.13838998881305536,0.402
1.3454527854919434,0.0,-1.4739266721330677,0.06887139890219507,0.1665767080662332,0.402
1.3556182384490967,0.0,-1.4755859933860263,0.12555585232614563,0.018317300642782586,0.402
1.3657827377319336,0.0,-2.9514488776300047,0.057500741254434246,0.04859729238288885,0.401
1.3759472370147705,0.0,-1.4757244388150024,0.04113161620754887,0.14579885531419529,0.401
1.3861260414123535,0.0,-1.4736504813435458,0.006208823456666981,0.1712264293045184,0.401
1.3963477611541748,0.7337317192638724,-1.4674634385277447,-0.06591364518760118,0.19491805674931148,0.401
1.4065115451812744,0.0,0.0,0.01584953053604508,0.19328278203218024,0.401
1.4166734218597412,0.0,0.0,0.025254737961060966,0.18501505423230752,0.401
1.426835298538208,0.7380526488667823,0.0,0.019156780647688755,0.20073568648745152,0.402
1.4369986057281494,0.0,-0.7379487660692502,-0.0361921692840904,0.13066152636801553,0.402
1.4471886157989502,0.0,0.0,0.028682234994779475,0.0333843283153415,0.402
1.4574017524719238,0.0,0.0,0.024937387144359655,0.09258663334228465,0.402
1.4676103591918945,0.0,0.0,0.02468033706959548,0.05415646335230908,0.402
1.4777729511260986,0.0,0.0,0.009879722078528635,0.07017181272769037,0.402
1.4879329204559326,0.0,0.0,-0.06487492064255729,0.09111458182907395,0.402
1.4981255531311035,0.0,0.0,0.01899283360794249,0.1387059944735176,0.402
1.5083484649658203,0.7336461588693503,0.0,-0.010048667812204828,0.047038460946656716,0.402
1.5185141563415527,0.0,-3.688878465218819,-0.07246361349082618,0.039590866504528116,0.402
1.5286815166473389,0.0,0.0,-0.07745426863965452,0.050863624394138926,0.402
1.53885817527771,0.0,-0.7369806016305875,0.008948621014701577,0.1325010302476383,0.402
1.5490686893463135,0.7345369635268295,0.0,0.026649543752310045,0.07880618848916743,0.402
1.559274435043335,0.0,-1.4697603139746764,-0.08400304418825591,0.10444810494759027,0.402
1.5694432258605957,0.0,-1.4751016388830274,-0.027977432169046648,0.026813045356074927,0.401
1.5796101093292236,0.0,-2.9507567478835917,0.001777212944287416,0.06020262806940112,0.401
1.5897810459136963,0.0,-1.4747904360056259,0.05072298918066368,0.09739296290300048,0.401
1.5999555587768555,0.0,-0.7371360281195078,0.05213524695454333,0.17006676285731734,0.401
1.6101198196411133,0.0,0.0,0.14203761329930212,0.2267223311391851,0.401
1.6204218864440918,0.7280092571164082,0.7280092571164082,0.11440619207331634,0.1694815603271762,0.4
1.6305882930755615,-0.7377237869655965,0.7377237869655965,0.06418551007739658,0.16794452337165594,0.4
1.6407575607299805,0.0,0.0,0.015980055859400585,0.15351281706490963,0.4
1.650925636291504,0.0,0.0,-0.032383533337864784,0.16372257252025157,0.4
1.6610894203186035,0.0,-1.4758282899366644,-0.06879765011621852,0.0968553269995196,0.396
1.6713404655456543,0.0,-1.4632654200390733,-0.08083220117011518,0.2292589593678574,0.396
1.6816174983978271,-0.7297826238255423,0.0,-0.1348690732623699,0.1508043315884328,0.396
1.6917898654937744,0.0,-1.4745830403600055,-0.10837978476604432,0.22644670481442172,0.396
1.7019731998443604,0.7364974714365986,0.0,-0.17466127376218699,0.18325767731648662,0.396
1.7122080326080322,-0.7327916511367871,0.0,-0.12244700855438374,0.1713305515254358,0.396
1.7224044799804688,-0.7355503074800663,0.0,-0.15838699543781276,0.14488687954733429,0.398
1.7325701713562012,-1.4755513860875276,0.0,-0.1519785244403032,0.17282994952447422,0.398
1.7427310943603516,-0.7381219203153597,-2.952487681261439,-0.08711507772890603,0.20219808268936462,0.398
1.752894401550293,-0.7379487660692502,-1.4758975321385004,-0.09621737744611028,0.2220718407413916,0.398
1.7630605697631836,0.7377410881801125,-1.475482176360225,-0.05211287203666877,0.1665726720685473,0.4
1.7733187675476074,0.0,-1.462245154092874,-0.10933469455668207,0.22016608496259482,0.4
1.7834928035736084,-0.737170576242589,-0.737170576242589,-0.10089446637881125,0.24220483042057647,0.4
1.7936923503875732,0.0,-0.7353267882187938,-0.08621301815637447,0.17677375456647898,0.4
1.803898572921753,0.0,0.0,-0.09086930525235058,0.1350917064411105,0.4
1.8140869140625,-0.7361355392787775,0.0,-0.0986981364728118,0.15745482618393358,0.4
1.824342966079712,0.0,0.7312755422274915,-0.06149840983284473,0.0627735972604362,0.397
1.8345122337341309,0.0,-0.7375162356692377,-0.08264750536692914,0.11331329358022278,0.397
1.844682216644287,0.0,-0.7374643660915229,-0.07646380318356924,0.025594542756443996,0.397
1.8548519611358643,-0.7374816551400774,0.7374816551400774,-0.08411989355502447,0.065223357013229,0.397
1.8650212287902832,-0.7375162356692377,0.7375162356692377,-0.07596859091043619,0.07826660375638243,0.397
1.8752107620239258,0.0,-2.2081482521409517,-0.10453235451038886,0.15022174717028364,0.397
1.8854219913482666,0.0,-1.4689710243059608,-0.14424183447679226,0.07396286691414998,0.397
1.8955860137939453,0.0,0.0,-0.10992609053581284,0.08717660380083292,0.397
1.9057650566101074,-0.7368079823862838,-2.947231929545135,-0.11947264993705235,0.0809922035645029,0.397
1.9159293174743652,0.0,0.0,-0.12272580071380788,0.11116506326820666,0.397
1.9260952472686768,-0.7377583902061493,-0.7377583902061493,-0.1333929203206148,0.09301226665987816,0.398
1.9362778663635254,-0.7365492050855791,0.0,-0.13527244497562324,0.09165112761488056,0.398
1.9464566707611084,0.0,0.0,-0.09610776937314792,0.08984146078602326,0.398
1.9566242694854736,0.0,-2.950549172255311,-0.05597231299890179,0.12778236098797122,0.398
1.966789722442627,-0.7377929966930131,-2.2133789900790393,-0.11369567126742616,0.060748985065272036,0.395
1.976954460144043,-0.7378449125111413,-2.213534737533424,-0.14452627811960062,0.052255405316717185,0.395
1.9871177673339844,0.0,-2.951795064277001,-0.08442303226787265,0.06499869523735333,0.395
1.9972984790802002,0.0,-0.736687197021147,-0.11659636111480384,0.006338598140038173,0.395
2.0074641704559326,0.0,-0.7377756930437638,-0.046582129820520096,0.047240472794030666,0.395
2.017625570297241,0.0,0.0,-0.056123699169518135,0.1222191854324373,0.395
2.027801036834717,0.0,-0.7370669415871974,-0.08398105873555928,0.09123759492069529,0.4
2.038015842437744,0.0,-0.7342283633647652,-0.06046958407620425,0.10298431807134464,0.4
2.0482993125915527,0.0,-0.729325790596309,-0.07949965853648228,0.0962104656472359,0.4
2.0585525035858154,-1.4629591907917683,0.0,-0.05005086139750972,0.07651318551028352,0.4
2.0687296390533447,0.0,-0.736946071311437,-0.09577907191889193,0.08843569022788487,0.403
2.07889461517334,-0.7378276064266448,0.0,-0.07184957137215775,0.0879027320961298,0.403
2.0890586376190186,-0.7378968356360395,-2.2136905069081183,-0.11015833070074785,0.05412118930746921,0.403
2.099316120147705,0.0,0.0,-0.09718409569441933,0.03718583348396708,0.403
2.109480619430542,0.7378622194075012,-0.7378622194075012,-0.0809000532970531,0.05975151636991528,0.403
2.119640827178955,0.0,-1.476347764871524,-0.09216006126082221,0.0015100393740347523,0.403
2.129897356033325,0.7312415444338548,0.0,-0.07040292641609619,0.06660218430258398,0.403
2.140094518661499,-0.7354987140519055,-2.2064961421557165,-0.016880835667036714,0.01882875985864045,0.403
2.150272846221924,-0.7368597596683142,-2.2105792790049423,-0.01864776534787571,-0.06662775493369491,0.403
2.1604490280151367,-0.7370151351857925,-1.474030270371585,-0.01854209979037369,-0.0014398537386484354,0.403
2.1706104278564453,0.0,-0.7380872829657438,-0.07863128493503135,0.024664452571797182,0.403
2.1807706356048584,0.738173882435762,-2.214521647307286,-0.06912154136349721,0.09423902749173181,0.403
2.1909337043762207,0.73796607783799,-2.21389823351397,-0.05624411523918276,0.05943086956411233,0.403
2.2011055946350098,0.0,-0.73732608288018,-0.049742899416753,0.05254707022944284,0.403
2.2112905979156494,0.0,0.0,0.051697862254475986,-0.037284719323774466,0.403
2.2214515209198,0.0,0.0,-0.021773181089989206,-0.014559330187636135,0.403
2.231611728668213,0.0,-0.738173882435762,-0.013438358524327801,0.05984865289994391,0.403
2.241767644882202,0.0,0.0,-0.052001660199102594,0.03424743175431446,0.403
2.2519354820251465,-1.4752399934344735,-1.4752399934344735,-0.02136235355296974,0.09258270789840803,0.403
2.262096643447876,0.7381046012341913,-0.7381046012341913,-0.04374696545493148,0.08133344184472442,0.402
2.2723329067230225,0.7326892439558391,-0.7326892439558391,-0.023473897054638773,0.055989798653097576,0.402
2.2825117111206055,0.0,0.0,-0.1354810017077343,0.09980839454615618,0.402
2.29268479347229,0.0,-0.7372396822048793,-0.09653533841529759,0.13417582259205824,0.402
2.302896022796631,0.0,0.0,-0.14367658091370897,0.07987984801706417,0.402
2.313082456588745,0.7362733762434172,0.0,-0.12857013081642774,0.13469378242520566,0.402
2.323310136795044,-0.7333041167420392,0.0,-0.21166590651561346,0.10761741476435827,0.402
2.33347225189209,0.7380353330361542,0.0,-0.135759308566012,0.15861818331491756,0.402
2.3436336517333984,0.0,0.0,-0.1115949729588239,0.18044697048104205,0.402
2.3538014888763428,2.2128599901517103,-6.638579970455132,-0.14134438358805887,0.17197789444149514,0.402
2.3639628887176514,0.7380872829657438,-1.4761745659314875,-0.13311339654285373,0.08647386988408726,0.4
2.3741188049316406,0.0,-0.7384858088597789,-0.09673865450919415,0.1315320085734649,0.4
2.3842995166778564,0.0,-1.473374394042294,-0.09464144503749407,0.10271753780120578,0.4
2.394469976425171,0.0,0.0,-0.08306717409707982,0.1527486505977425,0.4
2.404639482498169,0.0,0.0,-0.08253131502092775,0.09327786666495574,0.4
2.4148006439208984,0.0,-1.4762092024683826,-0.08441985874692018,0.16144866035886613,0.4
2.424962282180786,0.7380699655099598,0.0,-0.09049062162285343,0.12011121120913776,0.397
2.435126543045044,0.0,0.0,-0.08921059455640526,0.12306450627684504,0.397
2.4453084468841553,0.7366009460029036,-2.9464037840116144,-0.07044517406951181,0.11607635394058606,0.397
2.4554755687713623,0.0,0.0,-0.09431349944779514,0.059941435862105714,0.397
2.465639114379883,1.4758629102254333,-2.21379436533815,-0.07707429768848137,0.0961759979739815,0.401
2.475797176361084,0.0,-0.7383298127024363,-0.11772181155521787,0.1086222615698802,0.401
2.485960006713867,0.0,0.0,-0.1299966935232566,0.15838584487810115,0.401
2.4961254596710205,0.0,-1.4755859933860263,-0.0800773518468645,0.1477105862546167,0.401
2.5063955783843994,0.0,-1.4605478688829046,-0.18454589910061092,0.09547878295166788,0.401
2.516557216644287,0.0,-0.7380699655099598,-0.10438698089443452,0.12177908149342037,0.401
2.5267159938812256,0.0,0.0,-0.11738807840287335,0.09022149294276442,0.398
2.5368764400482178,0.7381565609160878,-2.2144696827482635,-0.07371223821471282,0.13609054985749972,0.398
2.5470364093780518,0.0,0.0,-0.01882602153578375,0.117449643148093,0.398
2.557262420654297,0.0,-4.400542771210743,-0.11646388493455535,0.10855887455700816,0.398
2.567464828491211,0.0,-0.7351205832865956,-0.06408349672831745,0.12218882947291373,0.399
2.577674150466919,0.0,-1.4692454636743653,0.008790395905132031,0.0613962705756516,0.399
2.5878360271453857,0.7380526488667823,-1.4761052977335647,0.014438804914218055,0.10335010551184236,0.399
2.597996711730957,0.7381392402093061,-1.4762784804186122,-0.013266179425818515,0.12349551324921233,0.399
2.6081862449645996,0.0,-0.7360494173803173,-0.07769155663150826,0.12413764293195662,0.399
2.6183862686157227,-0.7352924126969286,-0.7352924126969286,-0.043400872446105306,0.21340436824605952,0.399
2.6285548210144043,0.0,-0.7375681125439625,-0.007155673785946781,0.19560792904502583,0.402
2.6387202739715576,0.0,-0.7377929966930131,-0.01910164635721362,0.17579360059328766,0.402
2.6488869190216064,0.0,-1.4754129731250878,-0.05458325555367841,0.18844665874431749,0.402
2.659083604812622,0.0,-0.7355331088664422,-0.03338157437637694,0.18845495485501185,0.402
2.6692557334899902,-0.7373088011250439,-0.7373088011250439,-0.09244050426644514,0.1867356597838526,0.401
2.679866313934326,0.0,-0.7068416322128348,0.042765263036025666,0.10795169682818649,0.401
2.690134048461914,0.0,-0.7304435053174198,-0.08785093848032405,0.10448786258983114,0.401
2.7003333568573,0.0,-0.7353439771850674,-0.0076514703733515516,0.20582633191402044,0.401
2.7105178833007812,0.7364112648360137,-2.2092337945080414,-0.0795462640983676,0.12764643050026878,0.401
2.720684289932251,0.7377237869655965,-2.2131713608967893,-0.012720901069547381,0.15514269521556356,0.401
2.730886459350586,-0.7351377626136337,-1.4702755252272675,0.07656655006334061,0.15451563144325658,0.402
2.741056442260742,0.0,-0.7374643660915229,0.015981569867900225,0.13284339076864188,0.402
2.7512450218200684,-1.4722366265736884,-0.7361183132868442,-0.011688626378030545,0.1237431352881492,0.402
2.7614166736602783,0.0,-1.474686730890936,-0.10567864261168664,0.09237212480508265,0.401
2.7715797424316406,-0.73796607783799,-1.47593215567598,-0.14758549629638545,0.09698402325316584,0.401
2.781740427017212,0.0,0.0,0.017873912264597995,0.07654222121558214,0.401
2.791903018951416,0.0,-1.4760014076246333,-0.0017784370727778193,0.09636682936267953,0.401
2.8021161556243896,0.0,0.0,0.00859236276840946,0.20531794975521994,0.401
2.8123762607574463,0.0,0.0,0.05440697248428397,0.1395111952510792,0.401
2.8225862979888916,0.0,-0.7345712684475995,-0.045342662963185974,0.13637610465820682,0.401
2.832782030105591,-0.7356019081470395,-0.7356019081470395,-0.04570343558063927,0.15702780677798575,0.401
2.842954158782959,0.0,-0.7373088011250439,-0.06265695376576719,0.12394108239785928,0.401
2.853121042251587,-0.7376891869708979,-1.4753783739417958,-0.053641175175696464,0.12910080083365616,0.401
2.8635783195495605,0.0,-0.717203894120061,-0.007818858475306889,0.1286236590062315,0.404
2.8737452030181885,0.0,0.0,-0.0489619464705265,0.11608128883095362,0.404
2.883911371231079,-0.7377410881801125,-0.7377410881801125,-0.02314705846877929,0.18006667679047297,0.404
2.8940773010253906,-0.7377583902061493,0.0,0.005364593467239193,0.1159435402297062,0.404
2.9043636322021484,0.0,-1.458245874281476,-0.0745841476241286,0.07941347835052123,0.404
2.9145290851593018,0.0,0.0,-0.058642221080187594,0.1472021912881931,0.404
2.924696445465088,0.0,-2.2129637706647904,-0.07202949485190646,0.009001157885022565,0.405
2.9348652362823486,-0.7375508194415137,0.0,-0.013358308020329265,0.07477055089464203,0.405
2.9450325965881348,-0.7376545902215969,-0.7376545902215969,0.01773976255432494,0.10545004949849957,0.405
2.9552500247955322,0.0,-1.4680798039901994,-0.027202192554189666,0.01973459295960773,0.405
2.965458631515503,0.0,-2.9386968097529076,-0.06987553445749584,0.10123336966423213,0.403
2.9756250381469727,0.0,-1.475447573931193,-0.12417753061515671,0.05752278262519392,0.403
2.985790967941284,-0.7377583902061493,-0.7377583902061493,-0.06227301008281505,0.048799329386485145,0.403
2.9959609508514404,-0.7374643660915229,-0.7374643660915229,-0.0023774039911417383,-0.007876268261063602,0.403
3.006139039993286,0.0,0.0,0.013527812507374018,0.03488692297650121,0.403
3.0163686275482178,0.0,0.0,0.04838934510625442,0.051982004515041556,0.403
3.0265514850616455,0.0,-2.946127838913603,-0.03640712246711412,0.024456071899307617,0.403
3.0367226600646973,-0.7373779330067274,0.0,-0.039410491963709646,0.08887629007437825,0.403
3.0468931198120117,0.0,-1.4748595808523606,-0.06982940533539642,0.04492444331520892,0.403
3.0570623874664307,-0.7375162356692377,-0.7375162356692377,-0.072659441946274,0.022136020056971156,0.403
3.0673062801361084,0.0,-2.1964306661080855,0.0055439200925643944,-0.01076202624449662,0.403
3.077518939971924,0.0,0.0,-0.11400151975001324,-0.009219958762207523,0.403
3.0876963138580322,-0.73692880736524,-0.73692880736524,-0.06171471218304374,0.050838029739448565,0.403
3.097867250442505,0.0,-2.212185654008439,-0.0997101057822936,0.012183303528025043,0.403
3.1080634593963623,0.0,0.0,-0.016755976685081705,0.05057343631188186,0.403
3.1183032989501953,0.0,-0.7324333511839624,-0.024253837635377015,0.013953875956048356,0.403
3.1285018920898438,0.0,0.0,-0.041666240536830684,0.007696061718969104,0.399
3.1387107372283936,-0.7346570447698452,-1.4693140895396903,-0.01578599719884015,0.03424515919595431,0.399
3.1488864421844482,0.0,-1.474099343955014,-0.04740183635248518,-0.021640726682821014,0.399
3.1590576171875,0.0,-1.4747558660134548,-0.09332927239662864,0.005734221590522587,0.399
3.169243335723877,0.0,-1.4726501568278638,-0.05020338357015988,-0.03887804518473589,0.403
3.1794145107269287,0.0,-0.7373779330067274,-0.057319661130318056,-0.037379322307930556,0.403
3.1895811557769775,0.0,-0.7377064865625439,-0.00780537381955855,-0.017003025214938145,0.403
3.199749231338501,-0.737602701181767,-2.212808103545301,-0.10785445788231791,-0.0016249283831119565,0.403
3.2099201679229736,0.0,-0.7373952180028129,-0.06820271013920928,0.003070306444505906,0.403
3.2200849056243896,0.0,-0.7378449125111413,-0.13570594625808313,0.0019316929358126206,0.403
3.2303223609924316,0.0,-2.1978117795011527,-0.10933536131915543,0.0502233097124827,0.399
3.240507125854492,-0.7363940259375439,0.0,-0.12104462234111371,-0.021189800223397434,0.399
3.2507224082946777,0.0,-1.468388180927041,-0.10758170180372312,-0.023916502152782744,0.399
3.2609314918518066,0.0,-2.203919663708547,-0.06674072052745014,0.04428068415202057,0.405
3.2710986137390137,0.0,0.0,-0.07350624506818806,-0.029241493467942647,0.405
3.281299114227295,0.0,-2.205774121166791,-0.024882038662204092,0.07872648090520387,0.405
3.2914810180664062,0.0,-1.4732018920058072,-0.03710916466649944,0.04014956307244222,0.405
3.301664352416992,0.0,0.0,-0.10474478879108558,0.03149736812252384,0.405
3.3118362426757812,0.0,-2.21197824864054,-0.049731706287572335,0.01122975031180154,0.405
3.322035074234009,0.0,-1.4707567150571568,-0.09533582574139604,-0.024577321021827914,0.398
3.332246780395508,0.0,-1.4689024304825944,-0.012289113268285107,0.0033747204898200295,0.398
3.3425064086914062,0.0,0.0,-0.0052622559461835,-0.03664653609169412,0.398
3.3526806831359863,0.0,-2.2114599053287716,0.03346376274711428,0.01902956804959105,0.398
3.3628439903259277,0.0,-0.7379487660692502,0.038582016361523,0.03892244059236784,0.404
3.3730087280273438,0.0,-2.213534737533424,-0.07027181687831542,-0.03153923308526338,0.404
3.383171319961548,0.0,0.0,-0.042192744028531605,0.04147187824052004,0.404
3.3933959007263184,0.0,-1.4670528156698146,-0.02457516866407123,0.01046747523638046,0.404
3.4035797119140625,0.0,-2.2093889591234723,-0.03375655626220917,-0.018796145097972873,0.404
3.413743495941162,0.0,-0.7379141449683322,-0.06202597736093078,-0.09107867068238262,0.404
3.423906087875366,0.0,-1.4760014076246333,-0.05098306242115134,-0.10545664788443594,0.4
3.434068441390991,0.738018018018018,-1.476036036036036,0.024252036054649193,0.001295734545132491,0.4
3.4442296028137207,0.0,-1.4762092024683826,-0.04607911393300248,-0.01374958588633071,0.4
3.4544765949249268,0.0,-1.463844202982852,0.010911230698894839,0.07899904433238301,0.4
3.46464467048645,0.0,-1.475205402363534,-0.0458606095795809,0.04073232426579515,0.399
3.474811553955078,0.0,-0.7376891869708979,-0.07220910187246248,0.05556980546024301,0.399
3.4849772453308105,0.0,-1.4755513860875276,-0.01710820500093025,0.025796584157574395,0.399
3.4951422214508057,0.0,-0.7378276064266448,-0.020646622068729987,-0.006794005456129576,0.399
3.505406379699707,0.0,-1.4613960186755244,-0.036616854367870516,0.07401614354904089,0.399
3.5155699253082275,0.0,-1.4758629102254333,-0.034839737839540516,0.03854097409108508,0.399
3.525733470916748,0.7379314551127166,-1.4758629102254333,0.10267778889885588,0.07799030906770715,0.397
3.5358996391296387,0.0,-0.7377410881801125,0.13648840686929087,0.044226347983143476,0.397
3.5460617542266846,0.0,-3.6901766651807706,0.09428307868562093,0.10883035744699655,0.397
3.556309938430786,0.0,-2.9273478503629256,0.13505734799001845,0.0427919613929054,0.397
3.5665037631988525,0.7357395453269716,-5.150176817288801,0.09462141160055337,0.0849134179660017,0.388
3.576680898666382,-0.736946071311437,-1.473892142622874,0.20165193673979742,0.010480328343071017,0.388
3.58689022064209,0.0,-4.407736391023096,0.1442402097420333,-0.07424713235515976,0.388
3.597066640853882,0.7369978680036549,-2.2109936040109646,0.2699127295614538,-0.04372198249784668,0.388
3.607304334640503,0.0,-3.662934326967862,0.3589774540472741,-0.028002748364280412,0.388
3.617485761642456,0.0,-1.4732708879730236,0.43657494641240907,-0.07378786215836614,0.388
3.627652168273926,0.0,-3.6886189348279825,0.48656535996403205,0.013176420623576782,0.38
3.637817144393921,0.0,-2.213482819279934,0.5938938392721476,0.12738625240717666,0.38
3.6479804515838623,0.0,-2.2138462982077507,0.5358838843763161,0.05248426343517272,0.38
3.658146619796753,0.7377410881801125,-1.475482176360225,0.5117957097853971,0.029110713875827074,0.38
3.6684114933013916,0.0,-1.4612941886932689,0.5920917265053625,0.13236543377380194,0.374
3.6785812377929688,-0.7374816551400774,-1.4749633102801547,0.5622015338000645,0.00022712507477586769,0.374
3.688789129257202,0.0,-2.2041770407567443,0.546189424593261,-0.04380069573403936,0.374
3.698962450027466,0.0,-0.7372224044996485,0.5893882040250996,0.018777856644795345,0.374
3.7091424465179443,0.0,-1.473477914656424,0.6566195888880597,0.130228625930657,0.374
3.7193374633789062,0.0,0.0,0.6678962132866054,0.09893102555213097,0.378
3.7295496463775635,0.0,-1.4688338430649266,0.5929407552100316,-0.03806016035631696,0.378
3.739712953567505,0.7379487660692502,-0.7379487660692502,0.6263296363104951,0.04819470995834718,0.378
3.749880313873291,0.7376545902215969,-0.7376545902215969,0.7116603276478616,0.10050879610302976,0.378
3.7600624561309814,0.0,0.0,0.6903538111423593,0.07644844754083306,0.378
3.7702291011810303,0.0,-0.7377064865625439,0.6648462573482163,0.08692174815594866,0.381
3.780397415161133,0.0,0.7375854064573613,0.6322807748088828,0.06340291010565553,0.381
3.7905638217926025,0.0,-0.7377237869655965,0.6309632217757016,-0.04738414863129196,0.381
3.800727128982544,0.0,0.0,0.5525785465357391,-0.004683190989507277,0.381
3.8108973503112793,-0.7374470778535762,0.0,0.5528654190410743,0.043379161523664944,0.381
3.8210699558258057,0.0,0.0,0.5273327281805434,0.029125343745526548,0.386
3.831310510635376,0.0,0.0,0.5119537320132659,0.04758728969928414,0.386
3.8415446281433105,0.0,0.0,0.5607645257713555,0.11347313144154768,0.386
3.8518247604370117,-0.7295625956677025,1.459125191335405,0.5190428866720088,0.1026853971934442,0.386
3.862002372741699,0.0,0.0,0.5768976516239755,0.1139758966199337,0.39
3.8721675872802734,-0.7378103011539544,0.7378103011539544,0.5035763487651747,0.05283575552428362,0.39
3.8823535442352295,0.0,0.0,0.46844390102705363,0.060828881305012815,0.39
3.892564296722412,0.0,0.7345198122679618,0.4715765189378852,0.008036545023149237,0.39
3.902740478515625,-0.7370151351857925,0.0,0.45779745168596864,0.02982062787481606,0.39
3.912903070449829,0.0,0.0,0.37025321640968,0.046767715213166965,0.39
3.9230687618255615,-0.7377756930437638,1.4755513860875276,0.4332025957972193,0.046432405793272416,0.395
3.933229923248291,-0.7381046012341913,0.7381046012341913,0.4065452627332507,0.02594932669450713,0.395
3.9434123039245605,0.7365664512503511,0.7365664512503511,0.33119688806229,0.005535429282796331,0.395
3.953641653060913,-0.7331844773336441,0.7331844773336441,0.2889720349685738,0.01677256674504243,0.395
3.96380352973938,0.0,2.9522105954671294,0.3159255968286683,0.010870180978288943,0.402
3.9739675521850586,0.0,-0.7378968356360395,0.3406215552702265,0.10606259314083724,0.402
3.984135150909424,0.0,0.0,0.3109623148795927,0.0559018718487017,0.402
3.9943671226501465,0.0,0.7329965514027402,0.28711009082367006,0.009389328969922811,0.402
4.0045554637908936,0.0,0.7361355392787775,0.27037433302316793,-0.0458611158138804,0.402
4.014720439910889,0.0,0.0,0.19992993684231103,-0.06468084069341433,0.402
4.024891376495361,2.9495808720112517,0.0,0.22909336531192154,0.031244071876393612,0.408
4.035078048706055,0.0,0.736256143800028,0.18671606136114793,0.017233224659345535,0.408
4.045276641845703,0.0,0.0,0.1784261202953046,0.016134708866825588,0.408
4.055501222610474,-2.2005792235047217,2.934105631339629,0.15164050083512365,0.021954169734229506,0.408
4.0656657218933105,-0.7378622194075012,1.4757244388150024,0.25443601080390177,-0.09837221780562465,0.407
4.0758278369903564,-0.7380353330361542,0.0,0.17554165224856952,-0.06108325026256053,0.407
4.08599328994751,0.0,0.0,0.17040859419487384,-0.014468387299334222,0.407
4.09619402885437,0.0,2.205722566319972,0.07568443560706606,0.04965171572081534,0.407
4.106398820877075,0.0,1.4698976683332554,0.06519039296619919,0.07812376049154016,0.407
4.116567134857178,0.0,0.0,0.04628496192471558,0.047893693714901896,0.407
4.126741170883179,0.737170576242589,0.737170576242589,0.0750202278794205,-0.057534586322364245,0.409
4.136948347091675,0.0,1.4695543305615248,0.09366286640341193,-0.020921409271895477,0.409
4.147119998931885,0.0,0.737343365445468,0.17515512025972552,-0.003053690805655776,0.409
4.157323360443115,0.0,1.470103748013833,0.0716064661053865,0.019206800384501142,0.409
4.167494535446167,0.0,0.0,0.07721333176443841,0.02091058811034098,0.412
4.177657604217529,0.0,0.73796607783799,0.06538726163197459,0.005972514213144708,0.412
4.187823057174683,0.0,1.4755859933860263,0.02102856637576553,0.013631742448402533,0.412
4.197988748550415,0.0,0.7377756930437638,0.028569053795778385,0.01351476634330126,0.412
4.2081568241119385,0.0,0.0,-0.023822531913619674,0.061292141256603316,0.412
4.218343019485474,0.0,0.0,-0.08797166523281912,-0.006602108276170342,0.412
4.228510618209839,0.0,1.4752745861276555,-0.0482140524423011,0.044306568982197723,0.412
4.238713979721069,0.0,0.0,-0.06376878331310558,0.05102096722743647,0.412
4.248875379562378,0.0,1.4761745659314875,-0.027196394278105163,0.06574010894593929,0.412
4.259042978286743,0.0,0.0,-0.035551268082817666,0.06866870344359557,0.412
4.269210338592529,0.0,0.0,-0.058760503244470824,0.0189737615947846,0.419
4.279395341873169,0.7363767878461575,1.472753575692315,-0.048894657598871016,0.07075943628359829,0.419
4.2895588874816895,-0.7379314551127166,0.7379314551127166,-0.12235304275209559,0.05743422272621393,0.419
4.299725294113159,0.0,0.7377237869655965,-0.13600297902203481,0.05356410877149188,0.419
4.309901714324951,0.0,0.0,-0.12367503045120597,0.10577292449707681,0.419
4.320065498352051,0.0,0.0,-0.06719467147532025,0.0055474830951443566,0.417
4.3302390575408936,0.0,0.0,-0.1488382703242461,-0.019310508428765916,0.417
4.340545415878296,0.0,0.0,-0.12266035429350627,-0.07607309917774213,0.417
4.350723028182983,0.7369115442278861,0.7369115442278861,-0.12088200143396774,-0.0030029202031706427,0.417
4.3609442710876465,0.0,0.0,-0.10478124439041038,-0.022405810915622867,0.415
4.371122360229492,0.73687702037948,0.73687702037948,-0.1263836836691301,0.03308883521666519,0.415
4.381354570388794,0.0,-0.732979472004101,-0.09990142895813908,-0.03234394888947673,0.415
4.391537427902222,0.0,0.0,-0.096496025439534,-0.04637581202104531,0.415
4.401710033416748,0.7372742400449996,0.0,-0.09230863889187338,-0.03279564741567386,0.415
4.411876678466797,0.0,0.0,-0.15148403317914533,-0.060697038246419886,0.415
4.422046899795532,0.0,0.0,-0.12831041427180778,-0.021861045321611594,0.413
4.432210445404053,0.0,0.0,-0.0846297632918038,-0.06643371356004446,0.413
4.442403554916382,0.0,0.0,-0.12104161832591404,-0.03314813003228559,0.413
4.452571868896484,0.0,0.0,-0.09856639719807772,0.0023596474163651614,0.413
4.462737321853638,0.0,0.0,-0.11619118447154317,-0.001890587548632609,0.408
4.472904443740845,0.7376718881906013,0.0,-0.07551684676362087,-0.015094702514997213,0.408
4.483071327209473,-0.7376891869708979,0.0,-0.1208834326215211,0.05645935733193596,0.408
4.49323844909668,1.4753437763812025,-1.4753437763812025,-0.09420326822115527,0.08441204979006423,0.408
4.503459215164185,0.0,0.0,-0.1008921321655876,0.14410883176801323,0.408
4.513627767562866,0.0,-0.7375681125439625,-0.05729810224128444,0.10602218685509714,0.408
4.523794889450073,0.0,-0.7376718881906013,-0.032958992688868705,0.14382642593983716,0.406
4.533960580825806,0.7377756930437638,0.7377756930437638,-0.04858372825437558,0.1355693982586333,0.406
4.544123649597168,0.0,-2.21389823351397,0.020458392913823745,0.04081014087871046,0.406
4.554569244384766,0.7180060257463708,-2.8720241029854834,0.01170431921091876,0.004521266223813783,0.406
4.564738035202026,-0.7375508194415137,0.0,-0.038787995036430045,-0.0038661363489824255,0.403
4.574901103973389,0.0,0.0,0.003633225112528407,-0.06516988800269835,0.403
4.585064649581909,0.7379314551127166,0.0,0.017349065899051747,0.0355621557194887,0.403
4.595243692398071,-0.7368079823862838,-1.4736159647725675,-0.06544763474647608,0.06903434718840411,0.403
4.60552191734314,-2.9187919276270007,0.0,-0.043671737017552184,0.1292601744645105,0.403
4.615696907043457,2.2113044497035874,2.2113044497035874,0.02272578994848122,0.10691021020908933,0.403
4.625860929489136,0.0,-2.2136905069081183,0.02183687419246192,0.17772842126750146,0.4
4.636023759841919,-6.6418505137709385,0.0,0.06362119029255558,0.10714589838271893,0.4
4.64618706703186,0.0,-5.1656413624847515,0.035528273974891736,0.07177402285913376,0.4
4.656425952911377,0.0,-0.7325015717778554,0.09936978637121961,0.027243521577771185,0.4
4.666588306427002,0.738018018018018,-0.738018018018018,0.07252032790621168,0.04095984856595934,0.395
4.676753044128418,-0.7378449125111413,0.0,0.10277627389858929,0.08433911055506572,0.395
4.686956167221069,0.0,0.0,0.02665718212530723,0.040959860624240174,0.395
4.697131633758545,0.0,0.0,0.13796482346594302,0.03828003457917106,0.395
4.707343816757202,-0.7344169215324633,-1.4688338430649266,0.08156227551692943,0.02717142769837309,0.395
4.717565536499023,-0.7337317192638724,0.0,0.03447789101474302,0.036197675062500365,0.395
4.727731943130493,-0.7377237869655965,-1.475447573931193,0.08707434291927282,-0.013144815478427937,0.395
4.73789644241333,-0.7378622194075012,0.0,0.1277338787781595,-0.0008226881807825367,0.395
4.748061418533325,0.0,-1.4756552128532896,0.0866085529003883,0.040311539081660026,0.395
4.758232116699219,0.0,0.0,0.10584280445029326,0.07056991368713295,0.395
4.7685019969940186,0.0,-0.7302908879860708,0.09583511398646738,0.046809856152207896,0.39
4.778688430786133,0.0,0.0,0.20338691522944985,0.05975892211209073,0.39
4.788849115371704,0.0,-1.4762784804186122,0.2153892645097758,-0.031137494035854127,0.39
4.799010515213013,0.0,-3.690436414828719,0.12953150311598807,-0.07964361270952941,0.39
4.809178590774536,0.0,0.0,0.13356801082361902,-0.0708883388746217,0.39
4.819392442703247,0.0,-0.734296918767507,0.1782187958481894,-0.09845756671063269,0.388
4.829612493515015,0.0,-0.7338515373489478,0.21980856765630713,-0.04198080824519908,0.388
4.839826345443726,0.0,-0.734296918767507,0.17604762160418583,-0.05769587058923561,0.388
4.850025415420532,0.0,0.0,0.17604762160418583,-0.05769587058923561,0.388
4.8602423667907715,0.0,0.0,0.22677853385951358,-0.007302165989771597,0.387
4.8704915046691895,0.0,-1.4635377314599423,0.13535190980270698,-0.10013296320682918,0.387
4.880665302276611,0.0,-0.7371878515185601,0.19941177846885524,-0.10651196603552968,0.387
4.890827417373657,0.0,-0.7380353330361542,0.2059426713087347,-0.16482002641351878,0.387
4.900993824005127,0.0,0.7377237869655965,0.24302918999385675,-0.09786738492659565,0.387
4.911174535751343,0.0,0.0,0.21701570811752965,-0.13081143398619813,0.387
4.921374320983887,0.0,-0.7353096000560997,0.14594437333776977,-0.079468213655139,0.391
4.931555986404419,0.0,0.0,0.20184847518837232,-0.034616926247708554,0.391
4.941721439361572,-0.7377929966930131,0.0,0.15256393905838186,-0.0016059894329224916,0.391
4.951882600784302,1.4762092024683826,0.0,0.23030468153283928,0.029444885441148795,0.391
4.962047815322876,-0.7378103011539544,0.0,0.22074819055116582,-0.04306532777443373,0.393
4.972209930419922,0.7380353330361542,0.0,0.2561648104832105,0.004831609203974664,0.393
4.982486248016357,0.0,0.7298334184028583,0.25665063509179986,-0.09450212827532523,0.393
4.992647647857666,3.690436414828719,0.0,0.2589164220651647,-0.03635290723583758,0.393
5.0028111934661865,-2.9517258204508665,1.4758629102254333,0.2871653381971494,0.04092070802119116,0.393
5.012977600097656,0.7377237869655965,5.164066508759175,0.2870229977026919,-0.05086570540437496,0.393
5.023139953613281,-0.738018018018018,0.0,0.2867539610649495,0.0008778279823207155,0.395
5.033391237258911,0.7316156941181943,1.4632313882363885,0.2015646348861728,-0.03288887424440474,0.395
5.04357647895813,-2.209078651685393,0.0,0.22219443079333073,0.022073970972764267,0.395
5.053740739822388,0.0,2.2136385813473445,0.18987518184596552,0.042002841115988815,0.395
5.06390643119812,0.0,-2.951102772175055,0.20653158854111767,0.0674675852201147,0.399
5.074070930480957,0.7378622194075012,0.0,0.1420549693359911,0.00646480702246931,0.399
5.084231615066528,-1.4762784804186122,5.166974681465143,0.16776858382330695,0.05492283681500149,0.399
5.094438314437866,-0.734811492641906,-1.469622985283812,0.11984652297720597,-0.003106580652609043,0.399
5.104604005813599,5.1644298513063465,0.0,0.08102118390391677,0.02808746349886965,0.399
5.114816427230835,-5.140798431152822,2.203199327636924,0.05532955791458334,0.021592573672325508,0.399
5.125004768371582,2.2084066178363324,0.7361355392787775,0.1597350045822119,-0.04707449942557805,0.399
5.135218143463135,0.0,0.0,0.13750804383354429,-0.009991447071793133,0.399
5.14542818069458,0.0,0.0,0.100882691188569,-0.003311303944668626,0.399
5.15572452545166,0.0,0.7284138378178113,0.09599399530099344,0.03682203075913171,0.399
5.165893316268921,0.0,0.0,0.044329144481070684,0.013765808898054385,0.406
5.176095962524414,0.0,0.7351034047624612,0.007592505286488603,0.0764003508899722,0.406
5.186258792877197,0.0,0.7379833904189931,0.06064962458161901,0.03243099273509425,0.406
5.196465969085693,0.7347771652807624,0.7347771652807624,-0.015464909514223787,0.020447936322660683,0.406
5.2066333293914795,0.0,0.0,-0.03692077717767539,-0.013492009075011878,0.406
5.216801881790161,0.7375681125439625,0.0,0.013031210035168855,-0.017666934380849493,0.406
5.226967096328735,0.0,0.7378103011539544,0.045855261549310716,-0.03779149256852895,0.408
5.2371344566345215,0.0,0.0,0.05756053910734356,0.015858056295197293,0.408
5.247299432754517,0.7378276064266448,0.0,0.05038514359929418,0.017922005856746696,0.408
5.257511138916016,0.0,0.0,0.017678150394214706,0.03937999631588406,0.408
5.267677307128906,0.0,0.0,-0.04308251518056688,0.08594271759060096,0.406
5.277845144271851,0.0,0.0,-0.0769882580939423,0.0708143413216441,0.406
5.288017988204956,0.7372569607199775,0.0,0.0036410209479818545,0.019506395721467232,0.406
5.298185348510742,0.0,0.0,-0.07273262622301438,-0.06958960800002179,0.406
5.308367490768433,0.0,0.0,-0.03872592364268161,-0.007624305790886111,0.406
5.318563222885132,0.0,0.0,-0.043511774472618836,0.002627372376345494,0.406
5.328729867935181,0.7377064865625439,0.0,-0.053841960449212994,0.055527576889047664,0.409
5.338894605636597,0.0,0.0,-0.09545793292955188,0.06748248849862588,0.409
5.349083185195923,0.0,0.0,-0.09545793292955188,0.06748248849862588,0.409
5.359283208847046,0.0,0.0,-0.02074538009259294,0.1446463669639923,0.409
5.3695454597473145,-0.7308338173454453,0.0,-0.016288473398141434,-0.05229097886038993,0.401
5.379734754562378,0.7360666401478811,0.7360666401478811,-0.02794391954500383,-0.028241805926439177,0.401
5.389906167984009,3.6868032441048237,0.0,-0.05144318715413848,-0.08257618432158177,0.401
5.400073289871216,0.0,-0.7376718881906013,-0.05655724149955483,-0.002397619839184767,0.401
5.410247564315796,-1.4743066035525143,0.0,-0.0649458194142246,0.020574042792417334,0.401
5.420456647872925,0.7346398879028491,0.0,-0.0037727577881279672,0.0469841371058339,0.407
5.430619239807129,4.4280042228739,0.0,-0.04530836233642776,-0.0008090564865364525,0.407
5.440780162811279,0.7381219203153597,0.0,-0.027060235817641512,0.055819022231085966,0.407
5.450942516326904,0.738018018018018,0.0,-0.06351204227779352,0.0449392122405897,0.407
5.4611124992370605,0.7374643660915229,0.0,-0.004660871143682549,0.10333786421757446,0.402
5.471277236938477,0.7378449125111413,-0.7378449125111413,-0.046986023648642995,-0.01699558553807277,0.402
5.481460809707642,0.7364802285018612,0.0,-0.029309023503950662,0.08815141156433051,0.402
5.49162483215332,0.0,-1.475793671272079,-0.033824006280934946,0.029759395631081993,0.402
5.501843452453613,0.7339542697153523,0.0,0.035331988476529894,0.09268442933958623,0.402
5.512024164199829,1.473374394042294,-0.736687197021147,-0.02509608436845543,0.0702530244849249,0.402
5.522195100784302,-0.7373952180028129,0.0,0.030419657049818513,0.12390601663431994,0.405
5.532461166381836,0.0,0.0,0.02660596658427712,0.11173688920753094,0.405
5.542671203613281,0.0,-0.7345712684475995,0.0788675986585316,0.09836897939704428,0.405
5.552867650985718,0.7355503074800663,0.0,0.041844243031850685,0.025094329543813326,0.405
5.56303596496582,0.0,0.0,0.0341443349056208,0.03656161993710434,0.407
5.573209762573242,1.4743757030371203,0.0,0.05891375520861312,0.05978820008379149,0.407
5.583390712738037,0.0,0.0,0.1187901264441112,0.12435786763560769,0.407
5.59355902671814,-1.4751708129147225,-2.2127562193720838,0.016817662076327802,0.052767775381940045,0.407
5.603719472885132,2.2144696827482635,0.7381565609160878,0.015746791455685378,0.11877244097636515,0.407
5.613891839981079,2.949166080720011,-1.4745830403600055,-0.020781717123063655,0.08056745300015362,0.407
5.6240904331207275,0.0,0.0,0.05271059853749328,0.12935666674446794,0.406
5.6342613697052,0.7373952180028129,-1.4747904360056259,-0.008556374114583128,0.11788285842806717,0.406
5.644529342651367,0.0,0.0,0.0170459870293998,0.14921331186960685,0.406
5.6546900272369385,0.0,-1.4762784804186122,-0.006092363230412514,0.20348356565244266,0.406
5.664856433868408,0.0,0.0,0.005843124715103478,0.2202627419597708,0.405
5.675025224685669,0.7375508194415137,0.0,0.06242267457452338,0.19180981515682677,0.405
5.685351133346558,0.0,0.0,0.006995407921293384,0.1949202722789901,0.405
5.695558786392212,1.4694856822534685,0.0,0.007380528174522106,0.20507178775231177,0.405
5.705726146697998,0.0,-0.7376545902215969,0.03358768531397189,0.1936092305912107,0.405
5.715913534164429,0.0,0.0,0.11720127989931452,0.16949434644314065,0.405
5.726081848144531,0.0,-0.7375854064573613,0.08797768932938696,0.13652613619482526,0.406
5.736249685287476,0.0,0.0,0.05645084909737457,0.1196647832959667,0.406
5.746527910232544,0.0,-1.4593959638135003,0.10645337805835575,0.08436215401825914,0.406
5.7566893100738525,0.0,0.7380872829657438,0.08606854473593464,0.11161965834946855,0.406
5.7668657302856445,0.0,-0.7369978680036549,0.09660705129636218,0.08905100443466471,0.402
5.777032136917114,0.0,-2.950895147862386,0.07975768737382541,0.1097136025466044,0.402
5.787200927734375,0.0,2.212652458324541,0.08202284078813149,0.10840483257920613,0.402
5.797481060028076,0.7295625956677025,-0.7295625956677025,0.10891371716489127,0.07337771207518781,0.402
5.807699203491211,0.0,0.7339885202295954,0.06370650468777808,0.08841743046024785,0.402
5.817906141281128,0.0,-0.7347943285604167,0.11333757686275299,0.05513603425072007,0.402
5.828065633773804,0.0,-0.7382258518727118,0.09167916119525807,0.0751968342316644,0.403
5.838225841522217,0.0,0.0,0.11860885591920522,0.07729921768355266,0.403
5.848463535308838,0.7325868653935724,-0.7325868653935724,0.15262573765409926,0.04777535455354914,0.403
5.858688116073608,0.0,0.0,0.1397643874627395,0.09369112893389955,0.403
5.868891716003418,0.0,-1.4700693973876673,0.17239400285114737,0.08067602472935642,0.401
5.87908673286438,0.0,0.0,0.1568569125618651,0.11517382421085584,0.401
5.889275312423706,0.0,0.0,0.09478488599698018,0.054021493425315675,0.401
5.899466037750244,-0.7359633156306296,0.0,0.16918869165100728,0.09684475083559776,0.401
5.909677505493164,0.0,-0.7344683632967546,0.15170470582069373,0.08454180174171938,0.401
5.919855117797852,0.0,0.0,0.1810270340286306,0.1309641316017341,0.402
5.930018901824951,-1.4758282899366644,0.0,0.15049645725974659,0.13395672799245772,0.402
5.940180778503418,0.7380526488667823,0.0,0.17373451441257853,0.1067078718247447,0.402
5.950449228286743,-0.7303926257865285,-1.460785251573057,0.186975602615284,0.08699150112699666,0.402
5.9606287479400635,0.0,0.0,0.16728737908285052,0.08553523613001357,0.399
5.970795631408691,-0.7376891869708979,0.0,0.14434610209299767,0.1069817116085888,0.399
5.98095703125,0.0,0.0,0.13650752033233038,0.03897865388697224,0.399
5.991117238998413,-0.738173882435762,0.0,0.18736413458814086,0.0398702713614545,0.399
6.001280784606934,0.0,0.0,0.1603759526974743,0.06346302967080145,0.399
6.011613607406616,0.0,-0.7258423129283094,0.18029127389285357,0.05496177389004857,0.399
6.02182149887085,0.0,-0.734725680252248,0.11338035837701296,0.09314027997937663,0.402
6.031984567642212,0.0,0.0,0.1416231932674773,0.07670041740193559,0.402
6.0421483516693115,-1.4758282899366644,0.0,0.15570259405418638,0.060472372412451146,0.402
6.052308797836304,0.0,0.0,0.17045941364284992,0.05587390047861144,0.402
6.062674522399902,-0.7235384226142558,0.0,0.18877326778613857,0.07972935942362351,0.401
6.072841167449951,0.0,0.0,0.16185848548521037,0.07573802891358669,0.401
6.083001136779785,0.0,0.0,0.1829886658213853,0.11655357593954474,0.401
6.093164682388306,-2.9517258204508665,0.0,0.14865849491464,0.06125349584676639,0.401
6.103335618972778,0.0,0.7373952180028129,0.19374472821216965,0.0472636200657758,0.401
6.113522291183472,-1.472512287600056,0.736256143800028,0.14902187816588924,0.015952026428441787,0.401
6.123744010925293,0.0,0.0,0.14063166132638905,0.0045827250355081235,0.4
6.133944272994995,-1.4705504522824486,0.0,0.15085038287400787,0.06440521186724087,0.4
6.144150733947754,0.0,0.0,0.1240950558569219,0.017868517905180053,0.4
6.154327630996704,-1.4739266721330677,0.0,0.16859411627661688,0.062131402104382845,0.4
6.1645119190216064,0.0,0.0,0.148895470297275,0.0047078281677415046,0.4
6.17472243309021,-1.469073927053659,-0.7345369635268295,0.11004367041319521,0.008074276580513563,0.4
6.18488621711731,0.0,0.0,0.11591930188719765,-0.004582087104415456,0.4
6.195049524307251,-0.7379487660692502,-0.7379487660692502,0.16268775390698903,-0.023606345350036965,0.4
6.205214023590088,-0.7378622194075012,0.0,0.12957215862303034,-0.034835093719765946,0.4
6.21549916267395,-0.7292074456987876,0.7292074456987876,0.06427213509615949,-0.07787292170806231,0.4
6.225676536560059,0.0,0.0,0.10159508805675099,-0.052070058711582906,0.394
6.235837459564209,-1.4762438406307195,-0.7381219203153597,0.10645207205120831,-0.1248660322903878,0.394
6.245997190475464,-0.7382085279140168,0.0,0.10288797038459116,-0.09690686597316876,0.394
6.256157636642456,0.0,0.7381565609160878,0.06831743221083833,-0.07341288000941752,0.394
6.2663445472717285,-0.7362389121632691,1.4724778243265382,0.11839584049214374,-0.08878638059957937,0.394
6.2767014503479,0.0,-0.7241546961325966,0.09086234772543983,-0.08471523370909513,0.394
6.286904573440552,-1.4701381002453557,-0.7350690501226779,0.13479074233821614,-0.0570321935066677,0.394
6.297070026397705,0.0,0.0,0.14191890601919735,-0.05821468842099453,0.394
6.307236433029175,-0.7377237869655965,0.0,0.1253938935481627,-0.11566067178240197,0.394
6.317493438720703,0.0,0.0,0.12645149624221086,-0.0428903549649848,0.394
6.327718734741211,0.0,0.0,0.13807636939768986,-0.07868636588010872,0.394
6.337885856628418,-0.7376718881906013,0.0,0.1100242227783401,-0.10988897971220546,0.394
6.348048448562622,0.0,0.0,0.11921184820018994,-0.19942559375454527,0.394
6.358213424682617,-1.4756552128532896,0.0,0.10971735226287511,-0.12514412016231521,0.394
6.368387699127197,0.0,-0.7371533017762572,0.058718292739323594,-0.18917033168749298,0.393
6.378582715988159,0.0,0.0,0.10374762222017726,-0.10834694236812231,0.393
6.3888304233551025,-0.7318710157740449,0.0,0.0804353050354599,-0.09505005931648947,0.393
6.399017572402954,0.7362216813330836,-0.7362216813330836,0.12094319186859748,-0.09788346986431315,0.393
6.409191846847534,-0.7371533017762572,-0.7371533017762572,0.06858902441289136,-0.0049874124160728395,0.393
6.4193665981292725,0.0,0.0,0.1125534081414343,-0.02720368368087607,0.393
6.429548740386963,0.0,0.0,0.08137095888730397,0.02711254509244465,0.393
6.439712047576904,0.0,0.0,0.05749626103030579,-0.02509734014403693,0.393
6.449875831604004,0.0,0.0,0.07597968014309446,-0.036742751658817394,0.393
6.460039377212524,0.0,0.0,0.10563699407577244,-0.08101896855793875,0.398
6.470210790634155,0.0,0.0,0.15950190423276384,-0.037376915029765104,0.398
6.480393171310425,0.0,1.4731329025007023,0.10237280224790518,-0.12726923834138976,0.398
6.490559101104736,0.0,-0.7377583902061493,0.15013644728084746,-0.09959437686014914,0.398
6.500725984573364,0.0,0.0,0.13219100757702873,-0.11420406342276594,0.398
6.5109758377075195,-0.7317178014002931,0.0,0.1582527207446355,-0.12376618402109445,0.398
6.521153211593628,0.0,0.0,0.12014393155395806,-0.10202069665717857,0.397
6.531319856643677,2.9508259462501756,-2.9508259462501756,0.1526261223498106,-0.0978536925431099,0.397
6.541503190994263,-2.209492414309796,0.7364974714365986,0.17456664240785458,-0.01533256791945499,0.397
6.551709175109863,-2.2045889690938396,-0.7348629896979466,0.21536183610800957,-0.09851108517941783,0.397
6.561870098114014,1.4762438406307195,2.214365760946079,0.1470252508595779,-0.061048485685581924,0.399
6.5720367431640625,4.426238919375264,0.7377064865625439,0.14026277578212765,-0.01516847071465742,0.399
6.582201957702637,-4.426861806923727,-1.4756206023079088,0.14983258524353354,-0.03769451206046359,0.399
6.5923426151275635,0.0,0.0,0.13591794393577786,-0.12935716798455538,0.399
6.602687835693359,0.0,2.1749173791800143,0.08015245692311718,-0.08435105275361963,0.399
6.612891435623169,-3.675173493469168,-3.675173493469168,0.08371427098399273,0.030427946837799397,0.399
6.623056650161743,2.9512412046158176,1.4756206023079088,0.10818230657576317,0.09428026505883558,0.403
6.633225440979004,6.637957374973624,-2.212652458324541,0.09057969093804714,0.032062112369399785,0.403
6.643475532531738,2.9268031261630068,0.0,0.07379589023075142,-0.014496855469114382,0.403
6.653697490692139,0.0,0.0,0.12159639140411599,0.0023419078786389713,0.403
6.663860559463501,5.90372862270392,0.73796607783799,0.10009789614055342,-0.005637667533039417,0.403
6.674036979675293,0.7369978680036549,0.0,0.10041884524219599,-0.10396398077272614,0.403
6.6842451095581055,0.7347085201793722,0.0,0.12281868195729341,-0.049008108712576645,0.403
6.694434404373169,0.7360666401478811,0.0,0.12937429335314293,-0.03577452415747559,0.403
6.7046873569488525,0.7314966049669798,0.0,0.13139948446975502,0.0006763456542465199,0.403
6.714903354644775,1.468285374221102,-0.734142687110551,0.16244051150519778,0.03473088802410716,0.403
6.7250800132751465,0.0,0.0,0.05259611641908578,-0.011962661807528523,0.405
6.735242128372192,0.7380353330361542,-0.7380353330361542,0.041890194932226524,0.050071587823965646,0.405
6.745405435562134,0.0,-0.7379487660692502,0.14230910488119386,0.1264428476361212,0.405
6.755568265914917,1.4759667808379862,0.0,0.10658150739471801,0.09500242497768885,0.405
6.7657787799835205,1.469073927053659,0.0,0.07786036762575596,0.05009057406760674,0.404
6.775948762893677,0.0,0.0,0.07212998294422561,0.11715776300697173,0.404
6.786111354827881,2.21400211143695,0.0,0.12502765467356614,0.1003134706099436,0.404
6.796278476715088,0.0,0.0,0.03680119794765531,0.16583975714258486,0.404
6.806746482849121,0.7164688197512868,0.0,0.00958506032022833,0.08502129682818084,0.404
6.816917896270752,0.7373606488209647,0.0,0.06510135595324443,0.1126032115030702,0.404
6.827088117599487,0.7374470778535762,-1.4748941557071524,0.0701729715977496,0.11420329078238958,0.403
6.837255239486694,0.0,0.0,0.07385813784890682,0.07509513692091163,0.403
6.847480535507202,0.7334750979294907,0.0,0.11012170236294971,0.10420672453820677,0.403
6.8576624393463135,0.7366009460029036,0.0,0.10489456714076906,0.0930081673516783,0.403
6.867826223373413,0.0,0.0,0.13482761364039592,0.11718486428563814,0.403
6.877997159957886,0.0,-0.7373952180028129,0.09705873317374981,0.11125510529126142,0.403
6.888185501098633,0.7361355392787775,-0.7361355392787775,0.09656174589671662,0.2416961821417612,0.403
6.898380517959595,0.0,0.0,0.08811468381200037,0.2498954495266199,0.403
6.908627510070801,0.731922101491426,0.0,0.10453530613575361,0.22785705674722673,0.403
6.9187986850738525,0.0,-0.7373779330067274,0.09894874581739835,0.23401670635400057,0.403
6.929002046585083,0.0,0.0,0.07639872770621148,0.1495543043284622,0.4
6.939173936843872,0.0,0.0,0.06430669594643434,0.1399731980678686,0.4
6.949338436126709,1.4757244388150024,-0.7378622194075012,0.12405628018259035,0.18066843769942603,0.4
6.959694147109985,0.7242380568665823,0.0,0.08954899131857272,0.19517644571188592,0.404
6.969857931137085,0.0,0.0,0.1262024830834653,0.22096247609285152,0.404
6.980024814605713,0.0,0.0,0.08807629576310758,0.26210383043368773,0.404
6.990185022354126,0.0,0.0,0.11855403499682424,0.18237954869950473,0.404
7.000347137451172,-0.7380353330361542,0.0,0.1201882008655083,0.2292324356137571,0.404
7.010683536529541,0.7255911795912718,0.0,0.13990197491690937,0.09736989681300973,0.404
7.02084493637085,-2.214261848897231,0.7380872829657438,0.19369234938311786,0.14158120874812558,0.405
7.0310139656066895,0.7375335271499578,-0.7375335271499578,0.12434611221427025,0.06349914787157873,0.405
7.041175365447998,0.0,0.0,0.09443341768905553,0.097290189968414,0.405
7.051334619522095,0.0,0.0,0.09319194227997803,0.13151837030283836,0.405
7.0616819858551025,0.0,0.0,0.06808304079964725,0.12869932260682837,0.405
7.071843147277832,-4.428627607405148,0.0,0.10222766388155516,0.16337930312649449,0.405
7.0820066928863525,-2.21379436533815,0.7379314551127166,0.04597081902796295,0.01158768547400596,0.405
7.092167377471924,0.0,1.4762784804186122,0.08521643442095216,-0.007157559241410122,0.405
7.102332830429077,5.164550976851092,-0.7377929966930131,0.06667464661034185,0.030275883444984553,0.405
7.112671613693237,1.4508477077760353,0.0,0.03161403935838757,0.03253206501580326,0.405
7.122833728790283,-3.6901766651807706,0.0,0.04218474065244695,0.09715328579076588,0.405
7.133020401000977,-4.417536862800168,-1.472512287600056,0.06153964956253356,0.1280359062995171,0.405
7.143239736557007,0.7339028999370086,0.0,0.08987939070842837,0.12307002264240599,0.405
7.153454303741455,-4.40547300609201,0.0,0.06427670938003172,0.12345860357547508,0.405
7.163635730743408,2.9465417759460473,0.0,0.01984833407762506,0.1366052262379177,0.407
7.173805236816406,-5.8999915599943735,2.2124968349978897,0.028368648962157968,0.05464946419895149,0.407
7.183977365493774,-0.7373088011250439,-0.7373088011250439,0.08584375941025911,0.057144209939211606,0.407
7.194142580032349,0.0,0.7378103011539544,0.10519115537348742,-0.0032006241897108434,0.407
7.204306602478027,-0.7378968356360395,0.0,0.0896456725412557,-0.03563507484332657,0.407
7.21449613571167,0.0,-0.7360494173803173,0.09487999064941005,0.009163117093398891,0.407
7.224755048751831,-1.4621432057449626,0.0,0.1011245264917799,0.020341843594249925,0.408
7.234923601150513,-0.7375681125439625,-1.475136225087925,0.12186671558804134,0.060735133406358666,0.408
7.245087623596191,0.7378968356360395,0.0,0.10415673961024902,0.04786792586455517,0.408
7.255251169204712,0.0,0.0,0.06138062192256815,-0.04702146583929931,0.408
7.265418291091919,-1.4753437763812025,0.7376718881906013,0.09643677474565338,-0.0950381631791112,0.406
7.275588035583496,0.0,-0.7374816551400774,0.05797188856317558,-0.08856474497533859,0.406
7.285791635513306,0.0,0.0,0.10042083976873104,-0.13146212177630148,0.406
7.295957326889038,0.0,0.0,0.07872789116642458,-0.15399735895743488,0.406
7.306127071380615,0.0,0.0,0.0842943806206373,-0.0935357059731777,0.406
7.316293239593506,-1.475482176360225,0.0,0.024490105869649947,-0.09494091008312455,0.406
7.326498031616211,0.7349488341666277,-0.7349488341666277,0.06558316569841446,-0.12088978868708804,0.405
7.336717844009399,0.0,0.0,0.06982396612034467,-0.1295189964629542,0.405
7.346883535385132,0.7377756930437638,0.0,0.062006706938703554,-0.20721806964882256,0.405
7.357048034667969,0.0,0.0,0.04946756723501669,-0.233152440059742,0.405
7.367213249206543,0.0,0.0,-0.03183248526591063,-0.13845333309643568,0.402
7.3773815631866455,0.0,0.0,0.06610782576211603,-0.11102506055942349,0.402
7.387552499771118,-7.373952180028129,-8.111347398030942,0.07690451153058395,-0.0511241091085541,0.402
7.397749423980713,0.0,0.0,0.0425045275529131,-0.12797585287981975,0.402
7.407941818237305,0.0,0.0,0.0020131542676973604,-0.16743312430850782,0.402
7.418129205703735,0.7362044513094151,-0.7362044513094151,0.03052920228150674,-0.19402902782708836,0.402
7.42830491065979,0.0,0.0,0.006673967119930271,-0.12430924253497765,0.401
7.438547372817993,0.0,-0.7322458100558659,0.053987300139573674,-0.10171286279228675,0.401
7.4487364292144775,0.0,-0.7360838637214526,0.08735695199159767,-0.17584936472633517,0.401
7.458901882171631,0.0,0.0,0.10105917597170243,-0.19247096427112897,0.401
7.469067335128784,0.0,-0.7377929966930131,0.10920303555157476,-0.12240307961837162,0.404
7.479235649108887,0.0,0.0,0.08721980557989921,-0.19103737711456364,0.404
7.489403247833252,0.0,-0.7376372930638277,0.0403500989717932,-0.2551760653771136,0.404
7.499634742736816,0.0,0.0,0.05765552635098865,-0.14251244569513125,0.404
7.509801149368286,0.7377237869655965,0.0,0.025272169168567025,-0.09001412206837264,0.404
7.519964218139648,0.0,0.0,0.10682609881967815,-0.16977514071493424,0.399
7.530141592025757,0.0,0.0,0.09891507225848747,-0.175027865789209,0.399
7.540303468704224,0.7380526488667823,0.0,0.17797586835558532,-0.1253559235727285,0.399
7.550513029098511,0.0,-1.4692111531455794,0.1497200578759802,-0.11046860096389126,0.399
7.560700416564941,0.7362044513094151,0.0,0.19921239658664452,-0.16013784705540685,0.399
7.570867300033569,0.0,0.0,0.2087090667531048,-0.1469307052271512,0.399
7.5810346603393555,0.0,1.4753091804431937,0.18796721544435463,-0.08850736230628381,0.399
7.591198444366455,0.0,0.0,0.15670566328325247,-0.07555870231423997,0.399
7.601367235183716,0.0,0.0,0.08806019896791624,-0.031837430838336074,0.399
7.611598968505859,1.4660272631946871,0.0,0.14835094975785068,-0.13867050755674398,0.399
7.6217687129974365,3.6874082757003865,0.0,0.14956962047866668,-0.15292588779396993,0.396
7.631945610046387,1.4739266721330677,1.4739266721330677,0.14759501200444194,-0.058209059726099625,0.396
7.6421167850494385,0.0,0.0,0.1253396535715484,-0.06984281479480266,0.396
7.652298450469971,0.7366181945907972,0.0,0.1749789898392277,-0.07874375035760729,0.396
7.662595748901367,0.0,0.0,0.2154074830046837,-0.07413667984467251,0.4
7.672776460647583,2.210061591063441,1.473374394042294,0.16854430011958435,-0.03839681067982405,0.4
7.6829752922058105,0.7353783575285784,0.0,0.14137606773273245,0.0005804756139980438,0.4
7.693156003952026,0.736687197021147,-0.736687197021147,0.10310172470075064,-0.0018533726388925541,0.4
7.703321695327759,1.4755513860875276,0.7377756930437638,0.1914842923067735,-0.09113290791140577,0.4
7.713517427444458,1.471203816294079,1.471203816294079,0.12174932076597797,0.012223273299945017,0.4
7.72367787361145,1.4763131218321757,0.0,0.10998319732395156,0.10656401983618391,0.399
7.733846426010132,0.7375681125439625,0.0,0.0862892207230608,0.08335719109282387,0.399
7.744000434875488,0.7386245274601423,0.0,0.08605491679529467,0.10870635537236972,0.399
7.754155874252319,0.0,0.0,0.13094817304320758,-0.07565539037213492,0.399
7.764317512512207,0.7380699655099598,0.0,0.17192855976529195,0.037689689954213346,0.397
7.774531841278076,1.4685252789318892,0.0,0.12512417535918963,0.059222160765094664,0.397
7.7847511768341064,0.7339028999370086,0.0,0.05413710482247101,0.15308930510607838,0.397
7.794917106628418,0.7377583902061493,1.4755167804122986,0.07819896665341713,0.11460801541207513,0.397
7.805083751678467,0.7377064865625439,0.0,0.06482902063832234,0.013706678825515031,0.397
7.8152525424957275,0.0,0.7375508194415137,-0.005807851675418815,0.060901312041513965,0.397
7.825422763824463,0.0,0.7374470778535762,0.036781642925937295,0.09259695175134554,0.399
7.835691928863525,0.0,0.0,0.021274598946272583,0.12655368820236151,0.399
7.8458545207977295,2.9520028152492666,0.0,0.03625885611940064,0.1339363005481942,0.399
7.856017351150513,3.6899169520949653,0.0,0.06546770865391008,0.2206156511478739,0.399
7.866183757781982,0.0,0.0,0.04050830538143203,0.18948242737651905,0.401
7.87635350227356,0.0,1.4749633102801547,0.06540751658494871,0.13073036187408932,0.401
7.886542320251465,0.7361010881010881,0.0,0.05835364946679168,0.08689721202996695,0.401
7.896731853485107,0.0,0.0,0.007301676571659095,0.11947051272533943,0.401
7.906930685043335,2.2061350725857354,0.0,0.09379478076811128,0.1961892680969047,0.401
7.917125225067139,0.7356879253490493,0.0,0.03958201132549743,0.16723932870324607,0.401
7.927304744720459,0.0,0.7367734682405845,0.001655222146840725,0.20005839469977799,0.399
7.937581300735474,0.7298164860914553,0.0,0.008178896850267743,0.10808105005297755,0.399
7.9477667808532715,0.0,0.0,-0.0992603850135633,0.1363649007110615,0.399
7.957931041717529,0.7378795271157815,0.7378795271157815,-0.09465272786472331,0.13531434161657457,0.399
7.968095302581787,0.7378795271157815,0.0,-0.02414818758891075,0.13948736319716595,0.402
7.97826075553894,0.0,0.0,-0.04666835156816039,0.2414870412492967,0.402
7.988433837890625,2.9489587288195174,0.7372396822048793,-0.057109560853458065,0.2087120277419055,0.402
7.998719692230225,0.0,0.7291567382133419,-0.0073562677674551685,0.11592608655374298,0.402
8.008877992630005,0.0,0.0,0.047237500117500636,0.07496740423779671,0.402
8.019035816192627,0.0,0.0,-5.3407188400564354e-05,0.1570368957344287,0.402
8.029196739196777,0.0,0.0,0.04584246456354177,0.10325257555614129,0.4
8.039362907409668,0.7377410881801125,0.0,-0.006209842107004565,0.13058356153368358,0.4
8.049551963806152,-0.7360838637214526,0.0,0.01677274931484457,0.14338342464187304,0.4
8.059736967086792,0.7363767878461575,0.0,-0.02807009373883615,0.16794555970609554,0.399
8.069904327392578,0.0,2.2129637706647904,0.03086928637673446,0.0931412167361003,0.399
8.080073118209839,0.0,-2.9502032777660547,-0.058766326974728604,0.10523062933968497,0.399
8.090246438980103,1.474444808999297,0.0,-0.01766354400177375,0.09235685656890293,0.399
8.10041856765747,0.0,0.7373088011250439,-0.04204274062833434,0.08554160772932916,0.399
8.110610008239746,0.7359116642492864,0.0,-0.07657318647967722,0.2077890649693495,0.399
8.120781183242798,0.0,0.0,-0.08281733273112629,0.20925462883548274,0.4
8.131007432937622,0.0,0.0,-0.06488413656329037,0.16329298281344015,0.4
8.141225337982178,0.0,0.0,-0.03464142727805154,0.04625623927803987,0.4
8.151392221450806,0.0,0.0,-0.005904435620979559,0.04364909634158251,0.4
8.161649703979492,0.0,0.0,0.026467141218799742,0.07659437797693927,0.402
8.1718590259552,0.0,0.7346227318371826,-0.01882142864304341,0.17692157488401297,0.402
8.182029247283936,0.7374470778535762,0.0,-0.07627631652805301,0.15038049000650155,0.402
8.192200660705566,0.0,0.0,-0.05305760470146766,0.020360717396713413,0.402
8.202368021011353,0.0,0.0,-0.04569468139488265,0.05971502605962776,0.402
8.212608575820923,0.7323821940771092,0.0,-0.05796576091700066,0.07983263868345729,0.402
8.222776889801025,1.4751708129147225,-2.950341625829445,-0.08295835541372573,0.06815138901654849,0.404
8.232945442199707,0.0,0.0,-0.07287442685047452,0.09401232354507674,0.404
8.243179082870483,0.0,0.0,-0.04119316446672585,0.12269779309714016,0.404
8.25334358215332,0.0,0.7378622194075012,-0.04241873358910932,0.004061981299561299,0.404
8.263557434082031,0.0,0.0,-0.05714560540201974,-0.07537679969985478,0.401
8.273741245269775,0.0,-0.7364629863744908,0.023084732161133256,0.07080485207311114,0.401
8.283913135528564,0.0,0.0,0.10065178392057873,0.07269726081888782,0.401
8.294083833694458,0.0,-0.7374125038092783,0.009345776148619964,0.07749417131109415,0.401
8.304256439208984,-5.898193920359997,0.0,0.010553570928711592,-0.015938516205599593,0.401
8.314431428909302,1.4742029664690581,0.0,-0.0205528369766915,-0.010689196949518212,0.401
8.324696779251099,-1.461226309921962,0.0,0.0002573208501637711,0.005118778744765462,0.399
8.334876298904419,2.947093872962338,-0.7367734682405845,0.03153460014224499,0.0254314578916211,0.399
8.345046520233154,0.0,0.0,0.0035706475679010592,0.041156891343696475,0.399
8.355205535888672,1.476521004459047,0.0,-0.018349923296200124,0.04491098252198098,0.399
8.365367889404297,1.476036036036036,0.0,0.019710460795730283,0.015892013108808924,0.402
8.375560760498047,0.0,5.15065868263473,0.05414742128731157,-0.059864638195925024,0.402
8.385772228240967,0.0,-1.4689367265935092,0.05172619195041134,0.05041482822215716,0.402
8.395933151245117,0.0,0.0,0.036480936228151434,0.06693942391714117,0.402
8.406105041503906,0.0,-2.21197824864054,0.088816335168163,-0.06813836896619767,0.402
8.41629672050476,-0.7358944487332444,2.207683346199733,0.09708822805613192,-0.01705942629208762,0.402
8.426493883132935,0.0,0.0,0.08306975132115087,-0.006527280813679979,0.402
8.436728477478027,0.7328087217834929,1.4656174435669858,0.1244345944303471,-0.02123912696446041,0.402
8.446900606155396,0.0,-3.6865440056252194,0.13762096572847787,-0.1780942946562614,0.402
8.457063436508179,0.7379833904189931,1.4759667808379862,0.0841500394537511,-0.06471421738676084,0.402
8.467232704162598,-1.4750324713384755,-2.2125487070077132,0.020179930516517203,0.023640149405831982,0.401
8.477400779724121,-5.900821609454136,0.0,0.035036401510114654,0.06684535851429248,0.401
8.487607955932617,-11.756434644492199,0.7347771652807624,0.01774569064797345,-0.013349945112851265,0.401
8.497790098190308,0.0,0.7365836982227738,-0.0015402491259952147,0.04579786166393045,0.401
8.507956743240356,-0.7377064865625439,0.0,-0.011317857423833287,0.1550410107297713,0.401
8.518118143081665,0.0,0.0,-0.009413407441423362,0.13935671194590024,0.401
8.528284311294556,-0.7377410881801125,-0.7377410881801125,0.09837697369243917,-0.010386224117308898,0.402
8.538471698760986,0.0,0.0,0.09547194311701208,-0.049895494801827533,0.402
8.548659563064575,-0.7361699936814022,0.0,0.13288549518172896,0.019547701109365198,0.402
8.558894157409668,-0.7328087217834929,0.0,0.1784073972451331,0.020265982859061848,0.402
8.569059133529663,-0.7378276064266448,-0.7378276064266448,0.15909719331157884,-0.1010117242951145,0.406
8.579221725463867,0.0,0.0,0.1389632931278973,-0.0964719524973639,0.406
8.58939003944397,-0.7375854064573613,0.0,0.12965646171109613,-0.11207503374949915,0.406
8.599666833877563,-1.4595991091314031,0.0,0.08918219043608104,-0.08105031084771781,0.406
8.609825372695923,1.476590311678558,-0.738295155839279,0.10231943027318172,-0.052611267513191576,0.406
8.61998462677002,-0.7382431766445284,0.0,0.06720352816886678,-0.2036833109924971,0.402
8.630146741867065,0.0,-1.4760706660723084,0.05306971026607375,-0.23963275584665455,0.402
8.640310049057007,-2.951795064277001,5.903590128554002,0.087134562718026,-0.1992615700911235,0.402
8.650482177734375,3.6865440056252194,-6.635779210125396,0.05484439542612471,-0.15344560492536746,0.402
8.660663366317749,-5.89322155352083,2.946610776760415,0.047717703944547815,-0.18654379554004533,0.402
8.670840740203857,0.0,0.0,0.03245101011957776,-0.24408481269364282,0.402
8.68105411529541,0.0,0.0,-0.02314170366059488,-0.29145983484887716,0.402
8.691264390945435,0.0,0.0,0.025025161263194203,-0.27412232646183154,0.402
8.70143723487854,0.0,0.0,0.01800787041189247,-0.18452688162479533,0.402
8.711667776107788,0.0,0.0,0.0809749922566462,-0.2129846237526779,0.402
8.721830606460571,0.0,0.0,0.1159101052786854,-0.1758999677064629,0.403
8.731995344161987,0.0,0.0,0.09447099527090186,-0.14476824996738794,0.403
8.742170572280884,0.7370842120061858,-0.7370842120061858,0.02286202189447053,-0.11608484221708804,0.403
8.752338171005249,1.4752745861276555,-1.4752745861276555,0.06916251318915662,-0.15598903456987917,0.403
8.762505769729614,0.0,0.0,0.11019297068374796,-0.21926768472585464,0.402
8.772786617279053,0.0,-0.7295118387792491,0.09783753125104495,-0.23196861293434007,0.402
8.782949209213257,0.0,1.4760014076246333,0.10676321404213966,-0.1407229934015193,0.402
8.793119430541992,0.7374470778535762,-1.4748941557071524,0.11943634295212768,-0.16389914314607984,0.402
8.803284645080566,0.0,0.0,0.11897530361694464,-0.19369740312486972,0.402
8.813453435897827,0.7375508194415137,0.0,0.1291146854416902,-0.21830174215689238,0.402
8.82371735572815,0.0,2.9228599303135887,0.12308240134339132,-0.15654463432251547,0.402
8.833880424499512,0.0,0.0,0.11297487705816844,-0.20690730604574173,0.402
8.844048976898193,0.0,-0.7375681125439625,0.09099762362983028,-0.21665897757025393,0.402
8.854215145111084,0.0,-0.7377410881801125,0.08496043978605815,-0.2528401726574575,0.402
8.864378452301025,0.0,0.0,0.08221762734751334,-0.1426797818824736,0.402
8.87454605102539,1.4752745861276555,5.163461051446794,0.07188948800062778,-0.12397042425577753,0.402
8.88474702835083,-0.7352236712943486,-1.4704473425886972,0.08695948696063839,-0.08536471158251942,0.402
8.894917488098145,7.374297904261803,1.4748595808523606,0.05888062016294647,-0.24026750719189896,0.402
8.905083894729614,0.7377237869655965,0.0,0.031337613743784395,-0.15015259851202176,0.402
8.915256023406982,0.7373088011250439,0.0,0.056492591799019345,-0.12297077953772459,0.402
8.925441026687622,0.7363767878461575,0.0,0.09058437718672505,-0.0774929064625206,0.404
8.9357271194458,1.458279674570614,0.0,0.06546901371523633,-0.1554085982898069,0.404
8.945921421051025,0.0,0.0,0.0577084047816044,-0.22480513504254374,0.404
8.956095457077026,0.737170576242589,0.0,0.07641674812239298,-0.17771371575621242,0.404
8.966262340545654,0.0,1.4753783739417958,0.012674046362130027,-0.0662157117705044,0.404
8.976438283920288,3.6851620158852882,0.0,0.05835074116531958,-0.10637559528759521,0.404
8.98662781715393,0.7360494173803173,-0.7360494173803173,0.018292116008616667,-0.11050971554816372,0.404
8.996801853179932,0.737170576242589,0.0,0.00504880967137643,-0.11184630212886369,0.404
9.006969213485718,1.4753091804431937,-1.4753091804431937,-0.013910866839940124,-0.11156472933666466,0.404
9.017139434814453,0.7374470778535762,0.0,0.040232726276519595,-0.08354160543133977,0.404
9.027305603027344,1.475482176360225,0.0,0.0633466142597078,-0.015591942598187296,0.408
9.037494897842407,0.7360666401478811,0.0,0.01581078638617492,0.09118813971920865,0.408
9.047802448272705,0.7276219554506974,0.0,0.07696644979948201,-0.05797138404668578,0.408
9.057979822158813,0.0,0.0,0.07660241947462057,-0.046678556108987815,0.408
9.068145751953125,0.7377583902061493,0.0,0.039407149437904854,-0.009004847752330764,0.405
9.078312158584595,0.0,-0.7377237869655965,-0.011325496377111905,0.03643706804911061,0.405
9.088479042053223,3.6884459348544896,0.0,0.01929967324497038,0.03640218617874788,0.405
9.098686456680298,2.2042800084086607,0.0,0.0248415414081639,0.048625738721861,0.405
9.10888934135437,0.735086227041174,0.0,0.032777092638824466,0.05156542290100609,0.405
9.119077444076538,0.7361527660769447,0.0,0.028231162341587596,0.06191029592247661,0.405
9.12925386428833,0.0,0.0,-0.007297718624689427,0.04551628808051856,0.408
9.1394784450531,1.4670528156698146,-0.7335264078349073,-0.006786121656640481,0.047758415686635844,0.408
9.149681568145752,0.7350690501226779,-0.7350690501226779,0.024297339946692413,0.04616766445030407,0.408
9.159892797470093,2.2034565364589414,-1.4689710243059608,0.033985176104099096,0.11057333891407539,0.403
9.170068264007568,0.0,0.0,-0.026912457158577457,0.08374037493252476,0.403
9.181126117706299,0.0,0.0,-0.012984469087619186,0.023671356578611635,0.403
9.19132113456726,1.4713070321086972,0.0,-0.017739315530326507,0.013920911585356244,0.403
9.201533317565918,1.4688338430649266,0.0,-0.01348791210692409,0.046473959497040224,0.403
9.211801528930664,0.0,-0.7304095848425745,-0.0060621439674323555,0.11348812180591336,0.403
9.221963167190552,0.7380699655099598,0.0,0.06907664325153207,0.11903222883021003,0.404
9.232130527496338,0.0,0.0,0.07113482800128768,0.1503451765582195,0.404
9.242296934127808,0.0,0.0,0.046078572534103086,0.14809617029209116,0.404
9.252464294433594,0.7376545902215969,0.0,-0.00596480799090508,0.1110082053458152,0.404
9.262651205062866,0.7362389121632691,-0.7362389121632691,-0.02442695704728054,0.12201553423525886,0.401
9.272831439971924,0.7367217030843813,-0.7367217030843813,-0.020755506947531914,0.15927411226823443,0.401
9.282992362976074,0.7381219203153597,0.0,-0.08244913548872904,0.11911289583049786,0.401
9.293158769607544,0.7377237869655965,0.0,-0.1075352541889962,0.15909113515777393,0.401
9.303322792053223,1.475793671272079,0.0,-0.11990285589530784,0.12103860740682335,0.401
9.313486337661743,0.0,2.9517258204508665,-0.1776735907300988,0.20635171021908175,0.401
9.323667764663696,0.7366354439865118,0.7366354439865118,-0.08944145872534306,0.17281744037648228,0.402
9.333828449249268,0.0,2.2144177206279183,-0.19334206112141705,0.1677626524564509,0.402
9.344002962112427,0.0,0.0,-0.14207827476944448,0.13877833109582735,0.402
9.354165077209473,0.0,1.4760706660723084,-0.19803903880076898,0.1626623483337432,0.402
9.364331483840942,0.0,0.0,-0.30617104273586304,0.16768065706878182,0.399
9.374496221542358,0.0,0.0,-0.35215228176257013,0.13335666877547828,0.399
9.384734630584717,0.0,0.7325356868406958,-0.3726336812974081,0.02630759068652494,0.399
9.394907712936401,2.2117190466146384,0.0,-0.3713277465436987,0.1593425534784776,0.399
9.405071020126343,0.7379487660692502,-0.7379487660692502,-0.3692227384881801,0.04685136026598108,0.399
9.415241479873657,0.0,0.0,-0.4316211264710181,0.06614107663786488,0.399
9.425410032272339,1.475136225087925,1.475136225087925,-0.4260457570932434,0.07065648987599199,0.399
9.43565845489502,1.4636398743747818,0.0,-0.4646673030204556,0.0711495089895231,0.399
9.44584584236145,0.0,0.0,-0.4669527950138953,0.11461922792110855,0.399
9.456026554107666,1.473374394042294,0.0,-0.5265777386964734,0.047264414210261035,0.399
9.46619439125061,0.0,-0.7376199967172368,-0.46686784586058494,-0.01670009593760069,0.397
9.4763662815094,0.0,0.0,-0.5238577965551027,0.019162384362116258,0.397
9.486553430557251,0.0,0.0,-0.493765079581034,0.09578734429528743,0.397
9.496791124343872,0.7325868653935724,-0.7325868653935724,-0.5748223902630565,0.08201224549041991,0.397
9.506959438323975,0.0,-0.7375854064573613,-0.5513725639687835,0.13884178109403558,0.397
9.51712703704834,0.7376372930638277,-1.4752745861276555,-0.5499816904278738,0.039621509798231994,0.397
9.527292728424072,0.0,0.0,-0.6312548345115242,0.09635400919419035,0.393
9.537456512451172,0.0,-2.9516565798733287,-0.5922636687149272,0.1391455685680283,0.393
9.547698020935059,0.0,0.0,-0.4729721136849918,0.10089954577674484,0.393
9.557861328125,0.7379487660692502,-0.7379487660692502,-0.444190331645242,0.10169039573155647,0.393
9.568020582199097,0.0,-2.9529727065781137,-0.6161761244380465,0.08687722202699605,0.391
9.578181028366089,0.7381565609160878,-1.4763131218321757,-0.47491740759680706,0.11348015709564391,0.391
9.58834171295166,0.0,-2.9525569608372244,-0.5094723641919514,0.0885939527044479,0.391
9.598503828048706,0.0,-0.7380353330361542,-0.5372406185656975,0.10560474384636412,0.391
9.608686447143555,0.7365492050855791,-1.4730984101711582,-0.3914886840863846,0.1515322634159459,0.391
9.618850231170654,0.7379141449683322,-2.2137424349049963,-0.4239293581152268,0.06925529286066044,0.392
9.629010677337646,-0.7381565609160878,-1.4763131218321757,-0.5067312266357242,0.05353152347955814,0.392
9.639172315597534,0.0,-2.9522798620398394,-0.35786597566811035,0.13035378709320902,0.392
9.649334907531738,0.7380007038123166,-1.4760014076246333,-0.3835716680024438,0.0587261643260784,0.392
9.659493684768677,0.7382778286277547,-1.4765556572555094,-0.4532206574442069,0.055240031166428144,0.392
9.66967511177063,0.0,-1.4732708879730236,-0.4091544777128738,0.11320303850529541,0.392
9.679843187332153,0.0,-2.950410804727068,-0.297940453361613,0.13357783609552498,0.392
9.69005036354065,0.0,-0.7347771652807624,-0.36546860330557246,0.0571008548155425,0.392
9.700256586074829,0.0,-4.4090749392636885,-0.3892280998041492,0.13465337993722598,0.392
9.710444450378418,0.0,-1.4723399873628045,-0.31088208698016295,0.14927757329747565,0.392
9.720609903335571,0.0,-3.6889649834650653,-0.279220880707409,0.08237233737936053,0.39
9.730817079544067,0.0,-0.7347771652807624,-0.3743581841228292,0.09380317148749445,0.39
9.740981340408325,0.0,-4.427277162694689,-0.20619936750468287,0.19529411131133007,0.39
9.751160144805908,0.0,-1.4736504813435458,-0.17008645456805435,0.13340549568517857,0.39
9.761330366134644,0.0,-4.424682467121457,-0.24510839955196262,0.04218995360939817,0.394
9.771495819091797,0.0,-2.2133789900790393,-0.2493166565997282,0.056388664401192376,0.394
9.781737327575684,0.0,-2.1969419871496414,-0.14093152108737494,0.11735274471606046,0.394
9.791899919509888,-0.7380007038123166,-2.21400211143695,-0.09107089301433043,0.0062515995802655405,0.394
9.802072286605835,0.0,-3.686457600900014,-0.16334331557222592,0.035773297288749825,0.394
9.812242031097412,0.0,-1.4749633102801547,-0.12134894788517236,0.10035213438511882,0.394
9.822421550750732,0.0,-1.473546936481169,-0.032176289204293794,0.13684997665634555,0.395
9.832653045654297,0.7330307125879666,-2.1990921377638997,-0.015994428254094004,0.03782846042519557,0.395
9.842865467071533,0.0,-2.203199327636924,-0.09154658699398423,-0.009577750418968412,0.395
9.853062391281128,-0.735515911057074,-2.206547733171222,-0.0661811686574645,0.06634178734304402,0.395
9.863223314285278,0.0,-1.4762438406307195,-0.035852804450799844,0.07770563869463265,0.395
9.873389720916748,0.0,-2.2131713608967893,0.014742391717942092,0.03077519954874125,0.395
9.883548974990845,-0.7382431766445284,-1.4764863532890569,-0.06505730573211972,0.06843999221967573,0.395
9.893823623657227,0.0,-2.919807866341803,-0.05168079077150897,0.022183603296991955,0.395
9.90398359298706,0.0,-0.738191204768386,-0.04710327950125193,0.0363011440460219,0.395
9.914144515991211,-0.7381219203153597,-1.4762438406307195,0.022908095406755615,0.05826222360718966,0.395
9.924306631088257,0.0,-2.2141059991084626,0.05743569122571804,0.05052300515968583,0.393
9.934495449066162,0.0,-1.4722021762021762,-0.03221149558816565,0.017246031206493248,0.393
9.9447762966156,0.0,-2.188535516337747,-0.07775506072287475,0.0421690368244305,0.393
9.955001592636108,-0.7334750979294907,-1.4669501958589815,0.03241220309756386,0.07223992602600121,0.393
9.965183734893799,-0.7365836982227738,-2.2097510946683214,0.08194174173743482,-0.039207875407264295,0.397
9.975354433059692,0.0,-2.949650015237113,-0.008786302142683236,-0.08501752860304618,0.397
9.9855215549469,0.0,-1.4753437763812025,-0.09642377429159112,0.017222303156994745,0.397
9.995763540267944,0.0,-1.4645598025978863,-0.029264766017671334,0.06620108717145491,0.397
10.005926370620728,0.0,-1.4759667808379862,0.043024893224377046,0.1382256942921674,0.397
10.016087055206299,-0.7381392402093061,-1.4762784804186122,0.05871133436038593,0.07421681738436085,0.397
10.026248455047607,0.0,0.0,0.03446381993995832,0.018370564173430422,0.396
10.036415100097656,-0.7377064865625439,-2.9508259462501756,-0.05257884940992137,0.010670413339872377,0.396
10.046630144119263,0.0,-0.734211226514179,-0.03079477856109484,-0.006508886431667096,0.396
10.056804180145264,0.0,-2.211511728727767,0.0234248517776992,0.045148056718710895,0.396
10.066967725753784,-0.7379314551127166,-0.7379314551127166,0.018461491389839216,0.06146079965759979,0.399
10.07713270187378,-0.7378276064266448,-0.7378276064266448,-0.03780409613445494,-0.02323386057836232,0.399
10.087293148040771,0.0,-1.4763131218321757,-0.012118436445455346,0.022902502563736115,0.399
10.097461700439453,0.0,-1.475136225087925,0.018876847520143857,0.018478131270731904,0.399
10.107657432556152,-1.471203816294079,-0.7356019081470395,0.015966173476941597,0.024271321117206254,0.399
10.117828845977783,0.0,-0.7373606488209647,-0.09307695149416892,-0.0006998183370263422,0.399
10.128049373626709,0.0,-2.935269198469721,-0.03821406170392623,0.051885763368147916,0.401
10.138245344161987,0.0,-0.7355847071203087,0.029773491486929437,0.0693682741571602,0.401
10.148506164550781,-1.4618714129702348,-2.1928071194553524,-0.02545507570855026,-0.02885054720917593,0.401
10.158803462982178,0.0,-2.9133855059041442,-0.11859276619427785,0.00985210189136618,0.401
10.168967485427856,0.0,-2.951587342544158,-0.06841810824339367,0.04512905506269688,0.401
10.179133415222168,-0.7377583902061493,-1.4755167804122986,0.057472164750079976,0.03422924971274077,0.401
10.189294576644897,0.0,-0.7381046012341913,-0.009755529100840925,-0.06986250890972498,0.401
10.19946551322937,-0.7373952180028129,-1.4747904360056259,-0.05597029060348783,-0.024641255178876727,0.401
10.209770679473877,0.0,-0.7277902968327048,0.05607715739601715,0.014589138264639357,0.401
10.21994423866272,-0.7372051276042276,-1.4744102552084553,-0.01800493929266199,-0.06120174139622828,0.402
10.230108976364136,0.0,0.0,-0.05201643045193956,-0.1353705261692483,0.402
10.240274429321289,-0.7377929966930131,-1.4755859933860263,0.0023266318423188145,-0.039134120036664194,0.402
10.250452280044556,0.0,-0.7368942818993183,-0.00939807137731453,0.010342433987439476,0.402
10.260692834854126,-0.7323821940771092,-2.197146582231328,-0.1151408492841206,-0.024849020729978816,0.402
10.270906686782837,0.0,0.0,-0.1284614123324062,-0.002985045262358408,0.402
10.281067609786987,-0.7381219203153597,-2.952487681261439,-0.032843579420945394,-0.04541222978941819,0.402
10.291229248046875,-1.4761399310199197,0.0,-0.025374598617695865,-0.10776079405028811,0.402
10.301399230957031,-0.7374643660915229,-2.2123930982745685,-0.12767737326669956,-0.05349148248262104,0.402
10.311563968658447,0.0,-0.7378449125111413,-0.08779328383987559,-0.004721627299286574,0.402
10.321870803833008,0.0,-0.7276724496877168,-0.13506339093205944,-0.05220477262683691,0.393
10.332037448883057,-0.7377064865625439,0.0,-0.17963198152023216,-0.08010242703663109,0.393
10.342201471328735,-0.7378968356360395,-2.2136905069081183,-0.0740902343483806,-0.0686207899907874,0.393
10.35238265991211,0.0,-2.2099580825703113,0.00388396606239165,-0.1018958322193925,0.393
10.362547159194946,-0.7378622194075012,-1.4757244388150024,-0.03051556452398429,-0.08905261448504215,0.397
10.372732639312744,0.0,-3.6817115704220407,-0.027762218429185602,-0.029137035717212368,0.397
10.382944107055664,-0.7344683632967546,-2.2034050898902637,-0.01344218106430356,-0.09962721448514503,0.397
10.393110036849976,-0.7377583902061493,-2.9510335608245972,0.0064666897549306365,-0.10317984920624754,0.397
10.40328049659729,0.0,-0.7374297904261803,-0.07472088873992147,-0.056033679872387665,0.397
10.413448572158813,0.0,-0.737602701181767,-0.07760236931879143,-0.10409203201684133,0.397
10.423673152923584,-0.7335264078349073,0.0,-0.0016390682244527797,-0.11505445756020921,0.393
10.433855056762695,-0.7366009460029036,-1.4732018920058072,-0.024178371168649092,-0.17242436917932757,0.393
10.444021463394165,-0.7377237869655965,-1.475447573931193,-0.1162899943162925,-0.15814016326823244,0.393
10.454217195510864,0.0,-0.7356019081470395,-0.11326742414570022,-0.0572657829769425,0.393
10.464410305023193,-1.4715823450985894,-0.7357911725492947,0.02313953669273582,-0.1314070092435052,0.396
10.474604368209839,0.0,-1.471444675725612,-0.005263562657734526,-0.18460538154119688,0.396
10.4847731590271,0.0,-0.7375508194415137,-0.07472680284559081,-0.1526148459304391,0.396
10.494935750961304,-0.7380007038123166,-1.4760014076246333,-0.08185939952490948,-0.06830294347845517,0.396
10.50510549545288,-0.7374816551400774,-0.7374816551400774,-0.04400138628142392,-0.1289326696963923,0.396
10.515269756317139,0.0,-1.475759054231563,-0.08940807533927485,-0.20282023142302621,0.396
10.525435209274292,-0.7377929966930131,-0.7377929966930131,-0.0793953416390656,-0.08827738327886415,0.394
10.535602331161499,0.0,-1.4753437763812025,-0.08649134724990357,-0.08767338723750154,0.394
10.545767307281494,0.0,0.0,-0.16309912301726182,-0.10149526825690286,0.394
10.555943489074707,-0.7370151351857925,-2.94806054074317,-0.11191588592975303,-0.12241353576894679,0.394
10.566115140914917,0.0,-1.474686730890936,-0.16138285963323007,-0.18430749560172435,0.398
10.576282024383545,0.0,-1.4753783739417958,-0.11344840333132282,-0.16269217950717263,0.398
10.586456298828125,0.0,-3.685766508881286,-0.07636528533522921,-0.09276476995458731,0.398
10.596684217453003,-0.7332870230075292,-2.199861069022588,-0.08461819580983936,-0.11577040306523954,0.398
10.606904029846191,0.0,-1.4677373148256152,-0.12797533055421537,-0.18413545414986504,0.398
10.61706829071045,-0.7378795271157815,-0.7378795271157815,-0.06346207016283029,-0.07218808353175254,0.398
10.627229452133179,0.0,-1.4762092024683826,0.02531902037356036,-0.13562397625479417,0.401
10.637390851974487,0.7380872829657438,0.0,-0.05541713266201797,-0.15044333128475765,0.401
10.647551536560059,-0.7381392402093061,-0.7381392402093061,-0.055178598964000763,-0.1313871944325654,0.401
10.657736539840698,0.0,-0.7363767878461575,-0.19361166953936623,-0.04939487408754653,0.401
10.667921543121338,0.0,-2.2091303635384723,-0.17229337084016735,-0.09392270647844995,0.404
10.678092241287231,0.0,-0.7374125038092783,-0.15251260543368042,-0.09909178233556185,0.404
10.688299417495728,0.0,-1.4695543305615248,-0.0601222857728223,-0.037146488490397825,0.404
10.698480367660522,0.0,-0.7366699452016299,-0.1479653265352489,-0.11966796607397934,0.404
10.70872974395752,0.0,-1.463503686989695,-0.11581656739425164,-0.09955428630516874,0.404
10.718935251235962,0.0,-1.4697946501576917,-0.08631183691402969,-0.15352504360830935,0.404
10.729105710983276,0.0,-0.7374297904261803,-0.09236942863183713,-0.09498844014787407,0.398
10.739271879196167,0.0,-2.213223264540338,-0.10324700696005976,-0.06217673665363119,0.398
10.749450445175171,0.0,-2.2105274992972923,-0.09771587849631587,-0.0626841231952788,0.398
10.759962558746338,0.0,-1.426925222834592,-0.07150351848795887,-0.13106645878360731,0.401
10.770209550857544,-0.731922101491426,-3.65961050745713,-0.09979894731759728,-0.09144893755869066,0.401
10.780375957489014,0.0,-1.475447573931193,-0.038127554118577385,-0.05368224641641837,0.401
10.79054045677185,0.0,-2.9514488776300047,-0.13050307796266838,-0.13487354586558814,0.401
10.800724029541016,0.0,-0.7364802285018612,-0.10398133480676743,-0.09963953173382166,0.401
10.810886144638062,0.0,-1.4760706660723084,-0.001820800255007268,-0.04718843928814422,0.401
10.821049690246582,0.0,-1.4758629102254333,-0.044743755373154545,-0.10784670248911087,0.4
10.831210613250732,0.0,-0.7381219203153597,-0.06077507535789935,-0.10160726200031318,0.4
10.841371536254883,0.0,-1.4762438406307195,0.00989247277107514,-0.051097420911057956,0.4
10.851537227630615,0.0,-0.7377756930437638,-0.010685272198341367,-0.006471267753903741,0.4
10.86184048652649,-0.7279250260326275,-0.7279250260326275,-0.07024876433950426,0.03261722745029426,0.4
10.8720064163208,0.0,-1.4755167804122986,-0.13665608483150957,-0.07033396787170931,0.4
10.882167100906372,0.0,-1.4762784804186122,-0.12241341994591985,0.008414838079804251,0.4
10.892330169677734,0.0,-1.47593215567598,-0.1290811396677649,-0.03291959775741776,0.4
10.902497291564941,0.0,-2.2130156645718038,-0.15873200642612004,0.00744464274116885,0.4
10.912732601165771,0.0,-0.7327575122292103,-0.19259821413987238,0.01659938771477487,0.4
10.922948837280273,-0.7341255542590431,-1.4682511085180863,-0.15999313206212123,-0.033497066086884894,0.395
10.933114051818848,0.0,-0.7378103011539544,-0.15142327969158145,0.03716833707787337,0.395
10.943278789520264,0.0,-2.213534737533424,-0.14306446443551446,-0.0726201007404684,0.395
10.953457355499268,-0.7368424997657641,-1.4736849995315282,-0.10775569794668582,-0.024537664556295254,0.395
10.963701248168945,0.0,-3.660717776846809,-0.14016330295440482,-0.07049330529209973,0.398
10.97401738166809,0.0,-2.181049712265132,-0.12078258981629236,-0.047249594138754236,0.398
10.984206676483154,0.0,-2.2081999204436435,-0.06507300454579483,0.008563717219330254,0.398
10.994366884231567,-1.476347764871524,-2.952695529743048,-0.06601050645482684,-0.02483001521757302,0.398
11.004535436630249,0.7375681125439625,-1.475136225087925,-0.07262600753852241,-0.043765051306534346,0.398
11.014751434326172,-0.734142687110551,0.0,-0.041205144678683664,0.06093528110056129,0.398
11.024928331375122,0.0,-2.2108900081996015,-0.034686435862956055,0.03326630748984259,0.398
11.035083532333374,0.0,-0.7385378222284829,-0.10349927015821335,0.05179343980375806,0.398
11.045244932174683,0.0,-1.4761745659314875,-0.03507900092908668,0.06966217575074474,0.398
11.055400609970093,-1.4770062916705793,-1.4770062916705793,-0.04130610062222374,-0.04167254615717797,0.398
11.065551042556763,0.0,0.0,-0.038126530913887735,-0.01793514144374224,0.4
11.075741291046143,0.0,-2.943991015652418,-0.03850994051297254,0.030727867239804026,0.4
11.0858895778656,0.0,-0.7390409961235757,-0.08269650087862909,0.008680326359347557,0.4
11.096039772033691,0.0,-2.216706363187936,-0.12146753443694494,0.0876511812775951,0.4
11.106203556060791,0.0,-0.7379141449683322,-0.1600751848685479,-0.003663748570660673,0.4
11.116353511810303,-0.7389194775909048,-0.7389194775909048,-0.13380961564774957,0.015111106950344868,0.4
11.126782178878784,-0.7191714867058366,-2.8766859468233466,-0.0687203446276631,-0.025456719919542375,0.394
11.137027025222778,0.0,-1.4641508028857342,-0.04716689745465006,0.0680644811404238,0.394
11.147226333618164,0.0,-2.206031931555202,-0.031740435284549444,0.003064134674869566,0.394
11.157406330108643,0.0,-0.736738957328212,-0.004817103861730756,0.022641846136533767,0.394
11.167568445205688,0.0,-2.2141059991084626,-0.06380548967795605,0.001339434975389256,0.397
11.177878618240356,0.0,-2.90974747941911,-0.08546651200345316,-0.09176719935600991,0.397
11.188039541244507,-1.4762438406307195,-2.952487681261439,-0.013697452207907412,-0.09936348738982718,0.397
11.19820261001587,0.0,-0.73796607783799,0.07186153891668906,-0.003359431938198468,0.397
11.208372116088867,0.0,-1.4749978899985934,0.041734984950785044,-0.01156298162730689,0.397
11.218541383743286,0.0,-1.4750324713384755,0.019282545302992768,-0.0038065655130602337,0.397
11.22875452041626,0.0,-1.4686966874430982,0.01705711263894391,0.07045025706154072,0.396
11.238924980163574,0.0,-1.4748595808523606,-0.08184402923417586,-0.03138217848871794,0.396
11.249086380004883,0.0,0.0,-0.029686666114288253,0.019360250579019272,0.396
11.259249448776245,-0.73796607783799,0.0,-0.040400762165466605,-0.07501609391445486,0.395
11.269412755966187,-0.7379487660692502,-2.951795064277001,-0.022964717931686623,-0.03878401903404173,0.395
11.279579877853394,0.0,-1.4753437763812025,-0.02314478700185332,0.0329784470066861,0.395
11.289884805679321,0.0,-0.7278071352551941,-0.03204224792027248,-0.043060707161332076,0.395
11.300091743469238,0.0,-2.2043829856812502,-0.007898418164221314,0.00568308727445678,0.395
11.310263633728027,-0.73732608288018,-0.73732608288018,0.06280657103833268,-0.02633853119607273,0.395
11.320427417755127,-0.7379141449683322,-2.2137424349049963,-0.055818717836714736,-0.04346096769888752,0.397
11.330590724945068,-0.7379487660692502,-0.7379487660692502,-0.08466438387454275,-0.004723632729782143,0.397
11.340893030166626,0.0,-1.4559848186804285,-0.09196113777547832,-0.059642550584289945,0.397
11.351094961166382,-0.7351549427436317,-0.7351549427436317,-0.05463487510145987,-0.03808178997732077,0.397
11.3612699508667,0.0,-2.2113044497035874,-0.005688343156863326,-0.03799521608997431,0.399
11.37143063545227,0.0,-1.4762784804186122,-0.05000264221899757,-0.025942787334063102,0.399
11.381595373153687,0.0,-0.7378449125111413,-0.07404447318319157,-0.04148916890758395,0.399
11.392046451568604,0.0,-0.7176292916619139,-0.12872396254498578,-0.07471922576626036,0.399
11.402214050292969,-0.7376372930638277,-2.950549172255311,-0.06996426424663237,-0.013811187965913765,0.399
11.412378787994385,0.0,-0.7378449125111413,-0.10429653551454475,-0.0311347596009219,0.399
11.422544717788696,0.0,-2.2132751706184477,-0.1532242419628999,0.0031755120939693793,0.402
11.432849645614624,-0.7278071352551941,-1.4556142705103883,-0.18283945127193124,-0.08356631215770355,0.402
11.443010807037354,0.0,-0.7381046012341913,-0.1544307887671162,-0.032288293462110165,0.402
11.453176021575928,-0.7378103011539544,-3.689051505769772,-0.10478104263932038,-0.0721580512332476,0.402
11.463344812393188,0.0,0.0,-0.042526251488328726,-0.015402903747955232,0.403
11.47354531288147,0.0,-2.205774121166791,-0.074318621608559,-0.05368031420200142,0.403
11.483956575393677,0.0,-0.7203737290464413,-0.011520692479237107,-0.034153804789323845,0.403
11.49414587020874,0.0,-1.4721332802957623,-0.08101107218995462,-0.08492797346332778,0.403
11.5043306350708,-1.4727880518750878,-2.9455761037501755,-0.09944075105961217,-0.046604633671389714,0.403
11.514502048492432,0.0,-0.7373606488209647,-0.12602876855997328,-0.147494754122504,0.403
11.524729251861572,-1.4666766132040283,-1.4666766132040283,-0.11896181102631995,-0.06374454109049763,0.401
11.534912347793579,0.7365147151787595,-2.2095441455362788,-0.12105507174099597,-0.1266140083767462,0.401
11.545076131820679,-0.7379141449683322,-1.4758282899366644,-0.11153517527968121,-0.06243610295398136,0.401
11.555252313613892,0.0,-2.211045405557378,-0.11932670394111072,-0.035292380196082,0.401
11.565414667129517,0.0,-1.476036036036036,-0.13398227438808602,-0.03031136407557079,0.4
11.575577974319458,0.0,-0.7379487660692502,-0.13360117739356242,-0.08154802147657136,0.4
11.585872888565063,0.0,-3.642575266327003,-0.14222299651332487,-0.07545540595670056,0.4
11.596034526824951,0.0,-1.4761399310199197,-0.1851948273813213,-0.008854113154625483,0.4
11.606200218200684,0.0,-2.2133270791312913,-0.1388861552970678,-0.0557863935988536,0.4
11.616364479064941,-0.7378795271157815,-0.7378795271157815,-0.09536849481620793,-0.05284006363204584,0.4
11.626528024673462,0.0,-2.21379436533815,-0.1310888473533319,-0.11378664564410224,0.401
11.636773824691772,-0.7320072602038442,-2.1960217806115323,-0.05446882111493586,-0.19056984065863,0.401
11.646953821182251,0.0,-0.736738957328212,-0.11700047442475878,-0.08262799600244665,0.401
11.65712022781372,0.0,-2.950895147862386,-0.12409116369525894,-0.11937992817095829,0.401
11.667279720306396,0.0,-0.7382258518727118,-0.14077470039928802,-0.13558087295430093,0.399
11.677449226379395,-0.7374989449992967,-1.4749978899985934,-0.1315783868848271,-0.1388181936772011,0.399
11.687755346298218,-0.7277229509334443,-1.4554459018668886,-0.09017935911269764,-0.07948049843467536,0.399
11.697978258132935,0.0,-2.2009384766080506,-0.10900420393205992,-0.15340303562867935,0.399
11.708150386810303,0.0,-0.7373088011250439,-0.05722349490472617,-0.036657179587377096,0.399
11.718315124511719,0.0,-0.7378449125111413,-0.06091865056292933,-0.06659655273763321,0.399
11.728487014770508,0.0,-2.21197824864054,-0.034693148511792726,-0.05755297950996071,0.399
11.738741874694824,0.0,-0.7313605505440341,-0.07730784995566345,-0.14548211986992085,0.399
11.748962640762329,0.7338001819496606,-4.402801091697963,-0.06501428708328305,-0.1613510450204273,0.399
11.75914478302002,-0.7365836982227738,-2.2097510946683214,-0.03638183908814051,-0.21613696428395968,0.4
11.769309043884277,0.0,-2.2136385813473445,-0.0417977143072017,-0.1670180761123113,0.4
11.779475927352905,0.0,-2.9507567478835917,-0.06290978300166605,-0.0914094807430324,0.4
11.789641618728638,0.0,-1.4755513860875276,-0.010012242361917577,-0.05218387701792675,0.4
11.799861431121826,0.0,-0.7338686574128076,0.017004314190455505,0.01912620934126153,0.4
11.810027837753296,0.0,-1.475447573931193,-0.026911410337719766,-0.040779587545707686,0.4
11.820194005966187,0.0,-1.475482176360225,0.00426753446983702,-0.11147890893466963,0.404
11.830357313156128,0.0,-2.2138462982077507,-0.00974766204307161,-0.08625482958429206,0.404
11.840523481369019,0.0,-1.475482176360225,-0.0593690478069151,-0.10010805946135165,0.404
11.850772619247437,0.0,-1.4635377314599423,-0.013457490295863534,-0.05440765537574342,0.404
11.860952138900757,0.0,-2.2103204047217537,-0.031874176969366536,-0.117601059304282,0.401
11.871113300323486,0.0,-1.4762092024683826,-0.07820807272300279,-0.09602955134897134,0.401
11.881279230117798,0.7377583902061493,-2.2132751706184477,-0.06614336321602529,-0.12066378435045731,0.401
11.89144229888916,0.0,-0.73796607783799,-0.081835093952208,-0.0685240944091987,0.401
11.901612281799316,0.0,-1.4749287321830458,-0.04343961101732831,-0.15003692553787454,0.401
11.912054538726807,0.0,-1.4364710717384355,-0.03877362245045801,-0.07920438938981404,0.401
11.922220945358276,0.0,-1.475447573931193,0.023798578908960748,-0.08535524319036335,0.398
11.932389497756958,0.0,-2.2127043376318873,-0.02254485453071365,-0.023458842276731343,0.398
11.942553043365479,0.0,-1.4758629102254333,-0.009476994588147566,0.007911940078959755,0.398
11.952746629714966,0.0,0.0,0.03952758073727185,-0.004588873395080528,0.398
11.962960004806519,0.7343312012699005,-4.405987207619403,-0.012477765430803815,-0.04920689513528305,0.402
11.973127365112305,0.0,-1.4753091804431937,-0.03346769942883096,-0.05960581576061469,0.402
11.98331618309021,0.0,-2.208303264303264,0.0028438082417168928,-0.006245568002570957,0.402
11.99350357055664,0.7362044513094151,-1.4724089026188303,0.009959705452714657,0.032194750319065144,0.402
12.003737211227417,0.0,-0.7328770123243948,-0.03776214784145059,0.010456104225968089,0.402
12.013985633850098,0.7318199371873909,-1.4636398743747818,-0.02128348765621648,-0.062905138456282,0.402
12.024152278900146,0.0,-0.7377064865625439,0.035963878517196374,-0.06871386742133653,0.398
12.034313440322876,0.7381046012341913,-2.214313803702574,-0.015846039885907416,-0.08074234408968456,0.398
12.044475317001343,0.0,-0.7380526488667823,-0.007665325014080033,-0.04098799054855924,0.398
12.054640769958496,0.0,-0.7377929966930131,-0.045597812980202684,-0.080637630938283,0.398
12.064823627471924,0.0,-1.4730639194568016,0.0470971232779794,-0.040650902751355966,0.402
12.075031042098999,0.0,-1.4695200056057738,-0.038483539166390544,0.05334803453464176,0.402
12.08519434928894,0.0,-0.7379487660692502,-0.04777210593730703,0.09627917969664523,0.402
12.095355033874512,0.0,-2.9525569608372244,-0.032695263924796866,0.017746249763793322,0.402
12.105524778366089,0.7374816551400774,-0.7374816551400774,-0.0489601440642172,0.03251430942867519,0.402
12.115774631500244,0.7317178014002931,-2.1951534042008793,-0.07519129201203184,-0.03437410299884622,0.402
12.125992774963379,0.0,0.0,-0.14442733591337759,-0.04659225754794855,0.396
12.136159181594849,0.0,-0.7377237869655965,-0.07448824698451985,-0.0335771069436476,0.396
12.146365642547607,0.0,-2.939314630101147,-0.020625027787746112,-0.0451052050220234,0.396
12.156554222106934,0.7361183132868442,-1.4722366265736884,0.09264444796532298,-0.07194570971135207,0.396
12.166769981384277,0.7341598207617624,-2.2024794622852872,0.005861251082307178,-0.00657595532041106,0.396
12.176992416381836,0.0,-1.4673607612650432,-0.03712556856960586,0.0209924659563,0.396
12.187153339385986,0.0,-1.4762438406307195,-0.06553425494596596,0.07409954126797304,0.396
12.197314977645874,0.7380699655099598,-2.9522798620398394,0.028011916400517665,0.07734435938558845,0.396
12.20748519897461,0.7374470778535762,0.0,0.03797702498013807,-0.023306523297687953,0.396
12.217649459838867,0.0,-2.2136385813473445,0.016138136529551612,-0.025485165538053772,0.396
12.227954626083374,0.0,-0.7277902968327048,-0.008508625681199596,-0.04091356383679278,0.403
12.238161563873291,0.0,-1.4695886571208334,0.017001872976910117,-0.035408451389825284,0.403
12.248371362686157,0.0,-0.734588422109614,0.015676299960313462,0.06030070524201501,0.403
12.258539199829102,0.0,-2.2128599901517103,-0.08155420150340037,0.04006621398166869,0.402
12.268709182739258,0.0,-2.2123930982745685,-0.06478422477172835,0.021386924843142894,0.402
12.278876543045044,0.7376545902215969,-0.7376545902215969,-0.08316659884354655,0.006627499550778494,0.402
12.289081335067749,0.0,-2.204846502499883,-0.07628176943963332,-0.04400442218516531,0.402
12.299251317977905,0.0,-0.7374643660915229,-0.0691664315799431,-0.0339679743540001,0.402
12.309415817260742,0.0,-0.7378622194075012,-0.12149618281698166,-0.00879530968311052,0.402
12.319579839706421,0.7378968356360395,-1.475793671272079,-0.050056068834866324,-0.014319911201989381,0.397
12.329909086227417,0.0,-1.4521872403286862,-0.06615271796738381,0.0326311025523109,0.397
12.340070724487305,0.0,-2.2142098965298795,-0.06039179101328121,-0.0010892149942356988,0.397
12.350262641906738,0.0,-0.7358772340226443,-0.03544146357692571,0.00027704246876215227,0.397
12.36042332649231,-0.7381392402093061,-0.7381392402093061,-0.07409480749483742,0.010490964325726281,0.398
12.370585918426514,0.7380007038123166,-3.6900035190615834,-0.16942632265442173,-0.02484369185549324,0.398
12.380767345428467,0.0,-1.4732708879730236,-0.07578122136829461,0.0653726386373785,0.398
12.390947341918945,0.0,-2.210216871984636,-0.08089888164403987,0.015610812843116245,0.398
12.401111364364624,0.0,-0.7378968356360395,-0.08874260870995815,0.06448574692182404,0.398
12.41127061843872,0.0,-1.4764863532890569,-0.07020041725871792,-0.01934508325294019,0.398
12.421433210372925,0.0,-0.7380007038123166,-0.12452958489014539,0.005135725506568961,0.401
12.431596755981445,0.7379314551127166,0.0,-0.08872450340760347,-0.02403245401385666,0.401
12.441944122314453,0.0,-1.4496442396313363,-0.11125376790916099,-0.04537437068595755,0.401
12.452112913131714,0.0,-0.7375508194415137,-0.12886509581004915,-0.010151092069276897,0.401
12.462275743484497,0.0,-1.4759667808379862,-0.08937728885949713,-0.00407256968873386,0.402
12.47244644165039,0.0,-1.4748250076185565,-0.07715315853631667,0.07849347205050236,0.402
12.482617616653442,0.0,-1.4747558660134548,-0.11168251062513276,0.040597520636448836,0.402
12.4928138256073,0.7355675068980031,-1.4711350137960062,-0.10122337102832546,0.056971352166240344,0.402
12.502991437911987,0.0,-1.4738230884557721,-0.03328483029689494,0.05008685828121626,0.402
12.513191223144531,-0.7353096000560997,-0.7353096000560997,-0.1325069788223846,0.004157512150564766,0.402
12.523371458053589,0.0,-1.4734434061687627,-0.05857808931502247,-0.03183298947100065,0.402
12.533535718917847,0.0,-1.475759054231563,-0.0954120771581525,-0.09161714642442761,0.402
12.543763637542725,0.7332870230075292,-2.199861069022588,-0.07975661224984641,-0.10962030928804843,0.402
12.553971529006958,0.0,-1.469451360504496,-0.017662771111901968,-0.10728353855058495,0.402
12.564135313034058,0.7379141449683322,0.0,-0.010811459513032536,-0.0815747882048964,0.401
12.57430124282837,0.0,-4.426550341236895,-0.00830278158140988,-0.028291141078066455,0.401
12.584466695785522,0.0,-1.4755859933860263,-0.03800364783895448,0.0889346236805417,0.401
12.594630002975464,0.0,-0.7379487660692502,-0.04195249620711623,0.06515756951724118,0.401
12.604849576950073,0.0,-2.9355431131019034,-0.015153249372787926,0.062039133199058474,0.401
12.615052938461304,0.0,-1.470103748013833,0.0021520535218638812,-0.014198519893489296,0.401
12.625215291976929,0.0,-3.69009009009009,-0.004933823090642848,0.009293653824765952,0.396
12.6353759765625,0.0,-2.2144177206279183,0.05972069292091771,-0.04348192896921667,0.396
12.645535707473755,0.0,-3.691042639570084,0.07184844190023368,-0.002194139181300866,0.396
12.65580415725708,0.0,-5.843141006292228,0.15870101199727604,-0.07908117073497739,0.396
12.665984392166138,0.0,-2.210165109253144,0.2515282472248919,-0.0463496242235652,0.4
12.676164627075195,0.7367217030843813,-3.6836085154219065,0.3364984995433893,-0.031975262686106794,0.4
12.686405897140503,0.7323310441159353,-1.4646620882318706,0.2538047014468349,-0.0052925426616218865,0.4
12.69658875465393,0.0,-2.2095958791852026,0.36633207238855203,0.05584097399375691,0.4
12.706848382949829,0.0,-3.655103179029559,0.3689475169819255,-0.015291535687217445,0.4
12.71701169013977,-0.7379487660692502,-1.4758975321385004,0.31556999085441495,0.004770991225766869,0.4
12.72716760635376,0.7384858088597789,-2.2154574265793365,0.371646754513138,0.04962844666615025,0.394
12.737321615219116,0.0,-2.2158735823804268,0.38179133034035323,0.04170002095086671,0.394
12.7474844455719,0.0,-0.7379833904189931,0.3825406041159186,0.007229130451008838,0.394
12.7576904296875,0.7348629896979466,-2.2045889690938396,0.3656895452295795,-0.01848753454825383,0.394
12.768007040023804,0.0,-2.1809489034226157,0.4431054180671139,0.013917991805639154,0.391
12.778168439865112,0.0,-1.4761745659314875,0.41224497958349116,0.0626250289758182,0.391
12.788319826126099,0.0,-0.7388153506505707,0.47504777331942427,0.05856790544113524,0.391
12.79848861694336,0.0,-1.4751016388830274,0.4697255103725464,-0.08758269867682891,0.391
12.80864429473877,0.0,-0.7385031458352896,0.4856470320850931,-0.011159545083922084,0.391
12.818934679031372,0.7288357545005908,-0.7288357545005908,0.5113285179974707,0.06237070797871369,0.394
12.829090356826782,0.0,-0.7385031458352896,0.4845275044874843,0.028890428849163537,0.394
12.839244842529297,-0.7385898429245615,0.0,0.4672395245015417,-0.022053846585326824,0.394
12.84939956665039,0.0,-1.4771450037565739,0.42443311643690174,0.03412645416125884,0.394
12.85954999923706,0.0,0.0,0.4825984227987665,0.05847297290024216,0.392
12.869699954986572,0.7389194775909048,0.0,0.44634591463517903,0.07947514321158809,0.392
12.880000114440918,0.0,-1.4562881348085737,0.5595406244272899,0.060323725239035446,0.392
12.89014983177185,0.0,0.0,0.5201015737437533,0.009365800952268577,0.392
12.90030550956726,0.0,0.0,0.43824813724616213,-0.01644881695625213,0.392
12.910473823547363,0.0,-0.7375854064573613,0.4120039795342333,0.06700037688440237,0.392
12.920631647109985,0.0,0.0,0.3915784141212637,0.07123558056175412,0.397
12.93081521987915,0.0,0.0,0.3971890475650662,0.024456363262402997,0.397
12.940993070602417,0.0,0.7368942818993183,0.3843820753939228,0.0010317110534082269,0.397
12.951155424118042,0.738018018018018,0.0,0.41696943642427425,-0.007567151324898512,0.397
12.961308002471924,0.0,0.0,0.3276520040174701,0.030371893929493396,0.394
12.971458435058594,0.0,0.0,0.3284096996209258,0.10444363194959184,0.394
12.981611490249634,0.0,0.0,0.31073303444720096,0.06170579097451804,0.394
12.991841077804565,0.0,2.1995021675290167,0.31705784173445317,0.05848150934654173,0.394
13.002031564712524,0.0,0.0,0.3334762914695268,0.03866459469924396,0.394
13.012219429016113,-0.7361699936814022,0.0,0.28530487499132356,0.04937608693925974,0.394
13.022408723831177,0.0,0.0,0.2757064196045648,-0.024971696365177043,0.394
13.032570362091064,-0.7380699655099598,0.7380699655099598,0.3032630778219427,-0.032089276005017556,0.394
13.042742252349854,0.73732608288018,0.0,0.2991558022323176,-0.05452240664331417,0.394
13.052973985671997,0.0,0.0,0.2516477192448852,-0.0007777394201177734,0.394
13.063138484954834,0.0,0.0,0.29827417524460914,0.03346690264997282,0.397
13.073296785354614,-0.7383124838641537,0.0,0.18256847069419244,0.07550473185090167,0.397
13.083451509475708,0.0,0.0,0.21512841230402807,0.0670784154668753,0.397
13.093601942062378,0.7388847653497439,0.0,0.1588281221950014,-0.023208764158816363,0.397
13.103792428970337,-1.4719610687380094,0.0,0.2018802776610356,0.009561149242351675,0.397
13.11401104927063,0.0,0.0,0.12132079964707199,-0.06888417989645985,0.397
13.124171018600464,-2.214573614305158,2.952764819073544,0.08679846878446629,-0.0229080138902958,0.395
13.134336233139038,0.0,3.689051505769772,0.13774778751092426,-0.03566854751945897,0.395
13.144537210464478,0.0,0.0,0.1249682785369093,-0.03377749101822738,0.395
13.15479564666748,0.0,0.0,0.06843254034205752,0.00029056694865102137,0.395
13.165029287338257,0.0,0.0,0.030081158423219692,0.04529627785593523,0.397
13.175193548202515,0.0,0.0,0.07580952570043632,0.08322201858158129,0.397
13.185353994369507,0.0,0.0,0.09679559831008007,0.02734924481293989,0.397
13.195513248443604,-0.7382431766445284,0.0,0.07205341078859509,0.02741265219905039,0.397
13.205683708190918,0.0,0.0,0.07778562696149066,-0.03324242153160699,0.397
13.215981245040894,-0.7283295130930054,0.0,0.07574048999331036,-0.0672989423496559,0.397
13.226147174835205,0.0,0.7377583902061493,0.08493942225857831,-0.05848691655647954,0.394
13.23630976676941,0.0,0.7380007038123166,-0.015125782490595886,0.01659463665278408,0.394
13.2464919090271,-0.7365836982227738,0.0,0.01712306155203852,0.0037419696226941267,0.394
13.256699323654175,-1.4695200056057738,0.0,0.044969597650650305,0.041085725875307136,0.394
13.266964673995972,0.0,0.0,-0.0217543786659748,0.07766277083084049,0.396
13.277140140533447,1.4741338831743949,0.0,-0.07600422041467517,0.046624881949633996,0.396
13.287309169769287,-0.7375335271499578,0.7375335271499578,-0.0659850765616612,-0.020045945980394848,0.396
13.297475814819336,0.0,0.0,-0.0819501197571193,-0.004695954160104434,0.396
13.30765438079834,1.4736849995315282,-1.4736849995315282,-0.027254425440359,-0.05941632844824449,0.396
13.317867755889893,-0.7343312012699005,0.0,-0.03994864690338401,-0.1201474145692146,0.396
13.328045129776001,-0.73692880736524,1.47385761473048,-0.01822669058134966,-0.0689032780859683,0.403
13.338204622268677,0.0,-1.4764517037454237,-0.03120960297541407,-0.08792972786600114,0.403
13.348363637924194,0.0,0.0,-0.048518494792270696,-0.039034504959765785,0.403
13.358536005020142,0.0,1.4745830403600055,-0.07230187061736737,-0.04100257838549943,0.401
13.368678569793701,0.0,-4.436747608189746,-0.06634993330818342,-0.039630158854151915,0.401
13.37891936302185,-0.7323651432961609,1.4647302865923217,-0.1182409392718203,-0.029085791240675056,0.401
13.389084815979004,-6.640136970237118,-0.7377929966930131,-0.08992214808360255,-0.028810128517285344,0.401
13.399246454238892,0.0,-0.7380699655099598,-0.08821984558467594,-0.022282277619135683,0.401
13.409417629241943,0.0,-0.7373779330067274,-0.073714020091924,0.02916114572904499,0.401
13.41958212852478,0.0,0.0,-0.09529024561185014,-0.03396237961470497,0.404
13.429750680923462,0.0,-0.7375681125439625,-0.07788524091072005,-0.06123504356776305,0.404
13.440035581588745,0.0,-1.4584486995224628,-0.05701605908582233,-0.10973736686522127,0.404
13.450202226638794,0.0,0.0,-0.017171807499542027,-0.11191062813479984,0.404
13.460367918014526,0.0,-0.7377756930437638,0.025241561134772703,-0.10476105231419078,0.402
13.470537424087524,0.0,0.0,-0.03579495683077363,-0.1029693941262795,0.402
13.480706930160522,0.0,0.0,-0.015227798330659,-0.10479353096940904,0.402
13.490893125534058,0.0,-2.208871828480479,-0.009830833688257025,-0.12338508782566901,0.402
13.501068115234375,0.0,-0.7371014832345291,0.012388553116025061,-0.1194215894702295,0.402
13.51127815246582,0.0,-0.7345712684475995,0.021068246623060467,-0.13214278406752653,0.402
13.52147364616394,0.0,-1.4712382199565044,-0.017468480456138465,-0.12474565839610319,0.406
13.531651735305786,0.73687702037948,-1.47375404075896,-0.04628892279143302,-0.06513928147220957,0.406
13.541836261749268,0.7364112648360137,-0.7364112648360137,-0.030632226604463603,-0.07647721782449385,0.406
13.55201506614685,0.0,0.0,0.035474389286798594,-0.0679565899571782,0.406
13.562188625335693,0.0,-1.4744102552084553,0.03231838807057422,-0.014799012992649983,0.404
13.572349309921265,0.7381392402093061,0.0,0.06788115559588943,-0.004478496758303932,0.404
13.582509994506836,0.7381392402093061,-0.7381392402093061,-0.0014008557635460037,0.02085657474616942,0.404
13.592669486999512,0.7382258518727118,-0.7382258518727118,-0.016935428242422355,0.004033072746855743,0.404
13.602911710739136,0.7322628552806164,-0.7322628552806164,-0.027833783993776014,0.03080345444746045,0.404
13.613086462020874,0.0,0.0,0.02938745830300623,-0.05347334856231501,0.404
13.623254776000977,0.0,-1.4751708129147225,0.023728275876172385,-0.0840305548882159,0.405
13.633458137512207,0.0,-0.7350518740069165,0.051439241059742236,-0.14083868370985042,0.405
13.643621444702148,0.7379487660692502,-1.4758975321385004,0.08023157287106973,-0.09164217077148526,0.405
13.653860807418823,0.7324674598924256,-0.7324674598924256,0.048615367804974205,-0.051558883477211354,0.405
13.664071321487427,0.0,-2.2036108905804883,0.1315901588531331,0.008653939588429742,0.406
13.674272298812866,1.4704473425886972,-0.7352236712943486,0.07219665382769658,-0.016993882659054542,0.406
13.684437990188599,0.0,0.0,0.10815392528985213,-0.048303040071565675,0.406
13.694638729095459,0.7352408554399906,-0.7352408554399906,0.05575115778327287,0.02605203219481443,0.406
13.704840898513794,0.0,0.0,0.06922824212614408,0.07058562528960367,0.406
13.715060949325562,0.7338515373489478,-1.4677030746978956,0.08252398924953458,0.016350607323243893,0.406
13.72522759437561,0.7377064865625439,0.0,0.030073090660022783,0.02150962662254539,0.403
13.735391616821289,0.0,0.0,0.06294053024853674,0.033981442707656455,0.403
13.745551347732544,1.4764170558280336,-1.4764170558280336,0.07394262812599312,0.03365368893149851,0.403
13.75573444366455,0.0,-0.7365147151787595,-0.0035579234974495166,0.030210867371474596,0.403
13.766066312789917,0.7259093111803392,0.0,0.0848426707550611,0.027420767368944228,0.403
13.7762451171875,0.7368252406717729,0.0,0.17399314513254657,0.015784099887252812,0.403
13.78643250465393,1.4724089026188303,0.0,0.16377599619794034,0.06504503085761418,0.403
13.796603202819824,0.0,0.0,0.13143426481483872,-0.0008833925640736665,0.403
13.806776762008667,2.211615382812683,0.0,0.13369111330524946,-0.033611296806723756,0.403
13.81705617904663,0.0,0.0,0.10875168986313408,0.06807513205933013,0.403
13.827223777770996,0.7376372930638277,-0.7376372930638277,0.11126862688142998,0.11731300860109106,0.405
13.83738923072815,0.0,0.0,0.04181038494338485,0.14693127845102225,0.405
13.847553491592407,1.475759054231563,-0.7378795271157815,0.07064918540532004,0.1792524153787146,0.405
13.857723236083984,0.7374816551400774,0.0,0.08228406747553324,0.1614570479418201,0.405
13.867995023727417,0.7301552816656222,0.0,0.10180138888495094,0.18229638996478528,0.401
13.878157138824463,0.0,0.0,0.0924454790814425,0.1084851213236404,0.401
13.888331651687622,1.4742720562390157,0.0,0.07624238611141562,0.09437272761156934,0.401
13.898495197296143,0.0,0.0,0.14640604228358717,0.05367497993218854,0.401
13.908665180206299,1.4749287321830458,0.0,0.12418349611784317,0.07456180783281408,0.401
13.918906927108765,0.0,-1.4645938962218032,0.1760338283329713,0.03444823734805791,0.4
13.929071187973022,0.7378795271157815,0.0,0.1491309025785023,0.10992815083142585,0.4
13.939234018325806,1.4759667808379862,0.0,0.17230656055201407,0.07127051354151898,0.4
13.949397325515747,0.0,0.0,0.15305071663918576,0.0972899669912686,0.4
13.959572315216064,0.0,0.0,0.15035731263992694,0.1402063868127785,0.403
13.969733238220215,-2.952487681261439,0.0,0.1135686649588511,0.1772369611442164,0.403
13.9800124168396,0.7296302825068423,0.0,0.10996142362857311,0.1816378064535314,0.403
13.990177631378174,1.4756206023079088,-0.7378103011539544,0.06114517542929783,0.21397533332783908,0.403
14.000340938568115,-2.2138462982077507,0.7379487660692502,0.07193056677479656,0.24349954112675232,0.403
14.01052212715149,2.2099580825703113,-0.7366526941901037,0.07158068238361093,0.17438637472906715,0.403
14.02071762084961,4.413714659869513,0.7356191099782522,0.09828748685843174,0.09933092699008694,0.401
14.03107476234436,0.7241380262885292,0.7241380262885292,0.0703500327093532,0.1935663642976315,0.401
14.041271686553955,0.0,0.0,0.010098184052343105,0.09803388818641712,0.401
14.051459550857544,0.0,0.0,0.033271982200077724,0.11482268586242207,0.401
14.061641454696655,0.7366009460029036,0.0,0.0023630454291968805,0.08339946642640113,0.401
14.0718514919281,0.0,0.0,0.06159509462253456,0.13487604957859406,0.401
14.082038402557373,0.0,0.0,0.01904336050308992,0.13222944887992033,0.401
14.092201948165894,0.7379314551127166,-0.7379314551127166,0.01987776166456677,0.22577112321951415,0.401
14.102365493774414,0.0,0.7379314551127166,0.013569247178808079,0.16816983613697856,0.401
14.112535238265991,0.7374816551400774,0.0,-0.015943467091773647,0.18686436518316263,0.401
14.12269902229309,0.0,0.7379141449683322,-0.0066382798744333525,0.16156293918417136,0.399
14.132956504821777,0.7311735583292657,0.0,0.021490370715889266,0.15466282441948268,0.399
14.143231868743896,0.0,0.7299011555060559,-0.042648694326571444,0.11449620754927636,0.399
14.153401136398315,0.0,-0.7375162356692377,-0.051736811494288285,0.07370515840250055,0.399
14.163574695587158,0.0,-1.4744102552084553,-0.04537719974952201,0.086927543760592,0.402
14.173739433288574,0.7378449125111413,-1.4756898250222825,-0.0509343343810037,0.09378603618626694,0.402
14.183964252471924,-2.2005279112064544,0.0,-0.012626334633686176,0.12015670026678399,0.402
14.194127321243286,0.0,-0.73796607783799,-0.032019360968513974,0.1314449131803629,0.402
14.20429015159607,0.0,-0.7379833904189931,0.016654270112586585,0.17714227716374903,0.402
14.214476346969604,-1.4725812189869862,0.0,-0.062333310513387,0.10330449238707591,0.402
14.224645376205444,2.2126005814498733,2.2126005814498733,-0.01935212095954239,0.17046318467654822,0.401
14.23484492301941,-5.147287517531557,-2.2059803646563814,-0.0316420942304528,0.052834598496894494,0.401
14.245051622390747,0.734811492641906,0.0,-0.04615297137467478,0.045022016591991246,0.401
14.25521469116211,3.6898303891899498,0.0,0.010322368573740557,0.04484954297466607,0.401
14.26537799835205,-4.427692596415501,-2.2138462982077507,0.006528225253104266,0.018242250927410594,0.4
14.275553941726685,0.0,0.7370324031770576,0.039699651760378825,0.10602035639644267,0.4
14.285764217376709,-1.46910823117338,-2.20366234676007,-0.009511494470304648,0.07912102847389413,0.4
14.295989990234375,0.0,13.935377010958264,0.052215177207401285,0.11693790849845907,0.4
14.306163549423218,-2.9488205104169105,0.0,0.014553194873691406,0.11071761582816166,0.4
14.316337823867798,3.685766508881286,2.9486132071050286,0.05665569419064033,0.10731752873012076,0.4
14.32649827003479,0.0,0.0,-0.013541152595529612,0.05909062822365379,0.399
14.33666443824768,-0.7377410881801125,0.0,0.07574017080829411,0.02265103320695822,0.399
14.346828937530518,0.0,0.0,0.012803217658371766,0.07442711037935217,0.399
14.357051134109497,0.0,0.0,0.037195023683313316,0.11000163651718382,0.399
14.367210626602173,0.0,0.0,0.06809460727283537,0.037987167464250376,0.402
14.37737488746643,0.0,1.475759054231563,0.025854458902678006,-0.016451613637107194,0.402
14.38753867149353,-0.7379141449683322,0.0,0.003324265150995981,-0.08528790389444509,0.402
14.397703647613525,-0.7378276064266448,0.7378276064266448,-0.015026753703668141,-0.06886842124726905,0.402
14.407936096191406,0.0,0.73296239340137,-0.0044372729382625015,-0.052153770670559575,0.402
14.418116092681885,0.0,0.0,-0.040359223547913034,0.035722572530257374,0.404
14.428277730941772,0.0,0.0,-0.06369704630411854,0.07874229376220751,0.404
14.43845248222351,0.0,0.0,-0.0760601900892524,0.05836883887394081,0.404
14.448617696762085,0.0,0.0,-0.1016459529117319,0.06248685141381116,0.404
14.45878529548645,-0.7376372930638277,0.7376372930638277,-0.15208028304810145,0.006800175186254137,0.407
14.469008445739746,0.0,0.0,-0.14453777192146544,0.04698935768486409,0.407
14.47917890548706,-0.7374297904261803,-2.949719161704721,-0.11737252767283143,-0.07338055185656221,0.407
14.489343643188477,-1.4756898250222825,-4.427069475066848,-0.11578747079615684,-0.06379359061016787,0.407
14.499510049819946,0.7377237869655965,0.7377237869655965,-0.04441572761856729,-0.15391572036992998,0.407
14.509677648544312,0.0,1.4752745861276555,-0.05843832396329064,-0.0674595746611559,0.407
14.519909381866455,0.0,1.4660272631946871,-0.05600732756479723,-0.07209857767731757,0.407
14.530170440673828,0.7309187229889864,0.0,-0.02890097331294609,-0.1224216551880508,0.405
14.540421962738037,0.0,0.731598679008326,-0.0654923383418414,-0.05469180652015952,0.405
14.550601243972778,0.0,-1.4735814498184798,-0.066928898573773,-0.019221638940226625,0.405
14.560782432556152,-7.3665269419010375,-12.523095801231763,-0.08306276403766044,-0.023551216990946942,0.406
14.571076393127441,0.0,0.0,-0.14659053503200825,0.030322447549721902,0.406
14.58124041557312,0.0,0.0,-0.18281292254989837,0.004520529209837261,0.406
14.591405630111694,0.0,-0.7378103011539544,-0.012707935077508004,-0.016720501185951815,0.406
14.60156798362732,0.0,0.0,-0.06011630747840306,0.024202219851811688,0.406
14.611738920211792,-0.7373952180028129,-2.9495808720112517,-0.07503068343003542,-0.05108697226313396,0.406
14.621979713439941,-0.7323651432961609,-0.7323651432961609,-0.07694508619905446,-0.012306697689997072,0.401
14.632143020629883,0.0,0.0,-0.10048256429273805,0.03130181719791577,0.401
14.64230465888977,0.0,0.0,-0.015441736792077757,-0.045855396666199075,0.401
14.65246868133545,0.0,0.0,-0.04385090408043578,-0.008920267788057865,0.401
14.662632703781128,0.0,0.0,-0.036677373573241356,-0.05405007399739516,0.401
14.672798156738281,0.0,-6.640136970237118,-0.009352292767515993,-0.038532144583281656,0.401
14.68302321434021,0.0,0.0,0.04250235372065688,-0.009593239095164047,0.401
14.693222522735596,0.0,-0.7353439771850674,0.04943341873505006,0.02139993532430333,0.401
14.703389644622803,0.7376718881906013,-0.7376718881906013,0.019434340522783686,0.00048045607796295964,0.401
14.713562488555908,-1.474513921439955,-2.94902784287991,0.01447869595647841,-0.02292463352995197,0.401
14.72373080253601,-0.7375854064573613,-0.7375854064573613,0.00775724751829153,0.016942308341231088,0.4
14.733935594558716,0.0,0.0,-0.016030017976721544,0.0040054724432475874,0.4
14.74409794807434,0.0,0.0,0.042317876581992264,-0.08940393441261997,0.4
14.754302263259888,0.7349831775700935,0.0,0.09947317523287232,-0.045209899106613924,0.4
14.764482736587524,0.0,-1.473408899297424,0.10404784991211052,-0.035127476456739866,0.4
14.77464747428894,0.7378449125111413,0.7378449125111413,0.08775182856522458,-0.10202173465956674,0.4
14.78484582901001,0.7354127410870835,-2.941650964348334,0.12052250018094232,0.004964405944585394,0.4
14.79504942893982,0.0,-1.4700693973876673,0.13970568999014776,-0.029049555172358573,0.4
14.805226802825928,0.0,-0.73692880736524,0.14379942426275225,0.06059819124882635,0.4
14.815401315689087,0.7371360281195078,0.0,0.14471681316481186,-0.04083777458375862,0.4
14.82556962966919,0.7375854064573613,-0.7375854064573613,0.12598516359227857,-0.03525674855568518,0.401
14.835734128952026,0.0,0.0,0.15392763486814337,-0.12028276493842854,0.401
14.845933437347412,0.7353439771850674,0.0,0.2379440545597312,-0.13882806885361745,0.401
14.856147766113281,0.7342626394659446,-0.7342626394659446,0.27446267178691464,0.008075846690896296,0.401
14.866310358047485,0.7380007038123166,0.0,0.24899125182264925,0.04413067918887441,0.403
14.87647008895874,0.0,-1.4764170558280336,0.215130030285136,0.13790566880796115,0.403
14.88662052154541,0.7388847653497439,0.0,0.215130030285136,0.13790566880796115,0.403
14.896772146224976,0.0,0.0,0.13690369780236064,0.09586275873429334,0.403
14.906972885131836,0.0,0.0,0.1676825202797218,0.057992200913952185,0.403
14.917181015014648,-0.7347085201793722,0.0,0.1627149035123021,0.08637087528508294,0.403
14.927335500717163,0.7385898429245615,0.0,0.17461799769142483,0.05954383159251966,0.405
14.937488794326782,0.7386765603719532,0.0,0.16858948734757387,0.060858444526499814,0.405
14.947639226913452,0.7388847653497439,0.0,0.16025387889358575,0.04181154549496127,0.405
14.957796335220337,0.0,-0.7383991361907891,0.1766340795168665,0.09649161450273375,0.404
14.96798324584961,0.0,0.0,0.2072352330777147,0.06567724715342706,0.404
14.978152751922607,0.0,0.0,0.16919008102650235,0.1393170381787395,0.404
14.988308906555176,0.0,0.7384684726982487,0.17872968013785823,0.11197585739111668,0.404
14.998473167419434,0.0,0.0,0.19220051120096232,0.1042457697131779,0.404
15.008625030517578,-1.4775612963832785,-0.7387806481916392,0.10027351844357862,0.08786033975071927,0.404
15.018784046173096,0.0,-2.2147815066885705,0.059344678542802856,0.1001121202776233,0.405
15.0289626121521,0.0,0.7368424997657641,0.11587029758191515,0.02268022705477757,0.405
15.039150714874268,0.7361527660769447,0.0,0.16178031707956547,0.08324869331935009,0.405
15.049336433410645,-0.7363250784139319,-1.4726501568278638,0.1704598677570312,0.07266526830196537,0.405
15.05951452255249,0.0,0.73687702037948,0.10511586281935464,0.1643829387420554,0.403
15.069669485092163,0.0,-2.2156654849388397,0.12728162389211753,0.13757996975288747,0.403
15.079927444458008,-0.7311395700174317,1.4622791400348634,0.1220428975867727,0.11536028806527225,0.403
15.090096473693848,0.0,2.950134108599831,0.0821199287075432,0.07090375204076416,0.403
15.10024881362915,16.991156826828234,0.738745948992532,0.08756430292460916,0.0783695646119305,0.403
15.11042046546936,0.0,0.0,0.15326217534250353,0.05394333290313055,0.403
15.120574951171875,0.0,0.0,0.16052285598907362,0.12132116228839908,0.401
15.130737781524658,0.7379833904189931,0.0,0.09028036525084852,0.026792025523423222,0.401
15.140968322753906,0.0,1.4661980890235375,0.02869881910861606,0.12459114761689617,0.401
15.151158332824707,0.7360149742629855,0.0,0.00039142617634353727,0.12722817753655816,0.401
15.161337852478027,0.7367734682405845,0.7367734682405845,0.0011167968699266756,0.10923630678613844,0.405
15.171500444412231,0.0,0.7380007038123166,0.0066957746054273765,0.1487127233988477,0.405
15.181664228439331,0.7379141449683322,1.4758282899366644,-0.03484244356731128,0.12959483795494992,0.405
15.191823959350586,0.7382085279140168,0.0,0.007692817193364086,0.22956672069752923,0.405
15.202159881591797,0.725624653995202,0.0,0.03727173263360386,0.146378022090336,0.405
15.212342023849487,0.0,0.0,0.05472035695325653,0.19469602725161447,0.405
15.22250509262085,0.0,0.0,0.05043173712208891,0.24226148685146112,0.398
15.232667922973633,0.0,1.4759667808379862,0.06142618515543528,0.24522840399134538,0.398
15.242832899093628,0.0,0.0,0.02677447954388201,0.23847593874051642,0.398
15.253165245056152,0.0,0.7258758105083416,0.011562159123392422,0.2454640474466128,0.398
15.263330459594727,0.0,1.4756206023079088,0.0026332851474331342,0.29668177248150046,0.401
15.273492813110352,0.0,-0.738018018018018,-0.07714186383017181,0.24351852804996316,0.401
15.283658742904663,0.0,2.2132751706184477,-0.1080264341971804,0.24908686984295508,0.401
15.29382586479187,0.0,0.0,-0.03354865819903638,0.22507641987397164,0.401
15.304030656814575,0.0,1.4698976683332554,-0.05960770989790239,0.2476558097660291,0.401
15.314220666885376,-0.7360149742629855,0.7360149742629855,-0.0945986267280628,0.2133537895462116,0.401
15.324395418167114,0.0,0.7371187552722842,-0.07919018985749536,0.12831999642425312,0.399
15.334565162658691,0.0,0.0,0.013556986633926793,0.1400445821981677,0.399
15.344733715057373,0.0,1.475136225087925,0.01492424877193449,0.1328242345180924,0.399
15.354929208755493,-0.7356191099782522,0.0,-0.03980526341851277,0.21633651631421696,0.399
15.365183591842651,-1.4627891188095792,0.7313945594047896,-0.0533856737631619,0.18210530498850036,0.4
15.375452041625977,0.0,0.0,-0.13771142237366327,0.19053751257188165,0.4
15.385618448257446,-0.7377237869655965,0.0,-0.06871064247133006,0.19881082750497156,0.4
15.395783185958862,0.0,0.0,-0.12107295866190547,0.16104766889836175,0.4
15.406134128570557,-0.7245716918115859,0.7245716918115859,-0.1444187700325403,0.17455805761735368,0.4
15.416301488876343,0.0,0.7376545902215969,-0.05896904034685608,0.14591071492335236,0.4
15.426473379135132,0.0,0.73732608288018,-0.09328024675857544,0.130256094342916,0.401
15.436636447906494,-2.95186431135196,-0.73796607783799,-0.126459858497897,0.12086409188941358,0.401
15.446795463562012,-0.7382605022295236,0.0,-0.14518424129692753,0.07950495015047333,0.401
15.457139015197754,-0.7250894338926793,-2.175268301678038,-0.12736167535358486,0.035492998517347565,0.396
15.467304944992065,-0.7377583902061493,2.2132751706184477,-0.12189469299978567,0.028009374024009673,0.396
15.477476835250854,-1.47465216576036,0.0,-0.14562068283219276,0.034740906279323455,0.396
15.487638711929321,0.0,0.7380526488667823,-0.07838445260337548,0.03981483110539352,0.396
15.497799634933472,-1.4762438406307195,0.0,-0.1270877880677205,0.11697967325154536,0.396
15.508129358291626,-0.726060102478881,0.0,-0.1352205581627671,0.11641941929309133,0.396
15.518296480178833,0.0,0.0,-0.18145436762412476,0.08169750861192022,0.401
15.528458833694458,-1.476036036036036,0.0,-0.1283885698958718,0.1010663321617517,0.401
15.538624048233032,0.0,0.0,-0.15222316084791482,0.053870521710645096,0.401
15.548815965652466,0.0,0.7358772340226443,-0.10673491369155255,0.11250872654556666,0.401
15.559151649475098,-0.7256413923554244,0.0,-0.1060941894381517,-0.04648399297868439,0.405
15.569349527359009,0.0,0.0,-0.1372419062615829,0.041035596174290936,0.405
15.579529047012329,-1.473546936481169,0.0,-0.12271325829103985,-0.023665980769996126,0.405
15.589694261550903,-1.4756206023079088,0.0,-0.11616173023049009,-0.009639066490769992,0.405
15.599886178970337,-2.943508936090577,0.0,-0.05552095674751398,0.020229137371652967,0.405
15.610129356384277,0.0,0.0,-0.11853534905592666,0.05045786532157693,0.405
15.620300531387329,0.0,0.0,-0.17142647173922043,0.05577434872038577,0.403
15.630476474761963,-0.7370324031770576,-1.4740648063541153,-0.09439037236780298,-0.04679975534340095,0.403
15.64064359664917,-0.7376718881906013,0.0,-0.01988855955482273,-0.02495353478484143,0.403
15.650807857513428,-0.7378795271157815,-0.7378795271157815,-0.03655108130280663,-0.08397991653558734,0.403
15.660998821258545,-0.7359460976979225,0.0,-0.006151189972172712,0.026129051267621717,0.402
15.671210050582886,0.0,0.0,-0.015581973924806924,-0.04218360820945732,0.402
15.68138313293457,-1.4744793644097587,-0.7372396822048793,-0.04125984390353622,0.02469069497053028,0.402
15.691591024398804,0.0,0.0,-0.09172496181732663,-0.05297033980902662,0.402
15.701761960983276,0.0,0.0,-0.10718021606490986,-0.06849809629592458,0.402
15.711945533752441,0.0,-1.4729604570037225,-0.09757153136957211,-0.09670577916200745,0.402
15.722120523452759,-0.7371014832345291,0.0,-0.08711869142497018,-0.0563367393351485,0.405
15.732282161712646,0.0,0.0,-0.06936900072973466,-0.07384043962618109,0.405
15.742459535598755,0.0,0.0,-0.11493629459370625,-0.09671938148440942,0.405
15.752626180648804,0.0,0.0,-0.0356044784313306,-0.02488057746705724,0.405
15.762819528579712,0.0,0.0,-0.05307161101858432,-0.039449576631729946,0.403
15.773174524307251,-2.1728642475594033,0.0,-0.016441151461932306,0.0446709602152674,0.403
15.783336639404297,0.0,0.0,-0.03740555718485789,-0.052559260741692725,0.403
15.79349684715271,-2.214521647307286,-0.738173882435762,-0.0857895062921915,-0.01713444362567476,0.403
15.803663492202759,0.0,0.0,-0.027272142808531595,-0.008965934784396348,0.403
15.813874959945679,-1.4689367265935092,0.0,-0.0922372659724091,-0.01288142672812427,0.403
15.8240647315979,-0.7360321954187042,0.0,-0.028578284102588652,-0.06590741414118864,0.402
15.834227323532104,-0.7380007038123166,0.0,-0.03697837897393585,-0.10315485494395066,0.402
15.84438943862915,0.0,0.0,0.00047562999039042937,-0.046789391685031476,0.402
15.854551553726196,0.0,-0.7380353330361542,0.009440087845124113,-0.11161970578828269,0.402
15.864717483520508,0.0,-1.4755167804122986,0.018818220373146517,-0.038757256331450954,0.4
15.874940633773804,-0.7336290491849157,0.0,0.05303406796952283,-0.10443671145579109,0.4
15.88514494895935,-0.7349831775700935,-0.7349831775700935,0.021726212707863617,-0.07639898540167069,0.4
15.895304679870605,0.0,0.0,0.069201696348273,-0.07989266694263805,0.4
15.905463218688965,0.0,0.0,0.013210567460643852,-0.08145002309583112,0.4
15.91563081741333,0.0,0.0,0.10446816579943846,0.036656178447994556,0.4
15.925793170928955,0.0,0.0,0.056334504635090585,-0.014547804188638006,0.4
15.936087608337402,0.0,-0.728548797998981,0.07792394121727986,-0.03815378703104026,0.4
15.946247577667236,0.738191204768386,0.0,0.04539011279242203,-0.07678353824975948,0.4
15.956408500671387,0.0,0.0,0.11036986345076874,-0.0550380743535825,0.4
15.966583490371704,0.0,0.0,0.010543072693171493,-0.04766451669353969,0.402
15.97675085067749,0.0,-2.9506183608863874,0.08091463884349913,-0.03754520887584792,0.402
15.986977338790894,-0.7333895973702003,-2.200168792110601,0.05647461329156789,-0.055582964055493754,0.402
15.997196435928345,0.0,0.0,0.044402000703752734,-0.012034951994983695,0.402
16.007356643676758,0.0,0.0,0.11719313758633579,-0.0681250888004002,0.402
16.01752209663391,0.0,-0.7377929966930131,0.04488528288313461,-0.018641207559464884,0.402
16.027682781219482,0.0,-0.7381392402093061,0.12094898434743429,-0.036461842616922355,0.402
16.03784680366516,0.7378968356360395,-0.7378968356360395,0.12738286915601063,-0.024698952728766557,0.402
16.04816961288452,0.0,-0.726546411991593,0.15306359685563542,-0.028946671591576045,0.402
16.058364629745483,0.7356535160543486,-0.7356535160543486,0.07748097653141572,-0.04082747755610114,0.399
16.0685715675354,0.0,0.0,0.14150246053590396,-0.0546060549993245,0.399
16.078758001327515,0.0,0.0,0.12599316083955392,0.004501592392078979,0.399
16.088983297348022,0.0,0.0,0.144632406610245,0.02545126370716702,0.399
16.09921097755432,0.0,-0.7333041167420392,0.16000145230157053,0.07197590030587613,0.399
16.109374046325684,1.47593215567598,0.0,0.143769827691991,0.07260371067699561,0.399
16.11954617500305,0.0,0.0,0.16325233227682923,-0.009228447578961518,0.397
16.129719972610474,0.0,0.0,0.1348201951697594,-0.012293178072671426,0.397
16.139962434768677,0.0,0.0,0.1591115879467187,0.01653929089556566,0.397
16.150182247161865,0.0,0.0,0.16575931029416302,0.02622029595370843,0.397
16.16035270690918,0.0,-0.7374297904261803,0.1614693890383224,-0.03636625295216844,0.401
16.170530796051025,0.73687702037948,0.0,0.17033609596049248,0.0603279478811398,0.401
16.18069624900818,0.7377929966930131,0.0,0.21064098161647352,0.06665167173591591,0.401
16.190858125686646,0.7380526488667823,0.7380526488667823,0.18117742808185758,0.049052437858341964,0.401
16.201178312301636,0.0,0.7267310446795731,0.1666635132161355,0.0778933254111094,0.401
16.211339950561523,5.904559724079679,0.0,0.1710196720376841,0.031583661072020645,0.401
16.221505165100098,0.0,-0.7378103011539544,0.20538971739401946,0.08402549912102338,0.4
16.231667518615723,0.738018018018018,0.0,0.13885012783750803,0.07534995025152605,0.4
16.241831302642822,0.0,0.0,0.1346761576501731,0.15195693723135092,0.4
16.25212264060974,0.0,0.0,0.10235903641963975,0.11749288367518136,0.4
16.26228356361389,0.7381219203153597,0.0,0.15767763361257003,0.13936207500713874,0.4
16.272446632385254,1.47593215567598,0.73796607783799,0.10879438417245653,0.1197971755165018,0.4
16.28261137008667,0.0,0.0,0.15510543336021831,0.15936710396831913,0.4
16.29277014732361,0.0,0.0,0.1333643215015161,0.1396716442794469,0.4
16.30294895172119,0.0,0.0,0.12067421810715259,0.0708180191651851,0.4
16.313157558441162,0.0,0.7346742024382269,0.06028011953971259,0.07348102117992476,0.4
16.3233425617218,1.472753575692315,0.0,0.14441361103710293,0.06978742092547972,0.399
16.333518028259277,0.0,0.0,0.09275936713625364,0.10438826186837043,0.399
16.34368395805359,0.0,1.4755167804122986,0.05507208497177969,0.1511012178259981,0.399
16.353854656219482,0.7374125038092783,0.7374125038092783,0.05558576884206165,0.07962764028197179,0.399
16.36415386199951,0.0,0.0,0.07121740733247534,0.04888853585759115,0.401
16.374330043792725,0.0,0.0,0.02111985897714992,0.12867472102366245,0.401
16.384493827819824,0.7379141449683322,0.0,0.03467433515271133,0.2195813788387599,0.401
16.394652843475342,1.476521004459047,0.0,0.04800219921606623,0.1930519307091657,0.401
16.40481448173523,0.0,0.0,-0.05142002640834045,0.16145203030089358,0.401
16.41512942314148,0.7271005917159763,0.0,-0.010983635171712695,0.22017256711737887,0.401
16.425339221954346,0.734588422109614,0.0,-0.03421553473142946,0.19674576372048141,0.396
16.43549942970276,2.214521647307286,-0.738173882435762,-0.00018300332655084295,0.18316298500745493,0.396
16.445658445358276,0.7382605022295236,0.0,0.04738806080827985,0.12963170183570388,0.396
16.455819368362427,0.0,0.0,0.057556563361360856,0.09708031201571654,0.396
16.466246366500854,0.0,0.0,0.028494402513148793,0.17581971864665474,0.393
16.476582527160645,0.0,0.0,0.027720534283405453,0.161810174548221,0.393
16.486743927001953,0.0,-0.7380872829657438,-0.03633091651908313,0.1943886050747178,0.393
16.49702262878418,0.7296641306364817,0.0,0.01032212468018981,0.17049617868685746,0.393
16.507234811782837,0.0,-0.7344169215324633,-0.0389871983221702,0.14774202326306823,0.393
16.517443418502808,0.0,0.0,-0.039967483162276905,0.17578358243851167,0.394
16.527605772018433,0.0,0.0,-0.02497630368158814,0.13904729644500363,0.394
16.537769317626953,0.0,0.0,-0.0074123820576536895,0.22501985120548257,0.394
16.547977447509766,0.0,0.0,-0.012727458019124806,0.17483753628891996,0.394
16.558218479156494,0.0,-1.4646961866182426,0.09277987423567495,0.10955932067800432,0.399
16.568422317504883,-0.7350175241833731,0.0,-0.0329422263918291,0.14165212213639722,0.399
16.578619480133057,0.0,0.7354987140519055,-0.024802891717969313,0.10589718076654432,0.399
16.588796377182007,0.0,0.0,-0.0598590736545124,0.08131145910175432,0.399
16.59899353981018,-1.470997428103811,-0.7354987140519055,-0.06427778738348902,0.11443340204959643,0.399
16.609201908111572,0.7346913609080505,0.0,-0.07871748944375827,0.16558351081531558,0.399
16.61937165260315,0.0,0.0,-0.0821483813118111,0.18087448795962435,0.398
16.62953519821167,0.0,0.0,-0.08405942557860438,0.23769345710833317,0.398
16.639700651168823,-0.7377929966930131,-1.4755859933860263,-0.06409628624896425,0.16924226126610997,0.398
16.649863719940186,2.95186431135196,-5.16576254486593,-0.04236711725520729,0.191382759097325,0.398
16.660215139389038,0.0,0.0,-0.03283409421858524,0.10490199121862888,0.396
16.670379877090454,0.0,0.0,0.00826268064308254,0.0752035308117184,0.396
16.680554389953613,0.0,-0.7371360281195078,-0.016355281314556325,0.1323450298461304,0.396
16.690765142440796,0.0,0.0,-0.016347824409098204,0.0988822978976365,0.396
16.701002836227417,-1.4651737307871449,-0.7325868653935724,0.0647324822914634,0.13841344070658396,0.396
16.711302757263184,0.0,-0.7281609222008749,0.03449390104609476,0.12622842798878955,0.396
16.7214834690094,0.0,-1.473374394042294,0.04546673963212661,0.15428302173402858,0.395
16.73165273666382,0.0,0.0,0.02152248871395436,0.20144016695490585,0.395
16.741817951202393,0.0,0.0,0.0542101473184505,0.12645369450573135,0.395
16.75211453437805,-0.728396971310811,0.0,0.07618232302530681,0.17184091511626187,0.395
16.762285232543945,0.0,-0.7374125038092783,-0.00497196199949957,0.09586218620056819,0.398
16.77246880531311,0.0,0.0,0.08542364730344965,0.09232040282374893,0.398
16.782636642456055,-0.7376199967172368,-0.7376199967172368,0.10308262772130791,0.08784974674850055,0.398
16.792804956436157,0.0,-0.7375854064573613,0.11861175797315468,0.06555179972162276,0.398
16.803107738494873,0.0,-0.7279587161270914,0.11548805882711208,0.14579095526511215,0.398
16.813326835632324,0.0,0.0,0.11955174113459097,0.12489772482572636,0.398
16.82354211807251,0.0,-0.7341940904635205,0.12363011971910094,0.14788981000104856,0.398
16.8337345123291,0.0,-2.2075284210526314,0.08218035865848901,0.11803561634478074,0.398
16.8439199924469,0.0,2.2090269422532245,0.1465728783049303,0.04955501215436738,0.398
16.854146480560303,-1.4667791947404005,2.933558389480801,0.14917856433555343,0.07306849809513213,0.398
16.864360094070435,0.7343140596185719,0.0,0.17251709744163002,0.09590093756188607,0.402
16.874533891677856,0.0,-0.7371878515185601,0.1078835324362846,0.050233417470032876,0.402
16.884702920913696,0.0,-1.4750670542999156,0.12282848070834249,-0.023312536931010527,0.402
16.89486813545227,0.0,2.2134309034618633,0.14108364981491703,-0.04141870350349293,0.402
16.905164003372192,0.7284475731752501,-6.556028158577251,0.12811471485636783,0.004362356736862432,0.402
16.91533064842224,0.0,-0.7377064865625439,0.13331699733744715,0.10759574947750868,0.402
16.92551064491272,0.0,0.0,0.07930579904609242,0.12665013422661528,0.398
16.935680627822876,0.0,0.0,0.0784606882074692,0.11394976011882588,0.398
16.945849418640137,0.0,0.0,0.10182787640639115,0.04708297654331374,0.398
16.95616888999939,0.0,0.0,0.0946193373103533,0.09972076557128179,0.398
16.966374397277832,-1.4697946501576917,0.0,0.0946193373103533,0.09972076557128179,0.398
16.976555109024048,0.0,-0.736687197021147,0.1056561237979445,0.10025890134046954,0.398
16.986719369888306,0.0,0.0,0.06307902634780502,0.08585390806883245,0.398
16.996881246566772,-0.7380526488667823,-0.7380526488667823,0.09200300934418423,0.11786691300467972,0.398
17.00719404220581,0.0,-0.7272518783955612,0.09345672319024656,-0.023396991704757605,0.398
17.017399549484253,0.0,0.0,0.15460282252437144,0.05060363844250683,0.401
17.02756905555725,0.0,0.0,0.11392635244911614,0.024226179428613007,0.401
17.03773307800293,0.0,0.7378968356360395,0.11619158602346102,0.042976204442503024,0.401
17.047895908355713,0.0,0.7379833904189931,0.1225767034882258,0.108624154081701,0.401
17.058188676834106,0.0,0.7286669291885757,0.11897669623862223,0.03630386641684358,0.399
17.068354606628418,0.0,0.0,0.08368538882783769,0.06307045540764095,0.399
17.078590631484985,0.0,0.0,0.09792591618895163,0.06536370072952395,0.399
17.088789701461792,-0.7353611669549768,0.0,0.1272657368591053,0.07431508586725126,0.399
17.09900999069214,2.2015032542515223,2.9353376723353626,0.10672110704851287,0.06443759157807467,0.399
17.10933017730713,-2.1801931340387193,-4.360386268077439,0.08555134316077258,0.04913586420639222,0.399
17.119561195373535,-0.7330648769574943,-0.7330648769574943,0.0425743603440296,0.038581407070866304,0.396
17.129746913909912,-1.4726501568278638,-1.4726501568278638,0.1250489807167603,-0.002092873010319069,0.396
17.13993763923645,13.98330299698196,0.7359633156306296,0.09023485336099042,-0.027567034774615303,0.396
17.150423049926758,-3.5763978262352487,0.7152795652470497,0.1278019892343618,0.0008290266940123234,0.396
17.16060781478882,-15.464274544688422,2.2091820778126317,0.029800071522958653,-0.05308386257809124,0.4
17.17080330848694,0.0,0.0,0.10420183785894369,-0.002410763659837537,0.4
17.181039333343506,0.0,0.732706309831598,0.0771360591032418,0.06464522532729813,0.4
17.19123601913452,-0.7355331088664422,0.7355331088664422,0.08208187663195614,0.11516837956177275,0.4
17.201401472091675,0.0,0.0,-0.018774352479722534,0.0821596673101127,0.4
17.211565017700195,0.0,0.0,0.028761526798505146,0.08795882257426041,0.4
17.221736669540405,0.0,1.474686730890936,0.003983078389401831,0.04668203466949662,0.399
17.2319016456604,0.0,0.0,0.06247589371497274,0.043167913519945436,0.399
17.242191314697266,-0.7288864173502015,0.0,0.05931029912997526,-0.024482610435640515,0.399
17.252352952957153,-0.7380699655099598,0.0,0.0957841689442823,-0.006481408085733727,0.399
17.262511491775513,-0.738295155839279,0.738295155839279,0.08363840622844462,-0.03727901708821495,0.398
17.272676706314087,0.0,0.7378103011539544,0.07566707064630486,0.022324057622931923,0.398
17.28284215927124,-0.7377929966930131,0.7377929966930131,0.026679297586590156,0.028466577185974826,0.398
17.293083906173706,-0.7322969481109016,0.0,0.021924232221995313,0.03927590031417107,0.398
17.303298950195312,0.0,0.0,0.0002364854059078332,0.0137714888409197,0.398
17.31346893310547,0.0,0.0,-0.018315626637451395,0.040564894229269635,0.398
17.323646783828735,0.0,0.7368942818993183,0.015017195017726545,0.028544796793763386,0.395
17.333834409713745,-2.2085616662766205,0.0,0.021056334507158072,-0.019175871779046484,0.395
17.344051122665405,0.0,-0.7340912909549145,0.06019925813430964,-0.09636064531008977,0.395
17.35424494743347,0.0,0.0,0.051047990460693596,-0.09277885332475591,0.395
17.36441707611084,0.0,0.0,-0.030613598234521307,-0.09387280716940892,0.397
17.37461233139038,-0.7356363126140031,0.0,-0.046092366896543266,-0.03683171483541233,0.397
17.38478398323059,2.949373461781872,-2.2120300963364037,0.00494638976030241,-0.04959292829404639,0.397
17.395010948181152,-4.400132416365544,4.400132416365544,-0.007889080715125459,0.000534020062069096,0.397
17.405215978622437,-2.2047949910053033,-2.2047949910053033,-0.04699201550042833,0.08219988858845576,0.397
17.41538667678833,0.0,0.0,-0.042550225920355955,0.07424469827613114,0.397
17.425559997558594,0.0,0.0,-0.036059847477490053,-0.012653532043361518,0.396
17.435725688934326,-0.7377756930437638,0.0,-0.060397173369993756,-0.1104642966488397,0.396
17.445889234542847,0.0,-0.7379314551127166,-0.0792432868437243,-0.0500927843464289,0.396
17.45613431930542,0.7320583649437993,0.0,0.009013458589403858,-0.009887117963094619,0.396
17.466314792633057,-0.736704449648712,0.736704449648712,0.003920612776803216,-0.0482127847479159,0.399
17.47648549079895,0.0,0.0,0.02461777702529757,-0.02962249433612653,0.399
17.486653327941895,0.0,0.0,-0.029782725527014633,0.021608697955834644,0.399
17.496822357177734,0.0,0.0,-0.031282664436654166,0.023119352335867996,0.399
17.507030248641968,0.0,-0.734725680252248,0.004794485982506102,0.02652383763639618,0.399
17.517261028289795,2.9323278413460416,-0.7330819603365104,0.025122753797366143,0.021292721302718823,0.4
17.527432918548584,2.94930433152072,-0.73732608288018,0.021559600464090316,0.03733093462517868,0.4
17.53759741783142,-2.9514488776300047,0.0,-0.057299462075784596,-0.03867243145029785,0.4
17.547763109207153,-2.951102772175055,0.0,-0.03127010751448325,-0.060744346176819806,0.4
17.55792808532715,0.0,0.7378276064266448,-0.025563739775443975,-0.05616542611690125,0.399
17.56822109222412,0.7286500509589549,0.0,-0.008100339455863517,-0.03072675297344192,0.399
17.57853937149048,-1.4537307638985164,2.1805961458477747,0.0016557391094831858,0.0007260434845670766,0.399
17.58873176574707,-2.943371228070175,0.0,0.06297293105352617,-0.015735056066385006,0.399
17.598933935165405,2.940551050454535,0.0,0.02641473314253686,-0.05468596805665406,0.399
17.609166622161865,-0.7329453155944919,0.7329453155944919,0.06942630074367583,-0.01759019398838471,0.399
17.619351148605347,2.2092337945080414,0.0,0.014994061277290839,-0.04472444503951609,0.401
17.62953281402588,8.10280014049877,-11.04927291886196,0.09624893917656194,-0.014722465854127384,0.401
17.63970708847046,0.0,0.0,0.023251864890005417,-0.03375360578429509,0.401
17.64987850189209,0.0,0.7373606488209647,0.05232639999727008,-0.0250760274780744,0.401
17.66012692451477,0.0,0.0,-0.004747342143191214,-0.06481169850574535,0.4
17.670295238494873,1.4751708129147225,0.0,0.019258183905194782,-0.05349454469283456,0.4
17.68048596382141,0.0,0.7359633156306296,0.02452738670202941,-0.031173147198606914,0.4
17.690696716308594,1.4690396245359236,0.0,0.01983541832143286,0.047912151017235845,0.4
17.700886964797974,1.471995507826209,0.0,-0.008685622924755958,-0.040508865897993976,0.4
17.711134433746338,0.0,0.0,0.032184119048920684,0.09708162310698476,0.4
17.72131109237671,0.0,-0.7369806016305875,0.038131744320129626,0.07030055012566015,0.402
17.731487035751343,0.0,-0.7370324031770576,0.06814851267533177,0.11361277565643457,0.402
17.7416570186615,0.0,0.0,0.0746400425851232,0.060387530815948054,0.402
17.751827716827393,0.7374125038092783,0.7374125038092783,0.06333602682432236,0.10318411915646925,0.402
17.762049436569214,1.4674634385277447,-0.7337317192638724,0.03319887760189974,0.09330116097061178,0.399
17.772237300872803,-0.7361699936814022,0.7361699936814022,0.05898173066700023,0.10754319686753325,0.399
17.782435417175293,1.4708598681441998,0.0,0.10646159625537471,0.0944282558532826,0.399
17.792600393295288,0.0,0.0,0.0521885981176654,0.14413892930187738,0.399
17.80276846885681,2.212808103545301,0.0,0.07181314802245517,0.0800181206273621,0.399
17.81293249130249,0.0,1.475793671272079,0.09212665475277326,0.06572871430844397,0.399
17.82317805290222,0.7320242943243431,0.0,0.09241944109168085,0.0864285573673556,0.403
17.83336353302002,0.7363423140844081,0.0,0.05496546260117508,0.1421612525282158,0.403
17.843576431274414,0.0,0.0,0.14242015245980438,0.16510627416567225,0.403
17.853763341903687,0.7362389121632691,0.7362389121632691,0.1744496004700913,0.15809923011013352,0.403
17.863947868347168,0.0,0.0,0.12260397299889363,0.1688902566403898,0.399
17.874197721481323,2.1951534042008793,0.0,0.10571160789840951,0.07743446014811947,0.399
17.88437843322754,0.736687197021147,0.0,0.1541433527928836,0.12806193879515448,0.399
17.894545078277588,0.0,0.0,0.08976023893175865,0.11406117897700963,0.399
17.90471363067627,0.0,0.0,0.02521182100362262,0.19954151212362378,0.399
17.91488242149353,0.0,0.7375508194415137,0.08414465524839142,0.218216757431495,0.399
17.9251389503479,0.7312415444338548,0.7312415444338548,0.05904117906215465,0.18572113730329803,0.395
17.93531084060669,0.73732608288018,0.0,0.06043202994015222,0.17260108678235653,0.395
17.945477724075317,0.0,0.0,0.014023720103466523,0.13027148138908232,0.395
17.95564317703247,0.0,0.0,-0.014720845641134718,0.2041450119827497,0.395
17.96580958366394,0.7377237869655965,0.0,0.035280372275865175,0.18665190032393228,0.398
17.97599506378174,0.0,0.0,0.02390365548968659,0.17023207579876054,0.398
17.98622465133667,0.733167389176339,0.0,0.09979691814537675,0.1694269843568151,0.398
17.996389627456665,0.0,1.4756552128532896,0.04135523316340811,0.11325582972274588,0.398
18.00655484199524,0.0,0.0,0.0780052158087846,0.22737109800748684,0.398
18.016720294952393,-1.4755859933860263,0.7377929966930131,0.04825514703918039,0.23234154720437195,0.398
18.026897192001343,0.0,0.7369633360665339,-0.019220512516507374,0.20470825079596328,0.398
18.03714609146118,0.0,0.0,-0.007486391030014725,0.27599444706454457,0.398
18.04733371734619,0.7361872220922069,-0.7361872220922069,0.035699950591254956,0.295315921047123,0.398
18.057502508163452,0.7375508194415137,-0.7375508194415137,-0.05941410681291799,0.23267104678852973,0.398
18.067673206329346,-1.4748250076185565,0.7374125038092783,0.017789961921016208,0.24512636888849557,0.398
18.077842235565186,0.0,4.4252011628997465,0.030506644787103115,0.1678165524818754,0.398
18.088101863861084,-0.7310206358059118,0.0,0.05670319665415163,0.1349972307539548,0.398
18.0982928276062,0.0,0.0,0.06167856818783652,0.1789208742153567,0.398
18.108506441116333,-0.7343140596185719,1.4686281192371438,0.03564725727173704,0.11015428127405696,0.398
18.118698120117188,0.0,0.0,0.010488553404421511,0.12573032716553256,0.398
18.12888479232788,-0.736256143800028,0.736256143800028,0.03431800136396024,0.22902231401528317,0.398
18.139080047607422,0.0,0.0,-0.0089695182494379,0.12568244878240262,0.398
18.149306535720825,0.0,0.0,-0.010211873994230885,0.15158034080487973,0.398
18.15949559211731,0.0,0.7360838637214526,0.044253750257707246,0.11455345914351202,0.396
18.169667959213257,0.0,0.0,-0.005356326884172445,0.06328971864250128,0.396
18.179853916168213,-1.4726156871006248,0.0,0.06716220982578039,0.11145670723856876,0.396
18.190125942230225,0.0,0.0,0.034080589586537466,0.0949519170594739,0.396
18.200308799743652,0.0,0.0,-0.08659081704670264,0.10857041835423833,0.396
18.210482358932495,0.0,0.7372051276042276,-0.06578875007196723,0.17682619447425504,0.396
18.22065043449402,0.0,0.0,-0.037330653269391854,0.12428888620785308,0.398
18.230821132659912,0.0,0.0,-0.08837572451606056,0.1269283628604896,0.398
18.240994930267334,-0.7371878515185601,0.7371878515185601,-0.0008952216941069541,0.19120690125022016,0.398
18.25125551223755,-0.7309526907705177,0.7309526907705177,0.005234497019586046,0.04898815987655247,0.398
18.261419773101807,-0.7378795271157815,0.0,-0.046452891215212205,0.024640615912306787,0.4
18.27158236503601,-0.7380007038123166,0.7380007038123166,-0.00304311492979073,0.07814535265615158,0.4
18.281755208969116,0.0,0.0,-0.02068652020933818,0.06402964211842702,0.4
18.291919708251953,-0.7378622194075012,0.0,-0.04352387665261618,0.09301681750717544,0.4
18.3022301197052,0.0,0.0,-0.02298637318508784,0.12927268014544543,0.4
18.31277823448181,-0.7110275304009764,0.0,-0.09398060050429365,0.11535494258410725,0.4
