time,meas_r_x,meas_r_y,meas_v_x_dot,meas_v_y_dot,state_z
0.0,0.0011013101161609154,-0.007906733918914203,0.060651422076882344,0.06046807528874609,0.399
0.010175228118896484,-0.3523767871567845,0.2582074712793085,0.009209164574053824,0.06663887314844683,0.399
0.02040719985961914,0.09285907978279084,0.04140007731237902,0.0728463131905249,0.06645396347094917,0.399
0.030588150024414062,-0.3129161946680573,0.06388814996713175,0.04375883126464382,0.1547873072028902,0.396
0.04077792167663574,0.032728539967693884,0.04146183537173245,-0.022277681369368862,0.13300463735693943,0.396
0.05095100402832031,-0.2052293193370206,0.32430308973450794,-0.057963713634533724,0.07922448486963177,0.396
0.06111907958984375,0.0072153373894885894,0.11562457359778976,0.018473334494345864,0.10106426207148228,0.396
0.07136130332946777,-0.43563879392732896,0.09568911751776553,0.06716479479099559,-0.01352196780777859,0.395
0.08162999153137207,0.14503644059668233,0.33661893260129383,-0.0034798009753109482,0.01596573075684636,0.395
0.09184098243713379,0.09690162472249618,0.1460729686687417,0.050554172964602545,0.010152608404420435,0.395
0.10204100608825684,-0.32565377084838276,0.3518965328876468,0.007385118333447405,-0.0770209570069362,0.395
0.1122751235961914,-0.42738211073387183,0.34245181143284475,0.012939955386923718,-0.011957552926625842,0.395
0.12246012687683105,-0.366986577585817,0.3386321009250157,-0.06032037085690714,-0.11272635708230966,0.395
0.13262939453125,-0.3539318694281705,0.1151419601580991,-0.05813531745781579,-0.011809867701451912,0.398
0.14280056953430176,-0.3186615354135658,0.24375088654631766,-0.007021861548680675,-0.09232495824183878,0.398
0.1529688835144043,0.10721022443453804,0.02085304559341821,-0.016909680875128397,-0.027876455139857412,0.398
0.16313457489013672,-0.06191701550317815,-0.014388262095549748,-0.0598895654231468,-0.021497112987508823,0.398
0.1733565330505371,0.04427757920344689,0.030735190896562715,-0.07275320836802905,-0.09549835140530158,0.394
0.18357181549072266,-0.0296461877955985,0.06116699988371973,-0.07159248510933658,-0.08411032173031245,0.394
0.19373846054077148,-0.012237076110557072,0.047693124513915816,-0.09235106818066036,-0.059746241386331056,0.394
0.20390701293945312,-0.07381191345115613,0.26441533599465467,-0.23420723908894825,-0.07308014757434941,0.394
0.21407175064086914,0.07150595322291603,0.12793530280372217,-0.14137775117373158,-0.10173237092963647,0.394
0.2243335247039795,-0.2161676652244564,0.04791024926876689,-0.11374622804809965,-0.08622800563994583,0.394
0.23451900482177734,-0.4187775175914395,0.04791024926876689,-0.11374622804809965,-0.08622800563994583,0.395
0.24468493461608887,-0.014819687376320742,0.023309201704717633,-0.16788592021483711,-0.06856100576721988,0.395
0.2548515796661377,-0.03753441086363243,0.06543824775719374,-0.06442086645979615,-0.0069852296181280304,0.395
0.26502418518066406,-0.23890834644793787,0.2668124848219193,-0.06595487405196916,-0.011462454346425094,0.395
0.2751920223236084,-0.15993784078327472,0.08612231783015048,-0.08930330512215533,-0.05815292338016392,0.397
0.2854900360107422,0.04153021402434605,0.08612249903912667,-0.07757147925870701,-0.07031005685474076,0.397
0.2956550121307373,-0.1036643005868328,0.07759560053868979,-0.06471958874406965,-0.042946522548926364,0.397
0.3058195114135742,-0.04198657010249416,0.04195628626766493,-0.05715317901136144,-0.0824644232036828,0.397
0.31599950790405273,-0.03394903012112987,0.00684995367478695,-0.07930888883989697,-0.11871114550413135,0.397
0.32616448402404785,0.24278602815630648,0.015433790885504403,-0.0655072351521877,-0.1263442785213979,0.397
0.3363523483276367,-0.15518547504542962,0.0055123066489053876,-0.04889565172920629,-0.13443168741257228,0.397
0.3465588092803955,-0.06964446378898481,-0.03371331993036271,0.050442994232218874,-0.14559596823183468,0.397
0.3567368984222412,-0.2776145983585517,-0.028382276040271298,-0.03558696675348716,-0.14573835409727398,0.397
0.3669590950012207,0.2353948389686293,-0.2082917703642861,-0.036208205700070134,-0.17233655654762944,0.4
0.3771331310272217,-0.047603265497201404,-0.028172981836671575,-0.09949817810936616,-0.14341076160241722,0.4
0.3874382972717285,-0.055597633947437004,0.07105861838949573,-0.0902629515628109,-0.09457582811525014,0.4
0.39760780334472656,-0.1078300290629253,-0.020693896357263725,-0.07389530422498818,-0.12567825594865784,0.4
0.407818078994751,-0.033403668734538795,0.009722782441369648,-0.06694567055276289,-0.09215953084411496,0.4
0.41799259185791016,-0.02731911509531091,0.0340201956908625,-0.07021776886686158,-0.16509608264944042,0.4
0.4281630516052246,-0.03936320877482771,-0.40129821955884876,-0.009494952700532522,-0.12201705100433323,0.403
0.43834900856018066,-0.10187496973027628,0.013107107588133885,0.026245551535431844,-0.154916215495147,0.403
0.44851160049438477,0.007111697193071409,-0.1071022532019065,-0.0018082346947493055,-0.12946113353014888,0.403
0.4586796760559082,-0.08365568146634385,-0.007579626412222473,-0.037164721332571496,-0.1915697188869982,0.403
0.4688432216644287,0.19598862376143805,-0.0025749727237553855,-0.03438532366833598,-0.11143170295093255,0.403
0.47901034355163574,-0.13632622611200867,-0.21186890647619963,-0.031283415383013755,-0.11784959250427411,0.403
0.4891788959503174,-0.13238763570126688,0.009301651608896642,0.0068429961778350284,-0.07112218191261657,0.403
0.4993624687194824,-0.030625827409429544,-0.43957239478871124,-0.009743956832169498,-0.11953462394570741,0.403
0.5095279216766357,-0.08632513044524165,-0.0350738138050487,0.013690846327704106,-0.0818652942567481,0.403
0.519695520401001,-0.07132868503033866,-0.017525345007920017,-0.03558033133869819,-0.06770122611680798,0.403
0.5298721790313721,-0.05796012177599593,-0.4491017340630807,0.04339931854769362,-0.1200675898759595,0.404
0.5400395393371582,-0.14030737320945255,-0.2669165652589563,0.026028366300194963,-0.23639151869804045,0.404
0.550285816192627,-0.005571970326302721,-0.3343632123971168,0.03601537461167181,-0.178584001078415,0.404
0.5605008602142334,-0.16932544509974387,-0.5605739617099703,-0.02924566840348678,-0.09943215966830213,0.404
0.5707125663757324,-0.0017656381575927287,-0.4994372477593109,0.03835720587860472,-0.14326025635612544,0.405
0.580904483795166,-0.0070393740584882535,-0.458629169926653,-0.02165952946350853,-0.0748934410415186,0.405
0.5911097526550293,0.13794865727401182,-0.026892870700027247,0.04709061863694709,-0.11922419371784032,0.405
0.6013522148132324,-0.031573935315867004,-0.04011902073004457,0.05121170804364787,-0.09855087079167246,0.405
0.6115396022796631,0.011853205814292807,-0.5999790654118671,0.10480972710929728,-0.08808636269879465,0.405
0.6217095851898193,-0.032353826377632844,-0.18275777189401374,0.09174769077151514,-0.0665764958056389,0.405
0.6318824291229248,-0.03675186880069818,-0.4309389854953456,0.09447374889093167,-0.045891656617034954,0.403
0.6420543193817139,-0.004249203990153697,-0.28376875170754967,0.05491530257584955,0.010521451645722685,0.403
0.6522500514984131,0.037958010331248834,-0.22142644909135217,0.10356421628430641,-0.082764013563764,0.403
0.6624219417572021,-0.0061415510075733225,-0.45164699038160305,0.027354954166881832,-0.09845328539901532,0.403
0.6725912094116211,-0.005753085094046198,-0.06753831922007388,0.1280936908758676,-0.03722654921325197,0.402
0.682776927947998,-0.03586618024496049,-0.25813324268466664,0.09394190378522992,-0.014098128815264871,0.402
0.6929495334625244,-0.023580478070357548,-0.018098207741048148,0.11596186124796831,-0.07839594632668578,0.402
0.7031192779541016,-0.09674611754452787,-0.6730168563802056,0.03655210674418253,-0.06108304756765991,0.402
0.7134099006652832,-0.08159079020320426,-0.3629306511300204,0.10201371086250943,-0.055001581397339905,0.402
0.7235760688781738,-0.04206793204057356,-0.2688846033852406,0.06248979968938258,0.04572397707833467,0.402
0.7337474822998047,-0.10214223228636099,-0.46427426364419155,0.10245182857740223,0.01772033225754112,0.402
0.7439172267913818,0.01342737800454738,-0.2591113565459152,0.09248402395120044,-1.4187574796376001e-06,0.402
0.7540850639343262,0.005184729024410969,-0.7441824519061585,0.11520058778968247,0.05422586865803575,0.402
0.7643728256225586,-0.038592445179882216,-0.5366066803687405,0.08520392838066518,0.05401262286338475,0.402
0.7745428085327148,-0.020253542582612815,-0.10703604119775631,0.10471254951388982,0.022664925877312683,0.4
0.7847154140472412,-0.2215641784355463,-0.3083448225296438,0.11344925036191582,0.05660493246240109,0.4
0.7948870658874512,0.03278711479451904,-0.6424029699329916,0.13430472087533432,0.1291601288963618,0.4
0.8050580024719238,0.06147418652200045,-0.0006619327700027504,0.07798952306107945,0.06557317944763186,0.4
0.8152329921722412,0.023897226722079567,-0.15202445011583454,0.12410973714610127,0.10672328313783735,0.4
0.8254067897796631,0.13782929309222267,0.05145110829486317,0.13434639067332582,-0.005174106436161806,0.4
0.8356225490570068,0.0038936728360056696,-0.13413570651517392,0.11553911267784917,0.044164337370968636,0.403
0.8458290100097656,0.07008414982365917,-0.394075003335244,0.1265479952173386,0.0459785947191799,0.403
0.8560073375701904,-0.405545019612509,-0.2182040694421502,0.11895866640117961,0.0832456547956538,0.403
0.8661727905273438,0.0642516234983125,-0.474439395419713,0.0870477406559466,0.07918249717764478,0.403
0.8763606548309326,-0.020783371300199183,-0.18758565693395435,0.050040022286796285,0.05771840587990688,0.402
0.8865261077880859,0.09592046095111248,-0.18701280306978293,0.04396226360237168,0.13093947859087915,0.402
0.8966925144195557,-0.007997821297801924,-0.18967672901407,0.023540920912994645,0.06338218686666533,0.402
0.9068586826324463,-0.3960810871851064,0.026268361991591604,0.019495167076382606,0.11145767778076571,0.402
0.9170331954956055,0.03041011030260799,-0.20919075264926704,0.03801960047786,0.16362809072561113,0.402
0.9272944927215576,0.012413868424199849,-0.0032643256706309937,0.10979373082348833,0.15063513877690887,0.403
0.9375050067901611,-0.36350343205147423,-0.6524280222493155,0.0728205400909772,0.1750804740864266,0.403
0.9476759433746338,0.042183296526186416,-0.10160986918195095,0.07279638312377966,0.11909958457627237,0.403
0.9578588008880615,0.06768655067623344,-0.4939553383988959,0.09139672312155453,0.11210372156925197,0.403
0.9680271148681641,0.02098822059191085,-0.07841882724597393,0.07901404244369649,0.07838212055545124,0.404
0.9781937599182129,-0.19167504636172944,-0.41093368779937484,0.0824133289020489,0.14612675453592888,0.404
0.9883849620819092,-0.15365776871123868,-0.3797536758272218,0.06530290384933565,0.07741381839689289,0.404
0.9991638660430908,0.03944817405215673,0.037216262253625,0.07775477318522134,0.10410434728358747,0.404
1.0094091892242432,-0.22225224662216764,0.08681950978013661,0.053711343711469725,0.0864537311833533,0.404
1.0198698043823242,-0.3675740922007912,-0.5275557826035238,0.04346518048933773,0.14090483727117922,0.404
1.0300891399383545,-0.1371627450029297,0.038345577385096946,0.029396523312013034,0.10826575120064064,0.403
1.040306806564331,-0.35938497537984015,0.07114086503251223,0.08762070907325126,0.08096411510128615,0.403
1.050485372543335,-0.10913715774542604,-0.1426000191054624,0.11077429489310574,0.12644346715813778,0.403
1.060668706893921,-0.1481438540529277,0.11349068145208858,0.08888437205395783,0.11985114450639175,0.403
1.0708303451538086,0.035553256017370256,-0.14796931342350428,0.06317439436727354,0.07791631383777754,0.395
1.0809946060180664,0.059633538609193015,-0.01813364631764408,0.05915359348244438,0.09725496674124223,0.395
1.0911908149719238,0.166587198741791,0.00499111144375736,0.12201410333858086,0.08253601680486822,0.395
1.1015205383300781,-0.1809483716248129,0.07899974670543453,0.032091475561382046,0.06941732509506163,0.395
1.1117169857025146,0.008834506534761633,-0.36439380939979005,0.03213525806369054,0.026269093922660844,0.395
1.1219003200531006,0.083527517744448,0.04324882292984275,-0.00729638599161421,-0.020621904397234478,0.395
1.1320874691009521,-0.08625080150428258,-0.13407713537958893,-0.03220490320833751,0.06613151099321492,0.396
1.1422863006591797,-0.17826090443746126,-0.14274504605654692,-0.03123179171787384,0.03140360416411876,0.396
1.1524615287780762,-0.13378976348946878,-0.4403594280504674,-0.0013070905408648636,0.031142748787796756,0.396
1.1626203060150146,0.206057901666873,-0.12310117055946537,-0.011038853976535867,0.04514561067093806,0.396
1.1727871894836426,-0.01999656397838791,-0.6873752424588091,0.0758714118026604,0.06614959802954846,0.402
1.1829524040222168,-0.248833873664007,-0.27585188094540575,0.07628015378395889,0.07477191445083572,0.402
1.1931655406951904,-0.1300364108481959,0.026297635620306462,-0.020986034490882294,-0.0259781845501796,0.402
1.2034597396850586,-0.092869300099256,-0.19468364062639612,-0.0655430585944056,0.1030949811810438,0.402
1.213627815246582,-0.006849133843242294,0.04511702811584646,-0.03969853936925577,0.11637027367018227,0.402
1.2238006591796875,0.05718140580802982,-0.1289076750430761,-0.08508174964807347,0.022369487056792432,0.402
1.2339699268341064,-0.16175569630674774,-0.14626417940374165,-0.0407378173239648,0.04814721302942457,0.398
1.2441508769989014,-0.17217916244716366,-0.15570803544390321,-0.036929175372155176,-0.013163225906558246,0.398
1.2543861865997314,-0.1685279990994571,-0.18873940310633114,0.007159282958281152,0.06087430519472892,0.398
1.2645649909973145,0.00500410761537864,-0.17966842653674403,0.010795102282905117,0.06331065573610954,0.398
1.2747271060943604,-0.2592601582326917,-0.39983746555602256,0.040749616129033994,0.06562535522990418,0.396
1.2848923206329346,-0.057729299090111125,0.003225430608509824,0.035282402961459305,0.060051129571651665,0.396
1.2950608730316162,-0.0390493680294657,-0.21909802842197448,0.02406773616630878,0.053296035746255715,0.396
1.3052260875701904,-0.04917127537902686,-0.21501197111810405,0.010512785153146381,0.050900535350123205,0.396
1.315514326095581,-0.06228196668673562,0.024734131049556303,0.0021088295012235553,0.013130783312207156,0.396
1.325679063796997,-0.08545969543061965,-0.21415053288693095,-0.003796117272830815,0.12034191845198558,0.396
1.3358500003814697,0.09670414382250517,-0.04321016283795235,-0.04599337016727045,0.04787422085452703,0.399
1.346022605895996,0.0063378226883563284,-0.28923585924203404,0.02977957283173377,0.036143972878260835,0.399
1.3562216758728027,-0.05472370303204109,-0.563313327882181,0.06185862682814448,0.04385679327457262,0.399
1.3664569854736328,-0.0017471109732537912,-0.5011518231499302,-0.023152644589103946,0.13387731597116662,0.4
1.3766248226165771,0.0181431454957197,-0.03949987629135047,0.02512240502044656,0.13301107945017587,0.4
1.3867952823638916,-0.07156999107024895,0.04486182532228517,0.006377687068102669,0.1008017031454938,0.4
1.3969757556915283,-0.0278222954942999,-0.19097699477403315,-0.08401665181352501,0.21254175403788797,0.4
1.407195806503296,-0.023532132853981723,0.031104162358187675,-0.01849835186208565,0.11712791215166381,0.4
1.4174268245697021,-0.05488666122233248,-0.3837933683335549,-0.03454686243191786,0.061285194988394326,0.4
1.4275929927825928,0.022064839390936435,-0.150459062539317,-0.06016282588145217,0.12190802269970302,0.396
1.437776803970337,-0.06344069709199604,0.007962076424353504,-0.08468012814926619,0.09287572024919863,0.396
1.4479477405548096,-0.015511313122628968,-0.4567859322315236,-0.04164167557163473,0.09813166700093998,0.396
1.4581172466278076,0.07057128249881191,-0.4745849840010814,0.016816455244233017,0.03756940571295804,0.396
1.468325138092041,-0.0588948969973071,-0.062151541233525086,0.03295328444995918,0.03689697707789685,0.397
1.4785451889038086,-0.07417803954369881,-0.4018352730846087,0.0982795034589402,0.05829176095116786,0.397
1.4887220859527588,-0.20630947294018645,-0.033337132572669355,0.019292824094358355,0.08202053668073973,0.397
1.4988961219787598,-0.06466648034087584,-0.4583668625729422,0.05264522655725376,0.09146322974525686,0.397
1.509066104888916,-0.11195210672379945,-0.456586116480069,0.07011155316990145,0.06662996604758523,0.397
1.5192396640777588,0.015107882290259535,-0.23571632371668477,0.04732606509888541,0.06953852352369652,0.397
1.52951979637146,0.0025632790069018184,-0.030733254086067564,0.1280313019230027,0.09336220904593125,0.398
1.5396900177001953,-0.0591745766146174,-0.2217411330198877,0.13282152045024254,0.07792299501861182,0.398
1.5498735904693604,0.12618612957101646,-0.5544152419891855,0.038001710033031856,0.13054674830590593,0.398
1.5600461959838867,0.00820645865117373,-0.6484906317950017,0.07247194445349558,0.10897202306888683,0.398
1.570220947265625,0.015149329568469979,-0.262906201882547,0.03764189786250021,0.16896215792808725,0.401
1.5804533958435059,-0.062094050530717274,-0.7271784308985724,0.04944230428578198,0.22765558603253633,0.401
1.590644359588623,-0.1299857623693777,0.010186761566097597,0.09506832115471982,0.17169698597658906,0.401
1.6008374691009521,-0.016476383617589428,-0.5578153651537356,0.0076902466700612265,0.1749167069484157,0.401
1.61104154586792,-0.05217077659496743,0.038296041172957956,0.05084108247277816,0.19543544095058774,0.401
1.6212570667266846,0.02533274995620582,0.0569540240324741,0.016356635518217193,0.1954045991988202,0.401
1.6314377784729004,0.05657676762585643,-0.2341876007795644,-0.0053618961750615535,0.20278017345975677,0.4
1.6416146755218506,-0.05317190536860734,-0.17036167092862545,0.044988914623531384,0.19590656406278967,0.4
1.6517834663391113,-0.15646919135992127,-0.01938814498725351,-0.012921696314350346,0.18292486890749154,0.4
1.6619963645935059,-0.05325086915262631,-0.44427316015624685,0.1097135054925658,0.11541766067831727,0.4
1.6721692085266113,0.04066933875273639,-0.017844683619127256,0.1361910747584515,0.14741115921384945,0.4
1.682382345199585,0.07872685895410594,-0.023800321397100987,0.14792481503475166,0.19564224250052997,0.4
1.6925504207611084,0.07039711848792801,-0.004708172819611142,0.17415788968623247,0.22458054346852446,0.4
1.7027614116668701,-0.10898097349002284,-0.16397831558260245,0.1059795784097617,0.13779399542590923,0.4
1.712932825088501,-0.08759449995348016,-0.22322883894764822,0.08577156365784583,0.204048255750571,0.4
1.723099946975708,-0.04606747766694999,-0.03487842782236044,0.1220398121840411,0.16326988598058323,0.4
1.7333121299743652,-0.02285289079948069,-0.006117808744028749,0.042300638040556775,0.18736243912267847,0.395
1.7435963153839111,0.09387429224130928,-0.15350849296417587,0.04325685579779985,0.13682746197709952,0.395
1.75376558303833,0.13339260757331672,-0.2468495027452816,0.0447546334891078,0.13120926994756052,0.395
1.7639319896697998,0.12647543645154508,-0.19211657605249824,0.09216839886128722,0.1842028280907017,0.395
1.7740983963012695,-0.013151040017895143,-0.3716965196096694,0.033248041549726624,0.18708459781725087,0.399
1.784325361251831,-0.13589415545369882,-0.468149410945506,0.02909871906238645,0.25113256066209444,0.399
1.7945563793182373,-0.06500814913411439,-0.5722272086533692,0.015800016091561772,0.23326946278621452,0.399
1.8047974109649658,-0.06705969291323674,0.06966630410452318,0.07069956185361596,0.283226754075457,0.399
1.8149664402008057,-0.0420151077754422,-0.1520640278408374,0.052445286659015766,0.231890892157965,0.399
1.8251349925994873,0.09511344363295128,0.020056387998658953,0.02069887332068361,0.2018138915325971,0.399
1.8353452682495117,0.09511344363295128,0.020056387998658953,0.02069887332068361,0.2018138915325971,0.398
1.8455722332000732,-0.0033085827679182798,0.03196374984559452,0.10377675703332208,0.146538231437266,0.398
1.855785608291626,-0.06674107351834001,-0.24694406661000906,0.09141117694259707,0.18755809898279918,0.398
1.8660078048706055,0.2284901292791928,-0.19786901223928277,0.0993157049776558,0.1760249516337636,0.398
1.876187801361084,-0.06153292881992349,0.0153491369228347,0.10886284229467877,0.11346138633421636,0.398
1.8863914012908936,-0.16883426410569813,0.010585219989767344,0.08208915590464474,0.20691641194545185,0.398
1.896566390991211,0.024081361873718007,0.017222537520552725,0.08968372919186349,0.19223672762611857,0.398
1.906778335571289,0.013560774678546609,0.006798380709767059,0.0630169958287913,0.23769409656555382,0.398
1.9169526100158691,0.024835637028953753,-0.022856054160668646,0.13776230835249365,0.17773455040207115,0.398
1.927170991897583,-0.0248803029775426,0.00982476836917822,0.10632255798799396,0.14262250008977434,0.401
1.937361717224121,0.029187178023705466,0.009650892437000248,0.10144494821257787,0.18658593981688254,0.401
1.9475340843200684,-0.2967067045423187,-0.0951744810672836,0.036807438096379895,0.16032452499551464,0.401
1.9577524662017822,0.0024265649042192632,-0.09418224471367465,0.049231478051835476,0.18220575367484643,0.401
1.9679224491119385,0.06097791637965278,-0.297222821036139,-0.0034475921202093843,0.22390643032942598,0.403
1.9780910015106201,-0.2150214595738104,-0.08124490246527802,-0.04600347548351012,0.200879906035932,0.403
1.9883275032043457,-0.17419911495604187,0.0021570174517594903,0.0009034422160152957,0.28827794693845865,0.403
1.9986157417297363,-0.00388577339795564,-0.13162424450805235,0.09132320577938881,0.20817985969956976,0.403
2.008782386779785,-0.13642457648317644,0.04289446279371607,0.061640240976931285,0.20034845217357694,0.403
2.018946647644043,0.10683762822445583,0.25565734314746597,0.051855019602067946,0.26357525320381575,0.403
2.029123067855835,0.003329177280755014,0.04489589259430254,0.08041855227358001,0.2275397148119071,0.398
2.039372205734253,-0.1484723043852308,0.026309594907517428,0.11138513843149794,0.2773810985307762,0.398
2.0496628284454346,-0.1345660187465215,0.02751547854272679,0.13329896806026434,0.21542638694009347,0.398
2.059882879257202,-0.30144895874026184,0.016879726205532773,0.10053424364730415,0.2144245768032691,0.398
2.070052146911621,-0.2453197717232577,0.07389200602198127,0.017723364885817494,0.26000567038751954,0.404
2.080228328704834,0.0033168422526149402,0.06100193202846417,0.04345093881659936,0.1782741961523596,0.404
2.0904080867767334,-0.21455896422595247,0.013828062258147094,0.05616465808202264,0.1912462607465203,0.404
2.1005797386169434,0.10702714538532572,0.01381504180619738,0.03000664095133052,0.169498213442061,0.404
2.1108334064483643,-0.2197153850418488,0.0688351882496319,0.06911919556399541,0.2494792993658275,0.404
2.121035099029541,0.018476078085021573,0.05952474503873707,0.10493833185977935,0.19039116337498224,0.404
2.1312320232391357,0.07688820705402291,0.022166656900512564,0.009112630183893519,0.22948657932654595,0.404
2.1414284706115723,0.05213712345906551,0.1964692337474458,0.04853870106483257,0.22026857043982606,0.404
2.1515986919403076,0.034030182584740165,0.023291322777058036,0.04771552588792076,0.24356161136937177,0.404
2.1618103981018066,0.24454740051015952,0.038670410377902184,0.026807408519639135,0.19233781651722992,0.404
2.1719954013824463,0.06380548819358267,0.4233839553025976,-0.017630514100194214,0.12326991713505472,0.403
2.182164192199707,0.08513828836805765,0.015209679815372785,0.029377889089360038,0.18870203154418996,0.403
2.19236159324646,-0.11809227115576557,0.03182136556683686,0.028358659997428162,0.17180512926449515,0.403
2.202531337738037,0.017054307398437104,0.2208372589937004,0.03933387602732713,0.13844123140753334,0.403
2.2126994132995605,-0.04611071500189151,0.2595019267205239,0.08324968563146463,0.1306190372133337,0.403
2.222872257232666,-0.04275610643095853,0.4386005379911747,0.056740683771738326,0.11005433654675868,0.403
2.2330410480499268,0.07716464962992413,-0.0026275027479161013,0.06530732453356793,0.1849484628678795,0.4
2.2432122230529785,0.08116543525611368,0.21978164923595667,-0.03660213645599789,0.21675254167703278,0.4
2.253382444381714,-0.24129851376168912,0.03335201030777407,0.006659602027602199,0.24500744969506966,0.4
2.2635531425476074,-0.07688626863346877,0.05755438045503404,-0.028383216302795743,0.1871312832868082,0.4
2.2737605571746826,-0.1884308936147253,0.22210104164104805,0.004649490576160181,0.17342998273259436,0.399
2.2839293479919434,0.15197135361430905,0.07043364488873168,0.04199362670416647,0.23276241498659309,0.399
2.2940971851348877,-0.061039157523334685,0.30235566146259557,-0.08703329082008172,0.15056318650645592,0.399
2.304280996322632,-0.3924143995670316,0.059395599069860326,-0.07758569381814298,0.1465470731436594,0.399
2.314570903778076,0.2538575251411523,0.04368463734617939,-0.01764556762600871,0.16370600712383973,0.399
2.324782133102417,-0.34740902470706797,0.028815847268636972,0.11435850231251811,0.0966460112651873,0.399
2.334948778152466,0.053700103347008685,0.028815847268636972,0.11435850231251811,0.0966460112651873,0.398
2.345116376876831,-0.29866839404074835,0.19627729334022728,-0.0018349582400777331,0.08245575841571724,0.398
2.3553004264831543,-0.09725223023933623,-0.0051388704611848406,-0.0018349582400777331,0.08245575841571724,0.398
2.3654870986938477,0.059110899076556644,0.05043938205565184,0.046789843327340236,0.12093889138605043,0.398
2.375696897506714,-0.059389072311809094,-0.03714732299711887,0.0344813331539853,0.10778660905055351,0.399
2.385894536972046,-0.2602101908354912,-0.03714728868013637,0.03289141263657684,0.10397555129744973,0.399
2.396071195602417,0.09166343729101233,-0.013996013089336028,0.02281691715446335,0.14817422481498266,0.399
2.4062910079956055,0.10554508166681487,0.18784940821402865,-0.0455613871188985,0.1254478216918462,0.399
2.416544198989868,-0.03331765003680004,0.04558861497426334,0.01917049015754871,0.1806166852342587,0.399
2.42671537399292,-0.076619467488389,0.4355860048148844,-0.01517126735486582,0.13515622481749398,0.4
2.4368844032287598,-0.06474020075667877,0.3755097660406117,-0.0635237949308736,0.1145221479282191,0.4
2.447057008743286,-0.0625610136141912,-0.10710946673226002,0.04079312776818966,0.11667450725370981,0.4
2.4572222232818604,-0.30775154212828537,0.10983909189781209,0.028565494018546314,0.08127740014988125,0.4
2.4674084186553955,-0.0028452226153458634,-0.06179531102735351,0.003504042442105691,0.1916187169249276,0.399
2.4775736331939697,-0.03380084973493979,-0.007664113462577187,0.03149518548874848,0.20597373509174374,0.399
2.487741231918335,0.10228692562833164,0.02243210221683575,-0.0204177403548092,0.15820614182642267,0.399
2.4979186058044434,-6.496302103993367e-05,0.03107382711629748,-0.012771282321340775,0.25639956703497263,0.399
2.508082389831543,0.008026223803204731,0.39810153106654744,0.06227797105883529,0.18721722034745028,0.399
2.5182442665100098,-0.35937548833961147,-0.03097058545183264,0.03212263505416086,0.1555264502188317,0.399
2.528489351272583,-0.15121868013240372,0.01467411974241641,0.04674614668732632,0.14580045244032128,0.4
2.5386693477630615,-0.06128471255550635,0.09673887900263876,0.0023200672168771225,0.10359400016233258,0.4
2.548844575881958,0.0008892293068246737,0.009682298211027639,0.00758241250723473,0.20320814373156804,0.4
2.559014081954956,0.04025260452118192,0.06560774077622482,-0.00035171300944211725,0.2304294173871318,0.4
2.569188117980957,-0.4479926330126636,0.26302203071244545,-0.05092824507461433,0.1303268804644769,0.4
2.5793848037719727,0.01323087571331779,0.09955432118432397,-0.014566648138316159,0.22744230055218237,0.4
2.589571714401245,-0.17512562208487725,0.056591029335076,-0.020079824449447344,0.12656868887704303,0.4
2.599740982055664,0.12309842872238545,-0.004041672028924367,-0.025123012894145345,0.15914316414110383,0.4
2.6099283695220947,-0.14903687299102403,0.0398558394715583,0.01913181529333416,0.11545452075380139,0.4
2.6201300621032715,0.08626857939991979,0.4165568969481647,-0.03294313345245281,0.10273849232929705,0.4
2.6303677558898926,-0.23823368799748676,0.1644075051450417,-0.002556655472832424,0.17783414588576169,0.396
2.6405701637268066,-0.018829244927153523,-0.039437121819322844,-0.003868577827928335,0.1669150536614345,0.396
2.6507408618927,-0.042500004939329684,0.17810836604382185,-0.0005206317402426455,0.10494091924565231,0.396
2.6609063148498535,0.037099565586111855,-0.001991397509731623,0.009776735788931436,0.1090674983366339,0.396
2.6710805892944336,-0.016147187981888415,0.1723523697770358,0.06871158470705685,0.1289178510966831,0.395
2.6812527179718018,0.021581106326319967,0.0006218815860837995,0.010655142464428669,0.07488224241019542,0.395
2.691507339477539,-0.031049713948470177,0.24000311643287447,0.020568810191006134,0.155711190533459,0.395
2.701676845550537,-0.003925326923611815,0.2554845154624345,0.03355023932494839,0.09135626296796137,0.395
2.711845636367798,0.07389763339252253,0.21558765491852833,-0.018209852096092043,0.15528600201330367,0.395
2.722015619277954,0.019245790055772417,0.17377324288202073,-0.024999461240064573,0.16747635205413244,0.395
2.7322030067443848,-0.08499784275549142,0.18924241500825453,-0.023231181792896807,0.17857840172953976,0.396
2.742388963699341,0.04473257726317034,0.04715527589462008,0.05177371493214393,0.23069424172383224,0.396
2.7525742053985596,0.03643156381188002,0.5123002245347164,0.03620169805532339,0.19046604380495713,0.396
2.7627406120300293,0.04154339808953522,0.12293815794211266,0.09925623122201797,0.10356046049846818,0.396
2.7729105949401855,-0.06097537036417041,0.31713050248199576,0.015920605189736703,0.05299293768464668,0.397
2.783088207244873,-0.026869068601553185,0.25604054371339074,0.06084701133674285,0.0966927662476631,0.397
2.7932653427124023,0.016751526574745594,0.20813210724816752,0.04236461881225728,0.06097621614207206,0.397
2.803572177886963,-0.040453831010951305,0.1818167667257604,0.025000448185044558,0.040267369748051805,0.397
2.8137385845184326,-0.0467616486229577,0.015405415486632264,0.05262886429885118,0.10600001018415228,0.397
2.823913812637329,-0.0003239549596399665,-0.02667156811521702,-0.05858848931959791,0.08076905453579547,0.397
2.834085464477539,-0.20165772954004701,-0.02667156811521702,-0.05858848931959791,0.08076905453579547,0.401
2.844252586364746,-0.16915423565837415,0.21233813279467367,-0.038263680911382304,0.0735331889645375,0.401
2.854440212249756,0.013559000428118992,0.2246840286966486,-0.03804222019902813,0.08976309034644861,0.401
2.864609718322754,-0.1821694739119125,-0.020786245071778855,0.04145610066817047,0.04481985230350408,0.401
2.8747780323028564,0.006681931746782296,-0.0033664042701082772,0.03492704930578773,0.10637193488947945,0.395
2.8849802017211914,0.006681936898615047,0.39809595403307074,0.03471221113823568,0.1085034880918029,0.395
2.8951544761657715,0.04665092779689195,-0.0553478559861866,0.06991848829074174,0.07902144539500236,0.395
2.9053969383239746,-0.013200105333567991,-0.028416977158176544,0.017479445263829302,0.11931846512249367,0.395
2.9155972003936768,0.03990883802126449,-0.003028433783756229,0.05404389020345775,0.14309761698902343,0.395
2.925950050354004,-0.007648309804839067,0.1798623657568692,0.009944344160373639,0.14937592367868818,0.395
2.9361300468444824,-0.035753385647711994,0.0063833086855892085,0.027491172255332125,0.08382532221526676,0.399
2.946298360824585,0.11335203559073437,0.29295019120972793,-0.003026185013910776,0.1249291012007272,0.399
2.9564993381500244,0.27802329356649225,0.5245627060489836,0.08403349316323824,0.113654047568196,0.399
2.9666688442230225,0.005641449097753157,0.05863060886054637,-0.0033070598396568174,0.10975804444555504,0.404
2.9768381118774414,-0.05140865583626159,0.1883057570238714,0.022135952906604472,0.11850214189200109,0.404
2.987011671066284,-0.046518139568519114,0.16321388165771206,0.02419524479470811,0.15829353603472973,0.404
2.997178077697754,-0.21414805456046737,-0.040170645518866344,0.033755309375444534,0.14970306681379242,0.404
3.007444143295288,-0.022689538840781016,-0.022714177867160616,0.010865515788126681,0.11812361804288242,0.404
3.0176079273223877,0.009007456490543634,0.12992356823941217,0.03137959535911923,0.05561773785684879,0.404
3.02777099609375,-0.05211793980268846,0.3829851839532972,0.04520661816638188,0.13270744709923224,0.4
3.0379490852355957,-0.07016432907811326,-0.18340891396732456,0.06069635054754979,0.05586224340011435,0.4
3.0481197834014893,0.24659980596287123,0.18294910658107064,0.0520225930663873,0.09214271279548733,0.4
3.0582845211029053,-0.00047108147533295516,-0.07262449292333795,0.03654934268387092,0.103333331676847,0.4
3.0685791969299316,-0.029459702135272995,-0.09656947649155877,0.03483907299227897,0.13789526799468538,0.406
3.0787417888641357,-0.08883043914479455,-0.09086908490808089,-0.00087326535884618,0.1403186371917345,0.406
3.0889089107513428,-0.10754400968210438,-0.06208399258637195,0.0069775624160426375,0.1585713766863568,0.406
3.099086046218872,-0.04817822516235722,-0.052546457582413754,-0.025689551839385285,0.1616184374044247,0.406
3.1092545986175537,-0.0962317512095173,0.0015398721347242238,-0.005656890679196062,0.17142510725573806,0.406
3.1195363998413086,-0.07047381208212948,-0.03661036698295466,-0.009474001798833747,0.14827124679759973,0.406
3.1297411918640137,-0.15355806503143843,0.12949233529788456,0.019489990670434,0.14663071664263688,0.403
3.139953851699829,-0.04572350535519479,0.007819110062810405,0.01882143984798582,0.1524148174489617,0.403
3.1501476764678955,-0.06215512077585572,0.08307891819796116,0.018203244936786926,0.1424763219612538,0.403
3.160320520401001,0.1739779206953746,0.27628043834354327,0.039675704956932116,0.07986065790323678,0.403
3.17050838470459,-0.16488162399612807,0.02911092894303911,0.07338558395202982,0.09773014549845611,0.4
3.1806790828704834,-0.0018224943227818599,0.004788135314627452,0.011607061054252852,0.04721878312476567,0.4
3.190863847732544,0.001392386258187259,0.3384049062116878,0.060789570849806907,0.10781531009799666,0.4
3.2010324001312256,0.021523396646381383,-0.2742390237550695,0.08971849849672663,0.025408348790394615,0.4
3.211205005645752,0.0644878422108575,0.3686282414487673,0.11359823234243356,0.14842007123669887,0.4
3.221407413482666,0.012572648305460838,-0.2836670903081763,0.15692540995656823,0.13207459882520944,0.4
3.231940507888794,-0.10415107078304663,-0.03447375473245128,0.10845435729069054,0.1446195895952943,0.4
3.242111921310425,-0.06306254582679734,0.13959420270819073,0.0923352441695676,0.10721332399069405,0.4
3.252279281616211,-0.04600473410198298,-0.2325611689347455,0.09868077501370635,0.13059020313758035,0.4
3.2624669075012207,0.0009630346611765557,0.3448453170902877,0.11817727326305635,0.13878951708951925,0.4
3.2726352214813232,-0.021073118542142482,-0.05784102963739273,0.10117750414161045,0.10507427691768721,0.398
3.2828195095062256,0.034418040951139116,-0.046525261546143074,0.03140327106776202,0.14469868530879323,0.398
3.292991876602173,-0.021792341645902977,-0.03402562025522053,0.025030699418359923,0.09565410258933449,0.398
3.30315899848938,0.11175498168338441,-0.044471223967691396,0.06781735468397729,0.211990975726496,0.398
3.3133227825164795,0.007489563123718978,-0.027986908238318425,0.04623416883168169,0.20927369841184199,0.398
3.323509693145752,-0.03260761344874617,-0.023646435912013222,0.08480543947995914,0.19585709805420254,0.398
3.333681583404541,-0.03260761344874617,-0.023646435912013222,0.08480543947995914,0.19585709805420254,0.4
3.34380841255188,-0.09156946666267218,0.5247302901917135,0.036916423660778144,0.20972772110415439,0.4
3.3539748191833496,-0.09156946666267218,0.12025926114281797,0.036916423660778144,0.20972772110415439,0.4
3.364143133163452,-0.023348246865641308,0.9395550740833887,0.15229890724787334,0.13225034160205482,0.4
3.374312400817871,0.020763335128076713,-0.001319386280899784,0.13919752016098075,0.14836996846713837,0.399
3.3845481872558594,0.02076288493203518,0.19875619821693946,0.1435604929056787,0.12815058980769342,0.399
3.39477801322937,0.07575369842221492,0.1665677527015237,0.15044143586590464,0.1884410889130711,0.399
3.4050025939941406,-0.001709902754689071,0.23016279390065042,0.14476363056608563,0.13825595598135643,0.399
3.4151785373687744,-0.08229320929457282,0.27104386123029556,0.13240421036672242,0.10159103801598224,0.399
3.42545485496521,-0.0850078545722097,0.07694650174056537,0.15335994236770667,0.08912149912710743,0.398
3.435642957687378,-0.06130584247497937,0.014705517468469913,0.05937068502722378,0.1708074939525458,0.398
3.4458107948303223,0.05637441029379712,-0.04296517095054328,0.12192600119377062,0.10643794125475399,0.398
3.455981731414795,-0.09299547350048468,-0.08081174916542357,0.09565042265504946,0.07478905733132626,0.398
3.4661498069763184,-0.08486912924055064,0.23270550749148886,0.11124614498662387,0.17666861695284491,0.397
3.4763331413269043,-0.0006634895665953829,0.04417379390775222,0.1358967266344917,0.16011712859151522,0.397
3.486536979675293,-0.011200575365090927,0.016261400520954275,0.06514641852976685,0.16507685008739592,0.397
3.4967005252838135,-0.05886928845190589,0.2475528852851691,0.11118595522214508,0.12594126599814737,0.397
3.506864547729492,-0.05107516757424383,0.2571441165332986,0.07483912291415805,0.14815408657639234,0.397
3.5170321464538574,-0.02047070826544953,0.06096612736002795,0.0735218677272787,0.1876679436581532,0.397
3.5271964073181152,0.0464115366368396,0.26869552683837616,0.010983951174905292,0.1311952405400312,0.399
3.5374183654785156,-0.018073955915401587,0.03311169884827869,0.09545210450863294,0.18149270458341082,0.399
3.5476315021514893,-0.060222144514598216,0.7591522721166758,0.07550934565375828,0.11029010199313374,0.399
3.557793617248535,0.0722452526890315,0.19444253038315507,0.03550273599885289,0.14497274605458288,0.399
3.567962408065796,-0.0452218979904263,0.6645447328414646,0.08965118985354169,0.08036714030412279,0.394
3.5781257152557373,-0.1795557260943191,0.04068357172417399,0.06540213076569121,0.12508717053730622,0.394
3.588294744491577,-0.1445791738179244,0.4358428326225913,0.09348477731648935,0.10966147745983319,0.394
3.5985724925994873,-0.30577248532994505,0.011291930879163796,0.054897772195852346,0.12042766661419116,0.394
3.608779191970825,-0.004657249337787084,0.01457202105986145,0.1084528531476815,0.06605016715762879,0.394
3.618943691253662,-0.3318413904529497,0.22887050261132857,0.11950064069943658,0.05907830454408986,0.394
3.629110097885132,-0.043683730248465516,0.00021054364361251535,0.13314995586677064,0.06770474796080425,0.398
3.63930606842041,-0.2882217460642428,0.010539437322612175,0.08966539492100961,0.0282889893543897,0.398
3.649661064147949,0.05189499508252069,0.18721675994549053,0.1379706667829313,0.048191744567263,0.398
3.659869909286499,-0.14285640669671518,-0.0012344338568862417,0.07449050780944658,-0.003528285978341309,0.398
3.670051097869873,0.050582138481603804,-0.00865037431897094,0.1006442846753181,0.025360353222485345,0.398
3.6802220344543457,0.05011644838381681,0.03982124705079013,0.061935808442411706,0.05602579870573976,0.398
3.6904327869415283,0.07369979092198488,0.36134631032851683,-0.01264394406560478,0.09689074544797474,0.398
3.700652599334717,0.007216704770707986,-0.02427138563138048,0.060543322559374516,0.030557971817835157,0.398
3.710820198059082,0.09177248917370978,0.23440851716262265,0.017271012578689973,0.1105537450128645,0.398
3.72098708152771,0.043973713901367034,0.21969184765604127,0.02844470029999118,0.07555841943612317,0.398
3.7311556339263916,0.06260124577471313,-0.051133737056521314,0.034764936769935445,0.10558260383548176,0.396
3.741328716278076,-0.2032768589115511,0.02944138442354059,0.0941428201564528,0.09590904453434965,0.396
3.7515947818756104,-0.17107352791880012,0.29575491276520277,0.052757604117732976,0.03327029882346806,0.396
3.7617719173431396,-0.16725280453524985,0.2993476246742973,0.07686008432006336,0.03451372125382589,0.396
3.771937370300293,-0.3248530503644137,0.45105278137630833,0.054377930435740726,-0.009980308272640322,0.4
3.7821080684661865,-0.2994356727171088,0.038873077780223156,0.08017625586974883,0.021654350288996038,0.4
3.7924461364746094,-0.08306617543561297,0.410811212171206,0.02683568388929488,-0.016702519212799305,0.4
3.802661895751953,0.011849269830975685,-0.006860371937554761,-0.008072686117706146,0.03184509077089922,0.4
3.812859296798706,-0.3194149641884221,0.1532750980162399,-0.012611223505473335,-0.011105390672851793,0.4
3.823024034500122,0.04865222619353342,0.16273294009317196,-0.0062990054577960475,0.01780567057749082,0.4
3.833190441131592,-0.009406542829594848,-0.01152528457519779,-0.08957615898988525,-0.010414898347744096,0.396
3.8433678150177,-0.08961322895515746,-0.033946625633165514,-0.069611092350857,0.05365366946425935,0.396
3.8535523414611816,0.04373791007385947,-0.05667833637419701,-0.07888116780501266,0.08089190844005131,0.396
3.8637523651123047,0.043737386440673154,-0.05667765781736105,-0.0665780518918378,0.09038109703575814,0.396
3.8739242553710938,-0.13344855965192215,0.24222665516353167,-0.0032195531797376553,0.08375111323430312,0.398
3.884087085723877,0.06788079716943632,0.04089776187120981,-0.007925573925787355,0.0963861351571793,0.398
3.894265651702881,0.0050484335565322315,0.29451634767894813,-0.0738197059725899,0.0495054206826648,0.398
3.90458607673645,0.02503042949254419,0.07879014375517943,-0.06882540375607374,0.09110546514579117,0.398
3.9147768020629883,0.07527674080366234,-0.017086474136007737,-0.05547884782513382,0.07968735266551961,0.398
3.9249978065490723,0.01805721504398681,0.1826492010910725,-0.016935175482858708,0.09527738918256401,0.398
3.935201406478882,0.01805721504398681,-0.017715612402513677,-0.016935175482858708,0.09527738918256401,0.403
3.945359230041504,-0.1206293306174226,0.3463105445414796,-0.027487694654064115,0.08167512682379163,0.403
3.955571413040161,-0.04641860537029274,0.5323205046075566,-0.0649140741485196,0.024773292445942608,0.403
3.965733766555786,-0.007242992475107341,0.059114235498773815,-0.06268817891657288,-0.008518232486063926,0.399
3.9759037494659424,-0.08604546830848336,0.2648344104072958,-0.09979662979468848,-0.0412214401450555,0.399
3.9860782623291016,0.0026579564744377104,0.23210804742582924,-0.08025707055547962,-0.040116602188637634,0.399
3.996242046356201,0.024260012571442495,-0.029270513885855498,-0.09078167319239276,-0.04742697461291303,0.399
4.006444215774536,0.04104563727056033,0.008716171687628258,0.0024526309955510833,-0.01604223148407253,0.399
4.016631126403809,-0.17636652343802892,-0.01678802459693468,-0.008503155240924626,0.07105665311158116,0.399
4.026804208755493,-0.14087387658275374,0.2094254897528232,-0.057034662101978065,0.06514319179676574,0.399
4.036981582641602,0.23463719200764854,0.013923579687900778,-0.09019594244807642,0.07304421836527503,0.399
4.047146797180176,-0.13483792912300324,0.2508304900300247,-0.06741080851266924,0.026895845689256265,0.399
4.057312726974487,-0.10318129830896533,0.019868349049162858,-0.03212164581751752,0.0327510160877255,0.399
4.067499876022339,-0.0043256830582505046,0.17953212567555998,-0.07889986549934992,-0.003912913724567799,0.398
4.077674388885498,-0.014774082278631523,-0.03400806570994555,-0.03313200037162223,0.012328875830677655,0.398
4.087848663330078,-0.08283474689183734,-0.058212236363204856,-0.08115273424710572,0.01704700308684004,0.398
4.098017454147339,0.02416651699638548,-0.055351143067342214,-0.022836882955828808,0.041526139618908046,0.398
4.108184337615967,0.14564683997790814,-0.03191713230241224,0.02249514610597675,-0.040924355735694425,0.398
4.118354320526123,-0.22116147068117326,-0.005429276276843394,0.006494299106420687,0.01976324813203678,0.398
4.128569602966309,-0.031623407923836694,-0.007344697445636102,0.01630135671060682,0.04872331309378681,0.4
4.13873553276062,-0.12061010709420376,0.2587338613590789,0.018392949668702342,0.01295327233006386,0.4
4.148919582366943,0.18073791501862832,0.33604510388793846,0.029844551113506604,0.02845500070377456,0.4
4.1591105461120605,-0.047633522456042576,0.376862338765502,-0.035267970139134935,0.004991873862611518,0.4
4.169297456741333,-0.01705900799989589,0.1308914716031605,-0.0277235697660257,0.005005576344801713,0.399
4.179552793502808,0.07832141574760167,0.23062745809391105,-0.0012442826669494013,-0.09381842774850073,0.399
4.189725637435913,0.007848710620501872,0.17336508467491268,0.020245947140788027,-0.03447748560602055,0.399
4.199883937835693,0.07812093833446329,-0.053072815553392834,0.02301571221184879,-0.04677043270083641,0.399
4.210037708282471,0.036006667654802496,-0.23488487311461173,0.02315827192030573,-0.014862726963121312,0.399
4.220206260681152,0.01599668177193154,0.08950342687201235,0.05544181639941317,-0.04410428173590357,0.399
4.230360507965088,-0.09166271276899583,-0.07683074994221788,0.019521626470104518,-0.005383768827236776,0.394
4.2406580448150635,-0.11405412005300247,-0.06684995279792544,0.01456878037047922,-0.01470688050245688,0.394
4.250810384750366,0.10740892792029795,-0.07514323505136482,-0.03200233822589069,-0.06202620517333327,0.394
4.2609617710113525,-0.044564352128091664,-0.2610684492034764,0.014776531596061553,0.06872707970719391,0.394
4.271116256713867,-0.07235949999084539,-0.08945521418253143,0.008763643159673234,0.05742231949718575,0.399
4.28126859664917,0.06217260735265569,-0.05280458191308182,0.020196976806096688,0.07354733429815499,0.399
4.291455507278442,-0.08060486756087068,-0.04182847787276461,0.053389211451277244,0.07364390246665117,0.399
4.3016273975372314,-0.2648265417681231,-0.01181329572993643,0.02012449335496574,-0.02020233414628912,0.399
4.311782121658325,0.21933208233214654,-0.22204720731940975,0.0177293600497145,0.06351905680458328,0.399
4.3219544887542725,0.07343932448145574,-0.07244722395307328,-0.004085433205796449,0.06474366671079504,0.399
4.332115411758423,0.0677301066871615,-0.07835033361754391,0.07417965975079441,0.07384768967383365,0.399
4.342270851135254,-0.06433444314709706,-0.283968528137083,0.07335688514516589,0.12671388092150376,0.399
4.35245418548584,-0.09950913857662443,0.06349209863126348,0.0011951851030703453,0.13696603837681243,0.399
4.362626314163208,0.3825984557527335,0.27726356815570297,0.007352880221259608,0.11788780649708325,0.399
4.372777462005615,0.1354563038164856,0.0395373291969755,0.03634640647417045,0.0704972332265577,0.399
4.3829309940338135,0.33296695722448194,-0.015595817968343927,0.02644438706089807,0.12427477933637146,0.399
4.395528316497803,-0.03712946642245971,0.08462658380108179,-0.009778309201695869,0.05184751078638708,0.399
4.405780792236328,-0.034039605000811296,-0.16563799699458695,0.031039013154510152,0.08048326352914836,0.399
4.415972948074341,0.007461108519216001,-0.285014819011238,0.05594315262186641,0.13818636684052044,0.399
4.426147222518921,0.15940583920136836,-0.24937394534945626,0.062272131681077814,0.1354694268610217,0.399
4.436320781707764,0.05845557952684827,-0.021799411399422354,0.0829153217941894,0.1771876177594994,0.399
4.446572780609131,-0.10803956128124163,-0.06797612266469254,0.061605487036484594,0.1016868796530738,0.399
4.456745624542236,-0.1047292489528346,-0.034455157337499945,0.08336790532972056,0.07671388552272641,0.399
4.466914176940918,0.3524250671284779,-0.2663034773946424,0.04496022614135871,0.1112143688015006,0.396
4.477087736129761,-0.06643373644884788,-0.045148979716266614,0.06156222872080614,0.14224465480785942,0.396
4.48726224899292,-0.02522194007549682,-0.006747286777820653,0.13762305580992004,0.12557688849354617,0.396
4.497442960739136,-0.08569612441139214,-0.03077732922447185,0.06046450528837308,0.070396765873741,0.396
4.507647275924683,0.03441120397105957,-0.02049310531492399,0.03311946575424397,0.07966829378866233,0.396
4.5178093910217285,0.01514626703342753,-0.025059491060662648,0.04990111150880022,0.06209228077297008,0.396
4.527973651885986,-0.014309609749459998,-0.03828253180289681,0.05629383367004827,0.12380384830458921,0.399
4.538137674331665,0.02285440102174409,-0.018907203928488946,0.09858414757557797,0.17123954714948167,0.399
4.548306226730347,-0.035217851932208624,0.03337868706238191,0.09992776636994785,0.10904403985426683,0.399
4.558509588241577,-0.004150869499383797,0.04221095871029331,0.12113259449887742,0.16404696562795376,0.399
4.5686914920806885,-0.11786261292790269,0.07404296165359012,0.07928663631133544,0.12061823386405988,0.397
4.578860282897949,-0.048204436903377446,-0.003909234041891817,0.028748830743408837,0.08762337740554405,0.397
4.5890326499938965,-0.052929514576642835,0.04409560730321226,0.039674123359429214,0.12046427575672142,0.397
4.599213600158691,-0.01661982658026646,-0.020808649174097426,0.002072095803997434,0.08946935886068055,0.397
4.609403133392334,0.0048759952982760785,0.19490397151474936,0.058663654340579546,0.10665884530643424,0.397
4.619619607925415,0.12040517647961936,-0.06681609931281558,0.0898311616589669,0.08911236311509169,0.397
4.629809856414795,0.011555953755071268,-0.06326243657209162,0.10281383092525488,0.082296169272817,0.398
4.639986515045166,0.00907887007956944,-0.015534869863017211,0.11203729300382032,0.16835766563764648,0.398
4.6501665115356445,0.02633271586048578,0.05332415580896336,0.10570493762353185,0.09173855105764667,0.398
4.660362482070923,-0.09005250795758654,0.10084489335904062,0.09728911179170285,0.10564310388622031,0.398
4.670637130737305,-0.0315348421875635,0.04425744636555816,0.13989433666664522,-0.0021111974174861277,0.395
4.680810928344727,-0.009899342424298598,-0.0006564638703990238,0.09950007339072887,-0.011494384191451025,0.395
4.69098687171936,-0.013327242961262458,-0.0038495362135464095,0.1068322049322569,0.11928281175303522,0.395
4.701155185699463,0.052668782487586,0.03392527622254616,0.12515257006962902,0.0479308945881699,0.395
4.71132230758667,0.14856043982167827,-0.009929449008297099,0.18874360839176654,0.0663091982436494,0.395
4.721590995788574,-0.13749989150636982,0.2061128818427749,0.21486661762899645,0.10965924847329686,0.395
4.7317609786987305,-0.028941742258119053,0.27471019799143653,0.14830031930300377,0.017533537946392168,0.401
4.74193811416626,0.005641798198404388,0.32984214660460726,0.14188715748721487,0.0799979733427272,0.401
4.752104997634888,0.1679705213191794,0.10237108367116947,0.21747861624201004,0.07630157738588166,0.401
4.762275218963623,-0.17324119159921378,0.07071341002852931,0.09767641941254339,0.013035019111467962,0.401
4.772479772567749,-0.2722319150899698,0.1264818631824417,0.09065709375288471,0.10610684273311165,0.401
4.782665729522705,0.1109768423715632,0.332019826549198,0.052858019740004404,0.043710981729562316,0.401
4.792839527130127,0.007350698191227121,0.045476215611755307,0.04645364411683865,0.04760309279100612,0.401
4.80300760269165,-0.09006619820568985,0.028480472698213098,0.025391476916857083,0.033909260875811593,0.401
4.813176155090332,0.03571404595174314,-0.05446623613797485,0.06813828860653338,0.03617981777885931,0.401
4.823343276977539,-0.0798013266635245,-0.010595708789797985,0.08749362737989055,-0.014212631460574388,0.401
4.833514213562012,-0.016387246113037865,-0.04537206309778144,0.08703105248368075,-0.03536597281453984,0.402
4.8436853885650635,-0.31516647447622037,-0.22072963663305145,0.1349653129204803,-0.018952405536318634,0.402
4.853868722915649,0.1373692369432304,-0.036281163728983226,0.11384617673553706,0.015232913247083299,0.402
4.86403226852417,0.07770313890553349,0.05698131148611905,0.09641695565067296,0.003869668913777706,0.402
4.874197006225586,-0.3126765843674234,0.037045565346269994,0.08433042014552719,0.0683979929856656,0.398
4.884361982345581,0.09025773904750778,0.03704568290712417,0.06868272741412756,0.06698708177332582,0.398
4.894549608230591,0.03780347840144488,-0.09858808400173671,0.04510133843273148,-0.00020202365852766552,0.398
4.904716491699219,0.0008662471642929515,-0.044872882731724635,0.04931060293999622,-0.0362961707624281,0.398
4.914916038513184,0.0008662471642929515,-0.044872882731724635,0.04931060293999622,-0.0362961707624281,0.398
4.925121307373047,0.04522751849238991,-0.23193014426122605,0.04685310513605952,-0.07256289188277044,0.398
4.935319185256958,0.0802218309993502,-0.014389101821043127,0.06170099546784003,-0.009058831505262675,0.398
4.9456212520599365,0.0870941669113628,0.024583646723014732,0.08802233641702863,0.05811605516244849,0.398
4.955806255340576,0.03160307713191044,-0.05416542887655155,0.07162852280472874,0.00753921666120401,0.398
4.965989112854004,0.0027078867464637975,-0.220734811622022,0.0622279552480693,0.06942563169810179,0.4
4.976156711578369,-0.23655320899330318,-0.059674934909850735,0.01705400475126352,0.03334687546414011,0.4
4.986326217651367,-0.15594728349450554,-0.012399265394482942,-0.005965829359222408,0.07839125838405377,0.4
4.996532440185547,-0.043985882667142547,-0.04016433158907658,-0.023849837540387102,0.05734097722435461,0.4
5.006700277328491,0.1535489492342219,-0.29558909183800003,0.0029917025448961687,0.04386123269541449,0.4
5.016871690750122,-0.050445079030552696,-0.2565628766078438,0.025761785538640128,0.06695313570927891,0.4
5.027039051055908,0.06384101834350692,-0.05442216305204415,-0.029380624851839086,0.03914977351750644,0.398
5.037205934524536,0.01935419827738986,-0.07411322103218695,-0.023070349281205806,0.022187492268479953,0.398
5.047370910644531,0.03783799712864527,-0.04233496706862916,0.014964449723745665,0.11702758172479849,0.398
5.057620048522949,-0.02801501614226571,-0.4866350297955584,-0.06459597723378452,0.086145204360777,0.398
5.0678064823150635,-0.03494560605542925,-0.06311462957866973,0.007737743536941191,0.1288591448669932,0.398
5.077979803085327,5.632604085632993e-05,-0.013117837458438336,0.003148723318318808,0.017519406836262172,0.398
5.088161945343018,-0.1009334193941373,-0.21609781226976418,0.006398964044685138,0.0482539774715722,0.398
5.098333358764648,0.4063022043994878,-0.24110161328482754,0.0600269589323872,0.1031971894278491,0.398
5.1086204051971436,-0.03290884997660213,-0.2633246936095325,0.023335796786168247,0.04496676229911041,0.398
5.118782997131348,0.19290658510737213,-0.09697886609459741,0.031046488721155147,0.12349298377747633,0.398
5.128946781158447,0.01709824542296077,0.1101802223731319,0.03521902466967425,0.05559001146509904,0.397
5.139112234115601,0.1571080697787909,-0.09606716316687264,-0.031942238489774406,0.08073109920497522,0.397
5.149279356002808,0.3812917779512222,-0.0949421540377601,-0.008638295040473448,0.2058616880303502,0.397
5.159594535827637,-0.1330359836212503,-0.2197492146108534,0.054797954687813163,0.17841043113576127,0.397
5.169790029525757,0.3395828380858854,-0.040652822923796614,0.04002087005479609,0.12224304967327948,0.399
5.17998194694519,0.026724500810675098,-0.20829015814887358,0.0788740902934303,0.1585506818916088,0.399
5.190166711807251,-0.11039664632070434,0.04373698339323955,0.04693949779876692,0.14729643871450132,0.399
5.200355291366577,0.07673302032541643,-0.006649927824571716,0.033783120115654625,0.04559700393223111,0.399
5.210543394088745,-0.05242862248604912,-0.024402709810670088,0.014674095682261062,0.15786154808539554,0.399
5.22075080871582,-0.12581493266842492,-0.23159276887966912,0.1014594730856331,0.14700820176189905,0.399
5.230916500091553,0.3876835605081008,-0.013806871396008101,0.11127021473818174,0.14417335103320728,0.399
5.2410829067230225,-0.17612408578568137,-0.011363720567827668,0.18170025643276813,0.18806564539896803,0.399
5.251253366470337,0.14205464107497195,-0.016266232636858783,0.16743647355871535,0.1058930069606596,0.399
5.261428594589233,0.19211366109759342,-0.008905139986134621,0.11601839644053497,0.12255857575669701,0.399
5.271594285964966,-0.052042928858538805,0.01586187321341102,0.15275300139104392,0.18765618839420511,0.4
5.281757593154907,0.0027349060926086933,0.010197390374147193,0.08624934603271919,0.08072771260476402,0.4
5.291930198669434,-0.023237917746678712,-0.013658503113263306,0.07334370576881116,0.13875529167292178,0.4
5.302094459533691,-0.09042815881920661,0.0020005866136203272,0.11938543808881559,0.14375314172560122,0.4
5.312259674072266,0.42461303286645435,0.029007881111983807,0.11676760166019946,0.13616831614737884,0.4
5.322429180145264,-0.1349356891119896,-0.008613054934381074,0.1496565118958122,0.1842205819994631,0.4
5.332596778869629,0.5026579539535576,-0.02635821307570973,0.1667829726261416,0.14356255038358195,0.398
5.342778205871582,0.19356758135401989,0.014659809861262335,0.15193491823731486,0.16638986764857228,0.398
5.35294246673584,0.39356928188011675,0.048378777528238145,0.16911570264545348,0.12484958221058001,0.398
5.363107919692993,0.09492215569226257,0.1037705634862592,0.15471607506383186,0.08500747083578306,0.398
5.37326979637146,0.1488835232533638,0.07249424440742491,0.15905355472350252,0.12746446066854858,0.4
5.383528232574463,-0.015550365656950208,0.0558323507306291,0.19895913277486105,0.1771763012340634,0.4
5.39378023147583,-0.10695665301472049,-0.02970798303013664,0.21099036684113437,0.08908367560551028,0.4
5.404029607772827,-0.06497000392117036,-0.05646816665683775,0.21340736586008163,0.10569614178199714,0.4
5.414230108261108,-0.07344600705845371,-0.030810355027862526,0.15244130680349283,0.06322247359766031,0.4
5.424498081207275,-0.14352346768214114,0.02391210370903507,0.22449044188900957,0.07754354005227389,0.4
5.434940338134766,0.29629503947195907,-0.19032860407617952,0.20397376845795825,0.05761944398496655,0.398
5.44511079788208,0.5027045139254814,0.029512276811858338,0.18633353014980478,0.12153878956669908,0.398
5.455316781997681,-0.031910662140457534,0.20414812672578883,0.18485544571354762,0.16964365364299272,0.398
5.465535640716553,-0.07509338838340618,-0.006127849914807868,0.25139824134338723,0.07526270841571071,0.398
5.475714683532715,0.2869948528272836,0.027678257731273803,0.18089765297368388,0.1177023662693123,0.398
5.485893487930298,0.250876621835143,0.04694338826712378,0.2521400369538866,0.15748383420974812,0.398
5.496063232421875,0.005473456496345006,0.05886461295598829,0.2911657533917903,0.08026921780039056,0.398
5.506227493286133,0.011794118684547578,0.029881437440206857,0.18091152458063145,0.028147270645594816,0.398
5.516392469406128,-0.018972853738375924,0.024596081249864635,0.2583964330398962,0.08971244629704615,0.398
5.526573181152344,0.053801260571985185,0.025633651557935726,0.2118724054675326,0.031056352274807825,0.397
5.536738395690918,0.18066299171614403,0.008336188844688144,0.13852573790221054,0.09910243474925148,0.397
5.546900510787964,0.41765452377623075,-0.009276826087072644,0.24969051854961286,0.16922969674790767,0.397
5.55706524848938,0.13927258240985146,-0.02303105085010494,0.26475059642932136,0.0764633254501611,0.397
5.567228317260742,0.1231907691974167,0.000255104419984766,0.18537081189501606,0.1085724337007039,0.4
5.577393293380737,0.20088373271551363,0.3035692654448982,0.22414408513574197,0.035201592412092336,0.4
5.587824583053589,-0.027982677833051504,0.04015793891320043,0.24249414506773986,-0.03197792887842736,0.4
5.597998857498169,0.025020425823121997,0.02294561279579576,0.24686692365122515,0.04902274598234266,0.4
5.608165502548218,0.43227576557952446,0.22115657536038322,0.31332071514767235,0.06311222962975946,0.4
5.618333578109741,0.05938877277920094,0.035273577875341605,0.2431079261061223,0.1011719303188238,0.4
5.628641128540039,-0.009094323947849254,0.022036090351877525,0.21451400628231015,0.13406096465648693,0.401
5.638807058334351,-0.007259801323950586,0.026554584634229963,0.20087063064992677,0.02935305188645325,0.401
5.648972272872925,0.006756499748520244,0.20183954729448597,0.188298470397309,0.027659136214825922,0.401
5.659139394760132,0.03345109030603277,-0.010308064198464528,0.2031388631204879,0.05246477525812397,0.401
5.6693267822265625,-0.02727644558461482,0.038157962837729785,0.1588696656549938,0.023399939727679273,0.399
5.679566383361816,-0.05327009312901305,0.03326850994628784,0.2062370884516283,0.15798080871644937,0.399
5.689767599105835,0.0002871595699770043,0.026984849743296225,0.20580769765964105,0.10367416123446221,0.399
5.6999831199646,0.05066134770533231,-0.016293530878168982,0.18538123130525883,0.0764035852435594,0.399
5.71014666557312,0.020073797760254208,0.02301726257174578,0.22415507287538816,0.05049430859118056,0.399
5.7203264236450195,-0.00219835465432262,0.24336738392695698,0.22456647383977715,-0.011021558128259156,0.399
5.730559587478638,0.05058679977016477,0.056530168388329374,0.15960531889070534,0.07322704801834722,0.399
5.740856170654297,0.16040407032972484,0.03487866849525631,0.1926162237323368,0.062231772822154065,0.399
5.751103639602661,0.05444372691201011,0.05770836553416503,0.15953066872276236,0.12479101800375529,0.399
5.7613301277160645,0.001234074479490007,0.06193034348325043,0.16605844822903915,0.11667708186294201,0.399
5.771626949310303,0.018805693996141813,0.19287025009401373,0.1782433248739172,0.010992331772454251,0.399
5.7817912101745605,0.09530150920707596,-0.022222507968586665,0.1455808562564631,-0.06228354377436922,0.399
5.791962385177612,0.09514972728791524,-0.04052132806954083,0.17075145682108134,-0.0640587919283349,0.399
5.8021275997161865,0.09016210341126724,-0.013202981237830355,0.18780563405162232,0.012842685751950174,0.399
5.812299013137817,-0.002902621331247686,-0.008868945179672686,0.22158192925543202,0.04613296866548183,0.399
5.822522878646851,0.019342556871338734,0.08441776658306704,0.1429935743075745,0.036649348072800673,0.399
5.832746744155884,-0.02757870935601802,-0.004387858203368678,0.20377659202817588,0.07825461097838929,0.398
5.842916965484619,0.08845803595900431,0.0002711062703231365,0.2309176416816418,0.04744316372955772,0.398
5.853085517883301,-0.014479917434868959,-0.033278056221043496,0.2014209471892009,0.05064044316017663,0.398
5.863249063491821,0.05341200129742695,0.013408378362524372,0.17751449675559672,0.12625458907765338,0.398
5.873413324356079,0.04638185755776382,0.042045284450186446,0.08762796950545454,0.011740753446887162,0.401
5.883737802505493,0.05259339769314487,0.017518510820615382,0.026175320941307114,0.009649206681854122,0.401
5.893958806991577,0.22450649007384896,-0.05098130716108131,0.09366678415472199,0.008412393755646203,0.401
5.9041359424591064,-0.14870627848849444,-0.030011101518112406,0.11956961423564039,0.10860306544216526,0.401
5.91430401802063,0.04293138184923839,-0.005669459632058601,0.1336181430625209,0.05803175059677623,0.401
5.924759387969971,-0.04214518182480406,-0.009241173944946472,0.13318997515129724,0.04167484093042124,0.401
5.934968948364258,0.0353888858567949,-0.006487464413858928,0.18438568649453124,-0.03662238816916967,0.397
5.9451985359191895,0.05140280683391912,0.006467017049746338,0.14493790615649485,0.008592830902357757,0.397
5.955372333526611,0.009040473147582754,0.04137702470268032,0.10038034579782235,0.08161854025056851,0.397
5.965673208236694,0.02434726808360508,0.001858299900256945,0.014415596605115093,0.08762100131946088,0.394
5.9758384227752686,0.1596359615566537,-0.21304874566424425,0.05612486180024909,0.07506249941662169,0.394
5.986002683639526,0.16377197988371112,-0.2561767427305635,0.1548356561911732,0.09029841670306633,0.394
5.996179103851318,0.18787327358145134,-0.23368859407018508,0.1320965808751704,0.04287502529748279,0.394
6.006343364715576,0.018169067556722866,-0.021889002259325854,0.20326152074930856,0.007586891319024618,0.394
6.016639709472656,0.25039020349736546,-0.020300993772240362,0.20680082694734436,-0.033871880984491815,0.394
6.02680230140686,-0.02896191624293883,-0.018485958594729134,0.12483787137228898,-0.05509156312911022,0.4
6.036966800689697,0.14170478768969297,-0.001833523898989051,0.14988376747779708,0.016474033762456188,0.4
6.04713773727417,-0.00798333523440686,-0.1898118856610757,0.09905617690685517,-0.015276927256569948,0.4
6.057305812835693,-0.016020470554945553,-0.02137900532293727,0.07075160383285062,-0.03277883034107175,0.4
6.067537307739258,0.12915754902935195,-0.026042831466710385,0.14340301010046858,-0.01488777067496411,0.401
6.077722549438477,0.06901937161241943,-0.05825974079429517,0.09998297463449138,0.035721178798181485,0.401
6.087902307510376,-0.044056560262932455,-0.0684430944322378,0.06766293754070393,0.09673110795527559,0.401
6.098077297210693,0.034716442903484176,-0.018391214405760015,0.029058921279503137,0.024510397592227024,0.401
6.108249187469482,0.2671931927010031,-0.27771455255942484,0.13131826097068913,0.01131835695732433,0.401
6.118433475494385,0.5538752092326354,-0.053592699801345615,0.1996902381366451,-0.03415315998718617,0.401
6.128625869750977,0.08588227303086514,-0.07632595973706112,0.1824763851812492,0.06949332451019004,0.404
6.138847589492798,0.2633963611860527,-0.2704322953353491,0.16789393154253351,0.07962768169329919,0.404
6.149019002914429,0.15081206529237426,-0.025723110357314463,0.10655692321415963,0.056343318494858075,0.404
6.159188508987427,0.003968825486300386,-0.21858002088081785,0.11064278332744262,0.07842624317839922,0.404
6.169370889663696,-0.09547249590354474,-0.0493243218340209,0.13710333795407284,0.015314935578738045,0.402
6.179615497589111,-0.12942195072228513,0.010834418995274287,0.17673731891560293,0.10517128862417913,0.402
6.189868211746216,0.10744089246208616,-0.19386755407864784,0.2286862393411637,0.005530563684329803,0.402
6.200041770935059,0.10356783634203073,-0.017787505326263508,0.20480415005703467,0.07704224756709345,0.402
6.210206031799316,-0.03500069824778102,-0.291997009508004,0.2271556104517263,0.07693283355780904,0.402
6.22037148475647,0.18799519208654947,-0.016908867637261845,0.20665451321810607,0.10397056797887723,0.402
6.230607271194458,-0.15886145145121014,-0.026537428646955633,0.1456103292482678,0.08060293044797426,0.4
6.240779399871826,0.6459130694930169,-0.0026128568852538895,0.16212302656100103,0.09440194735162363,0.4
6.25094747543335,0.045498940706792695,-0.005047884796861826,0.2729273130725114,0.14633062998866028,0.4
6.261122703552246,0.040949199898785885,-0.03503095764193995,0.24726138139148207,0.06690589958873397,0.4
6.271304130554199,-0.0032619656432270683,-0.029402874502660825,0.1450472232676929,0.16563001441445813,0.403
6.281503200531006,-0.013394467499427945,-0.21576776210302542,0.18580643117329196,0.14284327343214215,0.403
6.291706323623657,0.021191635220324752,0.019080773141716422,0.20559213150282207,0.08237711067640364,0.403
6.301885366439819,-0.001805893118968593,-0.2184240006107825,0.25539524937992847,0.10324448929244515,0.403
6.312051296234131,-0.03899534898562661,-0.06191301616804446,0.25492152206486185,0.019874348084101878,0.403
6.322273254394531,0.5256658264354316,-0.05645808767200184,0.2234060788346801,0.11463741097908957,0.403
6.332439661026001,0.2019328200705434,-0.058121492550413024,0.20049358634540243,0.09164320062048376,0.407
6.342673301696777,0.1494308057339294,-0.008952098612968017,0.13846470909663336,0.18257588717851486,0.407
6.352839469909668,-0.05069265944985085,-0.008952098612968017,0.13846470909663336,0.18257588717851486,0.407
6.363002300262451,0.2284636764939836,-0.0063086340301257,0.1963052316772052,0.07790942768179378,0.407
6.373175859451294,0.38042284301204043,-0.2584398268402798,0.2416376959168579,0.08761440680627923,0.404
6.383344411849976,-0.02219070725313278,-0.05713301977653856,0.2387372049401441,0.09152086439989005,0.404
6.393548488616943,0.10510110054108533,-0.0021105086126009557,0.2576504581128222,0.1487702471165,0.404
6.403729677200317,-0.017912581117714533,0.05366114254346596,0.21402697587097835,0.1638239959283975,0.404
6.413944959640503,0.022726559033117523,-0.2068792080017691,0.20239387475778275,0.16308593631198268,0.404
6.4241509437561035,0.19473353358962076,0.02342989355067864,0.1130191652349693,0.1399271383434214,0.404
6.434327602386475,0.19531179330266193,0.02342989355067864,0.1130191652349693,0.1399271383434214,0.403
6.444578170776367,-0.0306356535433211,-0.0517981454228938,0.20592388355666175,0.07721243310084303,0.403
6.454806804656982,0.09656713771391828,-0.0018302580186789583,0.2530918045938305,0.16344405472601245,0.403
6.4650373458862305,0.06090696699177069,0.053435708090327244,0.28703761974494113,0.04252911474216735,0.403
6.475199937820435,0.36963158867701124,0.016200619208350635,0.2705725003712937,0.11709244487812626,0.403
6.485363721847534,0.36957678815737594,0.016200289312869726,0.25905262649839433,0.11013790361885585,0.403
6.495549201965332,0.15446822527479065,0.04199006471370738,0.14498476094638382,0.16059296083063473,0.403
6.505769491195679,0.1190500636712209,0.013208362804599458,0.13019682796191412,0.17207654445778542,0.403
6.515973806381226,0.02513392507587681,-0.007294965008469711,0.14844815185535332,0.08698981239231696,0.403
6.526139497756958,0.00830826671556109,-0.022909209738628263,0.2177008674129236,0.05912303726959443,0.396
6.536309003829956,-0.10074089158902795,0.011170673880962328,0.21458520440180373,0.02577630557021443,0.396
6.546484470367432,-0.018883472284862538,-0.004586670232707774,0.25813729705780303,0.09286460214071138,0.396
6.556654930114746,0.030723538445975345,0.01507629957163537,0.2760054090834263,0.055163953036425906,0.396
6.56682014465332,-0.0033464345317264907,0.024085941325708803,0.27632137570444276,0.07065936142253451,0.399
6.576981782913208,-0.08891761068422581,0.044137862211262535,0.27333800078767007,0.1216276036380653,0.399
6.587144613265991,0.4253602250756088,0.004248332148895431,0.22064721989959263,0.06692797115218348,0.399
6.5973169803619385,0.026681776942254043,-0.0016608706467084924,0.1955312184243019,0.12404062695891521,0.399
6.6074841022491455,0.02613973478598986,-0.005279780278546248,0.20356261145689988,0.12082730855171245,0.399
6.617649793624878,-0.13168423177777464,0.058828375832149796,0.13508924936907324,0.12276823240692938,0.399
6.627821207046509,0.2588629113059195,0.06587860344721168,0.15291865292699475,0.13815555249615996,0.398
6.637990951538086,-0.0036425372428240286,0.005260005263030225,0.16011341815920746,0.10600191584877502,0.398
6.648170471191406,0.044962297473848785,0.0005339029750653149,0.151104007775867,0.11815404730102617,0.398
6.658336162567139,0.1250227307025542,0.06595585345687456,0.21120032381557777,0.1917887357271961,0.398
6.668551921844482,-0.015298293487230634,0.03570608387345758,0.1427839682528502,0.16377150372669805,0.4
6.678776264190674,0.03920324198772648,0.4720103949566488,0.2025315927472098,0.12837644692912703,0.4
6.688985347747803,0.03360148756172017,-0.22289321484767555,0.2835219621499767,0.05513163005560688,0.4
6.699179410934448,0.29733178999545373,-0.029846587292760414,0.21881843328131578,0.027345633399359148,0.4
6.709349870681763,0.006234670887680239,0.006900988608704781,0.20389103437765013,0.12494372120649103,0.4
6.71956729888916,0.006150737450692923,0.055772925441468654,0.24165107051760865,0.02781962874559951,0.4
6.7297937870025635,0.016312575789612878,-0.023386432629220143,0.2889759998766675,-0.0013521580760843324,0.397
6.740011215209961,-0.01946919039717561,-0.0116371584419814,0.2788366315476536,0.02938876201283112,0.397
6.7501749992370605,-0.01813795054304287,0.053357963866027515,0.238942433489452,0.04460205448843868,0.397
6.7603394985198975,0.45914239999761625,0.2221337026005523,0.2385541111736192,0.04916808209836392,0.397
6.77054500579834,0.015725753616653883,0.0056947444712472095,0.1860914335370475,0.028159972931631232,0.395
6.780778408050537,-0.22039785987126284,-0.000973505908853855,0.19264019865224127,0.07883668461873505,0.395
6.7909510135650635,0.1536616557535964,0.04826070393372116,0.16781113803864192,0.11014083402349953,0.395
6.801114797592163,-0.11436640778259036,-0.007001056976532016,0.14672241703171962,-0.009085783041626452,0.395
6.8112804889678955,0.17179524946215807,0.00905960332768741,0.2184305123018983,0.050153662762772645,0.395
6.821445465087891,0.010347757319155639,-0.0011196281005711366,0.2942298339069891,0.08774460437605894,0.395
6.831625699996948,-0.07334110832196529,0.04640563390602467,0.25942511741218,0.04462012955617913,0.398
6.841793775558472,-0.058139585578130315,0.03084706701058097,0.24132291963118457,0.037121608100617355,0.398
6.851959228515625,-0.0040019303925444075,0.038603168967612796,0.25146863863085755,0.036134395905842755,0.398
6.86212158203125,0.06415706539659126,0.0808118702327677,0.1917136748355997,0.012987980994700016,0.398
6.872286319732666,0.2390687588491501,0.051368991127355434,0.13966060065898195,0.08540100602802579,0.399
6.88245415687561,0.07363676379367619,0.0456624333341027,0.14678281727696713,0.05062838031538893,0.399
6.892751216888428,-0.2212393271075135,-0.002265045567656185,0.24614547440830103,-0.003537302058444606,0.399
6.902914524078369,-0.02235115370720402,-0.0022650488768414666,0.24519910367475176,-0.011917242921923324,0.399
6.913076400756836,0.2935315937018433,0.007628009982564895,0.2089058857014606,-0.007489190697897448,0.399
6.923249006271362,0.0170300032234701,0.07435682498679469,0.2329145380619964,0.05081865950249285,0.399
6.933461666107178,0.0170300032234701,0.07435682498679469,0.2329145380619964,0.05081865950249285,0.398
6.94366979598999,0.0701685990731744,0.01481126841338139,0.19559144697079345,8.707978307513631e-05,0.398
6.953842401504517,-0.10950507759817783,-0.037099447268401246,0.16337941783314847,0.05020152238407611,0.398
6.9640161991119385,-0.35347083990630085,0.04152857132810434,0.14841540882127607,-0.003936523209876232,0.398
6.974185466766357,-0.20218486890495235,0.025265060467006703,0.18309346908345675,0.06805952208516731,0.399
6.9843504428863525,-0.0008001334170351262,0.025264877934719505,0.17361314710462217,0.06639084469548395,0.399
6.994565725326538,0.11483355758705094,0.06939968525088426,0.20727870975035614,-0.006427313627953277,0.399
7.00478458404541,-0.23374020777136548,0.00685517969772542,0.24916009127748218,-0.007757458025177022,0.399
7.014946937561035,-0.3375331000145202,0.0651015685352219,0.1894154964970359,-0.01372726589664909,0.399
7.025126218795776,-0.3212574952169336,0.06589259715601585,0.11586138288271726,0.018072607820133563,0.399
7.035292387008667,0.0392638720566149,0.00768957786469258,0.026964096406729587,-0.010508410948357097,0.397
7.045457601547241,0.042709262551593394,-0.006224608030556586,0.0013330584404860173,0.028587612141885974,0.397
7.055758953094482,-0.09860475845940374,-0.011927655620088507,0.13155652980332683,0.037888414116210606,0.397
7.066003799438477,0.14129904984905436,-0.22390752005705233,0.09730423041487804,-0.0995308315753934,0.402
7.076169013977051,-0.061278650789160685,0.03905917569942345,0.18088963807055447,-0.05540840819417027,0.402
7.086332559585571,0.05421050635733651,0.00611341291143837,0.17193771840220665,-0.07095078617584316,0.402
7.096506118774414,0.0991902467145347,0.02241100024426413,0.05881016082176439,-0.029542772374906663,0.402
7.106671094894409,0.05603476872511776,0.00377084979313033,0.11324292528162641,-0.03361157690910786,0.402
7.1168434619903564,-0.0017448800879649054,-0.0001351943497836097,0.04832129935234691,-0.05099934268608474,0.402
7.127011060714722,-0.10574830817742736,0.04625097840877535,0.006250685993409201,0.019638958199507076,0.402
7.137182235717773,0.124437877606586,-0.017895034037689144,-0.05582384063089834,-0.021281432871650352,0.402
7.147350788116455,-0.013754257675530264,-0.048739303980715624,-0.013370974987964534,-0.013876106174820893,0.402
7.157663345336914,0.13882218349357342,-0.0776262767018061,0.031221079220815837,-0.06344309321217967,0.402
7.167828321456909,0.05115528798388441,-0.05217371614249236,0.07004992082788154,-0.03818640135306696,0.401
7.177997589111328,0.09086640822615061,-0.00652442984350993,0.06408056146201374,-0.028889416987513176,0.401
7.188187599182129,0.03824441237280819,0.03567307810753577,-0.02733492251430209,-0.02269003485574029,0.401
7.198396921157837,0.009519179956537446,0.057096188995110826,0.031229590134321153,0.03403127541260555,0.401
7.208626985549927,-0.08262905820506448,-0.3763538757019737,0.007409467677117962,-0.036511093255219645,0.401
7.218797922134399,0.037703525130988944,0.028644882463228463,-0.0216309896804062,0.043119577468606646,0.401
7.228964805603027,0.050624016452342185,0.006435484511933475,-0.021250949555642447,0.03529542918641464,0.402
7.23913049697876,-0.03581387928634027,-0.04189740709054838,0.03868917239197259,-0.009124764495467771,0.402
7.249339580535889,0.01953793616491808,-0.6100222270714536,0.1293580795331336,-0.12316999840220805,0.402
7.259600400924683,-0.10011379112261651,-0.17837783983917602,0.1292332893699773,-0.09425687312709233,0.402
7.2697813510894775,-0.0007319089916613203,0.05222559659991887,0.07634989271897256,-0.10282579844170073,0.401
7.279946804046631,-0.00812591132736037,-0.015619026250691689,-0.018271503598261567,-0.1173155339457949,0.401
7.290117502212524,-0.02241518694939439,-0.023779750592790708,0.0024777335759691294,-0.05848256303706569,0.401
7.300327301025391,-0.018796775263437645,-0.2754541615550964,-0.02289354377640431,-0.03335699024333472,0.401
7.310490131378174,0.2299429655942483,-0.47694660238141745,-0.046769145497536295,0.021124343861930614,0.401
7.320767641067505,-0.15025891712181744,-0.02260160985724833,-0.031636751014118926,0.015492608938792021,0.401
7.330936908721924,-0.02764640171925062,-0.18926562244993259,-0.08369234714528032,0.023636250083250585,0.402
7.3411054611206055,-0.0259846803492986,0.13509762895271674,0.0013449306872852784,-0.012072379786829873,0.402
7.351277589797974,-0.09823341131369535,-0.3533491572734168,0.05469789393267832,-0.07692313950236584,0.402
7.361443519592285,-0.038328019629514286,-0.5623427489313886,0.1431571766135956,-0.06715010423690158,0.402
7.371625661849976,0.17957640315244122,-0.3499577844076013,0.11708254533997647,-0.034826717114358655,0.402
7.38179087638855,-0.06563128912018018,-0.25096321619911155,0.10102863779770291,0.049720884751704816,0.402
7.391974449157715,0.18835925390478336,-0.20990400556351876,0.12082612872627978,0.06969626155766565,0.402
7.402146100997925,-0.00713494328486815,0.08349250616741218,0.052698406232884555,0.03998140436448895,0.402
7.412360668182373,-0.19637175857489544,-0.13630689825439868,0.059526850105987406,0.042801586323063176,0.402
7.422550201416016,-0.1013469713228203,0.06627643091451058,0.0002729289941688223,0.011128135328643873,0.402
7.432720422744751,-0.052507384426658116,0.03354155350789015,-0.02011538883645483,0.07267048781064829,0.399
7.442937612533569,0.246261999498328,-0.1917096766076065,-0.03364138274631204,0.04208438710252343,0.399
7.453142404556274,0.048365429575011304,0.08017806149546107,0.044110038605239266,0.04357665564246927,0.399
7.463316440582275,-0.011759128607607739,0.0578173811199144,0.034241325542859365,0.012909305050243777,0.399
7.4734787940979,0.17365028124307777,-0.1818945499115162,0.06766460241781569,-0.019748784811771516,0.4
7.483694791793823,-0.027865595374523412,0.019621266839917457,0.06987338920254191,-0.032024081972154415,0.4
7.493878602981567,0.5795989867722164,-0.3797301908124402,0.05968360746376749,0.019530099065172876,0.4
7.5040435791015625,-0.03896170612734251,0.02031758324389938,0.08877755875006026,-0.0047800601592644515,0.4
7.514208555221558,-0.03896170612734251,0.02031758324389938,0.08877755875006026,-0.0047800601592644515,0.4
7.524374485015869,0.3680264324203236,-0.21474845852823543,0.13794176358988944,0.011300217220538408,0.4
7.534640550613403,0.40724393244921736,-0.13113256054513317,0.08610426461207485,-0.016299272357056603,0.396
7.544856786727905,-0.12281921242535966,-0.027013318604799857,0.13093567198421754,-0.02480959903869999,0.396
7.555056810379028,-0.08047209338037435,-0.07885618515001767,0.11013510143847745,0.0033688376587481528,0.396
7.565218687057495,0.2362684505362774,-0.47944939126648195,0.04663581040388064,-0.026078681477695653,0.401
7.575380325317383,0.11102008507162082,-0.253833807574101,0.07375049075452442,-0.007087526486145093,0.401
7.585641860961914,0.07028976117273142,-0.21449909870794015,0.06362517918851765,0.0008898899627790349,0.401
7.595871686935425,-0.06330565565564814,-0.17489150229737127,0.06449749096527803,0.03685060901871067,0.401
7.606076955795288,-0.08836541377473744,-0.01898074191504605,0.1449546345987946,0.031529750345530703,0.401
7.616239786148071,0.1387747991162606,-0.18075191211495556,0.10699476533749795,-0.03188916013577544,0.401
7.626410245895386,0.019694912175065866,-0.19095897979479592,0.09344116627343407,0.07849436957126718,0.398
7.636692047119141,-0.13920463701740393,0.00427185414466203,0.0901978151103339,-0.006577120044865964,0.398
7.646855592727661,-0.014366886316213785,0.045369431819369095,0.04352533275305897,-0.019064606876595204,0.398
7.657017707824707,0.23731211277422826,-0.18558960528220264,0.119579995938725,-0.047175821697664974,0.398
7.667184352874756,-0.02917721964750585,-0.17278181793568498,0.08765402430661569,-0.07492842400892175,0.4
7.677364349365234,0.06110443174472826,-0.21191683710932768,0.09631795170011084,0.038098792966826694,0.4
7.687604188919067,-0.030396314994873785,-0.18030360377848603,0.16290232086183712,-0.044739169732327,0.4
7.697794198989868,-0.1286137129798768,-0.15273137980273402,0.16001077264300242,0.039086836736472924,0.4
7.7080090045928955,-0.001376506189911509,-0.21858042790661228,0.2171552961872924,0.0036092334669573373,0.4
7.718181848526001,0.3536394918788536,-0.4157237582656491,0.08939661352682167,0.01851160765393868,0.4
7.7283501625061035,0.1301190843476041,0.001860847888709347,0.11482292677280735,0.05936327574521527,0.401
7.738519191741943,0.4414125642727835,-0.39130831023332024,0.14044822437449792,0.03717146533826063,0.401
7.748711585998535,0.28405428435956825,-0.01830182934877027,0.08631876295547039,0.01254787087403926,0.401
7.758965730667114,-0.10225132355489211,-0.1073553438872059,0.12456583268526633,0.0002889191522914697,0.401
7.769191265106201,0.01643826461587733,-0.23352042599775752,0.15621092594180835,-0.03132029074126016,0.398
7.779365539550781,0.3845430908167809,-0.8258684080901152,0.17984203992957196,0.042447291579179314,0.398
7.789541006088257,-0.08616168566557424,-0.5046566482931847,0.19758123666791064,-0.015824748357439515,0.398
7.799744129180908,-0.043120372820446326,-0.18864151816753394,0.1689501969544544,0.05418254846372372,0.398
7.809928894042969,-0.041431611927152175,0.09999642337239778,0.19952268015273128,0.07435265991840825,0.398
7.8201048374176025,0.17305583398947325,-0.09966551255654935,0.15987026186302764,0.010515274344148798,0.398
7.830274343490601,-0.12934272318916265,-0.060315976393791826,0.20771463790410732,0.03880387070232201,0.396
7.840442419052124,-0.004738257739818738,-0.16142389276094732,0.12766831463434858,-0.03124921404954874,0.396
7.850625276565552,0.4184023285112244,-0.011025328179683352,0.09535720393962595,0.007789285148205344,0.396
7.860835313796997,-0.017752254624515903,-0.13137058951876684,0.06535353223273874,-0.039036103688689136,0.396
7.87099814414978,-0.018532016909546947,-0.18171978042061265,0.06648069779057596,-0.011790755249707185,0.399
7.881166934967041,0.041217118622543826,0.04599145283002694,0.18366478465762337,0.0034978737049413816,0.399
7.891333103179932,0.027599589111979995,0.04048290241058049,0.18764217529609054,-0.06200433398330633,0.399
7.901495456695557,0.23372385443335061,-0.1809752022162051,0.12442296868701527,0.02806043317678507,0.399
7.911677122116089,-0.006123522386899739,-0.16594902381767593,0.22469833802691186,-0.010341806277732672,0.399
7.9218456745147705,0.17723502037654038,0.03616679465433302,0.16459684542449712,0.031634213374180306,0.399
7.932053804397583,0.20205561267791236,-0.1905069173170985,0.18337439381248702,0.06251306661491443,0.398
7.942236661911011,-0.011260971490024915,0.015773435837226433,0.18232613308482076,-0.04479119518696049,0.398
7.952423810958862,-0.2744320418491053,-0.3516877602517187,0.1318071335426403,0.024814659140053374,0.398
7.9626429080963135,0.02942017968603866,0.03169070873471755,0.121775168222827,0.00372563046701474,0.398
7.972856044769287,-0.03170288961310647,-0.08971005507529767,0.19009793317367574,0.00591446830981017,0.402
7.98305869102478,0.16903017484141464,-0.2906492107063613,0.18435059407276017,0.00034218749798488324,0.402
7.9932286739349365,0.01159939915210164,0.055362995159281725,0.224317889302713,-0.02896688577669783,0.402
8.003403186798096,0.012400589068916295,-0.004844719206618574,0.2730949190123828,-0.027887588407937758,0.402
8.013702392578125,-0.03240506058454013,-0.3370331836795997,0.18159304405974072,-0.038029391311942815,0.402
8.023877620697021,0.13763472170374869,-0.028959199146500577,0.21380249120917408,-0.09594177170467341,0.402
8.034046173095703,0.17718827740137313,-0.22176655770296996,0.21726825777044395,-0.15827385895298085,0.4
8.044218301773071,0.08007144536016919,-0.6968234533504857,0.1751588608518484,-0.10424810476399285,0.4
8.054382801055908,0.029236519938389858,-1.8245676262047363,0.07025119511704317,-0.07595776051696426,0.4
8.064599514007568,0.2508983233250158,-1.0116080854356664,0.08740253260269963,0.02432016219549615,0.4
8.074766159057617,-0.24156222008616804,-2.002940991441087,0.07752523563949469,0.0446740755221475,0.399
8.08493423461914,-0.28355593279464036,-1.9896411612458462,0.10080338844803567,0.16847873291202486,0.399
8.095111608505249,-0.06491733412972464,-1.3061079666100752,0.15056399201308668,0.21649847942049333,0.399
8.105277299880981,0.02030676184542459,-1.2722990941465266,0.1796081320123483,0.2582562704392019,0.399
8.115445137023926,-0.005833395411518301,-0.3203551578893853,0.13850983672818937,0.2598685155755449,0.399
8.125958681106567,0.22303913483712118,-1.0766484614358858,0.14111508732464914,0.3900891907544416,0.398
8.136164426803589,0.07917858012409755,-0.670878665359134,0.14238239456939206,0.35194740793847523,0.398
8.146338939666748,-0.22321968247045978,-1.078760285086915,0.09696028341781376,0.4246300069343546,0.398
8.156596660614014,0.05022983878634138,-0.2884189396562467,0.15803270267650837,0.3909916240244473,0.398
8.166761875152588,0.08246110323733762,-0.4948350017015404,0.15158325918034177,0.44196293326086206,0.402
8.176927089691162,0.18651421241806956,-0.8201462826093042,0.1662800309402955,0.501399935129014,0.402
8.187098026275635,-0.0015623027659203267,-0.5816065935796007,0.2476369885613433,0.5911052385365588,0.402
8.197270393371582,-0.221424636291767,-0.49140166566731874,0.1507473426562681,0.5353828434061697,0.402
8.20744776725769,0.06626412575096091,-0.12974223098861173,0.02913188119289999,0.5614181996647652,0.402
8.217702388763428,0.07489138609074016,-0.5202337038287166,0.08659850821831956,0.5049113623497725,0.402
8.227903604507446,0.049174722440651825,-0.07680510385141874,0.10355438717932663,0.5143561122544905,0.4
8.238083600997925,-0.14073609807927753,-0.0887232494211384,0.12634288926055168,0.612639926750826,0.4
8.248251914978027,0.020366718908959216,-0.46443317158357017,0.09734196558071809,0.568701500461037,0.4
8.258418321609497,-0.16071700878500642,-0.013556131654117176,0.10175089606598921,0.64024958964283,0.4
8.26861047744751,0.07884127741117403,-0.16391084789406904,0.09416266899611485,0.5978984735063366,0.397
8.278783082962036,-0.23429109853540556,-0.19770238023181974,0.048967668580421585,0.5157138805559022,0.397
8.28894591331482,-0.015461942539711821,0.041372072750788864,0.07789754141214202,0.5363003499262894,0.397
8.29911208152771,0.09894181521909319,0.019553274760513287,0.12693575102796573,0.6688547356938135,0.397
8.309274911880493,-0.4044279635690275,0.07401426023846996,0.03766968976896797,0.6130959740622267,0.397
8.319452285766602,0.0342094758381059,0.2887973174748886,0.01775079750222392,0.6371491024519955,0.397
8.329730987548828,-0.11732915913314042,0.0979734881280019,0.12766970303496195,0.5801930965920876,0.399
8.339896202087402,-0.13551140532977216,0.4902823963235214,0.12310046829927856,0.4667692849207412,0.399
8.350059509277344,0.009513182760669625,0.07912705121332302,0.0981748239587581,0.5177681488316251,0.399
8.360225200653076,-0.18588049353210245,0.5509979452426921,0.06774112251520892,0.4911064269756716,0.399
8.370393991470337,-0.07413692741464553,0.26911849192972825,0.07367159140724841,0.48918777571485883,0.397
8.380599737167358,0.07665094783010921,0.30238541454399215,0.030002679617247757,0.5617438272900613,0.397
8.390767812728882,0.07993226387222722,0.36307962764956236,0.044068070659344906,0.47720109733578786,0.397
8.400945663452148,0.015619002523106407,0.6230616093222383,0.028053658292488397,0.4190725868011975,0.397
8.4111487865448,0.06292511165136178,0.4017296228040493,0.04942495474630312,0.49759553472131174,0.397
8.421327590942383,0.0009273010441543576,0.3442276178232945,0.0517034573333084,0.46487963666979526,0.397
8.43149709701538,-0.1629705955891898,0.7849576464134078,-0.008038431527739719,0.4453636066057386,0.397
8.441816806793213,0.18639949142296383,0.579842811647585,0.07893856404264872,0.4662721055218634,0.397
8.451982736587524,-0.05058197732332707,0.38482023286436534,0.05374930170313552,0.3509765014682352,0.397
8.462158679962158,0.07718782722898475,0.8173247879348791,0.03914288960754485,0.28279025299670196,0.397
8.472355604171753,-0.1593504204823778,0.17279027425388033,0.12709633893527994,0.3518370596881759,0.396
8.482531309127808,-0.567830961625809,0.636756292494404,-0.012477538243553687,0.3270991999117951,0.396
8.492807388305664,-0.0009215516706495433,0.43764213442338756,0.014377911380095865,0.34949691027937724,0.396
8.502975940704346,-0.0031033242496814766,0.7923347621227625,-0.05296025082304763,0.19859082006979822,0.396
8.513153314590454,-0.055101306787020285,0.9547970602692757,0.03266217869930181,0.23996020259386133,0.396
8.523316383361816,0.03307693411372091,0.35644248977216186,0.08424305115188833,0.22998865178169794,0.396
8.533482074737549,0.03307693411372091,0.35639049267672157,0.08424305115188833,0.22998865178169794,0.395
8.543677806854248,0.042176254781807955,0.3918545875822133,-0.006416857578041127,0.221608370820532,0.395
8.553845405578613,0.09687382497180147,0.6098392170950117,0.00921467078670539,0.15082124054640864,0.395
8.564010858535767,0.10020703904717655,0.5673185964612236,-0.01439952567290037,0.14124958690612663,0.395
8.574175119400024,0.005448543979284168,0.7479822068314577,0.029784951780905483,0.16773714481661764,0.4
8.584342956542969,0.005448358188880387,0.34489723045492376,0.01857126354208713,0.13292224858015178,0.4
8.594516277313232,-0.040613546087048265,0.7222113679008859,0.0050273198707892625,0.2085880937255074,0.4
8.604697942733765,-0.0262255837486023,0.3369509689746062,-0.017135139687234,0.09991733365732196,0.4
8.61486029624939,-0.019314555675260768,0.34234948239322466,-0.07150698968014668,0.07211859549658756,0.4
8.62502408027649,-0.05703406906514042,0.692978477925048,0.00015123403050826267,0.020792821484603548,0.394
8.635189771652222,-0.05343903221560612,0.3260696277709106,0.02060963880614794,0.023059109635420617,0.394
8.645361185073853,-0.014961278425388913,0.10578988555746979,0.04494251643223203,0.11622525965142573,0.394
8.655526161193848,-0.009905341729636696,0.9077149184670518,-0.02404325655846372,0.05357862257659246,0.394
8.665806293487549,-0.10253726201525631,0.7542850333658122,-0.027248855425449033,0.045951533121407886,0.398
8.675968408584595,-0.08703641588594359,0.25891790717176716,0.04509091594892502,0.05103061818837927,0.398
8.686132192611694,0.008815840960314776,0.2648018172411267,-0.004889738351137117,0.009745253439676992,0.398
8.696312427520752,-0.021519369670270655,0.08560035853953929,0.04587859618524895,0.07700484455660007,0.398
8.706475734710693,-0.05713730554087385,0.30053230769549705,0.017765724939773672,-0.023303182389271936,0.398
8.716792821884155,-0.37168852798527047,0.4783373342007148,-0.011331562365444442,-0.04211880842358899,0.398
8.727017402648926,0.47983285479797555,0.4556898730318219,0.08598141649072137,-0.11043577242403538,0.403
8.737242221832275,0.017529839001132544,0.42881585969784275,0.04574466719248746,-0.0560781039115531,0.403
8.747445106506348,-0.06120921109161048,0.08735889990212266,0.07905011606784934,0.04277529309896379,0.403
8.757691621780396,0.020826750406103548,0.6230056315447766,-0.03793048242965471,-0.04290378264560801,0.403
8.767917394638062,-0.07986236086140265,0.06521056982681427,0.07336756180031603,0.021364118601158694,0.397
8.778132915496826,0.09058154144805469,0.6570752628788438,0.12086456528662201,-0.07904071864807721,0.397
8.788299083709717,0.05011583911478533,0.26404039223672876,0.11326506527411409,-0.08534101395184845,0.397
8.798465728759766,0.03016719946713227,0.004413534236948028,0.14136647118850248,-0.06961357485372911,0.397
8.808638572692871,-0.007963893993537245,0.23977353353149367,0.05839822217118635,-0.014074040154449616,0.397
8.818846940994263,-0.09225696012691564,0.27731578051669764,0.10341346825393175,-0.025649002436720143,0.397
8.829049348831177,-0.15080707803908883,0.05901568313472782,0.12212957253805562,-0.10466360734443834,0.402
8.839210510253906,-0.10802964142512221,0.5112848273113956,0.19261603600063393,-0.11860606800981392,0.402
8.849366188049316,0.33839504308047363,0.40986629081641324,0.07766029123554852,-0.13060328865071408,0.402
8.859521627426147,-0.07408536568121928,-0.042523955370349066,0.04087936631338171,-0.09524782295372629,0.402
8.869788885116577,-0.07234515537839406,0.15404216532116707,0.05737939962822977,-0.1383662711730325,0.406
8.879958391189575,-0.01560813266521825,-0.03181694280679521,0.06711691267446548,-0.12132755083268851,0.406
8.890122175216675,-0.08838095038119141,0.1864852469238315,0.18001341148339137,-0.051819822849921586,0.406
8.900289297103882,0.03657807464719806,0.04102703663904589,0.07964559432255336,-0.07590373824224556,0.406
8.910452127456665,0.0378875632145085,0.028456848162529556,0.06437303900741227,-0.0517299079469613,0.406
8.920673370361328,-0.04842692996053003,0.4336135434638544,0.06069710950091487,-0.10445294092964691,0.406
8.930907726287842,0.11651789990201171,-0.047096971147329025,0.12100417159352907,-0.08049269121747729,0.403
8.94109559059143,-0.11700082630695262,0.1741575097348697,0.12745196384144333,-0.10544565515339932,0.403
8.951265811920166,-0.036507910262929225,0.18548356423882273,0.14494742293867358,-0.06751725524779192,0.403
8.961474418640137,-0.07302924872882242,-0.013055758543162694,0.07849184672865304,-0.07055205023304369,0.403
8.971915006637573,-0.05501933342708651,-0.057458259438046826,0.10176973741721258,-0.10734633887536729,0.403
8.982106924057007,-0.047986332052983194,-0.034184928839089836,0.14783979952708962,-0.10580085597716385,0.403
8.99227237701416,-0.027927796157423163,-0.07423634727428333,0.06955213225861535,-0.025670425134086343,0.403
9.002440690994263,0.014680914284501176,-0.0164325990931827,0.12156942311448306,0.0828417685625137,0.403
9.01265549659729,0.002613594081273601,0.009246878466278648,0.12300467447204584,-0.08717034593188865,0.403
9.022846460342407,0.06284919555832132,0.17673937897679737,0.16258228271833583,-0.08805342114342384,0.403
9.033002138137817,0.06284919555832132,-0.02421189582372872,0.16258228271833583,-0.08805342114342384,0.407
9.043156385421753,-0.010692798833797644,0.18286845525101156,0.11826613046293616,-0.026271855384373065,0.407
9.053314208984375,0.048823704251144955,-0.004940145919210544,0.06204179235320853,-0.037990575943868427,0.407
9.063485622406006,0.08030231986529288,0.1941178576385102,0.1587491892537083,-0.09924552603815512,0.407
9.073664665222168,0.05620600117001375,-0.06900845267450872,0.1608887642811061,-0.09253903229271056,0.403
9.083879470825195,0.05620581301524866,0.13147249569277616,0.14655131776579478,-0.09118501623132311,0.403
9.094040393829346,0.02114141126484052,-0.01251105791007641,0.1259195916076979,-0.033670207688461185,0.403
9.104211807250977,0.010228309616236896,-0.040679109138215215,0.09212076026507912,0.015774889438597506,0.403
9.114372253417969,-0.023071270057069927,0.027337372378093413,0.10673549721479401,-0.07495203414357207,0.403
9.124530792236328,-0.05045039807339228,-0.002214828939958294,0.18014920802323642,-0.09192376452090265,0.403
9.134722232818604,0.07031156602472236,-0.051716548440564926,0.1308548730014274,-0.07857414051344333,0.401
9.14488673210144,0.29832581964047816,-0.04402645543332248,0.10532352337288041,-0.03816069659617067,0.401
9.155054330825806,-0.1808159570768354,-0.0117645503125105,0.1908504511838297,-0.07025927370177071,0.401
9.165212869644165,-0.02013356152089889,0.02104983474479125,0.10134047588794898,-0.06450157623130705,0.4
9.175371646881104,-0.016950068426550974,0.034464455995994125,0.15269764892683857,-0.05389717659711283,0.4
9.185531616210938,-0.07138788072139823,-0.000600345126126369,0.14800264658550485,-0.08711810994206948,0.4
9.195714473724365,0.016056418693074413,-0.004110893637087282,0.0943988232664372,-0.039293149902562094,0.4
9.205884456634521,0.013998422113783047,-0.03347041640972811,0.06735575932729503,0.03303938054054372,0.4
9.21605372428894,-0.04099762211720833,-0.2683413507806449,0.01376632758949688,-0.0013946666870053928,0.4
9.2262442111969,0.02206539269405474,-0.03902706814933413,0.09178171219015142,0.016311222384472884,0.401
9.23644495010376,-0.027838073884504568,-0.08163613115899165,0.15958341563358672,-0.0780905314623627,0.401
9.24678349494934,-0.19708941717506123,-0.032081456821673404,0.19879134645583366,-0.09190611424021139,0.401
9.2569580078125,0.1264742865772464,-0.04606709139396139,0.14030094183951905,-0.0385452879825571,0.401
9.267125606536865,-0.15904984864722085,-0.02546309527087007,0.0025569630802245343,-0.04258729076724785,0.402
9.277291297912598,0.23652148336841322,-0.272131877673221,0.05531918052518943,0.02019571511741461,0.402
9.287457466125488,-0.18764624141166694,-0.08456939277128078,0.1436451390066278,-0.022089121938789334,0.402
9.297673225402832,-0.0944123779463366,-0.25353611512319135,0.1372189892904222,-0.03761158408735314,0.402
9.307906150817871,-0.3443510138972322,0.010382028609542947,0.17941575178093588,0.08944471384137041,0.402
9.318071603775024,-0.012806176799760103,-0.12020703213228005,0.14323902078872103,0.06239671861328781,0.402
9.328236818313599,0.1136719205774045,0.12616475294678536,0.08619435768344229,0.0369194550424932,0.403
9.33840560913086,-0.1632906417592251,0.17996076891526197,0.0913435531662519,0.0176576747285758,0.403
9.348572492599487,-0.0007119115522893751,0.6240692720835308,0.12703883478019515,-0.06054622528839644,0.403
9.358801364898682,-0.1797235072858452,0.27966111023460255,0.15623012450458415,-0.1311084296683414,0.403
9.368963718414307,0.05074665564076583,0.05592131968650993,0.11401681318255125,-0.14933059832563841,0.4
9.379128217697144,0.035360402206604157,-0.2335246197483992,-0.004280473800532696,-0.11789354443484024,0.4
9.389303207397461,-0.13011347979705198,-0.006013072827811762,0.06652991177583682,-0.07257137387702702,0.4
9.399518489837646,0.010282803370354752,0.008639406869586664,0.1364531486877623,-0.10005948128913672,0.4
9.409882545471191,-0.25618232839770705,-0.4055285173597483,0.12062757563624427,-0.09793545117709089,0.4
9.420052528381348,-0.30762789231879817,-0.06515810800284012,0.118732019870771,-0.09095554539452799,0.4
9.43022084236145,-0.05584203212850603,-0.01394332911774263,0.07998239913658553,-0.10620544585986226,0.402
9.440401792526245,-0.008720724106352556,0.027525195602999826,0.11711558651260127,-0.010233740899066757,0.402
9.450567722320557,-0.060155409358967384,0.013866153349757177,0.1173918998497992,-0.07661477874273483,0.402
9.46079158782959,0.013394913561185693,-0.18961991649739604,0.058002219391911504,-0.07679704811270639,0.402
9.470952987670898,0.04725523763683318,-0.013316069910706635,0.12464170590807765,-0.061570174350984504,0.404
9.481128931045532,-0.013397944640924853,-0.005905767557593962,0.12882718413691666,-0.10813709127681013,0.404
9.491336584091187,0.046770852848486553,-0.03565823962776988,0.09465576825089085,-0.08916140627777439,0.404
9.501520156860352,0.03890081048753108,-0.2885877032547644,0.11642537908337044,-0.06397870728482588,0.404
9.511746168136597,0.06664174173759844,-0.030476713010213572,0.055444782377494124,-0.10287326487125788,0.404
9.521943807601929,0.1494868591147967,-0.02525343919392101,0.05799996038368728,-0.07925504557418452,0.404
9.532112836837769,0.0075747748073093125,-0.2871567671814687,0.08175299683217552,-0.038333695483395026,0.401
9.542277812957764,0.029659955748744686,-0.0018100223493538513,0.0037341061977830547,0.005928899860263681,0.401
9.552440881729126,0.11214064614982358,-0.4809361984873111,0.07722857354660209,-0.0017718013015895206,0.401
9.56260371208191,-0.024951743260355347,-0.11972330627588029,0.02049720241934104,-0.08136825837784473,0.401
9.572827339172363,-0.09135757011554983,-0.06148013647229975,0.11001429478181025,0.028693528197124188,0.407
9.582991600036621,-0.2928358072149757,-0.4644389784933627,0.12501079293317216,0.04311334340860077,0.407
9.593158483505249,-0.02555999122648139,-0.13487437541645483,0.05912362324859441,0.0143265511376729,0.407
9.603333711624146,-0.08055754048029212,-0.4797826138255055,0.08429154271348793,-0.03952939928163525,0.407
9.613499641418457,-0.19909927673572259,-0.28148775335095416,0.03784173371235608,0.027020074524123285,0.407
9.62372636795044,-0.15434780549271032,-0.2415937097233058,0.07040730263393773,0.01905855247087465,0.407
9.633912086486816,-0.17170906330822966,-0.45983089253322246,0.07888329960278181,-0.012234196996356396,0.405
9.64408564567566,0.18306316313230256,-0.008335351269535357,0.04965403618191179,-0.006649865134261988,0.405
9.65425181388855,0.011064492382515247,-0.09456510908288973,0.11394802419453237,0.038489907120324116,0.405
9.66442060470581,-0.1736459196658295,-0.06393662957110567,0.10056350798302902,-0.0028433662110735405,0.405
9.674586057662964,-0.07686133434128842,-0.5463750715057898,0.035839688560686506,-0.014140737751184903,0.406
9.684812784194946,0.026136813494217242,-0.09468681277456609,0.0946849221027746,0.07261538362067511,0.406
9.694997072219849,0.003099785913705279,-0.44689950858940725,0.17864723618508704,-0.028614923733186682,0.406
9.705164432525635,0.003746206629783396,-0.2564995241362661,0.0387648256086358,0.052018887894077714,0.406
9.715332269668579,-0.18508782982929756,-0.2981437834793089,0.10095700269788176,0.09163575034159312,0.406
9.725503206253052,-0.35418037344471887,-0.29256261496267355,0.07025344797499003,-0.026150575617558715,0.401
9.73576545715332,-0.007967484577785764,-0.06410216299560428,0.04877425730627147,0.06329056714851007,0.401
9.746040105819702,-0.0783299507323519,-0.02520118012351448,0.11180351986973835,0.12807258937410218,0.401
9.75623106956482,0.02355882104723348,-0.018241294767809946,0.06902358325707098,0.0782343578762971,0.401
9.766404867172241,0.04089285264888657,-0.2532365357900623,0.028016594470047756,0.06711665692192251,0.405
