time,meas_r_x,meas_r_y,meas_v_x_dot,meas_v_y_dot,state_z
0.0,0.0,0.0,0.10963325324438264,-0.0657159597677289,0.402
0.01018667221069336,0.0,0.0,0.07855720966882426,-0.0951591621735646,0.402
0.020380258560180664,0.0,-0.7357567535960706,0.08072867103454423,-0.017056347052805912,0.402
0.030553579330444336,0.0,-1.474444808999297,0.11473198805127008,-0.08818042771895183,0.402
0.04072427749633789,0.0,-0.7374125038092783,0.014835942536237982,-0.06867988798032909,0.402
0.05088973045349121,-0.7377929966930131,-1.4755859933860263,-0.07980277084166608,0.0015455667866253742,0.402
0.061116933822631836,0.7333383066020142,11.733412905632226,-0.046059422815444805,-0.018449852957679744,0.402
0.0713205337524414,0.0,0.7350346986938336,-0.0400225103065341,-0.06088940752319548,0.402
0.081512451171875,0.7358772340226443,-0.7358772340226443,-0.07742104771367729,-0.032972565505042496,0.402
0.09168171882629395,-0.7375162356692377,8.112678592361615,-0.2310611509247156,0.019600989252719858,0.402
0.10184645652770996,0.0,-0.7378449125111413,-0.24998384211281718,-0.005380010250598609,0.404
0.11206769943237305,0.0,-3.6688297450491008,-0.3475157227981225,0.018096491528258887,0.404
0.12224578857421875,-0.73687702037948,12.52690934645116,-0.3115096336168093,-0.01675239971982214,0.404
0.1324176788330078,0.73732608288018,0.0,-0.3428326061236973,-0.002707767959233269,0.404
0.14258098602294922,0.0,-3.6897438303462513,-0.3428326061236973,-0.002707767959233269,0.404
0.15274500846862793,0.7378968356360395,-0.7378968356360395,-0.5026924645707526,0.007803611297914806,0.404
0.16290831565856934,-0.7379487660692502,-0.7379487660692502,-0.5146004798611467,0.03762281429923041,0.407
0.1730961799621582,0.0,11.778719898902436,-0.49789950855517306,-0.0037262096507353695,0.407
0.18327760696411133,0.7366354439865118,0.0,-0.5115911673976973,-0.08497102894739858,0.407
0.19343924522399902,0.0,0.0,-0.5533275617612168,-0.022301395779546825,0.411
0.2035996913909912,0.0,0.0,-0.6386375506905251,0.053267512736021747,0.411
0.21376347541809082,0.0,0.0,-0.629178716147772,0.09945675220248829,0.411
0.22392654418945312,0.73796607783799,0.0,-0.6614921177874047,-0.030567010835632603,0.411
0.23416709899902344,0.0,0.7323821940771092,-0.6821924692401905,-0.010300256500732591,0.411
0.24433255195617676,0.0,0.7377929966930131,-0.622365499364155,0.00945749147510385,0.411
0.25449299812316895,-0.7381565609160878,1.4763131218321757,-0.7162193744947943,-0.0028126435609978385,0.412
0.26465272903442383,0.0,2.9528341116560672,-0.7065822466422417,0.03688855351723426,0.412
0.2748117446899414,0.0,-12.550428537901901,-0.6034796322447109,0.0022416939269834027,0.412
0.28497767448425293,0.0,-2.9510335608245972,-0.6277897652265393,-0.04070129637563331,0.412
0.2952876091003418,0.0,0.0,-0.679534637809646,0.047098310947272785,0.41
0.30546069145202637,0.0,0.7372396822048793,-0.6003842195260648,0.06993699330099111,0.41
0.3156712055206299,0.0,-9.548980525848783,-0.6841172863328515,0.029220953531293406,0.41
0.3258950710296631,0.0,-3.667888624597733,-0.7137724358635443,0.0892273390136962,0.41
0.3361470699310303,0.0,0.7315646511627907,-0.6602230459004994,0.033573542098544726,0.41
0.34635496139526367,0.0,2.2041770407567443,-0.6834799651205931,-0.07544460012889116,0.41
0.3565223217010498,0.0,-18.441364755539922,-0.6560376312447848,-0.007623062808431122,0.414
0.3667020797729492,0.0,4.420537274281565,-0.5987885679546976,0.0321129396731535,0.414
0.37691259384155273,0.7345369635268295,-16.159813197590246,-0.6885972766818979,0.060905538947923624,0.414
0.38718438148498535,0.0,2.1904658449968664,-0.5564435957274578,0.12174856997414939,0.414
0.39734458923339844,0.0,-12.548956001407955,-0.5484917481957472,0.041935712137506916,0.417
0.4074978828430176,0.0,1.4773531207439063,-0.5671118178898495,0.006185149418094006,0.417
0.4176506996154785,1.4774225061055795,-11.080668795791846,-0.4968713769907388,0.05381883751260706,0.417
0.42780208587646484,0.0,-14.776307013011413,-0.40584104933947956,-0.026468545598226836,0.417
0.4379551410675049,0.0,3.6934695315251846,-0.4384309741555906,-0.04288321147902788,0.417
0.44822096824645996,0.7305792187282271,-12.41984671837986,-0.3310843577814549,0.03069406692562484,0.417
0.4583704471588135,1.4779083861874558,-10.345358703312192,-0.3679014986782657,0.008279756480166444,0.419
0.4685180187225342,0.7390930877308397,-9.608210140500917,-0.33775163279317244,-0.04166217676492129,0.419
0.4786641597747803,0.0,2.2175918789359903,-0.3140609898014922,0.02679108380968836,0.419
0.4888148307800293,0.7388674104521432,-13.29961338813858,-0.1377059560754424,0.03731135583778094,0.419
0.49897074699401855,0.0,-11.815772941756462,-0.14317870819476516,0.0612871436521981,0.419
0.5092418193817139,0.0,2.9208245125348187,-0.02722066701098022,0.09076647700793333,0.419
0.5194001197814941,0.0,-10.336374774098152,-0.04906840387394444,0.05209644264820969,0.419
0.5295553207397461,0.0,-12.55514297788421,-0.050187279628600104,0.06771582974404852,0.419
0.539705753326416,0.7388847653497439,2.216654296049232,0.04486473027054061,0.05171856831894989,0.419
0.5498573780059814,0.0,-9.604373987176778,0.15871311699893553,0.03476050312971007,0.419
0.5600438117980957,0.0,2.2088201287302516,0.09366693855958831,0.07454331811842985,0.422
0.5704293251037598,0.0,-7.943757575757575,0.19389893469271977,0.1801483671862061,0.422
0.5903480052947998,0.0,-1.129592913998444,0.10946045676338273,0.0936132098909606,0.422
0.600867509841919,0.0,2.138884003444993,0.29297938972654347,0.13705166120165777,0.425
0.6111273765563965,0.0,-8.041040131991727,0.32657436862538475,0.05870656892594944,0.425
0.6249439716339111,0.0,0.5428254905005954,0.42818682081027404,0.08513863085718196,0.425
0.6353027820587158,0.0,0.7240213588657706,0.44661329206709116,0.0796821278439259,0.425
0.6455841064453125,-0.7294780047770331,-5.106346033439232,0.4119450862044317,0.08131151481324742,0.425
0.6558592319488525,0.0,-3.6495904587326264,0.43642423192514057,0.05875939794319248,0.428
0.6661450862884521,0.0,0.0,0.45564398413920415,0.06535519125663526,0.428
0.6763613224029541,0.0,0.7341255542590431,0.49031872968604956,0.12452655041019364,0.428
0.6865766048431396,0.0,-4.405164542781123,0.5344008799589154,0.06869270435571802,0.428
0.6967880725860596,0.0,-4.4068101797805275,0.5156934794577135,0.09635262816287898,0.428
0.7069845199584961,0.0,-0.7355503074800663,0.510432700532762,0.10347819392597024,0.428
0.717181921005249,-0.7354815178508802,0.0,0.4672089054361043,0.034073011912680036,0.428
0.7273688316345215,0.0,0.7362389121632691,0.5321054548629378,0.0862706520122617,0.428
0.7375719547271729,0.0,0.0,0.498005057733803,0.027908821192430138,0.428
0.7477676868438721,-0.7356019081470395,0.0,0.48203816792642074,0.05147024532884302,0.428
0.7579545974731445,0.0,0.0,0.5738678736494764,0.08824169838016321,0.428
0.7681794166564941,0.0,0.0,0.5315409405760412,-0.031960504927198784,0.428
0.7783663272857666,0.0,0.7362389121632691,0.5744547427537168,0.0029804025425958927,0.428
0.7885551452636719,0.0,-1.4722021762021762,0.580461256733973,0.04631816226413987,0.428
0.798771858215332,-1.468182581909829,0.0,0.5097543447940953,0.03479836983670862,0.43
0.8090047836303711,0.0,0.7329282385834109,0.5094158499276406,0.06485872335179724,0.43
0.8193700313568115,0.0,0.0,0.5383061017929749,-0.006870805027324348,0.43
0.829744815826416,0.7229065839365736,0.0,0.520246209394005,-0.020982274263172916,0.43
0.8399362564086914,-0.7359116642492864,0.0,0.520543886372145,-0.0101097222943819,0.43
0.850231409072876,0.0,0.0,0.4273842127915122,-0.04071627965124215,0.43
0.8604037761688232,0.0,0.0,0.3953710285907424,-0.0018380786801230702,0.43
0.8705720901489258,0.0,0.0,0.42971016893071656,-0.0467023591632309,0.43
0.8807346820831299,0.0,0.0,0.4002201590839154,-0.0402117343160252,0.43
0.8908967971801758,0.0,0.0,0.3427343796373806,0.05690913526700442,0.43
0.9011232852935791,0.0,0.0,0.4473022958683139,0.04865977152492307,0.434
0.9113433361053467,0.0,5.8708122987915825,0.4027884087626449,-0.007577448440915957,0.434
0.9215126037597656,0.0,0.7375162356692377,0.35035224949583416,0.03830968037539885,0.434
0.9316813945770264,-0.7375508194415137,0.7375508194415137,0.26142813090353406,0.03737951595778649,0.434
0.9418468475341797,0.0,0.0,0.20300712633316412,-0.04077269735099556,0.434
0.9520199298858643,0.0,0.0,0.238536174294862,0.016333516361597394,0.434
0.9622511863708496,0.0,-0.7330477943746649,0.18919200186405288,0.0644865802038718,0.431
0.9724152088165283,-0.7378968356360395,4.427381013816237,0.17326910084878985,0.03525751653487781,0.431
0.9825789928436279,0.0,2.9516565798733287,0.1868485170083306,-0.05934931856582486,0.431
0.992739200592041,0.0,0.738173882435762,0.13902428712861728,-0.017792580057078483,0.431
1.002922534942627,0.0,0.0,0.14847532374229647,0.054225915833801513,0.432
1.0131282806396484,0.0,0.0,0.05705109625094623,0.05126856939803835,0.432
1.0233497619628906,-0.7337488337376376,-1.467497667475275,0.09893453122972658,0.06572369553383874,0.432
1.0335156917572021,0.0,0.0,-0.01166164205091258,0.0045426673068746995,0.432
1.0436785221099854,0.0,5.165883732932952,-0.07446015914339471,0.03924952121633524,0.432
1.0538485050201416,0.0,0.0,-0.01843518238413093,0.0402118533615216,0.429
1.0640146732330322,0.0,0.0,-0.08764226030920352,-0.07773297547430175,0.429
1.074326992034912,-0.7272855062076619,-0.7272855062076619,-0.05591062256208442,0.04366115962135349,0.429
1.0845355987548828,0.0,3.6733710121911343,-0.0405233361140558,0.01639007885603972,0.429
1.0947189331054688,0.0,0.0,-0.06375012684332342,0.02396104892666763,0.437
1.1048998832702637,0.0,5.156689616411409,0.0036947437725721455,-0.04573339059843644,0.437
1.1151607036590576,0.0,0.0,-0.13582005615259543,-0.012921485535363545,0.437
1.1253740787506104,0.0,0.0,-0.11179430383727158,0.07351533169965414,0.437
1.1355433464050293,0.0,0.7375162356692377,-0.1666609368041293,0.0155910836768012,0.437
1.1457059383392334,-0.7380007038123166,-1.4760014076246333,-0.12909876302028703,0.013237066534436001,0.437
1.155876874923706,-0.7373952180028129,-0.7373952180028129,-0.2216883905161911,-0.061912820344849295,0.433
1.1660408973693848,0.7378968356360395,0.0,-0.21968535846288267,-0.014000713050142864,0.433
1.1763899326324463,0.0,-0.7247052318750432,-0.2354636570741361,-0.08054497519756196,0.433
1.1865901947021484,-0.7352752261412243,5.14692658298857,-0.3103602544361154,-0.10028392516601232,0.433
1.1967511177062988,0.0,0.0,-0.3385637536294174,-0.09701737143936051,0.436
1.2069287300109863,0.0,0.0,-0.346981866759715,-0.11191502790578121,0.436
1.2171516418457031,-1.4672923177387005,0.0,-0.3826967933545283,-0.04730442329076508,0.436
1.227360486984253,0.0,0.0,-0.3252960791656015,-0.07899478102864363,0.436
1.2375261783599854,0.0,0.7377756930437638,-0.3613132177890344,-0.02432153106518562,0.436
1.2476975917816162,0.0,-0.7373606488209647,-0.3517255725809936,-0.023431684718043317,0.436
1.2578613758087158,-0.7379141449683322,1.4758282899366644,-0.2938497696138184,0.039209851357308756,0.442
1.2680280208587646,-0.7377064865625439,-3.68853243281272,-0.31538253312118286,0.09497943142186757,0.442
1.2782237529754639,0.0,0.0,-0.33745576124980076,0.10162615873539811,0.442
1.288391351699829,-0.7376372930638277,-0.7376372930638277,-0.36526513987571174,0.08585152093048345,0.442
1.2985637187957764,0.0,0.0,-0.34898963386892934,0.11266709908715644,0.436
1.3087334632873535,0.0,0.0,-0.37962727651979916,0.049288949494577225,0.436
1.3189258575439453,-0.7358428070175438,0.0,-0.38339228872546743,0.034808983206200406,0.436
1.3291842937469482,0.0,0.7311055848653171,-0.4351601224653342,-0.015311432036424308,0.436
1.3394966125488281,0.0,6.5455695558689575,-0.40289921157735253,0.10369838140101065,0.436
1.3496825695037842,0.0,0.0,-0.3562725456769037,0.07579423863634085,0.436
1.360506296157837,-6.2362993964491835,-7.622143706771222,-0.36329561365657753,0.09534921357692264,0.438
1.3707106113433838,0.0,0.0,-0.39088235410663896,0.08938806720122562,0.438
1.380896806716919,0.0,0.0,-0.3553199537642132,0.00016133511810677292,0.438
1.3910939693450928,0.0,-1.470997428103811,-0.418504269084033,0.03235275374729738,0.438
1.4012761116027832,-0.7365836982227738,-1.4731673964455476,-0.4023870588775702,0.09714218184613867,0.444
1.4114446640014648,0.0,-0.7375681125439625,-0.41403350601560746,0.07107033799621051,0.444
1.4216105937957764,-2.2132751706184477,0.0,-0.3673153644611382,0.022928445161328533,0.444
1.4317758083343506,0.0,0.0,-0.31533782978037656,-0.0741892868502446,0.444
1.441936731338501,-1.4762438406307195,-6.643097282838238,-0.24511360415409977,-0.05851621732402307,0.444
1.4522109031677246,0.0,0.7299858445687234,-0.21672324800554826,-0.06438499952691674,0.444
1.462381362915039,0.7374297904261803,0.0,-0.3839913398399926,-0.03701246152569433,0.445
1.4725310802459717,-2.2168105048037394,-5.172557844542059,-0.3375211395891018,-0.112786347870392,0.445
1.4826807975769043,0.0,-0.7389368349345798,-0.21925809325434154,-0.07613040074238754,0.445
1.4928290843963623,0.0,-1.4780819922471513,-0.18401048062369407,-0.09075162140456602,0.445
1.5029938220977783,0.0,-2.213534737533424,-0.21938620761800434,-0.09180966327036316,0.451
1.5133118629455566,0.0,-1.4537643552002217,-0.2816728582682486,-0.0706070142248882,0.451
1.523467779159546,0.0,0.0,-0.2592886781424432,0.004536434885836646,0.451
1.533618688583374,-0.7388500563697857,-2.2165501691093574,-0.2252645697033793,-0.09103148099436961,0.451
1.5437684059143066,-0.7389368349345798,-0.7389368349345798,-0.15266441342128767,-0.08589044971875448,0.451
1.5539228916168213,-0.7385898429245615,-0.7385898429245615,-0.14438098307052494,-0.07859240323887208,0.451
1.5640861988067627,-0.7379487660692502,-2.951795064277001,-0.18361380293736992,-0.018025958472204638,0.452
1.5743026733398438,0.0,2.202325266621549,-0.19088374921354082,-0.026646479451302135,0.452
1.5844967365264893,0.735722337862806,-6.6215010407652555,-0.22917853915116557,0.005413625386179524,0.452
1.5946617126464844,0.7378276064266448,-1.4756552128532896,-0.20274955642300638,0.011396991354961208,0.449
1.6048345565795898,0.0,-0.7372569607199775,-0.17497270935005899,0.019139594321311466,0.449
1.6149892807006836,0.0,-1.4771450037565739,-0.16904486306776917,0.02037273474714872,0.449
1.6252541542053223,0.7306470943466344,0.0,-0.08078005995306733,0.00116196091913056,0.449
1.6354055404663086,0.0,-5.9105228052045655,-0.013587402818887262,0.045641304461850524,0.449
1.6455557346343994,0.0,-0.7389021210626453,0.0021047572739460035,-0.02257015718190068,0.449
1.6557097434997559,0.0,-2.2158735823804268,0.005860965267059662,-0.005641051026286297,0.454
1.665858268737793,0.0,-2.2170709016586008,-0.015733526113096946,0.01590756038413233,0.454
1.6760048866271973,0.7391625546313266,-1.4783251092626533,0.0337110735712437,-0.009830779440189879,0.454
1.6862759590148926,0.7302061281337047,-0.7302061281337047,0.03455877172911724,0.06270213899430176,0.454
1.6964240074157715,0.0,-3.695291795883845,-0.03994618604024634,0.03643281182833937,0.456
1.7065753936767578,0.0,-0.7388153506505707,0.008846734028224331,0.05649730375367053,0.456
1.7167243957519531,0.7389889118586731,-1.4779778237173462,-0.060435894063605604,0.046278046476942836,0.456
1.7268753051757812,0.7388500563697857,-0.7388500563697857,0.006973755227872521,0.0850675411124966,0.456
1.7370243072509766,0.7389889118586731,-0.7389889118586731,0.02105041554364414,0.11520236153961742,0.456
1.7474265098571777,0.7210011460004584,-0.7210011460004584,0.03353446923392421,0.10222140376737504,0.456
1.7575910091400146,0.0,-0.7378622194075012,-0.05473857178388322,0.1162626632430525,0.454
1.7677416801452637,0.7388674104521432,-2.2166022313564295,-0.030096181590227748,0.13728072642315642,0.454
1.7778937816619873,0.0,0.0,-0.05218750025903112,0.1660426499370118,0.454
1.7880537509918213,0.738191204768386,0.0,0.0016732986063794798,0.19120805102089228,0.454
1.7982177734375,0.0,-1.475793671272079,0.0036283381890076056,0.15864345296461516,0.455
1.8084001541137695,0.0,1.4731329025007023,0.035474122524672955,0.21822781283603687,0.455
1.8185818195343018,0.0,-11.785891113452756,0.06545801916068394,0.060524103593891,0.455
1.82879638671875,0.0,-0.734245501015335,0.027935138704390558,0.15454108058157406,0.455
1.8390061855316162,0.734588422109614,-1.469176844219228,0.019537063133769655,0.10838340341007158,0.455
1.849278450012207,0.7301213879540444,-0.7301213879540444,0.039013548265814935,0.16017972557215754,0.455
1.859435796737671,0.0,-1.4767636081966058,0.005275359940934457,0.11731481121140656,0.457
1.8695900440216064,0.7386071847851609,-1.4772143695703217,-0.00441602714507763,0.17118860039550082,0.457
1.8797411918640137,0.7388327031026141,-0.7388327031026141,-0.031178081380463074,0.13155141567180192,0.457
1.8898959159851074,0.0,-2.215717505634861,-0.004505249494823768,0.10959889259719195,0.457
1.9000487327575684,1.4774225061055795,-1.4774225061055795,0.022523448777369687,0.20238794847726876,0.457
1.9103548526763916,0.7277229509334443,-1.4554459018668886,-0.000989041679374393,0.1643584260201164,0.457
1.9205117225646973,0.7384164690969696,-0.7384164690969696,0.10280487356006565,0.17920800451495938,0.457
1.9306697845458984,0.7383298127024363,-1.4766596254048725,0.02712912626673357,0.18664681058803786,0.457
1.940821886062622,0.7387632981846363,0.0,-0.055715889409066285,0.2693925167111687,0.457
1.9509751796722412,0.7386765603719532,0.0,-0.034972422048549404,0.22715916511068704,0.457
1.9611718654632568,0.0,0.0,0.013617359547859552,0.22982747492712374,0.459
1.9713952541351318,0.0,0.0,0.06814507929716092,0.18929509926301197,0.459
1.9815561771392822,0.0,0.0,0.06401390347538041,0.17593310672083465,0.459
1.99171781539917,0.7380699655099598,0.0,0.06294889172585463,0.2751433603910763,0.459
2.001882553100586,0.0,0.0,0.023022176131836044,0.23969357348219655,0.457
2.0120604038238525,0.0,0.0,-0.0008443085098985212,0.2501536719432137,0.457
2.022252082824707,-0.7358944487332444,0.7358944487332444,0.016011429919009043,0.22380867364928717,0.457
2.0324201583862305,0.0,2.212808103545301,-0.0008578746441116683,0.23370046211581863,0.457
2.0425822734832764,0.7380353330361542,2.952141332144617,-0.015748989118333015,0.24291980226889603,0.457
2.0527431964874268,0.0,0.7381219203153597,-0.03482777918207902,0.19807551786668512,0.457
2.062908172607422,0.0,0.0,0.020564873536938984,0.26979517363874284,0.458
2.073110342025757,1.4702755252272675,0.0,0.023189045410402228,0.26675579255834975,0.458
2.083329200744629,14.678742913137818,4.403622873941345,-0.018399929535472676,0.26090494880230347,0.458
2.093531370162964,0.0,0.0,0.0453373096576732,0.24867162175149413,0.455
2.1037046909332275,0.0,-0.7372224044996485,0.005250136794973742,0.178967530218883,0.455
2.1138761043548584,1.4747212976419295,0.0,-0.009515855088606757,0.19773636639141373,0.455
2.124037742614746,1.4761399310199197,0.0,-0.04230260521189878,0.16408353841234058,0.455
2.134296417236328,0.0,0.7310885934740169,-0.10075973957958757,0.19000289879032314,0.455
2.1444573402404785,1.4762438406307195,0.0,-0.11174136611785933,0.2609242332054954,0.455
2.154615640640259,0.0,0.0,-0.18295059702362032,0.22823733752804212,0.456
2.1647799015045166,0.7378795271157815,0.0,-0.15257157772141558,0.24311501002718028,0.456
2.1749415397644043,0.0,-0.7380699655099598,-0.1623956174225197,0.22400287316447504,0.456
2.1851000785827637,0.0,0.0,-0.11052346022039874,0.26873808681512756,0.456
2.1953377723693848,0.0,-0.7325868653935724,-0.14367396906242186,0.2688071466696625,0.449
2.205501079559326,7.379487660692503,-2.2138462982077507,-0.18898554725791347,0.26410674168394643,0.449
2.2156765460968018,0.7370669415871974,0.0,-0.2586538452974171,0.26391917075826227,0.449
2.225841999053955,0.0,0.0,-0.2555020291779747,0.28617337049262515,0.449
2.2360119819641113,0.7374643660915229,-1.4749287321830458,-0.21071195767061107,0.3610774971417522,0.449
2.2463274002075195,0.7270669810012481,-1.4541339620024962,-0.24815295021217237,0.24301513075413556,0.449
2.256490707397461,0.0,-0.7379487660692502,-0.24842352911695473,0.22567907015117575,0.449
2.2666609287261963,1.4748941557071524,-2.2123412335607284,-0.17423315956658397,0.25906303666309116,0.449
2.276822805404663,0.0,0.0,-0.16724981620643362,0.23036343778428153,0.449
2.2869882583618164,0.0,-1.4755859933860263,-0.27703327621256224,0.31421748657227877,0.449
2.297185182571411,0.0,-0.735515911057074,-0.23572347959683285,0.3128221169203826,0.448
2.307384729385376,0.0,0.7353267882187938,-0.2474427765921118,0.24311238526013343,0.448
2.317549467086792,0.0,-1.4756898250222825,-0.21987760949958612,0.2595044363330542,0.448
2.327723741531372,1.4743066035525143,-2.2114599053287716,-0.23362330374704604,0.3428225587846286,0.448
2.337918519973755,0.0,-2.2070121608980355,-0.332983221237886,0.31434771189186345,0.448
2.3481149673461914,0.0,0.0,-0.32449517504134645,0.33594024881593676,0.448
2.3588662147521973,0.0,-1.3951869428305317,-0.23647113306848103,0.33869770312470526,0.45
2.3690733909606934,0.0,-0.7347771652807624,-0.29064145984407996,0.24341825331099629,0.45
2.3794615268707275,0.0,0.0,-0.24672629524759693,0.28712166708699743,0.45
2.389627695083618,0.0,-2.213223264540338,-0.2851844769225429,0.23096195237003903,0.45
2.3997910022735596,0.0,-4.427692596415501,-0.30898324459003573,0.28399303687325306,0.449
2.409954071044922,0.0,-0.73796607783799,-0.3470543692837421,0.3732055869947871,0.449
2.4204952716827393,0.0,-2.845975618030896,-0.38374973911800425,0.3363321586960192,0.449
2.430755138397217,0.0,-0.7310036483628842,-0.27341029810107786,0.34446522334170426,0.449
2.440917730331421,0.0,0.0,-0.21217123119953546,0.34457079553997044,0.449
2.4510786533355713,-0.7381219203153597,-5.904975362522878,-0.21061525830879968,0.2710331058767669,0.449
2.461423397064209,0.0,-1.4500117541312314,-0.14959925030978902,0.22610069869494454,0.446
2.471587896347046,-0.7378622194075012,-2.9514488776300047,-0.20447457505653138,0.14649099162171922,0.446
2.481748104095459,-0.738173882435762,-2.952695529743048,-0.22892214641794267,0.19321354886393366,0.446
2.4919114112854004,0.0,-2.951795064277001,-0.14677244110830553,0.2607284172969134,0.446
2.502073049545288,0.0,-1.4761399310199197,-0.15351851219561077,0.15899347927943397,0.447
2.5122551918029785,0.0,-1.4731673964455476,-0.025368366986638503,0.2762193567349801,0.447
2.5224368572235107,0.0,0.0,-0.13690400939373076,0.28210871519174896,0.447
2.5326011180877686,0.0,-1.475759054231563,-0.11512255102551552,0.2901211430210807,0.447
2.542764186859131,-1.47593215567598,-2.21389823351397,-0.0991061398834481,0.27682367496351334,0.447
2.5529286861419678,0.0,-0.7378622194075012,-0.1405318420408863,0.25413578162439665,0.447
2.5630946159362793,-1.4755167804122986,-1.4755167804122986,-0.046403180182729244,0.26683267871784033,0.448
2.5734434127807617,0.0,-0.7247219278440769,-0.05431619933137927,0.20394660563101497,0.448
2.583970785140991,0.0,-0.7124284905446722,-0.15753682584917855,0.2230685764296356,0.448
2.5945193767547607,0.0,-2.132986167615948,-0.07204035788436643,0.19459931612799183,0.448
2.6047050952911377,-0.7363250784139319,-0.7363250784139319,-0.05332107309371077,0.17447919930233352,0.448
2.6148757934570312,0.0,-0.7374125038092783,-0.11551433582245615,0.21007206307375664,0.448
2.6250429153442383,0.0,-1.4753437763812025,-0.04573018969038366,0.24493446667155686,0.448
2.6352152824401855,0.0,-2.2118745605400085,-0.014958399101136867,0.14178348564786547,0.448
2.6453793048858643,-0.7378968356360395,-2.951587342544158,-0.12987634585598443,0.12006750911495621,0.448
2.6555206775665283,0.0,-0.7395448561218733,-0.09857060742709152,0.18252211369524785,0.446
2.6656668186187744,0.0,-2.2175918789359903,0.00842176057385725,0.19785923070243824,0.446
2.675809383392334,0.0,-0.739457934698291,0.024709075786401878,0.15977828074197636,0.446
2.68595027923584,0.0,-2.218738891239949,-0.044037004565216434,0.11817804075215842,0.446
2.696091413497925,0.0,-1.4791244857176442,-0.018702412991966778,0.17210164862348987,0.448
2.7062838077545166,0.0,0.0,0.03267873749590047,0.19075717539875678,0.448
2.7164316177368164,0.7390757230458379,-2.9563028921833516,-0.033879292072948215,0.049638594130840694,0.448
2.726573944091797,0.0,-1.478950634696756,-0.053562593380675566,0.08527584037643163,0.448
2.736715316772461,0.0,-0.7395448561218733,-0.030526354961322635,0.12881043727565383,0.448
2.746856927871704,0.0,-2.218582410607236,-0.0048859209276997315,0.03515887257512108,0.448
2.7570085525512695,0.0,-2.216393997040795,-0.0940024613932015,0.07294939841371277,0.448
2.7671916484832764,0.0,-1.473029430357519,-0.10136260797730752,0.09583224730932156,0.448
2.7774527072906494,0.0,-0.7309187229889864,0.00022987997783518663,0.12795325007323516,0.448
2.787618398666382,0.0,-2.2133270791312913,0.008819005620055886,0.1109923872952051,0.448
2.7977828979492188,0.0,-1.4757244388150024,-0.003852858481687208,0.07588106090820015,0.443
2.807950735092163,0.0,-1.4752399934344735,-0.01810955073732317,0.14019523267264533,0.443
2.81813645362854,0.0,-2.9453003136557276,0.026232820980637665,0.17233232412621136,0.443
2.8284058570861816,0.0,-0.7303247974369094,0.023460832156952514,0.10970994676430143,0.443
2.838627815246582,0.0,-0.7337146055884685,-0.029701957187688803,0.05379730512892909,0.443
2.8488454818725586,0.0,-2.9360910957625537,-0.04887947502550945,0.16759758360508586,0.443
2.859046697616577,0.0,0.0,0.08170178101998415,0.15103665559223312,0.443
2.869323253631592,0.0,-2.1894494582743658,0.054887136621106974,0.09171816825505598,0.443
2.879487991333008,0.0,-0.7378449125111413,-0.06114737024228673,0.1311179288666623,0.443
2.8896520137786865,0.0,0.0,-0.018917162775818147,0.1583416304448904,0.443
2.899824380874634,0.7372915201800028,-2.949166080720011,0.05466439259450088,0.12466189296300241,0.442
2.910120964050293,0.0,0.0,0.020111553929136425,0.08298059002106488,0.442
2.9203500747680664,-0.7332015662875256,-2.199604698862577,-0.11859671347992694,0.07990230780385074,0.442
2.930535078048706,0.0,-0.7363767878461575,-0.05624208496316542,0.09658446928064311,0.442
2.940702199935913,0.0,-0.7376718881906013,0.04002471194218472,0.08001421489717576,0.442
2.950868606567383,0.0,-1.475447573931193,-0.048386510646392177,0.07201840222096996,0.442
2.9610342979431152,0.0,-1.4755513860875276,-0.06711612640823009,0.08965294461854494,0.437
2.971235990524292,0.0,-1.4703442473532917,0.06802775259237513,0.07553855276219165,0.437
2.9814186096191406,0.0,-1.4730984101711582,0.0546892818452044,0.07610951009730381,0.437
2.9915812015533447,0.7380007038123166,-0.7380007038123166,-0.07135417816230688,0.11800198000022971,0.437
3.00174617767334,0.7378276064266448,-2.213482819279934,0.017146585154822907,0.11706334130633009,0.435
3.011915922164917,-0.7374816551400774,0.0,0.10553049603813108,0.051379049257504195,0.435
3.022099256515503,0.0,-1.4729949428731972,0.009372406499750952,0.014982819602336522,0.435
3.0323925018310547,0.0,-2.185899520533667,-0.017855736887253885,0.024298793672131815,0.435
3.0425546169281006,0.0,-0.7380353330361542,0.06010571498100202,-0.02181387915215071,0.435
3.0527172088623047,0.0,-1.4760014076246333,0.025976394740655294,-0.014599601490373301,0.435
3.062884569168091,0.0,-0.7376545902215969,-0.04173696658139122,0.12900514212073994,0.436
3.0730538368225098,0.0,-0.7375162356692377,0.038810489966243464,0.08909691234968141,0.436
3.0832672119140625,0.0,-0.7343312012699005,0.027083095064021658,-0.0011587280264956853,0.436
3.0934641361236572,-0.735515911057074,-0.735515911057074,-0.005176343438940587,0.05948128046387677,0.43
3.1036767959594727,0.0,-1.4687652620520601,0.07375184715628354,0.05468541121328617,0.43
3.1138594150543213,0.0,0.0,0.03722807703088177,-0.04793134136490086,0.43
3.124028444290161,0.0,0.0,-0.051105977927806114,0.013244254805701065,0.43
3.134222984313965,0.0,-2.207063776047148,-0.003258703964365065,0.09412504774277765,0.43
3.1444530487060547,0.0,-0.7331332152512352,-0.06254310108643492,0.07333495074879294,0.43
3.154615640640259,0.0,0.0,-0.10372901712530164,0.009829299929192067,0.427
3.1647837162017822,0.0,-2.212808103545301,0.02923018940270159,0.06383368245636467,0.427
3.1749460697174072,0.738018018018018,-1.476036036036036,-0.00015615366404597014,-0.003662387624993227,0.427
3.185110569000244,0.0,-1.4757244388150024,-0.05790253739611981,0.03653562800258523,0.427
3.195420503616333,0.0,-0.727453691927017,0.005685866472646774,0.12344230669410056,0.428
3.2055864334106445,-0.7377583902061493,-0.7377583902061493,0.023636979704675633,0.06358793508045693,0.428
3.215771198272705,0.7363940259375439,-1.4727880518750878,-0.03745200327232737,-0.007755788123635154,0.428
3.225940465927124,-0.7375162356692377,-0.7375162356692377,-0.055137640481194614,0.03432419569931786,0.428
3.2361063957214355,0.0,-0.7377583902061493,-0.04706550742312736,0.00696787002817671,0.428
3.246319532394409,-0.7343483437215491,-0.7343483437215491,-0.0763929654801663,-0.027005613556231562,0.428
3.256502151489258,0.0,-0.7365492050855791,-0.031125539017074624,0.016134841363081125,0.423
3.2666738033294678,0.0,-2.2120300963364037,0.0013875903476329027,0.014540126812946782,0.423
3.2768402099609375,0.0,-3.6886189348279825,-0.07910476768934943,-0.05007175984468484,0.423
3.2869985103607178,0.7383124838641537,0.0,-0.10421049898394794,0.02110261269103342,0.423
3.2971599102020264,0.0,0.0,-0.1358671388744106,-0.0061875431729923325,0.424
3.3073434829711914,0.0,-0.7364802285018612,-0.10951191586601666,-0.015065053267498008,0.424
3.3175113201141357,0.0,-0.7376199967172368,-0.021952299888504008,-0.00015960315268741514,0.424
3.327669858932495,0.0,-2.214885467517837,-0.06596602876484546,-0.09160147599726068,0.424
3.337829351425171,0.0,-0.7382258518727118,-0.12048690463488235,-0.05323340300933181,0.424
3.3480234146118164,0.0,-0.735722337862806,-0.11867313227658581,0.003753755832374574,0.424
3.3582563400268555,0.0,-2.9317129543336438,-0.11476428716067574,-0.010101163828253329,0.431
3.368455648422241,0.0,-1.4706879543701348,-0.1163484320656677,0.03238547550478832,0.431
3.378659963607788,0.0,-1.469966355140187,-0.07317653138643526,0.10387750592506333,0.431
3.388826608657837,0.0,0.0,-0.12828340455895407,0.059487425626281384,0.431
3.3989830017089844,0.0,0.0,-0.07574505151550728,0.0723802951674163,0.429
3.409141778945923,0.0,-2.953111314511019,-0.01153856258954803,0.003764567227186064,0.429
3.4193227291107178,0.0,-0.7366699452016299,-0.01841456160814875,-0.02619414514157012,0.429
3.429478406906128,-0.7385031458352896,0.0,-0.049265558505654485,0.03097081347111951,0.429
3.4396305084228516,0.0,-2.955053192738545,-0.13963531217503844,0.07770121057905591,0.429
3.4497787952423096,0.0,-3.6952049806178784,-0.1403156565399583,0.0593514141475595,0.429
3.4599266052246094,0.7390757230458379,-0.7390757230458379,-0.13993577310261146,-0.025204617581339826,0.425
3.470079183578491,0.0,0.0,-0.0376902975374385,0.016785486751562273,0.425
3.480334997177124,-0.7312925423098382,0.0,0.009289601336964909,-0.028060824040679177,0.425
3.4904839992523193,-0.7389889118586731,-1.4779778237173462,0.032647361239574374,-0.03886292484172356,0.425
3.500640869140625,0.7384164690969696,-2.2152494072909086,-0.014386333974755597,-0.026870478231185678,0.428
3.510795831680298,0.0,0.0,-0.022950196435624917,0.020779896010566314,0.428
3.520960807800293,0.0,-2.951310425706579,-0.10652085442107179,-0.004177905790308154,0.428
3.531114101409912,0.0,-1.4773531207439063,-0.08482507995517312,-0.012863933226392385,0.428
3.5413739681243896,0.0,-2.193010945088653,-0.04194317256214685,-0.0135764119061964,0.428
3.551528215408325,0.0,0.0,-0.0028865602678709197,0.06354070489869938,0.428
3.561687469482422,-0.7382431766445284,-4.42945905986717,-0.01657805731832502,-0.015442564086970773,0.425
3.5718464851379395,-0.7382605022295236,0.0,0.07411846981235448,-0.03236742079627961,0.425
3.58201265335083,1.475482176360225,-5.1641876172607875,0.09797385406456398,-0.07737578568002063,0.425
3.5921926498413086,-1.473477914656424,-2.210216871984636,0.2646293424359348,-0.0540169688947387,0.425
3.6024866104125977,1.4571650917176209,-6.557242912729294,0.1556598941781635,0.036424871422303426,0.425
3.612687349319458,0.0,-5.881926843519925,0.3051600680181156,0.039230811694480186,0.425
3.622898817062378,0.0,-1.4689367265935092,0.3054062495117468,0.005014221072946568,0.425
3.6330671310424805,0.0,0.0,0.4362784394369616,0.05024007825443583,0.425
3.6432945728302,0.0,-2.1999636338205466,0.43772881274806696,0.023738958288435363,0.425
3.6534621715545654,0.0,-5.163461051446794,0.5255006752795593,-0.010429306491792655,0.424
3.6636109352111816,0.0,-0.7390062724645852,0.5855357351370227,0.07542404010908162,0.424
3.673762559890747,-0.7387979990135982,0.0,0.4969934370475844,0.002761917113739032,0.424
3.6839094161987305,0.7391451866820179,-2.9565807467280716,0.4506538073838714,0.08410747956940559,0.424
3.6940670013427734,0.0,0.0,0.5827314467162006,0.06335378555759366,0.429
3.7042720317840576,1.4698633273368689,-4.409589982010607,0.5457473011017554,0.1139634360839361,0.429
3.714442729949951,0.0,-2.949650015237113,0.5619970496474609,0.10681555249486183,0.429
3.724597454071045,0.0,0.0,0.565751439405276,0.0360217537922955,0.429
3.7347497940063477,0.0,0.0,0.6167552798308265,0.05788717387611638,0.429
3.744896173477173,-0.739179923396856,0.0,0.6189286603676045,-0.003937573549996264,0.429
3.755042552947998,0.0,0.0,0.6666469666389289,0.022601580522320808,0.423
3.765197277069092,0.0,-0.7385725018782869,0.6400377115298175,-0.03165971916880371,0.423
3.7754292488098145,0.0,0.0,0.6651889604362248,0.040411243847288884,0.423
3.7856686115264893,0.0,-2.1974023796772766,0.6746922812360469,-0.020248864375413837,0.423
3.795916795730591,0.7318369625907314,-0.7318369625907314,0.6473937311594627,-0.000609446408754064,0.428
3.8061108589172363,0.0,0.0,0.6526772036562273,0.010048050314040484,0.428
3.8164496421813965,0.0,0.0,0.661536926878265,0.0188718449229541,0.428
3.8266634941101074,0.0,0.0,0.6792257640258127,-0.012375703993287078,0.428
3.8368356227874756,0.0,0.0,0.6376776408723285,-0.043541578691180055,0.428
3.84700608253479,0.0,0.0,0.653531920592681,-0.012766129294784417,0.428
3.8575243949890137,0.7130421379513566,0.0,0.5973914156388274,0.024374886887623994,0.428
3.867741107940674,0.0,0.0,0.6048827342266714,0.02949057078308523,0.428
3.877973794937134,0.0,0.0,0.5497385855474956,0.06046472991089719,0.428
3.888176679611206,2.2052586811235217,0.0,0.5337065036923961,0.026337887206357224,0.428
3.8983712196350098,0.0,0.7356879253490493,0.547275418580739,0.00016236147779846504,0.428
3.908536672592163,0.0,0.0,0.5218961310087701,0.009492045596711574,0.428
3.918793201446533,-0.7312415444338548,2.1937246333015645,0.5164185329876289,0.0003864351554600043,0.428
3.9289631843566895,0.0,0.7374643660915229,0.5493758793876435,-0.024323858943948586,0.428
3.9391283988952637,0.7378103011539544,2.2134309034618633,0.5476149314629177,0.008643027514726627,0.428
3.9493408203125,0.0,1.4687995517579493,0.5160670110658118,0.07965908724247481,0.428
3.9595248699188232,0.0,0.0,0.4198378169115421,0.05195965163515913,0.427
3.969693183898926,0.7375854064573613,0.0,0.3980707758810174,0.0477699570945211,0.427
3.979867696762085,0.0,0.0,0.34379091255597444,0.1005353923721241,0.427
3.9900426864624023,0.7371014832345291,1.4742029664690581,0.30477163642865557,0.12555373924366395,0.427
4.0001890659332275,0.0,2.956719693587424,0.3721745185358799,0.004193000439124986,0.426
4.010503053665161,0.0,0.0,0.33185405741625573,0.05685904556132245,0.426
4.0206732749938965,0.7374470778535762,1.4748941557071524,0.34381931140077343,0.02742899856691261,0.426
4.030850887298584,0.0,2.210734632683658,0.32713752202166774,0.007793606932998546,0.426
4.041018724441528,-0.7376199967172368,0.7376199967172368,0.24181359605844277,0.0220576794204157,0.426
4.05118465423584,-0.7377583902061493,2.9510335608245972,0.27212258196908395,0.0005959418188751751,0.426
4.061371088027954,0.0,1.4725467524868343,0.22061001185232637,-0.055473007751914424,0.424
4.071535348892212,0.7378795271157815,0.0,0.22817348702560858,0.05996578011050516,0.424
4.081698894500732,0.7379314551127166,0.7379314551127166,0.28280529939002946,0.08100954198478616,0.424
4.091864824295044,0.0,0.0,0.15829770507773905,0.055092126526458,0.424
4.102031230926514,0.0,2.2131713608967893,0.12036197659283925,0.053921904470640554,0.424
4.1121985912323,0.0,0.0,0.01983698599074301,0.12484528198194106,0.424
4.1226232051849365,0.0,2.8778044094776325,0.17310846942798477,0.07409729135135862,0.424
4.132797956466675,0.0,1.4742375105445684,0.1399889092238094,0.0830123802808456,0.424
4.1429619789123535,0.0,2.2136905069081183,0.11734089881146201,0.021491220462009263,0.424
4.15312385559082,0.0,0.0,0.034881208348794344,0.08750798910457563,0.424
4.163318395614624,0.0,0.7356879253490493,0.0030843923074699697,0.1556889668725372,0.425
4.173501968383789,0.0,0.7364802285018612,-0.09162684965110486,0.1243564407401701,0.425
4.183663606643677,0.0,0.0,0.01574596983287583,0.05358634779610705,0.425
4.193817615509033,0.0,0.0,0.005523395567512829,0.07620365192115576,0.427
4.2039735317230225,0.0,2.2154574265793365,0.014126775979308365,0.01753752126359735,0.427
4.214134931564331,0.0,2.214261848897231,-0.08464068662695091,0.09159141763096089,0.427
4.2244017124176025,0.0,0.73051135571966,-0.09459735990335823,0.1515129728573985,0.427
4.234560012817383,-0.7383124838641537,1.4766249677283074,-0.11237142771660427,0.0448064337973527,0.427
4.244714736938477,0.0,0.7385725018782869,-0.07550134790498034,0.03224711082340831,0.427
4.254864931106567,0.0,0.0,-0.0621533390969526,-0.09724095790132307,0.425
4.265013217926025,-1.4780819922471513,0.7390409961235757,-0.07178162229648251,-0.10113493379147245,0.425
4.275165796279907,0.0,2.216185801845807,-0.14734249103436486,0.02471816853607752,0.425
4.285334587097168,0.0,0.7375508194415137,-0.19083735238425925,0.08409632584464846,0.425
4.295498609542847,0.0,0.7378968356360395,-0.1705990412281872,0.0816059421449764,0.425
4.305642604827881,0.0,0.0,-0.22875448754021097,0.09623238596022166,0.425
4.315793991088867,0.0,0.0,-0.17807181501606803,0.03627859979141102,0.425
4.325950860977173,0.0,0.7384164690969696,-0.15370113796182483,-0.07297960617510589,0.425
4.336107015609741,0.0,0.0,-0.23484280233581437,-0.012086388631026793,0.425
4.346301794052124,-0.7356707202993451,0.0,-0.23588739762937688,0.009668772931341107,0.425
4.356469631195068,-0.7376199967172368,0.7376199967172368,-0.25714791769280637,0.0798095557672914,0.43
4.366660833358765,-0.735928880570827,0.735928880570827,-0.18387923194176123,0.054444296958711794,0.43
4.376877784729004,0.0,0.0,-0.1118469388724716,-0.031003175039739157,0.43
4.387071132659912,-0.7357739626701595,0.0,-0.09757215999232458,-0.06574484428699859,0.43
4.397237300872803,0.0,0.0,-0.17495186490101167,-0.03732448839141315,0.429
4.407464027404785,0.0,0.0,-0.17441422766123982,-0.020671814178885327,0.429
4.417632579803467,0.0,0.0,-0.25893807404517066,0.04568119837094105,0.429
4.427814722061157,1.4731673964455476,-1.4731673964455476,-0.24417926476762108,-0.05104407563018438,0.429
4.437976598739624,2.214157946600347,2.214157946600347,-0.18291183656232657,-0.054786394169106675,0.429
4.448126554489136,2.9556779103636193,-4.433516865545429,-0.14272912588184,-0.10026493723140338,0.429
4.458307504653931,-2.9466797808065195,-2.2100098356048896,-0.08283729609393935,-0.09603088958663247,0.434
4.468474388122559,-0.7376891869708979,3.6884459348544896,-0.1425220813299156,0.024910323725276115,0.434
4.47862434387207,3.694597387954524,-5.172436343136334,-0.1272699562791466,-0.0027668925044984777,0.434
4.488770008087158,-6.653088311322085,-1.4784640691826856,-0.16335882719172218,-0.05948538388124257,0.434
4.49892258644104,4.432371603691614,-5.1711002043068826,-0.1630570051094526,-0.08325069946496133,0.433
4.50907039642334,0.0,0.0,-0.15673898801597236,-0.11300192954182861,0.433
4.519243478775024,0.0,0.0,-0.17579890221217537,-0.1448623775688428,0.433
4.529465913772583,0.0,-1.4673607612650432,-0.17094168994331,-0.05662392131208657,0.433
4.53962254524231,-0.7384338028169014,-0.7384338028169014,-0.16495861159624345,-0.04750156164651735,0.433
4.549769878387451,0.0,-1.4782209064636638,-0.089509931418723,-0.026032961422130338,0.433
4.559917688369751,0.7390757230458379,0.0,-0.05725189634181781,0.01578313747774371,0.439
4.570075511932373,0.7383471423541837,-0.7383471423541837,-0.03520637669521311,0.07072937734193385,0.439
4.580250024795532,2.2114080843585238,-4.4228161687170475,0.004092128298625014,0.06857205422058224,0.439
4.590487480163574,-5.860831412003074,0.0,0.026627565894717032,0.03750848000751756,0.439
4.600637674331665,3.6945106053132264,-2.216706363187936,-0.01124144676609533,-0.023821651864812193,0.442
4.610788822174072,0.0,-0.7388327031026141,0.024395739710618845,-0.02114253292102671,0.442
4.620957612991333,0.7375508194415137,-0.7375508194415137,0.00254381765926605,-0.04546921857028146,0.442
4.63117790222168,0.0,-0.7338344180838406,0.1032156035548562,-0.08727688731381068,0.442
4.641378879547119,0.0,-1.4704473425886972,0.040639051537695356,0.04163947662774006,0.442
4.65152907371521,0.7389021210626453,0.0,0.05978263510415764,0.05094937561865976,0.442
4.661676406860352,1.4782209064636638,-0.7391104532318319,0.07373767094521996,0.03734821900806242,0.441
4.671820878982544,0.0,0.0,0.12507031807036473,0.020646173836582724,0.441
4.681968927383423,0.0,-0.7390583591767691,0.08893233738147904,0.024776100975246206,0.441
4.692111968994141,0.0,0.0,0.09967509839979151,0.05015844848614838,0.441
4.702334880828857,0.7336461588693503,0.7336461588693503,0.14332395618517701,0.06897378875700469,0.438
4.712496995925903,1.4760706660723084,0.0,0.03900922926992524,0.09315270801517445,0.438
4.722644805908203,1.4781514460916758,0.0,0.11684320827695635,0.08070406792089965,0.438
4.732801198959351,-14.030571609662198,-14.030571609662198,0.1506367068263762,0.07270788462896403,0.438
4.742948055267334,0.0,0.0,0.1275904392277537,0.03561013890307214,0.438
4.753091812133789,0.0,0.0,0.06978802247212297,0.1234780610172842,0.439
4.763253927230835,0.0,0.0,0.06509705137397145,0.1339437735762847,0.439
4.773530721664429,0.0,-0.7297995545657016,0.14409649147978187,0.12783381105533173,0.439
4.7836809158325195,0.0,-0.7389021210626453,0.12148380525630449,0.18523486615950419,0.439
4.793846607208252,0.0,-1.4755513860875276,0.17623894920812405,0.12470578610497826,0.442
4.804051876068115,-0.734914493972526,0.0,0.15444221496830676,0.0795401705909401,0.442
4.814291715621948,-0.7324333511839624,-0.7324333511839624,0.23468507720788676,0.004624725860041479,0.442
4.824501276016235,0.0,0.0,0.30260639144801005,0.03929493386566516,0.442
4.834681510925293,3.6836085154219065,2.210165109253144,0.3137635683809755,0.1178223029883355,0.442
4.844837188720703,-5.169522020847028,-1.4770062916705793,0.2655759599251458,0.15538402000837476,0.442
4.854994535446167,14.767636081966058,0.0,0.2752301493494361,0.13929162937770123,0.438
4.865229845046997,0.0,0.0,0.24333036338957115,0.025099321840160747,0.438
4.875455379486084,0.0,0.0,0.2795843972539467,-0.00024090050694150315,0.438
4.885660409927368,0.0,0.0,0.25283864492415514,-0.021492274892375582,0.438
4.8958494663238525,0.7360838637214526,0.0,0.299075939444388,-0.06243044458985941,0.438
4.906005620956421,0.0,0.0,0.24919526118577712,-0.02409531033519397,0.438
4.916166543960571,0.0,0.7381219203153597,0.32056904311872275,0.018603347911828952,0.438
4.926380395889282,0.0,1.468593837535014,0.2833118736322517,0.11054157844737705,0.438
4.9365386962890625,0.0,0.0,0.27158741569052963,0.09402655922287902,0.438
4.946687698364258,0.7389889118586731,0.7389889118586731,0.2715690823062657,0.05931994659532355,0.438
4.956835985183716,0.0,0.0,0.20535007269541836,0.08930306207925054,0.438
4.96699070930481,0.0,0.0,0.2733737250485962,0.04297612462733286,0.438
4.977138042449951,-4.4346627193909915,-3.6955522661591598,0.22207380461102857,0.012476513176511737,0.438
4.987313270568848,-0.7370842120061858,-2.2112526360185574,0.20236926147269324,-0.0037417777079915976,0.438
4.997527360916138,1.4685595574333,0.0,0.19172937445548924,0.08792056458610693,0.434
5.007696866989136,-0.7374989449992967,0.0,0.1226831692037674,0.16333398060638776,0.434
5.017867803573608,0.0,0.7373952180028129,0.17221204863749598,0.15713488925606445,0.434
5.028031349182129,0.0,2.21379436533815,0.1703440169158725,0.16853637685404727,0.434
5.038206100463867,-3.685593776361421,0.0,0.19421995725053948,0.19757436780239507,0.434
5.048532009124756,-4.35796998383745,0.0,0.12255452064251166,0.1797008620555371,0.434
5.0586936473846436,0.0,0.0,0.15071552088062481,0.185224960497187,0.435
5.068854808807373,-0.7381046012341913,0.7381046012341913,0.14310740934332805,0.16489008663343863,0.435
5.079015493392944,0.0,0.0,0.07255979083711173,0.12294613147990348,0.435
5.0891804695129395,-1.4756552128532896,1.4756552128532896,0.09273043394981441,0.11438889978238499,0.435
5.099457502365112,0.0,0.0,0.09131273542191216,0.08594608395049068,0.435
5.109621524810791,-1.475793671272079,0.0,0.12328757830750539,0.06785558326544475,0.435
5.119783639907837,0.0,0.7380353330361542,0.082039067186306,0.004762771274538516,0.435
5.129954814910889,-0.7373779330067274,0.0,0.08565473397344701,0.034664992124857776,0.435
5.14016580581665,0.0,0.7345026618100308,0.09983214721257574,0.04810040541066359,0.435
5.150362491607666,0.0,1.4710662177328844,0.0845798083093672,0.04194119847708499,0.435
5.160569906234741,-3.673800014014435,-1.4695200056057738,0.09418735124727194,0.07470008930504461,0.439
5.170769929885864,-3.6764620634846428,-1.4705848253938572,0.08323595934729608,0.06631101727674328,0.439
5.1809351444244385,-1.4756206023079088,0.7378103011539544,0.09739799851905845,0.06312997531059335,0.439
5.1910951137542725,0.0,1.476382409536772,0.018490152498844326,0.011051942323011951,0.439
5.201276779174805,0.0,0.0,0.028892787120284334,0.03354271805823736,0.439
5.211442947387695,0.0,0.0,0.02181287798427178,0.015851007363182554,0.439
5.221606492996216,-1.4758629102254333,0.7379314551127166,0.007848266747930576,0.024155221088821274,0.439
5.231775760650635,0.0,0.0,0.06793191278867887,-0.04927610938836882,0.439
5.241936206817627,-0.7381565609160878,0.7381565609160878,0.10211087039984232,-0.09156603740445811,0.439
5.252091407775879,-0.7385378222284829,-0.7385378222284829,0.04358615745570554,-0.11964758462412307,0.439
5.262252569198608,0.0,0.0,0.016293316939733002,-0.09745728280761583,0.439
5.272539377212524,-1.45817827840356,-0.72908913920178,0.031077270521677733,-0.1427287800566608,0.439
5.282691240310669,0.7387806481916392,0.0,0.06839847505950898,-0.1683283159808437,0.439
5.2928385734558105,2.2173313596954958,-0.7391104532318319,0.06621145073045293,-0.14726435154561396,0.437
5.302989959716797,-5.9105228052045655,-1.4776307013011414,0.041495255402493866,-0.11402442929897844,0.437
5.313150882720947,-0.7381219203153597,0.0,0.1296744897187452,-0.17403225523596474,0.437
5.323347091674805,0.0,0.7355675068980031,0.1492593550410437,-0.06413170749137503,0.437
5.333842039108276,-0.7146295917671914,0.0,0.12056781658936586,-0.10733770674238707,0.437
5.3440101146698,0.0,0.737602701181767,0.09245797434788577,-0.1553254207587036,0.437
5.354180574417114,0.0,0.0,0.07712537866793523,-0.1618587703513164,0.438
5.364417791366577,-1.4652419768037634,2.1978629652056454,0.11448063052045844,-0.14346616722851943,0.438
5.3746337890625,-0.734142687110551,0.0,0.0937143294713145,-0.08061658615753901,0.438
5.384842157363892,0.0,0.0,0.06549478215493419,-0.1054668272392241,0.438
5.395045280456543,-0.7350690501226779,0.0,0.13782358170072806,-0.1447022915311531,0.437
5.4052417278289795,-1.4711006149601327,-0.7355503074800663,0.09377895339053699,-0.1019368442110796,0.437
5.415428161621094,0.0,0.0,0.07528032369476212,-0.05817324771361444,0.437
5.425595998764038,0.7376199967172368,1.4752399934344735,0.03971506779044513,-0.08810183759560371,0.437
5.435777902603149,-0.7366009460029036,-0.7366009460029036,0.045794427681053775,-0.14887132823238802,0.437
5.445944786071777,0.7376891869708979,-2.2130675609126937,0.0145358431371275,-0.12953434417868187,0.437
5.4561073780059814,-13.284012668621703,-7.380007038123167,0.022668798802523468,-0.18930110487526997,0.435
5.466287136077881,0.0,0.7367562123802609,0.022077189385509052,-0.19783826353121112,0.435
5.476452589035034,0.0,0.7377929966930131,0.04817181721819006,-0.16310900853544089,0.435
5.48665714263916,0.0,0.734966005467162,0.127280857229521,-0.17802453780873237,0.435
5.49681830406189,0.7381046012341913,0.7381046012341913,0.10521736901867468,-0.09185702333916665,0.436
5.50697922706604,-0.7381219203153597,0.0,0.15522749579633918,-0.11192950443669447,0.436
5.51714301109314,0.0,0.7379141449683322,0.10797057340785023,-0.13530110964370318,0.436
5.527362585067749,-0.7338857782754759,0.0,0.12967024551244125,-0.13566945207093445,0.436
5.5375823974609375,0.0,0.0,0.09339418333041662,-0.10348007449124902,0.436
5.547743797302246,-0.7380872829657438,-6.6427855466916945,0.0774884414920334,-0.10262648760366994,0.436
5.557908535003662,-1.4756898250222825,0.0,0.05744827700008276,-0.14900498467632622,0.427
5.568069934844971,0.0,-0.7380872829657438,0.10610618859275736,-0.11826739492068766,0.427
5.578244686126709,1.4742375105445684,1.4742375105445684,0.06488330581107457,-0.2372950018272407,0.427
5.5884716510772705,-1.4667108054551812,0.0,0.10396432219652585,-0.19536759922926428,0.427
5.598658084869385,1.4725467524868343,-0.7362733762434172,0.06856102896202138,-0.18681162428859763,0.432
5.608822822570801,16.232588075245108,-2.213534737533424,0.08138547613845129,-0.2489078612179351,0.432
5.618987321853638,0.0,0.0,0.09530389641276045,-0.19810267225916303,0.432
5.629148721694946,0.0,0.0,0.08458097304076134,-0.14756677240626792,0.432
5.639366388320923,0.0,1.4680455478812768,0.08656228373813928,-0.13385197314464573,0.432
5.6495749950408936,1.4693484048764538,1.4693484048764538,0.062445618480254136,-0.17203815279467888,0.432
5.659748077392578,0.7372396822048793,0.0,0.03508932765638424,-0.21041300045652808,0.432
5.6699137687683105,0.0,0.7377756930437638,0.07990440331161583,-0.17824488416522724,0.432
5.6800758838653564,0.7380353330361542,0.0,0.18616378253704405,-0.12979742909496733,0.432
5.690258264541626,1.4731329025007023,2.9462658050014046,0.16048459631680867,-0.03782962240419642,0.432
5.700597763061523,0.7253736712246639,2.1761210136739915,0.16796809214967534,-0.10233573154642889,0.429
5.710758686065674,0.0,0.7381219203153597,0.15987248232153034,0.04254876266254899,0.429
5.720921754837036,0.73796607783799,1.47593215567598,0.23632467980406396,0.044800069925379576,0.429
5.731083631515503,0.7380526488667823,1.4761052977335647,0.23371202578641398,0.07006758310963314,0.429
5.741252422332764,0.7375508194415137,1.4751016388830274,0.17545633267205232,0.027418205869280614,0.429
5.751432180404663,0.7367562123802609,0.0,0.14382849976819087,-0.038101952656181416,0.429
5.761632204055786,0.0,1.4705848253938572,0.19354768486578022,-0.03741913898483109,0.429
5.77179479598999,0.7380007038123166,0.0,0.14907952044020398,-0.02800344386150902,0.429
5.7819578647613525,0.73796607783799,2.95186431135196,0.11318100011365499,-0.03924200053215549,0.429
5.792127847671509,-0.7374643660915229,1.4749287321830458,0.10327027434336071,0.000769077695710059,0.429
5.802306652069092,0.7368252406717729,0.0,0.10327027434336071,0.000769077695710059,0.427
5.812493801116943,0.0,2.208665043999251,0.06169097705958187,0.07285346404502677,0.427
5.822835206985474,1.4504797694524496,2.1757196541786743,0.0670192420731237,0.03448015318742498,0.427
5.833003997802734,0.0,0.0,0.06888706192337138,0.06222222046892558,0.427
5.84318208694458,1.47375404075896,0.0,0.12786438741958076,0.01771597344729897,0.427
5.853519916534424,0.0,5.078435424354243,0.03558837337427693,0.10915679672222207,0.43
5.863680839538574,0.0,0.7381219203153597,-0.015010188586106553,0.09280736906637296,0.43
5.873842477798462,0.0,1.4761399310199197,-0.0690464044433039,0.09342869753497215,0.43
5.884009838104248,0.0,2.2129637706647904,0.01303726802116878,0.09228820339764547,0.43
5.894205808639526,0.0,0.7355847071203087,-0.06937807183466425,0.13592979785742154,0.432
5.904416799545288,-0.7345026618100308,0.0,-0.039836223470385915,0.060861466982804244,0.432
5.91461443901062,0.0,2.2063929673618254,-0.07286297687867813,0.020239803977521884,0.432
5.924786329269409,0.73732608288018,4.42395649728108,-0.07151087409382062,0.011036988052989027,0.432
5.934956789016724,0.0,0.0,-0.08857853100407538,0.02159107870283116,0.432
5.945127964019775,0.0,0.0,-0.11542800080942903,0.07465041020243963,0.432
5.955392599105835,0.0,4.383984391331614,-0.09813804408401347,0.0647432279723596,0.428
5.965574741363525,0.0,0.7365836982227738,-0.06839332645387099,0.05781995942387608,0.428
5.975739240646362,-1.4757244388150024,0.7378622194075012,-0.0977692888605952,0.06756883363368325,0.428
5.985900402069092,0.0,0.0,-0.13352122100866454,0.06926613070461991,0.428
5.9960668087005615,0.0,2.950895147862386,-0.176983495466545,0.13691343361621283,0.429
6.006239414215088,0.0,2.211822720134999,-0.1330237240039019,0.09437030151972,0.429
6.016578435897827,0.0,0.0,-0.12717365648164947,0.16275525128325707,0.429
6.0267417430877686,-0.7379487660692502,2.2138462982077507,-0.13508354314266185,0.11528351442254042,0.429
6.03690505027771,-0.7379487660692502,1.4758975321385004,-0.16235522319545867,0.1305217306146089,0.429
6.0470805168151855,-0.7370669415871974,0.0,-0.19571571358483097,0.07554950693951774,0.429
6.05724573135376,-0.7378103011539544,1.4756206023079088,-0.20669857051030652,0.07206036604169785,0.428
6.067576169967651,0.0,0.0,-0.21966665706037491,0.09688477677570914,0.428
6.077779769897461,0.0,0.0,-0.205452247525302,0.057461098197560345,0.428
6.087939739227295,0.0,5.167338433378702,-0.19154251436445474,0.024808634952908807,0.428
6.098102331161499,-0.7380007038123166,0.0,-0.1526977161085584,-0.06460591872709436,0.428
6.108265399932861,-1.47593215567598,0.73796607783799,-0.2828741349716858,-0.04056927756703341,0.428
6.118613004684448,-0.7248054192299717,0.7248054192299717,-0.22389286753674892,0.004995164700938682,0.428
6.128775119781494,0.0,2.2141059991084626,-0.21570156388986972,-0.06695699773703655,0.428
6.138937711715698,-0.7380007038123166,0.7380007038123166,-0.16514941168529046,-0.015182655905535122,0.428
6.149107456207275,-0.7374816551400774,0.0,-0.18722277852516755,0.034663021795056904,0.428
6.15932559967041,0.0,0.7339885202295954,-0.21981194948518662,0.058183965252181225,0.43
6.169501066207886,0.0,0.7370669415871974,-0.24371227017728123,0.025454525653324594,0.43
6.179667234420776,-0.7377410881801125,1.475482176360225,-0.23292965360442824,-0.027546750890360433,0.43
6.18983006477356,0.0,0.0,-0.20542787139506646,-0.053916816531995766,0.43
6.199998378753662,0.0,0.0,-0.22928724587927354,-0.023207094778900303,0.43
6.210174560546875,5.159105946300548,-2.211045405557378,-0.2785314878824747,-0.036592651186045544,0.43
6.220394849777222,0.0,-0.7338344180838406,-0.2697231199796682,-0.01027547304822829,0.43
6.230576276779175,-16.20597976770326,7.366354439865118,-0.2339080128784279,0.002373908361184604,0.43
6.2407426834106445,0.0,0.0,-0.262791536164856,-0.04774284995903569,0.43
6.250920057296753,-0.73692880736524,0.0,-0.3040996569532129,-0.05765302092691584,0.43
6.261084794998169,0.0,0.0,-0.2833840443144132,-0.13109274768426823,0.427
6.271249294281006,-0.7378622194075012,1.4757244388150024,-0.23877357236018332,-0.14756526729962224,0.427
6.281599998474121,0.0,0.0,-0.16952097884273407,-0.19173473694820475,0.427
6.29176139831543,0.0,1.4761745659314875,-0.22837903930993392,-0.12254162549488834,0.427
6.301927804946899,0.0,0.0,-0.1454907602388718,-0.07285772208198632,0.427
6.312089204788208,-2.214261848897231,1.4761745659314875,-0.23695735766646864,-0.07499469811039039,0.427
6.322264909744263,0.0,2.211149015932521,-0.1977824718624644,-0.08709100868323742,0.427
6.332449913024902,0.0,2.94550715138463,-0.3453140698998971,-0.06219562973955932,0.427
6.3426573276519775,-0.7347600028028869,1.4695200056057738,-0.29812660071701114,-0.19289456026129279,0.427
6.352823257446289,-0.7377583902061493,1.4755167804122986,-0.43080790349757997,-0.24427116753251168,0.427
6.364123106002808,-1.327451418926047,3.3186285473151176,-0.43393757263763577,-0.22600009894321077,0.426
6.374406814575195,0.0,0.7293088818306169,-0.5744345060686812,-0.13277726565065584,0.426
6.384623289108276,-0.734108422207183,2.202325266621549,-0.5344105111022847,-0.13668583488384792,0.426
6.394835948944092,0.0,0.7343826310260301,-0.6018782480564476,-0.19017924529928062,0.425
6.405087947845459,0.0,0.0,-0.5539543306800705,-0.17240151872713405,0.425
6.415729999542236,0.0,1.4095026436060578,-0.5620499128519074,-0.19242714734151725,0.425
6.425997495651245,0.7304604667363288,-0.7304604667363288,-0.5669491267145143,-0.13004647467061292,0.425
6.436169862747192,0.0,0.0,-0.6103607739276518,-0.1745921699096204,0.425
6.446407794952393,0.0,0.7325698050813907,-0.5850601183883671,-0.170248822107616,0.425
6.45662260055542,0.0,-0.7342283633647652,-0.6366069223535898,-0.22497018752475648,0.422
6.466790676116943,0.0,0.0,-0.6708147184851337,-0.17184845111627284,0.422
6.476954936981201,0.0,-0.7378795271157815,-0.708218942554657,-0.24753986292823738,0.422
6.4871203899383545,0.0,-1.4755859933860263,-0.7227379550638084,-0.18595135787163658,0.422
6.49728536605835,2.213482819279934,-2.213482819279934,-0.6468160246295898,-0.15605385958855725,0.423
6.507528305053711,0.0,0.7322117219868721,-0.6478335986818723,-0.20472764863335496,0.423
6.517691135406494,0.0,-2.2139501712569793,-0.6745346157255561,-0.11380843794511772,0.423
6.527858018875122,0.7376891869708979,0.7376891869708979,-0.5810184274152468,-0.12614152549311752,0.423
6.538024425506592,0.0,0.0,-0.67142661704633,-0.23756754109654674,0.423
6.5481956005096436,0.0,0.0,-0.6567736266602222,-0.1437660094558179,0.423
6.558395147323608,0.0,-2.2059803646563814,-0.6127556641722638,-0.08900350266549946,0.423
6.568596839904785,0.7351721236766459,-3.675860618383229,-0.6780044851915495,-0.13014482727559012,0.423
6.578770399093628,2.9488205104169105,2.211615382812683,-0.6338664835873267,-0.058168645403366775,0.423
6.588945627212524,-0.7370842120061858,-0.7370842120061858,-0.5396750535459658,-0.12374008393459315,0.423
6.599144458770752,2.2061350725857354,-4.412270145171471,-0.6275277644898595,-0.09019725865881961,0.416
6.609309196472168,0.7378449125111413,-2.213534737533424,-0.5496824135616474,-0.07820004834406262,0.416
6.619497776031494,2.2083549398605324,-2.2083549398605324,-0.558210941507317,-0.18271923283118124,0.416
6.62966513633728,0.7376545902215969,-1.4753091804431937,-0.5443746639282209,-0.07969162684630879,0.416
6.63982892036438,0.7379141449683322,-1.4758282899366644,-0.5444108820247503,-0.05810399760543593,0.416
6.650012254714966,0.7364974714365986,-4.418984828619592,-0.5923913399452252,-0.07597023311486659,0.416
6.660223007202148,0.7345198122679618,-2.2035594368038853,-0.47498964859016307,-0.03317719615076247,0.418
6.670450448989868,0.7333212112735156,-4.399927267641093,-0.43052541694531876,0.007838611331291725,0.418
6.680620193481445,0.7374816551400774,-2.212444965420232,-0.5668609219856511,0.05376240675731456,0.418
6.690783739089966,0.0,-2.21379436533815,-0.4477889530101183,0.12674739580779693,0.418
6.700955390930176,2.949373461781872,-2.2120300963364037,-0.34789812482534505,0.10184695213348398,0.409
6.7111217975616455,0.0,-2.2131713608967893,-0.3519928224846716,0.06378416831751126,0.409
6.7212910652160645,1.4750324713384755,-2.950064942676951,-0.3504794299208124,0.06322116176813276,0.409
6.731640100479126,0.0,-2.1741156956251295,-0.28933856146351133,0.15526865788956123,0.409
6.741807460784912,0.7376545902215969,-0.7376545902215969,-0.36293269869309996,0.06320773882400617,0.409
6.751977205276489,0.7374816551400774,-2.9499266205603094,-0.3258374611640822,0.0843364842527147,0.409
6.762141942977905,0.7378449125111413,-1.4756898250222825,-0.23975033194998346,0.1084200827014469,0.413
6.772308826446533,0.0,-2.2130675609126937,-0.20118437522912944,0.12667794266490615,0.413
6.78249192237854,0.7365147151787595,-2.2095441455362788,-0.18644718534755994,0.14788553969334262,0.413
6.792651414871216,0.7382258518727118,-2.2146775556181355,-0.19502107413409758,0.08695775594774513,0.413
6.802818536758423,0.0,-2.950687552762405,-0.2479587667262372,0.04826320159546358,0.407
6.81298565864563,0.7376718881906013,-1.4753437763812025,-0.12291794573655464,0.11921717263708666,0.407
6.8231916427612305,0.7348629896979466,-3.674314948489733,-0.14676435128131823,0.1063081462521378,0.407
6.8334801197052,0.7289708710865989,-1.4579417421731977,-0.15311936051303232,0.15771166124405958,0.407
6.843647480010986,0.0,-3.6882729511079844,-0.1984913392808787,0.22261826445308613,0.407
6.853824615478516,0.0,-2.947784285245748,-0.12676166926519322,0.15038216327595033,0.402
6.8639867305755615,0.0,-1.4760706660723084,-0.17480562793228607,0.07248456205423524,0.402
6.874147415161133,0.0,-4.428835441255837,-0.06148109474193298,0.17165329486382724,0.402
6.884307384490967,0.738191204768386,-1.476382409536772,0.012685620349191847,0.19353166511134745,0.402
6.894665718078613,0.7240546885789255,-2.1721640657367765,-0.05698591104061176,0.06599125031508528,0.406
6.90492582321167,0.0,-1.4619733234186922,-0.06727642286995707,0.13036308899238247,0.406
6.9151318073272705,0.0,-1.4697259793958932,0.016806828309597868,0.18009798908589553,0.406
6.925329923629761,-0.7354299340720999,-2.2062898022162996,0.05323583886270421,0.12132659719703426,0.406
6.935513257980347,0.0,-1.4729949428731972,0.022884767143011183,0.05831420483010116,0.406
6.945716381072998,0.0,-2.2052071503680337,0.05036454142545366,0.14005079131440068,0.406
6.955882787704468,0.0,-1.475447573931193,0.0256459265557714,0.12448273364026666,0.401
6.966046094894409,0.0,-1.4758975321385004,-0.01061970511768131,0.13682519496667367,0.401
6.976208686828613,0.0,-2.9520028152492666,0.06303309450580329,0.17515229383528483,0.401
6.986432313919067,0.0,-1.4671896644201394,0.020663915179021965,0.09921879111089743,0.401
6.996609449386597,0.0,-1.473892142622874,-0.0004304009707996742,0.1810325982976956,0.4
7.006772041320801,0.0,-2.21400211143695,0.03761388065164878,0.17838688467553993,0.4
7.016938924789429,0.0,-2.2130675609126937,0.008980415045223115,0.13806876959106834,0.4
7.027101516723633,-0.7380007038123166,-2.21400211143695,-0.013308447952438303,0.1447429440111976,0.4
7.037261724472046,0.0,-1.476347764871524,0.03730848011280817,0.15027172870655373,0.4
7.047443389892578,0.0,-1.4732363891815945,-0.025025662394947953,0.11637376103135848,0.4
7.0576171875,-0.7371878515185601,-3.6859392575928007,0.027127707357035222,0.12241982899051464,0.403
7.067776918411255,0.0,-1.4764170558280336,0.1335078572891029,0.11199753719876068,0.403
7.077937126159668,0.0,-3.69086941217881,0.0037971305035990194,0.09787440407600831,0.403
7.088096380233765,-0.7382431766445284,0.0,-0.030789157227079547,0.10204510971526976,0.403
7.098269701004028,0.0,-1.474444808999297,0.07952510678861836,0.15433985898490873,0.402
7.108446836471558,-0.736946071311437,-1.473892142622874,-0.006100503836833207,0.03823462316685126,0.402
7.118625640869141,0.0,-1.4736504813435458,0.012876690856828979,0.14183306384455596,0.402
7.128786087036133,-0.7381565609160878,-1.4763131218321757,0.07120293372474923,0.10419710174743661,0.402
7.138946294784546,-0.738173882435762,-1.476347764871524,-0.014118808519554951,0.04622898982152005,0.402
7.149110794067383,0.0,-1.4757244388150024,0.035866938555182006,0.11085812732100261,0.402
7.159284591674805,-1.4743757030371203,-1.4743757030371203,0.03933580177606004,0.010908745787912608,0.399
7.1694958209991455,0.0,-1.4689710243059608,0.031116970560230186,0.026236229832607108,0.399
7.179672718048096,0.0,-1.4739266721330677,0.024027799569599877,0.06891813691081031,0.399
7.189837694168091,-0.7378276064266448,-0.7378276064266448,0.01792875040234184,0.04681822428093527,0.399
7.199998378753662,0.0,-1.4762784804186122,0.03391803155701135,0.07325571716206282,0.401
7.21016526222229,0.0,-1.4753783739417958,-0.03679530230759139,-0.01399485526170393,0.401
7.2203288078308105,0.0,-0.7379314551127166,-0.004468657330367498,-0.0024693655912417234,0.401
7.230512380599976,-0.7364802285018612,0.0,-0.029786213430591853,0.023385238864164277,0.401
7.240679979324341,-0.7376372930638277,-2.950549172255311,-0.04403390399311288,0.03789485493278126,0.401
7.250855922698975,-0.7370324031770576,-0.7370324031770576,-0.0024398948516001773,0.0437546587740696,0.401
7.261016130447388,0.0,-2.952695529743048,-0.049971312725295626,0.04932400281910988,0.397
7.271179914474487,-0.7379141449683322,-0.7379141449683322,-0.03822010886060988,0.046301481171889085,0.397
7.281342267990112,0.0,-0.738018018018018,0.03339568219576415,0.04948033924173555,0.397
7.291645288467407,0.0,-2.1838256120701622,-0.041973354325541744,0.03477271768479817,0.397
7.301849603652954,0.0,-0.7349831775700935,0.008426919583045783,0.05984414723239729,0.4
7.312012434005737,-0.7379833904189931,-1.4759667808379862,-0.039862197625807214,-0.039145149759151954,0.4
7.322176694869995,0.0,-0.7378795271157815,0.05077854414498266,0.05038100732976866,0.4
7.332339525222778,0.0,-0.7379833904189931,0.06704882934151989,0.0010818996992700341,0.4
7.342522382736206,0.0,-0.7365319597284008,0.023486652900980974,0.03932813539574418,0.4
7.352688789367676,-0.7377237869655965,-1.475447573931193,-0.005479519267282054,0.011862043026611608,0.401
7.3629186153411865,-0.7331503018155545,-1.466300603631109,0.029856294639929972,-0.028048885767167162,0.401
7.373327255249023,0.0,-0.7205552374189705,-0.037043609475702385,-0.018340766895387422,0.401
7.383530616760254,0.0,-1.470103748013833,-0.029446452075928903,-0.017958936211997005,0.401
7.393696546554565,0.0,-0.7377583902061493,-0.1095435213963814,-0.03130110304243748,0.4
7.403870105743408,-0.7372051276042276,-2.9488205104169105,-0.02919643835274182,-0.0301816163550271,0.4
7.414082288742065,0.0,-0.7344169215324633,-0.10965894124711352,-0.041246369314496066,0.4
7.424288272857666,-0.7348629896979466,-0.7348629896979466,-0.1319983836209596,0.056623426609522104,0.4
7.434489727020264,0.0,-2.2055679162381976,-0.10081879506205481,-0.03531861622175224,0.4
7.444673538208008,0.0,-1.4729259727489816,-0.14694966184107314,0.01038745469419048,0.4
7.454855918884277,-0.7365664512503511,-2.2096993537510534,-0.06939548669408963,-0.10362205513587686,0.401
7.465020418167114,-0.7378622194075012,-2.9514488776300047,-0.09463696666985053,-0.16796267910749743,0.401
7.475183725357056,0.0,-1.4758975321385004,-0.06523086924419591,-0.11329685871078243,0.401
7.485347747802734,0.0,-2.2136905069081183,-0.03014221213227128,-0.014022317437468373,0.401
7.495531797409058,0.0,-0.7364457450544305,0.017107693288460835,-0.03497122708071699,0.403
7.505698919296265,0.0,0.0,0.0021849497106497815,0.0009832357542137599,0.403
7.515855312347412,0.0,-1.476902274701284,0.04202797830879299,0.026631049307723982,0.403
7.526010513305664,0.0,-0.7385378222284829,-0.020133244260970802,-0.04358265945564633,0.403
7.536167144775391,-0.7384338028169014,-0.7384338028169014,-0.08162024867909368,0.015801263013582215,0.403
7.546323537826538,0.0,-0.738451137350642,-0.11060809616646869,0.034581298786206624,0.403
7.55649471282959,-0.7373779330067274,-0.7373779330067274,-0.06831034552310855,0.011303397295345255,0.404
7.566702842712402,0.0,-2.2041255605381167,-0.057163923867969736,-0.0546728192488536,0.404
7.576860666275024,0.0,-0.7383471423541837,-0.09552280578374386,-0.07060365474321106,0.404
7.5870232582092285,0.0,-1.4760014076246333,-0.02250655173937742,-0.00721627552155385,0.404
7.597179889678955,0.0,-1.4768676056338028,-0.07330229960607561,-0.06253065632936128,0.405
7.607341289520264,0.0,-0.7380872829657438,-0.10801781261639706,-0.020261296604022486,0.405
7.617508888244629,0.0,-2.950549172255311,-0.11217808963039946,-0.07124831676768789,0.405
7.6276750564575195,0.0,0.0,-0.17970515810808424,-0.01490209512011443,0.405
7.638012409210205,-0.7255242400479727,-2.176572720143918,-0.08231195239006994,0.059169578143094904,0.405
7.6481757164001465,0.0,-1.4758975321385004,-0.03265179007651836,-0.004958369438973868,0.405
7.658350706100464,0.0,-1.4742029664690581,-0.11350326669273456,-0.06890403376841608,0.402
7.668532609939575,-0.7366009460029036,-3.6830047300145177,-0.13350201740319076,-0.10990297186585768,0.402
7.678755283355713,0.0,-1.467326538703734,-0.05801099242759228,-0.0656275644336446,0.402
7.688931465148926,0.0,-1.474030270371585,0.004184456595163075,-0.0050773255943874565,0.402
7.699101209640503,0.0,-1.4749633102801547,-0.007898687780106928,-0.08382915499359367,0.405
7.709276437759399,0.0,-1.4741684240123716,-0.02456736360655526,-0.0008075476750238342,0.405
7.719507217407227,0.0,-1.4661639206730208,0.0369412788194607,-0.03970894277620005,0.405
7.729687929153442,0.0,-0.736687197021147,-0.07324858831965361,-0.012113943488483133,0.405
7.739853382110596,0.0,0.0,-0.008682822234409544,0.060957362039030155,0.405
7.750022649765015,0.0,-1.4750324713384755,-0.044587011255358903,-0.04162623208239777,0.405
7.760197401046753,-0.7371187552722842,-1.4742375105445684,-0.053627861140469926,-0.0007143606846971677,0.405
7.770367860794067,0.0,-0.7374297904261803,-0.059471246912709386,-0.04612303079621118,0.405
7.780616044998169,-0.7318369625907314,-0.7318369625907314,-0.0726900735668565,0.007878068528152756,0.405
7.790781736373901,0.0,-1.4755513860875276,0.004687417245298663,0.0044561487992523,0.405
7.800948143005371,0.0,-1.475447573931193,-0.07122827239141782,-0.05661943966280515,0.401
7.811131000518799,0.0,-2.2095958791852026,-0.1035138689939187,0.0028215670584221704,0.401
7.821351051330566,0.7338515373489478,-1.4677030746978956,-0.066472453652667,-0.08517012746458248,0.401
7.8316686153411865,0.0,-0.7269157712305025,-0.02762089475800277,0.023217996555622254,0.401
7.841838598251343,0.0,-0.7374643660915229,-0.06370101511620685,-0.01754909694581406,0.401
7.8520073890686035,-0.7375508194415137,-2.9502032777660547,-0.0183060111303413,-0.00643542625291306,0.401
7.862188816070557,0.0,-2.209906331959535,-0.0997777976166982,-0.023930664241629786,0.403
7.872356414794922,0.0,-2.950549172255311,-0.1291615412335466,-0.0019358374247571142,0.403
7.882586717605591,0.0,-1.4662322589666503,-0.05891080075214132,0.01764194988433447,0.403
7.892746210098267,0.0,-1.4764517037454237,-0.032751669915737525,-0.08071306723047225,0.403
7.902917385101318,0.0,0.0,-0.025813213102244104,-0.06203850618496297,0.403
7.913114786148071,0.0,-0.7354815178508802,0.06788646827461561,0.06318161847066056,0.403
7.923313617706299,0.0,-1.4707567150571568,0.047041837397007624,0.016738521936485205,0.403
7.933523893356323,0.0,0.0,-0.0234512518152272,0.026352620662560864,0.403
7.943721771240234,0.0,-1.4708942557220677,-0.06792401172071463,-0.05773005189851912,0.403
7.953888416290283,0.0,-0.7377064865625439,-0.08876946728842738,0.0020825588266901243,0.403
7.964055299758911,0.0,-2.2130675609126937,-0.06326128457234137,0.10744703832026246,0.403
7.974283695220947,0.0,-1.4665056758583714,-0.13485762606080115,0.0009513790197886555,0.403
7.984511137008667,0.0,-0.7333212112735156,-0.1142471949733066,-0.018185430181240834,0.403
7.99467134475708,0.0,-1.476347764871524,-0.10530922457332018,-0.030088304909614907,0.402
8.004809856414795,0.0,-0.7397535509359421,-0.07468748686199864,0.07229808978891752,0.402
8.014968872070312,0.0,-1.476521004459047,-0.03628586271631809,0.046201267629562004,0.402
8.025132894515991,0.0,-2.2136905069081183,-0.10845301433979543,0.03477080005986724,0.402
8.035277843475342,0.0,-0.7392841531338864,-0.10312587186960573,0.04977727915913375,0.402
8.045510053634644,-0.732979472004101,-2.931917888016404,-0.05192550828559279,0.04409879875528637,0.402
8.055685758590698,0.0,-2.211149015932521,-0.07940251406988619,0.05128649489617146,0.401
8.065828800201416,0.0,-2.218269515548974,-0.0800051579473789,-0.013352819689167104,0.401
8.075969696044922,0.0,-2.218738891239949,-0.1445900151984147,0.01329117138117688,0.401
8.086116790771484,0.0,-2.2173834586466166,-0.026597211872500595,0.09697538637938072,0.401
8.096279382705688,0.0,-2.21400211143695,0.0111633061748844,0.003803224995871041,0.401
8.10648488998413,0.0,0.0,-0.04192067771992743,0.06861426414417103,0.401
8.116650819778442,0.0,-0.7377583902061493,0.007812967727092647,0.09886727298829426,0.401
8.126792907714844,0.0,-0.739492700815722,-0.09273810626945847,0.01612815601250968,0.401
8.136934995651245,-0.739492700815722,-0.739492700815722,-0.10656254923682082,0.04330229115203709,0.401
8.147076606750488,0.0,-0.7395274702024119,-0.10249905376160362,-0.004230170461578052,0.401
8.15721845626831,0.0,-1.4790201702007617,-0.14088303909893005,-0.027512764554519016,0.406
8.16736388206482,0.0,-1.4784988132446595,-0.06799537468824064,-0.032050367195613896,0.406
8.177619457244873,0.0,-1.4626190863652213,-0.10384447122284504,-0.05656852693275019,0.406
8.187763929367065,0.0,-1.4786378058238736,-0.08282277408182633,0.04783992021856217,0.406
8.197904586791992,0.0,-1.4791940375708272,-0.07915482489680876,0.03593046100017419,0.402
8.208047866821289,0.0,-1.4788115833019932,-0.145154521902532,0.10749718925227117,0.402
8.21819806098938,0.0,-1.4778042421252906,-0.15290235281778067,0.05244015804176763,0.402
8.228366613388062,0.0,-1.475136225087925,-0.13159843016259687,0.07393235766154649,0.402
8.23865294456482,0.0,-1.458245874281476,-0.04601760065466684,0.02802556223785324,0.402
8.248808860778809,0.0,-1.4769716177195578,-0.0638125712433329,0.00883142553157315,0.402
8.258971929550171,0.0,-3.6898303891899498,-0.08621244518456553,0.010004244532284184,0.404
8.269208192825317,0.0,-1.4653784879116782,-0.039451606520311586,-0.049141491630548075,0.404
8.27937364578247,0.0,-3.6889649834650653,0.014772674660106094,0.02529937615393467,0.404
8.28956127166748,0.0,-0.7361872220922069,-0.016900447648272934,0.011374269690825235,0.404
8.29972767829895,0.0,-1.475447573931193,-0.06620891963415307,0.043428918354579904,0.404
8.309895992279053,0.0,-1.4751708129147225,0.02774222201535302,-0.0035147641645849248,0.404
8.320064067840576,0.0,-0.737602701181767,-0.030721610940477748,0.06070475032924368,0.404
8.330245971679688,0.0,-0.7366009460029036,0.00467047552650726,0.019026589015937047,0.404
8.340413093566895,0.0,-1.4753437763812025,-0.008368256406144435,-0.036808082659612655,0.404
8.350605726242065,0.0,0.0,-0.024650516076937,-0.007506286043733892,0.404
8.360827207565308,-1.467497667475275,-1.467497667475275,-0.08500077547648681,0.02136506792802469,0.404
8.371053695678711,0.0,-0.7333895973702003,-0.08860855188758623,-0.009329193105684816,0.404
8.381350040435791,0.0,-1.4568276756356227,-0.09605292207253555,0.013830513649105796,0.404
8.391578197479248,0.73326993006993,-0.73326993006993,-0.09770793744042572,0.027234773048185126,0.402
8.401740789413452,0.0,-2.21400211143695,-0.08710618013228105,-0.049255750398306146,0.402
8.411908149719238,0.0,0.0,-0.03563764915729715,-0.04771797344640905,0.402
8.422079086303711,0.0,-2.212185654008439,-0.08975578917778117,-0.0003195026362195052,0.402
8.432286500930786,-0.7347600028028869,-0.7347600028028869,-0.08515663961744682,0.08279296292184808,0.402
8.442537307739258,0.0,-0.7316497267124084,-0.11681381036494903,0.02665034276840221,0.402
8.452734470367432,0.7354987140519055,-2.2064961421557165,-0.09771422194538705,0.043091766040562134,0.405
8.462971210479736,0.0,-0.7326551145891559,-0.1080520022762268,0.008579445265679593,0.405
8.473144292831421,0.0,-1.4744793644097587,-0.17969514649739043,0.011681824514144463,0.405
8.483355283737183,0.0,-1.4690053236200615,-0.11930072668450775,0.006148793927482337,0.405
8.493568658828735,-0.7343312012699005,-0.7343312012699005,-0.08849628263702995,-0.017366884110269598,0.405
8.503736972808838,0.7375854064573613,-2.950341625829445,-0.08563081521576887,-0.028409587916218393,0.405
8.513953924179077,0.0,-0.7340741605021819,-0.15770812691564207,-0.016274004162998373,0.405
8.524120807647705,-0.7376891869708979,-1.4753783739417958,-0.1516500112064216,-0.02876001520931903,0.405
8.534297466278076,0.0,-2.2109418048917626,-0.17070249348820302,-0.014573517028845108,0.405
8.544508934020996,0.0,-0.7344683632967546,-0.1466453512720154,-0.021878578629471967,0.405
8.554678916931152,0.0,-2.2123930982745685,-0.0694921779721201,0.0056920646388225506,0.406
8.564895391464233,0.0,-0.734108422207183,-0.10741074012502277,0.0054574878441867765,0.406
8.575061798095703,0.7377237869655965,-2.2131713608967893,-0.042515481321796,-0.01868068886285682,0.406
8.585231065750122,0.0,-1.4750324713384755,-0.07365952871388214,-0.08153200409057718,0.406
8.595400094985962,0.0,-1.4750670542999156,-0.0406301863867002,0.014058376438924072,0.404
8.605574607849121,0.0,-2.2114080843585238,-0.05777847504362063,-0.03973317006204724,0.404
8.615747213363647,0.0,-0.7372742400449996,-0.05904141695046854,0.0008114222579434921,0.404
8.625965595245361,0.0,-0.7339713945729018,-0.12066883444255469,-0.032225980260763475,0.404
8.636139392852783,0.0,-2.2115635545556804,-0.08931125987627551,-0.06865586591128611,0.404
8.646320104598999,0.0,-0.736687197021147,-0.09719832063061241,-0.13174323957452802,0.404
8.656598091125488,0.0,-1.4594298174395137,-0.08121001639012543,-0.051421586388541426,0.406
8.66676139831543,0.0,-2.2138462982077507,-0.08009303955146858,-0.05331047957157267,0.406
8.676924467086792,0.0,-1.47593215567598,-0.09955343174806465,-0.011156935238164065,0.406
8.687093257904053,0.0,-2.9502032777660547,-0.12612921745755745,-0.020360578764636646,0.406
8.697285652160645,0.0,-0.7358428070175438,-0.1118635128516277,-0.008233672463789584,0.407
8.707507371902466,0.0,-0.7337317192638724,-0.1107122972564722,-0.03244045877526662,0.407
8.717700004577637,-0.7358255947229304,-2.9433023788917216,-0.16304090814942257,-0.050110350946480406,0.407
8.727872610092163,0.0,-0.7372742400449996,-0.11583905443442828,-0.08890773573387253,0.407
8.73804259300232,0.0,-2.9498574643660915,-0.1448511283823567,-0.052862147030045374,0.407
8.748212814331055,0.7374470778535762,-1.4748941557071524,-0.1349352728322596,-0.021192162342414403,0.407
8.758382558822632,0.0,-0.7374816551400774,-0.11180723948945744,-0.01704151476324096,0.403
8.768609285354614,0.0,-2.933489998601203,-0.12292779918116463,0.0900321273759207,0.403
8.778773546218872,0.0,-0.7378795271157815,-0.18228963408366777,-0.003083952109330724,0.403
8.788938283920288,0.0,-2.213534737533424,-0.09624396114105872,0.08512841681185064,0.403
8.799102544784546,0.0,-1.475759054231563,-0.07614126815854352,-0.016438182147172374,0.409
8.809366941452026,0.0,-2.19204311065688,-0.08418036687788005,-0.008717640450630282,0.409
8.819655656814575,0.0,-1.4579079575473883,-0.09350043117049966,0.021267259751957583,0.409
8.82985520362854,0.0,-1.4706535764375877,-0.08919969375187833,0.061628928652966895,0.409
8.840036392211914,0.0,-1.4733053883802074,-0.10312333031722246,0.04686274908035967,0.409
8.850210666656494,0.7371533017762572,-1.4743066035525143,-0.09183482008936467,0.05035589833592856,0.409
8.86040449142456,0.0,-1.4714790906539432,-0.05974585181454657,0.009613901933773669,0.408
8.870631217956543,0.0,-2.200117498950902,-0.07765709124232398,0.0015563160865579625,0.408
8.880836248397827,0.0,-1.4698633273368689,-0.08442446636153464,-0.024999267530860684,0.408
8.89103388786316,0.7354643224539418,-0.7354643224539418,-0.03684204552369601,0.052672253577703394,0.408
8.901193618774414,0.0,-2.9528341116560672,-0.028379936661319577,0.07767242636062623,0.409
8.911359786987305,0.0,-2.213223264540338,-0.08690980422820906,0.06953914003317137,0.409
8.921607732772827,0.7318539887862643,0.0,-0.1355207491141245,0.00185736252073492,0.409
8.931768894195557,0.0,-1.4762092024683826,-0.1044029458824153,-0.027093367448860338,0.409
8.941957473754883,0.0,-2.9444732531473767,-0.10422260985939324,-0.07973120517949804,0.409
8.952166318893433,0.0,-1.4693140895396903,-0.06935375379704625,-0.04092200604660232,0.41
8.962367534637451,0.0,-2.940825951807792,-0.12192937029329978,0.051451832700478234,0.41
8.97256088256836,0.0,-2.2073218880104784,-0.0989593936274844,0.054691454756842714,0.41
8.98272180557251,0.0,-0.7381219203153597,-0.13114734122758828,-0.003954554282549234,0.41
8.992876529693604,0.0,-2.9542900075131477,-0.08188349229973187,0.001366746295644112,0.41
9.003035545349121,0.0,-1.476521004459047,-0.09339388929432822,0.03483525816151786,0.41
9.013200998306274,0.0,-2.9511719867720525,-0.06658114309482682,-0.026210969065360468,0.41
9.023366689682007,0.0,-1.4755513860875276,-0.08742317145243539,-0.04683345904822669,0.41
9.033721208572388,0.0,-1.4486428735896846,-0.021264535441159943,0.008383378715589205,0.41
9.043890476226807,0.0,-2.2125487070077132,-0.03936426081314544,0.01685968075628177,0.41
9.054044723510742,0.0,-2.2158215543554824,0.012573045362349993,0.02699108641057929,0.409
9.064211368560791,0.0,-6.639358379062896,-0.0297315931533752,0.021710620091855933,0.409
9.07436227798462,0.0,-2.2165501691093574,0.013392069202696463,-0.07840767968708723,0.409
9.08462643623352,0.0,-2.1920940280132863,0.12079139795151714,-0.04081852327527778,0.409
9.094775676727295,0.0,-7.3897155206840655,0.11367541266642806,-0.03754006998361268,0.412
9.104924201965332,-0.7390236338862002,-1.4780472677724004,0.2623939099691854,0.026021209012562333,0.412
9.11507773399353,0.0,-2.2159776457604434,0.3060539451680851,0.07654919490659906,0.412
9.125239849090576,0.7380353330361542,-4.428211998216925,0.3400972502905258,0.09553429518058018,0.412
9.135390996932983,0.7388327031026141,-2.9553308124104563,0.2987597722075185,0.05412997980295607,0.412
9.14565920829773,0.0,-2.921638339370298,0.404678680358333,0.0511143326337608,0.412
9.155808687210083,0.0,-2.216862579281184,0.4147029963739424,0.06914874711729918,0.413
9.165961265563965,0.0,-2.216185801845807,0.47931154062466397,0.05824089481475258,0.413
9.176110029220581,0.0,-2.9560250898583407,0.5023599877550969,0.14136159197495307,0.413
9.186277627944946,0.0,-1.4752745861276555,0.5470489533583216,0.09953001241298044,0.413
9.196530103683472,0.0,-2.1945918794474677,0.5060696004862616,-0.03203678195120799,0.409
9.206758737564087,0.0,-0.7332357465852407,0.5631616310409363,0.01944947531620024,0.409
9.216940879821777,0.0,-0.7365836982227738,0.5826570693559584,0.08720918180304921,0.409
9.227109909057617,0.0,-2.950134108599831,0.536501613251704,0.16086696989650723,0.409
9.237291097640991,0.0,0.0,0.5834901990295183,0.15898503323622712,0.409
9.247456789016724,0.0,-1.4755513860875276,0.6044890578493383,0.05686631155587381,0.409
9.257814407348633,0.0,0.0,0.6485000447399634,0.05729666064874139,0.41
9.267992734909058,-0.7368597596683142,-1.4737195193366284,0.6404547294553106,0.10226643250946871,0.41
9.278157472610474,0.0,-0.7378449125111413,0.5572223386232865,0.11617975477653263,0.41
9.288326263427734,0.0,-0.7375508194415137,0.6323184100784521,0.160807466890203,0.41
9.298586130142212,0.0,0.0,0.5997479461654264,0.057662705285172505,0.415
9.308799743652344,0.0,0.0,0.5980833270777025,-0.028169613714568553,0.415
9.318969964981079,0.0,0.0,0.5708266283476948,0.09261326657882177,0.415
9.329135179519653,0.0,0.0,0.5121875678979116,0.12303321772402977,0.415
9.339301109313965,0.7377583902061493,0.0,0.5049635175827695,0.10200100032394468,0.415
9.349467754364014,0.0,0.0,0.529000056109642,0.06143160069188894,0.415
9.359652519226074,0.0,0.0,0.47603227407377247,-0.006830296237139086,0.41
9.369862794876099,0.73455411558669,0.0,0.48686225862849225,0.11777114060135974,0.41
9.380067825317383,0.0,0.0,0.48900398367067105,0.12171669269519357,0.41
9.390249967575073,0.0,0.0,0.4315251797807325,0.16331291911459256,0.41
9.40041470527649,1.4756898250222825,0.0,0.42733713813373236,0.11817979089418675,0.412
9.410762071609497,0.7248221198156681,0.0,0.3649159424801063,-0.05167814338463041,0.412
9.42093539237976,0.7372224044996485,0.7372224044996485,0.4295895534189613,0.023885844260090543,0.412
9.4311203956604,7.363767878461574,0.0,0.3832132957442246,-0.0009983330485658984,0.412
9.441295623779297,0.0,0.0,0.34558837640425283,0.12174681660957207,0.412
9.451483011245728,1.4724089026188303,1.4724089026188303,0.3002973847766794,0.12353365571345044,0.412
9.461758613586426,0.0,0.0,0.3719501521434906,0.09130276710075953,0.414
9.471948146820068,0.0,0.0,0.27694382574320453,0.04631593457457337,0.414
9.482115983963013,0.0,0.0,0.2889361785707209,0.0016705472860309711,0.414
9.492281675338745,1.4755513860875276,0.0,0.2799914387856833,0.0446871857386784,0.42
9.502445220947266,0.0,0.0,0.21718774853368714,0.0932388445229377,0.42
9.512660026550293,-0.7342283633647652,0.0,0.2555248153817381,0.15866968804038373,0.42
9.522824048995972,2.951587342544158,2.2136905069081183,0.21051765348675705,0.18557628485493527,0.42
9.532987117767334,0.0,3.6898303891899498,0.20992608939549368,0.1708316614107842,0.42
9.543150901794434,-0.7379141449683322,0.0,0.19073324184168633,0.21954850836420647,0.42
9.55331301689148,-0.7380353330361542,0.0,0.19053152218649946,0.16151690953778342,0.42
9.56347918510437,0.0,1.475482176360225,0.13001707248858205,0.17441351999017274,0.413
9.573671817779541,-0.7358255947229304,0.0,0.06485648102022618,0.14438734415562565,0.413
9.58388614654541,-1.4685252789318892,1.4685252789318892,0.19608838300030712,0.07243042504068922,0.413
9.594051837921143,0.0,0.0,0.1169836700841022,0.11481841754166196,0.417
9.604230880737305,0.0,0.7368079823862838,0.1345821746634802,0.09165370672030329,0.417
9.614401817321777,0.0,0.0,0.05719826586096942,0.0816938675420103,0.417
9.624815464019775,0.0,0.720208800769266,0.04738204284730004,0.0727342817490109,0.417
9.635020971298218,0.0,0.0,0.0544568503706776,0.0816709025132272,0.417
9.645184516906738,0.0,0.0,0.01685892660130258,0.09966874796690552,0.417
9.655345678329468,-7.381046012341913,5.90483680987353,0.0013883084816745071,0.09164721825395603,0.413
9.665557384490967,-0.7344512152412972,0.7344512152412972,0.0311492963793967,0.17682311284314958,0.413
9.675762176513672,0.0,0.7349488341666277,0.021634972495969525,0.11493091150367865,0.413
9.685925722122192,-0.7379314551127166,0.0,0.014913401164208334,0.17210812798773734,0.413
9.6960928440094,0.0,1.4753437763812025,-0.02033189262763889,0.13889676188987443,0.416
9.70630693435669,-0.73427977871665,0.73427977871665,-0.02789970197933791,0.14510008202352329,0.416
9.716503143310547,-0.7355675068980031,0.0,-0.059453208557884434,0.0641183154051063,0.416
9.726677894592285,-0.7371187552722842,0.0,-0.008810004264316149,0.09318176172700227,0.416
9.736895322799683,0.0,0.7340399019950997,-0.06512202782754259,0.014967426509406197,0.416
9.747063398361206,0.0,0.0,-0.07768308204508804,0.05128706989410361,0.416
9.75722599029541,0.0,0.0,-0.14409215619195292,-0.017384434937216836,0.42
9.767393827438354,1.4752399934344735,1.4752399934344735,-0.1512161042769902,-0.03812654786623037,0.42
9.777585983276367,0.0,-0.7358600201174296,-0.09476519778566514,-0.08445408855867681,0.42
9.787806272506714,12.475185107425292,2.2015032542515223,-0.18688503158538589,-0.07391898944706371,0.42
9.79796814918518,0.0,0.0,-0.13278884407816557,-0.10509611532601759,0.421
9.808129787445068,0.0,0.0,-0.08365109752652097,-0.10181412195355932,0.421
9.818312406539917,-0.7365492050855791,1.4730984101711582,-0.12331485015304454,-0.08472697291500236,0.421
9.828601837158203,0.0,0.0,-0.17204764873677322,-0.09641677795457161,0.421
9.838793992996216,0.0,0.0,-0.12721303688153546,-0.08162160699864135,0.421
9.848975896835327,0.7366009460029036,0.7366009460029036,-0.07430264283205253,-0.1154203009624945,0.421
9.8591468334198,0.0,0.0,-0.1073062159515271,-0.08602731890261597,0.426
9.869327306747437,0.0,-4.4202266978922715,-0.18670777476825307,-0.06554111411160589,0.426
9.879504442214966,2.947784285245748,2.210838213934311,-0.16182710845827408,-0.04452401184740092,0.426
9.88966679573059,-5.166126126126126,-2.214054054054054,-0.1791125768077226,0.06110930023323563,0.426
9.899821996688843,-3.6926891111424145,0.0,-0.19484483147417617,-0.0442767335866454,0.425
9.909976482391357,2.954359371698246,0.0,-0.14932369561181635,-0.010156242521226991,0.425
9.920141220092773,-7.3784491251114135,1.4756898250222825,-0.06913612385951638,-0.025592952984071573,0.425
9.930318117141724,0.0,0.0,-0.06452624541071228,0.04729513055408467,0.425
9.94048285484314,-0.7378449125111413,0.0,-0.1731316356771278,0.05635996847137151,0.425
9.950656175613403,0.0,-1.474444808999297,-0.1159710994900251,0.048724691690977553,0.425
9.960926294326782,0.0,0.0,-0.11111897360558257,0.07397923573024558,0.423
9.971139669418335,-0.7343312012699005,0.0,-0.1450585592836981,0.0988536592821848,0.423
9.98134446144104,0.0,-1.4698976683332554,-0.13862711984983317,0.0963484367511475,0.423
9.991599082946777,-2.1941326637371836,0.0,-0.0767170400825247,0.11727861600020485,0.419
10.001804113388062,-0.7349316636684344,-1.4698633273368689,-0.06704864234611783,0.0926704995692036,0.419
10.01196551322937,-0.7380872829657438,0.0,0.019110125606838516,0.04653977911293866,0.419
10.022133111953735,-2.950549172255311,0.0,-0.04508867457464335,0.06520066699772925,0.419
10.032357692718506,-2.934105631339629,0.0,-0.08062739852597124,0.05418764562595438,0.419
10.042558670043945,-0.7352236712943486,-2.205671013883046,-0.11069895306184123,0.07841192889963865,0.419
10.0527184009552,0.0,0.0,-0.06229469030148781,0.047665907757474604,0.423
10.062883615493774,-0.7378103011539544,-0.7378103011539544,-0.07870130257146718,0.03646059585222372,0.423
10.073034286499023,0.0,0.0,-0.0538183638164711,-0.022678585365592183,0.423
10.083185911178589,0.0,-1.4775959980271964,-0.0986715072556748,0.00162773690016731,0.423
10.093345403671265,0.0,0.0,-0.05128672616482054,-0.07935001430699443,0.42
10.103495121002197,-2.2168105048037394,0.0,-0.06895493774790988,-0.05520824351817763,0.42
10.113665103912354,0.0,0.0,-0.015947691374459564,-0.08149007840367616,0.42
10.12381386756897,0.0,0.0,-0.015440249244982846,-0.07728135804979874,0.42
10.133963823318481,-7.389194775909048,-4.433516865545429,0.022766728815078057,-0.07194522340064066,0.42
10.144124746322632,0.0,-0.7381219203153597,-0.03397445680986273,-0.09461601611754733,0.42
10.154289722442627,0.0,0.0,0.01649232919409206,-0.06665777957515816,0.423
10.164443731307983,-1.4772490549202846,-2.2158735823804268,0.07102166053576228,-0.11093448574585914,0.423
10.17461347579956,-0.7374816551400774,0.0,0.09307597208971968,-0.06113732265123821,0.423
10.18477749824524,0.0,0.0,0.0799683510139462,-0.05341068395990439,0.423
10.194924592971802,-3.695639097744361,-0.7391278195488722,0.10677511571922177,-0.014321642047865804,0.422
10.20507025718689,0.7392320345913428,-1.4784640691826856,0.13742395924331663,-0.061689144355907,0.422
10.215241193771362,2.212185654008439,-0.7373952180028129,0.13242401244403532,0.001571184671786005,0.422
10.22543740272522,-0.7355675068980031,0.7355675068980031,0.16954681446568867,-0.02048543368154057,0.422
10.235633373260498,0.0,-1.4711694142406173,0.1619285837257054,-0.028903759874684312,0.422
10.245804786682129,7.3736064882096475,0.0,0.14371670569718864,-0.1014923527793645,0.422
10.255959272384644,-7.385898429245615,-1.477179685849123,0.14345136429228197,-0.060764718416727315,0.423
10.266123533248901,-16.233349596547193,-4.427277162694689,0.09219264387610031,-0.008984923260324296,0.423
10.276275873184204,-0.738745948992532,-1.477491897985064,0.0863263697279241,0.0014844108454058341,0.423
10.286432266235352,-0.738451137350642,0.0,0.11780945418319427,-0.0022281388094331084,0.423
10.29670524597168,0.0,0.0,0.1284553667316981,-0.027173893571289742,0.42
10.306856870651245,0.0,-0.7387979990135982,0.13102557021375008,-0.03628269149873449,0.42
10.317011833190918,0.0,-0.7385551616462799,0.13414760776292575,-0.08986194130816642,0.42
10.327176809310913,-1.4756552128532896,-0.7378276064266448,0.11637317577289352,-0.10405239664377611,0.42
10.33733081817627,0.0,-0.7386245274601423,0.17415476010497163,-0.113521919637049,0.42
10.347484827041626,0.0,-0.7386245274601423,0.15174907613941144,-0.18388560375034432,0.42
10.357755184173584,0.0,-0.7302569816839612,0.20174680442834245,-0.10809683331244044,0.419
10.367928504943848,-0.7372224044996485,0.7372224044996485,0.21976751321730525,-0.16586381167754244,0.419
10.378118515014648,-0.7360149742629855,-6.62413476836687,0.2917816704866694,-0.15502329829931705,0.419
10.388283967971802,0.0,0.0,0.2882831124462357,-0.12732978418140548,0.419
10.398452997207642,-1.4750670542999156,-0.7375335271499578,0.22560090138449146,-0.18071107655234894,0.42
10.408759355545044,0.0,0.0,0.23937675610444548,-0.13912815334898646,0.42
10.418919801712036,0.0,-2.2144696827482635,0.21065344471201197,-0.20255381592307095,0.42
10.429075002670288,2.215613466685449,0.0,0.30746000386928674,-0.15382698098638561,0.42
10.439229726791382,0.0,0.0,0.25378167783735994,-0.20577024799696286,0.42
10.449379205703735,2.9558167723749116,0.0,0.2959207648442658,-0.10634419398513174,0.42
10.459619283676147,0.0,0.7324162980209545,0.2448413794776922,-0.17724261740690975,0.419
10.469846487045288,-2.2000149198060424,-0.7333383066020142,0.27716940417619335,-0.08145306291222743,0.419
10.480050086975098,5.145242890856836,-6.615312288244503,0.2668794211698995,-0.15579245658228905,0.419
10.490252017974854,0.0,0.0,0.2469220354456133,-0.0938301424746168,0.419
10.500402450561523,-0.7388847653497439,0.0,0.25531788710034636,-0.1285756689993133,0.421
10.510594606399536,0.7358600201174296,0.0,0.27963602800545706,-0.003940889244861107,0.421
10.520803928375244,0.7346227318371826,0.7346227318371826,0.27860018154326105,-0.07766608078420856,0.421
10.530969858169556,2.9510335608245972,0.0,0.29021260040371183,-0.06601540242134625,0.421
10.541135787963867,0.0,0.0,0.22109718004659049,-0.079015488059067,0.421
10.551301002502441,0.0,0.7378103011539544,0.23218303875697657,-0.047491744035148914,0.421
10.561466932296753,2.2132751706184477,0.7377583902061493,0.23499130787023523,-0.017890057890568356,0.415
10.571762561798096,0.0,0.7284644420257972,0.2048434677952158,-0.016071497796752467,0.415
10.581932306289673,2.9499266205603094,0.7374816551400774,0.2783213908752696,0.05816992586189522,0.415
10.59211277961731,-0.736704449648712,-0.736704449648712,0.2503211429218798,0.09922894207615984,0.417
10.602298021316528,-2.9454382022471908,6.627235955056181,0.27295309401829565,0.08430290709694457,0.417
10.612469673156738,11.060150481682019,-16.95889740524576,0.30654656311731765,0.1413882050893587,0.417
10.622657060623169,0.7362044513094151,0.7362044513094151,0.31170924429498537,0.08383842032219928,0.417
10.632824420928955,0.7376545902215969,0.7376545902215969,0.25295283164866145,0.16448735778400508,0.417
10.642995119094849,1.4748250076185565,0.0,0.2210699258859014,0.13808933178670868,0.417
10.653164386749268,0.0,1.4750324713384755,0.13059926331026833,0.1728760116288729,0.417
10.663349390029907,0.0,0.0,0.0637511095597882,0.15292840534916705,0.417
10.67351484298706,0.0,0.0,0.15732508106065887,0.19146019406175394,0.417
10.683714389801025,1.4706535764375877,1.4706535764375877,0.16959705518179063,0.20909729321149795,0.417
10.69387936592102,0.0,0.0,0.2717257305981249,0.20897915387304547,0.419
10.704041719436646,0.738018018018018,-0.738018018018018,0.21126587868711827,0.17972812117363507,0.419
10.714208126068115,-0.7377237869655965,0.0,0.1855601344802732,0.10559129047577523,0.419
10.724376440048218,1.4751708129147225,0.0,0.2057367590329995,0.14261216456384604,0.419
10.734616994857788,-2.929528776308437,0.0,0.14490507191568877,0.20473183773530462,0.419
10.744808912277222,6.622895106203799,11.038158510339663,0.13742656033910636,0.19885059408461014,0.419
10.754980564117432,0.0,1.474686730890936,0.08403287425482175,0.19263867599620232,0.42
10.765147924423218,0.7376545902215969,1.4753091804431937,0.09788710818566493,0.18083167402207925,0.42
10.775311708450317,0.0,0.0,0.11406533301883291,0.22403076794553123,0.42
10.78547739982605,1.4755513860875276,1.4755513860875276,0.12060034777167092,0.24330854366357357,0.42
10.795710802078247,0.0,0.7328940869484181,0.1763909275981232,0.23016657720575767,0.415
10.805876731872559,0.0,3.6887919510307463,0.16221638624270415,0.22050476229396587,0.415
10.816053867340088,0.736946071311437,0.0,0.20719512075975333,0.22445471530559014,0.415
10.826275110244751,0.0,1.4675318980196403,0.14495516590971658,0.19607332092489185,0.415
10.836450815200806,0.737049671977507,1.474099343955014,0.14153230888418672,0.1916692317644669,0.415
10.846635580062866,0.0,2.2091820778126317,0.13461401695040645,0.2468899481461207,0.415
10.856814861297607,0.7367907249092399,1.4735814498184798,0.07609653009782091,0.2614100488539529,0.417
10.866990566253662,-0.737049671977507,0.0,0.022079780954434823,0.23036045312893655,0.417
10.877152919769287,0.0,1.476036036036036,-0.013125644163893568,0.24309229123556028,0.417
10.88731598854065,0.73796607783799,3.6898303891899498,0.0018311535621979708,0.2476919032087932,0.417
10.897477626800537,0.0,0.0,0.022521703284489256,0.261035333497603,0.412
10.907756328582764,0.0,2.188992391909445,0.021862672167784578,0.18226379210468355,0.412
10.91792345046997,0.0,1.4753437763812025,0.02237938554265413,0.19043375509728327,0.412
10.928087949752808,0.0,0.7378622194075012,-0.03327942974871377,0.15057921229786156,0.412
10.938262701034546,-1.4742375105445684,0.0,-0.0255065669306051,0.2031721264324943,0.412
10.948431253433228,0.0,2.95027245017585,-0.06493914184791987,0.143950021071993,0.412
10.958620309829712,0.0,1.4721677274429052,-0.04519061624891933,0.21486280508591366,0.415
10.968835353851318,0.0,1.468422453028358,-0.06915875311974844,0.2603375138103032,0.415
10.97907280921936,-0.7326039265003842,1.4652078530007684,-0.020036466256401098,0.23689459014211167,0.415
10.989274501800537,0.0,1.4703442473532917,-0.06830477424366224,0.2358375370224705,0.415
10.999468564987183,0.0,1.471444675725612,-0.09699711178212976,0.2139753019546012,0.411
11.009668827056885,-1.4705504522824486,0.0,-0.14548349855851272,0.2499162529495169,0.411
11.019842386245728,0.0,0.0,-0.20843531763492798,0.2149522502651735,0.411
11.030009984970093,-0.7376372930638277,1.4752745861276555,-0.17908570456921605,0.2362568930724605,0.411
11.04017972946167,-0.7374816551400774,0.0,-0.1582584937774718,0.15429914766301578,0.411
11.050344467163086,0.0,2.951379650044565,-0.10783668573440537,0.11755976275783153,0.411
11.060510158538818,0.0,-0.7377756930437638,-0.18133050174335855,0.10887144752083591,0.415
11.07070016860962,-0.7360149742629855,-2.2080449227889565,-0.3096013406487365,0.08179432882186317,0.415
11.08090615272522,0.0,1.4697259793958932,-0.2825659033388387,0.0820529947923231,0.415
11.09106969833374,-5.903451640901733,2.21379436533815,-0.23626255786471795,0.10393964275624633,0.415
11.101232051849365,-0.738018018018018,0.738018018018018,-0.27393530248964193,0.08429924799869624,0.411
11.111397981643677,-0.7377583902061493,0.0,-0.23681613377533764,0.12698651607645406,0.411
11.121633291244507,0.0,1.4655150244584205,-0.1428796714450497,0.1020621052061388,0.411
11.131856441497803,0.0,0.0,-0.09445608517056168,0.12823328381766347,0.411
11.142021179199219,-0.7378449125111413,0.7378449125111413,-0.15139033481825104,0.06280660280406336,0.411
11.152185201644897,-0.7378968356360395,0.0,-0.10270711380647315,0.07172757829116203,0.411
11.162349224090576,-0.7378968356360395,0.0,-0.14813002487737445,0.035050151938466105,0.411
11.172518014907837,-0.7375508194415137,1.4751016388830274,-0.1809235246230253,0.049252834794700745,0.411
11.182798385620117,0.0,-0.729545675920128,-0.2290775905790679,0.028009558977194454,0.411
11.192960500717163,-0.7380353330361542,0.0,-0.2583673415217685,-0.011597295947839564,0.41
11.203122854232788,-0.738018018018018,8.118198198198197,-0.20328509782096912,0.014023178846804069,0.41
11.213290214538574,-1.4753091804431937,0.7376545902215969,-0.18785228797833628,-0.03282907240692742,0.41
11.223452806472778,0.0,0.0,-0.11142860181582895,-0.02857245940859783,0.41
11.233639240264893,-0.7362733762434172,0.0,-0.11756770328162103,-0.04867201514644497,0.41
11.243855476379395,-0.7341255542590431,0.7341255542590431,-0.0983593837035285,-0.024801209641230684,0.41
11.25403094291687,-0.7370669415871974,0.0,-0.09749054326804024,-0.11264433575254311,0.409
11.264212608337402,0.0,1.4732363891815945,-0.04431161173098884,-0.08968393670630141,0.409
11.27437686920166,0.0,0.0,-0.11509865153351959,-0.0955149792724474,0.409
11.284539699554443,-0.7379833904189931,0.0,-0.09366145294813996,-0.08834630827700121,0.409
11.294893741607666,-2.8974191765681128,0.0,-0.0978113234841513,-0.143975002087974,0.41
11.305055618286133,2.214157946600347,-2.214157946600347,-0.11123545267342388,-0.060541286029543576,0.41
11.315223932266235,0.7375854064573613,-2.950341625829445,-0.14133862264057964,-0.14427878344730227,0.41
11.3253915309906,0.7376372930638277,0.0,-0.10706490435749577,-0.02335194797234169,0.41
11.335656881332397,-0.730613154960981,2.191839464882943,-0.09721717419649832,-0.14019765987458369,0.41
11.345839500427246,-6.628942845770212,8.10204125594137,-0.10378864214941566,-0.08004032028186624,0.41
11.356002807617188,0.0,0.0,-0.042317018738845746,-0.16789384142934516,0.408
11.366196393966675,0.0,0.0,0.0028748748135485613,-0.1574245125566066,0.408
11.376463651657104,0.0,0.0,-0.006524474452989051,-0.08140870534771118,0.408
11.386671543121338,0.0,0.0,-0.09661021775173138,-0.07665912266763932,0.408
11.396841764450073,0.0,0.0,-0.02316396260773755,-0.052018901137773604,0.414
11.40704870223999,0.0,-0.7347943285604167,-0.06878338808063755,-0.11729834138244932,0.414
11.417220115661621,-1.4747212976419295,0.0,-0.07245316542420985,-0.08179948053037465,0.414
11.427387714385986,0.0,0.0,-0.03482244762778516,-0.07162244597351307,0.414
11.437557935714722,0.7374470778535762,1.4748941557071524,-0.01094948898639371,-0.09967330300554245,0.414
11.447728157043457,0.0,0.0,0.03875598182196656,-0.1146045840029633,0.414
11.457892894744873,0.0,0.7378449125111413,-0.02719301943488643,-0.14047540552586588,0.409
11.468111991882324,-0.7339200223974616,0.0,-0.10601783720256523,-0.11312521291824196,0.409
11.478294134140015,1.4731673964455476,0.0,-0.12344230209662091,-0.053440694117878496,0.409
11.48849368095398,-1.4706535764375877,2.2059803646563814,-0.028570667152118277,-0.08616786126990703,0.409
11.49871039390564,1.468182581909829,0.0,-0.006376711994655088,-0.08233450468886162,0.411
11.508928298950195,2.202016940056467,-2.936022586741956,-0.04868793553743987,-0.04451936915624195,0.411
11.519107580184937,0.0,0.7367907249092399,-0.04691454654357904,-0.021005859864420967,0.411
11.529268264770508,0.0,2.2144177206279183,-0.08714566794741221,-0.04450355435216692,0.411
11.5394287109375,-1.4763131218321757,2.9526262436643513,0.03586286914625804,3.2152221314252216e-05,0.411
11.549604892730713,1.474030270371585,-17.688363244459023,-0.03440589812302888,0.0046288196192147,0.411
11.559763193130493,0.0,0.0,-0.08467555736452219,0.006861537348027233,0.408
11.569920063018799,0.0,-0.7384164690969696,-0.002212065847057354,0.01200578172218525,0.408
11.580077409744263,0.0,0.0,-0.049627473414800734,-0.04226138317646667,0.408
11.590256690979004,0.7367907249092399,0.0,-0.046311357034958915,-0.020036600317886025,0.408
11.60041332244873,0.0,0.0,0.025291384348541196,-0.04500955421116265,0.406
11.610567808151245,0.0,0.0,0.03913856620941948,-0.018378226494212502,0.406
11.620734930038452,0.0,-1.4753437763812025,-0.08017662178138131,0.0011313998541670062,0.406
11.630898475646973,2.21379436533815,-1.4758629102254333,-0.02217019449041314,0.08295062856393584,0.406
11.641059637069702,0.0,-1.4762092024683826,-0.029513754496254513,0.002047966397887388,0.406
11.651216506958008,0.7384164690969696,0.0,0.03192852732084426,-0.022857081118866224,0.406
11.661372184753418,1.4770062916705793,-0.7385031458352896,0.08240112470197726,0.05800291946538855,0.408
11.671540975570679,0.0,0.0,0.1181269935683309,-0.018111028036488876,0.408
11.68170952796936,1.475136225087925,-0.7375681125439625,0.17255265118232016,0.010067964329097179,0.408
11.691919326782227,0.0,-0.734588422109614,0.1372552444629643,0.04403174184431204,0.406
11.702075004577637,0.0,-0.7385031458352896,0.03161394151502624,-0.0071117332025157284,0.406
11.712230682373047,1.4770062916705793,0.0,0.08463478109412453,0.028566968896547848,0.406
11.722392082214355,0.0,-1.4761745659314875,0.09998088891372128,-0.018567705043467837,0.406
11.73254919052124,0.0,0.0,0.1057097126698075,0.05109883811184427,0.406
11.74274754524231,0.7354127410870835,0.0,0.19762492861516162,0.09603196574786219,0.406
11.752954006195068,0.0,-0.7348286575252867,0.21097798445753377,0.029109554600421927,0.399
11.763124465942383,0.7374297904261803,0.0,0.16983002600433053,0.05074304265887953,0.399
