time,meas_r_x,meas_r_y,meas_v_x_dot,meas_v_y_dot,state_z
0.0,0.04013006162860243,0.05350147926338147,-0.009053868539685178,0.0826504333906257,0.4
0.010204076766967773,0.08739733053423351,0.05932189366766904,0.05572806562459946,0.04625328218703223,0.4
0.02038288116455078,0.03762737976932065,-0.0002677000165118481,0.10057813154758552,0.05018992058207596,0.4
0.030550479888916016,0.09109102265553112,-0.02805120911502993,0.031878808495812413,0.051421608793385185,0.4
0.04074287414550781,0.03520048694249952,0.05371732193977624,0.03356250587982154,0.07486162473883473,0.4
0.05092453956604004,0.008608888387872597,0.04629277321669871,0.07903581959172906,0.018650202236488632,0.4
0.06122732162475586,-0.016014581881766316,0.027026834228529684,-0.004327866124790664,0.07710982955496416,0.399
0.07140302658081055,0.0376108486869899,0.013802487603278835,0.03744704861365693,0.02201422733610046,0.399
0.08157181739807129,-0.15735735851257493,-0.0014703664864318456,0.09803719167484583,-0.025263765069926076,0.399
0.09175848960876465,-0.11536060168077232,0.019157535392538182,0.022754281967639137,0.02344937057159895,0.399
0.10195636749267578,0.06947732643223997,0.009299495903984717,0.011542198475661125,0.11156442102807562,0.398
0.11213970184326172,-0.4445412267047708,0.1708198356512575,-0.010355502938221822,0.13400077708640662,0.398
0.1223001480102539,-0.13231074408724927,0.044310311941458784,-0.07171914220232507,0.03242984556767045,0.398
0.1324939727783203,-0.03583470942392731,-0.040280671434253276,0.008661025765943922,0.10285436500054393,0.398
0.14281296730041504,-0.15991849828185473,0.015989494696339823,0.028059423944795006,0.03140952151774624,0.398
0.15315818786621094,-0.14715054640616668,0.016417879528375263,-0.024431462269414395,0.07763318252607651,0.398
0.16337323188781738,0.05081545575510097,0.016417879528375263,-0.024431462269414395,0.07763318252607651,0.394
0.1735544204711914,-0.05720566138700743,0.02351059210030214,-0.07518247416804665,0.058920254524562975,0.394
0.1838374137878418,0.14604226994405034,0.011789053204895818,0.012554955859063827,0.05888859138367409,0.394
0.1940310001373291,0.21685039774311943,-0.21986344184547596,-0.04725136561880974,0.025237116491902925,0.394
0.2042405605316162,0.23494770041065388,-0.014954933771792172,-0.0480962134193805,0.03260429513222971,0.398
0.21441388130187988,0.23496714074438438,-0.014956171191451666,-0.08878140696186776,0.03435287651901464,0.398
0.22459816932678223,-0.23293202171975813,-0.012499402133544833,-0.08986809431299284,0.04312848476065123,0.398
0.2347698211669922,-0.4539049144353341,0.028204306197431476,-0.1264783404672839,0.029695268394585216,0.398
0.24494647979736328,-0.16315295112117567,0.0009608624757616011,-0.11376428892436041,0.06607385975795689,0.398
0.25527048110961914,0.26737685928753085,-0.016538545582687292,-0.13034184067420723,0.09857731662544159,0.398
0.2654423713684082,-0.0044155327410669905,0.019657619649816844,-0.1436152492022614,0.014995335666378555,0.398
0.2756156921386719,0.134704610834908,0.05773045234644422,-0.2164664450474754,0.11501588201199392,0.398
0.28578829765319824,0.12027412920306331,0.02643575697986395,-0.15193060408432912,0.13730683895132328,0.398
0.2959573268890381,0.09736687269706758,0.01372598394966954,-0.2475535750441163,0.05224689513479131,0.398
0.30613088607788086,-0.18147140620358976,0.0418798290861524,-0.2550294694541724,0.03904152090838395,0.402
0.3163008689880371,0.304140274926807,-0.041551206362913734,-0.23025452514580871,0.0322619734615434,0.402
0.3264737129211426,-0.3534099155265265,-0.04342330609979271,-0.26091281504275776,0.11573630187263109,0.402
0.3366432189941406,0.2876103943809098,-0.28036592007022554,-0.255548836123905,0.1662049704367714,0.402
0.3468163013458252,-0.06522702137307203,-0.019934855702889616,-0.2433822569536841,0.060646990713069775,0.402
0.3569931983947754,0.13622878234015687,-0.03860158274899043,-0.2725398012053257,0.010910943445535276,0.402
0.3672201633453369,0.08114852041416565,-0.2107037183390825,-0.225544712422219,0.08551770804208796,0.402
0.3774232864379883,0.16689734111520305,0.2696734086386635,-0.294797203736481,0.1303379320042365,0.402
0.38762855529785156,-0.06967537046188939,-0.13311892912092518,-0.26283238721175883,0.11505793059172985,0.402
0.3978431224822998,0.09435665586185857,0.03236845929010138,-0.2623274169939381,-0.03906264732271418,0.402
0.40812158584594727,0.07738216348542447,-0.03176322875939802,-0.275083405615231,0.0011916003353320773,0.402
0.4183492660522461,0.44177299469665415,-0.29380340824083995,-0.361655629525715,0.052032301710337826,0.402
0.42852783203125,-0.011885966379753914,-0.027282820855553804,-0.3883744413605409,0.08554188239750317,0.402
0.43870043754577637,0.25691114811504884,-0.22914242430957543,-0.3406331012016675,0.11476179434977876,0.402
0.44887328147888184,0.002521738687397611,-0.012744213661269852,-0.30771093063103283,0.03648110307709988,0.402
0.45908427238464355,0.25670003902377975,-0.0469819529791546,-0.3078045326427119,0.04208865061153505,0.401
0.4693019390106201,0.31333689178613205,-0.2702575296499339,-0.36790811613082464,0.1405300271443221,0.401
0.47951292991638184,0.047226573746488115,0.007722337090486887,-0.42251882953125103,0.13216779174684673,0.401
0.48967909812927246,-0.017805080694775346,-0.08463907811620233,-0.37778201241990417,0.1327339582497282,0.401
0.4998500347137451,0.3860100001062055,-0.20473708322139636,-0.36992121373846887,0.05734711913696164,0.399
0.5100369453430176,-0.18805011864136806,0.015022684283773648,-0.35419173446342295,0.11354264256933799,0.399
0.5202443599700928,-0.1881742002113513,-0.005381705855706525,-0.4119571635247966,0.06471385016567718,0.399
0.5304164886474609,1.1119649762292048,-0.07024760237296583,-0.43983077214556965,0.13315624217555622,0.399
0.540597677230835,0.2060489006775161,-0.21418543979719887,-0.3958109574283431,0.15941327128272034,0.399
0.550767183303833,0.4836924180165126,-0.10165632295005256,-0.31277531115594426,0.13003277153944207,0.399
0.5609345436096191,0.23204272396796205,-0.25039356495051757,-0.3885399739234037,0.12254613058338111,0.399
0.5712590217590332,-0.018625835472496015,0.01616777978033285,-0.37514765507037307,0.10015719566081012,0.399
0.5814411640167236,0.05601660594254596,0.05558438182837241,-0.3706127915522971,0.10258517148831124,0.399
0.5916144847869873,0.1475764580971295,0.24436994419548513,-0.425201149579541,0.1089615236403026,0.399
0.6017889976501465,0.5770862299328723,-0.023493937970170384,-0.4417433527225396,0.16543319460397554,0.394
0.6119637489318848,0.4235610160907828,-0.06772177652719112,-0.4727596812196224,0.09306391929270734,0.394
0.6222395896911621,-0.034075403893104594,0.40009123323147616,-0.4443785526319422,0.14001527470179342,0.394
0.632422685623169,0.9910082257744801,-0.5483546407817286,-0.32144868358032497,0.14898134135796182,0.394
0.6426241397857666,0.3393248351080216,0.06504248161563136,-0.34521156069735615,0.10621527398754252,0.394
0.6528348922729492,0.25219783715880345,0.26681657224777916,-0.38463061214043603,0.10972572248626897,0.394
0.6630427837371826,0.1793333671781172,0.15420710477476443,-0.3152562955315966,0.18479090248145155,0.396
0.6732566356658936,0.19151367572875155,0.23016963699781792,-0.4465934723371421,0.06591241531532518,0.396
0.6834704875946045,0.7620242042655828,-0.18660693898437927,-0.4298196786561219,0.14007256021411757,0.396
0.6936423778533936,0.16081508934246355,0.014071014240673071,-0.4271634145089785,0.1319498697444258,0.396
0.7038266658782959,1.0771910838260457,0.020076991598639227,-0.2953184881100147,0.06667921325241243,0.398
0.7139978408813477,0.0714111946688406,-0.18141310142595618,-0.2591729082663724,0.058854612906601766,0.398
0.7242996692657471,-0.20243711104189638,0.03227006324526114,-0.3531575026829451,0.07406835950775986,0.398
0.7344725131988525,0.6869986239162714,0.3916867800290135,-0.25566997009385645,0.035846987058325244,0.398
0.7446498870849609,0.7031258296797558,-0.052019054777880123,-0.2953305541171141,0.09513540348645988,0.398
0.7548208236694336,1.3136626535393654,-0.30252627338493787,-0.30803823106572525,0.1288542143511062,0.398
0.764995813369751,0.1960628659497743,0.03451205791275221,-0.18570700561042439,0.12881090981931037,0.396
0.7752060890197754,0.21046950279143964,0.2663104298937785,-0.2295054259667178,0.13167017768723305,0.396
0.7853758335113525,0.657386936802134,-0.11509599924290806,-0.3261420848592482,0.14040281232669127,0.396
0.7955417633056641,0.07822320680759608,0.0740328209436871,-0.3412157781482865,0.16435530910599172,0.398
0.8057100772857666,0.9720059025586486,0.0096079782547913,-0.3483889214320112,0.020538654733785196,0.398
0.8158752918243408,0.9732790414746991,-0.0033509665131306,-0.31905272111003663,0.03376695785722259,0.398
0.8260817527770996,0.4233799906675532,0.03390618442170434,-0.23545594518601354,0.1295054819621876,0.398
0.8362941741943359,-0.02107246965515756,0.22140339854769858,-0.20856917533008293,0.09723257596991525,0.398
0.8464972972869873,0.7951997702013931,-0.17689992185083184,-0.2890547146323222,0.039389782396991355,0.398
0.8566603660583496,0.36643307883387055,0.20121973437612253,-0.30054863196881193,0.09010117957738553,0.399
0.8668382167816162,0.8083108381662141,0.050567358422206644,-0.28487055377718096,0.054401544238636926,0.399
0.8770081996917725,0.9928512313070468,-0.15772895221857433,-0.2738781764569641,0.08144661584357032,0.399
0.8872687816619873,-0.13177986171009606,0.2089812036976347,-0.23165387717009478,0.07686676266538754,0.399
0.8974990844726562,-0.012808533853202292,0.1754399449901783,-0.24446207783903257,0.03339675916957513,0.397
0.9077262878417969,1.08464747647222,-0.40934122621242014,-0.230513762128167,0.06114882061424222,0.397
0.9179179668426514,1.2369511392240986,-0.39677982400110123,-0.28039567182481173,0.04963312900394877,0.397
0.9281477928161621,0.39630963629179305,0.20814538267942498,-0.303199499410421,0.01473189024761323,0.397
0.9383392333984375,0.8786980730318971,-0.009483510963996326,-0.19468992612832037,0.1608282540286479,0.397
0.9485132694244385,-0.1702649966466096,0.011968134101208764,-0.18895917666384632,0.12074065261565178,0.397
0.9586892127990723,1.9169017871150393,-0.6144326248540658,-0.20670907144856013,-0.0032969928840133663,0.396
0.9688663482666016,0.07217868735512517,0.1828739154826812,-0.15357123690270263,0.021269819700868955,0.396
0.9791221618652344,0.06507696422732093,0.3897190912587393,-0.12357639824958422,0.07954176758090048,0.396
0.98944091796875,0.03529792956736889,0.5776140455127609,-0.16357516324747023,0.004661915564328626,0.396
0.9996731281280518,2.0004660121795252,-1.1952722726876668,-0.17816942088661641,0.11884811804077507,0.396
1.0099153518676758,-0.1074231639533035,0.5693432471200258,-0.07626507457898879,0.12931446425056667,0.396
1.0202386379241943,1.7332560815463087,-0.9649038020826983,-0.12697276606589974,0.06391951186083311,0.396
1.030466079711914,0.10224455292520097,-0.019234380279489226,-0.2018926616498074,0.034482871637927626,0.396
1.0406506061553955,0.07334920931336396,0.6118793840303588,-0.15862727541728827,0.1297178151692147,0.396
1.050828218460083,2.091773192128254,-0.820123457643054,-0.06894877943905374,0.05868064240648517,0.396
1.0610082149505615,1.584040298353817,-0.6118591876385845,-0.08078952438278418,-0.05299949144321531,0.394
1.071185827255249,0.6855183109224299,-0.0427036456288734,-0.10326324832766375,0.018314326545756515,0.394
1.0813984870910645,-0.09826609991419834,0.16567650516493992,-0.1002641614249648,0.10797042693258359,0.394
1.0915651321411133,1.7664828669998558,-0.632878017011799,-0.1299370069958885,0.07423792021522548,0.394
1.1017298698425293,-0.28257378500341807,0.12901697853365376,-0.11129786028358041,0.05755123179108392,0.397
1.1119024753570557,0.26866861305240414,0.37440188041835654,0.031748042931937503,0.1292495415305443,0.397
1.1220693588256836,-0.3358023927053754,0.33439185236558977,0.09901693221741603,0.0932004543208792,0.397
1.1323933601379395,2.166537509970592,-1.0598398627056973,-0.007836398844260527,0.044046368485454006,0.397
1.1425690650939941,2.3582666503265974,-0.6342904177298674,-0.12384660429439165,0.04261470842912597,0.397
1.1527678966522217,-0.20076145179814922,-0.027256472728984724,-0.007759123064864863,0.0622660940902494,0.397
1.1629664897918701,0.970654548430224,0.38399921877011284,0.10545857978121734,0.02555696955446026,0.395
1.1732041835784912,1.7072883122021782,-0.6146172967255898,-0.00611535939808944,0.13813354250831258,0.395
1.1833899021148682,-0.09298831069174217,-0.014525089094282965,-0.00611535939808944,0.13813354250831258,0.395
1.1936345100402832,1.9472778337716592,-0.8530661426343707,-0.003037597600520346,0.05519518511126474,0.395
1.2038145065307617,-0.02654017039062559,0.21490388697193533,-0.009049324461726693,0.09864528265880718,0.401
1.2139935493469238,-0.026540413976883594,0.4161098526195927,0.008941531741939743,0.11163463816360843,0.401
1.224184274673462,2.1151793568306405,-0.8521974355693592,0.07647106561805468,0.1271421943964751,0.401
1.2343618869781494,2.158052976619558,-0.8678324599897894,-0.0018737781112003402,0.1396633643605405,0.401
1.2445752620697021,1.1688928249429376,-0.8605863377279237,0.034838633771666294,0.14950998978295812,0.401
1.2547447681427002,1.1129035571485013,-0.8248431572821959,0.07252204896997512,0.047638644922680856,0.401
1.264915943145752,-0.09534925973993225,0.5846860014333664,0.07252204896997512,0.047638644922680856,0.401
1.2751214504241943,0.6211515268149584,-0.4309889698766364,0.07049814527690242,0.13166056871553516,0.401
1.285346508026123,-0.07409705977973004,0.21147436786898535,0.06467140545545669,0.12263665553062197,0.401
1.2955219745635986,-0.2058645317367225,0.39829487035606437,0.15555024826614972,0.10604061351454408,0.4
1.3056972026824951,1.9228344262870285,-0.9685984635075432,0.23223489990856017,0.06484948934373926,0.4
1.3158774375915527,1.9457201259812242,-0.9643504876080288,0.200949871395796,0.10168619991612259,0.4
1.3260869979858398,-0.5150496334046429,0.5844453689193938,0.19649028708401461,0.15575312266045566,0.4
1.3363776206970215,1.629765168860417,-0.6627834309071292,0.2037847284132437,0.05599871597382957,0.4
1.3465509414672852,0.2905614358081481,0.1749652932250659,0.10157798695079386,0.046375570295056484,0.4
1.3567378520965576,1.4676891507562855,-1.062361773766775,0.1601680707248156,0.08875395135093712,0.405
1.3669192790985107,0.5874844205224584,0.15121769585030453,0.2952724052197935,0.1700974848064776,0.405
1.3771426677703857,0.08392587378382795,0.03400616174331254,0.3014780585183829,0.128878800166379,0.405
1.3873932361602783,0.2025371134198801,0.8349428802844415,0.293196883626797,0.1310422806122456,0.405
1.397592544555664,-0.2293479303248129,0.01634398357412613,0.37250804036104757,0.12456530612345107,0.408
1.4078083038330078,1.7799750733484172,-0.9856720684849847,0.33026340340812366,0.12347757428393774,0.408
1.4180104732513428,-0.0587371198490587,0.041224829698832795,0.2384344937275655,0.18512366211028358,0.408
1.4282314777374268,-0.21855904497382578,0.41492241259503515,0.22333896059393984,0.09132586348389314,0.408
1.438422679901123,2.0718502076895016,-1.194254168397413,0.29284763428668015,0.09712816601440222,0.408
1.4486494064331055,0.015880533809891753,0.42264310214604095,0.3298923979181303,0.13557988540605614,0.408
1.4588282108306885,0.16025175800590227,0.23258779884757066,0.2417749227481619,0.10955706950683668,0.408
1.469020128250122,-0.30997404030378717,0.7880099216320594,0.20310416388126257,0.09736506406434073,0.408
1.4792044162750244,-0.01702985595032608,-0.02314735986407421,0.24257156616972236,0.07772530104551094,0.408
1.4894211292266846,2.043719250290769,-1.4314748388742635,0.311183745746676,0.12092834046346915,0.408
1.4995951652526855,-0.07094064422289462,0.19547970229407033,0.34865115932851876,0.09433324899054893,0.407
1.5097692012786865,0.11133362320981534,0.019772847177050103,0.4075416758961643,0.1512991565765941,0.407
1.5199580192565918,1.1913734900809225,-0.10633373618003307,0.37763106720549267,0.08750040829563385,0.407
1.530134677886963,-0.3530239090827454,0.2772451350066336,0.37913835856285244,0.051324402449795706,0.407
1.5403094291687012,-0.24380670904993365,0.399224563435688,0.39773373223958297,0.10853036345253456,0.407
1.5505249500274658,1.9147927991570013,-0.648951623045189,0.3895356352036876,0.048944848913272686,0.407
1.5606961250305176,0.07607496700438626,-0.04566302801552582,0.37369788776913127,0.0803251176089316,0.408
1.5708701610565186,0.2368393166923947,0.13265597138087712,0.4756425616731401,0.12117627600095997,0.408
1.581099271774292,0.08413383638764109,-0.011163264101165325,0.41438225846949983,0.10388554227258345,0.408
1.5912795066833496,0.3885841100138854,0.1599391107557225,0.35659185835169394,0.1047351449316089,0.408
1.6014556884765625,0.06929485112876323,0.2419982917683628,0.44609770392104897,0.08728149696600579,0.402
1.6116478443145752,0.37950056608516247,-0.14225632712299385,0.471225193037884,0.08297619970452995,0.402
1.6218349933624268,0.3663069366936663,-0.13779163369200673,0.3966132769514595,0.14693766625867835,0.402
1.6320180892944336,0.451438532516793,0.015441958802392375,0.36480506059136847,0.10421959212705273,0.402
1.642200231552124,0.09015692559847772,0.029753017398225313,0.33803141330375325,0.11199728969776879,0.402
1.6524462699890137,0.10378998677009933,0.22368494392001423,0.3955236612778714,0.07674671265978367,0.402
1.662660837173462,0.4192493828199375,0.24297060639377058,0.4354141458953132,0.014176731105619938,0.402
1.6728875637054443,0.12938922182991822,0.227266647483267,0.42164946183937735,0.11162947391783906,0.402
1.6831531524658203,0.0810388884984806,0.0756914433293622,0.4514520460307564,0.06403339451335818,0.402
1.6934974193572998,0.01765984012438683,-0.01655115285011741,0.4241060982060621,0.11300243683590366,0.402
1.7036921977996826,-0.0775132057780055,0.24744827630989574,0.49973088643015307,0.01982535424152643,0.404
1.7139010429382324,-0.07751458892799723,0.247175777861249,0.5053167757104329,0.021584503663693515,0.404
1.7241079807281494,-0.13418068579256853,0.6322635486573791,0.3866823458454294,0.06935235887618972,0.404
1.734398603439331,-0.09162257952715809,0.22738131685822038,0.4095819996978791,-0.017213384941433645,0.404
1.7445785999298096,0.02773175621057023,0.6393645161306032,0.3726461174660317,-0.018382652369088905,0.404
1.7547602653503418,0.22140635879302262,0.3082289015642129,0.41099764948515544,0.06452999444886248,0.404
1.7649366855621338,0.051524111701836725,0.26596451277726246,0.45732911596273274,0.1019609103254579,0.404
1.7751662731170654,0.16169565194961702,0.33068698910235944,0.41195781394571235,-0.024382187748738855,0.404
1.7853446006774902,0.2146168560765925,0.07186023386329728,0.4480401876409595,0.009481569484776319,0.404
1.795600175857544,0.2122731977903632,0.30153647292386415,0.47373795088025217,0.07697694918916298,0.4
1.8057787418365479,0.1203610200301058,0.3088997485550246,0.38747481598974587,0.06408095211955431,0.4
1.815953254699707,0.04597445221388863,0.24969774344780668,0.36138641895078394,0.023789287101631605,0.4
1.8261473178863525,0.19294493122036,0.03948025177443692,0.4044710850161812,-0.03751954100623267,0.4
1.8364355564117432,0.11262103902416143,0.274126151299627,0.30236312588906444,0.006463498451087686,0.4
1.8466076850891113,-0.5191074204247883,0.4665799119336954,0.3099936365687668,0.055356130642260165,0.4
1.8567795753479004,-0.5088961888411788,0.674407477624213,0.283279232128262,-0.0138426547628899,0.404
1.8669517040252686,0.12195528382988134,0.29108642423633957,0.2846711040964128,0.021797168298376836,0.404
1.8771469593048096,-0.2865151377068717,0.027670526807752168,0.3869832829453931,-0.00830544023174122,0.404
1.8873865604400635,-0.33443756694928695,0.23978393970104822,0.3060038106223775,-0.08251178807036402,0.404
1.8976073265075684,0.09138192664012189,0.07674668539911256,0.3170878133571636,-0.016260301109530535,0.402
1.9078092575073242,0.046219942778158794,0.04178789130406824,0.33039454873309765,-0.05951419302544632,0.402
1.918029546737671,0.04368049745456553,0.03208926172417207,0.3092086575578379,-0.06080460365538214,0.402
1.9283089637756348,0.09391153996551824,0.25299663254689125,0.29731005351611517,0.07448819136986674,0.402
1.9384939670562744,0.022205301247488058,0.23760959142063748,0.24476313698385915,0.02242543420717849,0.402
1.948669672012329,0.09434264626714473,0.30944575384050327,0.3143230765324911,-0.04888747730791583,0.402
1.9588541984558105,0.07459981088134701,-0.18186591208941344,0.36761869192751173,-0.0736248309668069,0.404
1.9690361022949219,0.11031281687224974,0.019969291823914045,0.21528286890435397,-0.07998321082916043,0.404
1.9792308807373047,0.08659483274412157,0.03340336191894642,0.2775112318991167,-0.05910676687121957,0.404
1.9894025325775146,0.0697669070073538,-0.2179808067596582,0.30602935369589435,-0.11079574320095424,0.404
1.999587059020996,0.04560835272880218,-0.18362312264452266,0.2539725598798609,-0.08735217055826905,0.4
2.0097615718841553,-0.707236516945144,0.8084478879873341,0.1875552690877285,-0.04284080032397075,0.4
2.0199477672576904,0.1442205336026499,0.012697604981535833,0.2260554460670156,-0.1346136024539075,0.4
2.030240297317505,-1.1345040209261852,0.5447163642376066,0.2726752506776312,0.06860811423417319,0.4
2.040450096130371,0.18502189872883681,-0.055609807954383104,0.28238452361364885,-0.04820639494901104,0.4
2.05063796043396,-0.16112429018739205,-0.004293494153000553,0.26803955087619386,-0.007520177821465843,0.4
2.060819149017334,0.028162317342326545,0.03462313838882893,0.2871557240446478,-0.023136885464828782,0.402
2.07099986076355,-0.16380133998767704,0.010083657531568547,0.22816687558557464,-0.0861105546520283,0.402
2.0812876224517822,0.12388608461179983,-0.015281726950750038,0.16582726334199202,-0.04018328597486559,0.402
2.091463565826416,0.038782255550398624,0.013874398438460226,0.14036174305654556,-0.03928408884123724,0.402
2.1016435623168945,0.07924366898242495,0.015792783091285463,0.13270386448014912,-0.06641275645670132,0.406
2.111818790435791,0.14944670730335521,0.03189454686003469,0.12190678000394294,-0.05621358344807252,0.406
2.122000217437744,0.4044678031299544,-0.20312856896036482,0.2371951479067128,-0.04058762615926191,0.406
2.1321918964385986,0.07677032960802818,0.008032570313896903,0.1934363902968557,-0.09015658407738064,0.406
2.1423776149749756,-0.7345638559695032,0.15330408787530037,0.17016317635951733,-0.0863502597234926,0.406
2.15258526802063,0.06968492126464493,-0.04775788069036523,0.1645395499459516,-0.08194291462755389,0.406
2.1627981662750244,0.13842147670854738,-0.04227643993684833,0.13628044526667957,0.007435631989455668,0.404
2.1729910373687744,0.08514381079956569,-0.03926177345332383,0.19504619790648406,-0.02207218370778441,0.404
2.183291435241699,-0.3642236579857703,-0.44170891130833523,0.22743353306751965,-0.019618873614686172,0.404
2.1934664249420166,-0.5213623935301911,0.19400702999079214,0.11829454493835392,-0.020951182558594315,0.404
2.2036447525024414,0.0973270521691104,0.384383495314892,0.1147580100414803,-0.060655183355822935,0.404
2.213824510574341,-1.3108828005966586,0.38432329205965865,0.10971376041967568,-0.05060641541366006,0.404
2.223996877670288,0.13974942176221095,-0.05604259411922204,0.23025044652382215,-0.04933842978158455,0.404
2.2343010902404785,0.3193817541127516,-0.040365755491847566,0.09842503189035559,-0.022664445199960102,0.404
2.244473695755005,0.17797689823417978,-0.05838049110477359,0.10636026143372557,-0.03766978227622817,0.404
2.254643440246582,0.11619440671951002,-0.06001896442914093,0.0975673835360039,-0.04516894026787717,0.404
2.2648189067840576,0.04811418186007345,-0.23692469694451349,0.161956474960409,1.59782452572102e-05,0.405
2.274996757507324,-0.11038761082119726,0.05506170639777961,0.092706915043854,-0.07332979307832019,0.405
2.2852675914764404,0.10345875610938432,-0.6006039733979268,0.06813810280949327,-0.07205364990270163,0.405
2.2954390048980713,-0.14820167080847835,-0.05098212650269732,0.06222645665153381,-0.049194526620114296,0.402
2.3056094646453857,-0.5261070854031891,-0.04680931989620662,-0.035291479091816444,0.025855840028505495,0.402
2.3157804012298584,-0.4971153726296229,-0.03043647853066074,0.039553675077081366,0.027531620330118182,0.402
2.325961112976074,0.1318883455902441,-0.05648730505378446,0.11288075753819445,-0.031480647544970236,0.402
2.3361682891845703,0.06319687771243375,-0.08836163738610028,0.07463480115617212,0.020495336679251887,0.402
2.3463544845581055,0.0015085237541707323,-0.43978895684410635,0.07121847169039476,-0.013907850529460197,0.402
2.356523036956787,0.21618630958228896,-0.04129325706053475,-0.01898470448096773,-0.0516368630185847,0.4
2.3667008876800537,-0.22780679139443114,-0.0876623563457584,-0.009318190991579545,-0.0038245436766677007,0.4
2.376905679702759,0.02973064973150106,-0.05883851290571517,0.02488637432363207,0.07903949333619069,0.4
2.3871002197265625,0.017530569560772254,-0.3151759733365824,0.029283442303411608,0.04044988394261017,0.4
2.3972957134246826,-0.7723969333391274,-0.05579154963198836,-0.002224020418683581,0.032464393008577834,0.402
2.4074862003326416,-0.5792356738663756,0.35793243664159674,-0.01538816539980327,0.006982528787556019,0.402
2.417696475982666,-0.07313011604277375,-0.027829744063270666,-0.03715509884601098,-0.03138887769514562,0.402
2.4278857707977295,-0.21654231698369042,-0.03658478324672015,0.013693252433513867,0.11916385031216085,0.402
2.4380691051483154,-0.002988987285203567,-0.040035054248303836,0.05723986512692812,0.08422196174266208,0.402
2.4483635425567627,0.14406007060030449,-0.2853296033049395,-0.00769229206534057,0.01879231924520718,0.402
2.4585354328155518,-0.18398557062206852,-0.02224009751182458,-0.020667368798455876,0.11776109436205902,0.404
2.468707323074341,-0.16913128773820862,-0.20528972039916388,0.03904917616220843,0.10293790700982372,0.404
2.4788830280303955,-0.18105994794897903,0.0307943808394198,-0.03247900981906193,0.08192517086029691,0.404
2.4890685081481934,0.08546688579607825,0.023389651764056288,-0.051957551406732944,0.07068868395876317,0.404
2.4992575645446777,0.05859883409986953,-0.009213765920121332,0.05930772567113253,0.05084307561972429,0.401
2.5094292163848877,-0.05063405193871459,-0.23188397802749672,-0.03345006160727984,0.01520868334464413,0.401
2.519597053527832,-0.00024764816446903675,-0.007497296755181516,-0.04929720254660369,0.05174499659708229,0.401
2.5297727584838867,-0.01713402224732876,-0.062489770488876446,-0.07410263824166066,0.07865448245833417,0.401
2.5399441719055176,0.07858489925624136,-0.042313671682678904,-0.060806747804965325,0.07965239487141887,0.401
2.5501744747161865,-0.04251013846354147,-0.29119095602437056,-0.0019411364271647996,0.1535532886219775,0.401
2.5603652000427246,-0.007043823509559437,0.01768487329543586,-0.02202248358669119,0.0015481991110774668,0.402
2.570544481277466,-0.026744957238915033,-0.023000311117093854,-0.025268847351365253,0.019576739654067192,0.402
2.580718755722046,-0.08002714608743242,-0.03507918265079284,0.005305321115416983,0.15537259779223955,0.402
2.5908925533294678,-0.08784972316813136,0.02446612180985543,0.0064156248928443765,0.17161449696228537,0.402
2.6010656356811523,-0.07473955163610342,-0.019084932902067805,0.027112424051009373,0.12245660991004703,0.404
2.611318588256836,0.2523011050536188,-0.026573883436769488,0.04706213301244562,0.10484881919626415,0.404
2.6214916706085205,-0.14868283647169817,-0.03791733797658819,-0.0262524656800857,0.038983188730883654,0.404
2.6316633224487305,1.9267322099530166,-1.6291443124421567,-0.0014151479950255536,0.1328892111091422,0.404
2.6418344974517822,-0.18549927901313695,0.02770027509525627,0.0880006637082013,0.03988062900988557,0.404
2.6520299911499023,-0.17280763372269317,0.03285227691129273,0.03343202801909018,0.021051117641221456,0.404
2.6624386310577393,-0.33849978515335555,-0.03641653215708715,0.07442832412724111,0.05176722900165171,0.401
2.672650098800659,-0.20521119988650177,0.3080942904596688,0.08204761028907451,0.08532237751948336,0.401
2.6828436851501465,-0.19483921087765277,0.08479853062829444,0.04662955373556141,0.16088763787466856,0.401
2.693030834197998,1.6950198955431124,-1.5133646135476222,0.17840748862155048,0.09506588593201012,0.401
2.703227996826172,-0.215341048841125,0.19636041914879568,0.14639033934617512,0.0969983494370544,0.402
2.7134079933166504,-0.2153482553075848,-0.004466770966551176,0.19841118464658405,0.112105552018721,0.402
2.7235846519470215,-0.1362354863528108,-0.02732777483580666,0.09675674747860039,0.12168191436551215,0.402
2.7337629795074463,-0.09046950515235962,0.20903700306603631,0.20083553154902234,0.14604592002297456,0.402
2.743936538696289,-0.1881031579090113,0.147648008733783,0.2589954344874192,0.09960986396879908,0.402
2.7541353702545166,-0.15671611836152588,-0.05821209215676499,0.3424951866744219,0.09535547853761896,0.402
2.764427900314331,-0.7246626977715303,0.575690487893073,0.2909148740537141,0.17061828632609446,0.401
2.774609088897705,-0.1277415177904439,0.02707327486821069,0.26554824900266155,0.19784612284485809,0.401
2.784787893295288,0.6249591560122204,-0.18290092209439074,0.2671096660570277,0.18746933016992498,0.401
2.794966220855713,0.4849815456014927,-0.5846067279391959,0.3755113547425585,0.1282286844647037,0.402
2.805192232131958,0.11109115719487728,0.1615767719246768,0.350037245718327,0.11668203959646278,0.402
2.8153858184814453,0.03299105649348221,0.15764188495628562,0.43017897955122014,0.17130385151337843,0.402
2.8255605697631836,-0.23495299984200158,-0.030440043834979565,0.4303403689945671,0.09364327489942514,0.402
2.835733413696289,-0.2694488027009887,0.014871493033793318,0.421435742043037,0.19676616433406405,0.402
2.8459084033966064,-0.24617500987228755,0.38217301584986046,0.35312459936642066,0.14089114877059464,0.402
2.856081247329712,0.09780215472361706,-0.018069966494972747,0.43419135567997996,0.13869803456466023,0.399
2.8663547039031982,0.53154661305092,-0.22520791459766717,0.4233089635288513,0.11848213603390045,0.399
2.876528263092041,-0.12363147924838813,0.03773831715521303,0.5101059827015756,0.15435925083811897,0.399
2.8867180347442627,-0.1391003661520329,0.043675426373424524,0.4789559098333845,0.17658973957464813,0.399
2.8969290256500244,-0.14808119576968387,0.19255130196050177,0.5662654256534824,0.098243617188005,0.401
2.907132148742676,-0.0040521722612987,0.0220515495969541,0.5286044683462349,0.047596336528653235,0.401
2.9173216819763184,-0.015159528578130875,0.012765770263110265,0.6547072976253182,0.0803576637990196,0.401
2.927537679672241,-0.13806234438299306,0.045863307492342166,0.6131437182083247,0.10849199632569792,0.401
2.9377262592315674,-0.10751856508444328,0.25738720289916495,0.5001631121182494,0.19956939142394045,0.401
2.947908878326416,-0.0374278006292075,0.317104540353732,0.589094547761491,0.15066482666664743,0.401
2.9580953121185303,-0.15371416040054678,0.5242837666243747,0.6600755256529939,0.11686062137715414,0.404
2.9683423042297363,-0.17625985812746167,0.04043690134141107,0.6989597224507503,0.051014929904217673,0.404
2.9785258769989014,0.07597366589644276,0.4362231672684559,0.6493503074400631,0.03781240347856634,0.404
2.9887022972106934,-0.13336555384910045,0.21421897466649195,0.6682072351595814,0.07916029124431972,0.404
2.9988744258880615,9.95559506802584e-05,0.04433497485081985,0.6088073362909292,0.07423722241881385,0.399
3.0090599060058594,-0.08708723503010647,0.2261615197969152,0.6501217160297638,0.14364139212100396,0.399
3.019347906112671,-0.11197844684323553,0.09950010114275427,0.6123573780939305,0.1255133313183532,0.399
3.0295183658599854,-0.03321973984405978,0.10053628310467713,0.6404482041305846,0.11034127162939716,0.399
3.0396883487701416,-0.07897448225235514,0.27816767118939545,0.7257064399070488,0.01684237192344515,0.399
3.049863815307617,-0.014851019055889692,0.062442487467714775,0.7158390067911089,0.031593093790751606,0.399
3.0600380897521973,-0.04777590021191985,0.06729115811464624,0.6972469771658955,0.009530786177999713,0.399
3.0702531337738037,-0.10888489394809386,0.05952684547896603,0.7008333108845423,0.021668099242049325,0.399
3.0804314613342285,-0.2204542050302486,0.036627167943177254,0.6874758224004135,0.07792737965265849,0.399
3.090609312057495,0.07800874655929028,0.25605807341852804,0.6734706260200484,0.10017228689906772,0.399
3.1007823944091797,-0.8429141094191719,0.85542786128639,0.7451528402224528,0.08055284531203034,0.4
3.110957622528076,0.12866861817710293,0.015538447305344368,0.7119121004731725,-0.009742006811009118,0.4
3.1212120056152344,0.08367168496465902,-0.1741433177813214,0.7493097721496128,0.009969264794637432,0.4
3.131403684616089,-1.2621156626064634,0.4541144894432411,0.7459973737657948,0.005532107707440708,0.4
3.14157772064209,-0.2811755286901437,0.2853122939514024,0.7702552394817086,0.043521916823454576,0.4
3.151756525039673,-0.31318234614056817,0.12439393772467311,0.7106957916985112,0.0035143359661754664,0.4
3.1619300842285156,0.04377336485252101,0.30911366199132884,0.6413723130019316,0.02769356812473247,0.401
3.1721267700195312,-0.08556628189827854,0.0400049884518625,0.6524613264557759,-0.0011888748224564427,0.401
3.1824800968170166,-0.0651487515013546,0.02275294403329476,0.639161281123018,0.034687252601760386,0.401
3.1926770210266113,0.765541408376884,0.3903287509803023,0.6539965992810597,0.0009238295873717633,0.401
3.202867269515991,-1.8045186691460322,0.02743879036562531,0.7102542883584089,-0.04061664312612367,0.403
3.2130558490753174,0.006524356637902552,0.027441579600290904,0.7295181214791575,-0.03995155142070744,0.403
3.223252534866333,0.024595190674867633,-0.40475967849696953,0.7257283303396334,-0.0451688197609123,0.403
3.233429193496704,-1.7455991059600373,1.260734641030604,0.6787701073499519,-0.026688054395153267,0.403
3.2436070442199707,0.12098357505780201,0.04521086926902888,0.6827784182643388,0.018913626659790926,0.403
3.2537789344787598,-0.007990559887546184,-0.31738256694819145,0.6865186451894763,0.026319342390126482,0.403
3.263951301574707,0.08796074730881767,0.07939845509293164,0.7074901651642551,0.017636655850150368,0.401
3.2741191387176514,-0.08387680203564467,0.004009080793074153,0.6535390937608124,-0.01210682058242811,0.401
3.2843403816223145,0.039396898275463284,-0.2390856523585542,0.6453278866911661,-0.05307120166442944,0.401
3.2945098876953125,-1.4224095940749044,0.6115600622520133,0.5755042321720003,-0.060301755983553945,0.4
3.304682493209839,0.07596616355285435,-0.2114841768726259,0.6151784289760144,-0.022865640351761335,0.4
3.314856767654419,0.16042999269823818,-0.2316787036852171,0.5709787644600923,-0.03868235544430584,0.4
3.325033187866211,-1.5919569825474582,0.2506441667064058,0.6228753446927048,0.06093118859160293,0.4
3.3352243900299072,-0.10366146256656979,0.09516600262371608,0.5828585309679135,-0.003379716071863631,0.4
3.345410108566284,-0.27579540166289146,-0.13638225827769804,0.5569624378378203,0.03254542501270971,0.4
3.355578899383545,-1.4879009631692344,0.4159288979733027,0.508298754005365,-0.099056972889372,0.404
3.365760087966919,0.04677029137687577,-0.026465672646579,0.5521678970997699,-0.007706934558332948,0.404
3.3759772777557373,-0.3603767360217055,-0.0663301387625374,0.46964812548628543,-0.003868776263633522,0.404
3.3862078189849854,-0.5436968737171393,-0.06469669372379339,0.523145770570797,-0.02524123631043025,0.404
3.396406412124634,-0.00645867141269448,-0.2829833834804571,0.5117420176532099,-0.04424892671651834,0.402
3.406587600708008,-1.2566406998126398,0.5578753265698084,0.5422920005574439,0.010405012850251569,0.402
3.416759729385376,-0.3264242861639937,-0.4404744898903765,0.5201247090192985,-0.05513411936204654,0.402
3.4269418716430664,-0.05234625584795461,-0.2501578539375022,0.4993827749847865,-0.04452891825215345,0.402
3.4371931552886963,-0.8316497318864807,0.3986391448346582,0.4426181929184865,-0.04126099939044493,0.402
3.447416305541992,0.14743766544723405,-0.1670990157134503,0.48013180265951794,0.02722422407421643,0.402
3.457594394683838,-1.6625748474434967,0.9987050983867503,0.44748798686607616,0.029161102987372123,0.397
3.467768430709839,0.0614002642105464,-0.8189905304325263,0.3914036743714246,0.020825019808156556,0.397
3.4779512882232666,-0.04637547338372418,-0.2380588675799831,0.33024491180416665,-0.00522127757856234,0.397
3.488133668899536,0.05752884503603495,-0.45558847426430754,0.33462635182041556,0.0704931445583808,0.397
3.498372793197632,-2.0724789642893056,1.1466510386665463,0.27944609570212353,0.03199180760174678,0.4
3.5085508823394775,-1.4737975000695047,0.5332300397353882,0.26848317451528814,0.02219878730670758,0.4
3.518724203109741,0.13212922763281568,-0.26191686302223144,0.358630442402965,0.11488491694509982,0.4
3.5288984775543213,0.39412244299186133,-0.7464362467344599,0.2906100044798411,0.0668665663776899,0.4
3.5390841960906982,-2.1197512584621894,1.3151358360775232,0.27890232062923487,0.11144526902594315,0.4
3.5493133068084717,-0.05616539691986193,-0.12222832666817555,0.2637263083760438,0.05079918659477078,0.4
3.5594820976257324,-0.35765016801862193,-0.39432785910730295,0.22490683495986313,0.09936579876813792,0.402
3.5696604251861572,-1.4924578768556531,0.7987615371671654,0.2680284162591536,0.0772047753304789,0.402
3.5798470973968506,-0.2035392607014014,-0.012413838785282644,0.26919324917839904,0.06981187935460509,0.402
3.5900261402130127,-0.24476468803972798,-0.45465026408304343,0.20200461752245524,0.0015084469939530762,0.402
3.600271463394165,-0.0015182249518654722,-0.44953555850194704,0.13816243602127926,-0.014200242152346942,0.398
3.6104657649993896,-1.9305933275693523,0.9341660499231033,0.20781155340075308,0.07045988507242829,0.398
3.6206395626068115,0.07102173308724495,-0.2013352400637476,0.14821098199640909,0.10265296519190847,0.398
3.6308090686798096,-1.1368187771758764,0.20302681683141777,0.1499951652137707,0.12071169349478837,0.398
3.640977621078491,-0.7992120171472655,0.17643517755787633,0.17091318070456318,0.028638422071665677,0.398
3.651200532913208,0.026063055546959372,-0.042054912012850776,0.23888016862597494,0.0697362582191455,0.398
3.6614179611206055,-0.004968225028138231,-0.40781038745606313,0.2499437463701264,0.06154655669459496,0.397
3.671597957611084,-1.0811572733132049,0.41731748095721166,0.1868375102189853,0.03716391661382878,0.397
3.681809902191162,-0.01253536569491417,0.052020940167987584,0.2176930204974326,0.09398027525854899,0.397
3.6920199394226074,-1.9106156470588986,0.8267431965804501,0.24281471344279773,0.042955763507324725,0.397
3.7022974491119385,0.3741890043024368,-0.47984781264655324,0.22679692098693574,0.07330057310528199,0.402
3.712489366531372,-0.027671909825030098,-0.48318716277547996,0.15906285329687525,0.07544746858029158,0.402
3.722670555114746,-1.1422774127378799,0.8316897333079977,0.17733800427941696,0.11601315744462044,0.402
3.732851505279541,-0.0685105164865675,-0.07793605368262882,0.12024408758096113,0.09149840369928497,0.402
3.743028402328491,-1.3466901725370806,0.3319047215934866,0.09711279610517179,0.07227757750603545,0.402
3.7533719539642334,-0.5892920179460882,0.13299242599573122,0.03833295198280803,0.03478878569222124,0.402
3.763582944869995,-0.5944331257909945,0.13299242599573122,0.03833295198280803,0.03478878569222124,0.397
3.773770570755005,-0.20663012087813873,-0.04110793468277184,0.04665433213598029,0.017182319801572643,0.397
3.7839467525482178,-0.366140216828957,-0.06390422818020092,-0.00832643091755253,0.038478317383560084,0.397
3.7941205501556396,-0.17142313274388446,-0.8408778793575128,0.10535134058288655,0.015568282243359932,0.397
3.804311990737915,-1.386043617818156,0.935173404822405,0.036111034985510285,-0.075475453700055,0.403
3.8145334720611572,-1.3158568446272962,0.9894582911184516,0.09565562101901466,0.06756337780218788,0.403
3.8247060775756836,-0.5465799117060832,-0.017237490342717567,0.0872526497041275,0.07541605803409443,0.403
3.8348772525787354,-0.20520168468542677,-0.012330756305338534,0.06981096471769291,0.09808783258328826,0.403
3.8450522422790527,0.036456778872309165,-0.25393847973319694,0.09920172833210796,0.0882641794128613,0.403
3.8552534580230713,-0.47700096502162725,-0.6122593915969857,0.054728092652520224,0.08141259117172353,0.401
3.865442991256714,-1.2474169543561893,0.6099558692552034,0.08107643633929582,0.09461168101631964,0.401
3.875614643096924,0.048780584219683336,0.027747516481395677,0.13698001036042678,0.0229212051848594,0.401
3.8873414993286133,-0.4191083663759327,-0.16621427354295662,0.1269861584064238,0.07882729896989316,0.401
3.8975555896759033,-0.7313004429001891,0.20493982463963314,0.12257076207613132,0.05222004918666739,0.399
3.9078147411346436,-0.289344432699613,0.17512058711617706,-0.010984127451688587,0.04598839902415428,0.399
3.9180564880371094,0.11054720680512886,-0.5029753880463497,-0.04808981481771859,0.061406233888911116,0.399
3.928461790084839,-1.5466549185035061,0.7811746458657991,-0.04063145906768642,0.1251648265124068,0.399
3.9387786388397217,-0.7529915109789899,0.22661659578741822,0.01833203966640537,0.09958852187939429,0.399
3.9490296840667725,-0.6679714363717479,0.08388284390545159,-0.011592983464824735,0.13968396417837203,0.399
3.959289073944092,-0.4302959825559222,0.060061955146603,-0.05397347341114628,0.04572567788758281,0.401
3.9695239067077637,-0.1162207295565183,0.045341397121563716,-0.06842542451922036,0.08747317316836828,0.401
3.9797141551971436,-0.14893928300178813,-0.23615669952010734,-0.039512088085129154,0.05620663060421689,0.401
3.9898929595947266,-0.03939586447715923,-0.00015663511680567767,-0.07555986873226768,0.06073803920159187,0.401
4.000074148178101,-0.8443061803489759,0.18362520663345838,-0.0066677969003270665,0.06648775763147884,0.404
4.0102903842926025,-0.043243412627041435,-0.05512261904573806,0.021859272497832677,0.013915682915848424,0.404
4.020514011383057,-0.24924456907409484,-0.0018582146319618025,0.0006214925053600329,0.037883566704800385,0.404
4.0306854248046875,-0.5954825415991873,-0.1945920391234598,0.05239051202087769,0.1313436820569572,0.404
4.040855884552002,-0.7850064759914831,0.19754846435890722,-0.017489957025871056,0.06252665663783691,0.404
4.051027297973633,-0.1565329977842124,0.17017558299336163,-0.06396957535760095,0.06681342121987449,0.404
4.061264276504517,-0.15524336972741337,0.1688859549365626,-0.06396957535760095,0.06681342121987449,0.404
4.071451902389526,-0.206849850491215,-0.3706632256738914,-0.03901869084871687,0.0029841146427120324,0.402
4.081628084182739,-0.6437524960352421,0.2132813673741858,0.0325170222347195,0.03890839735944005,0.402
4.0918028354644775,0.07077852992836103,-0.1939591394001645,0.005190809350850728,0.0717122831825226,0.402
4.101987600326538,-0.326184070280504,-0.0013920407982689006,-0.06843258423509084,0.09256734496160288,0.402
4.112163305282593,-0.28813495672733624,0.39328728943467234,-0.08113346933097154,0.06806326036135768,0.402
4.122354745864868,-0.590950857286368,-0.018816851879278642,-0.07132235897399894,0.05631723825247265,0.402
4.132568359375,-0.12522623926825957,0.016260774841193783,-0.006321975755664289,0.09972514085513126,0.402
4.142744541168213,-0.03673574550600455,-0.4096416690089352,-0.03559377977423461,0.0003648198642933337,0.402
4.152914524078369,-0.9082976751100872,0.18699964348246,-0.13255531065540135,0.08080688005208293,0.402
4.163101673126221,-0.30361871437977883,-0.21555390865542548,-0.13255531065540135,0.08080688005208293,0.404
4.173472881317139,-0.3447475159556087,-0.030023284881754306,-0.19939093274821554,0.03088000363298843,0.404
4.183751821517944,0.017966156201152977,-0.02603658109505297,-0.2083791176404628,0.013833705345473395,0.404
4.193960428237915,-0.12509379540221038,0.01146264505992349,-0.0763986723716876,0.05251702847291005,0.404
4.204155683517456,-0.6747344346783536,0.1717646476416522,-0.10808146604195243,0.0617093549713196,0.401
4.214493036270142,-0.21138938541450625,-0.031533190128766896,-0.14603853921163099,0.10904533226822254,0.401
4.224672555923462,0.19694794660192375,0.026435411924581077,-0.0893876738239659,0.14732789144204111,0.401
4.234843730926514,-0.1834325430230967,0.03791853990723495,-0.13305858854532399,0.18322362996748304,0.401
4.2450172901153564,0.01311422021641585,-0.018942908213001868,-0.1475143319860079,0.09881786501348344,0.401
4.255255460739136,0.003919685972030644,-0.006554761303169466,-0.09468162446530115,0.012322927046139461,0.402
4.265476703643799,0.03815189978669365,-0.17877795873754654,-0.07588515830903336,0.03450195086762753,0.402
4.275645732879639,0.008536443376917814,0.014203759648023867,-0.13214971293633704,0.10332264493186682,0.402
4.285818338394165,-0.06188536358223508,-0.1964342142765844,-0.12092676110132018,0.14001000397767976,0.402
4.295995473861694,-0.1587131418292327,-0.19080484978381793,-0.17797244399003287,0.10824957132537094,0.399
4.306189060211182,-0.6685902516127535,0.35665618288101464,-0.22341251850080554,-0.004278445554705069,0.399
4.316364288330078,-0.023406374844150663,-0.014696975707495593,-0.11489118417639602,0.09539548712242572,0.399
4.326535940170288,0.023747637261334675,-0.22034922093059242,-0.0813274941839387,0.13048676833627865,0.399
4.33670973777771,-0.6832135980440092,0.23034842325079277,-0.1786371187794964,0.05935547833188204,0.399
4.346878528594971,-0.2017175828611376,0.24101606842012668,-0.21009166273863578,0.11032977552860009,0.399
4.357046604156494,-0.03468397143795758,0.011139863441655025,-0.16870176686680016,0.09790373445279961,0.4
4.367321014404297,-0.6348637541811748,0.2269931038402934,-0.27153411680309797,0.0927988313546244,0.4
4.377613544464111,-0.03865285992087295,-0.27267281612885064,-0.1882794704762587,0.0926999661173031,0.4
4.387804269790649,-0.005404709770351373,-0.07805341209737861,-0.07394643877892718,0.0795980817656905,0.4
4.397974967956543,-0.23683322470410406,-0.024339272063525326,-0.18526796961886366,0.042166674108698746,0.394
4.408144474029541,0.015526970205556155,-0.029102564171995783,-0.1993296244799262,0.07474476045791298,0.394
4.418332099914551,-0.005080931336862428,0.03086416777586874,-0.10232726149407262,0.1689484707890422,0.394
4.428540945053101,-0.033214649472004046,0.035198376261927546,-0.14135686135744718,0.1006157406322169,0.394
4.438715696334839,-0.16387036555221715,0.034153993288269006,-0.23472994416242882,0.03387174007739675,0.394
4.448923587799072,0.09081828159484917,0.005571321570631457,-0.223238412920621,0.03017286666343928,0.394
4.4591240882873535,-0.1724805684338613,0.021480782855315537,-0.1265665784131621,0.08362070758262516,0.398
4.469435214996338,-0.270996553491229,-0.04949950046405155,-0.215869448964306,0.008841613022344097,0.398
4.479653835296631,-0.2808325585575293,0.2607022415666246,-0.24545004172885396,0.08170271492812936,0.398
4.489822149276733,0.08475324149230277,0.043605907621885306,-0.1319926500109626,0.10178059275250664,0.398
4.4999964237213135,-0.35604252678635906,0.0030457177398160442,-0.10842244128903175,-0.00043816131812898437,0.395
4.510167837142944,0.06067017966141506,0.06910549330663446,-0.2557927375432251,0.004952717945005444,0.395
4.520475387573242,0.02623025119881823,0.03267801718465124,-0.26430558426836437,0.0924811252082641,0.395
4.530641317367554,0.01943618541631922,0.0008200016711408926,-0.3430411331255713,0.07604307683329727,0.395
4.540811777114868,0.07672762221940121,-0.033997849868304855,-0.2698657507140329,0.03139030467998205,0.395
4.550978899002075,-0.30561241595795857,-0.18952617909968178,-0.18414174495770175,0.04807970226717907,0.395
4.561147689819336,0.07245441519256623,0.016910481298104827,-0.2037151204693082,0.010210898943311744,0.398
4.571333408355713,-0.13606326585746467,-0.036862727450727675,-0.2713905854022055,0.030284828229882772,0.398
4.5815205574035645,0.023184040269148096,-0.019569630536185524,-0.18467169964970256,0.05954571798974706,0.398
4.591688871383667,0.008580371082471557,0.0055628606515441305,-0.23683094449115732,-0.021953541463893583,0.398
4.6018595695495605,-0.0318878759825867,-0.01664117659528665,-0.24031554484015422,0.047807629591372254,0.397
4.612028360366821,0.06427127665830497,-0.014938170949664332,-0.19388465684032394,0.052067244872760626,0.397
4.622201681137085,-0.10107163180750788,0.1847787881150782,-0.19742965298814596,0.003537564610398794,0.397
4.632502794265747,0.07299236922971673,-0.20866069585279456,-0.1971284893628993,0.08924459510465202,0.397
4.642668962478638,-0.11038504833557153,0.21755071206090676,-0.24620274478356163,0.06926388181767457,0.397
4.652833938598633,0.20805443963949197,0.017825531886518548,-0.21199958028295413,0.10013404794217429,0.397
4.66300368309021,0.006504441565757946,0.017825531886518548,-0.21199958028295413,0.10013404794217429,0.397
4.673173189163208,-0.10057527619874528,0.010303511921391914,-0.2428273861802675,-0.0170323734287389,0.397
4.683369398117065,-0.14762546675006732,0.020858212295629168,-0.22750858544829664,0.09965559585621522,0.397
4.6935670375823975,0.12116577258220285,0.22667392533450462,-0.23736037816872,0.07565988526041874,0.397
4.7037763595581055,-0.05802216817211168,0.2339566778471406,-0.282340338979377,0.041941773705363276,0.395
4.713973760604858,-0.05802026494016603,0.03329855755249482,-0.26993235545211114,0.04006161469028194,0.395
4.724149703979492,-0.15586088821206134,-0.03215664144599109,-0.1724074543885355,0.01969729552754977,0.395
4.734341144561768,-0.17072823965498193,-0.02201451964167388,-0.20638588206638617,0.08719081333562662,0.395
4.744525194168091,0.18286876772170232,0.018382717666096567,-0.22638863946862112,0.18854381627428118,0.395
4.754693269729614,0.11444269313792307,0.16741917549171512,-0.15809683897553206,0.020134517208901137,0.396
4.7648656368255615,0.22847108222281334,-0.2136936851780574,-0.12624795542693232,0.03156248714166668,0.396
4.775034666061401,0.19680070514670592,0.012330232943311899,-0.05071263368037063,0.105352814757607,0.396
4.785277843475342,0.18584250155846183,0.0010926560563045919,-0.04622743709890434,0.05039248572261888,0.396
4.795461893081665,-0.16222987377839376,-0.014519682550188604,-0.1404474946345642,0.07855445260192417,0.399
4.805630683898926,-0.022121835932804857,0.2869063307397255,-0.06008102847597967,0.0549268505268404,0.399
4.815799236297607,0.2726769205846523,0.24309273433845544,0.023156635947792437,0.022127459486045765,0.399
4.825970649719238,-0.1604392785770363,0.06203833766305369,-0.11010118198798038,0.03968707994473926,0.399
4.83614182472229,-0.16750476472377934,0.004145744620628335,-0.10364690375312395,0.09782771264729334,0.399
4.846328496932983,0.13636200476859525,-0.04540399519348369,-0.009730130739565815,0.05540429685540466,0.399
4.856534481048584,0.10756018678190228,0.21007763906178253,0.04874830759422594,-0.029379023877928505,0.4
4.866708517074585,0.7112175268983192,-0.20741040894126922,0.001953470528432061,0.02371268234067557,0.4
4.876874685287476,-0.20419604287670695,0.2340384330612075,0.04597310576279747,0.14668158956314875,0.4
4.888135671615601,0.16664615789302023,0.044158530098292716,-0.03827522415880656,0.04348312777273743,0.4
4.898357391357422,-0.15666560052061068,0.1754182580044931,-0.036141434998550416,-0.016144849316463088,0.398
4.908617973327637,0.3426859387885652,-0.4066702565376868,0.1092518330198382,0.018558379936723865,0.398
4.918839454650879,0.18316893722474628,0.05368891371509186,0.033463545940479775,0.047423139387121276,0.398
4.929062366485596,0.15706405258859035,-0.018644628885536002,0.001529657830073668,0.058985585892410715,0.398
4.939488649368286,0.4076596745638461,-0.20310689606478308,0.09695859368110352,0.014449959065956655,0.398
4.949736595153809,-0.13692936446677367,-0.012168185015350023,0.15038620755053042,0.005901609074220181,0.398
4.959906339645386,-0.1455144209345785,0.03117291199108085,0.10443437502336686,0.05283592777297445,0.398
4.970158576965332,0.0579545185210628,0.23472858473829736,0.17918562443166014,0.08049823900998573,0.398
4.980362415313721,-0.02032040097931157,-0.008817209732790444,0.219020671017744,-0.018755782389720543,0.398
4.990526437759399,0.05788587186497131,-0.04307616025767231,0.17179388846143548,-0.003753990003418084,0.398
5.000690698623657,-0.11344025041413862,-0.05529147494674405,0.21289089839287068,0.09551421164706964,0.401
5.010848760604858,-0.06509746912587167,0.37195699377191993,0.15052506621670447,0.06239336236158123,0.401
5.021007061004639,0.6504936653113106,-0.26111338496284286,0.11525409350375207,-0.002108516570983588,0.401
5.031162738800049,-0.1200641261698391,-0.03151711527035583,0.21616081099912154,0.0753335914924974,0.401
5.041435241699219,0.05943704539045839,0.015378645572677834,0.2601913954358017,0.11114172862437902,0.401
5.051594495773315,-0.11231487796078377,0.014582864608720596,0.1596695572494257,0.07239714079852297,0.401
5.061781406402588,0.12844743298435018,0.2077817905768991,0.1675613205625237,0.016636182253356797,0.402
5.071954011917114,-0.05807164191035818,0.0211067847966184,0.26162958244742923,0.05742954111448874,0.402
5.082134485244751,0.01728022623676531,-0.03441603413224092,0.26163600036699364,0.033627530058536054,0.402
5.092456102371216,0.14506997508365124,-0.0005915583339535305,0.21479295368966286,0.12490633537973554,0.402
5.102619886398315,0.17953026240850323,-0.01813586180055782,0.3021575855573441,0.10741582904431973,0.401
5.112782001495361,0.1795659029151968,-0.01813611910335118,0.31178614112884706,0.10991541062489053,0.401
5.122948884963989,-0.11735195230820676,-0.16593961772961513,0.10915841346001329,0.03183536382444539,0.401
5.13311767578125,0.014739711485293206,0.008583478600821952,0.18790812436577706,0.05039186136417095,0.401
5.143395900726318,0.3898610817635406,0.01097872276282362,0.30471344754087537,0.07315439734041929,0.401
5.153552532196045,0.044438673519464615,0.022005810742635714,0.33366925248798845,0.05567656606066195,0.401
5.163711786270142,0.0459174555845996,-0.010870153129528859,0.24782850900238435,0.07968602721965665,0.396
5.173868179321289,0.010477339634613989,-0.027607255602543783,0.26110837819950594,0.04897132277045927,0.396
5.1840293407440186,-0.03084936865838454,-0.019001759266423633,0.2758572885753863,0.07613620966127099,0.396
5.1942338943481445,-0.034524507029195614,0.01413074154806964,0.21151470487187143,0.08877738803924916,0.396
5.204443693161011,-0.1064813726490265,0.011497313127938886,0.23166787245934106,0.06513655109245271,0.396
5.214644908905029,-0.10665048738873593,0.011497349092863662,0.23355946945758208,0.06503142495017421,0.396
5.22481107711792,-0.225046722615754,0.11656301964632547,0.30706605480413546,0.015044639908404878,0.396
5.234969615936279,0.06018297028979364,0.023224349171876456,0.28159792272011575,0.054069062200594556,0.396
5.245144367218018,-0.1376229307754401,-0.10908931588728009,0.3230126542502272,0.03309600612821728,0.396
5.255427122116089,-0.022658668782495166,0.04044096408379337,0.17085489305296075,0.053985490339610365,0.394
5.265584468841553,-0.13953647562484459,-0.044498143509362445,0.16455510967779538,0.06357797019073459,0.394
5.275739669799805,-0.02889810249751937,-0.032048907231553375,0.3348065909645659,0.046447495543310846,0.394
5.285900354385376,0.015046958966532178,-0.2169059478111355,0.3818678806897292,0.0138923373718104,0.394
5.296056509017944,0.07576145732365168,-0.2088786205899872,0.26991598294393687,0.03533965063653228,0.394
5.306236505508423,0.1754720820424248,0.0771378418537603,0.22422564493339536,0.10017174596980977,0.394
5.316509962081909,0.1789526841738432,-0.03009263983376161,0.20655181489910363,0.10767733856360427,0.394
5.326681137084961,0.013114929369858,0.00663160836940798,0.2804348476284826,0.0948763337279837,0.394
5.33684778213501,0.0004497934500592664,0.031619148679433884,0.22428919490352298,-0.003413427416549308,0.394
5.347014665603638,0.03668346801556769,-0.41741147953330193,0.17477630595437893,-0.005666394393713647,0.394
5.357182502746582,-0.3224428791886343,0.19564541688167364,0.11751109368938403,0.0322683873584395,0.394
5.367376089096069,-0.5426984714824483,0.36029140312748853,0.1371438481169388,0.08028305121577303,0.394
5.377589225769043,-0.09696675176278892,0.015734153843795992,0.1903170467995064,0.10639996800269144,0.394
5.387771368026733,-0.17817687359316123,-0.02723898498791578,0.18391403443294335,0.019502343021871614,0.394
5.397940635681152,0.09555477151590859,0.00026272700776964927,0.1090848494165674,0.09754984284447837,0.391
5.408125877380371,-0.1963116508408207,0.05424287634158052,0.09316492784078718,0.07638053146109934,0.391
5.418314695358276,0.08018725669548242,0.017359739051036244,0.1336550610053725,0.05458635556550302,0.391
5.4285337924957275,0.13150817593047012,-0.2265206605717715,0.20592319393398065,0.0426230500121993,0.391
5.438705205917358,0.09096861858235443,-0.04412034152359579,0.13163778262852685,0.05986707093277757,0.391
5.448885440826416,-0.07543579422687803,-0.406283920596998,0.07944503939255947,0.08568261157181326,0.391
5.459107160568237,0.11894132508793932,-0.03069161777000011,0.13436445867525995,0.10919356486451469,0.391
5.469287872314453,-0.4407209154003685,-0.01202365144431908,0.10204331864279514,0.0780573596169815,0.391
5.479477882385254,-0.724191570222603,0.17379420023796266,0.10649547506496918,0.01779681653348421,0.391
5.489653825759888,0.04877117605092487,-0.029128979596298753,0.11004102874674085,0.0695066731348781,0.391
5.499826192855835,-0.010543249230962917,-0.1934359004261917,0.16124356773440088,0.08663248587167151,0.395
5.5099992752075195,0.12035627002857992,-0.0048651427108341375,0.1145446477309188,0.10234261776627368,0.395
5.52017068862915,-0.11890758162786436,-0.07706582631688867,0.013376071059415282,0.07721534476569235,0.395
5.530386686325073,0.010505568202802476,0.0052823543731373565,-0.028571308206381776,0.05890575660342183,0.395
5.5405542850494385,-0.27988037271211685,0.19314576893756566,-0.035205171029120366,0.0825366158786963,0.395
5.550725221633911,-0.17712081210485833,-0.03610815081338206,-0.09634729519468832,0.12029240399866764,0.395
5.560891628265381,0.4713782028781067,-0.23093304190804517,0.025408722941639844,0.0998380901197977,0.394
5.571091890335083,-0.9393951611796193,0.17388510439234095,-0.11754473364850992,0.11663236954930706,0.394
5.581316232681274,0.4100456427673597,-0.04898637787417331,-0.21012147825532318,0.15042800149019048,0.394
5.591501474380493,-0.34115346606562263,0.004542932151765758,-0.38601874348980836,0.16210406559401258,0.394
5.601669073104858,-0.28193543522628955,0.07398737125679421,-0.2105489652849518,0.10289264941098786,0.393
5.611843109130859,0.20059296124804618,0.003937320864713601,-0.3242156587578906,0.059905306582387345,0.393
5.622012615203857,0.0007316303729084845,0.007182033881490449,-0.34864910224267526,0.09573235388207924,0.393
5.632183790206909,-0.2982403744282614,-0.029996861977923988,-0.3994258404720894,0.1575530313573017,0.393
5.642544269561768,0.15200411265164643,-0.008318049235517195,-0.5384819772823759,0.031855755288658874,0.393
5.652721881866455,-0.20017615891041426,-0.010030482660969581,-0.5081643616701492,0.11682682721410959,0.393
5.662893772125244,0.0013558083764589933,-0.010030482660969581,-0.5081643616701492,0.11682682721410959,0.397
5.673070192337036,-0.2829268872446709,0.03286375610644499,-0.601090582519249,0.10936184376880984,0.397
5.683317184448242,0.0792299335237807,-0.020976252222763805,-0.6294665514740703,0.16865496581014175,0.397
5.693538188934326,0.07608616857840683,0.027934634444058595,-0.5512722599366701,0.13001363833148222,0.401
5.703745365142822,-0.038283553857823366,-0.011145880071776656,-0.5371096645688986,0.10278665393094696,0.401
5.7139732837677,-0.12674902607920904,0.05188649367893684,-0.6333601416393749,0.1182745106515382,0.401
5.724190950393677,0.12274346708204154,0.059670232077273566,-0.5848015518333421,0.16151297139398255,0.401
5.734420537948608,-0.019954969651252926,0.01149407548506305,-0.5895280734349294,0.02540060077900148,0.401
5.744592905044556,0.06577795057778041,0.015748020208034497,-0.6679544299563057,0.08370038968900242,0.401
5.754763603210449,0.22100131240736623,-0.04190599242895232,-0.657316815609268,0.13835925149790013,0.403
5.764939069747925,0.004650369364784657,0.20636585712501002,-0.5717591195464065,0.08087511536295222,0.403
5.7751312255859375,0.17734001294350088,-0.0006304364181822542,-0.5692504679768959,0.08754681779092074,0.403
5.785324573516846,0.36621811715585106,0.04032662785244191,-0.5900072616593123,0.13933486517400445,0.403
5.795513868331909,0.4447943298256383,0.0070741921097547105,-0.5859000660524597,0.10698696537237516,0.401
5.80568790435791,0.08988745690701253,0.08860976431583369,-0.6319963972425799,0.04866230018347034,0.401
5.815863847732544,0.31808948482958455,0.07002843272632177,-0.5705804134058563,0.061590859708859094,0.401
5.826111793518066,-0.005288271105511386,0.004427246622697882,-0.5327541271312076,0.14456495636721484,0.401
5.836316347122192,0.20437748222278904,0.20694214778404516,-0.5904749922547621,0.04433645855081341,0.401
5.846524477005005,0.4968322898424441,-0.041002940794700043,-0.5692464947732582,0.030168485270496544,0.401
5.856697082519531,0.15964503494378562,-0.021244466904132384,-0.43966382567000006,0.08467313933785427,0.397
5.866866111755371,0.6434391832858769,-0.2577828055594854,-0.48602597868644515,0.09860247995980322,0.397
5.877035856246948,0.7089779420865526,0.01389583746331878,-0.5311704684568688,0.16049425870933037,0.397
5.887218475341797,-0.26032743356120724,0.2591374319566868,-0.473189297369335,0.11496034983711256,0.397
5.897448539733887,0.6817796628659776,0.036793192077240376,-0.364700699639659,0.014788393197128255,0.4
5.907655954360962,-0.4692880585984495,0.06234753224282626,-0.31716496309946085,0.09919338583512552,0.4
5.9178338050842285,0.7802478144893555,0.008349925059499313,-0.37700423795826976,0.12037863152889058,0.4
5.928006649017334,0.6496457911233732,-0.01832739439752956,-0.4488797456268492,0.13145433737413328,0.4
5.938180685043335,-0.29272952294330573,-0.02245405494166541,-0.4240887873196998,0.07542976294072702,0.4
5.94836950302124,1.2365540839024391,-0.1754769668069932,-0.3029471753317025,0.1664011994853198,0.4
5.958540678024292,0.18357710239395905,0.25558773078854946,-0.20173886957519152,0.1427747221944879,0.399
5.968747854232788,0.7607558435067461,-0.3853603147890671,-0.189279184733394,0.03420710390373708,0.399
5.978934288024902,0.5886225190113196,0.19540049145149113,-0.2329081559650001,0.015109404946178424,0.399
5.989116907119751,0.17832440891724835,0.2213567049786137,-0.18934690752817102,0.05898954966147928,0.399
5.999311685562134,-0.03470350272652794,0.056632639831153915,-0.18646045314057702,0.02787694947743483,0.396
6.009491682052612,0.6928959181663258,0.21891069051442033,-0.15599751607998188,0.031750162971881414,0.396
6.019671201705933,0.37636825169739485,-0.202850723490641,-0.20887085568507213,0.15778247545870008,0.396
6.029842138290405,0.25097803449094797,-0.05644164805315546,-0.15347438277907954,0.20445348719061748,0.396
6.040013074874878,0.006732970868115886,0.012884258881435934,-0.15345262824753986,0.08968971566052039,0.396
6.0501813888549805,0.6560811352371697,-0.002843809519956247,-0.14930136148911063,0.05184963332247124,0.396
6.060455322265625,0.4308487631608841,0.3744744401888313,-0.08680815096063077,0.07585930192634674,0.399
6.070630788803101,0.696816012428644,-0.38789966690379624,0.056623479294772405,0.08122083627120116,0.399
6.0808045864105225,0.718932650079236,-0.0003543816858699764,-0.06440885339397899,0.10417342954004973,0.399
6.090979099273682,-0.14589002622172006,0.2393000499204384,-0.13568856731334783,0.06985263084570159,0.399
6.1011552810668945,0.2281414601966552,0.19727285595462668,-0.05997178672799351,0.10571877004273107,0.396
6.111475706100464,1.1898655646513323,-0.5509572555143122,-0.020583457880210706,0.11625675559604483,0.396
6.121641397476196,0.4618803240525293,-0.7798581768926276,-0.13845337491150245,0.0830495468382395,0.396
6.1318089962005615,0.8695391936406454,0.35655277319627166,0.1327351780594974,0.06393166368666857,0.396
6.1419806480407715,0.06382108895527308,-0.04626615115662239,0.1327351780594974,0.06393166368666857,0.396
6.152146339416504,0.3943774315970942,0.21514609735281034,-0.023435623485819096,0.07136892167833313,0.396
6.162379741668701,0.5680668157952419,-0.2677827137263718,0.10189682332103536,0.07363022876326719,0.396
6.172567844390869,0.4771352768907663,0.021075473575294094,0.18857583734489586,-0.0007507278222038775,0.396
6.182745695114136,0.06213820519836464,0.3983770398710259,0.20150089069745122,0.005735966182014732,0.396
6.192913293838501,1.2315823618429529,-0.3758397684990319,0.12172273124782962,0.082093917692859,0.396
6.2031090259552,0.14169698679430517,-0.21882982813313442,0.06507005782191913,0.011314050496374083,0.396
6.2134013175964355,0.13981311609538505,-0.017975385861752385,0.07092086064353231,0.009716210727877393,0.396
6.223640203475952,0.08117020396054099,-0.06636979474785572,0.01802654960157725,0.03450994486888896,0.396
6.233849048614502,0.8268579375855548,-0.0759703274020209,0.13845142591904755,0.1059213091038809,0.396
6.244023084640503,-0.0017324440206562424,0.023655559687344944,0.12570076814294337,0.0499884214606023,0.396
6.254190683364868,0.41689982193452163,0.2287325502876024,0.09549413548194044,0.12119565316557149,0.397
6.264420032501221,0.4376684299176825,0.0333935926538458,0.1352652261150809,0.13929575548266804,0.397
6.274591684341431,0.7841381346043319,-0.8364516348928969,0.10400135025354243,0.06947896705423019,0.397
6.28476357460022,0.1584915001993332,0.5554070754339551,0.0353062821824566,0.00557927165891381,0.397
6.294933319091797,0.05119952864897635,-0.025079555114187004,0.0990649592640681,0.06083282205511452,0.4
6.305109739303589,0.19886242571068505,0.22618840604368987,0.1282537419018719,0.014443204700888612,0.4
6.315361738204956,0.06094297700804845,0.4061218717159168,0.06128715161287329,0.0924863568107209,0.4
6.325575113296509,0.8114107799294145,-0.2181025872510939,0.09868069026862719,0.11922761248750163,0.4
6.335777282714844,0.1260109228267348,-0.01752034900624021,0.1194734949051561,0.09514497606228801,0.4
6.345945835113525,0.7233052502050817,-0.016508471258896786,0.036662578824057185,0.10224509137695416,0.4
6.3561110496521,0.9095541718916091,-0.22663430928815298,0.07302628160745557,0.1079264171263779,0.398
6.36635160446167,0.24524187698530311,-0.02777910694976548,0.1826672618509955,0.05834850549360315,0.398
6.376626968383789,0.39171892437434447,0.03303901948660047,0.18586653527966002,-0.033456212586457076,0.398
6.386823415756226,0.1933692484175587,0.052821330667623415,0.1355786075507166,0.02576261719617438,0.398
6.397008180618286,0.0863524619873484,0.2350065461969351,0.16647763405580104,0.11666318966624702,0.398
6.407177686691284,0.07924812043952452,0.20220331337999747,0.05252261987194737,0.0726275110673045,0.398
6.417347431182861,0.4320618963425887,0.3999859819247196,0.04315675134443148,0.14672284314206122,0.398
6.4275736808776855,-0.17123035995588323,0.0046237820268472335,0.10322398434580247,0.1307764800610668,0.398
6.437779903411865,1.7940409249723561,-1.017689138060234,0.08789072789812961,-0.019723629692497607,0.398
6.447946071624756,0.04704406466117959,0.045296860733257845,0.10044739709685876,0.024554918775880497,0.398
6.4581122398376465,0.17781425775999724,0.22687902880504374,0.08038674960721674,0.08815154348120494,0.395
6.468317270278931,0.15976597991813238,-0.0007889364481523378,-0.0005963051179825596,0.04966572635255319,0.395
6.478536128997803,0.3106950824032735,0.009789520970010871,-0.0040918675113509,0.09157233438299883,0.395
6.488727807998657,1.489304516291543,-0.4260019630319537,0.0086541436785584,0.029258722524372224,0.395
6.498898029327393,0.39735876476725357,-0.2077302780891313,-0.03687149139078275,0.026198575721159835,0.394
6.509074687957764,-0.1380523581784291,-0.01375061589903446,0.011165331801846173,0.10899564642602108,0.394
6.5192461013793945,-0.21452190899682835,0.662260096205837,0.060078622120457795,-0.008564099058236893,0.394
6.529515981674194,-0.12134354545193476,0.21786609423186928,0.03156960932368595,-0.04133374127368225,0.394
6.539687633514404,0.5808950714821222,-0.02306670376521501,0.024021723973185388,0.059403590827042815,0.394
6.549871444702148,1.6332412253887478,-1.2614611452424278,0.08268474531277371,0.1247530672165498,0.394
6.560045957565308,0.0637503224108117,-0.08364938767699233,0.018111795412197925,0.06770764966907773,0.397
6.570215940475464,0.06838239896862904,0.1624927941789021,-0.037403899168376935,0.058053165084366865,0.397
6.580407619476318,0.056719374889447796,-0.02766661009268497,0.04891229007486192,0.15344992947626976,0.397
6.590587139129639,0.005287234062079631,0.3852137889330064,-0.016256505246596636,0.08005735248692114,0.397
6.600765943527222,1.609809393964342,-1.417266424571493,-0.025323864202700747,0.05383560414868126,0.396
6.610959053039551,0.056235186566838145,0.6202985618538206,0.03657322399970438,0.11676122816172887,0.396
6.621134281158447,0.004771459581460789,0.1800602427657489,0.017924323162472427,0.08284709895192878,0.396
6.63132643699646,0.021979034007684126,-0.06888440564616932,-0.012834187556940279,0.06996102298988406,0.396
6.641584634780884,0.08428024522208309,0.18176746580221867,-0.04016381450947311,0.09510495411543833,0.396
6.651808261871338,-0.05648964615577744,0.16851661575575094,0.009283953751743654,0.07605688125075649,0.396
6.662024259567261,-0.05648964615577744,-0.03178802039159642,0.009283953751743654,0.07605688125075649,0.399
6.672236204147339,0.45579723878297157,-0.06729724277339422,-0.013940400779114629,0.0622327146437377,0.399
6.682445287704468,0.963673487992732,-0.012653394784790975,0.029071518378434795,0.06701035695721509,0.399
6.69261360168457,-0.13475356842424405,-0.02536557864702897,0.0013299383209077371,0.0963346191189283,0.399
6.702784299850464,-0.2088920173907075,0.20125371670079428,0.05840381897490406,0.05910632387562228,0.394
6.713036775588989,-0.007543678954342833,0.39939009788625457,0.08171786520033786,0.06802860407836714,0.394
6.723267316818237,-0.0744993172447356,0.2532389309555658,0.03914597985625231,0.08853752979182813,0.394
6.733541488647461,-0.0722753553629418,0.013586174534249457,0.01517992744487941,0.08099882983623209,0.394
6.743751764297485,0.1983613763313729,0.7799283061247978,0.028876799653079543,0.1224869420841895,0.394
6.753938674926758,0.0038217604380919755,-0.045969898937551434,0.08032511265013229,0.05900550223332092,0.397
6.764111042022705,0.08220181382098389,-0.06789384754602971,0.04345418533590553,0.09944598999312203,0.397
6.774381637573242,0.5895212727086793,-0.026926767913817578,0.04710653858691104,0.16994841056501533,0.397
6.78460955619812,0.47420532173090063,0.0826736296429342,0.048827561122458694,0.11742746173869771,0.397
6.794785261154175,0.08007265176568835,0.21517527253437835,0.0553337335831111,0.14519533917626315,0.4
6.8049561977386475,-0.1466716813557257,0.03159514294187583,0.09293486504278367,0.14552577439925704,0.4
6.815135955810547,-0.006631164551142578,-0.009087714922899073,0.053711480745830396,0.20763129375184103,0.4
6.8253562450408936,0.07424756099836403,0.402853213558174,0.07075810035683083,0.15051511862811642,0.4
6.835577487945557,0.3003415598270239,0.21275219856093217,0.021282367670342008,0.12722583865510464,0.4
6.845744609832764,0.9007860763206476,0.21468118369814584,0.08169899271420267,0.14018830050974534,0.4
6.855910301208496,0.10534360888828379,0.0030572886337736443,0.00017960488646739242,0.15257213948030435,0.399
6.866077184677124,0.22205165375073405,0.24198970539636533,-0.05549490771127834,0.17807178325888265,0.399
6.876257419586182,0.05177618581453744,0.07440586128826344,0.01357248199543818,0.17990726105590038,0.399
6.886447429656982,0.0020840861374483172,0.0626585597532326,0.024962541682622644,0.11837857781878733,0.399
6.896664142608643,0.08663292605907132,0.47045928688372185,0.020895773978500655,0.11399340211967271,0.405
6.906872272491455,0.01700330085888185,0.4473468482877575,0.024647783399197355,0.15797590745004447,0.405
6.917038917541504,-0.11009779727362147,0.2894906300223047,0.08049967999779833,0.1304689200102758,0.405
6.927218437194824,2.076602868622446,0.10241630302539478,-0.002368941479054608,0.10846218126087213,0.405
6.9374167919158936,0.0068995042793656555,0.0802739349254239,-0.001521514523292071,0.10804189112876492,0.405
6.947579860687256,-0.16872471989660878,-0.014428640787235275,-0.019359295533163602,0.10634120551126094,0.405
6.957745552062988,0.007851798024874037,0.1894256299282385,0.03397503652810914,0.07989261696467467,0.402
6.967903137207031,0.3461364749313994,-0.0016331290205062327,0.03751893791454198,0.05074537782184698,0.402
6.978072881698608,0.2127565169717388,0.41232848628427565,0.026393560273408147,0.044278764738652956,0.402
6.98828387260437,0.41644178713260444,0.0361742502351067,0.09114975365987864,0.014283350137705498,0.402
6.998473167419434,0.4553606679809405,0.26426943677608783,0.11825129801442089,0.017316838045224762,0.402
7.008643865585327,0.37900835369244884,0.04597672153064383,0.0704556343429923,0.020251315092540415,0.402
7.018820285797119,0.08002620359452063,0.056940428904880956,-0.023673528233295674,0.0268399410818653,0.402
7.028982162475586,-0.2210018963405393,0.025640101910824553,-0.0659547956427553,0.07972282181944262,0.402
7.039173364639282,-0.47933037025934383,0.18632760568121204,-0.1073291608405955,0.0863187201778596,0.402
7.049388885498047,-6.685209541808388e-05,0.03814308429574775,-0.07793428075328593,0.07467026015790053,0.402
7.059568405151367,-0.8083656987929407,-0.0024373666335103733,-0.14597939940386895,0.04417608191696096,0.401
7.069727897644043,0.6526274454698369,-0.005094310609736571,-0.1040949796200313,0.08943987619968584,0.401
7.079891204833984,0.9721446268419784,0.8076146100681535,-0.01345220502083845,0.022475039364974927,0.401
7.090053081512451,0.49561799439294685,-0.003020679104524753,-0.07312122813649927,0.03909786692733624,0.401
7.10021448135376,-1.1313664286360634,-0.8492776472808624,-0.029727592718751,0.05556045723535326,0.406
7.110451698303223,-0.3412298581705042,0.024189449248791767,0.002022539145688257,0.02150113149539412,0.406
7.120622396469116,1.2776057679998047,-0.3557449120652328,0.014212056395236067,0.04545926369012013,0.406
7.13078236579895,-0.9871130046220505,0.23604212367927133,0.0046452990388056725,-0.008597719502116637,0.406
7.140941858291626,-0.01734120352192805,0.15148767782005196,-0.08193371942382156,-0.04346318585725848,0.406
7.151113271713257,-0.726709042156308,0.18695629057598728,-0.01027972278763463,0.06681672603465397,0.406
7.1612958908081055,1.88053679789924,-0.26670170229166096,-0.0028823813758493966,-0.03020499427016138,0.406
7.171476364135742,0.23143147128168817,-0.2610507711936289,0.01925139897615731,0.0177313926727384,0.406
7.181639194488525,2.2780844351713774,-0.05231394173144501,0.03574605479445514,0.025762116376480772,0.406
7.191799879074097,0.1567453527147238,0.019947068319364655,-0.08418791977958577,0.11084844803701989,0.406
7.201976299285889,0.1567453527147238,0.019947068319364655,-0.08418791977958577,0.11084844803701989,0.406
7.212144374847412,0.11688623501130525,0.02867330856500348,-0.11661765581815248,0.07237007475521226,0.406
7.222320795059204,0.19894726471050414,0.22489668568718393,-0.06855869208257359,0.0711606711649798,0.406
7.23254919052124,0.4153274988791278,0.019590423142304685,-0.07709520524206055,-0.024283954115334173,0.406
7.242762565612793,-0.01073119145778546,-0.026497361658199388,-0.08220354936717908,0.021647797363996496,0.406
7.252950429916382,0.011940515585810855,0.36866175285035757,-0.13729800287798105,0.014979484830100667,0.406
7.263138294219971,0.28722459132576195,-0.08130918197400093,-0.19437735773774847,-0.0061900477459964146,0.41
7.273329257965088,-0.1292058115608,-0.1076007959526813,-0.20565093482447033,-0.0019081956211448505,0.41
7.283636808395386,4.355344499540108,-0.02820812254523994,-0.2054945959713063,0.005476873006019454,0.41
7.2938072681427,-0.07991465348511527,-0.05185319488151649,-0.1363410681491457,0.05870390794340256,0.408
7.303977012634277,-0.12959016728114486,-0.052992792515693866,-0.08346622963095036,0.01770038727783208,0.408
7.314148902893066,-0.18500825030509901,0.04125453814744818,-0.06056726377588739,0.1320090823683407,0.408
7.324387550354004,0.9368521230942953,0.19671544306211752,-0.08716882944030366,0.10895299504326268,0.408
7.334578514099121,-0.5244345074285435,0.021013700693073203,-0.10765442416510505,0.06931082630884364,0.408
7.3447418212890625,0.1857258202098729,0.02055964597899433,-0.09021052615991355,0.04810610764952212,0.408
7.354899168014526,0.8035753305315343,-0.03309893135098322,-0.1258295375821859,0.052461662923778615,0.411
7.365084409713745,0.8861944288255208,-0.0159272829483859,-0.10620765289972849,0.12571507240952096,0.411
7.375302076339722,0.13923773864894043,-0.08939128871760828,0.015356574841754803,0.051085151852984186,0.411
7.385545969009399,0.981776692871858,-0.0851425562368925,0.003978122939320809,0.09322011116171855,0.411
7.39571475982666,-0.006286758434417331,0.1690990101722119,0.07021977281283653,0.10203706599857507,0.408
7.405889272689819,0.010680719975650121,-0.22774448569639644,0.04590386808496951,0.05380740171493155,0.408
7.416063070297241,-0.0216768758469004,-0.2323172330398277,0.05595446538082591,0.027656852839574544,0.408
7.426227807998657,1.6592118636378168,0.22120164787078,0.04885619909782648,0.03810556823611747,0.408
7.436464071273804,-0.016179043539486935,0.03283589109508053,0.0066457823177004036,0.10764799838035218,0.408
7.446632623672485,0.19452607052400242,0.015262335991445369,0.03775595491876745,0.16918389199971723,0.408
7.45679235458374,0.7083910885938667,0.15064036295722577,-0.029238172017272898,0.1356873953518289,0.407
7.466951370239258,0.2880938328640346,0.028544153913741387,0.057809855270858586,0.12054335593226678,0.407
7.477111577987671,-0.03475792517916242,-0.0728056782008269,0.07368964214206354,0.09485928815232783,0.407
7.487287282943726,0.11706645565312715,-0.23949121018438285,0.14746184852670097,0.17811230799660302,0.407
7.49750828742981,-0.10199786283401452,-0.2246020484537675,0.036998685665272514,0.09014390374051101,0.409
7.507697105407715,1.1113456659647833,-0.035257413111665276,0.016674844783311358,0.07193026069149945,0.409
7.517886161804199,0.1801777857213618,-0.04944618342023454,0.13074290208898257,0.08236055823879841,0.409
7.528075695037842,0.6242066446886025,-0.07181112509759568,0.1380236409615592,0.06997988695335103,0.409
7.538241386413574,0.40321516088089604,0.12001536568415769,0.05538018128249692,0.1874525541352864,0.409
7.5484724044799805,-0.10196444790460461,0.06929213219980529,0.09196818956438282,0.19495198821731652,0.409
7.5586302280426025,0.41356422334667015,-0.7660842157167987,0.09496009178113093,0.14899058851906788,0.408
7.568793296813965,0.3634499138637062,0.15964643128919384,0.13151155734283607,0.1711157947826451,0.408
7.578952074050903,0.721057370313768,0.03617664462673796,0.2113568659061586,0.21342598583682737,0.408
7.589121580123901,0.2625016969661046,-0.004524568030222778,0.10185123630343701,0.12286470632679258,0.408
7.59928297996521,0.02863452586619575,0.05063111099855251,0.034756108669237895,0.10443532523928867,0.411
7.609549045562744,0.1471792104501907,0.029183526332885512,0.12811565626332333,0.08823958646522191,0.411
7.619720697402954,0.34057648330886175,0.17241388691165158,0.1343110256932175,0.1710076699657302,0.411
7.629883050918579,0.22521324918757357,0.21748300287866842,0.06190701954311237,0.248094068844259,0.411
7.640039682388306,0.31034386051110213,0.2103150775986007,0.09367726783812524,0.1819753311177123,0.411
7.65020227432251,0.3057341613193489,-0.011427122479927452,0.0863716614311214,0.04353900317548054,0.411
7.660519123077393,0.008931761622381169,0.009267316939097688,0.08671916619155588,0.2083242732738853,0.41
7.670680284500122,0.21443551253493215,-0.011037858449676146,0.08419484539646513,0.2415831432258329,0.41
7.680844783782959,0.043579549596174445,0.05707758398096396,0.02747185127792249,0.06860918193282226,0.41
7.691025733947754,0.09264386629070363,-0.00495595504814931,0.051022518434694644,0.07868825036493123,0.41
7.701189279556274,0.5130904124906883,0.21021141717131486,0.0810398340826005,0.20505855693123692,0.411
7.7113916873931885,-0.17673017046537484,-0.14915548296998918,0.06526059844346929,0.09367801421997564,0.411
7.721563100814819,1.1418842685345076,0.20321983473176888,0.10792134292552602,0.23747040885209159,0.411
7.731730699539185,0.07947552965362667,0.18735325822893126,0.010945061074620732,0.16118667499749686,0.411
7.741912603378296,0.19889620644251144,0.023108365720472198,0.010658502211942054,0.1297040277937902,0.411
7.752114772796631,0.43485010184223116,-0.16304953235023628,0.07173936832216468,0.17133292794234375,0.411
7.7623066902160645,0.03337302372320055,-0.16325145424551932,0.07173936832216468,0.17133292794234375,0.408
7.772543668746948,0.20588612777634221,0.012279023697596996,-0.028948581385289288,0.04934972264889944,0.408
7.782715797424316,0.22389913171821213,0.18297800678072737,0.11046395475228288,0.12200670731034849,0.408
7.7928855419158936,0.47815805688316315,-0.05112565137395624,0.0331948196144172,0.028126297227307293,0.408
7.80305814743042,0.24184338610330444,-0.03221394359528828,-0.07340023528578113,0.14554891290644595,0.405
7.813237428665161,0.04052238543927442,-0.03221435517200249,-0.08120749816669896,0.1522919790803287,0.405
7.823494911193848,0.09576934641513145,0.07144245846582628,0.08801223232151109,0.14007075289650145,0.405
7.833662509918213,0.045567601590547034,0.23110159040119196,-0.05950690156309731,0.0464856007304347,0.405
7.843826532363892,0.4664135769325992,0.033900693268838454,-0.0642077527118167,0.0731328002031889,0.405
7.85405421257019,0.0015753459834632767,0.05893536313562983,0.04176195978220981,0.10578145800426664,0.405
7.864219903945923,0.45768132089047686,0.013977680267534317,0.03950462054906738,0.03373390208069827,0.405
7.874453783035278,0.6070917019546961,-0.006316923062737441,-0.08387666864178389,0.06106232900089282,0.405
7.884634256362915,0.06534949824257319,0.063942101401849,-0.05769415588745464,0.13423819036528412,0.405
7.894804000854492,0.19962403865468076,0.2006678709180021,0.02507959501034733,0.0968501315168936,0.404
7.905016660690308,0.45111283115900647,0.009980340095029079,-0.05671099953480155,0.04797887992689835,0.404
7.91520094871521,0.4382187742245979,0.01408166851406605,-0.09984076630406508,0.10627333191293786,0.404
7.925428628921509,0.064022479087816,0.07658444686020893,-0.03939703586787517,0.12064884942187692,0.404
7.935619831085205,0.28719690931093067,0.07199884039314992,-0.035302658624090474,0.026462090132031223,0.404
7.945785284042358,0.5549521452587158,0.04415321141282932,-0.12543049372573722,0.05953502577513066,0.404
7.955952405929565,0.2414822416539871,0.2722632841137192,-0.00875543673272526,0.07864668523638405,0.402
7.9661173820495605,0.09661430819359024,0.027070051265239998,0.021728585852538687,0.0024993272302541655,0.402
7.976279258728027,0.8504900322909469,0.20349204486629793,-0.10485600883071519,0.003286275346774555,0.402
7.986510515213013,-0.05364291659134631,0.08251299591025066,-0.0755682228739662,0.09669589849916153,0.402
7.996701717376709,0.42240061155428177,-0.0017906864455338768,-0.05772123010774634,0.11180414924915359,0.403
8.006895303726196,0.32739710185453585,0.03967426959971679,-0.11074443421916208,0.04040888120408531,0.403
8.01709508895874,0.5734610354057008,-0.007019062956556969,-0.04090103373540681,0.07129908496060477,0.403
8.027262687683105,0.025610710090687796,0.016888398568445488,0.01361697221966976,0.05091416097083322,0.403
8.037483215332031,0.385375892453145,0.023485196042012716,-0.01501023375175324,-0.010033887561561296,0.403
8.047639608383179,0.1673726611289466,0.09756888850037035,-0.0775740867220498,0.06844099252359821,0.403
8.057795286178589,0.3970331365983262,0.06962304439661926,-0.020205682287738128,0.015164344976922725,0.398
8.067949295043945,0.5609467614518351,0.43557058254511166,0.02440388641604914,-0.01420134573866929,0.398
8.07811188697815,0.2799562922666981,-0.03588400281734032,0.0032531380031590312,0.08878678115880734,0.398
8.088277578353882,0.015218775783326189,0.014928435672213993,0.06082817525625761,0.05072637327599056,0.398
8.09851336479187,0.7545272491239636,0.029063376163198904,-0.00862765192705156,0.04906939640561272,0.4
8.108678340911865,0.15840410696343576,0.05914800450074042,0.027089770643642666,0.04426702680501672,0.4
8.118844985961914,0.49108365559169603,0.012877511044426786,0.04806543676965987,-0.025804634398017463,0.4
8.129006624221802,0.14490508857058532,0.022444032931392768,0.02010469226099333,-0.048407700071472,0.4
8.139166831970215,0.1735114964980656,-0.035623349628650866,0.011947158719619044,0.07749491430928844,0.4
8.149332761764526,0.8920663734917275,-0.03501735994134272,-0.08020521690065158,0.04222580474745225,0.4
8.1595458984375,0.03902956581001072,-0.020394357892553453,-0.044869325796999995,-0.014778055363847834,0.398
8.16970443725586,0.3653958038658439,0.012739285671778778,0.0613114387519194,0.0661706153091031,0.398
8.179890155792236,0.35672979280016115,-0.19267228687779409,0.053132704382589935,0.009073415765274944,0.398
8.190056085586548,0.2564116455473892,0.02266363635712926,0.07326344003295883,0.05720014647884693,0.398
8.200215816497803,-0.002035717383347609,0.03572722139968477,0.08486660168787856,0.0486614238103937,0.402
8.210416078567505,0.5597797493622275,0.03427998973670673,0.04076906989503311,-0.03389797520994644,0.402
8.22058916091919,0.24899468969499655,-0.01593858691596556,0.02472896449224503,0.041036912403048284,0.402
8.230751037597656,0.39490351154556197,0.1844650467104479,0.01959438365334809,-0.00989876394501731,0.402
8.240912199020386,0.19324396306922748,-0.1862094011109904,-0.021034952143658206,0.04399210663227234,0.402
8.25110936164856,0.6758367754902022,-0.016846768217920013,0.044574057391457284,0.10247151895664032,0.402
8.261317014694214,0.24506803730583307,-0.023778532023861456,0.009481325050461502,0.057927980900902586,0.399
8.271566390991211,0.24688579716666642,-0.257848331451236,0.02566842373085127,0.02603888664683723,0.399
8.281741619110107,0.5189434274687479,-0.04364086724098723,0.022587710202399282,0.04420923523251637,0.399
8.291911840438843,0.14433601602867094,0.03254240094625028,-0.016412048620711703,0.03776677584842585,0.399
8.302082538604736,0.45011803310175735,0.012491921561414602,-0.04610735765081378,0.03467073348230462,0.4
8.312251806259155,0.24879745320603588,-0.18888478565234185,-0.043909843733443116,0.03315350252389017,0.4
8.32250189781189,0.23397548381637323,-0.017983675928524644,0.010279680591643046,0.06349391846825858,0.4
8.332666635513306,0.7238080541483444,-0.016676558097883407,0.023364952461741535,0.11074196234055766,0.4
8.342841625213623,0.2071593793553755,-0.002355623714259062,0.042612605237426784,0.062164912360827225,0.4
8.353008270263672,0.26578075114720284,0.026187673494488823,-0.020410130469539614,0.03374568162620345,0.4
8.363176584243774,0.6164219665581844,-0.006769098358908743,0.02088632870752436,0.03366578325446136,0.401
8.373378276824951,0.35773504339840917,-0.015143354602241687,-0.013119429061976794,0.014416896163487534,0.401
8.383668184280396,-0.07711733195232194,-0.02045830534775567,-0.006438550526885314,0.06387126452910374,0.401
8.393845081329346,0.3854727995447919,-0.06679529271135504,-0.012289159139557325,0.05384607940199293,0.397
8.404012203216553,0.15306341740341606,-0.2223460845005873,0.002090422818992528,0.10276750761703174,0.397
8.414185762405396,0.32523993977472143,-0.17879869159414163,-0.005402474843846761,0.09456974114974011,0.397
8.424408912658691,0.5985244550743376,0.0036226277904480146,-0.04127677331421206,0.03772103063303988,0.397
8.434573888778687,0.32144868226122064,0.025189523127728028,0.02212962869614385,0.0039208146037446445,0.397
8.444732427597046,0.06934963634725774,-0.1990310574137731,-0.011153263364298949,-0.03455967017004412,0.397
8.454890966415405,0.4369697700916138,0.002623697795692035,0.0016829262434402414,0.047508093007074446,0.398
8.465052366256714,0.36063773973356705,0.21024607833354828,-0.042950185090438145,0.07328420395384391,0.398
8.475212097167969,0.5669377033100521,0.02543936309415564,-0.010485492713095824,0.10704180251978251,0.398
8.485370874404907,0.10770725872374808,-0.247250693109841,0.011213616031751736,0.1127152366421914,0.398
8.49561619758606,0.292391839563791,-0.040835436184057466,-0.04193845216338064,0.1549454292200506,0.394
8.505792617797852,0.2369137962195535,-0.03562792430833525,-0.03134678029489799,0.16542997315076746,0.394
8.515997171401978,0.39563515002070626,-0.0009953073989346227,-0.057985202976595776,0.02881497240883115,0.394
8.52617359161377,0.3707015387667991,0.07269631750099749,-0.006499506599875561,0.046144380917303884,0.394
8.536350965499878,0.367006046703245,0.14150627549605782,-0.001958120568049504,0.015759914819438434,0.394
8.546619415283203,-0.1583569484197571,0.07848185387356098,0.024169091619499095,0.040122459896418584,0.394
8.556788206100464,0.8609960029375066,0.03611184664495628,0.06271425703882515,-0.0207145728919233,0.394
8.566951274871826,-0.228892522565113,-0.04192024913025157,0.013194139109251646,0.040475633864582417,0.394
8.577121496200562,-0.06178838406148435,-0.1092479604645433,0.1426624351634589,0.010189487162298987,0.394
8.587297201156616,0.7993808258221471,-0.32807407542434724,0.04868887875787391,0.02813785135991767,0.394
8.597562074661255,0.4258681535365082,-0.05211201465624758,0.2244367715933662,0.06874072323911676,0.393
8.607730627059937,0.6488778787398216,0.014154451178828485,0.3282993037582983,-0.009487737493603855,0.393
8.617905378341675,0.11624899182705338,0.0024080032589438596,0.32235137875622427,0.07804772278304058,0.393
8.628074645996094,0.2283646396696428,0.011503996299667732,0.42765624032168303,0.06160876890403029,0.393
8.638238430023193,0.8398242857340724,0.002490329735872919,0.47161977760118645,0.016391531521265018,0.393
8.648412227630615,0.044012384482009975,0.02332661819675541,0.5072390580246098,0.07185842525706357,0.393
8.65864634513855,0.472694500371285,-0.22557034340861978,0.48698533786455267,0.1029423506947373,0.393
8.66882061958313,0.1739623845943451,-0.026216181937501266,0.48742624326469186,0.1330108670129459,0.393
8.67902421951294,-0.000692202293015685,-0.007471773575518639,0.46624705250746407,0.13327939563055197,0.393
8.689192771911621,0.725025717413564,-0.0365992739845338,0.4829157656973082,0.06914432274715428,0.393
8.699361085891724,-0.0025279000340000714,0.04060809426877709,0.5622501388856661,0.07198678789177493,0.395
8.709684371948242,0.37712301188440256,0.05914610670217426,0.5183505883424684,0.03417005228793059,0.395
8.719846963882446,0.07260039333507129,0.004593313780838224,0.46395125575474466,0.06530961022261483,0.395
8.730007886886597,0.20821260431334573,0.03953210507132115,0.60061172998084,0.034756118764283694,0.395
8.74016547203064,0.3513214001917079,0.011737800515911492,0.6154191612289379,0.03465369916092541,0.395
8.750330924987793,0.37879664669094376,-0.004331707339869123,0.6874424917146327,0.03290873716760043,0.395
8.760600566864014,0.18465050519151086,-0.0006069179628027328,0.6616038539552359,0.018330072518597487,0.399
8.770800590515137,0.22516965947672604,-0.02252755767425429,0.6610379253683605,0.05524930470567054,0.399
8.781014204025269,-0.04252663046091551,-0.03838894457217098,0.6493441958971314,0.08064225707301673,0.399
8.79120683670044,0.46682447542749717,0.012134967719143594,0.6035539750821849,0.05214202343793907,0.399
8.801398277282715,0.1289510982525022,0.008097921714837981,0.5312276510346232,0.04768473250584253,0.398
8.811599969863892,0.0205401162281931,0.012986587317983935,0.5348642854091575,0.052314093013041074,0.398
8.821772575378418,0.25990670174355857,-0.011349541999147495,0.5240232936539218,0.06536693825420768,0.398
8.831957340240479,0.030408612587523334,0.0051966903439992825,0.5346414315841104,0.0829348672785721,0.398
8.842123985290527,0.08951173746146879,-0.1741152514545785,0.5819957718225747,0.05889323902305084,0.398
8.852289199829102,0.08951173746146879,0.027538860997651085,0.5819957718225747,0.05889323902305084,0.398
8.862459421157837,-0.011354141081138977,0.013209815930423181,0.5745252047031033,0.05848824268237289,0.398
8.87262773513794,0.1271527036000213,-0.008270864608957871,0.47836484620824116,0.08770337999847688,0.399
8.882789373397827,-0.07457006930005074,-0.008270864608957871,0.47836484620824116,0.08770337999847688,0.399
8.892960786819458,0.0033551421826213445,-0.23802583842859834,0.541639877489078,0.07315762510152071,0.399
8.90317988395691,0.19392529675609416,-0.025374110065989393,0.5266889096675553,0.1048530092053036,0.4
8.913369417190552,0.1938953641500542,-0.0253701935411578,0.48841483076604264,0.10992716994264848,0.4
8.923698902130127,-0.25139451041508426,-0.22349380991711634,0.5370855118923434,0.05269636921038517,0.4
8.933868646621704,0.1372555161168266,-0.19843136659385172,0.4270368194000159,0.044815981858550846,0.4
8.944029808044434,-0.007800107267326135,0.01502788708849054,0.4420795924238278,-0.005081037629846137,0.4
8.95419716835022,0.003988726525399344,-0.24702473807025818,0.37050178117817956,-0.014963742077904182,0.398
8.964365720748901,0.1885540099155605,-0.05281421100929454,0.4102157727200363,0.06824009226638685,0.398
8.974591493606567,-0.20402128350335452,-0.012759079609164708,0.3687473145239567,0.033395809074252145,0.398
8.984760761260986,0.15891122938863286,-0.0254719944863136,0.3798520446950062,0.044114714170167324,0.398
8.994945049285889,-0.23093734987160391,-0.26663029187239157,0.3156307998188521,0.10632569016170615,0.398
9.005108118057251,0.22170317261256423,-0.24735844346011457,0.33022749143179453,0.08248902659942732,0.398
9.015279293060303,-0.32485649535424543,-0.006615521949353931,0.2871154289018285,0.07225883398483654,0.398
9.025508642196655,0.22404417988413053,-0.22590175457694248,0.3166170598967858,0.10471703656859302,0.398
9.035706281661987,-0.2740412947706348,-0.07483668013024809,0.283797565047729,0.11277243928012971,0.398
9.045882940292358,0.08288695296128619,-0.06969709460942312,0.2962710083515082,0.09724050402140111,0.398
9.056055784225464,-0.031161690507164108,-0.2556261639730769,0.17719405287108408,0.14971494369063484,0.401
9.0662260055542,-0.06684411894577479,-0.05441829552888918,0.2173234729163368,0.14326626403555778,0.401
9.076452255249023,-0.04449400431592539,-0.01746568243713114,0.19088706571528807,0.18189923261390883,0.401
9.086674928665161,-0.06414628147197865,-0.4553109594448137,0.1695752943492247,0.15364461151587264,0.401
9.09684443473816,-0.01498069227520716,-0.0016207221183893465,0.14923469949755352,0.21460693099041012,0.399
9.107009887695312,-0.050304709817260734,0.006616445233821713,0.21898627537561816,0.16749615537435303,0.399
9.117183685302734,-0.03029798527315659,-0.00926142228643812,0.2678564189311143,0.16180614766934476,0.399
9.127347707748413,-0.0614415828067059,0.0011638484650353218,0.21483895188511026,0.05125868664222398,0.399
9.137602090835571,-0.18821001366044857,-0.04960625997100657,0.1975878928507663,0.10225525428092117,0.399
9.147762537002563,-0.3472053096160381,-0.00919578277577809,0.12691451947165225,0.08242639131797944,0.399
9.157938241958618,0.08326932009577544,-0.2396417489613901,0.1230162769860624,0.1136823483965928,0.396
9.168099880218506,-0.3950228769843643,-0.03824424625255475,0.1315141344568884,0.14071628954797932,0.396
9.17826509475708,0.15026191441913758,-0.2256501546351875,0.14481328917388242,0.13009647175981218,0.396
9.188554286956787,-0.14685463345909738,-0.005900977290702563,0.15767471501322866,0.15839027223580363,0.396
9.198751449584961,-0.10288486097181147,-0.031942425666808834,0.15232785641183502,0.11568340684497791,0.398
9.208916187286377,0.16442436820868972,-0.008313556682528693,0.11530752217954407,0.15395402353090443,0.398
9.21909475326538,-0.21533777667319565,-0.04693039650168711,0.09814815402685456,0.1638057083972811,0.398
9.229257583618164,0.07979963895562438,-0.20001069952682243,0.010689968925431143,0.211723232784642,0.398
9.239482402801514,0.09606922002625064,-0.023507330727478848,0.03136031080734106,0.25347155315246384,0.398
9.249671697616577,-0.21538716568358174,-0.02915651651523572,-0.00023969824762473668,0.17545358799390856,0.398
9.259836435317993,0.07804629974098615,0.019402948150135553,0.051090475810928085,0.06820687710388722,0.398
9.270022869110107,0.027531239701257683,-0.0386683647146002,-0.032774200065327525,0.015095086863086124,0.398
9.28022575378418,0.0608088519703388,-0.04206781509630222,-0.006589764103962559,0.07760659857778161,0.398
9.290461540222168,-0.1977227221365988,0.024417069389158573,0.028750772613376288,0.18073963254945574,0.398
9.300656795501709,-0.2194066611469499,0.23498220393006486,0.0659401204858812,0.17655296309891338,0.397
9.310832262039185,0.04465052292119267,0.027977349441418893,0.06557011033704849,0.18876959387759557,0.397
9.321037769317627,0.015404413137570384,0.027960749202456055,-0.024329359848107412,0.23851982902773822,0.397
9.331226825714111,0.017347912411466302,-0.16517702980641322,0.01686232824770753,0.24675452990897648,0.397
9.341413974761963,-0.40398562018742484,0.03974967837133605,0.0326603551961082,0.25334872569720845,0.397
9.35158109664917,0.013126645517345367,0.04963980968270726,0.07090836793371731,0.05160323228797723,0.397
9.361756086349487,0.05279386646965041,0.046239542416036554,0.05640466684700836,0.05848708401947365,0.404
9.3719322681427,0.625340092204824,0.023581585470145987,0.0019897558766152623,0.05452741988439777,0.404
9.382142305374146,0.16318218705311135,0.04556158531790372,-0.06201666090669423,0.042143442147089406,0.404
9.392335891723633,-0.0368932240065117,-0.0003123966391889176,-0.04600863807820259,0.04496598697835922,0.404
9.402734518051147,-0.009012692647432975,-0.16869248716614463,0.001573524698116474,0.09197985869779496,0.401
9.413026094436646,0.3654174541365193,-0.36480004679734485,0.031374433285268566,0.06670066551643947,0.401
9.423200368881226,-2.1495325032504646,1.3846080929194473,0.028760106583239367,0.08468654987778046,0.401
9.433368682861328,0.14997016155304083,0.02341512461304334,-0.0122913852940707,0.09854046295769395,0.401
9.44366455078125,0.015080330383295787,0.023157277522213734,-0.0013614811162664942,0.11645955857315357,0.401
9.453832149505615,-0.02771704270694827,0.03734115674817585,0.04105427095994223,0.03515148080081098,0.4
9.463995695114136,-0.06095801341974718,-0.006792038024980654,0.0510596659148459,0.08729111541896864,0.4
9.474154472351074,0.1858683820848798,0.2748150352060225,0.05854468268955079,0.07683510391127793,0.4
9.484318256378174,0.09146038985280744,0.020788206621828932,0.09864822161514451,0.07079922199937129,0.4
9.494524240493774,0.05003955445184897,0.255524063850069,0.07395613155564204,0.12423303387963304,0.401
9.504691123962402,0.2073878255453782,0.07670640547407674,0.05166286311382019,0.02518641607336228,0.401
9.51485824584961,0.23814304794949975,0.07026823864637892,-0.0032464644544485805,0.053821410429202445,0.401
9.525031089782715,0.14668189524309996,0.33605941163029357,-0.004986942214599652,0.027165233532890395,0.401
9.535242557525635,0.0152582739283522,0.10848312626162086,-0.005256354397693647,0.06252246195648983,0.401
9.545446634292603,-0.03255388403815332,0.49918689171887737,-0.034867054053494675,0.020687120692515798,0.401
9.555627346038818,-0.03888204232597409,0.09980942307529506,0.0011923425836583706,0.03593257283656318,0.407
9.565798997879028,-0.0990469634245484,0.06572462779389963,-0.0024669192978474946,0.009268134040115256,0.407
9.575968027114868,0.005442288880156717,0.009823678598054058,-0.003254733465644824,0.015583578308101087,0.407
9.586138486862183,0.06257462600800254,-0.033867900690424696,-0.029788443545519357,0.0522106799866487,0.407
9.596311330795288,-0.07327087356208506,-0.011049632783939957,0.034063701356242634,0.03941790000902589,0.401
9.606616497039795,-0.12660824769573725,0.025612985393641874,0.00613951360966615,0.057759218394539145,0.401
9.616796970367432,1.1481390892647638,-1.9558244506219633,-0.014707203047721912,0.06699841114315244,0.401
9.626965284347534,0.6904818800910063,0.4785517276995142,0.035678080890675964,0.09146574594929519,0.401
9.637131690979004,-0.01326586912747149,0.04606706647756337,0.004202782673949773,0.010066054569389388,0.401
9.647311210632324,-0.058907377923357075,-0.006772075559788317,0.012989136075651005,0.01716772672673475,0.401
9.657530069351196,0.15398385009745857,-0.044569079379115945,0.04508875085500095,-0.019072962032028032,0.401
9.667709350585938,0.03360593280814058,-0.1104914902236779,0.03371759069272405,0.08354751833732613,0.401
9.677870750427246,0.04468435698618907,-0.103300056231849,0.06697408276153667,0.03421010548104214,0.401
9.688032150268555,0.004584897571792429,-0.0703317545764098,0.1384841599094219,0.020100040154065843,0.401
9.698198795318604,0.2913422083864843,-0.06869358344126425,0.050685452205053036,0.006181884072146836,0.404
9.708359003067017,-0.11806386908047074,-0.05881901220713033,0.08006497557134185,7.691417110031185e-05,0.404
9.71870756149292,-0.11755098791646468,-0.07801249910902903,0.13530420092666137,-0.0013277859390839822,0.404
9.728868007659912,-0.08789798757147166,-0.09390721225489651,0.13272735684407064,-0.032088415111965383,0.404
9.739031314849854,0.3812476369063863,-0.2665889400934473,0.08808580459717766,-0.028624863930301774,0.404
9.74919080734253,-0.18809139809015912,-0.6344870805474048,0.16317978264250502,0.024145856748242316,0.404
9.759350299835205,-0.10833828000603918,-0.041470927814564726,0.05596717454640659,-0.008469279779705312,0.408
9.769648790359497,-0.053862051356056616,0.1823545378616307,0.11916854414261663,-0.022796068937638646,0.408
9.779830932617188,0.6130796340625089,-0.4567992866874661,0.09554939801733876,0.006143470982978152,0.408
9.790004968643188,-0.22369078983179197,-0.2163349780085278,0.13833736992293852,-0.000697185011500648,0.408
9.800193786621094,-0.4558499820543251,-0.032599940663867115,0.18939239016258072,0.0581176603164427,0.403
9.81038522720337,-0.20401344733440602,-0.037928602960952545,0.1996190716832102,-0.030242897608088203,0.403
9.820595026016235,-0.34364386948178627,-0.10009742724887347,0.11816729986305252,-0.04382383164176084,0.403
9.83076786994934,-0.08153873053509594,-0.023652414169553073,0.13314811601940166,0.02823318748310095,0.403
9.8409423828125,-0.1817139782513571,2.158184530253371,0.17790195890663846,0.04212060367088618,0.403
9.851134538650513,-0.10072872779165963,0.42423401208644607,0.16762060311670546,0.209555712838473,0.403
9.861310482025146,-0.10072872779165963,-3.197669221921739,0.16762060311670546,0.209555712838473,0.405
9.871508836746216,-0.5970665175437655,3.8783983788438183,0.14483277623870724,0.14185460056706858,0.405
9.881705045700073,0.49841265958152053,-0.7517434131775995,0.18374959536675328,0.05974473122607256,0.405
9.891879081726074,0.08174049423298956,2.1081285741733873,0.16056788492455273,0.09971696724034326,0.405
9.902090787887573,0.044690913713086554,0.12119920946394033,0.21790747764685958,0.06995422290443343,0.406
9.912282705307007,-0.1562436988463504,0.32212988401071097,0.20135573792681993,0.04973167071303028,0.406
9.922527551651001,0.14691371344823045,0.3396654566397566,0.2166012270694429,0.06433616124651727,0.406
9.932770490646362,-0.028601114010787045,0.3156639640208477,0.20656028309411173,0.04337426363900847,0.406
9.942991971969604,-0.09142657619654247,0.5565167653359865,0.17442441236087158,0.0168096313146199,0.406
9.953164339065552,0.2685620135471063,0.13352495256794555,0.10964583452803589,0.03167526893557369,0.407
9.963331460952759,-0.1713921612203826,0.13355370678271092,0.1460274226157864,0.10261464037458053,0.407
9.973616600036621,-0.03227436576423765,0.11805495115806086,0.117006226549206,-0.016397624634577578,0.407
9.98379635810852,0.03205568079973739,0.15853264029378422,0.17322950660377656,0.012847345023257059,0.407
9.9939706325531,-0.20814321274414974,-0.08555114676934202,0.17970395328195465,-0.014925434499067039,0.408
10.004144668579102,0.050785069704252166,0.10444433604513151,0.17781388970665302,-0.011319550108232511,0.408
10.014315843582153,-0.02381503776364389,0.08903798135373203,0.21395505720418143,-0.06883551737906764,0.408
10.024503707885742,0.03746128110528584,0.006709250998239615,0.22771382793990125,-0.06245760204119733,0.408
10.03472375869751,0.2954255817533764,0.04370975014576995,0.22574174814059794,-0.09219364616767761,0.408
10.04492974281311,0.6754402481167763,-1.7825272567819967,0.14780866934383782,-0.06594409491760993,0.408
10.055138349533081,0.24397287140538026,0.00526352222682414,0.12979370524356693,-0.16209334963187544,0.408
10.065325736999512,-0.26346340530155354,0.06901991481117425,0.12015511143162126,-0.1558536490797025,0.408
10.075502157211304,0.21675386564921212,-0.18751745583503662,0.060540224204030144,-0.09811575265328483,0.408
10.085721015930176,0.03560205615858517,-0.026243574817224825,0.11912295290846185,-0.07446610527022199,0.408
10.09589171409607,-0.054123117226460155,-0.09361742644152052,0.15442640610016187,-0.09973076242534652,0.411
10.106059074401855,0.4736778562056332,-0.30029095816383544,0.17769461050736127,-0.06724820068922523,0.411
10.116219997406006,-0.10870472073672748,-0.08128883741462235,0.1633990658907659,-0.08652523790548161,0.411
10.126384496688843,0.5706470555431741,-0.09215704980645394,0.18398059428768015,-0.1260739033192623,0.411
10.136678695678711,-0.41903178537520996,-0.25163130251833704,0.190194429430548,-0.1253125686225114,0.411
10.146850109100342,-0.10409152301809707,-0.2864752962171397,0.23474056985275246,-0.044208940425165974,0.411
10.157009840011597,-0.23427384363662737,-0.09111507872921563,0.1645511123656071,-0.10449488272335229,0.407
10.167173385620117,1.1854725531542925,-0.28684581280452764,0.14873369679121404,-0.03847889576780487,0.407
10.177343368530273,-0.8186587058503593,-0.1057339251733072,0.09158550886934097,-0.01774324284170572,0.407
10.187646627426147,1.4418397772951592,0.4996538212428982,0.18522824318832654,0.05897939245414049,0.407
10.197813272476196,0.21240710555472958,-0.113372957285304,0.1510950239634016,0.003708217666586626,0.411
10.207979440689087,-0.007699725030037282,-0.055803198022530795,0.18565044559320046,0.0356613412937426,0.411
10.218149900436401,0.12981159641202392,-0.2639893584627632,0.17608284758322434,-0.013313404805492724,0.411
10.228321552276611,-0.06699079318484162,0.0078041478562826,0.16503430249805384,0.03651765487966971,0.411
10.238555192947388,0.03224954932553055,-0.2122452892300315,0.18321923579561125,0.043189701890777796,0.411
10.248740673065186,0.12248037136555218,-0.03355871310054461,0.21018012407248063,0.06467714710408902,0.411
10.258906126022339,0.022405742825313917,-0.029336203211656923,0.18328338289925816,-0.012322302579012408,0.408
10.269077777862549,0.009435470231124893,-0.21673354140320822,0.17750191956196965,0.08583206794569893,0.408
10.279253959655762,0.08253810217773971,-0.028953775268507564,0.19593247571704003,0.06061997371224467,0.408
10.289499759674072,0.038284792973921136,0.004653977996305836,0.18757641936837977,0.029356018416195638,0.408
10.299700260162354,-0.059021837801381684,0.07156906822948361,0.17965331303898288,0.027988143563671037,0.409
10.309909105300903,-0.1719111305898205,-0.22847820415932016,0.15858959597366612,-0.02149670783404484,0.409
10.320091724395752,0.1062714101547658,-0.48627265069613645,0.17433975724144773,0.007275121524993698,0.409
10.33026647567749,0.22780194678831023,0.31533402987528397,0.1355360437620089,0.050585237034414185,0.409
10.340435028076172,-1.1732145195301815,-1.8793059938811354,0.13367884215604625,0.1089013904100664,0.409
10.350746154785156,-0.00755588702889666,-0.21458395536654115,0.13730026832700035,0.026243516867001757,0.409
10.36091423034668,-0.1442654431519674,-0.029055600712246533,0.1907358105554816,0.04786400662751235,0.407
10.371098518371582,0.12392457755437172,0.008055905297746807,0.22067663301029966,-0.009397247711222075,0.407
10.38130807876587,-0.09961087889010808,-0.3071090095349576,0.23138172119874773,-0.043646095593537965,0.407
10.391520500183105,-0.10605722193045515,-0.23925805662387326,0.17444154570787374,-0.018273687780948244,0.407
10.401731491088867,0.1092768840445596,-0.27539597901684737,0.15219919558853584,0.07450128079361418,0.4
10.411895275115967,0.10927622775277218,-0.276325830085934,0.132810461461229,0.08848892017139709,0.4
10.422058582305908,-0.19884001707214594,-0.10781734069247663,0.14041109817316508,0.11062347585010981,0.4
10.43222188949585,0.11994043441008753,-0.13530383318845204,0.10867612233227208,0.11449552694127411,0.4
10.442381620407104,0.0468195802619906,-0.0831133394589338,0.09217062751464933,0.1115608190181369,0.4
10.452675104141235,0.07657440797987508,-0.03169655308487549,0.17829719108025713,0.07980949414965305,0.402
10.462832927703857,-0.1309385883790641,-0.6110673022325623,0.13208884957426112,0.07258304945702605,0.402
10.473005294799805,0.0675740519374626,-1.404614385715322,0.13863428972077746,0.06887451768697705,0.402
10.483176231384277,0.07545040744776736,-0.22479935429873704,0.16209467591789828,0.0855073159192898,0.402
10.493347883224487,0.09406517325216546,-0.08329514647456711,0.09819829121000065,0.0876548218421343,0.405
10.50386381149292,0.056237408761444965,-0.09950239439046148,0.17451735270163277,0.12453513488636914,0.405
10.514053106307983,0.19247510226743403,-0.08055850416384876,0.1145121813080986,0.1230598362796853,0.405
10.524219751358032,0.03964588761218836,-0.53949424207655,0.07156580675146103,0.21647406552277698,0.405
10.534385442733765,-0.008896509212860743,-0.07053797564955186,0.08067422496641832,0.1806572467149912,0.405
10.544675350189209,0.0025567237983373735,-0.17231400203881458,0.08681745864865781,0.09211041733909411,0.405
10.554875612258911,0.14578319464351425,-0.3053345382111788,0.08933222474450134,0.1096530314882473,0.407
10.56505012512207,-0.3713577630294284,-0.07891914451941766,0.04140842658410331,0.06893241735247643,0.407
10.57522201538086,0.09391827509558502,-0.06578015851333233,0.07081316564322776,0.045286927098928384,0.407
10.585390090942383,-0.3680574407654347,-0.055331143724192816,0.1448609712246103,0.1600105393140463,0.407
10.595686435699463,-0.18053999108430052,-0.01980689075591951,0.04081893730915871,0.1874162063605443,0.407
10.605847358703613,-0.09264171720096652,-0.16022869997627556,0.10065114628904515,0.1678607134177197,0.407
10.61601185798645,0.005926425772169553,0.05194601430715307,0.10001787789511912,0.09502596591637572,0.407
10.626171588897705,-0.17852077109167497,-0.025518505086353078,0.05972747619192632,0.10268983719586333,0.407
10.636345863342285,-0.00530405582894431,0.40159321651365637,0.013495441456125863,0.14342263402050134,0.407
10.646625757217407,-0.16135391664483084,-0.3990723444288532,-0.0021125566727043105,0.1482820985736556,0.407
10.656786680221558,0.026379039003749508,1.1677269518936306,0.0828339901086564,0.09434651134482047,0.405
10.666949987411499,-1.6472361820030386,-0.9731659939112874,0.048058410923343994,0.08928012567566347,0.405
10.677120685577393,0.06529642804019266,0.0360090575001565,0.06715479759580353,0.17656928620149143,0.405
10.687293291091919,0.08677030102870284,0.00647727706613413,0.06197347756396282,0.14185946951190878,0.405
10.6975417137146,0.17338075295508207,0.06801234842938826,0.06008767040864993,0.13201651078054913,0.406
10.707759141921997,-0.04139021539960278,0.27998186708258793,0.07004338636741753,0.07402982130364007,0.406
10.717975616455078,0.16383428957034507,0.07623039832178673,0.056235255355427255,0.0982369287864418,0.406
10.728145599365234,0.40290237552452335,0.2533505789341759,-0.017996334154878973,0.0715089424081852,0.406
10.7383131980896,0.020579180415452945,0.22345567563357713,-0.0037484748972293896,0.12153619022085967,0.406
10.748514890670776,-0.16478447925362216,0.016251154898726645,0.028089748287476388,0.07929850592904673,0.406
10.758692741394043,0.0764440284656128,0.2218000543424904,0.015377359574847371,0.06191392216843316,0.404
10.76886248588562,-0.5493007412414092,0.02348138873436368,0.04170772461157611,0.11087903046722994,0.404
10.779030084609985,0.48512262620385027,0.09327415957437529,0.0034178067771693244,0.08179896332243367,0.404
10.789204835891724,0.33237937018948555,0.2777903472335881,0.015966444196577695,0.08258219313312806,0.404
10.799410104751587,-0.10389264969102316,0.4961059207262029,-0.042146777039299574,0.057780550114226975,0.402
10.809714078903198,-1.436900902013005,-0.11719383082022636,0.03192805022864802,0.05941034896965236,0.402
10.819917678833008,-0.8974734665304496,-0.3699707236228765,0.04324247328850707,0.0027414084910935207,0.402
10.83009123802185,-0.8093372919928292,0.27922398497236856,0.09249011806958796,0.014917332838734903,0.402
10.840263605117798,0.8576917006594941,-0.5377227121821501,0.08898638514071278,0.01975383323408497,0.402
10.850433111190796,0.20964892701309806,-1.1480062349849864,0.016057034789133506,-0.006536031534066254,0.402
10.860740661621094,0.03743497147576087,0.06441133520506787,0.011662128924779872,0.025086817717984503,0.404
10.870903253555298,0.015232439917071175,-0.18939739445435338,0.03909025073824589,-0.06253463148403182,0.404
10.881067752838135,0.015232439917071175,0.012116905985537621,0.03909025073824589,-0.06253463148403182,0.404
10.891236543655396,-0.8209830986379361,-0.0062769058139753135,0.058784490603379994,0.022363833978451486,0.404
10.90142035484314,0.1145833344305216,0.41606458962476106,0.022183433648396242,-0.008769743015986157,0.404
10.911721467971802,0.1145844599611925,0.013875908810234712,0.011874558330757207,-0.0029891469131141267,0.404
10.921895742416382,-0.19896983411029445,-0.441053694025592,-0.002629958069076968,-0.05259287733427509,0.404
10.932058095932007,2.6230702574807814,-0.46740361060324837,-0.009271585539092492,-0.018775654058168362,0.404
10.942219734191895,0.43820319369938415,0.14408607286523853,0.03522399959571963,-0.06943903446611845,0.404
10.952380895614624,-0.33047739173117097,-0.4375251995579269,0.029754517746339235,0.003407559131712737,0.404
10.962614297866821,-0.6973306876207883,0.4094490043845429,0.01698980248365259,0.012333279474766187,0.404
10.972792625427246,-4.026144657464237,1.227735951152115,-0.02387813057358454,0.03346277388707553,0.404
10.982959032058716,0.1076002163139014,0.024507687648320012,-0.06906573220741344,0.020362261030417345,0.404
10.993130922317505,-0.08635031235570664,-0.016406233440473653,0.03529871711484483,0.02120477035503881,0.399
11.003298282623291,0.36031011556523873,-0.04415408010358743,0.04329778353013203,-0.03715033029062135,0.399
11.013470649719238,0.4849022632444822,-0.05790903353365988,0.01601937677294278,-0.021851913431843225,0.399
11.02378511428833,0.20224280680408818,-0.008243160625936132,0.021944230797123914,-0.009606470022019191,0.399
11.033950567245483,0.12334701077389547,0.27092014437333706,0.048797571164084994,0.09422042075409257,0.399
11.044121742248535,0.14780901899130994,0.09219743941865642,0.08246544157154881,0.07782799952790413,0.399
11.054322957992554,0.023906545648639907,0.4978401789083239,0.06227015243706534,0.03133618783745143,0.403
11.064536809921265,0.05468481841834334,0.3344250017889955,0.03769328976520546,0.07247637276034101,0.403
11.074719429016113,0.01821346821716649,0.07768497920478218,0.019464937363951787,0.04284046309631909,0.403
11.084887266159058,0.07425368417555736,0.015092125282804398,0.007194356108190719,0.014909807414359202,0.403
11.09507441520691,-0.04621198428419781,0.22868162276009252,0.04279478179526128,0.03035068764561614,0.399
11.105242252349854,-0.07144500240422977,-0.012246095937635116,0.06372328387778585,-0.01711023615940715,0.399
11.115408658981323,0.19485924028239526,0.018998931029414492,0.020559201346854558,0.01517473194271713,0.399
11.125696420669556,0.023223609232596202,-0.0031605870595534306,-0.04415720060824566,-0.005704478979890626,0.399
11.135902404785156,0.029301070673061716,0.024038442934785433,0.05201955691952795,-0.014217175162700046,0.399
11.146078109741211,-0.02478082090596298,0.07536551569425973,0.033655196459618966,-0.016469825188629075,0.399
11.156256198883057,-0.0083037140960672,0.065512211981235,0.02470065935480821,0.0350656910548169,0.405
11.166426420211792,0.3425231231241793,-0.2187862490911484,0.018802097049958486,-0.04555500957755858,0.405
11.176711082458496,-0.18908914978095734,-1.392489388454418,-0.014348439836756044,-0.07286399676245253,0.405
11.186882495880127,-0.4614787399853822,-0.808518581689065,-0.002658702793272766,-0.08650281596400511,0.405
11.197059154510498,0.1629718495834561,0.009233734316194073,-0.030514030938048352,-0.09754110258352655,0.406
11.207229375839233,-0.046564832892511863,-0.009314502543923305,-0.05639451572956626,-0.10199667365318724,0.406
11.217405319213867,0.09617210042953132,0.14842461419558775,-0.014882363997677152,-0.17531754537589836,0.406
11.227612495422363,-0.08889970271869076,-0.04031892203896142,0.0014597999131236994,-0.15471983934419498,0.406
11.237782001495361,-0.003108918979898508,-0.05333551335409168,0.019197632638503298,-0.16822892229317943,0.406
11.24795126914978,0.5272961449454895,-0.6704913340692965,-0.035703359821420616,-0.12124739513992983,0.406
11.258127212524414,-0.07445923356852358,0.564975901406468,0.03346951789148689,-0.08232224380641165,0.403
11.268299341201782,-0.45777407396534847,-0.7010248952552672,0.019724762347282328,-0.08196221551470406,0.403
11.278469800949097,0.0922124703504241,0.5162152594806132,0.03411765591711782,-0.0662358196292023,0.403
11.288667440414429,1.3748871355102332,-0.29947625939976874,0.05528432177127536,-0.009719356213310671,0.403
11.298863172531128,0.3626104997637098,0.16159563961739207,0.05212533796885395,-0.013340598828925078,0.405
11.309057474136353,0.35984679473597103,-0.01583029736524657,0.10023207383764289,-0.04806422908971678,0.405
11.319273233413696,0.008895861585951757,0.13129952800910988,0.03487253913629426,0.042313765304675496,0.405
11.329459190368652,0.11303472558052444,0.23410254910779693,0.061038250254809155,0.0299206205537578,0.405
11.33973217010498,0.4721892577186918,0.017436654245069842,0.014606476111998175,0.0652999694837814,0.405
11.349902153015137,0.007878359920619913,0.02970602016236653,0.06258218988580903,0.05589357552874831,0.405
11.360072374343872,0.17234706106737793,0.017393166614315284,-0.025752811876962635,-0.0001970100700784093,0.403
11.370248794555664,0.33520840479831165,-0.0044945370955502455,0.03307413927307644,-0.051862860901399896,0.403
11.380463123321533,0.3429936995495828,0.4262340708630053,0.01162920467641515,-0.06881596118714058,0.403
11.390664339065552,0.3135320364749087,0.21335560567856196,0.044883513829466544,-0.10920701462867205,0.403
11.400836706161499,0.41049051723174385,-0.024042830140155264,0.057065359595747205,-0.021066320473851728,0.405
11.411005973815918,0.007864589618134094,-0.024042835834018242,0.06897268113709194,-0.019540570628385566,0.405
11.421185731887817,0.4658970513849639,0.05858053035525409,0.04045460936224966,0.10301207825679445,0.405
11.431356430053711,-0.13760378568906695,0.058580652772435134,0.056155798343145547,0.09840659250001499,0.405
11.441603899002075,0.681304639916594,0.25721236814709864,0.06311562007548384,-0.09715920200595424,0.405
11.451822519302368,0.4214042337131855,0.18607038915778015,0.12403529112625297,-0.08524066686853826,0.405
11.46204423904419,-0.17679035601786794,-0.020400994897216414,0.14140449348225412,-0.054873921570945984,0.402
11.472211122512817,0.5270526135827074,-0.055338011639159336,0.14356287227639963,0.02258061599628667,0.402
11.482385396957397,0.3391448288142411,-0.02570951918611477,0.02292301710096494,0.03999433540145479,0.402
11.492599248886108,0.3404083723382855,0.02020763972441933,0.1690585255475094,0.05469592514378894,0.403
11.50281834602356,-0.19587099973315453,0.21008957181559762,0.28718654326842213,-0.1324650194294415,0.403
11.513023138046265,-0.19587503880020785,0.21037483201471188,0.30744989877604445,-0.13070355244555498,0.403
11.523190259933472,0.12338896996585962,0.025319392447976576,0.2210096397200505,-0.022198027689292528,0.403
11.5333571434021,0.7231546177757365,0.4281592259512984,0.17898472273357902,0.08215540985910012,0.403
11.54356336593628,0.31075667216850095,-0.2383364440143627,0.22026435633105057,0.03440487723460524,0.403
11.553731679916382,0.004154812414287131,-0.03148480363920279,0.2849353816329304,0.0030466954019060973,0.403
11.563904523849487,0.3382118694816514,0.021460392130123226,0.2733984272152995,-0.06567159752771963,0.403
11.574101209640503,0.3260447351921611,0.0853889676653594,0.2711652941115947,-0.10189971779223232,0.403
11.584289073944092,0.27167552619585117,-0.01358842837563853,0.2635343202178961,-0.10879004020938855,0.403
11.594465732574463,0.14681244829883172,-0.0299418620268257,0.24224182085771206,-0.09229192878305144,0.404
11.604724407196045,0.30004961940259345,0.23671028738565025,0.2535298896017072,0.012330302482783061,0.404
11.614907026290894,0.30389488507474954,0.03549136374697364,0.25160483808601547,-0.004598486708490224,0.404
11.625101089477539,0.34919188184351146,-0.014655058334262673,0.23096251984549654,-0.05751675465327899,0.404
11.63538146018982,0.3022561373211852,-0.009120152537272663,0.3137541099781867,-0.12123094778936924,0.404
11.645633697509766,0.3794636127234537,0.012158746320833797,0.32976225361831546,-0.05794871093677102,0.404
11.655850410461426,0.029205990162335056,-0.025643886154432752,0.31448080828644975,-0.09695533379700452,0.403
11.666019439697266,0.3706095376470133,0.22017660372160225,0.3216102994224818,-0.04321424206727138,0.403
11.67618989944458,0.0928224628632625,0.03548619418483542,0.3783585783642762,-0.08346634505581244,0.403
11.686361074447632,0.11684805764688347,0.21463345422273472,0.3196533161955796,-0.14836628775321117,0.403
11.69656491279602,0.2497385961139175,-0.03413108115254154,0.3417058458971302,0.0028363969512718162,0.4
11.70691180229187,-0.03229215893883498,0.0002892266816871878,0.3457800271720596,0.030508516576778777,0.4
11.717133045196533,0.6632843395810549,-0.6313172135238967,0.3571229457322306,0.09690114462675317,0.4
11.727299690246582,0.613199915654374,0.16754236667601669,0.3393252419523463,0.07717149117509459,0.4
11.737469673156738,0.0006920859824270193,0.0005387026527761982,0.3417333112812429,-0.06253454145531104,0.4
11.747663021087646,0.11493257522893796,-0.0037071184685402796,0.40796857490851723,-0.031791429138184696,0.4
11.757834434509277,0.19415453534747137,0.2419392455750522,0.29062183350938536,-0.10774438224909855,0.4
11.76800274848938,0.2921023928182394,0.20442805643968326,0.3136285865564652,-0.09347005680692412,0.4
11.778170108795166,0.16046266962239938,-0.01945174939040928,0.2993116167698944,-0.10207507696385373,0.4
11.788360118865967,0.16552965587918678,0.005984649405827255,0.31857508662485584,-0.023012118353433836,0.4
11.798581838607788,0.01775153140650939,0.010898263587071582,0.2985642128226637,0.050346720333164924,0.397
11.80880880355835,0.027053902599481792,0.20373783368773082,0.3177731337920232,0.12426929931783351,0.397
11.819007158279419,0.009756944492928727,0.01479087418418572,0.32513096325194124,0.08723207032953623,0.397
11.829222679138184,-0.026565613663995364,0.01866102674813388,0.3040473049264973,0.0004156174498989307,0.397
11.839403867721558,0.6582806376819618,0.24740956108201875,0.34910321522721477,-0.05117312829328796,0.397
11.849659442901611,-0.04383388823920288,0.24212590480262242,0.2757350709083019,-0.06100472594333013,0.397
11.859852075576782,-0.3087184660954303,-0.7769436922942105,0.3061455870063712,0.04235463225608391,0.395
11.87003469467163,-0.022703659243836074,0.059680109875083695,0.31944830805952673,0.03115828954479112,0.395
11.880215883255005,0.036327679628983825,0.25576870919788525,0.3015732764816689,0.044641694494864784,0.395
11.890392541885376,1.54300542885181,0.8546176061608745,0.2230609559167436,0.06986789546324511,0.395
11.900658369064331,0.024539043980322018,0.027332097521551524,0.32002186861239484,0.03317628500175976,0.398
11.910860538482666,0.024538817360989725,0.027331845108226234,0.31614656298184607,0.03140391114081887,0.398
11.921090602874756,0.0056602523794991024,0.023352137528836723,0.262129021071563,0.0922544562317843,0.398
11.931257963180542,0.07495948736434618,0.2514223656352195,0.3102241020629081,0.011713805056156268,0.398
11.941426753997803,0.03532590650159944,0.10014914400569684,0.34297009125558714,0.06939701924733108,0.398
11.9516761302948,0.0798608406224097,0.2598606670429825,0.31653908499413386,-0.007525113911558176,0.398
11.961852073669434,0.04444056353410285,0.5091028370064552,0.2812036433260253,-0.0001937486848904088,0.399
11.972025156021118,0.050369277836289514,0.041637868572169445,0.31588186151309705,-0.08783665480598882,0.399
11.982201099395752,-0.19694957312145359,0.028839243015698037,0.33900452016241645,-0.021679666993738158,0.399
11.992386817932129,0.11188324746878825,0.07530258815625727,0.3015160755345422,-0.05038606217225537,0.399
12.002655506134033,-0.09169969936755797,0.13406890339153663,0.30786040767260203,-0.0011006975021903495,0.4
12.012870073318481,-0.09275398846523687,0.13406526122231488,0.293663314330983,-0.01876618455101818,0.4
12.023092031478882,0.06861782602803386,0.24936016440917166,0.291878614458708,-0.009729216571442132,0.4
12.033260583877563,0.13588982905853267,0.07977285979258136,0.2687028823331136,-0.033818712326438335,0.4
12.043424606323242,-0.31139047471809916,-0.34241803526349807,0.27458268152659226,-0.0214304122707236,0.4
12.053611755371094,0.09751252968806438,0.06359244981336071,0.2607404218750111,-0.0029029203409476206,0.395
12.063799858093262,0.03911348246098282,-0.14827379215853265,0.2706714913610919,-0.08605025469205867,0.395
12.07398247718811,0.13857249889475426,0.06497298007910439,0.23321331701575876,-0.1374700189292753,0.395
12.08417797088623,0.1284250207156234,-0.1793323490031551,0.21673420780741037,-0.08788276300952902,0.395
12.094360589981079,-0.05288153053465638,-0.9687998644684521,0.22272073940553777,-0.1040313070797926,0.396
12.104587078094482,0.09615169150146873,0.37983137270340434,0.2405817077441928,-0.11974938021436486,0.396
12.114776134490967,0.09895125378741043,-0.6239831509666504,0.245668201477375,-0.05801423011616514,0.396
12.124950408935547,0.8662283494033776,0.7865186246952567,0.24510095200273546,-0.09243409224528196,0.396
12.135134220123291,-3.673461807458939,4.375800559919897,0.2286010980679809,-0.04606967640479488,0.396
12.145305871963501,-0.013174280238332142,-0.08468381830060497,0.1426875803291276,0.013404422526825166,0.396
12.155482530593872,0.01551940301696498,0.003553143141841782,0.16453147951761393,0.025590261380050463,0.399
12.165680646896362,-0.019289559979136908,0.22245488718804493,0.15700134819449355,0.03313234895382322,0.399
12.175858497619629,-0.17728432159952967,0.06570458478146807,0.1670323445662422,0.05060440278720851,0.399
12.18602705001831,-0.0918772216245652,0.29934793022510897,0.15075749125331098,0.06121710537432651,0.399
12.1961989402771,-0.07663635058195666,0.1269469282665811,0.0957468864425622,-0.02421559835854756,0.399
12.206365585327148,-0.13086198816270597,0.3547855137488336,0.12923671376064996,-0.034283619099050526,0.399
12.216542482376099,0.2341308755690262,0.3302684253090539,0.11262325741253043,-0.03902932819944588,0.399
12.2267165184021,0.20883534128373193,0.19815281672599133,0.08245098749019109,-0.09059980089953015,0.399
12.236887693405151,0.17377549006759524,0.12805979651121963,0.0871235124831428,-0.14630149527904018,0.399
12.247069597244263,-0.28583790197200315,0.15335204392810484,0.0449469971854786,-0.2123893359503947,0.399
12.257239818572998,0.03960496070519894,0.518768840706051,0.043919907353819745,-0.19931497278193264,0.399
12.267405986785889,0.05017497156199461,-0.09266401672324236,-0.025209853316230567,-0.2509689088725723,0.399
12.2777578830719,-0.3415131712141602,0.012086424609787006,0.07126833139668187,-0.2769539704923971,0.399
12.287925243377686,-0.24698975398209502,0.16069317143423625,0.07759930029495966,-0.2637353164920134,0.399
12.298093318939209,-0.7626772258836314,0.20891871143344204,0.0842011999914726,-0.21447825631188808,0.401
12.308260202407837,-0.22088482230726297,0.22347324088994613,0.12259832962428692,-0.21450934339126398,0.401
12.31843376159668,0.07098325319930317,0.03353659222696708,0.031061960385014048,-0.196365718570936,0.401
12.328681707382202,0.012468307976693354,0.2157781944741342,0.07775344051735747,-0.1395846313609793,0.401
12.338886976242065,0.06776733240198299,0.21753756847977918,0.06262635716760345,-0.1826034931241435,0.401
12.349065780639648,0.10670919422024178,-0.03709738505210441,0.0560032636444934,-0.16357966220762,0.401
12.359240293502808,-0.14297626884782855,-0.01138404706472672,0.004231296369582027,-0.09183461054094266,0.403
12.369414806365967,-0.1786007143466069,0.47444043135632064,-0.021076363186644104,-0.1269120584472426,0.403
12.37965440750122,0.14639934880965516,0.02676223901367526,-0.04560686597584874,-0.09255049148825863,0.403
12.389833688735962,-0.10973920109435191,0.03612710979204647,-0.09625310479109983,-0.12612233064567335,0.403
12.400012493133545,0.24746170053390826,0.0025227602393708744,-0.03386563544457752,-0.24008914050010702,0.401
12.410183429718018,-0.2401252763222744,-0.378568476089828,-0.07252270677812363,-0.18334390012119234,0.401
12.420356273651123,0.7046375085081652,0.1969350331335885,-0.030378639267331753,-0.20378135175459577,0.401
12.430526494979858,0.027135151449691565,-0.1920373354377331,-0.09841962639876792,-0.19148453609153587,0.401
12.440709114074707,0.1489785631300633,-0.04446844466769334,-0.06418335811701845,-0.18739765958025467,0.401
12.450916290283203,0.7608291770905588,-0.034477533446730206,-0.04150418819973556,-0.1489522153161216,0.401
12.461085081100464,0.15956577879746928,0.5698158951182133,-0.04150418819973556,-0.1489522153161216,0.404
12.471252918243408,-2.0694063219329952,0.1730299443864295,-0.08836654531792958,-0.18933393709934657,0.404
12.481427669525146,2.711349899558568,-0.26435432037400547,-0.05787807850381471,-0.21078556132173767,0.404
12.491615056991577,-0.2560424229002751,0.7056496131766427,-0.09946566327218104,-0.0608362394939323,0.404
12.501822233200073,0.4902969282609945,0.5702072696214812,-0.07648950507197957,-0.095934261808306,0.401
12.512016773223877,-4.531702764049621,-4.451793225780006,-0.03154510875022406,-0.12117625437699707,0.401
12.522188186645508,4.011366090231852,3.9673326105371984,-0.10243121548652205,-0.2090972446201121,0.401
12.532360553741455,1.8913988125819527,-0.6797688056384468,-0.1293357373762035,-0.17915850814009043,0.401
12.542532205581665,0.3513420112709213,-0.07916356428644691,-0.06278260834879124,-0.2024261843282803,0.401
12.552720546722412,0.25188073546458706,-0.2646504832709541,-0.11034516796391305,-0.1471524649161335,0.399
12.562928676605225,0.016474951741120156,-0.24191378614847944,-0.10966791030829667,-0.10531677220801759,0.399
12.573107481002808,0.33549230421671533,-0.182120840588271,-0.13507966850485623,-0.15598752846120145,0.399
12.583317756652832,0.20378521600647892,0.003423448830487882,-0.17726091163201504,-0.1413493872449325,0.399
12.593518495559692,0.09685568289164674,-0.17549367352689468,-0.282065147333159,-0.07034303265985622,0.398
12.603713989257812,0.030889363237779466,0.020416734136409938,-0.2925741668129162,-0.09252694566924033,0.398
12.613941192626953,0.07214811931668391,-0.227707849741426,-0.32594632183740496,-0.10653313745048687,0.398
12.624114990234375,0.22716131839062537,-0.06422885046127219,-0.2898184813524377,-0.16356450011673404,0.398
12.634282350540161,0.17082253504338166,-0.0726302095777947,-0.422125840893383,-0.1201260562755912,0.398
12.644449472427368,0.1561255014072154,-0.1319617240328553,-0.4759294882078121,-0.12305294441909927,0.398
12.65463376045227,0.03138250312090569,-0.3123972083173105,-0.4728647440145825,-0.1318168344730069,0.401
12.664840698242188,0.5554818711878438,-0.758690752266952,-0.4234934563848984,-0.09468658379364835,0.401
12.675010681152344,0.13925966195980377,-0.08398744404155029,-0.4592763704858489,-0.06886490604358483,0.401
12.685181617736816,0.023083287234142182,-0.48612050392610534,-0.395438000303252,-0.030375520466514393,0.401
12.695355892181396,-0.004049718236923173,-0.6456408668857264,-0.43640566867774466,-0.14045359384825779,0.396
12.70556378364563,0.4184266331301176,-0.27165131009525556,-0.43846644263117,-0.11628446541758083,0.396
12.71573519706726,0.02354556111771795,-0.34897161363676793,-0.39916121324630915,-0.1970824803825399,0.396
12.72594428062439,0.6663403830317568,-0.18380866950534513,-0.3830063074084307,-0.15216260117139951,0.396
12.736116170883179,0.3397569902959393,-0.7643100426348831,-0.35134494634019536,-0.10602948012056085,0.396
12.746283292770386,0.3228098415874281,-0.39870959194216804,-0.43128969006611384,-0.14711441538938777,0.396
12.756453037261963,0.0464517431324481,-0.7561056417152079,-0.3838532452261797,-0.04752813154567667,0.397
12.766815423965454,0.05855945785673526,-0.5748334194797191,-0.41093016745667,-0.06650762743937506,0.397
12.777007102966309,0.259768163754179,-0.09392987487539196,-0.4739492720555779,-0.007947576848804226,0.397
12.787177562713623,0.49968071794914437,-0.3119985124580815,-0.4251773904363054,0.045042172906620534,0.397
12.797348022460938,0.5433515184743666,-0.09189779666322613,-0.4195095606752973,-0.019248824579146076,0.398
12.807515144348145,0.1584949066084183,-0.3054321711991404,-0.3685403088481141,0.05451206509582002,0.398
12.817735195159912,0.5330787881497101,-0.7524949604912274,-0.38325293472836247,0.023887341453081492,0.398
12.827948093414307,0.3666750465731099,-0.311356780091008,-0.43843625527991287,0.06708480438969275,0.398
12.838137865066528,0.18334565691944082,-0.6584281560113904,-0.3783372190899899,0.06860593505727675,0.398
12.848345041275024,0.2728401528317033,-0.0879389161126147,-0.40286322410161474,0.017896601208773413,0.398
12.858526229858398,0.22295820539038894,-0.056947540655642434,-0.3792880739938507,0.04559683552865,0.392
12.86872124671936,0.7396051683168331,-0.2981995584777464,-0.32984016762246704,0.07886021064089535,0.392
12.87889051437378,0.4054333733134765,-0.28774511105910366,-0.3570659186459642,0.0837508887059952,0.392
12.889062404632568,0.1401769210397807,-0.29760975069636547,-0.27880275338650923,0.09538768535190639,0.392
12.899241209030151,0.6662121928908141,-0.29531874325162577,-0.3236785158864342,0.08238299385714593,0.394
12.909437894821167,0.16526412585215605,-0.3047712716234725,-0.3225894294306874,0.14925468919673096,0.394
12.919643878936768,0.7086080513748623,-0.282579106107509,-0.28587713127102354,0.13000139408633096,0.394
12.929866075515747,0.11206987038888298,-0.24331294573939002,-0.29982839748140666,0.08087370923212382,0.394
12.9400475025177,0.4670780714735837,-0.03739004880619952,-0.1983556631778732,0.08816043060340462,0.394
12.950215816497803,0.467838651419399,-0.23886714916598425,-0.1791442575421579,0.0955973689449455,0.394
12.960391283035278,0.08505575958102324,-0.1814144546593866,-0.244640033136148,0.09762758714752351,0.393
12.970560073852539,0.9966067050814523,-0.05808130995384694,-0.18417247401825143,0.10665633688567447,0.393
12.980756282806396,0.24613550954271304,-0.28384311541118873,-0.27363434309169593,0.0617315258824304,0.393
12.99092960357666,0.8595791070154692,-0.018130123593041707,-0.19394378678398844,0.11992108817319992,0.393
13.001101732254028,0.564259824683033,0.029173588336658795,-0.2094897041358696,0.14597213643221382,0.39
13.011271715164185,0.16154022332948492,0.02917334951907631,-0.2007678158310671,0.1506189179486237,0.39
13.021447896957397,0.6770736056060914,-0.3565188610591981,-0.12548623804334566,0.1577291545293813,0.39
13.031789064407349,0.45597496238058643,0.04041620522576641,-0.19835052468972741,0.11411792853433148,0.39
13.041954755783081,0.13240118205702317,0.04831533249186606,-0.14051179512376255,0.12738721453007423,0.39
13.052120923995972,0.9029720905726366,0.03318034545308494,-0.08200763772441949,0.07473772603799439,0.39
13.062292098999023,0.3304845011649367,0.0007992057297394926,-0.12103030623408371,0.15415292984555326,0.393
13.072465896606445,0.33012883029806217,0.048062617347345675,-0.14069439119571364,0.1804944717582974,0.393
13.082770824432373,0.8556294174112636,0.044468636572459336,-0.1831028043463465,0.11825814374911317,0.393
13.093075275421143,0.7328933939416682,0.017397499079808917,-0.10906377209950649,0.12933025204770693,0.39
13.103269815444946,0.08120339898075667,-0.016650004224464478,-0.056119585783711456,0.09438876589120196,0.39
13.113447904586792,0.16163641702838352,0.034789155521900796,-0.024438621903989037,0.18143242457465797,0.39
13.123652696609497,0.8450707148345237,0.03305242693561481,-0.012449976527176984,0.15799539824718936,0.39
13.133838653564453,0.3703552841611723,0.06225950550648275,-0.12190162967218243,0.1679322104804894,0.39
13.144010782241821,0.7696048444362457,0.04183328390937464,-0.05402644495547507,0.14830945533661175,0.39
13.154179334640503,0.14727047754559738,0.06280075930095476,-0.006140840634120591,0.008486638127181645,0.39
13.164350748062134,0.7030327663193477,0.030014679090754472,0.008890525020808386,0.09029321322246067,0.39
13.174523115158081,0.5237419187808954,0.02266746613701295,-0.052204521443797856,0.07100380918377336,0.39
13.184745788574219,0.4142476999137805,0.04296250061879261,-0.0649908197064915,0.06546224129149639,0.39
13.19491457939148,0.7471816510549715,0.11012593712450004,-0.016701150776983607,0.06065832564663454,0.388
13.205082178115845,0.10424364268209735,0.06370291290573442,-0.02571300593895955,0.05079844640597027,0.388
13.215249300003052,0.39399188252814454,0.042761617070556146,-0.0007658354588945312,0.08991282179937701,0.388
13.225423097610474,0.8778119818964618,0.027850541212225036,-0.05207162348427243,0.08445032804360532,0.388
13.235658168792725,0.3662509503472248,0.010907262789633896,-0.08779309717797452,0.13755410825972803,0.388
13.245843887329102,0.7539641644409553,0.044702554321376556,-0.04904483335139835,0.08126824524743781,0.388
13.256014823913574,0.07882563333449152,0.10271902261805264,-0.048330830425346596,0.03321172279201863,0.389
13.266200304031372,0.2989626802626658,0.25711358055067324,-0.0033299663432188563,0.022785229589687303,0.389
13.276368618011475,1.0242529536748193,0.07151799183293944,0.007005698816358794,-0.02040658312075308,0.389
13.286537408828735,0.17051764082804793,0.04220068922185125,-0.032473251589304794,0.09136485196373773,0.389
13.296725273132324,1.380851085151665,-0.12013609195501201,0.0367327176885843,0.023459734663235123,0.386
13.306989669799805,-0.008466084122902317,-0.0023466011590932818,0.03511538624526117,-0.061291353665306074,0.386
13.317163228988647,-0.22634652812063363,0.043026533675447516,-0.0031728077243220326,-0.03141970271860373,0.386
13.327333450317383,1.0740271851962968,0.00945420718167111,0.022331372516554936,-0.05273524981427869,0.386
13.337509870529175,0.6104025843901405,0.209908412910942,0.05616123811024238,-0.04268547185089008,0.386
13.347715616226196,0.7214295726170293,0.06309922770148854,0.056250054140330366,-0.03798250783477119,0.386
13.357936143875122,0.16235924102384094,0.024876142271417136,-0.028623708036005557,-0.07253968844265833,0.384
13.36812448501587,0.6678242272941283,0.04321205530876972,0.04110398283447599,-0.10565425908831429,0.384
13.378337383270264,0.7938224127502428,0.026413374258841098,0.09072565434116293,-0.1136589559248964,0.384
13.388531684875488,0.0422269123935548,0.10462987390289007,-0.020724250915351017,-0.13957377592577305,0.384
13.39872932434082,0.4761365233177561,0.05037873533424729,0.01567113715379454,-0.12279510123504574,0.386
13.408902406692505,0.6330087550883186,-0.008720312431772731,0.02892837032457527,-0.11556198300021567,0.386
13.41913628578186,0.1996859756511039,0.2332416223435835,0.08839021762015106,-0.018812618498155496,0.386
13.429322004318237,0.8151339781495588,0.04403526754815684,0.06035419959998721,-0.05301069932329134,0.386
13.43949270248413,-0.08538565414741596,0.009479590786973599,0.019570363229753432,-0.026726605993348487,0.386
13.449784278869629,0.4226672334835233,0.009854543775448161,0.029765157637554635,-0.028225253867993842,0.386
13.45995306968689,0.8396370522363746,-0.010956922583936119,0.03340013783214186,-0.03153830222697672,0.384
13.470126628875732,0.6765326066103752,0.0023916428778639983,0.07167424107076409,-0.06771334943429885,0.384
13.48029637336731,0.19299780072116837,0.03798352493867179,0.09611101698445815,-0.09771861194769936,0.384
13.490472793579102,0.19286561400939584,0.0379835072738508,0.09452600298708246,-0.10256336431149325,0.384
13.500648260116577,0.1207267174103749,0.28176454219743363,0.062495654820552346,-0.1224072636963649,0.393
13.510857820510864,0.5212212631390291,0.08051042026001094,0.06508567015121922,-0.1356651016084697,0.393
13.521031618118286,0.5772957701107895,0.05135447754689733,0.06559038888600723,-0.1392794087201872,0.393
13.5312020778656,1.151545767659066,0.2074598193875893,0.10092015983749995,-0.19895370082756467,0.393
13.541374206542969,0.39511928629026205,-0.07158957373990064,0.0700890741543223,-0.16178766252703886,0.393
13.551547050476074,0.1623578179695215,-0.0687844345971407,0.07609751704696191,-0.12471145872902899,0.393
13.56185269355774,0.07818291111152169,-0.062122954603611995,0.10513389434411817,-0.09180544284481897,0.387
13.572025299072266,0.5732027734518405,-0.4259734716112319,0.12359224069174532,-0.10935619687452848,0.387
13.582195043563843,0.5552060602353548,-0.0605410997168412,0.059261200118785565,-0.1206042475238539,0.387
13.592387437820435,0.5306714757116294,0.014090516670210836,0.08641872035193654,-0.07481522858494769,0.388
13.602565288543701,0.1712872247988258,0.009790102746501985,0.0892500701666087,-0.06862800573859063,0.388
13.612888097763062,0.16015679172969122,-0.008888439761398902,0.11863557754373014,-0.09815347909950946,0.388
13.623080492019653,0.42134217879657476,-0.24897456477968274,0.050817982311920896,-0.14310049821930385,0.388
13.633258581161499,0.5034321929557211,-0.08426690052757009,0.05795813288920705,-0.0444811411870962,0.388
13.643427610397339,0.5241107994415233,-0.006009221679249006,0.03433812256734838,-0.08184984903060202,0.388
13.653610229492188,0.43519276726338335,0.025412974636343903,0.006447577957525583,-0.02595850294319483,0.392
13.663854360580444,0.6218206427485359,-0.03937777469488225,0.026211973574960662,-0.12781068517283234,0.392
13.674036979675293,0.05569793445253328,-0.41684743419421455,0.003191597228679434,-0.06351503718932985,0.392
13.684209823608398,0.5951980972126459,-0.04685802076072492,0.03288065233976673,-0.010412289722041062,0.392
13.694384098052979,0.09702189412544486,-0.06307773393527201,0.03567584222359181,0.009763032314941838,0.39
13.704554080963135,0.6510362131927349,-0.01234826183879874,0.1386296943274743,-0.057791285342518796,0.39
13.714744567871094,0.07429998196008607,-0.015508385604905646,0.11458544902894263,-0.09327726083067722,0.39
13.724913835525513,0.2623362984358099,0.024069148233115706,0.03139762921088381,-0.10592815580292181,0.39
13.73509669303894,0.7514110495874384,0.046543511729796816,-0.004978642650009926,-0.07564965301747956,0.39
13.745269298553467,0.24162847929565495,-0.04607011173794804,0.020991699612607058,-0.18021092769266575,0.39
13.755455255508423,0.47816499101007853,-0.05390324191079018,0.05228585106500078,-0.12176852604461225,0.389
13.765727281570435,0.2903969406644282,-0.02299295375715983,0.08440694544186227,-0.015211664194896658,0.389
13.775952816009521,0.32618024142370705,-0.06739833598611697,0.04985831502324912,-0.0002611581379892954,0.389
13.786161422729492,0.22874257502139844,-0.2772714710243695,0.0436556452251658,0.06402323785232175,0.389
13.796331405639648,0.8685790013330079,-0.2351928823672798,0.02347223398629737,-0.0359093852610406,0.391
13.806495189666748,0.19218797242458907,0.217188275600206,0.03324444324983325,-0.03240119009280219,0.391
13.816677570343018,0.27892751229204005,-0.17787488702633114,-0.04425325360626088,-0.04262730689272863,0.391
13.82690143585205,0.49040483357265663,-0.010939640835757217,0.027112267027190967,-0.018605380639133594,0.391
13.837075471878052,0.8572396427896818,-0.22108656657176592,0.052369297668944256,-0.07686265692687086,0.391
13.847248077392578,0.31665791401816734,0.00899748400709433,0.03411097667068047,-0.03562986236807985,0.391
13.857446193695068,0.23927960541435672,-0.01624615455575893,-0.010522495993901697,-0.11128234079718705,0.39
13.867671251296997,0.3231393670601853,-0.04252674061433341,-0.00900187333222532,-0.08850044256183318,0.39
13.877952814102173,0.04586224639769554,-0.24720462722452902,-0.012867002524471018,-0.07051788038054516,0.39
13.888131856918335,0.8473707896117553,-0.0312951707538189,-0.07859908153876147,-0.049090827424409206,0.39
13.898314952850342,0.12441962984892559,-0.21371449225668657,-0.07788667956297113,-0.042458342197615934,0.388
13.908515214920044,0.27014134214237706,-0.04393137529207236,-0.04421013150776789,0.016244199853035227,0.388
13.918974876403809,0.5871607423236765,0.02536269402472134,0.025905287674529487,-0.021158938155799514,0.388
13.9291512966156,0.38061914709412825,0.023107616901006788,-0.04170727991323189,-0.04663394380928876,0.388
13.939324617385864,0.537063210892417,0.004834260386045439,-0.03088102274624427,-0.04766862951346523,0.388
13.94949460029602,-0.19731559967115558,-0.03946576112865831,-0.009180051974845104,-0.08518179537076535,0.388
13.959761142730713,0.05702847472061346,-0.21671065278169904,-0.037167232866853216,-0.0045334223189724965,0.39
13.969928503036499,1.3669379583462204,-0.040550845923151294,-0.02260642242409234,-0.006932471349609254,0.39
13.98009729385376,0.15845273001197466,-0.040550845923151294,-0.02260642242409234,-0.006932471349609254,0.39
13.99027395248413,0.7098650243627694,-0.360801343919511,-0.006233936507050723,0.05141843818956724,0.39
14.000462293624878,0.3071680046688106,0.2426673232591223,-0.006233936507050723,0.05141843818956724,0.39
14.010706424713135,0.4757818935607184,0.07365215881827486,0.03959277490744531,0.02009374462942783,0.39
14.020901441574097,0.6668866363017197,0.014392631488023713,0.007364058931639952,0.03475873015777908,0.39
14.031080484390259,0.1687406148200229,-0.013957776776682463,-0.03792883234788898,0.0070045412305651256,0.39
14.041255712509155,0.008354636043058337,0.04291452469880169,-0.060563249046896,-0.005227245843788034,0.39
14.051423072814941,0.3318151380593332,-0.018872892158018732,-0.013863039620197373,0.00040950357746912663,0.39
14.061591148376465,0.6224144698765484,-0.016745467621820866,-0.02200342726740235,-0.020317732138685745,0.392
14.071779012680054,0.7666441159405688,0.04818466000318799,-0.042871373697229494,0.035375021619594535,0.392
14.081959009170532,1.14625780131486,0.04225324317035897,-0.10949181863251062,0.026239425334385523,0.392
14.092129945755005,0.13370583544053055,-0.2067593124674949,-0.10557094180384861,0.025545088848383087,0.388
14.102307081222534,-0.13800614543213482,0.15711042184814145,-0.06049572002463747,-0.005787271507425987,0.388
14.112491607666016,-0.13800349973230427,0.15696137962170625,-0.037438611972868685,-0.0005667204738012792,0.388
14.12282419204712,-0.17519567888628443,0.028774229140292498,-0.05847557710202411,-0.0015532056044959622,0.388
14.133009195327759,1.810086225581102,0.021239833360082526,-0.035210102705742666,0.0049167347158811,0.388
14.14318037033081,-0.11815952987335282,-0.07027460092284776,-0.11399618665613245,-0.027814765807020143,0.388
14.15335202217102,-0.044675022044427956,-0.04135616877719868,-0.10823741899368974,-0.07162411048368258,0.392
14.163530588150024,0.0542524117819834,-0.05117814650893293,-0.0017272156469245042,-0.10413683387507086,0.392
14.17380428314209,1.3325047196354816,-0.012341485788914449,-0.005844679175355876,-0.1385096494434304,0.392
14.183979272842407,-0.16046148660085,0.04951071618639895,-0.02333732639318927,-0.0352505067752555,0.392
14.194153785705566,-0.11917086208989178,0.2192146374931828,0.036627232324884684,-0.1055486482453308,0.391
14.204326152801514,1.3664959126439629,0.024774922761502265,0.006244704139308315,-0.03531017462662983,0.391
14.214494228363037,0.8309445779322882,-0.3855967673839558,-0.05161040690436569,-0.05019180196644549,0.391
14.224709033966064,-0.11662993516688899,0.22034288514576003,0.018492706400512895,0.002548374501369889,0.391
14.234916687011719,-0.3095968197784714,-0.02600564693906584,-0.006606219897181331,-0.059123004422896405,0.391
14.245099782943726,1.3440182309528228,-0.006480784662468102,-0.0709280707699182,-0.023671746736100834,0.391
14.255268096923828,-0.04761694880845276,0.0006499120967776004,0.025745405351372444,0.040815911466864106,0.391
14.265436887741089,0.9977086142153051,-0.1926606632391497,-0.01147226788804338,0.0025805256956431405,0.391
14.27560567855835,0.4687401337148687,-0.028229089616345997,0.037876804403447956,0.03427737317192753,0.391
14.285974025726318,0.8317930790967971,-0.018590540845264097,0.04130887322763557,0.017554402657622425,0.391
14.296154022216797,-0.047067704216278095,0.00808311314863664,0.058026833361378635,0.050738467920232226,0.39
14.306324005126953,-0.12885446725762179,0.05318947031683468,0.0756451990450053,0.041314251670056285,0.39
14.316497564315796,0.58331704479354,0.04763672702811089,0.08577063730867301,0.07687970096402444,0.39
14.32671308517456,-0.04956879278310287,0.03243325822991667,0.04696578820488316,0.030928064138047197,0.39
14.336903095245361,0.08555587074132229,-0.016434472344116605,0.06990338183528506,0.007915210172453283,0.39
14.347083568572998,1.6253873524284514,-0.2682076433591689,0.10884364626505774,-0.11084814203416377,0.39
14.357260704040527,-0.05313303340225445,-0.04257764370463612,0.09458540861216091,-0.0713412174259699,0.394
14.367470264434814,0.2389844734948368,-0.017376831454705442,0.17206692996249773,-0.09346882011226926,0.394
14.37771201133728,0.13563697165687946,-0.03554712724305494,0.10452551272124719,-0.011239151145486188,0.394
14.387925148010254,0.0314805599002059,-0.17745473471155018,0.0583481000267871,0.006222037505002833,0.394
14.398114204406738,0.9885528956260838,0.004398488263164228,0.09973227868650911,-0.06497410760234855,0.39
14.408298969268799,0.003651125049274934,0.03176710990455256,0.16814758878098265,-0.09349172471455112,0.39
14.418471336364746,0.02932455951945833,-0.0193293942819039,0.12877846726624123,-0.0751819411417179,0.39
14.428708791732788,0.8797939219039265,-0.05668710621780365,0.0695903387575483,0.04029243700010521,0.39
14.438897609710693,0.2919821340305419,-0.06533355720122806,0.020880155877027455,0.04233430086711814,0.39
14.44907021522522,0.9142982941327357,-0.07543947252382364,0.06997452856905133,0.12254741398396296,0.39
14.45923900604248,0.19626877029067485,0.021747872499570397,0.016968834240933022,0.03684547850791792,0.388
14.469411849975586,-0.08546777925024573,0.03908877890622856,0.048418917181257716,0.041719624571223086,0.388
14.479581594467163,-0.04998763353177517,0.020865651321413912,-0.0086137317807704,-0.05965212439950431,0.388
14.489798069000244,1.0509488691344915,0.019960684738317237,0.04659899908835127,-0.048687920230791486,0.388
14.499968528747559,-0.1718374513492972,0.20624180109456758,0.08503846291954648,0.0036147075038961488,0.39
14.51013469696045,-0.17183871916993465,0.004888395578247423,0.1009525903429272,-0.00048066113304744487,0.39
14.520301580429077,1.1443322009051413,0.022053954751877044,0.14443743770678288,-0.056891239337532776,0.39
14.530470371246338,0.19300276067983213,0.056317597735313786,0.11339070508117663,0.029723257803852564,0.39
14.540637969970703,-0.2556037448437251,-0.004336482054440592,-0.0052225521648745915,-0.05152126768615911,0.39
14.550938606262207,2.407283752139517,-0.03266844277654535,0.1561080690980027,-0.00032487831135658354,0.39
14.561105728149414,0.021368370853791892,-0.23410570658284177,0.1561080690980027,-0.00032487831135658354,0.391
14.571283340454102,-0.07662539353415415,-0.02251828565239556,0.16988543534803785,0.05886095805260748,0.391
14.581451416015625,0.12113139009851208,0.011796039498041234,0.1779731834487918,0.14310404816010974,0.391
14.59161901473999,1.077454414851764,-0.15354204215965975,0.1596063712639345,0.05357193320591744,0.391
14.60180926322937,0.44740372717487553,0.2565351300917098,0.12222739328793103,0.030839329787426574,0.394
14.611981630325317,0.4235210388380138,0.22402269466792152,0.10186384561486483,0.008821340671010341,0.394
14.622157096862793,0.00829436898453779,0.018473227081608534,0.08967256545271272,0.013794007531660449,0.394
14.632363319396973,0.02092313124765424,-0.007711255051181238,0.11952223773971521,-0.00554434503214252,0.394
14.642543077468872,0.11535444664194756,0.19637610864727514,0.06478108011472401,0.02533797776334313,0.394
14.652724504470825,-0.12498355243516122,-0.02658922316394247,0.09448250340374945,-0.014036959209810686,0.394
14.662938117980957,0.14618023149536896,-0.02473894104443158,0.07135365988619236,-0.015163780249687389,0.394
14.673106908798218,1.1006349239409825,-0.013422843880278874,0.08776276298858382,-0.10139345708737081,0.394
14.6832754611969,0.08043612198130357,0.020197044634480327,0.07933537434667498,-0.03809740696003308,0.394
14.6934494972229,0.04050563818795967,0.02564156521103675,0.1118108577866394,0.023657817743925648,0.397
14.703619003295898,-0.11502292413673268,-0.16698733442509778,0.13845261577555085,0.018127405996831845,0.397
14.713922023773193,0.7583306376948175,0.05628728002726551,0.15087414654696304,0.0596508103012323,0.397
14.724092483520508,1.1490998019885859,0.2385891714799519,0.0991931649116426,0.015841514550472398,0.397
14.734273433685303,-0.5550996971407262,0.0006246694923410882,0.08955499137653128,-0.018527900133242535,0.397
14.744443893432617,-0.14402670352047364,-0.010027215318462937,0.048682665424286425,-0.08634022685942441,0.397
14.754612684249878,-0.8229192074438336,-0.060670184127540015,0.13704433312146608,-0.01852693118107357,0.396
14.764944553375244,0.14493459578374474,-0.085643046901795,0.11384278396110806,0.02518933899679949,0.396
14.775124073028564,2.1636746120580437,-0.04570023366876422,0.1556058223514366,0.05682555958739588,0.396
14.7852942943573,0.1755610370809058,-0.0579893574463912,0.18025380982083755,-0.05352797128100199,0.396
14.79546308517456,0.34875463607544677,0.016759497897976726,0.09228964067565425,0.009919205817590492,0.396
14.805649757385254,0.36260676716015494,0.05050342784258054,0.14825484053442742,-0.06473069718647695,0.396
14.815943717956543,0.1770398990118735,-0.1430778789721956,0.1202223873970017,-0.07748423234850253,0.396
14.826147079467773,0.15689574914307772,0.27286552994045427,0.0866992539639851,-0.048993502467023345,0.396
14.836352825164795,-0.16233395078298307,0.02852456224083028,0.06463914034224176,0.005197045209914157,0.396
14.846527576446533,0.06422121035298295,0.02141637870277564,0.0018710963492273914,-0.031101399908165007,0.396
14.856856107711792,0.3165237020163237,0.3468184651952288,0.024009557255628946,-0.04824706636167196,0.395
14.86708927154541,-0.011863231401796138,-0.21046773411631076,0.02483194634910679,-0.08459937231713736,0.395
14.877312660217285,0.21714244654866824,-0.0030513316377690793,0.025658969495991998,-0.056382649551729974,0.395
14.887526035308838,0.011285084361081268,0.19976270469430807,0.0012673507726148336,-0.10503282191148026,0.395
14.89782428741455,0.1230111722343468,-0.03032674999095567,-0.028509870470747923,-0.03628555255076899,0.396
14.908029317855835,0.7508430660163665,-0.18681550423163443,-0.005531319270856226,-0.11841046761472078,0.396
14.918209075927734,0.18670294662377382,0.06023222451954859,0.03676561526423357,-0.05886278288094664,0.396
14.928390979766846,0.47473928579887675,0.2874297554064188,0.05600653995566567,-0.07342756369083282,0.396
14.938570022583008,-0.2191835797098862,0.246218121769358,0.052142679121324635,-0.12182451241970826,0.396
14.94875717163086,-0.045767295150758266,-0.06672223232682647,0.09401711069683749,-0.12512225377995106,0.396
14.958975076675415,0.12119474333600704,-0.07654790214947256,0.011589831409104561,-0.12341292246058282,0.395
14.96918535232544,0.5448447103104497,-0.060730416949176,0.07230717680632293,0.048882914821363845,0.395
14.979365825653076,-0.21020340850021554,-0.06933194143055284,0.051834243694844656,0.03755896132032786,0.395
14.989543676376343,0.21920570869245296,-0.004758435963460041,-0.038708106883219524,0.05852859948648378,0.395
14.99977421760559,0.1499589216120778,0.07176140704754101,-0.0587938332086839,-0.00336539173408379,0.397
15.00999927520752,0.14996158675849292,0.07176268242785637,-0.10265344830739234,-0.013565308706615849,0.397
15.020219564437866,0.16709920063706618,0.2172706832448139,0.02973354609757843,-0.07025734819467973,0.397
15.03038740158081,0.160333371970451,0.014235676832198021,-0.02689149949763825,-0.04481523195811651,0.397
15.040554285049438,-0.1587851435260721,0.056758219783581185,-0.09614129584724858,-0.0431876305428995,0.397
15.050787210464478,0.08002977449542494,0.015977581053755605,-0.055424557902337815,0.03921656811108629,0.397
15.061044216156006,0.0637397573794184,0.1838691290521311,-0.0752312331603689,-0.04528851572750217,0.399
15.071220397949219,0.1346690832503339,-0.03928043367419916,-0.023384089808548655,-0.06710527920392337,0.399
15.081391334533691,0.5094605783441106,0.007981149684650902,-0.03533367600348558,-0.15241050066883094,0.399
15.09156060218811,0.11459010726963673,0.00785579961506291,-0.03591592752501761,-0.06571430543502127,0.399
15.10190224647522,-0.010798760260610352,0.2607458736684577,-0.05201327597304034,-0.040034794472234715,0.4
15.112065315246582,-0.2959972548872407,0.29534340397382514,-0.041765184595761756,-0.031788685298101756,0.4
15.122232913970947,0.4621092871010182,0.3043138060736307,-0.15210044451680135,-0.02178275488921834,0.4
15.132400274276733,0.7575927305691735,0.06235065278545926,-0.1300524804889746,0.008571779808966382,0.4
15.14259934425354,0.1499549062249762,-0.022643348483078998,-0.12888616211227588,-0.03969779845207087,0.4
15.15287709236145,0.001797197121359632,0.14709842078904148,-0.04039434302651507,-0.10878772825870378,0.396
15.16303825378418,0.08354074075338293,-0.08531774026524853,-0.061678157400897035,-0.16428827877098573,0.396
15.17319941520691,0.17651301550754142,-0.024578670341982196,-0.06816917616489128,-0.08492330315719496,0.396
15.183364629745483,0.018961749143749367,0.052830529027714616,-0.03981669741136114,-0.01924710223522088,0.396
15.193533182144165,0.305623261807039,0.035721045819545744,-0.07983852823565742,-0.054997223685874785,0.404
15.203756093978882,0.1862819944057784,0.22517983224759341,-0.007704968870482443,-0.05875551118920866,0.404
15.213940143585205,-0.06103742389764036,0.23914418593471887,-0.03811634000484106,-0.13815892436751273,0.404
15.22413158416748,0.02523954780357782,-0.027266964335145836,-0.09166323116957387,-0.11889013580011398,0.404
15.234301090240479,0.411247506802524,0.024863829203107205,-0.13512213976961757,-0.07792612545048797,0.404
15.244469165802002,0.1113667626631471,-0.02782327163350624,-0.14131231563035584,-0.09571217862000608,0.404
15.254636287689209,0.22122584827132177,0.011649757535134683,-0.1152099512999171,-0.0920394811620312,0.4
15.264923095703125,0.3304208474105857,0.270165531344672,-0.10543221860420163,-0.08478437290185452,0.4
15.27509617805481,0.0023303069414654836,0.04215985790316596,-0.14371512754123084,-0.11165732500770062,0.4
15.285263776779175,-0.0862662154292814,0.007778827321855804,-0.16673532902428304,-0.05263389931660703,0.4
15.295433282852173,0.3328475721254725,-0.060519687089097475,-0.2289922022633684,-0.07402148178296936,0.404
15.305603504180908,-0.012437661591448249,-0.0019716792838457534,-0.12046498098124592,-0.06229534401064151,0.404
15.315889835357666,0.7278595172497355,-0.16771804531630735,-0.12366338581775803,-0.06022945724273571,0.404
15.326061248779297,0.4654693098236958,0.20132179241636655,-0.0862779777227282,-0.11911734465096198,0.404
15.33623194694519,-0.294562358349898,0.02145431947236757,-0.10236139417178508,-0.04379808897497686,0.404
15.346401691436768,-0.22898062399375368,-0.03551018114266585,0.012092701457303547,-0.028445224018024066,0.404
15.356568813323975,0.5484046093923033,-0.07426056313634488,-0.027615155279536008,0.033853599962744584,0.4
15.366810083389282,-0.23198598542194143,0.27709211757819635,0.08398549443900669,-0.02194025658098432,0.4
15.377046585083008,0.5536180001304294,0.0536410637173451,0.08131706442907546,0.05281606329618667,0.4
15.387276887893677,0.22888569572383038,0.23206212385100033,0.15781529175436998,0.0040691581392861415,0.4
15.397497177124023,-0.22360453321364682,-0.21788335142080148,0.14150597402414275,0.006652494905983179,0.4
15.407820701599121,0.7212264686439719,-0.07840087653863345,0.17786629640437457,-0.04925780182784478,0.4
15.418005466461182,0.46851493126494476,-0.06946924127716989,0.18497289805325215,0.010821663849788568,0.4
15.428232192993164,0.5263079564092534,-0.099012629932995,0.24439715553195823,-0.10402913742556463,0.4
15.438402891159058,0.05809818501648086,-0.0657139130143461,0.2579874323360625,-0.0480197943910433,0.4
15.448573350906372,-0.2508425516707379,-0.0372178544266187,0.3651581375483789,-0.07832389879272793,0.4
15.458823680877686,-0.19834843622753184,-0.010043360970746944,0.3682097383644266,-0.06843313048504879,0.401
15.469093561172485,0.536045624323372,0.23065445430575066,0.4052182740399127,-0.06678148801016516,0.401
15.479263067245483,0.014076582058915215,0.0200840019580663,0.41563503372849214,0.07076679878156153,0.401
15.48943305015564,0.8063865044537326,-0.04011587615248851,0.4573482449815467,-0.0020179787888317943,0.401
15.499598741531372,0.0578795636070431,-0.21423909703687077,0.42343948914787377,-0.040874439711467786,0.399
15.509803056716919,0.5401666857285181,0.1330867634469331,0.4866633972137014,-0.08718912287586611,0.399
15.520018577575684,-0.07158219772563104,-0.006748471556761133,0.47214326510944593,0.041032057256744886,0.399
15.530181407928467,-0.07001338409195494,-0.024611242981010428,0.5123269842307687,0.05152180088704279,0.399
15.540343284606934,-0.07001338409195494,-0.024611242981010428,0.5123269842307687,0.05152180088704279,0.399
15.550518035888672,-0.01772813285299405,0.1955446824833436,0.45968866972577543,0.0026169135356695662,0.399
15.560683965682983,-0.01772813285299405,-0.0059661821115960635,0.45968866972577543,0.0026169135356695662,0.398
15.5708487033844,1.2308317782551785,-0.023569314419015913,0.5174972597755161,-0.016779176761740414,0.398
15.581011295318604,0.03511262942847079,0.012350618943288566,0.5173218292364493,0.07900685212785366,0.398
15.5911865234375,0.028792057099430248,-0.0037968795288916392,0.5627907608167622,0.11144664666999407,0.398
15.601365566253662,-0.011500321196738593,0.26038723446210177,0.5115383456062957,0.12744912284141416,0.402
15.611537218093872,-0.011500567977014516,-0.1426021010106418,0.5157836506872214,0.1292246226337661,0.402
15.621817111968994,-0.1454387424587396,-0.002249525375203981,0.5847038390098924,0.003397407235922384,0.402
15.631996393203735,0.3095014934713413,-0.002714347123693863,0.5159186558738532,-0.10928237400602785,0.402
15.642215728759766,-0.12028625283992561,0.1602665859194511,0.5095218205611123,-0.012574428147695958,0.402
15.652425050735474,-0.2966648030977317,0.1507493468877108,0.4874157775749312,0.02615271504494751,0.403
15.662606239318848,0.13595801809893954,0.009148555233079692,0.4851221522918623,0.04714562818652436,0.403
15.672788619995117,-0.1084167751854828,0.036032586893510646,0.4662783447378678,0.05352489011332035,0.403
15.683009386062622,0.12419427946857609,-0.03560954337185664,0.4587769313260519,0.09577619345583058,0.403
15.693172693252563,-0.07386785998312258,0.22158386618444842,0.3812010470258898,0.10036095877425381,0.404
15.703338146209717,-0.6444567836586994,0.06538226594665114,0.43374013778897014,0.037811540911174536,0.404
15.713513374328613,-0.5595229775376348,0.029931442754027277,0.36384219909908916,0.06331586136813128,0.404
15.72369909286499,0.25905321869955306,0.24870701622514432,0.4668675339386901,0.026471203914445726,0.404
15.733861684799194,0.3657246689520341,0.09520621325937702,0.3686598118280599,0.05242841269951129,0.404
15.744020223617554,-0.8668396840885783,0.34801470156345404,0.4101937350259237,-2.6587234988259545e-05,0.404
15.754181861877441,-0.4098886462723582,0.33876791898172054,0.41129956331597894,0.013534908787176565,0.406
15.76433777809143,0.21127317721111033,0.27824685270660726,0.39363204248255623,-0.008684507454865223,0.406
15.774492979049683,-0.6358415275959378,0.331398021421526,0.4173034023666313,-0.008316226242762195,0.406
15.784648895263672,0.29871628306732834,0.3325241622043157,0.35134870423981757,0.13370767225630537,0.406
15.794851064682007,-0.8934201066139799,0.088129949137816,0.26274040083623296,0.07087372178260606,0.401
15.805063486099243,-0.49407684092067,0.2739862872593943,0.2803911795044135,0.018865502675483394,0.401
15.815239906311035,0.31658024373050037,0.6733027486074364,0.20932506830149053,-0.06731376287201843,0.401
15.825413227081299,-0.2911053630461002,0.04671966941853305,0.22887253501919452,-0.07092175795165133,0.401
15.835584878921509,-0.001616161968146886,0.0255747308402884,0.13964062696720483,-0.07275938106830451,0.401
15.845817565917969,-0.6319979644704745,0.30770968583211167,0.13318960143208905,-0.05027717300390509,0.401
15.855982780456543,0.2584999196870215,0.2774271557391541,0.11410524516387768,-0.01899210548679653,0.402
15.866145610809326,-0.1534885470142605,0.048063113924879955,0.026622592341381732,-0.09882961473137578,0.402
15.876307725906372,-0.3426959691413478,0.45650841053571467,0.05120345162710991,-0.07272756042451677,0.402
15.886498212814331,-0.1959564330329823,0.10136636272060434,0.038019503835602715,0.07587286403184451,0.402
15.896723747253418,0.0865358309892959,0.31026838772829624,0.06945297761325214,-0.015054208756204484,0.405
15.906989336013794,-0.24970415267890156,0.2534375831131966,0.0020718451082090833,-0.03158681044128872,0.405
15.917172908782959,0.19204904912584647,0.06478833168409767,0.047236295891110676,-0.059017233088579285,0.405
15.927341222763062,-0.19960223607779518,0.828452461778677,0.016365565313554306,-0.10695520841163719,0.405
15.937500238418579,-0.13686658260646448,0.04798342074098307,0.05830951494225095,-0.19441645597149965,0.405
15.94765830039978,-0.49496646658666305,-0.0026836506286307005,0.040903943991406705,-0.14651054392732668,0.405
15.95794939994812,0.12017729205479927,0.25209088496124193,-0.04991286205920643,-0.06822755514079511,0.405
15.968107461929321,-0.17236063871154791,0.06917865608031522,-0.03345739595733924,-0.030701911769777712,0.405
15.978262662887573,-0.15912874278447187,0.06704787658821143,-0.13012494806875352,0.004357256506701157,0.405
15.98841905593872,0.24056630301178963,0.2467835815346533,-0.07952137168164072,-0.15534946448412223,0.405
15.99858808517456,-0.055286783470813304,0.04235368363802181,-0.08707964850334937,-0.11890812595029099,0.405
16.008934020996094,-0.732643970040153,0.044852420708506986,-0.018058605736490096,-0.2276077904968635,0.405
16.019113779067993,1.0301411946233183,0.8571408178697728,-0.11406655425342153,-0.15190050235933172,0.405
16.029287099838257,-0.9321326284342013,0.2577131156523129,-0.10045171260409941,-0.16617205043473351,0.405
16.03945302963257,-0.33878155056379206,-0.7786294864650072,-0.09628685813167856,-0.08303169704938318,0.405
16.049633741378784,-0.1254244137218016,-0.03558027864576386,-0.09602806996107614,-0.08094967421028906,0.405
16.059818506240845,-0.49884423734489974,-0.23318488312832233,-0.07835277085664089,-0.06701139176857977,0.405
16.070029497146606,-0.1540314320020949,-0.05370678332515995,-0.09146196741576995,-0.16785364276580184,0.405
16.080199003219604,-0.031641533953774025,-0.05631659796270687,-0.14475733540173952,-0.1949400447836608,0.405
16.09037137031555,0.11648456995896833,-0.01517181744878267,-0.0663928093095019,-0.18014939390428208,0.405
16.100539207458496,-0.1910939888710813,-0.07251982481838751,-0.08685250293888626,-0.1809575674086667,0.408
16.11070728302002,0.010341874911033864,-0.2739538923035709,-0.09956322701205547,-0.17572085330624948,0.408
16.12107229232788,-0.12130683265246624,0.14580428577666804,-0.12971099144518516,-0.13180348146744839,0.408
16.13124418258667,-0.24561300140838013,-0.029069947209985673,-0.051236065082934296,-0.11058749908110949,0.408
16.141420364379883,-0.26794911423195544,-0.05781394260576298,-0.10880817899548648,-0.11520162527691569,0.408
16.151631355285645,0.20659050803786763,0.5726496503793944,-0.1031678222526642,0.028799978294127046,0.408
16.161834478378296,-0.26822567610970166,-0.0380351627051539,-0.1301020862907872,-0.030533460407090235,0.408
16.172046899795532,-0.04984607960385466,-0.06461781417219631,-0.1094186693588606,-0.03314064659312669,0.408
16.182214498519897,0.23526014707064588,-0.45892726124155897,-0.13583331147503486,-0.14328047483627332,0.408
16.192381381988525,-0.284017047548172,0.14907528521742616,-0.09210029138801983,-0.08222532637653794,0.409
16.20256280899048,0.8335346568398684,-0.02190940290534256,-0.09516869046941907,-0.11040226637432443,0.409
16.212729692459106,0.6588380736660193,0.04183617174735412,-0.08724790356957574,-0.10052709159241577,0.409
16.222898960113525,-0.13064150388682508,0.02434417458152132,-0.05922031800972774,-0.16684193556344418,0.409
16.233069896697998,0.42429142757919863,-1.0081567402099565,-0.06887848540778416,-0.16494441405452367,0.409
16.24323797225952,0.39331106001244487,0.010542622272425644,-0.068585359759888,-0.17937727061608405,0.409
16.253410816192627,-4.432103727122008,3.582148929551501,-0.046985313221440436,-0.10743704735492064,0.408
16.263579607009888,-0.1394493910996134,-0.09315193080111522,-0.059406570619189254,-0.13128934544163676,0.408
16.27379274368286,-0.030452195794591255,-0.0928067981593116,-0.06866130914018223,0.027356390935254243,0.408
16.28400492668152,-0.012156807109377934,-0.08781638923667998,-0.06466558578302102,-0.03869733560440146,0.408
16.29421615600586,0.002423198099114325,-0.2291375428611923,-0.04817605729754647,-0.013273488368666667,0.411
16.304384469985962,0.6352457401469772,0.42925577891659256,-0.06630790890529413,-0.05152280586889393,0.411
16.314552307128906,0.04207499332817976,0.053008435121678465,-0.13662534215498334,-0.011772710786451472,0.411
16.324723482131958,-0.0733686529676952,0.05127536502597146,-0.01739823085638454,-0.039684721225411716,0.411
16.334946870803833,-0.07020443009663309,0.6680366514828507,-0.040740011699954934,-0.04287282336233242,0.411
16.345117807388306,0.08799837096193584,0.25601226261001914,-0.059282693106193815,-0.0017932936051066675,0.411
16.355283498764038,0.046994476553287104,0.021558854899819232,-0.1263899373265662,-0.08042406812098013,0.411
16.365449905395508,0.4616865758508284,-0.37612951698287195,-0.06941372115355854,-0.08630954954412451,0.411
16.37563729286194,-0.07806754511611692,-0.8000304442724147,-0.09161780927618382,-0.0542146917069046,0.411
16.385857343673706,0.014635747963253763,1.2272155001974356,-0.10303393612379165,-0.024818000258133237,0.411
16.396043062210083,-0.05789188344704664,0.20857810631156654,-0.14666652751196116,0.012810062609744474,0.41
16.406289100646973,0.5669205719230304,-0.2128362681972614,-0.10799851379059554,-0.0315243987209445,0.41
16.416502475738525,-0.07949226914238043,-0.01005660375104214,-0.1244490585322319,-0.088502538479879,0.41
16.42673635482788,0.14130870337594142,-0.015789996127245173,-0.11755110729398013,-0.014357096996757648,0.41
16.436920881271362,-0.40999486871564483,0.3173258635330678,-0.16616102251972736,-0.09126202580131866,0.41
16.44710373878479,-0.2178993453975909,0.7961024668061188,-0.120892025393814,-0.08831260242569523,0.41
16.457281589508057,-4.057449442954527,2.20665687559677,-0.13158849955936133,-0.0801703976338681,0.417
16.46745252609253,-0.053422830142495166,0.07756125705008712,-0.0459475677079143,-0.040889712305927355,0.417
16.477623224258423,-0.05856183213611463,0.03404637091817548,-0.06902238696429044,-0.05558406884157664,0.417
16.487825870513916,0.6508317955520934,0.07016913478474267,-0.02678417743875187,-0.054691822551607205,0.417
16.498000383377075,0.014642256053251956,0.090185153987771,-0.007498723578391778,-0.02595858825210419,0.413
16.50820016860962,0.35739705262416227,0.5362851397559604,-0.0817310174042576,-0.0694098899192733,0.413
16.518399000167847,0.08633884952931159,0.5150520597657562,-0.08765115230017068,-0.07875459208132872,0.413
16.528563499450684,0.13507266658447592,-0.087754810487124,-0.140223729956382,-0.08936969827943125,0.413
16.53875756263733,0.06801167668384747,0.2737180973889578,-0.16195952999089502,-0.08917217745594051,0.413
16.54891848564148,0.059810421712644606,0.12127730649010313,-0.17416420859623083,-0.10508266042062324,0.413
16.55912709236145,0.03834910888474746,-0.09630347804760156,-0.12606052383222785,-0.06322616642346505,0.416
16.56928849220276,0.003569554740647049,0.06257639607773445,-0.1237965534546326,-0.13590921530122332,0.416
16.579453706741333,0.04214678799921926,0.08245367631982005,-0.15439298181691663,-0.18929727277242284,0.416
16.589618921279907,0.0421481550643682,0.0824563507714841,-0.16003409644777206,-0.20415164696176646,0.416
16.59984827041626,0.2160240741591546,0.050267671326695774,-0.1497672193971501,-0.12998210853054604,0.412
16.61006808280945,-0.3850670880472863,0.45112224945777696,-0.14609557220528707,-0.13990111988852225,0.412
16.62024188041687,0.6003303053610656,-0.02780966496902734,-0.17257716284339014,-0.07816569606613162,0.412
16.630408763885498,1.880999364078751,-0.024625267745123622,-0.1718896061064742,-0.09648688911569246,0.412
16.640571117401123,0.33414716957058804,-0.013013492401072666,-0.19388967464290774,-0.10298997481642853,0.412
16.650752544403076,-0.10598814862989606,-0.18684955455979443,-0.20259689709895395,-0.08925119019061618,0.412
16.660927295684814,0.12659376925788635,-0.06812349912789831,-0.14083460665650083,-0.1383763816713482,0.41
16.671141862869263,-0.17812496958625665,-0.23114544682969615,-0.14577014198214575,-0.13288880237590814,0.41
16.68136954307556,0.25135139443874566,-0.42088264981182405,-0.11003838208650783,-0.1736821052546537,0.41
16.69153928756714,0.18645352730547532,-0.05885271495484603,-0.10517999985797187,-0.1646221528556735,0.409
16.701746225357056,0.42899336109692043,-0.0934374178253132,-0.051934885214034145,-0.10578278156103317,0.409
16.711936235427856,0.3823286367381583,-0.16319855468185998,-0.052563152890833964,-0.10052935626656753,0.409
16.72210383415222,0.1534164448157523,-0.18143379007428476,-0.09481175295642497,-0.06216679882473958,0.409
16.73227047920227,0.16520494639458244,-0.5116980187438445,-0.10929965448932516,-0.08050012869870794,0.409
16.742441415786743,0.3121771930747805,-0.28498902251511665,-0.0047113359242758265,0.021929556150493357,0.409
16.752605438232422,0.02150136567934916,-0.22246566211931795,0.07465978463505407,-0.05334900923122941,0.408
16.76277208328247,0.2869512957462397,-0.22972650841999798,0.024821410401264992,-0.044404484542902245,0.408
16.772951364517212,0.3369219754148128,0.030670209260215256,-0.006233048629139527,-0.09723867229445249,0.408
16.783130168914795,0.6921559916162572,-0.07953703402304338,-0.03702728084852659,-0.08057037609796727,0.408
16.7933132648468,0.08385274691933273,-0.3373755836826781,0.06718505483620017,-0.09180873880704694,0.409
16.80353569984436,0.21241779253236054,-0.34989950332527586,0.002928925177422069,-0.07368116124165697,0.409
16.81385636329651,0.27942086381039105,-0.5381234182069876,0.07589104140389855,-0.0452312978838716,0.409
16.824070692062378,-0.08252912780974722,-0.5420987601197939,0.06152272561510293,0.01388847630167131,0.409
16.834247589111328,0.07008125537838478,-0.08230521665428528,0.10006420105891436,0.040601259137130634,0.409
16.844438076019287,0.43515525129875476,-0.2634845644575305,0.09681482247514522,-0.061494867174079974,0.409
16.85460877418518,0.08543302939297205,-0.25351951891716107,0.15366862376152626,0.029870367359962756,0.409
16.864820957183838,0.9498006664909516,-0.705265520311248,0.1345626385371946,-0.028651460601947044,0.409
16.87499237060547,0.12811070733615068,-0.4648834616629532,0.1474329349775057,0.0051024499088831755,0.409
16.885206937789917,0.08667681102088827,-0.3330901197177702,0.1064126524270491,0.059133818059837,0.409
16.89537262916565,0.2973300485346391,-0.5639529729385925,0.04974853048936567,0.07975217788076798,0.408
16.90555238723755,0.16597675342295046,-0.13152337854638171,0.0949778636497963,0.014414343809795338,0.408
16.915810108184814,-0.10635919267707723,-0.4783953278028598,0.11474159005345427,0.05671444755116966,0.408
16.92602562904358,0.2767021341291103,-0.28437395442359364,0.18377578654991913,0.030771136471810595,0.408
16.9362051486969,0.18498415382426403,-0.4849303609770309,0.19031884063601628,0.0957857405123935,0.408
16.94638228416443,0.5062597313752719,-1.0767349331764002,0.21659106378415682,0.11768935220608207,0.408
16.95656967163086,0.22080593931246584,-0.24920668055551257,0.15116466628937,0.13357496133406502,0.408
16.96672749519348,0.3870245936643943,-0.4451476627758739,0.1491099596856496,0.1333527294142864,0.408
16.97699499130249,-0.05113567477386458,0.018346782486706074,0.12170097296750028,0.1771843316574332,0.408
16.987167835235596,0.3778233621809909,-0.012995595257080212,0.14955162767500235,0.16109709019223778,0.408
16.997334003448486,-0.021942769880604524,-0.6877619577474778,0.1418419223879675,0.12057594250113855,0.409
17.007549285888672,0.033549394877205076,-0.07891452833393602,0.13606866043055382,0.14098872169993293,0.409
17.01771569252014,-0.048485540768066764,-0.2627749799075963,0.1908162121649514,0.12840365497227652,0.409
17.02792739868164,0.2243002003171695,-0.17231567399154232,0.20417374931340898,0.19562507747939406,0.409
17.03810977935791,0.008644723595107791,-0.48306524742904244,0.14669594053161925,0.19750245147347756,0.409
17.048302173614502,0.08917836506327055,-1.2591659533903807,0.1357104853548556,0.21843180119284225,0.409
17.058460474014282,0.06873406793657308,-0.05127438606398169,0.17519740867785022,0.19936326061340331,0.408
17.06861901283264,0.37952309017062363,-0.24660736544976206,0.22456702335006765,0.2227064913118731,0.408
17.07880187034607,-0.05159353068421354,-0.2394481647343237,0.18774476043830923,0.147320837171787,0.408
17.089024782180786,0.2485940159840108,-0.20091855426340885,0.21297483431643457,0.13646076990660141,0.408
17.09920024871826,0.22742854676126215,-0.4142009436361138,0.17480055157729574,0.08718433239166869,0.413
17.109370946884155,0.0026818827966093445,-0.2927981758898126,0.195960122641289,0.153700851605765,0.413
17.119539737701416,0.11559367787228345,-0.029766693893038938,0.09952671733540346,0.2049334054376906,0.413
17.12970733642578,0.11559353398374247,-0.02976665684009424,0.08434729465647296,0.21711044670072127,0.413
17.1399347782135,-0.12563971995128254,-0.013729861529116195,0.15313989714138254,0.22688448432288774,0.413
17.150104761123657,-0.32818430656596603,-0.41655385579122084,0.14178847214055132,0.23964588713490853,0.413
17.160271406173706,-0.3871497026842502,-0.4009442019324602,0.15774071654608213,0.19954591501264102,0.41
17.170448303222656,-0.0008837035310189026,-1.0320082618659117,0.19703343972888676,0.22117862979356184,0.41
17.180649042129517,-0.06522843438785071,-0.17751032229899197,0.13836931109776127,0.24159542814239932,0.41
17.19096612930298,0.07618709000193805,-0.04670677363637528,0.10587114817211833,0.1781229882668454,0.41
17.201151132583618,-0.036875610139248394,-0.46040516256086356,0.14722732554282825,0.168774855792948,0.412
17.21132206916809,-0.03715360479238846,-0.4609596713957694,0.1266392179916626,0.1764149888020171,0.412
17.22149419784546,-0.23851692651792192,-0.18183294642929784,0.14013689799158,0.28956573424215054,0.412
17.231674194335938,-0.034135031963956126,0.0034106203389556167,0.13396026361353147,0.2715014538797866,0.412
17.241905212402344,-0.09345331891826411,-0.18520453347257126,0.03800051038055713,0.2584091053031543,0.412
17.252079248428345,0.08088738712861726,-0.018183844518870097,0.07628207177392216,0.24689621366553124,0.41
17.262253761291504,0.1223412843346815,-0.017645513054347684,0.12551445821493112,0.18803899747721853,0.41
17.272428274154663,0.03900663539192006,-0.2181728796341494,0.16016625584220914,0.24291217139480717,0.41
17.28259778022766,0.06505664820671068,0.19486494503877685,0.05650825861399782,0.3025796148518093,0.41
17.29276943206787,0.08723251849397046,-0.39782578828726617,-0.013401955007065387,0.2900014503957852,0.41
17.303022146224976,0.021245744872728484,0.1744776592949769,-0.015374280639375628,0.25942703201072626,0.41
17.31319761276245,0.06479083594866238,-0.13691034566612492,0.0683857185394107,0.24083943106918485,0.41
17.323370695114136,-0.09759576280874288,0.060861472958319826,0.04008841192827555,0.20467669986262454,0.41
17.333550214767456,-0.06547883902773168,0.10557469342233575,0.05717321469713901,0.21854917553440656,0.41
17.343721628189087,0.3143031465468049,0.2519960423063494,0.0038517327848292746,0.19251661506550222,0.41
17.353957414627075,0.11632844279338454,0.23062286981338978,0.02868568076293295,0.1994283403468294,0.408
17.364126682281494,0.048323548861031115,0.11598961714855197,0.08248859802886621,0.1541839182748524,0.408
17.374300479888916,0.024666586061576696,-2.1268646862841996,0.027923518581532525,0.17898763130151407,0.408
17.384501457214355,0.0973796592636669,0.09855815356819192,0.010555159257952043,0.1901921550236658,0.408
17.39471435546875,0.006082379556364137,0.041795739616576684,-0.06357574987970593,0.1429092996836403,0.404
17.40501570701599,0.10858437192458405,0.02537094131223105,-0.04446332484118851,0.13037182681123632,0.404
17.415196180343628,0.010487532736585002,0.22369434650780085,-0.050678300657466514,0.06743745587720051,0.404
17.425397872924805,0.055493191055314146,0.0023617172201692987,-0.013361855357451963,0.12784069106893714,0.404
17.43561363220215,-0.3576389910175135,0.18137691686569793,-0.02969458080051529,0.09563770745964426,0.404
17.445862293243408,0.003375836198460227,0.194904931467375,-0.07376080333264727,0.2062545730405231,0.404
17.456056356430054,-0.21979193136974381,0.21977639998720833,-0.03737755616385765,0.14240360030634994,0.402
17.466229677200317,-0.018344202540588148,0.060915303549977054,-0.06373985813789161,0.11009986526621032,0.402
17.476405143737793,-0.170721331648227,0.26727892881732906,-0.08744498283878167,0.16331285547279295,0.402
17.486576080322266,0.2130672995155905,0.033373633406223346,-0.1462021282588417,0.12503644160780147,0.402
17.496747970581055,-0.1814533475530346,0.044712330227153686,-0.11417383393750258,0.19544938060089728,0.405
17.50699758529663,0.01733234906815553,0.04130775434669216,-0.0721559230882412,0.13452144291995555,0.405
17.51718497276306,0.0118800235378184,0.07072124633874786,-0.06652483195405762,0.17820912932209174,0.405
17.527358293533325,-0.26536666899876254,0.6434610492412972,-0.008945761646563535,0.13370281633547132,0.405
17.537535190582275,0.12717341463471177,-0.5597824299162073,-0.06754745008655863,0.06737902770438697,0.405
17.547704696655273,0.2628291562675229,0.07389918751250854,-0.057263725339756266,0.08071207235709409,0.405
17.557950496673584,-0.47354836604482126,-0.1126059986984975,-0.01959250573053501,0.04711621748447717,0.407
17.568120002746582,0.9864047060762537,0.04013795607141146,-0.03306330388354075,-0.004556424662846316,0.407
17.57828998565674,-0.777122727714597,-0.5757121495291396,-0.009268840860829256,0.10215555912027172,0.407
17.588459968566895,-0.006401994252293802,0.05776581866279813,-0.07048625274097262,0.10665676377124211,0.407
17.5986385345459,-0.23625934566286402,0.09098017835894993,-0.0336862446137966,0.14209926844540482,0.403
17.608872890472412,1.1270121266689104,-0.7319751228885858,-0.033622314475828606,-0.006517030247919666,0.403
17.61907649040222,-1.2405110100552408,0.0035692902450018783,0.006152091956780889,0.07168189662239996,0.403
17.6292507648468,-0.047584132852445914,-0.011679948876631112,0.045699244752219495,0.0798513817068147,0.403
17.639424085617065,0.01281928326287942,-0.2471178687377916,-0.018280734071175725,0.01904499674126797,0.403
17.64959955215454,-0.10905875392852345,-0.07531881509271446,0.02713808204077335,0.03505805652770062,0.403
17.659770011901855,0.09229631427418195,-0.07531881509271446,0.02713808204077335,0.03505805652770062,0.403
17.67000389099121,-0.08399424078390008,-0.03191790429361039,0.01238268979684936,0.10392194643395633,0.403
17.680193185806274,0.4572703056381944,-0.08403145894508754,0.0009523245411842476,-0.007414313552517801,0.403
17.690406799316406,-0.012052797707302072,-0.06043623168404023,-0.0246122981144343,0.03503202189409554,0.403
17.70060110092163,-0.003022166642131043,1.02291128803025,0.02845067119071657,0.018297715328458156,0.401
17.710774898529053,-0.2043104369423172,0.01850011724274129,0.031789629768516105,0.03405201954558134,0.401
17.72107172012329,0.28660496870953756,-1.986317926625497,0.08332211542383515,0.016852259580008522,0.401
17.73124408721924,-0.10486594013384071,3.0663037038022654,0.03425118217091234,0.053177051377447986,0.401
17.741414070129395,0.18211318348579583,-3.0072235454085314,0.0011473613750394365,0.071313157109597,0.401
17.751582384109497,-0.6490730021795557,2.0334165187874893,-0.010618116745768645,0.06803842557624773,0.401
17.761760473251343,-0.6982731044021484,1.9723335480904072,0.11378574025927159,0.018392549173719998,0.401
17.771998405456543,-0.32903256972929396,2.023030176943912,0.09098809818214922,0.03206625634304017,0.401
17.782177448272705,-0.16668456156905245,2.0514924805071675,0.04223901603978159,0.052631529674574934,0.401
17.79238724708557,-0.09788232506617753,0.4325375197637273,0.030853557906530073,0.01067837897338,0.403
17.80272126197815,-0.035755292312077074,-0.8602206731004575,0.05459169744985745,0.05058529506594717,0.403
17.81314730644226,-0.017900762803013216,-1.0280274520999721,0.12463406465358967,0.0011359626393440611,0.403
17.82338786125183,0.10757650159951884,-0.25039308744585664,0.06169283664551414,0.03163777204876945,0.403
17.833560943603516,0.14241554057041522,2.9296989404058755,0.0426152259978637,0.0791138200103718,0.403
17.843743324279785,-0.025659810947821098,-2.651132624091816,0.0647371603343388,0.1429897808712695,0.403
17.854052782058716,-0.46457771649624346,0.008260197361991798,0.06514786029015562,0.1285479725745798,0.4
17.86421847343445,2.4211539264383797,-0.5413339265201003,0.05764179891076035,0.06500672250663611,0.4
17.874385356903076,-0.05634525049735982,0.06484296738053501,0.07456533194972437,0.13558710785021694,0.4
17.884557485580444,-0.039042400709119615,0.014915970942391018,0.04332446063551772,0.09774397662776724,0.4
17.894724130630493,0.17565866425777846,0.17501698635425994,0.10936888739743285,0.08094973993403398,0.4
17.905025482177734,0.20118116689768129,0.40097347235471087,0.15204245443971426,0.026631630363864338,0.4
17.9152410030365,0.02130917823146919,0.132700178044841,0.11660341376039512,0.1240881123609291,0.4
17.925445795059204,-0.0966092707178355,0.008405375174023691,0.13290859508353906,0.118423692296939,0.4
17.935630083084106,-0.07015999880159589,0.013159905387550812,0.07847058966126283,0.11473223328721058,0.4
17.945874214172363,0.279523760106935,0.1902582427939924,0.11813257294994378,0.07278500455146371,0.4
17.956109046936035,-0.09317067851546942,0.03934468756949712,0.0714904713889835,0.04038949543412866,0.399
17.966292142868042,0.16093718512579783,0.2055575518621145,0.1097277960102207,0.01032166034076909,0.399
17.976463317871094,-0.13824311886787394,0.02128650730442357,0.13137625212304388,0.03791003880460244,0.399
17.986634254455566,-0.10490096781840368,0.03311117230219009,0.20116864060490558,0.08813547423753906,0.399
17.996885061264038,0.13112368763705234,-0.1963668904526515,0.13175407314737986,0.08767881974294797,0.399
18.007080793380737,-0.1661284629864725,0.05303403479910089,0.13022947036654733,0.11191058219517819,0.399
18.017289876937866,-0.07931830973194638,-0.00530009072976603,0.12597314632962225,0.0058446572159641455,0.399
18.02746057510376,-1.8011738555375645,-0.400501030549695,0.14365962156754347,0.09516451222270536,0.399
18.037628650665283,1.6396766395238018,0.19360884739256462,0.1870186281599944,0.027922365839134315,0.399
18.047866106033325,0.0010628934838673423,0.05236708629197206,0.2244433552074935,0.017567749288627976,0.399
18.058083295822144,-0.09645183621640353,0.06384977513525426,0.20009720957629712,0.052701299870481354,0.396
18.06829309463501,0.14748593181536013,2.2764785416547824,0.1611643864196133,0.11526189566766923,0.396
18.078457593917847,-0.06878006955687516,0.23863113885477374,0.17072632709169816,0.028065920880413476,0.396
18.08862614631653,-0.009383048367232381,0.24677369618915532,0.12329946695835445,-0.011576358780221958,0.396
18.098806381225586,0.042278505389606376,0.1950188087021073,0.16757764002370557,0.11010993556421492,0.394
18.109031677246094,0.440007767046208,0.04840717368125523,0.12140526233477333,0.06801096126407562,0.394
18.119200944900513,-0.08988309831844825,0.4964372502564713,0.17055978014504247,0.01671245184485984,0.394
18.12938094139099,0.16524062947572402,0.3185366282716367,0.13646572912608296,0.04024076319869177,0.394
18.139552354812622,-0.11939234636797016,0.3402869531354427,0.15278684720896432,0.02239931587387723,0.394
18.149725198745728,-0.04246661978784094,0.13840524150594924,0.11370540594586251,-0.006154059906781979,0.394
18.15998935699463,0.15705413378368288,0.13840524150594924,0.11370540594586251,-0.006154059906781979,0.4
18.17017436027527,0.2485988790004473,0.4583999858947804,0.1316544915397756,0.029710923244040215,0.4
18.180355548858643,0.05942378368993938,0.03276889136715543,0.14966833437638122,0.015390095405456904,0.4
18.19056725502014,-0.051878441319036586,0.02633133501436701,0.16003673973018412,-0.020434870570987376,0.4
18.20075559616089,-0.2104030079196006,0.27338807372311236,0.11681851967419268,-0.014945364803212869,0.397
18.211008548736572,-0.5735081483455552,-0.3478368387872566,0.17294841044029613,0.01995666436904571,0.397
18.22118067741394,0.14068077787939462,0.21993205309012656,0.18609042628831982,0.0238095894438881,0.397
18.231351375579834,-0.0043804165213618875,0.42774091107539886,0.19952933565208525,0.05742084394526375,0.397
18.24152112007141,-0.04396183796192413,0.07550022852945887,0.1284808868548926,-0.012825017651393702,0.397
18.25169587135315,-0.044695949398025896,0.48069835529637955,0.11722984862766153,-0.05579601415894428,0.399
18.26188588142395,0.002178480356729695,0.11967214282944405,0.13195451783892925,-0.06741688951674851,0.399
18.27209186553955,0.052468746651845054,0.05380426749026353,0.13257697081758882,-0.02326549941976631,0.399
18.28225803375244,0.002455158511009695,0.03851645893179765,0.17522596218332714,-0.05162732137252633,0.399
18.292432069778442,0.11623424104184499,0.0025155372270972416,0.13640855340666694,-0.05342201929995017,0.399
18.302608013153076,-0.18184606741349552,0.08457111999489735,0.17278877047072932,0.012504060872885303,0.399
18.312777042388916,0.0855910504834214,0.29783178796529863,0.1157672906413997,-0.05081218076304885,0.399
18.32296586036682,0.11624990679923243,0.0770616010426568,0.1472655093428767,-0.03673924249615372,0.399
18.33314847946167,0.08005478994930636,0.05501071124084343,0.12444575027686336,-0.10025214054474807,0.399
18.34331727027893,0.07235913926752194,0.02662625948922278,0.13662236567485167,-0.06435689917177739,0.399
18.35349154472351,-0.5367823123142627,0.8705375024058916,0.13788887832233873,-0.12369668729399402,0.391
18.36366057395935,-0.26814391616366023,-0.5599256072433249,0.1325274580883398,-0.10377013975835937,0.391
18.373867750167847,-0.033000688072134396,-0.17421471422320986,0.12638922965373617,-0.10367241270107205,0.391
18.38407874107361,0.09867334211610573,-0.023927660561371404,0.08709528681516104,-0.03789571946901662,0.391
18.39428448677063,0.17556979476898701,-0.03914020965953241,0.060260168896706184,-0.062385766837016306,0.394
18.404478549957275,0.016098844500560712,-0.03784980631122267,0.08840958318822995,-0.0883246146993197,0.394
18.414657831192017,0.07243141834356384,-1.2577334535097715,0.02186385823801781,-0.11767034686305967,0.394
18.424959897994995,0.0880697684075685,0.5817218074340864,0.03470258871305606,-0.041450024052282854,0.394
18.435163497924805,0.09586994828086663,-0.02556636085946167,0.1100333393114785,0.034679254117181035,0.394
18.445374965667725,-0.029431598104605716,0.3970874089711803,0.07601221744006999,-0.03506688158408957,0.394
18.455578088760376,3.085277999734198,-2.8435581989377994,0.04174502987910241,-0.028669211010677403,0.396
18.465755939483643,-0.7319078865106069,0.12101250916692259,-0.05952895398059217,-0.10374101431858296,0.396
18.47602343559265,0.08338799341782457,0.30303191305936084,-0.015264669142384415,-0.09065622906839706,0.396
18.48619318008423,0.99983508787777,-0.279944500037058,0.015424857333477843,-0.035115501838211015,0.396
18.49638342857361,-1.0649133936646547,-0.09193347898165748,0.004056600721655236,-0.04821115780409366,0.393
18.5065598487854,0.31531571427211386,0.09092349920959186,-0.020440671699104827,-0.041760905838494664,0.393
18.516729593276978,0.4465205609049838,-0.8885362239356134,0.051804868782416295,-0.043673548040895446,0.393
18.526997327804565,0.9550175407750733,-0.8866471550939665,0.030926186415180412,-0.030441815286328836,0.393
18.537171125411987,0.15645256554839837,-0.09587334722386985,0.019170286357797744,-0.03597139996416843,0.393
18.54733967781067,-0.22587811564375426,-0.09740422803898106,0.07086133040741513,0.04516858064585891,0.393
18.557511568069458,0.2857268861216395,-0.30711821727814453,0.09618782153868366,0.017721379308577156,0.398
18.567681074142456,-0.27037750307907055,-0.32523063539060665,0.1079134523983903,0.032120689082418136,0.398
18.577877283096313,-0.039773372672807776,-0.3145560483560387,0.05774387046654853,-0.0016442598925394082,0.398
18.588085889816284,0.09330880466005792,-0.30751800300417503,0.05865505605894787,0.050710218201250164,0.398
18.59826350212097,0.004823548856681447,-0.10740470872983142,0.07639449722553297,0.04135988912560731,0.4
18.608524084091187,-0.14314835994988406,-0.08061296141804278,0.12650496240792583,0.0703277566424079,0.4
18.61869978904724,0.1419913275778155,-0.0993260938583956,0.06588363330630957,0.09793459570794608,0.4
18.628899097442627,-0.18633925256001727,-0.3257226018874972,0.0619982634978013,0.11936339791884686,0.4
18.639130353927612,0.20727793957492205,0.1121216800998377,0.056567744074386014,0.15137722898196673,0.4
18.64930248260498,-0.5595519886791562,-0.22730385435048234,0.1277470663726006,0.17699365991683508,0.4
18.65948724746704,-0.7598795235008604,0.37617659967599837,0.1277470663726006,0.17699365991683508,0.402
18.669657945632935,0.6309545045625848,-0.3863864880794077,0.1212797169329593,0.10249452389829355,0.402
18.67982769012451,0.026884757442321317,-0.1850487880487246,0.1212797169329593,0.10249452389829355,0.402
18.690025806427002,0.5023628462076851,0.21668810847824088,0.09009942142357713,0.10449741665298366,0.402
18.700244903564453,0.8976366357961015,-0.3630746029244084,0.092161383620389,0.07123240876347188,0.401
18.710431575775146,0.09602368085487153,0.0377307181968738,0.06871889973177082,0.06598535814884843,0.401
18.72060799598694,0.06862168244547785,4.444955925196824,0.11216105727135302,0.135579573904103,0.401
18.73078227043152,0.010589051257046792,0.010342970098052403,0.1180580767745035,0.164324921178267,0.401
18.741036891937256,0.21352651204150985,0.259537613003719,0.15641297529026796,0.16987164543827515,0.401
18.751205682754517,0.24637515714185484,0.07919094148037,0.1425869905106047,0.08681911917162641,0.405
18.761374473571777,0.13154087961003083,0.11879669933959315,0.1097478493825901,0.12094052046836407,0.405
18.771543264389038,-0.20316204876990324,0.6076638585263265,0.10526136873614644,0.1330731808584878,0.405
18.78172206878662,-0.20296392479165895,0.607267610569838,0.10526136873614644,0.1330731808584878,0.405
18.792065382003784,0.2914209989359981,0.16634977909457715,0.12750198219820932,0.08216027057594998,0.404
18.80227756500244,-0.23829355904455635,0.15140182694399135,0.12193198945740982,0.006865977083803612,0.404
18.812455892562866,-0.20947655658678724,0.1753344510835309,0.1509093157838926,-0.018055250198546383,0.404
18.822643041610718,0.4038212985395561,0.9872601518040135,0.12338822759364171,-0.05388340578367708,0.404
18.832870483398438,-0.7711733191693544,0.12498676366512065,0.15036242281346254,0.03239050914942289,0.404
18.843106031417847,0.03749190199598192,0.8661306219515693,0.1469698689654657,0.04930696247226053,0.404
18.853315353393555,-0.057529465472835724,0.5130824539189694,0.10856708887268136,0.01552555169207575,0.399
18.863486528396606,0.011427061666217328,0.09273771309566366,0.10383549386017665,0.07045100023824744,0.399
18.873657703399658,0.03878825153800248,0.6755094476603634,0.09597352998179451,-0.01518321014613902,0.399
18.883826971054077,-0.022229204524275153,0.0395880153076366,0.1728555657957245,-0.013062840185012754,0.399
18.893999099731445,-0.035630115720958234,0.23538234876185019,0.12202390576067845,-0.007956371951900264,0.405
18.90422558784485,-0.17073523092089796,0.09231895339825973,0.18800848137528314,0.012309011243872334,0.405
18.9144446849823,0.09135572351462036,0.08931836041666547,0.12642274758876387,0.0010118246091602584,0.405
18.92464017868042,0.040769533407073705,0.12500379497816466,0.18960406661289636,-0.05912659998883797,0.405
18.934820652008057,-0.25111485159089003,0.13558472146054382,0.12045551643427088,-0.022067667182332287,0.405
18.945029258728027,0.011630376747413766,0.07232020527130639,0.08556859728851245,-0.04606915302481276,0.405
18.955235719680786,-0.0012409199847248592,0.08210649768985658,0.03757803316457997,-0.060186185286985085,0.399
18.965442895889282,0.05137110127896653,0.06676441957305082,0.05588321739321595,-0.00046409742921048325,0.399
18.97563934326172,-0.31343698014870064,0.8159158205454464,0.06162063028705604,-0.023293465046506145,0.399
18.98583173751831,-0.13069993611995948,-0.18427003205161951,0.10606478641202853,-0.11509294674695857,0.399
18.996189832687378,0.06629398964638755,0.26918960084038435,0.14773488031689383,-0.1028615609616902,0.403
19.00636124610901,-0.04837085381864905,0.4488733965333726,0.1885748757050982,-0.1301951598268074,0.403
19.016530990600586,0.06117345036027389,-0.5524373920110788,0.1420679219253812,-0.165034563782966,0.403
19.02670669555664,0.08674088779367814,-0.1534674056094871,0.1327429341541871,-0.11860040197687463,0.403
19.03687882423401,0.038435614437823624,0.05575805283354718,0.09567794577581766,-0.07627174443786577,0.403
19.04710841178894,-0.31772579609720364,0.40152991408742217,0.09007757704195107,-0.08272454677029942,0.403
19.057315826416016,-0.014038886055383872,1.0115957295274953,0.08474822569309984,-0.12752719132875615,0.399
19.067488193511963,0.3399924123445318,-0.019444223647956633,0.12212676676069385,-0.13376838340112543,0.399
19.077658653259277,0.058877922048131796,-0.02666243712013582,0.1199278099617219,-0.1973068123400378,0.399
19.087855100631714,-0.013315240652728674,-0.050843741392120244,0.09812617688706426,-0.09027641183769963,0.399
19.098026037216187,-0.11431619026445651,0.034560391417295,0.05335508095574671,-0.0718123374315851,0.398
19.108242511749268,-0.1783255307361387,-0.015408684087901487,0.054327852008187204,-0.09135920559891691,0.398
19.118412017822266,0.059308852172938575,0.024986069537654698,0.10896844723443216,-0.1185986509718357,0.398
19.128586292266846,0.025201842915446457,-0.004153977341188403,0.10604705328793769,-0.09525880479100271,0.398
19.138757705688477,-0.02160206476748394,-0.024561153610380967,0.0776460834937638,-0.04294851154088092,0.398
19.148968935012817,0.0316194759136118,-0.021583096193941487,0.022937924168974114,-0.024527492166502546,0.398
19.159196615219116,0.0316194759136118,-0.021583096193941487,0.022937924168974114,-0.024527492166502546,0.397
19.169365406036377,-0.15232732219507233,-0.23856751603580778,0.05193171853059654,-0.08256201677554631,0.397
19.1795334815979,-0.0008069239965429211,-0.05730533718282348,0.08856926906289228,-0.149471013975919,0.397
19.189708948135376,-0.04651754363567331,-0.2810623852649827,0.04245894028983466,-0.16301356181491955,0.397
19.200087785720825,0.12287955406816019,-0.09646916712673544,0.09353708877272682,-0.12401259823734456,0.397
19.21031618118286,-0.07444491296417499,-0.09646683159749408,0.1038952694309918,-0.10666883464247068,0.397
19.220510959625244,0.03561860854645587,-0.44984168078865255,0.03693511158540061,-0.034461791083000556,0.397
19.230697870254517,0.11940382764455917,-0.07335384936846404,0.09765913186306303,-0.0674502046109606,0.397
19.240942001342773,-0.08835265770347374,-0.2381272454291103,0.1364241328368414,-0.04148869515795538,0.397
19.251184940338135,0.1563804310195251,-0.08439684907713804,0.10153538333077247,-0.03055599157078466,0.398
19.26139783859253,0.13176628562535167,-0.07661094838616689,0.026533993141157543,-0.03970668305740667,0.398
19.27157163619995,-0.006329411703888973,-0.52249504076155,0.061487543872756914,0.024211710604888012,0.398
19.281741857528687,0.23044343163682418,-0.6885553903653312,0.035518425845613134,0.005850612103900185,0.398
19.2920401096344,0.03993743281800741,0.15649521498956992,-0.03395129531127179,0.08518616161842661,0.394
19.30221199989319,0.1958960921259553,-0.6405144856551577,0.053790784586082954,0.02293221077557886,0.394
19.31239414215088,-0.019726316174816044,-0.2681086386201043,0.04787944598455974,0.050269166766837986,0.394
19.32256317138672,0.005377912907054437,-0.3083898932834504,0.0728198463622437,-0.0027960564884752376,0.394
19.33273410797119,0.0025522394722927214,-0.09240720733420241,0.06997796590622848,0.0043652948834688315,0.394
19.343019485473633,-0.03521944193737288,-0.11251010467991726,0.05096650189490423,-0.01701221772536715,0.394
19.353193044662476,0.3677690033778387,-0.24862475041451745,0.008957146241838706,-0.02017014948049016,0.396
19.363362789154053,0.10136230685258772,-0.7276790975090365,0.047691747224440015,-0.01571142808650381,0.396
19.37352967262268,0.001557018933665308,-0.17056029943144674,0.04131462211166399,0.002064956341045008,0.396
19.383708953857422,0.1217176081089085,-0.5541394627075099,0.09797204045135814,0.0257938300777794,0.396
19.39394974708557,-0.06315286845752335,-0.09963071688945069,0.024832478716716726,0.07649091774818334,0.395
19.40417194366455,0.015150164099316367,-0.505530694420456,0.061859559449653975,0.04893195958947585,0.395
19.414346933364868,0.16937699582649304,-0.2894527510823607,0.07731437923707565,0.04296713989600505,0.395
19.424520254135132,-0.05418029208098556,-0.021307956350712094,0.09261179156851676,0.08570555276281952,0.395
19.43469762802124,0.21034764219172628,-0.27534255901942334,0.13042371306974052,0.05272367995451158,0.395
19.444929599761963,-0.051743214572442464,-0.11163337361384283,0.16485440545202032,0.04594248404268398,0.395
19.45513343811035,0.17006349617344513,-0.31858279967693454,0.10032344885237889,0.03945863711473943,0.389
19.46534037590027,0.0737905040476662,-0.2985860123755919,0.19846470681394368,0.09852476521287029,0.389
19.475548267364502,0.12857545624208158,-0.4265829993568807,0.13320972207312157,0.08468255505463741,0.389
19.485722303390503,0.14252543329958142,-0.07988347514751679,0.06777249478348513,0.0970880921294455,0.389
19.495973825454712,9.767581436538328e-05,-0.42909350346162317,0.08979653222016062,0.07522618958025414,0.391
19.50619125366211,-0.025525152841311148,-0.04538838786915201,0.09459194283083766,0.13141858501911802,0.391
19.51636838912964,0.15771027898801457,-0.4460134117921448,0.1008021695394726,0.12853331661264855,0.391
19.52653932571411,-0.028745289064389012,-0.018392906027848495,0.08149549193660233,0.2154481794111301,0.391
19.536709547042847,0.21360807498651754,-0.24448916756930242,0.11097386401257345,0.14549602602256279,0.391
19.546907901763916,-0.016987041559111644,-0.05437661378840008,0.09428265359909153,0.17758812616049957,0.391
19.557079553604126,-0.018101121831458917,-0.273126097327109,0.07721192160511692,0.17181866830411788,0.388
19.56724739074707,0.13781471255672453,-0.058772923873763226,0.05890125962279067,0.20871901616141994,0.388
19.577413082122803,0.1218309085523832,-0.277510172019816,0.0887780706312308,0.1971861838755209,0.388
19.587579250335693,-0.07663121719144,-0.06516930067433621,0.11966807221760767,0.21283908204652136,0.388
19.59775137901306,0.220444663668886,-0.23825662611329565,0.19471575535448443,0.23838891123718586,0.392
19.60804510116577,-0.02991260866269796,-0.005604708750168021,0.20527223089972996,0.21256284965103514,0.392
19.61821436882019,0.3933618386102737,-0.1689970038127286,0.20713454787699725,0.1842638794639596,0.392
19.628385066986084,-0.0023288047662109687,0.022016189023080467,0.20721875619294636,0.1202195238449734,0.392
19.63856530189514,0.1916845319888229,-0.024116279554113332,0.1558788438890449,0.10641816939287083,0.392
19.648735284805298,-0.029916891235753067,-0.008746605736487669,0.12711803506820674,0.1815700538799269,0.392
19.658965349197388,0.037258200437162714,0.0069559371418253845,0.16088048098148122,0.13659772442710744,0.389
19.669184684753418,0.08903031247753575,-0.19935355375274563,0.200814319581319,0.17384138370013377,0.389
19.679399967193604,-0.11138064404222908,0.0010574027670192025,0.200814319581319,0.17384138370013377,0.389
19.689567804336548,0.25981689454957707,0.003274352621794571,0.16762444192683942,0.14686038600969015,0.389
19.699782371520996,0.1371816078168309,0.0036104937099905917,0.12440863517129165,0.11557206568147449,0.387
19.710156202316284,-0.06332756117442452,0.003610560037496377,0.1417724481716581,0.11569487206984391,0.387
19.720394134521484,-0.027335487507563306,0.045666909990881105,0.215999795413588,0.13972575703412782,0.387
19.73057508468628,-0.03766650720857415,0.27135775505375903,0.2207925637917595,0.1508691909999237,0.387
19.74074625968933,0.20635583972965083,0.08141370370033701,0.14881909549371503,0.13267084953521902,0.387
19.750965356826782,0.012629406360976782,0.010633801639887697,0.220412124444976,0.13818385814593775,0.387
19.761188507080078,-0.05925840687507606,0.0319557425202539,0.20146156269604026,0.14000882045337973,0.387
19.771393299102783,-0.005403196222041502,0.24085477069035813,0.23853251746748222,0.13658731099029825,0.387
19.78156590461731,0.07128961358939293,0.027993366834554563,0.20062525541822024,0.15631184556524474,0.387
19.791785717010498,0.17142303400725406,0.10264242065760527,0.13382796920799916,0.207342472741438,0.388
19.80207324028015,-0.03807534917200947,0.3204239242829225,0.11512590023873719,0.21914554943186138,0.388
19.812255144119263,-0.0628019536494816,0.2522743417720044,0.1735764764100004,0.19908853546194472,0.388
19.822428703308105,0.04068321241310729,0.24032435692317794,0.12920432122017766,0.17580268193127044,0.388
