time,meas_r_x,meas_r_y,meas_v_x_dot,meas_v_y_dot,state_z
0.0,0.75,0.0,-0.03740940362165299,0.045597610073771604,0.396
0.010210752487182617,0.0,0.0,0.0026549945262227814,0.13509599327465116,0.396
0.02045726776123047,0.0,1.4639123251971984,0.062133290358888996,0.08820081802912666,0.396
0.030637264251708984,0.0,0.0,0.0020978419783167918,0.08831059346525369,0.397
0.040871381759643555,0.0,0.0,0.07587232609131946,0.08585536613604727,0.397
0.05111980438232422,0.0,0.0,0.048711718028322484,-0.03072960866703641,0.397
0.06138253211975098,0.0,0.7307998606109884,0.020578441158119506,-0.060119663840527825,0.397
0.0715641975402832,0.0,0.0,0.015528133960170942,-0.02281884873604404,0.397
0.08176326751708984,0.0,0.0,0.04184360447646,-0.02692965648988528,0.397
0.09198236465454102,0.7339200223974616,0.0,0.12031497148593892,0.02548258068111591,0.402
0.10222172737121582,0.0,0.0,0.06426291809737347,0.09106683726497769,0.402
0.11240887641906738,0.0,0.7362216813330836,0.09943365554904088,0.0008848341508132136,0.402
0.12258458137512207,0.0,0.0,0.17739903741827046,0.023131795231100476,0.402
0.13275766372680664,0.0,0.0,0.11982839000271914,0.02306039924901873,0.4
0.14293146133422852,0.0,0.0,0.138799870350024,0.015790996831790614,0.4
0.153106689453125,0.0,-0.7370842120061858,0.11914188800552734,-0.003959230058883894,0.4
0.16333627700805664,0.0,0.0,0.15132285085836683,0.045732889469114434,0.4
0.1735076904296875,0.0,0.0,0.1633719813447946,0.01847932072486428,0.4
0.18367767333984375,0.7374643660915229,0.0,0.1360782758167688,0.04558282976484704,0.399
0.19385004043579102,0.0,0.0,0.11733563838414436,-0.018132529002479282,0.399
0.2040414810180664,0.0,0.0,0.12723677148129406,0.051363440495480375,0.399
0.21422886848449707,0.7362044513094151,0.0,0.14404583715772015,0.02030576024936149,0.399
0.224440336227417,0.0,0.7344683632967546,0.12756206225793823,0.039879519845160055,0.396
0.23461127281188965,0.0,0.0,0.1742860626503406,0.03508311790555561,0.396
0.24478554725646973,0.0,0.7371533017762572,0.20777542289461276,0.05829275120750628,0.396
0.2549571990966797,0.0,0.0,0.14801460000678315,0.06588384507262847,0.396
0.2651338577270508,0.7369806016305875,0.7369806016305875,0.15913867917688032,-0.002242066957078511,0.396
0.27532505989074707,0.0,0.735928880570827,0.20180070993063162,-0.0026405105474239035,0.396
0.28550219535827637,0.0,1.473892142622874,0.2051577041550504,0.03589564695975486,0.404
0.29567575454711914,0.0,0.0,0.14876248672322417,0.11125283330868027,0.404
0.30586767196655273,0.7358772340226443,0.0,0.19551899724162083,0.053237710884486276,0.404
0.3161008358001709,0.0,1.465822324736143,0.1569756136324034,0.006692039622705103,0.404
0.32642436027526855,0.0,0.0,0.20275421815184344,0.059584169289138955,0.402
0.336651086807251,0.0,0.0,0.19895621512502376,0.07090619020583326,0.402
0.34683847427368164,0.0,1.4724089026188303,0.14529970789514246,0.10646685155767878,0.402
0.3570396900177002,0.0,1.470412975903896,0.14244988764804836,0.016219619108048648,0.402
0.36722445487976074,0.7363940259375439,0.0,0.13917646202484854,0.027778647930201107,0.402
0.3774447441101074,0.7338344180838406,0.7338344180838406,0.10625000676109576,0.01666721897013167,0.402
0.3876183032989502,0.0,0.7372051276042276,0.06921660250690008,0.028890999716457987,0.4
0.3978087902069092,0.0,1.4719610687380094,0.022256338561087517,0.08658006271845392,0.4
0.40798020362854004,0.0,0.0,0.10146875751056592,0.055309809402419086,0.4
0.41823625564575195,0.0,0.7312755422274915,0.08719925738545845,0.02911452544396073,0.4
0.42842626571655273,0.0,0.7360149742629855,0.11020421622463594,0.02599862806845922,0.401
0.43860292434692383,0.0,0.7369806016305875,0.05674445165043203,0.08113237808649289,0.401
0.44878125190734863,0.0,0.7368597596683142,0.07091596411912154,0.0011568786643125634,0.401
0.4589569568634033,0.0,1.474099343955014,-0.027393432231659333,0.010385709935351203,0.401
0.469130277633667,0.7372224044996485,0.0,0.03385952869865045,0.023265500537638983,0.401
0.4793374538421631,0.0,2.204331495842287,0.11776068566960626,-0.03667712110797336,0.401
0.48951029777526855,0.0,0.7372569607199775,0.1505384855984177,0.05361886850183162,0.396
0.499680757522583,0.7374297904261803,0.0,0.08252831591240728,0.016695701620557193,0.396
0.5098657608032227,0.0,2.2091303635384723,0.06863539087903277,0.036168088448012115,0.396
0.5200390815734863,0.0,0.0,0.09856192298920811,0.029703060350273723,0.396
0.5303065776824951,0.0,0.7304604667363288,-0.0023884549384711046,0.05228216625035541,0.401
0.5404775142669678,0.7373952180028129,0.7373952180028129,0.05710982597229547,0.10692383845229386,0.401
0.5506596565246582,0.0,1.4731673964455476,0.09690797124452304,0.05441376027280499,0.401
0.5608429908752441,0.0,0.7364974714365986,0.0024126645952916997,0.05298794041300483,0.401
0.5711135864257812,0.0,0.7302400297135428,0.030367829414297,0.08582125942241335,0.401
0.5813331604003906,0.0,0.7338857782754759,-0.004246506672245437,0.0670178588694287,0.401
0.5915215015411377,0.0,0.7361355392787775,0.033799432352080425,0.08082833726399102,0.396
0.601693868637085,0.7372915201800028,0.7372915201800028,0.0042652405359933365,0.08300884714014742,0.396
0.6118659973144531,0.0,2.2119264033751316,0.008394239274796711,0.14149645471299152,0.396
0.6220381259918213,0.0,0.0,-0.00829779533234798,0.14879176623292065,0.396
0.6322376728057861,0.0,0.7353267882187938,-0.04189378092588218,0.0807970986568905,0.396
0.6424551010131836,0.0,0.7340399019950997,-0.04879841419828829,0.07602649620284632,0.396
0.6526632308959961,0.0,1.4694170403587443,-0.0827465645246299,0.00848056098419625,0.396
0.6628539562225342,0.0,0.7359633156306296,-0.10087973896601299,0.08494618300602927,0.396
0.6730422973632812,0.0,0.0,-0.009884789396397364,0.08893192141098832,0.396
0.6832280158996582,0.0,1.4726501568278638,-0.02785493143924589,0.07572795343271965,0.394
0.693434476852417,0.7348286575252867,0.0,-0.0011914971340813707,0.07160886245001877,0.394
0.7036080360412598,0.0,0.7372051276042276,-0.03732854892720974,0.02062976563023257,0.394
0.7137782573699951,0.0,0.7374470778535762,-0.1594881628744691,0.00479363656347636,0.394
0.7239487171173096,0.0,0.7374297904261803,-0.08127738633732742,0.05284786484533227,0.397
0.7341268062591553,0.0,0.73687702037948,-0.08863207176772814,0.08593161200378312,0.397
0.7443637847900391,0.0,0.7326380510981205,-0.10895532747464895,0.04783263714364644,0.397
0.7545368671417236,0.0,1.4744793644097587,-0.09066925147608992,0.07821851982815975,0.397
0.7647089958190918,0.0,0.0,-0.16495536453147605,0.04735138148723368,0.397
0.7748935222625732,0.0,0.0,-0.14172583907201336,0.10107881640113625,0.397
0.7850682735443115,0.7371187552722842,0.7371187552722842,-0.1041062252852391,-0.004042009257294758,0.396
0.7954158782958984,0.0,0.0,-0.15279365372400666,0.031844409535641036,0.396
0.8055891990661621,0.0,0.0,-0.1127261891513748,0.09262336299277701,0.396
0.8157823085784912,0.7357911725492947,0.7357911725492947,-0.1395960028560848,0.03702714409326491,0.396
0.8260042667388916,0.0,0.0,-0.08384066586920888,0.09186970860950111,0.394
0.8362042903900146,0.0,1.4705848253938572,-0.05161353007390124,-0.04649523341870268,0.394
0.8463795185089111,0.0,0.0,-0.1483509000961431,0.0020159281337865445,0.394
0.8565542697906494,0.0,0.0,-0.1644044512341445,0.09458777741645424,0.394
0.8667318820953369,0.0,0.7369115442278861,-0.18236873510211055,0.038587147423543744,0.394
0.8769176006317139,0.0,0.7363250784139319,-0.2092983474234583,0.012680639607218162,0.394
0.887108564376831,0.0,0.7359460976979225,-0.1370525542195849,0.03161389995436885,0.402
0.8973326683044434,0.0,0.0,-0.11090508170012742,-0.03337870413783775,0.402
0.9075033664703369,0.0,0.0,-0.13730562558858023,0.06795666978008069,0.402
0.9176759719848633,0.0,0.7372742400449996,-0.18922897680774878,0.07220658954025215,0.402
0.9278802871704102,0.0,0.0,-0.24875570450459705,0.033206628192451154,0.403
0.9381053447723389,0.0,0.7334922004336978,-0.10064968957542991,0.04567183931606161,0.403
0.9483444690704346,0.0,0.0,-0.0850137328183696,0.04956705782053411,0.403
0.9585890769958496,0.0,0.0,-0.21902499555888363,0.03782725007725653,0.403
0.9687371253967285,0.0,0.7390583591767691,-0.20225007135167594,-0.0023931689269590974,0.403
0.9789283275604248,0.0,0.0,-0.14798531311475194,0.028474101197703286,0.403
0.9891002178192139,0.0,0.0,-0.16806332858622725,0.011377739014446952,0.397
0.9994399547576904,0.0,0.7253569452130603,-0.19816925335779562,-0.026286310444280755,0.397
1.0098037719726562,0.0,0.0,-0.12447484450417313,0.05344746465087055,0.397
1.0200438499450684,0.0,0.0,-0.11830686100789023,0.021660806966824365,0.397
1.0302977561950684,0.0,0.0,-0.1454428373615998,0.04309579548649997,0.404
1.040499210357666,0.0,0.0,-0.22773676925012729,-0.00663898328882862,0.404
1.0506882667541504,0.7360838637214526,0.7360838637214526,-0.24675385577026643,0.06493027853243517,0.404
1.0608677864074707,0.0,0.0,-0.19146548029324736,-0.033960478229623364,0.404
1.0710365772247314,0.0,0.0,-0.15500908964274163,-0.03085181407343034,0.404
1.0812351703643799,0.0,0.0,-0.14342182550498628,-0.08042709027545802,0.404
1.0915935039520264,0.0,0.0,-0.15099629679342091,0.04718249888754608,0.404
1.101771593093872,0.0,0.0,-0.17714756087574957,0.05937771905437475,0.404
1.1119320392608643,0.0,0.0,-0.1456955439218665,0.015818398173569642,0.404
1.1220920085906982,0.0,0.0,-0.11799137433943296,0.034976009839686115,0.404
1.132265567779541,0.0,0.0,-0.11018322663327496,0.062194081942667644,0.401
1.1424250602722168,0.0,0.0,-0.11700828233302657,0.058153611259617884,0.401
1.1526391506195068,0.0,0.0,-0.1438785317809122,0.03666551234614418,0.401
1.162832260131836,0.0,0.0,-0.14915986363552222,0.007413278883609429,0.401
1.1730105876922607,0.7368597596683142,0.0,-0.1600923984377422,0.05931253441965774,0.401
1.1831865310668945,0.0,-0.7370324031770576,-0.16107037983177666,0.09259130937231688,0.401
1.193359375,0.0,-0.7372569607199775,-0.18399826070733993,0.04412266804785463,0.404
1.2035739421844482,0.0,-0.734245501015335,-0.17172627135232643,-0.01564713237211324,0.404
1.2137479782104492,0.0,-0.737170576242589,-0.1999832895251225,0.009201766149425533,0.404
1.2239184379577637,0.0,0.0,-0.13668864852770277,0.016131612366388673,0.402
1.2340905666351318,0.0,0.0,-0.19490597328185139,0.07576313274132097,0.402
1.244291067123413,0.0,0.0,-0.15656952483300515,0.1347892176919681,0.402
1.2544705867767334,0.0,-0.7367734682405845,-0.197828711185411,0.07575211343324814,0.402
1.2646970748901367,0.0,0.0,-0.15878736840176505,0.10507996209527257,0.402
1.2748854160308838,0.7361355392787775,0.0,-0.08955608114755892,-0.04520754489873812,0.402
1.285109519958496,0.0,-1.467121236853765,-0.053770807979559104,0.013061451964260068,0.405
1.2953190803527832,0.0,-1.4692111531455794,-0.08916553892557957,-0.00850900173807289,0.405
1.3055226802825928,0.0,0.0,-0.10223659547759525,0.05535069489356236,0.405
1.3157377243041992,0.0,-0.734211226514179,-0.0915850863551598,-0.016582101443901,0.405
1.3259360790252686,0.0,0.0,-0.05524832847170455,0.05242034676275109,0.397
1.3361399173736572,0.0,-0.7350175241833731,-0.08212845479215661,0.06984562987464363,0.397
1.346360683441162,0.0,-1.4676003638993211,-0.1143983727745032,0.10975165461008467,0.397
1.3565447330474854,0.7364457450544305,0.0,-0.05339044129514095,0.06399905705365698,0.397
1.366776466369629,0.0,0.0,-0.10486170234258735,-0.003540648533076486,0.397
1.376955509185791,0.0,-1.4736159647725675,-0.0762220835199687,0.04693884112998678,0.397
1.387129545211792,0.0,0.0,-0.04893945117029325,0.0041979693654034984,0.403
1.3973088264465332,0.0,-1.4735814498184798,-0.04075900193968213,0.004697642633678938,0.403
1.4074857234954834,0.0,0.0,-0.05819985713810838,0.0010986590481972848,0.403
1.4176979064941406,0.0,-0.7344169215324633,-0.06053033903665503,0.05373662968727737,0.403
1.427908182144165,0.0,-0.73455411558669,0.011365224203168073,0.07438230795746448,0.402
1.4380784034729004,0.7374470778535762,-0.7374470778535762,0.020318977949206396,0.1064884182698662,0.402
1.448329210281372,0.0,0.0,-0.006164585632184194,0.13238077411164112,0.402
1.4585604667663574,0.0,0.0,-0.06820395254330344,0.16983327606521673,0.402
1.4687368869781494,0.0,0.0,-0.06085665410236718,0.11630247740675612,0.402
1.4789113998413086,0.0,-1.4742720562390157,-0.03611563789393259,0.07803308092270175,0.402
1.489088773727417,-0.73692880736524,-0.73692880736524,-0.05447295865283873,0.09702927685386559,0.402
1.4992759227752686,0.0,-0.7362216813330836,-0.01797792866767943,0.09773523345991594,0.402
1.5095138549804688,0.0,-1.4651396101627814,-0.02741462258967438,0.15349992151551875,0.402
1.5196878910064697,1.474341152485178,0.0,-0.0031964275328784375,0.07811901001217528,0.402
1.5298571586608887,0.0,-1.4750324713384755,-0.016396069909513464,0.09635867848824288,0.4
1.540027379989624,0.0,0.0,-0.032748191959675196,0.019318808824243697,0.4
1.5502219200134277,0.0,-1.4713758506980985,-0.011942209828108008,0.07008146251987701,0.4
1.56050443649292,0.0,-0.7293934335002782,-0.014629565963482388,0.04993625264715714,0.4
1.570723056793213,0.0,-0.7339542697153523,-0.05161061275697054,0.12868382390157293,0.4
1.580942153930664,0.0,0.0,0.03722638362449547,0.0982260401753357,0.4
1.5911576747894287,0.0,-1.4683539104254673,-0.019802691335338775,0.12468834314608962,0.401
1.6013662815093994,0.0,0.0,-0.04418491355689527,0.06855981062993313,0.401
1.611541986465454,0.0,-0.737049671977507,0.04627450952852226,0.025117420944442727,0.401
1.6217176914215088,0.0,-0.737049671977507,0.03908814211479711,-0.0010496238515082662,0.401
1.6318936347961426,0.0,-1.4740648063541153,0.020483037558319525,0.05903989933160851,0.4
1.6420702934265137,0.7369806016305875,0.0,0.03603483173408392,0.05843261755621981,0.4
1.6522784233093262,0.0,-1.4694170403587443,0.08568116084688163,0.0714630715260946,0.4
1.662463665008545,0.0,-1.4727191011235954,0.10577554220845728,0.09572467480529076,0.4
1.672637939453125,-0.7371533017762572,0.0,0.018509864587853468,0.1315005635069824,0.4
1.6828298568725586,0.0,-2.943508936090577,0.01626109264554896,0.07969477685868803,0.4
1.6930019855499268,0.0,0.0,0.01626109264554896,0.07969477685868803,0.402
1.7031724452972412,0.0,-0.7374297904261803,0.04747617784671523,0.06176321815742497,0.402
1.7133522033691406,0.7367562123802609,0.0,0.032546290278716514,0.07901226199835056,0.402
1.7235221862792969,0.0,-1.4749287321830458,0.08498883604107946,0.10925287318470338,0.399
1.7337324619293213,0.0,-1.46910823117338,0.0734744564039541,0.0205617951747803,0.399
1.7439498901367188,0.0,0.0,0.04702143198499495,0.0383925983353502,0.399
1.7541372776031494,-0.7362044513094151,0.0,0.07319543759014668,0.055388130223702675,0.399
1.7643425464630127,0.0,0.0,0.05756818469322704,0.033819209186497445,0.399
1.7745158672332764,-0.7372224044996485,0.0,0.0456248274297993,0.04407250330570178,0.399
1.784731149673462,0.0,-0.7341940904635205,0.04227415297387406,0.03554347221578697,0.404
1.7949063777923584,0.0,0.0,0.017923819842441464,0.052209705055081046,0.404
1.8050765991210938,0.0,-0.7374470778535762,0.020564573798062487,0.10219392058825441,0.404
1.8152925968170166,0.0,-1.468285374221102,0.10867543019687914,0.0824742681324401,0.404
1.8254709243774414,0.0,-2.2105792790049423,0.06531170606532599,0.04406400585112644,0.401
1.8357267379760742,0.0,0.0,0.09997093086668422,0.04682057567117623,0.401
1.8459386825561523,0.0,-0.7344340679865521,0.041863009355797245,0.04736194703548023,0.401
1.8561434745788574,0.0,0.0,0.06689511122598091,0.06739235880865443,0.401
1.8665480613708496,-0.7208359303391384,-1.4416718606782768,0.03776466281733164,0.021706666281101836,0.401
1.8768436908721924,0.0,-1.4569288840515944,0.06356069984524784,0.14848179689101618,0.401
1.8870184421539307,-1.4742375105445684,0.0,0.012685983187212297,0.11519716098542554,0.4
1.8971898555755615,0.7373606488209647,-1.4747212976419295,0.09632194647275864,0.06860642507838005,0.4
1.9073681831359863,0.0,-0.7368597596683142,0.10261716919481777,0.01786535882168394,0.4
1.917602777481079,0.0,0.0,0.07442367194434388,-0.009443430361385171,0.4
1.9278268814086914,0.0,-0.7335606184268825,0.1032575310987387,0.10481507867132249,0.404
1.9380464553833008,-0.7338857782754759,-0.7338857782754759,0.13172427848281626,0.13864265740556042,0.404
1.9482982158660889,0.0,-0.7315816646898765,0.17351699806034743,0.07889246644561093,0.404
1.95847487449646,-1.473961203261175,0.0,0.13802051359638884,0.023693394649916058,0.404
1.9686951637268066,0.0,-0.7338344180838406,0.11080254530554828,0.0886066843742354,0.404
1.978879690170288,-0.7364112648360137,-0.7364112648360137,0.05348328093207358,0.0547898835099168,0.404
1.989058256149292,0.0,-0.7368424997657641,0.1035443220387804,0.016565776955903937,0.4
1.999267816543579,0.0,0.0,0.08828992135271459,0.07653572785903615,0.4
2.0095481872558594,0.0,-0.729545675920128,0.07875762349430251,0.1073859925662865,0.4
2.0197205543518066,0.0,-0.7372915201800028,0.09704538572717064,0.030762928663215096,0.4
2.029919385910034,0.0,-0.7353783575285784,0.03780761253877058,0.06977298643182751,0.401
2.04013729095459,-1.468011293370978,-1.468011293370978,0.12481951316418563,0.1022388350048218,0.401
2.0503649711608887,0.0,0.0,0.12655635377683594,0.03008377590607138,0.401
2.060551404953003,0.0,-1.4725467524868343,0.12305567317131524,0.043402885571287415,0.401
2.0708162784576416,-1.4612941886932689,0.0,0.08193375325102034,-0.01371795799234334,0.401
2.0810024738311768,0.0,-1.4725812189869862,0.16082613818954536,-0.013213923129712105,0.401
2.091235399246216,0.0,-0.7329282385834109,0.12354501814110823,0.01813712018460832,0.402
2.101447343826294,0.0,0.0,0.19163070541068877,0.070299278519424,0.402
2.1116912364959717,0.0,0.0,0.1295042360191105,0.04795887465836858,0.402
2.1218652725219727,-0.737170576242589,0.0,0.18441521471778385,0.039018195677929184,0.402
2.1320362091064453,0.0,-0.7373952180028129,0.13480251984669428,0.059234875702512624,0.401
2.1422154903411865,0.0,-1.4735814498184798,0.12703521885152164,0.054507429461860955,0.401
2.152400255203247,0.0,0.0,0.14002583075190295,0.01977593111602862,0.401
2.1627516746520996,-0.7245383144851095,-0.7245383144851095,0.10735634502587496,0.08801720609094957,0.401
2.172924757003784,-0.7372396822048793,0.0,0.08027937321756931,0.013266783122730406,0.401
2.1831018924713135,0.0,-1.473892142622874,0.1060831302490137,-0.025707656056961087,0.402
2.1933305263519287,-1.4664714931704814,0.0,0.11932613324002235,-0.05063909350587355,0.402
2.203511953353882,0.0,0.0,0.16946934195069707,-0.03657335670050574,0.402
2.213726043701172,0.0,-0.73427977871665,0.1199295099321642,0.0098913636326044,0.402
2.223909378051758,0.0,-0.7364974714365986,0.18684013388602766,0.01844300738232446,0.402
2.2340800762176514,0.0,-1.4748250076185565,0.17263148469903689,-0.036239644674446146,0.402
2.244279146194458,0.0,0.0,0.049085450309697985,0.04455140721070681,0.402
2.254559278488159,0.0,0.0,0.09721688609748161,0.03787997875615198,0.402
2.2647459506988525,-0.736256143800028,-0.736256143800028,0.08787549768313538,0.04927749487616924,0.402
2.274921178817749,0.0,-0.7370842120061858,0.09995105239413331,0.03210131890099598,0.402
2.285097122192383,-1.4740648063541153,-0.7370324031770576,0.1319003929236651,0.006978342065280398,0.401
2.295308828353882,0.0,-0.7344512152412972,0.17296600530700007,-0.017362803449694004,0.401
2.3054895401000977,0.0,0.0,0.2098462228217946,-0.007871507905762881,0.401
2.3157012462615967,0.0,0.0,0.2641728949721145,0.06809568341133769,0.401
2.3258755207061768,0.0,-0.7371533017762572,0.19789783286161672,0.03247486017852491,0.404
2.3360755443573,0.0,0.0,0.2463886719980184,0.04983525189323059,0.404
2.3462836742401123,0.0,-0.7347085201793722,0.24092968208723695,-0.015201741641648149,0.404
2.356490135192871,0.0,0.0,0.1764950782225445,0.07564636124851135,0.404
2.366685628890991,0.0,-0.7356191099782522,0.1517992197868551,-0.04724982167607341,0.404
2.376878023147583,-0.7358428070175438,0.0,0.19230389922486343,-0.02224266205214359,0.404
2.387056589126587,0.0,0.0,0.14388203543813366,-0.02156324160542909,0.398
2.3972325325012207,0.0,0.0,0.1642195811580997,0.000610963008947113,0.398
2.4074087142944336,0.0,0.0,0.2188258039514751,-0.07480651363169852,0.398
2.417626142501831,0.0,-0.7340399019950997,0.18937564684878236,-0.041896431900767445,0.398
2.427798271179199,0.0,0.0,0.20006857705664624,0.04940341915776708,0.403
2.4379689693450928,0.0,-0.7374125038092783,0.20558796117669598,0.04815148825777408,0.403
2.44814133644104,0.0,-0.7372915201800028,0.23552234730430424,0.11660461486306911,0.403
2.4583206176757812,0.7367907249092399,0.0,0.21095139093533893,0.028590393942018864,0.403
2.4684996604919434,-0.7368079823862838,-1.4736159647725675,0.24468792879405743,0.059890351018198285,0.403
2.478722333908081,0.0,0.0,0.2709180025178668,0.04982925456099309,0.403
2.488896131515503,-0.7371878515185601,0.0,0.25224281766669054,0.0749504112052747,0.402
2.4990696907043457,0.0,0.0,0.21427275145333247,0.08139495420984703,0.402
2.5092921257019043,-0.7336803806325216,-0.7336803806325216,0.2117112374347212,0.05000958305849235,0.402
2.5195693969726562,0.7297656938709228,-0.7297656938709228,0.20975399540775316,0.11300615602492553,0.402
2.529738426208496,0.0,0.0,0.169844620517572,0.05518839924053982,0.401
2.539921283721924,0.0,-0.7365319597284008,0.2438072503342061,0.03582427887385253,0.401
2.550097703933716,0.0,-0.7369978680036549,0.2363150695892943,-0.03508164471336446,0.401
2.560311794281006,0.0,0.0,0.20036921377534173,0.00033004291271642935,0.401
2.570507287979126,-0.7356191099782522,0.0,0.2452974298928844,-0.07426584343521991,0.401
2.5807409286499023,0.7328770123243948,0.0,0.3137656197108308,-0.024167321754592637,0.401
2.590956211090088,-0.7341940904635205,0.0,0.34680224603923104,-0.04674419837859992,0.396
2.601238489151001,0.0,0.0,0.33507680349853586,0.015214588370517628,0.396
2.6114301681518555,0.0,0.0,0.2872306719035405,0.04978201706985648,0.396
2.6216039657592773,0.0,0.0,0.31208585907892117,0.03336322768605902,0.396
2.6317758560180664,0.0,0.0,0.25034863491172465,-0.005103132036138689,0.399
2.6419475078582764,0.0,0.0,0.2507273716100912,-0.005190340800339059,0.399
2.6521244049072266,0.0,0.0,0.28315031528480716,0.10720588758788663,0.399
2.6623003482818604,0.0,0.0,0.21741094916675696,0.10669871790580754,0.399
2.672522783279419,0.0,0.0,0.2535677591984446,0.10476498314019696,0.399
2.6827385425567627,0.0,0.0,0.32815087493304534,0.08829966479232575,0.398
2.6929268836975098,0.0,0.0,0.270096813699653,0.10586413463501271,0.398
2.703099250793457,0.0,0.0,0.24588253603006505,0.13349358110051165,0.398
2.713318347930908,0.0,0.7339200223974616,0.25062762754722334,0.03380375844577298,0.398
2.723496675491333,0.0,0.0,0.23810380056810532,0.05831524309077217,0.401
2.733713150024414,0.0,0.734108422207183,0.30762352117149955,0.007030465518583509,0.401
2.743910551071167,0.0,0.7354815178508802,0.3433064430962349,8.589311359364846e-05,0.401
2.75409197807312,0.7366354439865118,0.0,0.3734079851042932,0.017705516759775657,0.401
2.764328718185425,0.0,0.0,0.3725834149641698,-0.02133634427115426,0.401
2.7746384143829346,0.0,0.0,0.37813668564235403,0.03556401027913839,0.401
2.784855842590332,0.0,0.0,0.3580246771927791,0.022635206209267275,0.398
2.795027732849121,0.0,0.73732608288018,0.28382260074280646,0.016011832985988347,0.398
2.8052053451538086,-0.7369115442278861,0.7369115442278861,0.3328568964914985,0.032660371284557635,0.398
2.815382480621338,0.0,0.0,0.30019231057639234,-0.008384082963406326,0.398
2.825554132461548,0.0,0.737343365445468,0.3022865453572986,0.032021861519563724,0.401
2.8357691764831543,0.0,0.734211226514179,0.276157718930106,0.0473353226533722,0.401
2.846029281616211,0.0,0.7309866617093461,0.22061736899478204,0.0537999010311821,0.401
2.856239080429077,0.0,0.0,0.2907999572441985,0.05201967778723315,0.401
2.8664488792419434,0.0,0.734588422109614,0.3315255600156797,-0.05580330141727176,0.401
2.876636028289795,0.0,1.4724433626661673,0.3330411430690513,0.029653056515674885,0.401
2.886838674545288,-0.7351034047624612,0.0,0.31579529656992433,0.031783476852700984,0.402
2.897017478942871,0.0,1.4736504813435458,0.29231344950511673,0.06328941930578513,0.402
2.907196044921875,0.0,1.4736849995315282,0.23702577846555628,0.05322194254415355,0.402
2.9174158573150635,-0.7338686574128076,0.0,0.24423905283806652,0.01225045777223065,0.402
2.927640676498413,0.0,1.4670186074709695,0.2492266951108693,0.09816991279486247,0.401
2.937936544418335,0.0,0.0,0.21818372876372838,0.06379149892619163,0.401
2.948122262954712,0.0,0.0,0.25378795441098295,0.07660675355717056,0.401
2.9583065509796143,0.0,0.7364285045416237,0.3045101943772553,0.002566996705746432,0.401
2.968594551086426,0.0,1.4580093161224537,0.28945082942869893,0.08483520246366516,0.401
2.978773355484009,0.0,0.7368252406717729,0.3035950752577389,-0.000751017041245236,0.401
2.9889471530914307,0.0,0.0,0.2470014375869088,0.027629620005836034,0.399
2.999133825302124,-0.736256143800028,0.736256143800028,0.2581389248980391,-0.01794977392330509,0.399
3.0093071460723877,-0.7372224044996485,1.474444808999297,0.2718394310346415,-0.000795352333154857,0.399
3.019585371017456,0.7296979819067502,0.7296979819067502,0.3186971537823261,0.027860223706281592,0.399
3.029755115509033,0.0,0.7374816551400774,0.2631609481663972,0.017787556509655335,0.397
3.039931535720825,-0.7369978680036549,0.7369978680036549,0.31468763021675683,0.008819719681519213,0.397
3.0501105785369873,0.0,0.0,0.29449065128562013,-0.006468591631638699,0.397
3.060391664505005,0.0,0.7294949213858355,0.15870211522770686,0.002930556622113903,0.397
3.0706191062927246,0.0,1.4666424225470311,0.2031540195973106,0.013493941158664952,0.397
3.080845832824707,0.7333724996503007,0.7333724996503007,0.19443577022083033,0.020328939568135678,0.397
3.0910391807556152,0.0,0.7357739626701595,0.19443577022083033,0.020328939568135678,0.401
3.1012611389160156,0.0,2.2011438167654056,0.16901252904999206,-0.013063738405410016,0.401
3.1114742755889893,-0.7343483437215491,0.7343483437215491,0.24622476232104012,0.008728688001072439,0.401
3.1216988563537598,0.0,0.0,0.268256528196796,-0.041096901287125225,0.401
3.1318726539611816,0.0,0.7371878515185601,0.18926216330900497,-0.0667694425843341,0.401
3.1420469284057617,0.0,0.0,0.19918275575233835,-0.05936374693519625,0.401
3.152235746383667,0.0,0.0,0.22748410289507903,-0.03461405088429566,0.401
3.162418842315674,0.7365147151787595,0.0,0.22537448745897143,0.04556629994738193,0.401
3.1725916862487793,0.0,0.7372569607199775,0.22392797911279994,0.03264867811366415,0.401
3.1828200817108154,0.0,0.7332528379291857,0.2421429700568003,-0.014694380068008408,0.397
3.192997694015503,-0.7369115442278861,0.7369115442278861,0.24428103877559873,0.0527961924146236,0.397
3.2031726837158203,0.0,0.0,0.30777356470470324,0.008087685758364598,0.397
3.213369846343994,0.0,0.7354987140519055,0.299007625194666,-0.02821684395062997,0.397
3.2236125469207764,0.0,0.0,0.2876363673197029,0.08810269275853336,0.399
3.233797550201416,0.0,1.472753575692315,0.2753149131736379,0.06531856548729689,0.399
3.2439751625061035,0.7369115442278861,0.7369115442278861,0.2073012434067772,0.0632010882147884,0.399
3.254148483276367,0.0,0.0,0.28121374322015025,0.13393539007590655,0.399
3.2643675804138184,0.0,1.4678400447949231,0.3043282844508133,-0.019539376096683585,0.399
3.2746307849884033,0.0,0.0,0.35044455600795504,0.022841060854422324,0.399
3.2848117351531982,0.0,0.7366699452016299,0.3951877236490629,0.057695447850448583,0.401
3.294982671737671,0.0,1.4747904360056259,0.2459395251001627,0.11145406115438461,0.401
3.3051698207855225,0.0,0.0,0.21280879963418997,0.14908953033594452,0.401
3.3153774738311768,0.7347428411267343,0.0,0.23702725490775678,0.06081499601404357,0.401
3.325577974319458,0.0,1.4705160807778608,0.2514651830051243,0.050245459706440135,0.4
3.335749387741089,0.0,1.4747212976419295,0.3092148455332212,0.06267047841116269,0.4
3.3459460735321045,-0.7355331088664422,0.7355331088664422,0.29273378763958247,0.05031060779511473,0.4
3.356149673461914,0.0,0.7350346986938336,0.25718868119097454,0.11516451122149164,0.4
3.3663809299468994,0.7330477943746649,0.0,0.28851108941654446,0.06018518245630121,0.4
3.3765618801116943,0.0,0.7366699452016299,0.23301123991822137,0.08272107039599076,0.4
3.386737108230591,0.0,0.7370842120061858,0.19730462936146698,0.13595016204525456,0.396
3.396907091140747,0.0,0.7374643660915229,0.205466153100555,0.09986977968479269,0.396
3.4070732593536377,0.0,0.7377410881801125,0.3167636336065799,0.053292804576325084,0.396
3.4172401428222656,0.0,0.0,0.35012346374286585,0.03929866815835283,0.396
3.4274117946624756,0.0,0.737343365445468,0.25493999976825216,0.01900064649408625,0.399
3.4375786781311035,0.7376891869708979,1.4753783739417958,0.3513757834129435,0.09349187093516742,0.399
3.4477415084838867,0.0,1.4759667808379862,0.2477198479455207,0.03166245849461965,0.399
3.457906484603882,0.0,1.4756552128532896,0.25997460334983014,0.06983595984853405,0.399
3.4680917263031006,0.0,0.0,0.27949563979546027,0.031396928724571026,0.399
3.4782652854919434,0.7372051276042276,0.0,0.22209028260772307,0.1232304474572762,0.399
3.488436698913574,-0.7373606488209647,2.949442595283859,0.2687395445625115,0.1365396793174519,0.399
3.498609781265259,0.0,0.7372396822048793,0.30243949544545745,0.15471798468751674,0.399
3.5087740421295166,0.0,0.7378795271157815,0.2581391528468394,0.07539418957429142,0.399
3.5189390182495117,0.0,2.213482819279934,0.2946704373592246,0.08163421793626328,0.399
3.529102325439453,0.0,0.7379487660692502,0.2728633783736143,-0.008381844343909524,0.399
3.539268732070923,0.0,0.7377237869655965,0.3074581367715441,0.042403960486420464,0.399
3.549433708190918,-0.7378276064266448,2.213482819279934,0.26059712445655686,0.06613896553871951,0.399
3.5595993995666504,0.0,0.7377756930437638,0.2548148953538547,0.06382687932079954,0.399
3.5697755813598633,0.0,0.7370151351857925,0.22998846224791236,0.14272101663604492,0.399
3.579955577850342,0.0,1.473477914656424,0.19038918076885192,0.10960281574968042,0.399
3.5901730060577393,0.0,1.4680798039901994,0.24858597780709354,0.07741493036171465,0.402
3.6003692150115967,-0.7355675068980031,0.0,0.31968305677002296,0.08192768691312254,0.402
3.6105918884277344,0.0,1.467326538703734,0.2722198565996169,0.1408811350319299,0.402
3.620781660079956,0.0,0.7360321954187042,0.31549024338144593,0.10619482174097691,0.402
3.630948305130005,0.0,0.7377064865625439,0.3038698967674829,0.08218966123552542,0.401
3.6411173343658447,0.0,1.4750670542999156,0.2842469338466883,0.0761175175433549,0.401
3.6512832641601562,0.0,2.9510335608245972,0.18536468462663833,0.13183906129748255,0.401
3.661454677581787,0.0,0.0,0.24567167729946873,0.15753871854338422,0.401
3.6717147827148438,-0.7309866617093461,1.4619733234186922,0.24453663774214524,0.04692552477456465,0.401
3.6818861961364746,0.0,0.7373606488209647,0.26010866344086575,0.06708056098590709,0.401
3.6920530796051025,0.0,1.4753783739417958,0.2751223842127931,0.06743458075192522,0.401
3.7022225856781006,-0.7374989449992967,0.0,0.2703060842993005,0.05124794178597289,0.401
3.712411880493164,0.7360666401478811,1.4721332802957623,0.2879829762143271,0.06688823203116138,0.401
3.722576141357422,0.0,0.7378795271157815,0.2237967710171911,0.03998966037676978,0.403
3.7327425479888916,0.0,0.7377237869655965,0.2598149276942936,0.08960761641314083,0.403
3.742908000946045,0.0,0.7377929966930131,0.22527743248025744,0.1079785644527043,0.403
3.7530741691589355,-0.7377410881801125,1.475482176360225,0.1962171102832689,0.11037031721953536,0.403
3.7632458209991455,0.0,2.2120300963364037,0.2150672267820442,0.056848375029141404,0.403
3.7734310626983643,0.0,0.7363595505617977,0.21787520554273285,0.08089084403939556,0.403
3.7836015224456787,0.0,0.7374297904261803,0.2604478673138437,0.0715397259386886,0.399
3.79376482963562,0.0,2.2138462982077507,0.2807781103935928,0.01915552387242856,0.399
3.8039298057556152,-0.7378276064266448,0.0,0.22598485184894618,-0.013886785033855075,0.399
3.8140976428985596,0.0,2.2128599901517103,0.25426344624799707,0.038243374192704044,0.399
3.824265241622925,0.0,0.7376372930638277,0.21615059369005624,0.06486757547234032,0.397
3.834439754486084,0.0,0.0,0.18049493876694342,0.06752356186192884,0.397
3.8446109294891357,0.0,2.9495117320269095,0.1085954129085549,0.042267232872823315,0.397
3.8548223972320557,0.0,0.7344683632967546,0.1727333636755427,0.04993309266226323,0.397
3.865039825439453,0.0,2.936159607980399,0.21576253152852143,0.048007780375042906,0.397
3.8752424716949463,0.0,0.7351034047624612,0.2849050477412559,0.10662786619673456,0.397
3.88543438911438,0.0,0.7358772340226443,0.23404178528087152,0.06230896213948994,0.4
3.895606756210327,-1.4745830403600055,2.949166080720011,0.15140324271695715,0.013567613505214942,0.4
3.905776023864746,0.7375162356692377,0.7375162356692377,0.19333739009988354,0.0484751927284896,0.4
3.9159531593322754,-0.736946071311437,2.210838213934311,0.20007188886599103,-0.002174037513588665,0.4
3.926189661026001,0.7326721788750437,0.7326721788750437,0.12186161789074272,0.06413835384960781,0.4
3.9364430904388428,0.0,0.731462586615821,0.14299539882218137,0.08435870762800311,0.4
3.9466288089752197,0.0,2.2089752352417955,0.07108870867597859,0.04484217134649942,0.4
3.956801176071167,0.0,0.7372915201800028,0.14736699200264772,0.019128687382671636,0.4
3.966982364654541,-0.7366526941901037,0.0,0.15303284310122703,-0.044630632938803386,0.4
3.977153778076172,0.0,2.949442595283859,0.11168109760566552,0.045447712439483444,0.4
3.9873764514923096,0.733663269351867,1.467326538703734,0.17038743178214638,0.03494024314545134,0.399
3.9975733757019043,-0.735515911057074,1.471031822114148,0.13653792937367498,-0.007215568244072488,0.399
4.007745981216431,0.7372742400449996,1.4745484800899993,0.154567580302212,0.0039197380622196555,0.399
4.017910718917847,-0.7378449125111413,0.0,0.06119257954042596,0.0717504054519575,0.399
4.028076410293579,0.0,2.2133270791312913,0.11429746959378133,0.11185415825266384,0.404
4.038240671157837,0.0,1.475759054231563,0.1209395740415858,0.025804916131152964,0.404
4.048447608947754,0.0,1.4695886571208334,0.08831595511215225,0.04329289494213103,0.404
4.0586159229278564,0.0,1.4751708129147225,0.02637990802371537,0.03031291670523412,0.404
4.068788766860962,0.0,1.474513921439955,0.013007906517116807,-0.002220012054075099,0.404
4.078973770141602,0.0,2.94550715138463,0.06929679787115717,-0.004232514939239242,0.404
4.089227676391602,0.0,1.4628571428571429,0.09367903537668198,0.09000248533674474,0.397
4.0994439125061035,0.7341255542590431,1.4682511085180863,0.1386944813854757,0.05453185133725159,0.397
4.109614372253418,-0.7374297904261803,0.0,0.10921566743817374,0.10051926005996713,0.397
4.119807720184326,0.0,0.7357739626701595,0.06623939209046478,0.03703118971298924,0.397
4.129974603652954,0.0,2.2130675609126937,0.03733654487198332,0.05697115753160453,0.4
4.140138864517212,0.0,0.7378795271157815,0.05809484385816084,0.030510506860136986,0.4
4.150302171707153,0.0,0.7379487660692502,0.0380790562741984,0.024735372942563484,0.4
4.160479784011841,0.0,1.4738230884557721,0.0398575826235989,0.06069485308408524,0.4
4.170653581619263,0.0,0.0,0.04720807476564658,0.03769646031415366,0.4
4.180820465087891,0.0,2.2130675609126937,0.009825481288562754,0.04045662074071373,0.4
4.1909873485565186,0.7376891869708979,0.0,0.009825481288562754,0.04045662074071373,0.403
4.2011637687683105,0.0,1.4739957360073097,0.027806126419227264,0.029250550549539324,0.403
4.21134614944458,0.0,1.4731329025007023,0.04441084252475033,0.08816781055800842,0.403
4.221531391143799,-0.7363595505617977,1.4727191011235954,0.006312820833267979,0.07721220488727598,0.403
4.2316999435424805,0.0,2.2127043376318873,0.04940086156928582,0.09764851515607705,0.4
4.241876840591431,0.0,0.7369633360665339,0.029316421257281386,0.09981610493584905,0.4
4.252037763595581,0.0,0.7381219203153597,-0.022724342714704623,0.029168408225098745,0.4
4.26219916343689,0.0,2.214261848897231,-0.0727349034543173,0.04223279869562456,0.4
4.272416591644287,0.0,1.4680798039901994,0.015296803256116237,0.05398316802686292,0.4
4.282653331756592,0.0,1.4653102291783118,-0.025426375591743086,0.05502447687122728,0.401
4.292826890945435,0.0,0.7372051276042276,-0.051739501837341134,0.11283223359816714,0.401
4.303001880645752,-0.7371014832345291,1.4742029664690581,-0.040975963528221235,0.10802058858780632,0.401
4.3131794929504395,0.0,1.4738230884557721,-0.06277620146259467,0.08752854829654791,0.401
4.32341194152832,0.0,1.46592478680274,-0.058003459520553594,0.006964845884500765,0.402
4.333603858947754,0.0,0.7358772340226443,-0.033880913946545826,0.0356994242862618,0.402
4.343777894973755,0.0,0.737170576242589,-0.07523650642136231,0.017514063799571752,0.402
4.353959560394287,0.0,0.7366181945907972,0.014603519233844425,0.03155061784829263,0.402
4.364163875579834,0.0,1.469966355140187,-0.02703110518869542,0.07371302262889326,0.402
4.374420881271362,0.0,1.4624150996025196,-0.08010622262658045,0.14002385674014464,0.402
4.384624719619751,0.0,0.0,-0.09981536021590778,0.1196463843827342,0.401
4.394874811172485,0.0,0.7317007815407517,-0.1266986016934194,0.1465856469376576,0.401
4.405048131942749,0.0,1.474444808999297,-0.10996997276794657,0.15239424100130705,0.401
4.415219783782959,0.0,1.474686730890936,-0.12658404097109105,0.11582111471334498,0.401
4.425407648086548,0.0,0.7361699936814022,-0.03492104510298916,0.06635554402429879,0.399
4.43563175201416,1.467121236853765,0.7335606184268825,-0.051739541809134815,0.07128333904525241,0.399
4.445803165435791,0.0,0.7373606488209647,-0.10779265674507518,0.06826685384139551,0.399
4.455974817276001,-0.737343365445468,2.2120300963364037,-0.10828494668896095,0.031884868374794685,0.399
4.466147184371948,0.0,0.0,-0.07823194143251783,0.11568880197592693,0.399
4.476323366165161,0.0,1.474030270371585,-0.08020601978210375,0.07219053224337864,0.399
4.48651123046875,0.0,1.4723399873628045,-0.06804091923146904,0.1478141353479046,0.402
4.496680736541748,0.0,0.7374989449992967,-0.14687553291674876,0.11375592153440486,0.402
4.506864547729492,0.0,0.7364629863744908,-0.1081394759702295,0.13469030326556083,0.402
4.517035961151123,0.0,0.0,-0.07650611196771648,0.08577177418324812,0.402
4.527208089828491,0.0,1.4746176022500879,-0.08636008976984769,0.08981640555857318,0.397
4.537423372268677,0.0,1.468388180927041,-0.12443203442862469,0.1210259440683651,0.397
4.547672271728516,0.0,1.4635717775141321,-0.2081211944647742,0.06361497723944105,0.397
4.557845592498779,0.0,0.7372224044996485,-0.18418078999078086,0.12313864553513951,0.397
4.568023204803467,0.0,0.7369115442278861,-0.20227549190446006,0.07455150723837428,0.397
4.578207969665527,0.0,1.4727880518750878,-0.19452656254938966,0.112946124346202,0.397
4.588483810424805,0.0,1.4597345707656613,-0.11896950723232627,0.08149943343526131,0.397
4.598661184310913,0.0,0.0,-0.11947967757168901,0.1130988216276892,0.397
4.608835697174072,0.0,0.7371360281195078,-0.12172125623120583,0.08272128541400475,0.397
4.619010925292969,0.0,1.4741684240123716,-0.1500539301587168,0.04635008587271169,0.397
4.629215955734253,0.0,0.0,-0.10629362258972588,0.06337612751437607,0.4
4.639421463012695,0.0,1.4697946501576917,-0.14041809317413928,0.14255673897295898,0.4
4.649609327316284,0.0,0.7361699936814022,-0.14916004927211404,0.08267502900857944,0.4
4.6597795486450195,-0.7374470778535762,0.7374470778535762,-0.1776718671919632,0.049938984942894345,0.4
4.669955492019653,-0.7370324031770576,0.7370324031770576,-0.27954035278861816,0.13102964617438387,0.4
4.680124282836914,0.0,0.7375508194415137,-0.20146732263135558,0.14281847133461018,0.4
4.69029974937439,0.0,0.0,-0.18754279685312386,0.05426210539283437,0.397
4.7006096839904785,0.0,0.727453691927017,-0.22123093832071256,0.07716951042458955,0.397
4.710790395736694,0.0,0.736687197021147,-0.26387718042092445,0.056728754021008125,0.397
4.720945358276367,0.0,0.0,-0.22015804190206256,0.10243499781511181,0.397
4.731095790863037,0.0,0.7388847653497439,-0.25258881924396215,0.028445655029400056,0.4
4.741252183914185,0.0,0.738451137350642,-0.2591069103529826,0.030591262763161077,0.4
4.751446008682251,0.0,0.0,-0.23611936143564893,0.07597125593810905,0.4
4.761665344238281,0.0,1.4678057998740173,-0.2563367334193136,0.12254998884243076,0.4
4.771845579147339,-0.7367217030843813,0.0,-0.19943226347217546,0.14618653486326563,0.4
4.782026052474976,-0.736704449648712,0.736704449648712,-0.25013224675288565,0.06620398330687016,0.4
4.7921977043151855,0.0,0.737343365445468,-0.25013224675288565,0.06620398330687016,0.4
4.802449941635132,-0.7315476384270133,0.0,-0.18776861948832935,0.018503593887811195,0.4
4.812664985656738,0.0,0.0,-0.2506492373521816,0.0958449790592017,0.4
4.822887897491455,0.0,0.7336461588693503,-0.25523610339609437,0.052581605727986,0.399
4.833060264587402,0.0,0.0,-0.2855292098475916,0.10135798857150367,0.399
4.843231678009033,0.0,0.0,-0.2168664645938158,0.11914879832429524,0.399
4.8534393310546875,0.0,0.0,-0.20471561864279889,0.10005729290184281,0.399
4.863636255264282,-0.735515911057074,0.0,-0.16389799674370165,0.07923412084354531,0.399
4.873846054077148,0.0,0.0,-0.21792382634911178,0.07744523392973887,0.399
4.88405442237854,0.0,0.0,-0.28395559960630745,0.0881651423105347,0.398
4.894240856170654,0.0,0.0,-0.25279237995079573,0.10224902595403526,0.398
4.90449070930481,0.0,-0.7317178014002931,-0.30817920149788863,0.093957231599508,0.398
4.915241003036499,0.0,0.0,-0.3624072368534568,0.11320549826805194,0.398
4.925619125366211,0.0,0.0,-0.1677724880839643,0.0769051714211565,0.4
4.935941219329834,0.0,0.0,-0.18285395352897899,0.037461574230003424,0.4
4.9462738037109375,0.0,0.0,-0.12890558512377687,0.07067360097289518,0.4
4.956520318984985,-0.7319561625985992,0.0,-0.206274921347078,0.04551733031287147,0.4
4.9667322635650635,0.0,-0.7344340679865521,-0.29506380092003714,0.04506712626738006,0.4
4.976912021636963,-0.7367562123802609,0.0,-0.28665120331233523,0.0387940271705362,0.4
4.987086296081543,0.0,0.0,-0.28943749560685367,-0.0034674499398658874,0.399
4.997259140014648,0.0,-0.7372569607199775,-0.32303217792783434,0.03704336869054024,0.399
5.007503271102905,0.7321265156980938,0.0,-0.3156101037515664,0.06347183060803192,0.399
5.017685890197754,-0.7365492050855791,0.0,-0.30075687416323793,0.04861534068076878,0.399
5.027856826782227,0.0,0.0,-0.29104381804576074,0.09360102554547732,0.401
5.0380353927612305,0.0,-0.7368424997657641,-0.27236146774363235,-0.00733674883366605,0.401
5.048214673995972,0.0,-1.4735814498184798,-0.2543709805765924,0.0783564246453276,0.401
5.058456659317017,0.0,-0.7322799012989432,-0.2262655185238234,0.081559508703872,0.401
5.068654775619507,0.0,0.0,-0.26632163493176925,0.026686265440217516,0.401
5.078858375549316,0.0,-1.4700693973876673,-0.16783548524258282,0.07444960360917773,0.401
5.089047908782959,-0.7360494173803173,-1.4720988347606345,-0.2521402878806215,0.011896106294727544,0.4
5.099282264709473,0.0,-1.465651586451102,-0.3325742107379913,0.01663045622870428,0.4
5.109577417373657,0.0,-0.7284981820708182,-0.19898811104481695,0.049961735138120134,0.4
5.119757413864136,0.0,0.0,-0.1689360929382508,0.029346932772298513,0.4
5.129969596862793,0.0,0.0,-0.1895963660846644,0.02428299858454744,0.4
5.1401519775390625,0.0,-1.4731329025007023,-0.18724340159329933,0.0680271530620804,0.4
5.150332927703857,-0.7366699452016299,0.0,-0.21822198343255664,-0.0007795349705336727,0.4
5.160660743713379,0.7261941917909414,-0.7261941917909414,-0.2810061969787078,0.09551710508665816,0.4
5.170868396759033,0.0,-0.7347428411267343,-0.250950413900206,0.00641930317603652,0.4
5.181044340133667,0.0,-0.7370324031770576,-0.24849139304576465,0.0011731072557510658,0.4
5.191221714019775,-0.73692880736524,-0.73692880736524,-0.2328569812508921,0.052856094367684354,0.395
5.2014124393463135,0.0,0.0,-0.20964576716659872,0.039746817391290004,0.395
5.211711883544922,0.0,0.0,-0.21602180006051258,0.0027799747213336605,0.395
5.221883058547974,0.0,-2.212133799020182,-0.2703836379531623,-0.003274953173817839,0.395
5.23205828666687,0.0,0.0,-0.2832708123843913,0.016699000475499114,0.402
5.242230415344238,0.0,-0.7373088011250439,-0.28166393293386116,0.02187398253511119,0.402
5.252481460571289,0.0,-1.4632654200390733,-0.2704554439955859,0.07452430222086673,0.402
5.262673854827881,0.0,-0.7358428070175438,-0.19494433167525216,0.03713354624213472,0.402
5.272853851318359,0.0,-0.736738957328212,-0.1905648531786615,0.02080755925829351,0.402
5.283026933670044,0.0,-2.9489587288195174,-0.21016022310632906,-0.07066222876835365,0.401
5.29321026802063,0.0,-0.7364974714365986,-0.20566832905197183,-0.020647295388791,0.401
5.303422451019287,0.0,-2.20325076459739,-0.08755860087311787,0.027394541143375684,0.401
5.313643932342529,0.7337488337376376,0.0,-0.11987511621835842,0.011629954995970904,0.401
5.323831796646118,0.0,-0.7361699936814022,-0.15638271811947393,0.036514259324035035,0.396
5.334010601043701,0.0,-0.7368252406717729,-0.12234093989117378,0.1300307116019398,0.396
5.344187498092651,0.0,-0.7369633360665339,-0.14485644989721197,0.0856476543289015,0.396
5.35436749458313,0.0,-1.473477914656424,-0.1844973697170108,0.03502677836171307,0.396
5.364620208740234,0.0,-1.463027230658326,-0.14707945613423942,0.09920855664277853,0.396
5.374837160110474,-0.7340741605021819,0.0,-0.15418250014790322,0.0927856976212098,0.396
5.3850531578063965,0.0,-0.734142687110551,-0.22604064795827547,0.09278833042732408,0.401
5.395253658294678,0.0,-1.4705160807778608,-0.2126091881243471,0.08827542495430661,0.401
5.405467510223389,0.0,-1.468593837535014,-0.26025120417059744,0.033551967898741084,0.401
5.415663480758667,0.0,0.0,-0.25509496436843254,-0.022879777445125662,0.401
5.425841331481934,0.0,0.0,-0.16891055636116656,0.04821272781358921,0.398
5.4360198974609375,0.0,-2.9473699990630564,-0.1967129272955788,0.013930621358645916,0.398
5.446200847625732,0.0,-0.7366699452016299,-0.14957324906247793,0.08720883254892725,0.398
5.4563820362091064,0.0,-2.2099580825703113,-0.11800799125469327,0.06389819104790977,0.398
5.466626882553101,0.7320754014428671,-1.4641508028857342,-0.16470385974453533,0.06935955700902142,0.398
5.476801872253418,0.0,-2.2113044497035874,-0.09297841545251347,0.054087392842483886,0.398
5.48699426651001,-0.7358428070175438,-3.6792140350877194,-0.16211324323821222,-0.008326755629835089,0.4
5.497169256210327,0.0,-1.4742029664690581,-0.19532899312548963,0.07308140967752132,0.4
5.507344961166382,0.737049671977507,-1.474099343955014,-0.12942421718851446,0.09164374479238918,0.4
5.517570972442627,0.0,-0.7334237952017906,-0.11927048358910855,0.0655616655881296,0.4
5.527778387069702,0.0,-0.7347600028028869,-0.12588035980921514,0.047312763428863924,0.401
5.537952661514282,-0.7371533017762572,-1.4743066035525143,-0.08268420022777088,0.1299282476627633,0.401
5.548129558563232,0.7369633360665339,-0.7369633360665339,-0.08428884102735235,0.061337514842079346,0.401
5.558310270309448,0.0,-0.736687197021147,-0.1193199528389289,0.02749348919852639,0.401
5.568609952926636,-0.7281777777777777,-1.4563555555555554,-0.1313093035276584,0.04644913813938317,0.401
5.578833103179932,0.7336290491849157,0.0,-0.1671667577375513,0.03261499171115008,0.401
5.5890302658081055,-0.7354987140519055,-0.7354987140519055,-0.10428176759614141,0.07147894755373806,0.401
5.599248886108398,0.7339542697153523,-2.201862809146057,-0.13371592774380506,0.03138826457007786,0.401
5.609474420547485,0.0,-0.7334579962228077,-0.14348438330982283,0.11891864884344445,0.401
5.619669675827026,0.0,-1.4712726252280062,-0.1625625371140187,0.10869579743365493,0.401
5.629852771759033,0.0,-0.7365147151787595,-0.19602446452324562,0.1078840904581947,0.4
5.640076160430908,0.0,-1.4672238805970148,-0.11610435481468454,0.09814282820722174,0.4
5.650260925292969,0.0,-1.4727880518750878,-0.12019932405394335,0.005386959965481232,0.4
5.660521507263184,0.0,-1.4619053815410354,-0.05496760707101027,0.07057812053112815,0.4
5.670718431472778,0.0,-2.942063644228296,-0.0419514611060135,0.08026196849509032,0.4
5.68090033531189,0.7366009460029036,-1.4732018920058072,-0.07381765723893441,0.0224438283435933,0.4
5.69107723236084,0.0,-4.421780016399203,-0.07381765723893441,0.0224438283435933,0.404
5.70125412940979,0.0,-2.2108900081996015,-0.12256054416290099,0.08726716491916452,0.404
5.711435079574585,0.0,0.0,-0.012290680423216092,0.025378877468782965,0.404
5.721667289733887,0.0,-2.198938416012303,-0.011111646528463623,0.04834184026328023,0.404
5.731839418411255,0.0,-0.7373088011250439,-0.04648257171709909,0.1589299621121408,0.403
5.742014408111572,0.0,-0.7371014832345291,-0.0652475642895198,0.1538466493945543,0.403
5.752199649810791,0.0,-1.4727191011235954,-0.13067309679969152,0.034140561640744874,0.403
5.762376546859741,0.0,-1.4739266721330677,-0.04709725764123057,0.03781026310347525,0.403
5.77269172668457,0.7270837859701837,-1.4541675719403675,-0.013409533354848582,0.05598494074161359,0.403
5.782981872558594,0.0,0.0,-0.09516879096328545,0.13050221516258817,0.404
5.793182373046875,0.0,-2.9410321615557216,-0.11669244165264875,0.012810911469761125,0.404
5.803357362747192,-0.7371014832345291,-0.7371014832345291,-0.11170120091610164,0.03845422094434546,0.404
5.813602924346924,0.0,-2.9280971772973725,-0.07518130837591312,0.05484836209500987,0.404
5.823775768280029,0.0,-0.7372569607199775,-0.09225161506090485,0.08918946872674283,0.398
5.8339524269104,0.7369806016305875,-1.473961203261175,-0.12682891657469192,0.07081069358947306,0.398
5.844125986099243,0.0,-1.4744102552084553,-0.1802110805351851,0.04856354483921184,0.398
5.8542985916137695,0.0,-2.211822720134999,-0.1478950386704767,0.08052689606597063,0.398
5.864515781402588,0.0,-1.4681140616978579,-0.10112322917494578,-0.03298064446181155,0.398
5.8747522830963135,0.0,-0.7326721788750437,-0.0942075617538716,-0.02403485054814187,0.398
5.884950876235962,0.0,-2.2061866467177857,-0.03631339450026955,0.1296686362624019,0.397
5.895151853561401,0.0,-2.205671013883046,-0.05552241395986876,0.08114179621105941,0.397
5.905344009399414,1.4717200402348591,-1.4717200402348591,-0.12819588260064607,0.18724835398775358,0.397
5.915589809417725,0.0,-2.1960217806115323,-0.05234399020330442,0.12730739986832315,0.397
5.925814390182495,0.0,0.0,-0.1688378363771481,0.051303620826705094,0.399
5.936040163040161,0.0,-1.4668817906271858,-0.12149082004531066,0.05224056173100686,0.399
5.946239471435547,0.0,-2.206031931555202,0.020111537085523476,0.06766659867814534,0.399
5.956497669219971,0.0,-1.462245154092874,0.01929010881660906,0.08609189863710232,0.399
5.966727018356323,0.0,-2.1995534320009322,0.011331931652669908,0.16575937553467274,0.399
5.9769127368927,0.0,-1.4726501568278638,0.008220781714708372,0.11576876976928087,0.399
5.98710036277771,0.0,-0.7361872220922069,-0.030109823656556962,0.1108018242008131,0.395
5.997276782989502,0.0,-2.2109936040109646,-0.07631303716235277,0.08435695141608215,0.395
6.007492780685425,0.734142687110551,-2.202428061331653,-0.07844162324299198,0.1695886912593547,0.395
6.017683267593384,0.0,-1.4719610687380094,-0.06975172606115662,0.14285506797112152,0.395
6.027859926223755,0.0,-2.2109418048917626,-0.01713452775840738,0.08126504257737562,0.398
6.038034677505493,-0.7371187552722842,-1.4742375105445684,0.11513608790674616,0.09578666542632656,0.398
6.048228740692139,0.735722337862806,-2.942889351451224,0.10787660439438991,0.04587347001019164,0.398
6.058455228805542,0.0,-4.400337584221202,0.24549626592004717,0.053045491666775274,0.398
6.068646669387817,0.0,-3.6795583212464322,0.1413806535234824,0.03218294245984163,0.398
6.078855276107788,0.0,-8.081416226820496,0.3271087219192907,0.11786520163792658,0.398
6.089103698730469,0.7318199371873909,-2.9272797487495636,0.4062227876109179,0.19083300693245897,0.4
6.099299192428589,0.0,-5.884952879826018,0.6455971762378849,0.1321306658490726,0.4
6.109614372253418,0.0,-2.908335143880735,0.5168184239924264,0.20213038687684706,0.4
6.119793891906738,0.0,-2.2103204047217537,0.5867202086004457,0.13551155504166362,0.4
6.1299707889556885,0.0,-5.895706688532271,0.7379516142055373,0.09988864195931102,0.4
6.140145778656006,0.0,-2.2113044497035874,0.8129222972182162,0.10452337421800328,0.4
6.150355815887451,0.0,-3.6728563422379974,0.7405058298338754,0.09381251152316322,0.4
6.1605494022369385,0.0,-2.2072702607882118,0.846580381147871,0.16972962226146288,0.4
6.170798301696777,0.7317858887570661,-0.7317858887570661,0.8794882554012918,0.08231095730632865,0.4
6.180980205535889,-0.7366009460029036,-2.9464037840116144,1.0189513593506674,0.08888207133922205,0.4
6.191166162490845,0.7363078435503124,-2.2089235306509374,1.0065969830634016,0.10967425217847185,0.401
6.201349258422852,0.0,-1.473029430357519,0.9753583235959373,0.06752376645711974,0.401
6.211533069610596,0.7364629863744908,-1.4729259727489816,1.0007300660679233,0.11365762937823862,0.401
6.221717596054077,-0.7364112648360137,-0.7364112648360137,1.1181786864257086,0.1475392614140552,0.399
6.231933355331421,0.7341598207617624,0.0,1.046388756750315,0.13840143170087943,0.399
6.242109060287476,0.737049671977507,0.0,1.0712501480021586,0.14120037707391433,0.399
6.252281665802002,0.0,0.0,1.1435314037440558,0.10730504188355948,0.399
6.262495517730713,0.0,0.734296918767507,1.1165991414257457,0.02805782398401562,0.399
6.272748947143555,0.0,1.462925173231642,1.1337504899629198,0.055170891998953406,0.399
6.283036708831787,-0.729021552723059,1.458043105446118,1.1242711108462975,0.09155005463215819,0.401
6.293213367462158,0.0,0.7369806016305875,1.0487744420975194,0.09243649209211294,0.401
6.303393363952637,0.0,1.473477914656424,1.0194194863953918,0.09876767078256997,0.401
6.313572883605957,0.7367734682405845,0.7367734682405845,0.9778932727396736,0.07284598023414796,0.401
6.323787689208984,0.0,2.2026850900942954,0.9301881748862052,0.08623418587408775,0.398
6.333958387374878,0.7374125038092783,1.4748250076185565,0.9756213280541168,0.09116679809591825,0.398
6.344136953353882,0.0,0.0,0.965760337460246,0.12062496996325114,0.398
6.354310750961304,0.0,2.9487514060742406,0.9209934091086462,0.12823723696800052,0.398
6.364500522613525,0.0,1.4720643908374085,0.9102286712261504,0.12408542900036376,0.398
6.374734163284302,0.0,3.664385061621974,0.97994624641573,0.04947477808733477,0.398
6.384938478469849,-0.7349831775700935,1.469966355140187,0.8453661715075903,0.026304821257176092,0.396
6.395124673843384,0.0,1.4725812189869862,0.833525397111216,0.06630730480667818,0.396
6.405304193496704,0.0,2.947093872962338,0.8149520973558938,0.09155208777426119,0.396
6.41554856300354,0.732109476819959,2.928437907279836,0.7465525385806147,-0.006924869526451879,0.396
6.425727367401123,0.0,2.9473009626870916,0.7686154587563134,0.024083795214821672,0.394
6.435945510864258,0.0,2.201965560688786,0.7629698015904823,0.07398201923424091,0.394
6.446117639541626,0.0,2.2119264033751316,0.6794582194513871,0.0758139268289952,0.394
6.456294298171997,0.0,4.421883609783525,0.5028719644803734,0.04815851805639803,0.394
6.466525077819824,0.0,1.4661639206730208,0.581522807139615,0.05293933515246297,0.394
6.476833820343018,0.0,2.9101512558397706,0.5193747746738107,0.06629857021768373,0.394
6.487015962600708,0.0,4.419502189336643,0.4753166104977131,0.06100309612373864,0.392
6.497220993041992,0.0,2.9397266546737377,0.4507553632139418,0.1302550634699655,0.392
6.507416009902954,0.0,2.9426140642173944,0.4685162970974821,0.1352873058806332,0.392
6.517610311508179,0.0,0.7357051312035174,0.3583604195573068,0.027897899924922486,0.392
6.527845621109009,0.7327575122292103,2.931030048916841,0.35663131419155847,0.01704896544495779,0.391
6.538031578063965,0.7363078435503124,3.6815392177515625,0.36307353183563984,0.031026752493722304,0.391
6.548213481903076,-0.7366009460029036,2.2098028380087107,0.3344318513455091,0.08390562860100795,0.391
6.558397054672241,0.7364802285018612,3.682401142509306,0.2778843791403989,0.14019859370064838,0.391
6.568584442138672,0.0,1.4724089026188303,0.33199739937131706,0.12997736753893255,0.391
6.5788328647613525,0.0,1.4636398743747818,0.22877753320375568,0.09222193110209581,0.391
6.589021682739258,0.0,4.416606528606528,0.2170196538269692,0.05511189498187055,0.392
6.599240303039551,0.0,1.4679085394307045,0.27452418618826446,0.107242209143753,0.392
6.60943865776062,-0.7354127410870835,4.4124764465225015,0.25923461507526196,0.07555559181897895,0.392
6.619725227355957,0.0,1.458212075559161,0.17081491585140746,0.08919128241701102,0.392
6.629953145980835,0.7332870230075292,1.4665740460150585,0.1521277911593193,0.14449173194777046,0.394
6.640130281448364,0.0,2.947784285245748,0.11600230648581458,0.09260097494464585,0.394
6.650305509567261,0.0,1.4741684240123716,0.11989707043195572,0.12980070694051973,0.394
6.660516262054443,0.0,3.6725990613398087,0.048812250318144415,0.11491186072047749,0.394
6.6706931591033936,0.0,1.4739266721330677,0.05201941573007232,0.07232105057882203,0.394
6.68091082572937,0.0,2.202068321821915,0.047438437836516426,0.08443968123774881,0.394
6.691091537475586,0.0,2.946748788084588,0.08633745479079974,-0.01050525945850324,0.397
6.701266050338745,0.0,2.2114080843585238,0.07953088709908107,0.052791930784493936,0.397
6.711441516876221,0.0,0.7370669415871974,0.003470389374365057,0.08118431714119527,0.397
6.721625566482544,0.7364457450544305,0.0,-0.05949331528491489,0.17046487261046325,0.399
6.731812953948975,0.0,2.2086133539282455,-0.004094410116644381,0.08378078673514948,0.399
6.742087125778198,0.0,2.18995753370617,-0.06418007901166159,0.040114322341799465,0.399
6.752288341522217,0.0,1.470412975903896,0.013295056500819136,0.09990782785303935,0.399
6.762511968612671,0.0,1.4671896644201394,0.0028067072373883784,0.08517696795135446,0.399
6.7727062702178955,0.0,1.4714102624070349,0.0026660681566642863,0.18723178395561166,0.399
6.782949924468994,0.7321605958338182,2.1964817875014546,0.001668468097999476,0.1404576894732642,0.401
6.793132543563843,0.0,0.0,-0.03389845510565784,0.10351336365406283,0.401
6.803310871124268,0.0,1.4737195193366284,-0.0012636426731188477,0.08085877661892131,0.401
6.813523054122925,0.0,1.4688338430649266,-0.05536189129600988,0.09067768706157658,0.401
6.823700428009033,0.0,0.73692880736524,-0.05449681490108549,0.1710485894202565,0.396
6.833916187286377,0.7341598207617624,1.468319641523525,-0.06947581187718639,0.12603470251734952,0.396
6.844089984893799,0.0,0.7371878515185601,-0.0008154765177278978,0.12216148309957822,0.396
6.8542656898498535,0.0,0.737049671977507,0.015413657866029606,0.0889914883292893,0.396
6.864439964294434,0.7371533017762572,2.2114599053287716,-0.06243897034200813,0.16704025110007906,0.396
6.874612331390381,0.0,0.7372915201800028,-0.05671211309140614,0.1555548979554524,0.396
6.884790658950806,0.7368597596683142,0.7368597596683142,-0.02563582044003812,0.17102746482798367,0.402
6.895002841949463,0.0,1.4688338430649266,-0.03131845813933021,0.10315010818710847,0.402
6.90521240234375,0.0,0.7346055765727897,0.06743433337689536,0.11831851760924077,0.402
6.915416717529297,0.0,0.7349831775700935,-0.05419417598573015,0.08084124544600178,0.402
6.925642728805542,0.0,0.7334237952017906,-0.16529148527856097,0.12123911114815877,0.399
6.935879230499268,0.7326721788750437,0.0,-0.09789350122977389,0.1723779927459575,0.399
6.9461424350738525,0.0,2.9230636281273954,0.01718599568775378,0.15297279885633586,0.399
6.956335067749023,0.7358255947229304,0.7358255947229304,-0.013213077090852149,0.11396852447691358,0.399
6.9665281772613525,0.0,4.414747035295768,-0.10332295179108172,0.12672324457895964,0.399
6.976731061935425,0.0,1.470172454082348,-0.23807059553556364,0.13999342132435758,0.399
6.986915588378906,0.0,0.7364112648360137,-0.12784029477142925,0.15639694049253833,0.4
6.997095584869385,0.0,2.946955829312848,-0.1541990874985734,0.08691690003663982,0.4
7.007272720336914,0.0,1.473892142622874,-0.2298678278741132,0.09309321174229324,0.4
7.017499923706055,0.0,2.2000149198060424,-0.27000669682156575,0.21505873070802908,0.4
7.02778172492981,0.0,0.7294441739130435,-0.2124468351648084,0.20291305957055264,0.398
7.037956476211548,0.0,0.7371187552722842,-0.21064056724215238,0.07914507978636862,0.398
7.048137187957764,0.0,2.210061591063441,-0.30029449439827716,0.10184740405445905,0.398
7.058326721191406,0.0,0.7360494173803173,-0.3295803495855143,0.13806478634054625,0.398
7.068530321121216,0.0,1.4700693973876673,-0.2527170910412192,0.16836394639096625,0.398
7.07870626449585,0.0,0.0,-0.3113886763694546,0.03616561358391284,0.398
7.088926076889038,0.0,0.7338686574128076,-0.31735442145565773,0.0687329637956908,0.399
7.099115610122681,0.0,1.4720988347606345,-0.3642577878794827,0.1339065178744142,0.399
7.109327793121338,0.0,0.0,-0.40819514872377854,0.150617364624409,0.399
7.119545936584473,0.0,0.0,-0.2828430014303257,0.20000826811376485,0.399
7.129781007766724,0.0,0.0,-0.4003721747508659,0.12851952042013504,0.397
7.139965057373047,0.7364457450544305,0.0,-0.3831557160279578,0.1185152053090725,0.397
7.150177717208862,0.0,0.0,-0.3478842277792429,0.11950423378135491,0.397
7.160367488861084,0.0,0.0,-0.24756725418489747,0.056118802815277015,0.397
7.170560359954834,0.0,0.0,-0.26125018121040855,0.09265085115330704,0.397
7.180756568908691,0.0,0.0,-0.2664839146459882,0.13181309943525732,0.397
7.1909308433532715,0.0,0.0,-0.26706747425651045,0.07274848980278277,0.4
7.201106309890747,0.0,-0.7370669415871974,-0.30078016810816255,0.009593484384258605,0.4
7.211297512054443,0.0,0.0,-0.3430939073213774,0.03450894268933971,0.4
7.221583604812622,0.0,-1.458279674570614,-0.2891343537589658,0.07049024824715644,0.405
7.231775283813477,0.0,0.0,-0.19040705463393537,0.11338363004387454,0.405
7.241947412490845,0.0,0.0,-0.15638456617695126,0.12116596188303083,0.405
7.2521233558654785,0.0,-0.7370324031770576,-0.1795984767063803,0.1568965946219725,0.405
7.262299537658691,0.0,-0.7370151351857925,-0.11848727174756626,0.0239886030130615,0.405
7.272543668746948,0.0,-0.7321265156980938,-0.24068590607764506,0.07505841628158862,0.405
7.282733917236328,0.7359977539131045,-1.471995507826209,-0.26906000230172056,0.07450631543611755,0.401
7.292912483215332,-0.7368424997657641,0.0,-0.2099295876569326,0.012480897451876603,0.401
7.30308723449707,0.0,-1.4742375105445684,-0.1047120024273003,0.06628008048383696,0.401
7.3132593631744385,0.0,0.0,-0.09799930061692746,0.04503326911451835,0.401
7.323425054550171,0.7377756930437638,-1.4755513860875276,-0.08656778895808154,0.07673500524352661,0.402
7.3336145877838135,0.0,-1.4720988347606345,-0.15984241100652624,0.09350307945531838,0.402
7.34377908706665,0.0,-1.4757244388150024,-0.15467587600479782,0.10579894158226424,0.402
7.353940486907959,0.0,0.0,-0.07591170833517569,0.15372615165986234,0.402
7.36409854888916,0.0,-1.4766596254048725,0.013888396678665732,0.13395615698104235,0.402
7.374278545379639,0.0,-1.473477914656424,0.022366129357985043,0.1053442238380413,0.402
7.384442090988159,0.0,-0.7379314551127166,0.026633540420479565,0.07637426194015219,0.404
7.39470911026001,0.0,-1.4609887838747881,-0.05987355325221243,-0.020848782560677036,0.404
7.404888868331909,0.0,-0.7367562123802609,-0.026809548381373026,-0.01897426015685647,0.404
7.41508674621582,0.0,-1.4708942557220677,0.0037074013885800977,0.05059930049715668,0.404
7.425263166427612,0.0,-1.4739957360073097,0.013455631354914191,0.11276297637728802,0.404
7.435433864593506,0.7374125038092783,0.0,0.08355977992484544,0.07499878220530852,0.404
7.445742845535278,0.0,-0.7275209879969472,0.10606050431047803,0.07749264058218344,0.404
7.45590877532959,0.7377583902061493,-2.2132751706184477,0.13054841407446605,0.11541192447742335,0.404
7.466071367263794,0.0,-0.7380007038123166,0.023217423085222077,0.07807191029072359,0.404
7.47624659538269,0.0,-1.4741684240123716,-0.015258728652389813,0.009905042342942701,0.404
7.486420154571533,0.7372051276042276,-0.7372051276042276,0.0915647490998221,0.002950574732251755,0.4
7.496725082397461,0.0,-0.7278071352551941,0.07755471858102515,0.048527725205636654,0.4
7.506883859634399,0.7382778286277547,-0.7382778286277547,0.16814932697289967,0.05376192178237209,0.4
7.5170416831970215,0.7383471423541837,-0.7383471423541837,0.20803088078713772,0.02916878823063625,0.4
7.527214288711548,0.0,-1.4745484800899993,0.18819872421970277,0.12806072709835398,0.4
7.537371873855591,0.7383644728194535,-0.7383644728194535,0.24537965611771534,0.09510623525836907,0.4
7.5476226806640625,0.0,-0.7316497267124084,0.2793069519193902,0.03699141236704287,0.4
7.5577921867370605,1.4749978899985934,-1.4749978899985934,0.24055884382417936,0.12095646202245149,0.4
7.567966461181641,0.0,-0.7371533017762572,0.2061922716156449,0.11696175662798183,0.4
7.578139543533325,0.0,-0.7372396822048793,0.17385814696117355,0.16980310959675965,0.4
7.5883262157440186,0.0,0.0,0.23509585358537263,0.17263821167315585,0.4
7.598565101623535,0.0,-0.7325015717778554,0.16787636881880522,0.05178254900901706,0.4
7.6087610721588135,0.0,-0.7355847071203087,0.16973445447811655,0.10115341992479766,0.4
7.6189329624176025,0.73732608288018,-1.47465216576036,0.13894827796172654,0.08975841703681654,0.4
7.629106044769287,0.0,0.0,0.21164449255582782,0.11987252780307338,0.405
7.639279842376709,0.7371878515185601,-1.4743757030371203,0.1663231435185023,0.12149926400493577,0.405
7.649499177932739,0.0,0.0,0.13145822326941248,0.08721815673248984,0.405
7.660166025161743,0.7031130978989718,-1.4062261957979436,0.17754831213739494,0.10005379969042665,0.405
7.670360803604126,0.0,0.0,0.18243412631096942,0.12313961351420402,0.405
7.680665016174316,0.0,-0.7278576551979453,0.2687623024141839,0.1804085453569865,0.405
7.690905570983887,0.7323821940771092,-1.4647643881542185,0.3072992720740024,0.118267457136528,0.402
7.701074838638306,0.0,0.0,0.3144543900717631,0.17319593366533786,0.402
7.71124267578125,0.7376199967172368,-0.7376199967172368,0.30988041586231724,0.10633140748999635,0.402
7.721410036087036,0.0,0.0,0.2825119267808415,0.09137522206617936,0.402
7.731628179550171,0.7339885202295954,0.0,0.2546098864726382,0.10680516927639325,0.399
7.741795778274536,0.7376372930638277,0.0,0.2470780556379874,0.113956073848102,0.399
7.751965284347534,0.0,0.0,0.18221847925899146,0.16312422129657694,0.399
7.762136459350586,0.0,0.0,0.18286480849012535,0.11368825108704325,0.399
7.77231240272522,0.7370324031770576,0.0,0.16810545654607803,0.10877015593596817,0.399
7.782482862472534,0.7374297904261803,0.0,0.16273697089342742,0.06451148707092562,0.399
7.792791128158569,0.727571468220927,0.0,0.1667218255768816,0.09745645873177824,0.4
7.802958965301514,0.0,-0.7376199967172368,0.24732314975989433,0.1520895605714491,0.4
7.813129901885986,0.0,0.0,0.2347191799325151,0.12081714595250459,0.4
7.823298454284668,0.7375681125439625,0.0,0.27736270304914135,0.16405940335730818,0.397
7.833468198776245,0.7374816551400774,0.0,0.3297202203176257,0.13486490418205646,0.397
7.8436524868011475,0.0,0.0,0.34514369945227097,0.23158033194256072,0.397
7.853859186172485,0.0,0.0,0.360395433320436,0.13867874968924165,0.397
7.864026308059692,0.0,0.0,0.30167359988314363,0.140727811338005,0.397
7.874195098876953,0.0,0.0,0.2979466872286422,0.12560770573639218,0.397
7.884364604949951,0.0,0.0,0.26365815279680316,0.09437238467941085,0.399
7.894641399383545,1.4595991091314031,-0.7297995545657016,0.2248819227513598,0.09924353085655038,0.399
7.904813289642334,0.0,0.0,0.19781010441254762,0.12019744074418914,0.399
7.915416479110718,0.0,0.0,0.26072217555322175,0.08082999185218101,0.399
7.925682306289673,0.0,0.0,0.22628401567078166,0.058598957559453206,0.401
7.935919523239136,0.0,1.4652419768037634,0.09238815160575979,0.08951162040112692,0.401
7.946117877960205,0.0,1.470825482174167,0.08570635746426503,0.10538249231232989,0.401
7.956303834915161,0.0,0.0,-0.024919323455897327,0.10249090117779883,0.401
7.966511249542236,0.0,2.9390400112115476,0.012958868954384386,0.04441475455823546,0.401
7.976690292358398,1.4736159647725675,2.947231929545135,-0.1439036896331252,0.02209100325121818,0.401
7.986922979354858,0.0,4.397671893566952,-0.10523431922376825,0.08218335104353439,0.4
7.9970948696136475,0.0,0.73732608288018,-0.16293786546436675,0.15045236115217098,0.4
8.007277250289917,0.0,2.2096993537510534,-0.1840158919926704,0.19287278886171808,0.4
8.017451286315918,0.737170576242589,2.948682304970356,-0.29028748044530456,0.17587956394466167,0.4
8.027637004852295,0.7363250784139319,1.4726501568278638,-0.2677107641061919,0.08773482737141707,0.395
8.037846088409424,0.0,1.4692797758056981,-0.3944940128276939,0.05629218812065331,0.395
8.048032283782959,0.0,1.4725812189869862,-0.4790929170927291,0.039636925850999795,0.395
8.058205366134644,0.0,0.0,-0.3856519231216943,0.1339110493809227,0.395
8.068379878997803,0.0,0.0,-0.3708335954172238,0.100098438086347,0.395
8.078721284866333,0.0,-0.7252398847262248,-0.47045843300762696,0.06281620951624628,0.395
8.088899612426758,0.0,-0.7368597596683142,-0.5610859715831237,0.04734939467772773,0.397
8.09907579421997,0.7370151351857925,-0.7370151351857925,-0.5724234007815489,0.068828933914439,0.397
8.109294652938843,0.0,0.0,-0.5651039166587285,0.060684468922342416,0.397
8.119474172592163,0.0,0.0,-0.5082484250553713,0.13138401805662367,0.397
8.129668474197388,0.0,0.0,-0.4703012955221306,0.1217661141957577,0.398
8.1398446559906,0.0,0.7370151351857925,-0.5156597350026986,0.11492418446013697,0.398
8.150018453598022,0.0,0.0,-0.48464103681717774,0.0913879589333436,0.398
8.160197019577026,0.0,0.0,-0.6118878807141588,0.0026220041120151236,0.398
8.170424699783325,0.7333041167420392,0.0,-0.6126080900177133,0.09522094185143476,0.398
8.180618047714233,0.0,0.0,-0.6020309366004853,0.16610458227472846,0.398
8.190807819366455,0.0,-1.4720643908374085,-0.6627734456352948,0.20977516718573447,0.398
8.200997114181519,0.0,-0.7360666401478811,-0.5860304993086173,0.09977766215353848,0.398
8.211175680160522,0.0,0.0,-0.6050969650414786,0.07704111019219215,0.398
8.221359491348267,0.0,-2.2093889591234723,-0.642528858385176,0.02760886049385363,0.398
8.23158574104309,0.0,-0.733406695887345,-0.6262007001577783,0.03507300414506852,0.401
8.241808414459229,0.0,-1.467326538703734,-0.6051590143612067,0.03698828187195842,0.401
8.251981019973755,0.0,-1.4745484800899993,-0.5443411347828448,0.18176671708487888,0.401
8.26215386390686,0.0,-4.4235417643198645,-0.5287901197933957,0.01108509465601577,0.401
8.272324562072754,0.0,-2.949650015237113,-0.5926248332846555,0.041521091573916404,0.401
8.282605171203613,0.0,-2.9181150278293133,-0.5382175573192147,0.17025642486455458,0.398
8.292840719223022,0.0,-4.396442663809369,-0.5242938731829304,0.11864508505436785,0.398
8.303052186965942,0.0,-1.4689367265935092,-0.3930591092929607,0.04231260342885229,0.398
8.313220739364624,0.7375681125439625,-3.687840562719812,-0.3553297725223453,0.06626964351173882,0.398
8.323403120040894,0.0,-2.2096993537510534,-0.3547761956363714,0.06404080336129152,0.394
8.33379578590393,0.0,-0.7216627666896077,-0.37313934992324027,0.0560906021499155,0.394
8.34396505355835,0.0,-2.950064942676951,-0.39004532083967436,0.07565756892114096,0.394
8.354137182235718,0.0,-2.2119264033751316,-0.31544618698329024,0.06254565405195792,0.394
8.364311933517456,0.0,-3.685593776361421,-0.2526591504210989,0.06593780836309256,0.394
8.374483585357666,0.0,-1.474686730890936,-0.2982192600906745,0.017366477427453033,0.394
8.384792566299438,0.0,-1.4550419759938944,-0.36934083616132624,-0.0023802314881816635,0.397
8.394962549209595,0.0,-2.9498574643660915,-0.36848623077200815,0.048927672545024004,0.397
8.405137062072754,0.7371360281195078,-2.2114080843585238,-0.2786719466851121,0.12863693379841232,0.397
8.415332317352295,0.0,-4.4138178756840185,-0.2793272522328586,0.09844334950683434,0.397
8.42560601234436,0.0,-1.4600394513935624,-0.18035023566996983,0.06955140432884739,0.396
8.43580174446106,0.0,-2.942407632588158,-0.169747204087853,0.01111630643852846,0.396
8.44598388671875,0.7365836982227738,-2.9463347928910952,-0.2963082150333866,0.04158308272210563,0.396
8.456158876419067,0.0,-2.9484059329381163,-0.22006413580952522,0.06921462982672706,0.396
8.466328144073486,0.0,-2.950064942676951,-0.06826235446282472,0.10615861336168982,0.396
8.476499557495117,0.0,-3.6868032441048237,-0.08709577758863427,0.04326527592078673,0.396
8.486689567565918,0.7360149742629855,-2.944059897051942,-0.0624808658257527,0.06802130305977512,0.403
8.496861696243286,0.0,-3.6865440056252194,-0.1165012650133134,0.024603736890301042,0.403
8.507032871246338,0.0,-3.6868896650336374,-0.08397114890199579,0.09853151558223348,0.403
8.517212867736816,0.0,-1.473477914656424,-0.038926440660939296,0.1269543924160355,0.403
8.527387142181396,0.7371533017762572,-2.9486132071050286,-0.06548298755675715,0.14561362158093047,0.398
8.537654161453247,0.0,-2.9219775677495763,0.0020943673306966643,0.06131645617798523,0.398
8.547842025756836,-0.7361699936814022,-2.944679974725609,-0.007554480991875091,0.05151299041415955,0.398
8.558016777038574,0.0,-1.4742375105445684,-0.02695911363443726,0.0523378314142348,0.398
8.568185567855835,0.0,-2.212652458324541,-0.027052329935832353,0.07749716003151788,0.398
8.578362941741943,0.0,-2.94771522946096,-0.005728840277434312,0.005047146194802187,0.398
8.588550567626953,0.7361872220922069,-1.4723744441844138,0.0019453476598913291,0.003376085807303905,0.401
8.598841667175293,0.0,-4.372710592160133,0.007528735065395338,0.11899815790309973,0.401
8.609063148498535,0.0,-2.2012465012129128,0.008822873643932683,0.12481626147278681,0.401
8.619237184524536,0.0,-1.474341152485178,-0.020568078811356805,0.047346298174885434,0.401
8.629408359527588,0.0,-2.212133799020182,-0.002792129409479781,0.10245148605764998,0.402
8.639659643173218,0.0,-2.926462776472777,0.0685836046480591,0.10090279761397183,0.402
8.649824380874634,0.0,-3.6892245625557067,0.06684915713238909,0.08822688142880843,0.402
8.659997940063477,0.0,-2.211615382812683,0.09480021671586726,0.1079675513192282,0.402
8.670204877853394,0.0,-1.4695886571208334,0.013010900153793945,0.029654726807383847,0.402
8.680393695831299,0.0,-4.416606528606528,0.019582819345683913,0.08396834060726258,0.402
8.690575122833252,0.0,-2.209906331959535,0.17454663685243518,0.03489375778270772,0.398
8.700777769088745,0.0,-2.2053102142873833,0.17074984815886152,-0.034547727551664006,0.398
8.710935115814209,0.0,-2.2151454122949086,0.07610368603207132,0.02514091632733513,0.398
8.72109842300415,0.0,-2.951795064277001,0.0710026871432082,0.19596468105937886,0.398
8.731255054473877,0.7384338028169014,-2.9537352112676056,0.11954990217261287,0.18674258318954623,0.4
8.741414785385132,0.0,-0.7382085279140168,0.10589174177488106,0.18151035146709182,0.4
8.751675844192505,0.0,-0.7309187229889864,0.12848053930105846,0.06796237088474817,0.4
8.761849641799927,0.0,-2.2115635545556804,0.18897278220303065,-0.01773095056816221,0.4
8.772019386291504,0.0,-2.9499266205603094,0.12799328419851994,-0.0032073647764489163,0.4
8.782181739807129,0.0,-1.476036036036036,0.1413469114110313,0.08013280187888197,0.396
8.792353868484497,0.0,-0.7373088011250439,0.06423451913474072,0.014385708882058593,0.396
8.802513837814331,0.738191204768386,-2.952764819073544,0.10120515307067257,0.013925937982515664,0.396
8.812776327133179,0.0,-2.9232673543350987,0.11721559720974467,0.012749505448024896,0.396
8.822936296463013,0.0,-1.476382409536772,0.0470497708660128,0.06533540953265159,0.403
8.83309817314148,0.0,-1.4761052977335647,0.1349128171315806,0.08330134105030314,0.403
8.84325647354126,0.0,-1.4766249677283074,0.07122867528714039,0.09872593049826393,0.403
8.853415489196777,0.7382605022295236,-2.953042008918094,0.12860491703240853,0.11432010271475265,0.403
8.863608360290527,0.0,-1.4716167664670659,0.12511713214637657,-0.015449309435611252,0.403
8.873800039291382,0.0,-5.887155589865955,0.060156272197745386,0.0333728065387358,0.403
8.883963108062744,0.0,-0.73796607783799,0.06406377376477217,-0.02722997199656206,0.399
8.89412236213684,0.0,-1.4764863532890569,0.05836952328731046,0.03150730212493862,0.399
8.904281616210938,0.0,-2.214729529933585,0.08463038500865448,0.062482434050164064,0.399
8.915384531021118,0.6754982928557624,-1.3509965857115247,0.11790365365659689,0.14805418144089813,0.399
8.925668478012085,0.0,-0.7292919738489358,0.1337843235097556,0.0995335894429576,0.4
8.935894012451172,0.0,-2.200373988668423,0.0874929388619433,0.14900945399225773,0.4
8.946073055267334,0.0,-0.7368079823862838,0.06556258445891174,0.08663272977542644,0.4
8.956249952316284,0.0,-1.4739266721330677,0.10113013510518554,0.10987734437642149,0.4
8.966413974761963,0.0,-2.2136905069081183,0.05285382837009829,0.10845520077048239,0.4
8.976862668991089,0.0,-0.7177930405019965,0.021862223704608236,0.047992520968565475,0.4
8.987136602401733,0.0,-2.920011138958507,0.036708030374565305,0.11357351339675487,0.4
8.997307777404785,-0.7373779330067274,-0.7373779330067274,-0.013957579218382653,0.032397120758317174,0.4
9.007470607757568,0.0,-1.4759667808379862,0.0174717643306659,0.0668622577969996,0.4
9.017733812332153,0.0,-2.1922977210955468,-0.012607327752708241,0.008855582495937372,0.4
9.027894258499146,0.0,-1.4763131218321757,-0.061035528379010745,0.0395604412957914,0.405
9.038055896759033,0.7380699655099598,-1.4761399310199197,-0.06086307053566499,0.09088444303617856,0.405
9.048222541809082,0.0,-1.4754129731250878,-0.026660965844937993,0.08612001322030895,0.405
9.058380842208862,0.0,-2.214937451592461,0.008138580884299633,0.07472066621740295,0.405
9.068557262420654,-0.7369978680036549,-2.2109936040109646,-0.023055835401109642,0.10635163780070458,0.405
9.078727722167969,0.0,-2.212289371278541,-0.02328617586613144,0.06420283893776216,0.405
9.08889365196228,0.7377583902061493,-3.6887919510307463,-0.06651079614179245,-0.029907124917259994,0.406
9.099080562591553,0.0,-0.7362389121632691,-0.02134022152796162,-0.02437572950975074,0.406
9.109325885772705,0.0,-2.9281653169505724,-0.029433145710643035,-0.014003538509355878,0.406
9.119514465332031,0.0,0.0,-0.04722015821273261,0.01914804995955196,0.406
9.129862546920776,0.0,-1.4495440407345115,0.019488514763556196,0.06269227757543222,0.403
9.140044927597046,0.0,-2.2096993537510534,-0.010745140565103908,0.06431161341143334,0.403
9.150207996368408,0.0,-0.73796607783799,-0.01551374411457682,0.0946240737386751,0.403
9.160366773605347,0.0,-2.214833485883264,-0.01353347356339235,-0.0016300949033183298,0.403
9.170528411865234,0.0,-0.7380699655099598,-0.03774396481507014,0.02273637961622111,0.403
9.18078327178955,0.0,-1.4627211010880683,-0.08566406461684968,0.08387456881067554,0.403
9.190954208374023,1.4747904360056259,-3.6869760900140647,-0.08566406461684968,0.08387456881067554,0.399
9.20111632347107,0.0,-0.7380353330361542,-0.0575372900803079,0.08689148615585755,0.399
9.211270332336426,0.0,-0.7386245274601423,-0.0887557614124562,0.09164201578117012,0.399
9.22142767906189,1.4767636081966058,-2.2151454122949086,-0.06707180946380878,0.10088058383699491,0.399
9.231616020202637,0.0,-0.7361355392787775,-0.09710970988502679,0.10868219143071416,0.404
9.241826295852661,0.0,-3.67277057793345,-0.10827281727618321,0.11497703397153894,0.404
9.251979351043701,0.738693906305037,-0.738693906305037,-0.14329747248648642,0.1045517501913315,0.404
9.262130975723267,0.0,-2.955191996054393,-0.08142167690296703,0.042206672878147194,0.404
9.272315263748169,0.0,0.0,-0.12559819490678997,0.0821159303120613,0.404
9.282485485076904,1.4748941557071524,-2.949788311414305,-0.12039829691159151,0.018822631624481754,0.4
9.292702674865723,0.0,-1.4681140616978579,-0.13477801360717043,0.058217198684443465,0.4
9.302868127822876,0.0,-2.9511719867720525,-0.10027980423199316,0.08426692084872112,0.4
9.313028573989868,0.7381565609160878,-2.9526262436643513,-0.07141455945608997,0.1074289002342653,0.4
9.323194980621338,0.7377237869655965,-0.7377237869655965,-0.07681724842353052,0.04605744773305424,0.403
9.333349466323853,1.477179685849123,-2.954359371698246,-0.08719102387340186,0.09732045315010557,0.403
9.343506574630737,1.4767982723815782,-2.9535965447631565,-0.11858089866334415,0.08349086668594843,0.403
9.3537278175354,0.0,-1.4675318980196403,-0.10124140637401426,0.1346318798291331,0.403
9.363893270492554,0.0,-2.9511719867720525,-0.0957422490674926,0.15374172423072446,0.403
9.374063730239868,1.4748595808523606,-0.7374297904261803,-0.09459751306545841,0.21603128698211513,0.403
9.384222269058228,0.738295155839279,-3.691475779196395,-0.14623270598392052,0.14691583186633336,0.401
9.394377708435059,0.7385204836248386,-1.4770409672496772,-0.0985780303167475,0.20939603649619332,0.401
9.404532670974731,0.7385551616462799,0.0,-0.08190931713006828,0.18865263875513985,0.401
9.414746284484863,0.7343140596185719,-4.405884357711431,-0.032959551550654505,0.14877520949679873,0.401
9.424935102462769,0.0,-1.4722021762021762,-0.1338734641075278,0.08211130317392847,0.405
9.435138463973999,0.7350518740069165,-1.470103748013833,-0.10543103514582913,0.10282036298426984,0.405
9.445334434509277,0.7355847071203087,-2.206754121360926,-0.09801324836833313,0.004905518769714637,0.405
9.455509662628174,0.0,-1.4741684240123716,-0.018807416092292646,0.04026303350757672,0.405
9.46571159362793,1.4703098854872634,-3.6757747137181584,-0.02191046214445235,0.0818730152935191,0.405
9.475886821746826,0.0,-1.4741684240123716,-0.006421157966311604,0.11148910236112061,0.405
9.48606014251709,0.0,-2.2116672134989455,-0.04945356009247402,0.12451922766089402,0.403
9.496233224868774,1.4744793644097587,-2.9489587288195174,-0.03589343372178762,0.19697550902593183,0.403
9.506406784057617,0.7372051276042276,0.0,-0.09211065319282555,0.219693828624626,0.403
9.51661229133606,0.0,-4.409383950473075,-0.07346125674245592,0.1327149501157036,0.403
9.526803493499756,0.0,-1.471857761141654,-0.04614789914333785,0.14360559427292857,0.402
9.536969661712646,0.0,-2.213223264540338,-0.013472628059259875,0.14117387758108155,0.402
9.547141790390015,2.2119264033751316,-2.2119264033751316,-0.023330739565702585,0.10539634045641603,0.402
9.557307720184326,0.7377583902061493,-2.9510335608245972,-0.018062696373251613,0.059419205977412626,0.402
9.567474365234375,0.7377064865625439,-2.9508259462501756,-0.06356063498083071,0.1424728867319139,0.402
9.577669858932495,0.0,-0.7356191099782522,-0.0533521464056279,0.13246145658061503,0.402
9.587859630584717,0.7360321954187042,-2.2080965862561124,-0.045769963628701796,0.14067083153737156,0.403
9.598034620285034,0.7371014832345291,-3.6855074161726455,0.027766433181207494,0.13138145284472225,0.403
9.608241081237793,0.7348286575252867,-1.4696573150505734,0.001261620449720266,0.1911260651052614,0.403
9.618407249450684,0.7377410881801125,-2.95096435272045,-0.020254215091105556,0.17196779463544445,0.403
9.628614664077759,0.0,-1.4695200056057738,-0.019534786860899933,0.13630204167868754,0.402
9.638802766799927,1.4723055321538894,-2.208458298230834,-0.031083037725501673,0.1509612243983878,0.402
9.648968696594238,1.4755167804122986,-3.6887919510307463,-0.052707831904740786,0.17109519411868476,0.402
9.6591317653656,-0.73796607783799,0.0,0.018445117384355884,0.20476325731908332,0.402
9.669302701950073,0.0,-1.4747904360056259,-0.013188999916703387,0.19524332048995313,0.402
9.679478883743286,1.474030270371585,-5.159105946300548,0.03363874230539954,0.18829690548030847,0.402
9.68971562385559,0.0,-1.4653102291783118,-0.0066839686434844656,0.09719241802510847,0.407
9.699894666671753,1.4736159647725675,-1.4736159647725675,-0.038079268288384656,0.1868247663665398,0.407
9.710064888000488,0.7374470778535762,-2.949788311414305,-0.034045699505548414,0.2323850541444336,0.407
9.72023057937622,0.0,-0.7377756930437638,-0.023404143670286422,0.2453379311389873,0.407
9.730396747589111,0.7377410881801125,-3.688705440900563,-0.00848707134969641,0.2600056859497088,0.406
9.740634202957153,0.0,-1.4652078530007684,-0.02327640186257352,0.2700476372849383,0.406
9.750854253768921,0.0,-0.7338515373489478,-0.06664844579375642,0.18846956087951433,0.406
9.761031866073608,0.7369115442278861,-2.9476461769115443,-0.025594061476823252,0.3271571290565293,0.406
9.771206617355347,0.7371187552722842,-2.948475021089137,-0.009341230036230497,0.27302517968173023,0.406
9.781389951705933,0.7364974714365986,-0.7364974714365986,0.04891397498699837,0.2591459417563842,0.405
9.791564464569092,0.7371360281195078,-0.7371360281195078,-0.03603568979272875,0.25015156080735396,0.405
9.80173659324646,0.0,-1.4746176022500879,-0.03789320392671038,0.2862111689625415,0.405
9.811907052993774,1.4748595808523606,-2.212289371278541,-0.05986297881309703,0.2587422363720051,0.405
9.822076082229614,0.7375335271499578,-2.2126005814498733,0.006302458809272684,0.3267643987640604,0.405
9.832242727279663,0.7377064865625439,-2.213119459687632,0.04006651624606902,0.26048862078591406,0.405
9.842409372329712,0.7377064865625439,-2.213119459687632,0.03327860164222111,0.26761777642011725,0.405
9.852594137191772,0.7363940259375439,0.0,0.004126281554501059,0.2430006014160005,0.405
9.862886667251587,0.728683808200139,-2.186051424600417,0.07183023028546635,0.2878030808120415,0.405
9.873056888580322,0.0,-4.424682467121457,0.055418436292956216,0.28784976908567206,0.405
9.883228540420532,0.737343365445468,-3.6867168272273396,0.04821239669097688,0.26327283147657593,0.403
9.893418073654175,-0.7360494173803173,0.0,0.002250878090693924,0.2221564383028687,0.403
9.903630018234253,0.0,-2.9377362719462083,0.03931679812488221,0.22131279703077625,0.403
9.915402173995972,0.6370965651328581,-1.2741931302657161,0.10908154276894597,0.2455406919577248,0.403
9.925726175308228,1.4529250381044756,-6.538162671470141,0.140499879290861,0.2103010627430555,0.405
9.936037063598633,0.0,0.0,0.09730476460958518,0.23961319266290693,0.405
9.946249723434448,0.0,-1.4687652620520601,0.037675787680180345,0.23977058465710374,0.405
9.956438541412354,0.0,0.0,0.05151096956226811,0.2937394949188268,0.405
9.966655969619751,0.0,-2.2021197059852993,0.028647632043978234,0.23782067302574778,0.405
9.977138042449951,0.0,-1.4310146707608324,0.04777849084982844,0.30266611872746674,0.405
9.987314939498901,0.7369633360665339,-2.9478533442661354,-0.017789170108325543,0.27544035860121124,0.4
9.997483968734741,0.0,-3.687667635749789,-0.014814418761933783,0.21521808211351884,0.4
10.007661819458008,0.0,-0.7368942818993183,0.06586220343079373,0.14574004094089607,0.4
10.017884254455566,0.0,-1.4673607612650432,0.11031066812265858,0.19393124314800386,0.4
10.028050184249878,0.0,-2.2132751706184477,0.079652508595637,0.3115180232967789,0.401
10.038215637207031,0.7377929966930131,-4.4267579801580785,-0.002152315012777538,0.20170284016064305,0.401
10.048386573791504,0.0,-0.7373952180028129,0.017875942787810004,0.25390389975171407,0.401
10.058565139770508,0.0,0.0,0.015192423120341365,0.19184795225753998,0.401
10.06873369216919,0.7375681125439625,-0.7375681125439625,-0.004203641462381784,0.22413179277131035,0.401
10.078903913497925,0.0,-5.162129544975033,0.01886292661198234,0.16585755432035879,0.401
10.08907413482666,0.0,-2.949788311414305,0.030473485964278568,0.16660468792607874,0.401
10.099595069885254,0.0,-3.5643219724438,0.10312138202348146,0.2769419594833856,0.401
10.109851121902466,0.0,-1.462551084454983,0.007414071254033226,0.17167974262597036,0.401
10.120063066482544,0.0,-3.6721703399327605,0.07391400454178944,0.18268100828686995,0.401
10.130227327346802,-0.7378795271157815,0.7378795271157815,0.1156324750429897,0.11671668083436365,0.401
10.140384674072266,0.7383818040983029,-2.9535272163932116,0.09156974817069019,0.11234824037495061,0.401
10.150543689727783,0.0,-5.906084017836188,0.08103697520037337,0.22033320851270027,0.401
10.160835266113281,0.0,-5.101259324468331,-0.023419788207190102,0.11680420838625082,0.401
10.171011686325073,0.0,-7.3699786800365485,0.04318457887259264,0.15151403835721472,0.401
10.181192874908447,0.0,1.4733053883802074,0.02933407364142623,0.03750845891635585,0.399
10.191395282745361,0.0,1.4702411665731911,0.011594265631929834,0.13180489953250965,0.399
10.201576471328735,0.0,-2.946610776760415,0.059099233986626254,0.09799659546107267,0.399
10.211807489395142,0.0,0.0,0.03125538957652781,0.15378765289543198,0.399
10.221982717514038,0.0,0.7370842120061858,0.013431299049373617,0.19033066073694221,0.4
10.23215627670288,0.0,-3.6860256380211385,-0.03401539048470416,0.14329359325590835,0.4
10.242331504821777,0.0,-3.685421060030929,-0.017789550815351298,0.13568078411499046,0.4
10.252512693405151,1.4733053883802074,-7.3665269419010375,0.06377247627491146,0.12440828683807036,0.4
10.262787580490112,-0.7299350287729719,-1.4598700575459438,0.10482754758395632,0.14929366567693667,0.4
10.27296257019043,0.0,0.0,0.11487365512539083,0.1471923554939363,0.4
10.283135652542114,0.0,-5.160677775434156,0.052566475028312985,0.04066534801161573,0.398
10.293311595916748,0.0,-8.844388838124692,0.052219416688338086,0.05116638332840622,0.398
10.303484678268433,0.0,0.7372396822048793,0.13574046446876065,0.012589520258631984,0.398
10.313758611679077,0.7300027847396268,-3.650013923698134,0.07859068442851921,-0.00041402270763456206,0.398
10.323932409286499,0.0,-5.160314960629921,0.10162886656161886,0.0815603258614386,0.395
10.334108829498291,0.0,0.0,0.09212593029021693,0.05244683732390299,0.395
10.34428071975708,0.0,-3.6866304144009,0.112497801026006,0.005195865634858979,0.395
10.354455947875977,0.0,-5.159589484043301,0.1058635124200615,0.039186507315632196,0.395
10.364700317382812,0.0,2.196328430459877,0.06532827330598666,0.047585470306055415,0.395
10.374897241592407,0.0,-6.619643199513667,0.14561947977286663,0.09903914471981483,0.395
10.385108947753906,0.0,-2.937804860965189,0.08364191982562574,-0.004473041544586581,0.4
10.395283699035645,0.0,0.0,0.05272579811019503,0.09467372068298475,0.4
10.405450820922852,0.7376718881906013,-5.163703217334208,0.09283027995840173,0.1354858670717794,0.4
10.415646314620972,0.0,-3.678095549891261,0.040059324119732204,0.09294511001685915,0.4
10.425823211669922,0.0,0.0,0.0802829108826179,0.12733327855684487,0.4
10.436017990112305,0.0,2.2070121608980355,0.17072260257364522,0.0312823109135692,0.4
10.4462308883667,0.0,-11.015482304603603,0.18823894232698862,0.07484843843609197,0.4
10.456426858901978,0.0,0.0,0.17758631130642633,0.12546253694095363,0.4
10.466621160507202,0.0,-3.6785256560175874,0.17137391673766394,0.16336870808707282,0.4
10.476961612701416,0.0,-4.351840630836273,0.1936482381257019,0.1403230304828714,0.4
10.48721170425415,0.7317007815407517,0.7317007815407517,0.09872842230033485,0.031830694162069295,0.398
10.497387170791626,-0.7370669415871974,-15.478405773331147,0.17076420416211194,-0.027202016439005487,0.398
10.507559061050415,0.0,0.0,0.2302389949942127,-0.04183026870282215,0.398
10.517800569534302,0.7323139957165471,-3.661569978582736,0.18837064387453475,0.06267640073172734,0.398
10.527982711791992,0.0,-5.156085887559416,0.20844081131919273,0.05308778784055565,0.398
10.538152933120728,0.0,0.0,0.13647614213066572,0.03443256206361878,0.398
10.5483238697052,0.0,0.7373952180028129,0.18447125718932364,0.08649989519988063,0.398
10.558499813079834,0.0,-4.422194419062346,0.24146701893043981,0.015376535630329678,0.398
10.568693399429321,0.0,-2.9430270143842825,0.2872029994424323,0.035448161794069746,0.398
10.578936338424683,0.0,-1.4644234439737442,0.2728424332772996,0.13905157414091462,0.398
10.58911395072937,0.0,0.7369115442278861,0.2094525905360474,0.10541428992885547,0.398
10.59929895401001,0.0,1.472753575692315,0.2163615729768205,0.13549109437273982,0.398
10.609545946121216,1.463844202982852,-6.587298913422835,0.21822139852013914,0.04852086284940151,0.398
10.619804382324219,0.0,0.7311055848653171,0.2697940279386026,-0.008914671787122928,0.398
10.629977226257324,0.0,1.474513921439955,0.2033170927848066,-0.013016072665527338,0.399
10.640148878097534,0.0,-0.737343365445468,0.1965160624527325,-0.01174684781171513,0.399
10.65032148361206,0.0,0.0,0.26800978083335125,0.037866599511882405,0.399
10.660491228103638,0.7374816551400774,-5.899853241120619,0.2746241279188054,0.013524118082121603,0.399
10.670685768127441,0.7356879253490493,-1.4713758506980985,0.21148320928881267,0.012588820748387335,0.399
10.680862188339233,0.0,-0.7369978680036549,0.2098696890156278,0.05303119826060321,0.396
10.691103458404541,0.0,-0.7323310441159353,0.2296014194313199,0.0428191723968976,0.396
10.701327800750732,0.0,0.0,0.24644770809597738,0.07608935963496424,0.396
10.711507081985474,2.21037217472772,0.7367907249092399,0.32192374726768247,0.0712709842918014,0.396
10.721696853637695,0.7360321954187042,-1.4720643908374085,0.2875565612996165,-0.010242425258861654,0.404
10.731889963150024,-0.7357911725492947,-20.602152831380252,0.3663010209600085,-0.009305353249464542,0.404
10.742063999176025,-0.737170576242589,-20.640776134792493,0.2989546945493397,-0.004560224356544081,0.404
10.752240419387817,0.0,-4.421987208021929,0.3045594182599677,0.04223792205719945,0.404
10.76241946220398,0.0,-4.420847894317703,0.3170807776692795,-0.014190589581400622,0.404
10.772586822509766,0.0,-2.9506183608863874,0.2941719992863504,0.030774965448667157,0.404
10.782782793045044,-0.7355847071203087,-4.413508242721852,0.4245060675505875,0.05215754728075804,0.398
10.792952299118042,0.7374989449992967,-4.4249936699957795,0.41681577771720707,0.0777389203425846,0.398
10.803120136260986,0.0,-3.6880999835861843,0.46461116226524235,0.020573416186354793,0.398
10.81328558921814,0.7377929966930131,2.2133789900790393,0.4949712389645734,0.03399886739009037,0.398
10.823450565338135,0.0,-9.591758883546383,0.6370882486508589,0.1515344195421725,0.402
10.833619356155396,0.0,0.0,0.5830733851344748,0.14107211886477003,0.402
10.843925952911377,0.0,-0.7276892826574752,0.6954077197329689,0.13107996978535325,0.402
10.854088306427002,0.0,-3.69009009009009,0.7297668790951419,0.02301097873107765,0.402
10.864251136779785,0.0,-3.6899169520949653,0.7767551673158138,0.07794404492835169,0.402
10.874415636062622,0.7378622194075012,0.0,0.8076575685731262,0.0572600836795828,0.402
10.884585857391357,0.0,0.0,0.8376948493482541,0.017856292107886428,0.405
10.894782304763794,0.0,0.0,0.7971352803547439,-0.02093712754384617,0.405
10.904947280883789,0.0,0.7378276064266448,0.7392913787667894,-0.0018029306780651677,0.405
10.915144681930542,0.7354815178508802,0.0,0.8228881164502392,0.06279297335687878,0.405
10.925373077392578,0.0,0.0,0.8757959579532386,0.09681113283793555,0.401
10.935588836669922,0.0,0.0,0.8250190024215034,0.14615828121114557,0.401
10.945921182632446,0.7258758105083416,0.0,0.8218136599255726,0.0453257446258266,0.401
10.95612096786499,0.0,0.0,0.8457860285983306,0.05680211574380488,0.401
10.966322660446167,0.7351721236766459,0.0,0.9074958538967952,0.049585388258819744,0.401
10.976505517959595,0.0,0.7365319597284008,0.885036476435573,0.07994630116217158,0.401
10.986745595932007,1.464832596041909,1.464832596041909,0.8762348273581938,0.0244953860750437,0.401
10.996997356414795,0.0,0.7315816646898765,0.8288056362487227,0.03270328401934667,0.401
11.00718355178833,0.0,2.208871828480479,0.7647585564553154,0.008382220283065747,0.401
11.017354488372803,0.0,2.9495808720112517,0.7078674112651178,0.13089527620622238,0.401
11.027523517608643,0.7375335271499578,-0.7375335271499578,0.8034616350118742,0.08838738048791148,0.4
11.03781247138977,1.4578741744873132,0.0,0.7022714432690076,0.06468667502595762,0.4
11.047988653182983,0.0,8.107166487043719,0.7339915081141675,0.0707332804498039,0.4
11.05815601348877,0.0,0.0,0.7039637451120938,0.053813330363942855,0.4
11.068325996398926,0.0,-1.4749287321830458,0.6968871640932431,0.09108689813833373,0.4
11.07850170135498,0.0,2.948198687910028,0.6178710628219632,0.005917532796723447,0.4
11.088708877563477,0.0,0.0,0.6321742589865038,0.08778355050425395,0.4
11.098888874053955,0.736738957328212,1.473477914656424,0.5225269488878034,0.06910999216002807,0.4
11.109063148498535,0.0,5.897226414210057,0.5393707195172234,0.05103561287222253,0.4
11.119277238845825,0.0,0.0,0.47715373967379576,0.0792855870476122,0.4
11.129449367523193,0.0,4.423852806750263,0.47715373967379576,0.0792855870476122,0.397
11.139619827270508,0.0,0.0,0.43121113044920417,0.1082968497742665,0.397
11.1499342918396,0.0,2.908536822153391,0.4167600389725265,0.061951482292020174,0.397
11.160140991210938,0.734811492641906,7.34811492641906,0.3895442961152736,0.04935950364800516,0.397
11.170315504074097,0.7371360281195078,2.9485441124780314,0.42929131940044973,0.1415248903994349,0.397
11.180490732192993,0.0,4.422505272037115,0.351070874725684,0.14559701403444333,0.397
11.19071912765503,1.4665056758583714,-0.7332528379291857,0.3968409737617864,0.08972566433071358,0.395
11.200903177261353,0.7364457450544305,8.100903195598734,0.3237503268703636,0.055927917646306516,0.395
11.211108684539795,0.7348973250788459,8.083870575867305,0.2530895758824535,0.024719882702785016,0.395
11.221295833587646,0.7362216813330836,2.9448867253323345,0.27596916468177257,0.12419398704317444,0.396
11.231468200683594,0.0,0.0,0.220809450971592,0.06468261996134414,0.396
11.24164366722107,0.0,0.0,0.12128100967453041,0.09808346212965531,0.396
11.251946926116943,0.0,6.551325234293649,0.11857876187754193,0.06599860521051795,0.396
11.262114763259888,1.4752399934344735,3.6880999835861843,0.08600810259934726,0.09605644255834032,0.396
11.272284030914307,0.0,4.4250974140154264,0.026390407846587888,0.0896006754166968,0.396
11.28246545791626,0.0,0.0,-0.031136798795270038,0.11840624364826355,0.393
11.292743682861328,-0.7296979819067502,-0.7296979819067502,-0.03429753244979286,0.08028154573842412,0.393
11.302965879440308,0.7336974927113702,3.668487463556851,-0.08011024370471265,0.12385198370481014,0.393
11.313135862350464,0.0,-0.7374643660915229,-0.08557040887734399,0.10301225983544471,0.393
11.323318004608154,0.0,8.839004378673286,-0.19544530980385866,0.14714732780880216,0.392
11.333487749099731,0.7374816551400774,0.0,-0.13950044601365552,0.2065650526516184,0.392
11.343738079071045,0.0,0.0,-0.18648240727437004,0.24379808212765103,0.392
11.353959083557129,0.7337830650804759,4.402698390482855,-0.15070874226109363,0.15483363559634206,0.392
11.36417269706726,0.0,0.0,-0.15089234024305942,0.14246578875833027,0.392
11.374353408813477,-0.736687197021147,-1.473374394042294,-0.19050660958750337,0.14227621087671893,0.392
11.384530067443848,0.7369806016305875,5.158864211414113,-0.2113832145584816,0.115946445574372,0.393
11.394829511642456,0.7281946341350494,4.369167804810297,-0.22747895375866498,0.10052352924108052,0.393
11.405003786087036,0.0,0.7371533017762572,-0.2839117273051097,0.13378355895347957,0.393
11.415175914764404,-0.7373088011250439,0.0,-0.3326602316281891,0.14924890786263673,0.393
11.425348281860352,-0.7372915201800028,-0.7372915201800028,-0.36603353552892454,0.17537613697444135,0.397
11.435522556304932,0.0,-2.9486132071050286,-0.3539297647451796,0.1670123825267647,0.397
11.44571828842163,0.0,-2.2068057244411188,-0.3475867264786912,0.19591319809749747,0.397
11.455907106399536,0.7361010881010881,13.985920673920672,-0.28396261267798295,0.1850126136858442,0.397
11.466111421585083,0.0,0.0,-0.2615510279969824,0.15421034797783412,0.397
11.47632646560669,0.0,1.468422453028358,-0.26360309598830944,0.13952334363221844,0.397
11.486509084701538,0.0,0.0,-0.2910544464942272,0.11747592637999234,0.397
11.496724605560303,0.0,-0.7341769552127336,-0.34744077318910416,0.09359852911258036,0.397
11.506895780563354,-0.7373779330067274,0.7373779330067274,-0.36010217348590834,0.11064104243557003,0.397
11.517072200775146,0.0,2.2109936040109646,-0.32093185944114877,0.0744271659318946,0.397
11.527240991592407,0.0,0.7375508194415137,-0.29286229784082274,0.045129716769572545,0.399
11.537408590316772,0.0,0.0,-0.30489769752493057,0.10302131091209096,0.399
11.547577857971191,0.0,0.0,-0.3203864818658093,0.05379895161183325,0.399
11.557825088500977,-0.7319050721265705,0.0,-0.3285698302025807,0.0407652377746851,0.399
11.567995071411133,0.0,0.0,-0.2953328448530156,0.03364557670983309,0.399
11.578171253204346,0.7370151351857925,0.0,-0.3031069313020148,0.11029218278934107,0.399
11.588343620300293,0.0,0.7372915201800028,-0.32637977498386284,0.10035592993933917,0.397
11.598516941070557,0.0,0.0,-0.2762484244951907,0.10904365339284511,0.397
11.608820676803589,0.0,-1.4557826781127796,-0.3067197614153189,0.0901730040292831,0.397
11.619034767150879,0.0,0.0,-0.2900262326778551,0.13308653481166555,0.397
11.629209995269775,0.7370842120061858,-2.948336848024743,-0.2900262326778551,0.13308653481166555,0.4
11.639411211013794,-1.470412975903896,0.0,-0.20575302567943346,0.055693519727955915,0.4
11.649580717086792,-0.7374989449992967,0.0,-0.23360180457827737,0.06001435886992508,0.4
11.659783601760864,0.0,0.0,-0.26066138018824814,0.08640929896088795,0.4
11.669955015182495,0.0,0.0,-0.23764845648504873,0.02454042847721446,0.4
11.680126667022705,1.474686730890936,0.0,-0.15444302960083547,0.0032591831807438475,0.4
11.69029712677002,-0.7374297904261803,0.0,-0.19374288846790638,-0.0235787564495767,0.401
11.700465679168701,0.0,-0.7375681125439625,-0.15073623928472515,0.026200522844546728,0.401
11.710880279541016,-2.160428551806236,-0.7201428506020786,-0.1806570601670548,-0.04433241367729292,0.401
11.72108244895935,-0.7351377626136337,2.940551050454535,-0.12044701443539889,-0.03638518612389373,0.402
11.731260299682617,2.210682845697955,0.0,-0.12542691883738777,-0.05852885887818991,0.402
11.741431474685669,2.212133799020182,0.0,-0.09845896059525348,0.0499224841746259,0.402
11.751606702804565,0.0,0.0,-0.11671918580351745,0.038385659623836485,0.402
11.761858463287354,2.926326658759506,-19.02112328193679,-0.0997286561315964,-0.01930617570657482,0.402
11.772027015686035,0.0,0.0,-0.054808882624614155,-0.030392765687327364,0.402
11.782196283340454,0.7375162356692377,0.0,-0.15936942044903063,-0.050524452501480244,0.402
11.792380332946777,0.7364457450544305,0.0,-0.11195808100203819,0.04002406037091019,0.402
11.802547931671143,0.0,0.0,-0.07075882300888514,0.022138150758195963,0.402
11.812760353088379,-2.203199327636924,-7.3439977587897465,-0.052544162015518245,0.040925247054341266,0.402
11.822945356369019,0.0,-0.7363767878461575,-0.04135050192296515,0.09758720645879858,0.402
11.83311676979065,0.7373606488209647,1.4747212976419295,-0.04011259870133406,0.06797036894502544,0.402
11.843282699584961,0.7377583902061493,-0.7377583902061493,-0.021654726764742848,0.06035063835083439,0.402
11.8534517288208,0.0,-2.950134108599831,-0.00572904462058272,0.06959079816710274,0.402
11.863617420196533,0.0,0.0,0.08216064130978416,0.1521498549912508,0.402
11.873862981796265,-2.1960728829730294,-5.856194354594745,0.0629514261356544,0.07668740272995217,0.402
11.884032011032104,0.0,-1.4750670542999156,0.11056619168571505,0.11838414389770793,0.403
11.894203662872314,2.2120300963364037,0.0,0.1468101211090423,0.08699266924830318,0.403
11.90437126159668,0.7376372930638277,0.0,0.17355123060657146,0.09448065052183502,0.403
11.914881706237793,1.4271518011069775,0.0,0.2523203458745793,0.08819790403305117,0.403
11.925119161605835,0.0,0.0,0.2062422772343519,0.10707932852890988,0.406
11.935338973999023,-1.4677373148256152,-3.6693432870640383,0.3116541306174597,0.10634321180412326,0.406
11.945541381835938,0.0,0.0,0.2679115513297037,0.13236003394815762,0.406
11.955758333206177,0.0,0.0,0.32556619194634134,0.16440959650578554,0.406
11.965960025787354,1.4703442473532917,0.7351721236766459,0.3248653559995644,0.10422588778614536,0.406
11.976170301437378,0.0,-2.20366234676007,0.3463924894449203,0.05192547130304771,0.406
11.986374139785767,-0.7350175241833731,-1.4700350483667461,0.3224313364776437,0.07830238551405293,0.408
11.996565103530884,0.0,-0.7359460976979225,0.3337688786141664,0.10719455358925994,0.408
12.006859540939331,-0.728548797998981,0.0,0.39587948992824273,0.07164873480107219,0.408
12.017030000686646,-1.4748595808523606,0.0,0.3979646597787758,0.0933667949590592,0.408
12.027204036712646,1.474341152485178,0.0,0.32675027229320147,0.07304428861182789,0.407
12.037372589111328,-0.7375681125439625,0.0,0.37527356671356765,0.07055839713069872,0.407
12.047544479370117,-1.47465216576036,0.0,0.3758248076931008,0.14742370314489767,0.407
12.057721853256226,0.73692880736524,0.0,0.4004656936124462,0.10917805032867409,0.407
12.067901372909546,-0.7367734682405845,0.0,0.31555265029361157,0.10118915004989479,0.407
12.078112363815308,0.0,0.0,0.29353412616158636,0.10590866225250034,0.407
12.08828067779541,-0.7375854064573613,0.0,0.2789915650568832,0.12515961668591774,0.404
12.098449945449829,-0.7375162356692377,1.4750324713384755,0.32275421383591585,0.12583818562844376,0.404
12.108638286590576,0.0,-0.7361355392787775,0.30447535518802227,0.1376113164181058,0.404
12.11886978149414,0.0,2.9321228503518664,0.27222817204638755,0.09009032064374793,0.404
12.129042863845825,5.897917457639035,8.109636504253672,0.3408561586848095,0.062486205048943616,0.406
12.13921332359314,-13.273736227671247,-4.424578742557082,0.3393100337467606,0.07663782500420746,0.406
12.149389266967773,-0.7370324031770576,-0.7370324031770576,0.3236550834570095,0.1151076700987951,0.406
12.1595618724823,0.0,0.0,0.23406869242316522,0.09233305294608732,0.406
12.16977834701538,-0.734108422207183,0.0,0.26980784690010856,0.12409850703987282,0.406
12.18004298210144,-1.4613281304438714,0.7306640652219357,0.21862397847412882,0.14204670189597723,0.406
12.190285205841064,0.0,1.4645257105612328,0.21054682172819997,0.17697679128925442,0.401
12.200445652008057,-1.4763131218321757,1.4763131218321757,0.20927811359411072,0.085457115780583,0.401
12.210605144500732,0.0,0.7382258518727118,0.20036761988712332,0.14801663273313528,0.401
12.220911264419556,-1.4554459018668886,-0.7277229509334443,0.2136585454032543,0.06133820162601675,0.402
12.231111526489258,0.7352752261412243,3.6763761307061213,0.20548004297172534,0.07812869863773121,0.402
12.241277694702148,0.7377410881801125,3.688705440900563,0.22886865501401393,0.054256851558434495,0.402
12.251436710357666,-1.476521004459047,0.0,0.2495046794374577,0.024266312067579156,0.402
12.261592864990234,-1.4769369453964973,0.0,0.2320762188458581,-0.06483322107936064,0.402
12.271770477294922,0.7369115442278861,1.4738230884557721,0.1926088084581933,-0.05682373817097275,0.402
12.281961917877197,-0.7359116642492864,0.7359116642492864,0.17043884990877475,-0.12254561739827237,0.399
12.292124271392822,-0.738018018018018,0.738018018018018,0.09311142822789498,-0.1360091324401343,0.399
12.30228328704834,0.0,1.476521004459047,0.1598980757059223,-0.10560629194710659,0.399
12.31244444847107,0.0,0.7381046012341913,0.11299786583749628,-0.09309249708412626,0.399
12.322600364685059,-0.7384858088597789,0.0,0.0523364298655343,-0.030934058048075086,0.399
12.33287000656128,0.0,0.7303078423178715,0.09948546959633942,-0.10546951252121192,0.399
12.343027830123901,0.0,0.0,0.027229674418792454,-0.08321733769925954,0.399
12.353187799453735,-1.476382409536772,0.738191204768386,0.012265051098495683,-0.13126991949673192,0.399
12.363344192504883,0.0,0.0,0.005228001271599864,-0.11361370863151551,0.399
12.373501539230347,0.0,1.4767636081966058,0.07951541842192383,-0.10368035711036631,0.399
12.383668184280396,0.0,0.0,0.0233308009812946,-0.13003584806292803,0.402
12.39402723312378,0.0,0.7240046951598426,0.022547752163144377,-0.07077098820073166,0.402
12.404189586639404,0.0,0.738018018018018,-0.007207795432811644,-0.12836641073999927,0.402
12.414346694946289,0.0,1.4767982723815782,0.09076941180266002,-0.12190190431455851,0.402
12.424513578414917,2.2130675609126937,1.4753783739417958,0.08356986541074049,-0.10987228105667862,0.401
12.434670686721802,0.0,0.0,0.01434535726778191,-0.09749385653817785,0.401
12.44485068321228,0.0,0.0,-0.00042168689929204806,-0.13762553376534495,0.401
12.455008268356323,-0.7383644728194535,0.7383644728194535,0.009539852255005338,-0.17132084622270954,0.401
12.465174436569214,0.0,0.7377410881801125,0.07120264569227412,-0.19433088307874277,0.401
12.475367069244385,0.0,0.0,0.02123539985903261,-0.13775720402679129,0.401
12.48658275604248,0.0,0.0,0.024088692442939416,-0.11848637953798755,0.395
12.49693489074707,0.7244882542607093,0.7244882542607093,-0.05798930499629356,-0.06690473472373032,0.395
12.507167100906372,0.0,0.732979472004101,-0.012474623697274506,-0.0499044387520078,0.395
12.517379522323608,0.7343997758789746,0.0,-0.031843073313304285,-0.025287449555195504,0.395
12.527674436569214,0.7285150532654007,0.0,-0.028328634734560182,-0.009134797692884833,0.397
12.537957191467285,0.7293765215979967,0.0,-0.01979598092536404,-0.07600097071345135,0.397
12.548173904418945,0.0,0.0,-0.05828030369296447,-0.028693625652699215,0.397
12.558384418487549,0.0,0.0,-0.02354658710474268,-0.046832470129997604,0.397
12.56856107711792,0.7369806016305875,0.0,-0.08927266008115856,-0.057443661073137954,0.397
12.578739643096924,0.0,0.0,-0.04908310233250787,0.008769654876399566,0.397
12.588979005813599,0.7324674598924256,0.0,-0.08100055562698238,0.014859245762961285,0.396
12.599153757095337,-0.7371187552722842,0.0,-0.13911517635626655,0.015018621911030698,0.396
12.60933256149292,0.0,0.7368252406717729,-0.1085436960359141,0.05903500893925931,0.396
12.619544267654419,0.0,1.4689024304825944,-0.0015748413159996644,-0.0041546901862085095,0.396
12.629747867584229,-5.145242890856836,-7.350346986938336,-0.0015748413159996644,-0.0041546901862085095,0.4
12.640008211135864,-1.4619393516904844,-5.116787730916696,-0.05000969353457985,0.0374204625135303,0.4
12.650177001953125,0.7375508194415137,6.637957374973624,-0.08830522673006838,-0.013600544815213377,0.4
12.660348653793335,-4.424060192672807,-2.2120300963364037,-0.00619195178850894,0.016364627315414354,0.4
12.670522451400757,0.0,0.0,-0.1006815646720927,-0.00519722908235557,0.4
12.680693626403809,-0.7373779330067274,-0.7373779330067274,-0.04658410643075203,0.051987124427826284,0.4
12.691015005111694,-0.7266471090988889,-0.7266471090988889,-0.043267416254920726,0.0848091770955018,0.402
12.701189517974854,0.0,0.0,-0.016013737789963414,0.06797082384605692,0.402
12.711361408233643,0.0,0.0,0.0020245482671829296,-0.01638871240240866,0.402
12.72153615951538,0.0,0.0,0.02836415008649585,-0.05662835482256928,0.4
12.731734275817871,0.0,-0.7354299340720999,-0.0032359432229458404,-0.08032756415623284,0.4
12.742000818252563,0.0,0.0,0.010504375452871209,-0.060920698179107405,0.4
12.752182483673096,-0.7366181945907972,0.0,-0.0005259053147191814,-0.03766575853875121,0.4
12.762359142303467,-0.7369806016305875,-0.7369806016305875,0.0014895827283683202,0.007039084233812373,0.4
12.772534132003784,0.0,-0.7371014832345291,0.052713967321538845,0.040871539568878734,0.4
12.78273606300354,0.0,0.0,0.0652270601145068,-0.030000420663473748,0.4
12.792994022369385,0.0,0.0,0.06169081876785758,-0.011361945564135827,0.4
12.8031644821167,0.0,0.0,0.04309933555458602,-0.041570368765752014,0.4
12.813333511352539,0.0,-0.7375335271499578,-0.0049027689635030985,-0.12705249903946692,0.4
12.82351279258728,0.7367907249092399,0.0,-0.02468315136824506,-0.11423199968906798,0.401
12.8336820602417,1.4750324713384755,0.0,0.005908493129423223,-0.08953359960001203,0.401
12.843873500823975,-1.471823328498573,0.0,0.024980086691372416,-0.08873984918797599,0.401
12.854042291641235,-0.7375508194415137,0.0,0.07016176940212246,-0.1587501809171754,0.401
12.864212989807129,0.7374125038092783,0.0,0.06319270676242053,-0.08202482650706212,0.401
12.874390363693237,0.0,0.0,0.035205089978787275,-0.14068089428433184,0.401
12.884562253952026,0.0,0.73732608288018,0.0505477046902522,-0.08084009119392965,0.402
12.89481782913208,3.6565477159130535,0.7313095431826107,0.07624341375027902,-0.04677972719724014,0.402
12.905005693435669,0.7361699936814022,0.0,0.03587538314916241,-0.05414437401675586,0.402
12.915378332138062,0.0,0.0,0.05614731378430006,-0.04599806766920835,0.402
12.925676822662354,0.0,0.0,0.08347259207933647,-0.09168536949544573,0.401
12.936045169830322,-6.510198675496689,-1.446710816777042,0.15064724951082253,-0.0450535588112604,0.401
12.946239709854126,-7.356879253490493,0.0,0.0824858775780922,-0.006302586030691663,0.401
12.956415891647339,0.0,0.0,0.13577106814556114,0.010206431422623747,0.401
12.966594219207764,0.0,-0.7368597596683142,0.06676832550566558,0.08942753126912675,0.401
12.976807355880737,0.0,-0.7343483437215491,0.12180551497709097,0.0759839337465435,0.401
12.987049102783203,0.0,0.0,0.09391654258335376,0.10704976511138031,0.4
12.997248411178589,0.0,-0.7353439771850674,0.15202625718980015,0.07367786461131608,0.4
13.007422685623169,0.0,-0.7371533017762572,0.08635989959283215,0.05844354993729511,0.4
13.017598152160645,0.0,-0.7370669415871974,0.13432591789161924,0.02196173375331112,0.4
13.027790069580078,0.0,0.0,0.07827567224024488,-0.04331997525479849,0.4
13.037968158721924,0.0,-0.73687702037948,0.10056953463473894,-0.04403894300241368,0.4
13.048142671585083,0.7371360281195078,0.0,0.12002532294633789,0.048150656036184764,0.4
13.05832552909851,0.0,0.0,0.13291248151017468,0.041835523335642694,0.4
13.068496704101562,1.4747558660134548,0.0,0.13283854780394805,-0.000582834849977093,0.4
13.078666925430298,0.0,0.0,0.09995878269633648,-0.02573344353335639,0.4
13.088919639587402,0.0,0.0,0.09995878269633648,-0.02573344353335639,0.399
13.099101781845093,-0.7365836982227738,0.0,0.0979635637104361,0.03451454973690368,0.399
13.10928225517273,0.736704449648712,0.0,0.0979635637104361,0.03451454973690368,0.399
13.11950159072876,0.0,-2.9356115997480345,0.07569189324677,-0.0453685438455164,0.399
13.129688739776611,0.7362216813330836,0.0,0.08306214345791363,-0.0231211845497558,0.401
13.13992166519165,0.0,-3.664641192917055,0.07261944065666134,-0.023144723267915,0.401
13.150131464004517,0.734588422109614,0.0,0.11839959333054229,-0.0014018497949007114,0.401
13.160301923751831,0.0,0.0,0.11464769728598301,-0.07319115286675064,0.401
13.170471668243408,1.4749633102801547,-0.7374816551400774,0.14920260627618165,-0.045300132192426616,0.401
13.180649757385254,1.47375404075896,-0.73687702037948,0.11944178346406097,-0.055288084623587204,0.401
13.190861940383911,0.7344169215324633,-2.20325076459739,0.11932460468622566,-0.02399982067993408,0.401
13.20103907585144,0.736946071311437,0.0,0.1729339364984898,-0.02268295358054242,0.401
13.211225509643555,0.0,-0.7362733762434172,0.0917982518743173,-0.030812082618231734,0.401
13.221419095993042,0.0,0.0,0.1127132223884488,-0.08424148764414068,0.399
13.231609106063843,0.0,0.0,0.20932763766989362,-0.03003419710972347,0.399
13.241881847381592,1.4601749947780072,-0.7300874973890036,0.1790061081745471,0.07257447837643605,0.399
13.252066373825073,0.7364112648360137,0.0,0.15281893189263548,0.034997415036546575,0.399
13.262246131896973,2.2102686371407825,0.0,0.12275722184074592,0.062498892718326635,0.399
13.272422790527344,0.0,0.0,0.1410594067575637,0.07712210771572217,0.399
13.282602787017822,1.473477914656424,0.0,0.20566261422458004,-0.0060407203457262994,0.399
13.292863845825195,1.4618374459779728,-0.7309187229889864,0.19697005425982433,-0.008638561819071128,0.399
13.303092002868652,0.0,0.0,0.2113744709896295,-0.011931663731085593,0.399
13.31329870223999,0.734811492641906,0.0,0.15809391963581543,0.007884712898014365,0.399
13.323464393615723,0.7377756930437638,-1.4755513860875276,0.21499449158698475,0.048324829823140875,0.396
13.333633661270142,1.4750324713384755,0.7375162356692377,0.18304639690624935,0.026447840019513474,0.396
13.343970537185669,0.0,0.0,0.1999095805355215,0.09296926905034858,0.396
13.354207515716553,0.7326380510981205,-0.7326380510981205,0.21759862483733927,0.14799095388858127,0.396
13.364378213882446,0.0,0.0,0.19491697768435912,0.1833490494231264,0.396
13.374558210372925,0.736738957328212,0.0,0.19942613838100415,0.15102917197401372,0.396
13.38472867012024,0.7374297904261803,0.7374297904261803,0.21453288910061769,0.20986562379286477,0.397
13.395123720169067,0.721497247706422,-0.721497247706422,0.2228766161994432,0.16905158883019972,0.397
13.405350923538208,1.4666766132040283,0.0,0.1556580530180742,0.2191967626964974,0.397
13.415563344955444,0.0,0.0,0.19642094795385837,0.220999417729151,0.397
13.425731658935547,0.0,0.0,0.17264093585936396,0.20263395375557025,0.402
13.43592357635498,2.943508936090577,0.0,0.20619899362777838,0.22729428537068275,0.402
13.446094751358032,0.0,0.7373779330067274,0.22574034531116444,0.10560596323200576,0.402
13.456265687942505,0.7373952180028129,0.0,0.16394059696568808,0.2008208900139245,0.402
13.466442823410034,0.0,0.0,0.13584057140708772,0.1724941020503245,0.402
13.47663950920105,0.0,0.0,0.11215973109117963,0.18762228737368458,0.402
13.48695969581604,0.7267310446795731,0.7267310446795731,0.1537500772048246,0.186398192488452,0.403
13.49714970588684,0.7360149742629855,0.0,0.19491218096800034,0.14529947176648642,0.403
13.507321119308472,0.0,0.0,0.19231832060485182,0.14209584391519336,0.403
13.517491102218628,0.7374643660915229,0.7374643660915229,0.18006552840818468,0.13720145637791628,0.403
13.527661561965942,0.0,0.7374297904261803,0.19304089149013942,0.14490128395299276,0.398
13.537923336029053,0.0,0.0,0.16930739255602428,0.15391938108505174,0.398
13.548094749450684,0.7373606488209647,0.0,0.18232910198840754,0.2211480369158336,0.398
13.558265209197998,0.0,0.7374297904261803,0.14286558711448208,0.2543926011430229,0.398
13.568435668945312,0.0,0.0,0.14286558711448208,0.2543926011430229,0.398
13.578611135482788,0.0,0.0,0.10542311595013343,0.2010052956889082,0.398
13.588868379592896,0.0,0.0,0.10542311595013343,0.2010052956889082,0.401
13.599059104919434,0.0,0.7359633156306296,0.1469145889831909,0.16653059628670155,0.401
13.609233856201172,-2.2113562658168524,-0.7371187552722842,0.1469145889831909,0.16653059628670155,0.401
13.619446754455566,0.7343654869735736,0.7343654869735736,0.07552067770760476,0.16015789374753261,0.401
13.62962031364441,-5.160435893229594,-2.9488205104169105,0.07552067770760476,0.16015789374753261,0.399
13.639865636825562,3.6602066461882155,2.1961239877129293,0.12243841826341412,0.17674168402616422,0.399
13.650055408477783,0.0,0.0,0.08734861202227953,0.26715329248233566,0.399
13.660227060317993,1.474686730890936,0.0,0.04602866326510444,0.23205437227417644,0.399
13.670399188995361,1.4746176022500879,0.0,0.07385044024232897,0.155199869587854,0.399
13.680570840835571,-5.161403558118276,-6.636090289009212,0.1259064142610725,0.19132300752339268,0.399
13.69075608253479,0.0,0.0,0.06272974367922547,0.17547102172305862,0.401
13.700950860977173,-1.4713414405986902,2.9426828811973804,0.04589318828557435,0.1255784830074937,0.401
13.71112060546875,-1.4749633102801547,0.0,0.03977894884705965,0.12697276890127557,0.401
13.721293210983276,-3.686371200224998,-0.7372742400449996,0.005319570623051807,0.16805040826006432,0.401
13.731505870819092,-0.7343826310260301,0.7343826310260301,0.020601986043302538,0.0906932510195649,0.401
13.741691827774048,-0.7363078435503124,0.7363078435503124,-0.01797253385820734,0.03262109428203951,0.401
13.751869916915894,-0.73687702037948,0.0,0.0569721095445653,0.01696997712935535,0.401
13.762049198150635,-0.7367907249092399,0.0,0.12005653341297615,-0.0186632245875075,0.401
13.772267818450928,-1.4679085394307045,-0.7339542697153523,0.07149791217187636,0.05231725781876621,0.401
13.782441854476929,0.0,0.0,0.08769591672533009,0.03583325352163956,0.401
13.792615413665771,0.0,0.0,0.06533576308661208,-0.0007597620625559472,0.401
13.8028404712677,-0.7334922004336978,0.0,0.056836627400486985,0.0669915143029933,0.401
13.813031673431396,-0.735928880570827,0.0,0.042479130629554655,0.039788741179480905,0.401
13.823206663131714,-2.2113044497035874,-2.2113044497035874,0.015537227946908594,0.0056477422534947225,0.403
13.833378791809082,1.4746176022500879,2.9492352045001757,0.015993431220864072,0.03244119277144569,0.403
13.8435537815094,-3.6855074161726455,-2.9484059329381163,-0.02762742484560987,-0.03840794772029831,0.403
13.853746891021729,-1.4715823450985894,0.0,0.0309973614439112,0.00882644126800946,0.403
13.863933801651001,0.0,0.0,0.028827887324380477,-0.09648611065345503,0.403
13.874101638793945,0.0,0.0,0.06325008873199012,-0.09712172593036321,0.403
13.884272575378418,0.0,0.0,0.06887050349427581,-0.0298236494163069,0.4
13.894445896148682,-0.7372224044996485,1.474444808999297,0.05659362042572857,-0.05271643321859737,0.4
13.904618740081787,-2.2117708821599322,-2.94902784287991,0.0855610409347672,0.01961244405918325,0.4
13.91488766670227,0.0,0.7303587100369158,0.04556066018510027,-0.06785836075425791,0.4
13.925114393234253,-0.7333724996503007,-0.7333724996503007,0.05519167082587981,-0.07602249732712607,0.399
13.935307264328003,-1.4716167664670659,0.0,0.1311228456691196,-0.12714620708267071,0.399
13.945482015609741,0.0,0.0,0.06853247774858415,-0.17297843236143415,0.399
13.95565152168274,-1.4749978899985934,-1.4749978899985934,0.07979591210615417,-0.12322793712285872,0.399
13.96598505973816,0.0,-0.7257920723547598,0.08145511913373372,-0.11190657616907232,0.399
13.97615909576416,0.0,0.0,0.08315444711789814,-0.0738837223526358,0.399
13.986357688903809,2.2061866467177857,1.470791097811857,0.10767803795376674,-0.17060804181405317,0.396
13.996574878692627,-2.2021710925467866,-2.2021710925467866,0.14000090204120405,-0.21246081437506356,0.396
14.006758689880371,-0.7364629863744908,0.0,0.15805555969073318,-0.1877301968523548,0.396
14.016949653625488,-0.7359460976979225,0.0,0.15399780118825857,-0.20153635242763415,0.396
14.027119636535645,-1.4749287321830458,0.0,0.032395937265298484,-0.14465654589626994,0.396
14.037293672561646,-1.474341152485178,0.737170576242589,0.07782217522345093,-0.09280826550865197,0.396
14.047478199005127,0.0,0.0,0.06025943666381421,-0.1153582212136279,0.396
14.057648658752441,0.0,-0.7374297904261803,0.1670235482565437,-0.1030371684854956,0.396
14.067838430404663,-0.7360321954187042,0.0,0.25680899656239287,-0.09351757315422887,0.396
14.078010559082031,0.0,0.0,0.12134315933007495,-0.18637320553051542,0.396
14.088183164596558,0.0,-0.7372742400449996,0.12134315933007495,-0.18637320553051542,0.396
14.098353147506714,-0.7374643660915229,0.0,0.2262900827136633,-0.12227181458064626,0.396
14.108521223068237,-1.475205402363534,0.0,0.18675644284210158,-0.201106829897791,0.396
14.118695974349976,2.948475021089137,0.0,0.15812121080298636,-0.22942046446611603,0.396
14.128921270370483,1.4669501958589815,0.0,0.2404446549948571,-0.17442740367176945,0.394
14.139098882675171,1.4738230884557721,0.7369115442278861,0.23402359251463067,-0.18183652084622626,0.394
14.149270296096802,-1.4747212976419295,0.0,0.1482880339156833,-0.10392981642824184,0.394
14.159437656402588,0.7376545902215969,0.0,0.16171256958155614,-0.1745583590020153,0.394
14.169620752334595,0.0,-0.7365147151787595,0.1486987098812672,-0.22585303150668917,0.394
14.18007516860962,0.7174001687609751,-0.7174001687609751,0.19166669306133477,-0.09708250315607914,0.394
14.19040322303772,0.0,0.0,0.17387472330148648,-0.11715056852853543,0.397
14.20061707496643,-0.734296918767507,-0.734296918767507,0.13192487396273234,-0.14427440068195485,0.397
14.210862874984741,1.4640145204076884,5.124050821426909,0.19983744589561553,-0.14806469777319992,0.397
14.22111439704895,-6.584388111074934,-3.65799339504163,0.17895619127688864,-0.15867379268193865,0.398
14.23128628730774,5.89860866304144,0.0,0.14214677566177603,-0.0702628335058954,0.398
14.241491794586182,0.0,1.4697946501576917,0.12551577931301533,-0.017283910167966626,0.398
14.251680135726929,0.0,-1.472271078557555,0.1063142347220337,-0.11323422506567445,0.398
14.261993885040283,8.726215585196144,0.7271846320996787,0.10451525482029218,-0.03558845831103437,0.398
14.27220368385315,0.0,0.0,0.10982291316762854,0.011162790932861683,0.398
14.282378673553467,0.0,0.0,0.10823564390808456,-0.07165377775559797,0.396
14.292557001113892,-0.7368597596683142,0.0,0.11806971874434899,-0.061848782585665785,0.396
14.302726984024048,0.7374643660915229,0.0,0.14542348089862617,-0.10977144643346413,0.396
14.312932014465332,0.0,0.7349316636684344,0.07264991131097037,-0.07198020080557473,0.396
14.323100090026855,0.0,0.0,0.11255560721990288,-0.016050018841973705,0.398
14.333285808563232,3.6816253920696593,0.7363250784139319,0.14138900594423875,-0.0425089673984959,0.398
14.343453168869019,0.7376545902215969,0.0,0.08316559962206703,-0.042888037616900826,0.398
14.353622198104858,-0.7375335271499578,0.0,0.1162800440261309,-0.01883993317554064,0.398
14.36380386352539,0.0,0.0,0.04219536084863254,0.01562633760339441,0.398
14.373974800109863,0.0,-0.7373952180028129,-0.017512909063777306,0.026552566138007685,0.398
14.384143590927124,0.0,-1.4751016388830274,0.12455614547006076,0.1262006632764483,0.4
14.394313335418701,0.0,0.0,0.17800892838269508,0.027755689009921546,0.4
14.404483795166016,0.7374297904261803,0.0,0.07508085227062698,0.0727672836353692,0.4
14.414655923843384,-2.2119264033751316,1.4746176022500879,0.100200331496722,0.1232091528084699,0.4
14.424872875213623,2.2022224815065456,1.4681483210043638,0.09143749466568792,0.04619994786220402,0.398
14.435091495513916,-2.201862809146057,-0.7339542697153523,0.05243698290722057,0.15097980736779204,0.398
14.445300817489624,0.0,-0.7346227318371826,0.08920596515945745,0.11668053775739748,0.398
14.45547080039978,0.0,-0.7374643660915229,0.07530679845318382,0.013634421938815262,0.398
14.465638875961304,0.0,-2.950410804727068,0.10368076453595358,0.10575949386244853,0.398
14.47585391998291,-4.405267359085074,3.671056132570895,0.11570859364151084,0.16702057133967602,0.398
14.486070156097412,-0.7341255542590431,0.0,0.08822779275203596,0.07864386238770234,0.4
14.496336460113525,0.0,-2.9221811425917323,0.07445518487465741,0.08720778596831627,0.4
14.50655198097229,5.873415641701869,0.0,0.11074200024373404,0.14071471222590776,0.4
14.516751527786255,0.7353267882187938,0.7353267882187938,0.14560602969444245,0.07546033546157768,0.4
14.52693772315979,19.879846456324312,4.417743656960958,0.1291577744736431,0.09817471353138757,0.401
14.537108659744263,0.7373952180028129,0.0,0.04437308894954846,0.02976439733387775,0.401
14.54727816581726,-0.7374989449992967,0.0,-0.011382910998973067,0.07352256662193797,0.401
14.5574471950531,0.0,0.0,0.04290016961300997,-0.021513487684652915,0.401
14.567620277404785,-0.7372396822048793,0.0,0.03391979599380436,-0.088289345295361,0.401
14.577787160873413,-0.7376891869708979,0.0,0.10888625516417988,0.019457104956323763,0.401
14.587981224060059,0.0,-0.735722337862806,0.10439541183142287,0.06774209155801318,0.4
14.598152160644531,4.424371308016878,0.0,0.02664686835051763,0.1590037860948092,0.4
14.60834527015686,0.7357911725492947,-1.4715823450985894,0.10562261500934098,-0.01704657905031705,0.4
14.618571758270264,0.0,-0.7333895973702003,0.05017223411007067,0.1186823394447414,0.4
14.628745794296265,-0.737170576242589,0.0,0.044770301940897754,0.15727296830242188,0.403
14.638994932174683,0.7317688657299711,0.0,0.0407720697700946,0.17772864937792932,0.403
14.649182319641113,0.0,0.0,0.11432510244610998,0.1671994527209096,0.403
14.659351110458374,0.0,0.0,0.06467154612907053,0.11962002361763645,0.403
14.669519186019897,-1.475205402363534,0.737602701181767,0.012504625022054829,0.20363442593861472,0.403
14.679688215255737,1.4750670542999156,-0.7375335271499578,0.009706523581693535,0.1808451018039796,0.403
14.689908266067505,0.0,0.0,0.06290081011920068,0.11882480595936692,0.402
14.700132369995117,0.0,0.0,0.12603191866587057,0.14725363001484582,0.402
14.7103431224823,0.0,0.0,0.057588430970618304,0.14597625542662465,0.402
14.72050929069519,0.0,-0.7377410881801125,0.10796761337469327,0.19529488160651792,0.4
14.730679512023926,0.0,-0.7374470778535762,0.10732187899950511,0.12306199361266755,0.4
14.740875482559204,0.0,-0.7355847071203087,0.05009928905753064,0.16081930125480076,0.4
14.75106167793274,-2.9451624379739725,2.208871828480479,0.023415574898055954,0.21036143168073843,0.4
14.761335372924805,0.0,0.0,0.024461258883561557,0.158073453558531,0.4
14.771524667739868,2.2081999204436435,-0.7360666401478811,0.03357458148384829,0.2081583057067367,0.4
14.781702995300293,0.0,0.0,0.10186716414963115,0.1965433478329811,0.398
14.791902542114258,-6.6179410939691445,1.4706535764375877,0.07448225660601104,0.196022839757294,0.398
14.802096843719482,11.03557696805276,0.7357051312035174,0.052137293860677336,0.19064464667739608,0.398
14.812284708023071,5.889359949451218,-0.7361699936814022,0.05906131352751141,0.11689177532890982,0.398
14.822457075119019,0.0,-0.7372915201800028,0.12908075319766968,0.09845369862355499,0.401
14.832627534866333,0.0,-0.7374297904261803,0.14995001383911624,0.09880510346687638,0.401
14.84282112121582,0.0,0.0,0.081673877129225,0.011006732324779792,0.401
14.853042602539062,0.0,0.0,0.10344083910698265,0.09754882790411434,0.401
14.863214015960693,0.0,0.0,0.0802658595488872,0.11001817230708526,0.401
14.873385906219482,-0.73732608288018,-1.47465216576036,0.024123327238559852,0.13904235307840035,0.401
14.883565187454224,0.0,0.0,0.02187022564576723,0.21239566675322433,0.398
14.893738269805908,0.0,-0.7372396822048793,0.04834946934660337,0.11778586609151645,0.398
14.903926849365234,-1.4722366265736884,-0.7361183132868442,0.006232873721741233,0.11225460567269652,0.398
14.914106845855713,0.0,0.0,0.08233307129665354,0.20628284623753068,0.398
14.924310207366943,-1.470103748013833,0.0,0.12227479689110139,0.12234849764125846,0.398
14.934501886367798,0.0,0.0,0.021540020319962633,0.15665407489473024,0.398
14.944682598114014,0.0,0.0,0.0789077757209889,0.16823638711580202,0.398
14.954892873764038,0.0,0.0,0.0488590544649332,0.10969935003644189,0.398
14.965076208114624,-1.4729949428731972,0.0,0.023531534272775857,0.09804112259666661,0.398
14.975282669067383,-2.2044859725758603,0.0,0.09351251039917709,0.2190765403856753,0.398
14.985449075698853,0.0,0.0,0.1260673547111048,0.09851329769483488,0.4
14.995627880096436,0.0,-2.9473009626870916,0.050372685947365395,0.10316864638154885,0.4
15.005893230438232,2.191839464882943,-4.383678929765886,0.15879633417138683,0.17399037384654994,0.4
15.016294002532959,0.0,0.0,0.15453009640591703,0.08446892928768684,0.4
15.02650785446167,0.0,0.0,0.06516915398260274,0.0765425963211713,0.397
15.036691665649414,0.0,-1.4729259727489816,0.10385155670526142,0.06458668293770248,0.397
15.046983003616333,-1.4575364299779914,0.0,0.18560195055811585,0.07128451169099162,0.397
15.0571608543396,-0.7368942818993183,-0.7368942818993183,0.05416693938437247,0.10077206184247937,0.397
15.067330598831177,-0.7374816551400774,-0.7374816551400774,0.11210158843028004,0.09663532179478096,0.397
15.077500343322754,-0.7374816551400774,0.0,0.0881528182376089,0.03781025998096826,0.397
15.087679624557495,0.0,-1.4735814498184798,0.05756750437928041,0.07567793075010154,0.397
15.097926139831543,-0.7319561625985992,-0.7319561625985992,0.23902333247350097,0.07608647541147832,0.397
15.10819673538208,0.0,-1.4604800594270857,0.10122376826405753,-0.03866921795124591,0.397
15.11837387084961,0.0,-1.473892142622874,0.10451940725742528,-0.06253025095472001,0.397
15.128594160079956,-6.604509762754567,4.4030065085030445,0.17056967868534076,0.03849856042135229,0.399
15.138770580291748,-0.7369978680036549,-0.7369978680036549,0.19564462023933699,0.039186130060861114,0.399
15.149036407470703,-0.7305792187282271,0.0,0.13043571004925597,0.02848758703727737,0.399
15.159210681915283,0.0,-1.4743066035525143,0.1460509315480008,0.06106480221715415,0.399
15.169391870498657,-0.7366526941901037,-0.7366526941901037,0.09260129025261689,-0.0488344613118033,0.399
15.179564476013184,0.0,0.0,0.15925436981234387,-0.03024915624843283,0.399
15.18990707397461,-1.4503125864453665,0.0,0.1505773102092271,-0.0761363926530687,0.402
15.200135231018066,-1.46653986013986,-0.73326993006993,0.10367185832748108,-0.04506786484578022,0.402
15.210310697555542,0.0,0.0,0.17125485196098617,0.03140422904635046,0.402
15.220481395721436,-2.2122375114278348,0.0,0.14887487481097028,-0.08549160346518189,0.397
15.230653285980225,-2.21197824864054,0.0,0.08990282561912205,-0.1032494481451271,0.397
15.240930795669556,0.0,0.0,0.17248276075639868,-0.07413044960272076,0.397
15.25115180015564,-1.4675661301609517,-0.7337830650804759,0.17113855603151934,-0.04770155042857902,0.397
15.26133108139038,0.0,0.0,0.0992364553655186,-0.09497694045665675,0.397
15.271528005599976,0.0,-0.735515911057074,0.19699795100872902,-0.014224802802590093,0.397
15.28175687789917,-0.7332186560380393,-1.4664373120760785,0.19375864331221826,-0.08056016354398421,0.397
15.291992425918579,-0.732740443968228,0.0,0.09827070961779535,-0.08321599261826926,0.397
15.30216646194458,-1.474341152485178,-1.474341152485178,0.15489949692585997,-0.08427242533256077,0.397
15.312341928482056,0.0,0.0,0.16634794086515964,-0.165970998494367,0.397
15.322519540786743,-1.4738230884557721,0.0,0.13152694277947236,-0.14455496103961746,0.402
15.332690477371216,0.0,0.0,0.18315730040749226,-0.13078772009237502,0.402
15.342912435531616,-0.7337146055884685,0.0,0.11538684984011824,-0.15573708618217313,0.402
15.353103876113892,0.0,-2.943646656997146,0.08933881649438942,-0.1337466830239969,0.402
15.363284587860107,-0.736687197021147,-0.736687197021147,0.17515977706863453,-0.06923686372459356,0.402
15.37345838546753,-2.9487514060742406,0.0,0.162807937482903,-0.13985816931259765,0.402
15.383631467819214,0.0,0.0,0.09978896981563327,-0.10027712369441423,0.398
15.393809080123901,-1.4738230884557721,-0.7369115442278861,0.19440098703317146,-0.04258851924043845,0.398
15.404027462005615,0.0,0.0,0.2552809272633724,-0.1846292889030134,0.398
15.414200067520142,0.0,-1.4745484800899993,0.17118174128552516,-0.16645226115721526,0.398
15.424368143081665,0.0,0.0,0.1981745838706165,-0.10791177907910737,0.398
15.43453860282898,-1.4748595808523606,-1.4748595808523606,0.18821025730830745,-0.17925171387147237,0.398
15.44472885131836,0.0,0.0,0.13685385506473066,-0.17612442891658298,0.398
15.454953908920288,-0.7334922004336978,-0.7334922004336978,0.18372846852477842,-0.1286217794130739,0.398
15.46512246131897,0.0,-0.7375681125439625,0.2164701554743564,-0.18291948680287404,0.398
15.475291728973389,0.0,-0.7375162356692377,0.182946819420838,-0.20786494074195852,0.398
15.48546814918518,0.0,0.0,0.1784893230309852,-0.13349065585326667,0.399
15.495647668838501,-0.7367734682405845,0.0,0.2008579946288963,-0.1346408926611885,0.399
15.505939722061157,0.0,-2.1861527057079315,0.1566554374085879,-0.24899704357874897,0.399
15.51615571975708,0.0,-1.468285374221102,0.16635952110801838,-0.2303843319845819,0.399
15.526357650756836,0.0,0.0,0.1968456629153349,-0.20615731442917737,0.4
15.536535501480103,0.0,-1.4737885637986365,0.1563958216704509,-0.18697543398072303,0.4
15.546707153320312,0.0,-0.737343365445468,0.20052828574697204,-0.15855710434628745,0.4
15.556886196136475,0.0,-0.7368079823862838,0.2389240450834198,-0.19683858245000574,0.4
15.567132711410522,0.7319561625985992,-0.7319561625985992,0.13754930439774143,-0.10955075027572371,0.4
15.57730221748352,0.7374989449992967,0.0,0.1528888325807618,-0.09468852310187141,0.4
15.587477922439575,0.0,0.0,0.19020324367492342,-0.17896442347933195,0.398
15.597665548324585,0.7361872220922069,-1.4723744441844138,0.20224235502149368,-0.21004770695728925,0.398
15.607854843139648,0.0,0.0,0.16914620374719763,-0.054501551592236686,0.398
15.61812710762024,0.0,0.7301213879540444,0.1914244118799912,-0.16987422826896015,0.398
15.62830376625061,0.7369806016305875,-1.473961203261175,0.2338180203361036,-0.11025047844250267,0.4
15.638489484786987,0.0,-1.4726501568278638,0.23309562285567237,-0.09810446398703426,0.4
15.648660659790039,0.0,-0.7373779330067274,0.1660524931304463,-0.0626341234790149,0.4
15.658973932266235,0.0,0.0,0.18659572249241707,-0.08471908175106896,0.4
15.669161081314087,2.208665043999251,-2.208665043999251,0.23151046400901604,-0.17950096352928008,0.4
15.679332971572876,0.73732608288018,-0.73732608288018,0.19431627346973734,-0.10148404119283651,0.4
15.68950366973877,0.0,0.0,0.1681552262721916,-0.01147049097460591,0.395
15.69967246055603,0.7375508194415137,-1.4751016388830274,0.20107255774052413,-0.10996379575149325,0.395
15.709840297698975,0.7376199967172368,0.0,0.1876060329982385,-0.15197950287157935,0.395
15.720057487487793,0.0,0.0,0.20501409320127945,-0.015860192719757846,0.396
15.730223655700684,0.7377410881801125,0.0,0.23910018263108623,-0.05159517777926357,0.396
15.740391969680786,0.7375854064573613,0.0,0.175544717309504,-0.07691028925523252,0.396
15.750571250915527,0.0,0.0,0.16713082327450218,0.00016616010813953752,0.396
15.760799884796143,0.0,0.0,0.24272781315034375,0.025732347551856535,0.396
15.771018981933594,0.0,0.0,0.20777107290759222,-0.04135837106725125,0.396
15.781197547912598,0.0,0.0,0.18617462815364638,0.008323421142995634,0.397
15.791374683380127,5.895568570491496,-2.947784285245748,0.20805243727348433,0.010058877371884233,0.397
15.801557540893555,0.0,-1.4730639194568016,0.2401263879143729,-0.022091004938370927,0.397
15.811731338500977,2.2115635545556804,0.0,0.13484621934412594,-0.04112862445169359,0.397
15.822082281112671,0.0,0.0,0.147266267167953,0.0034154687877797213,0.395
15.832249641418457,0.7376545902215969,-0.7376545902215969,0.26871371948709166,0.012492530381544856,0.395
15.842421770095825,1.4746176022500879,-0.7373088011250439,0.2695865081790791,0.0811728804199916,0.395
15.852590322494507,0.0,0.0,0.1461792636754192,0.07564871365147532,0.395
15.862761497497559,0.7373779330067274,-1.4747558660134548,0.16247958842887855,0.004655563361689284,0.395
15.873004674911499,0.7321946791425179,0.0,0.28654262127478625,0.018536766336211367,0.395
15.883193016052246,0.7361355392787775,0.0,0.24712559278448987,0.06003334191060775,0.399
15.893364429473877,2.2120819464628942,0.0,0.20347014138550845,0.07349334511162267,0.399
15.903533697128296,0.0,0.0,0.23696851079048858,0.169931445042583,0.399
15.913726568222046,0.0,0.0,0.25907547395362773,0.08500509358547524,0.399
15.92394232749939,0.7341598207617624,0.0,0.16026985463972002,0.03775102613273175,0.395
15.934298276901245,0.7242213831844553,0.0,0.19617040981792122,0.1385384975784113,0.395
15.944478988647461,0.736687197021147,-0.736687197021147,0.2289553232931691,0.09406117398300654,0.395
15.954656600952148,0.0,-0.7369115442278861,0.16419230676675717,0.10407812291506308,0.395
15.964826822280884,1.4748941557071524,0.0,0.1840019376569425,0.1789257130548137,0.395
15.975122928619385,0.0,0.0,0.2120854201228835,0.21298117348697687,0.395
15.985292196273804,1.4750324713384755,0.0,0.1937996616417325,0.17485207086150353,0.398
15.995470523834229,0.0,0.0,0.22017805746686597,0.15222380604415334,0.398
16.0056414604187,0.0,0.0,0.24856963617110045,0.1372547812714643,0.398
16.01582407951355,0.0,0.0,0.1265762094284893,0.12497301356926752,0.398
16.026051998138428,0.0,0.0,0.11579259660324623,0.1508459896682276,0.396
16.036232948303223,0.0,0.0,0.24469742604559985,0.15869055794480577,0.396
16.046444177627563,0.0,0.0,0.099184100491861,0.10742225556206769,0.396
16.056625843048096,0.0,0.0,0.08809164011465354,0.12224758747470081,0.396
16.06680655479431,2.210061591063441,-1.473374394042294,0.2199558765625571,0.12682137858207349,0.396
16.07699966430664,0.7357911725492947,0.0,0.1586828810643347,0.1060806639954697,0.396
16.08717179298401,0.7373088011250439,0.0,0.08120204421140158,0.12326733493265668,0.398
16.09735417366028,2.9462658050014046,0.7365664512503511,0.14289808439631413,0.11189733192746702,0.398
16.107523679733276,0.0,0.0,0.12972218941701374,0.05775338394660948,0.398
16.117707014083862,0.7364974714365986,0.0,0.1388308927700603,0.09659884964204168,0.398
16.127941608428955,0.0,0.0,0.18545943269837784,0.13806572718295282,0.398
16.138123989105225,0.0,0.0,0.14232537167733228,0.10840184575290344,0.398
16.148295640945435,0.737343365445468,0.0,0.11958417003485354,0.15202648592918214,0.398
16.15847134590149,0.737049671977507,-0.737049671977507,0.09546735019197003,0.1638050295645432,0.398
16.16863989830017,1.475136225087925,0.0,0.10146239144431718,0.11312292129509581,0.398
16.17882204055786,0.0,-0.7365836982227738,0.17892623045275918,0.08375361079064553,0.398
16.18914031982422,0.0,0.0,0.17892623045275918,0.08375361079064553,0.401
16.19931721687317,0.0,0.0,0.1373458341320406,0.15004910799743584,0.401
16.209486961364746,0.0,0.0,0.0835757792337677,0.08355303508756567,0.401
16.21965456008911,0.0,0.0,0.09302908268586384,0.0947674516434256,0.401
16.22982406616211,0.0,0.0,0.131199664767887,0.15185863616550627,0.4
16.24000906944275,0.0,0.0,0.08861947122137473,0.11366984361759952,0.4
16.25021505355835,0.0,0.0,0.07591128785542862,0.1427559162516881,0.4
16.260382413864136,0.0,0.0,0.11702112432573994,0.10587264225113185,0.4
16.27055335044861,0.0,0.0,0.10009305870322321,0.10024819641077536,0.4
16.280730724334717,0.73692880736524,0.0,0.08927866970069262,0.1492655829683135,0.402
16.291012048721313,0.0,0.0,0.03062756852092903,0.16567259440267096,0.402
16.301197290420532,0.0,0.0,0.14494353758400902,0.16353751816755116,0.402
16.311372995376587,0.0,0.0,0.08243302770134048,0.10534868119167588,0.402
16.321541786193848,2.212652458324541,-1.4751016388830274,0.046540257821406694,0.0858324227076982,0.399
16.33170986175537,-1.475205402363534,1.475205402363534,0.10219002490496287,0.06710613704338557,0.399
16.341974020004272,0.0,0.0,0.14055687691530885,0.06376505563081032,0.399
16.35219120979309,0.0,-1.4681140616978579,0.10425577316461385,0.11202736087341317,0.399
16.36236047744751,0.0,0.0,0.10234477506377454,0.0014762752030233472,0.399
16.372528553009033,2.950410804727068,0.0,0.10868405605525723,0.06411186487246157,0.399
16.3826961517334,-3.6881864653191387,4.4258237583829665,0.03482551473341865,0.05440205128574496,0.397
16.392882585525513,4.417640257460503,-2.9450935049736686,0.044534252349939935,0.05123440989041507,0.397
16.403074741363525,0.7358600201174296,-1.4717200402348591,0.10229787632332749,-0.03508588785543741,0.397
16.413282871246338,2.2041255605381167,0.7347085201793722,0.09664202649509633,0.014830247051440745,0.397
16.423452854156494,0.0,0.0,0.05840625506435397,0.04705131857833343,0.399
16.433622360229492,0.0,0.0,0.08430615214309534,0.07398878385556883,0.399
16.443790197372437,0.0,-0.7376199967172368,0.11645563341134152,0.06841463111419548,0.399
16.45399498939514,0.0,0.0,0.12363320258294128,-0.033715859450991134,0.399
16.46420431137085,0.0,0.0,0.1623424379044109,0.005367208348212971,0.399
16.47437596321106,-0.737343365445468,0.0,0.17068641264511986,-0.00770443034571347,0.399
16.484546422958374,0.0,0.0,0.10849764082373961,-0.010483725009969413,0.403
16.494722843170166,0.0,-1.4739957360073097,0.13745083309746658,0.027061887571836377,0.403
16.50496554374695,0.0,0.0,0.0817985388765827,0.029442162299501445,0.403
16.51519227027893,0.0,0.0,0.08096619340232789,0.1136844080329068,0.403
16.525396823883057,0.0,-0.734966005467162,0.06982291478950994,0.1360279103491232,0.403
16.535618782043457,0.0,0.0,0.09163964262798366,0.11790793670409525,0.403
16.545827627182007,-0.7346570447698452,0.0,0.06665471462753231,0.07764691179963805,0.403
16.556023359298706,0.0,0.0,0.0812525542126803,-0.009959593855855542,0.403
16.566198348999023,0.0,0.0,0.12000617464692273,-0.04327974393689747,0.403
16.57636857032776,0.0,0.0,0.046692927631312386,-0.01854407888413198,0.403
16.586544275283813,-1.474099343955014,0.0,0.08314737907047087,0.04551477347596753,0.403
16.596725702285767,0.0,0.0,0.01665047400598033,0.05266586826059525,0.403
16.60699963569641,0.0,0.0,0.04282371926663914,0.05604958799900963,0.403
16.617308855056763,0.0,0.0,0.1459949728926852,0.056204280033095896,0.403
16.627493619918823,0.0,0.0,0.1459949728926852,0.056204280033095896,0.403
16.63766384124756,-0.7374470778535762,1.4748941557071524,-0.06397132027558002,-0.0021571430597072117,0.403
16.647834539413452,-0.7374125038092783,0.0,-0.07543920099933094,0.042136104413428785,0.403
16.65813183784485,-4.370078258856217,5.098424635332252,-0.19639827519351963,0.0285171667992994,0.403
16.668305158615112,5.160556831497539,0.0,-0.1260605822630403,0.03314688898727708,0.403
16.678473711013794,0.0,0.0,-0.3119317515125337,-0.049053461623565,0.403
16.688647747039795,0.0,0.0,-0.3119317515125337,-0.049053461623565,0.403
16.698834657669067,0.7362389121632691,6.626150209469422,-0.3851502048079007,-0.06230028002942553,0.403
16.70902395248413,0.0,1.4721332802957623,-0.3439462438786298,-0.06424532287605972,0.403
16.719231843948364,0.0,0.734725680252248,-0.488658736756046,-0.15801641805937228,0.402
16.729401111602783,0.0,0.7375162356692377,-0.48776845458721685,-0.1334058376728887,0.402
16.739569664001465,0.0,0.7375681125439625,-0.5534598281156842,-0.14387319815022662,0.402
16.74974536895752,0.0,0.0,-0.5123214802390569,-0.06509304862294092,0.402
16.759979963302612,0.0,0.7328087217834929,-0.6113951099006418,-0.12572042035779482,0.402
16.770166397094727,0.0,0.0,-0.6451524795129905,-0.08730326317026978,0.402
16.780406951904297,0.0,0.0,-0.6698981270435013,-0.03840837138517867,0.402
16.790629625320435,0.0,0.0,-0.7165414625729781,-0.0159327451645823,0.402
16.800825119018555,0.0,0.0,-0.7641031942081941,-0.09323077270158892,0.402
16.811031818389893,0.0,0.0,-0.7165235429409154,-0.11394320494217551,0.402
16.821200370788574,-0.7375681125439625,-0.7375681125439625,-0.7278709331401696,-0.12083183142123072,0.402
16.83137273788452,0.7372915201800028,-1.4745830403600055,-0.8103414618071466,-0.1028235179942919,0.402
16.8415424823761,0.0,-1.4749633102801547,-0.8494524905291317,-0.1192130613914395,0.402
16.851711988449097,0.0,-0.7374989449992967,-0.7379343197798017,-0.06612262552297665,0.402
16.861881256103516,0.0,-2.2125487070077132,-0.7108571004615054,-0.14463495560135897,0.402
16.87206792831421,1.472512287600056,-0.736256143800028,-0.7778899427472,-0.12978510122528247,0.402
16.882237672805786,0.0,-0.7374816551400774,-0.7794464195585721,-0.03280907297424625,0.402
16.892406940460205,-1.4750324713384755,-4.4250974140154264,-0.7638525460141931,-0.03690969120813834,0.402
16.902584314346313,1.47385761473048,-1.47385761473048,-0.7873075975405097,-0.10489868982901708,0.402
16.912755489349365,1.4747558660134548,-2.212133799020182,-0.756584254617789,-0.06700633127375799,0.402
16.922964572906494,-0.7346398879028491,-2.203919663708547,-0.7498288650198108,-0.07879363981926008,0.401
16.933201789855957,0.7326209884018817,-1.4652419768037634,-0.7788358763951301,-0.09830164072330416,0.401
16.943373203277588,0.0,-3.6868032441048237,-0.7342568500284254,-0.041629781692768465,0.401
16.95363688468933,-0.7307319566075867,-2.19219586982276,-0.5848125970538416,-0.0027087171807248364,0.401
16.963810682296753,0.0,-3.6859392575928007,-0.6534062402767745,-0.10601899366247249,0.401
16.974114656448364,0.0,-2.1836234902124114,-0.643446537465951,-0.14428155610684013,0.401
16.984622716903687,0.0,-1.4274756092027046,-0.5895252760075874,-0.029595996168258233,0.395
16.994818449020386,0.7356019081470395,-4.4136114488822376,-0.6085228133085463,-0.06974228015695008,0.395
17.00502371788025,0.0,-2.2047434819175775,-0.6668811582810912,-0.05991622443005006,0.395
17.015198945999146,0.0,-4.422505272037115,-0.5986049762070649,-0.021028120573659752,0.395
17.025387287139893,0.0,-2.2084066178363324,-0.5846177147904111,-0.016311197722230126,0.394
17.03558087348938,0.7357567535960706,-2.2072702607882118,-0.4357957557883664,0.04017270117194857,0.394
17.045767068862915,0.0,-5.154034266454452,-0.415549688253172,-0.011938372432547958,0.394
17.055992126464844,0.0,-2.2004766013010935,-0.4282594794698428,-0.018128868560811986,0.394
17.06622338294983,0.0,-5.131334560622655,-0.43819361393663014,-0.03039957364482808,0.394
17.076396942138672,0.7372051276042276,-2.211615382812683,-0.38045424199711664,0.010040478851031865,0.394
17.086586952209473,0.0,-4.416089845577913,-0.28444319544774793,0.037749750915343945,0.398
17.096798419952393,0.0,-5.1412785430772825,-0.16288246155086136,-0.018657238541764848,0.398
17.10712718963623,0.0,-3.6306357047227733,-0.15635588362968605,-0.007268407074978653,0.398
17.11730980873108,0.0,-1.4730984101711582,-0.1691343359459942,0.003986748614807967,0.398
17.127522706985474,0.7343654869735736,-5.140558408815015,-0.20527697940180029,-0.01706778880383661,0.397
17.137720346450806,0.0,-2.2063929673618254,-0.189260269737538,0.040236647801947245,0.397
17.147904872894287,0.0,-3.682056324180069,-0.18403670778306386,0.06426069560987638,0.397
17.15809392929077,0.0,-2.9443354548858105,-0.07856835826888582,0.05284177632589798,0.397
17.168265342712402,0.0,-1.4747212976419295,-0.012461456411773049,-0.029838677759715805,0.397
17.178446054458618,0.0,-4.420123182126882,-0.06690459208702187,-0.04208460357579362,0.397
17.188618421554565,0.0,-2.949166080720011,-0.16777244873546943,0.013344365501137587,0.399
17.198803663253784,0.0,-3.6817977528089885,-0.0991091293127357,0.0069863508174043965,0.399
17.209017515182495,0.0,-2.937187675070028,-0.036627672509758034,0.02713319744017716,0.399
17.219200134277344,0.0,-3.6827460254278956,0.020131763834880932,0.06481688146813312,0.397
17.229372262954712,0.0,-1.4746176022500879,0.022446703088399154,0.009295113280964808,0.397
17.23954200744629,0.0,-1.4749633102801547,0.05408483544361884,0.01559262607843167,0.397
17.24975299835205,0.0,0.0,-0.07147802816564411,0.006829907237013148,0.397
17.25999093055725,0.0,-2.9302792203255628,0.07988732422783869,0.057735955392641286,0.397
17.270231246948242,0.0,-4.394395473912132,0.08904938740191498,0.077864500036204,0.397
17.280399799346924,0.0,-3.687840562719812,0.14395105367161656,0.049957412890726444,0.4
17.29057216644287,0.0,-3.686457600900014,0.0912057572727242,0.027510350794372862,0.4
17.30075168609619,0.0,-1.473546936481169,0.056244635458599146,-0.029458413404427494,0.4
17.31101942062378,0.0,-2.1913305159522594,0.015608373609941412,0.04198129596468175,0.4
17.321203231811523,0.0,-2.9458519454979633,0.049581896856950886,0.04633472978442833,0.399
17.331379175186157,0.0,-2.9481296127082306,0.09388985285096471,0.07514661746007789,0.399
17.34160804748535,0.0,-2.932874624152157,0.13130407493224727,0.04633288613785849,0.399
17.351791620254517,0.0,-1.4729604570037225,0.18314079906177086,0.02259081980001714,0.399
17.362013339996338,0.0,-2.9349268770554895,0.04548965945210377,0.06377990655462369,0.399
17.372199773788452,0.0,-1.4725467524868343,0.07761869199809045,0.018492107064784248,0.399
17.382375240325928,0.0,-2.9482677663487897,0.07356648001119295,0.029534358269814362,0.392
17.392544269561768,0.0,-2.950134108599831,0.07356648001119295,0.029534358269814362,0.392
17.402713537216187,0.0,-2.950064942676951,0.07356648001119295,0.029534358269814362,0.392
17.412886381149292,0.0,-1.474513921439955,0.11802749340376022,-0.01788559466577179,0.392
17.42310667037964,0.0,-2.2015032542515223,0.03777571241662234,-0.005191368428232625,0.395
17.433315753936768,0.7346398879028491,-0.7346398879028491,-0.028095262520523107,-0.016432922831721944,0.395
17.443481922149658,0.0,-2.213223264540338,0.00041096506297974567,0.05057816206779894,0.395
17.45365071296692,0.7375508194415137,-3.687754097207568,0.07007922145279459,0.0857763177763761,0.395
17.463823080062866,0.0,-0.7372915201800028,0.14356520866674827,0.0472868863783684,0.395
17.474116563796997,0.0,-5.100314077917265,0.11507008121231024,0.02855360505707568,0.395
17.484325408935547,0.0,-1.4693140895396903,0.02441273956524409,-0.021097707686644797,0.396
17.4944965839386,0.0,-2.9495117320269095,0.04288183993271738,0.02123765829505435,0.396
17.50468349456787,0.0,-3.6811945608163454,0.016432780903545247,0.06508270996941415,0.396
17.514871835708618,0.0,-1.472271078557555,0.047879778741620374,0.021027934566269668,0.396
17.525063276290894,0.0,-2.2077349927478593,0.10269953163103342,0.010791052978971226,0.396
17.535325288772583,0.0,-1.46170159379211,0.07838397468650746,0.06539129531934743,0.396
17.54553246498108,0.0,-1.4695543305615248,0.10171885232502459,0.08446636992748885,0.396
17.555709838867188,0.73692880736524,-2.94771522946096,0.07313393372904854,0.051504900951823133,0.396
17.565882205963135,0.0,0.0,0.06290944919173684,-0.00448796852778309,0.396
17.576136589050293,0.0,-2.9255782376191584,-0.04075702972987531,0.04284192724235624,0.396
17.58635187149048,-0.7341940904635205,-1.468388180927041,0.014720890653893044,0.07810759434531914,0.393
17.5965256690979,0.7371878515185601,-2.9487514060742406,-0.029034784489435125,0.06658564703295461,0.393
17.606717824935913,0.0,-2.207580060352289,0.03901925805544944,0.02378744526339365,0.393
17.616958141326904,0.0,-2.197197736956066,0.03506594423159598,0.037795568625983406,0.393
17.62722158432007,0.0,0.0,-0.008608513865370815,-0.019014486615944987,0.398
17.63738989830017,0.0,-2.950341625829445,-0.02487263209963625,-0.02051433076365638,0.398
17.647560358047485,0.0,-1.4748595808523606,0.010848090074601392,0.06322527196733999,0.398
17.6577467918396,0.0,-2.2088201287302516,0.05019110383098344,0.06384417745106341,0.398
17.667917490005493,0.0,-2.2122375114278348,-0.01606091018662633,0.0009464663096409309,0.398
17.678169012069702,0.0,-1.463197358016652,-0.04655929319078807,-0.0068683444824171325,0.398
17.688344955444336,0.0,-4.422194419062346,-0.038129952003063516,0.018080483289787078,0.399
17.698522806167603,0.0,-2.210682845697955,0.060668324778199716,0.09186123422871759,0.399
17.708698749542236,0.7370324031770576,-2.9481296127082306,0.135041904582572,0.05429617139393303,0.399
17.718886613845825,-0.7361699936814022,-0.7361699936814022,0.03617886259081395,0.0008360819334676597,0.399
17.729076862335205,0.0,-2.2079932617393134,-0.0334742356668854,-0.010906805934195421,0.396
17.73924708366394,0.0,-2.2123412335607284,-0.05799384149517686,0.010068173376695626,0.396
17.74941658973694,0.0,-1.4749978899985934,-0.025287497839868354,0.04446117895104617,0.396
17.759584665298462,0.0,-2.950410804727068,-0.04964137481615213,-0.051768491531117226,0.396
17.76975393295288,0.0,-0.7375162356692377,-0.054409459464989415,-0.05860798819476805,0.396
17.77993083000183,0.0,-1.4739266721330677,-0.0602837514484156,-0.009063236092354217,0.399
17.790261268615723,0.0,-2.178029495257218,0.03211041883328745,0.03076909513846553,0.399
17.800450801849365,0.0,-2.2081482521409517,-0.021924828706480118,-0.02057620409715602,0.399
17.81063961982727,0.0,-1.4722021762021762,-0.09334723122548909,-0.04868745467690001,0.399
17.82081937789917,0.0,-2.2102686371407825,-0.10362133255177944,-0.03378196969788741,0.398
17.83102512359619,0.0,-2.2046404709620147,-0.0337195614525462,0.025841060023146366,0.398
17.84121346473694,0.0,-0.7361355392787775,-0.06880618345674454,-0.05090167595412328,0.398
17.851389169692993,-0.737049671977507,-1.474099343955014,-0.07309658348322433,0.007450320757779793,0.398
17.86155867576599,0.0,-2.9499957799971868,0.006434137114473704,0.08318463293161317,0.398
17.871728658676147,0.0,-1.4749287321830458,-0.003613391959272098,-0.010408404357895615,0.398
17.881904363632202,0.0,-4.422298031865042,-0.04907876303461685,-0.07991569327775404,0.396
17.892175912857056,0.0,-1.4603444594029988,-0.12869554039876763,-0.0648496557060682,0.396
17.90234613418579,0.7374470778535762,-0.7374470778535762,-0.0720655007692184,-0.02961178812009341,0.396
17.912517547607422,-0.7373606488209647,-2.949442595283859,-0.027023926149252614,-0.00628698764895074,0.396
17.92268657684326,-0.7375335271499578,-0.7375335271499578,0.029514606044345054,-0.061760752577292966,0.397
17.932864665985107,0.73687702037948,-2.21063106113844,0.01738815557395331,-0.023681887447135664,0.397
17.943064212799072,0.0,-1.4706535764375877,-0.08868118493221745,-0.0491762296920658,0.397
17.95326042175293,0.0,0.0,-0.06469862985714274,-0.009397225465169516,0.397
17.963435888290405,0.0,-3.6853347079359873,-0.041093742106641386,-0.04123461650236163,0.397
17.97362446784973,-0.7361183132868442,-0.7361183132868442,-0.1156591534128775,-0.009900030673543992,0.397
17.983798265457153,0.0,-2.9487514060742406,-0.0709271225538699,0.07875960446390522,0.396
17.994050979614258,0.731513615329163,0.0,-0.034079436179337716,-0.030894277377816616,0.396
18.004270315170288,0.0,-2.2017086998110256,-0.04973704707592521,-0.008912863202869579,0.396
18.01448106765747,-0.7345198122679618,-0.7345198122679618,-0.15557423074616672,0.023453653680731795,0.396
18.024648189544678,0.0,-1.4753437763812025,-0.1414656298605344,0.0011689568193633294,0.394
18.034837245941162,0.0,-2.9443354548858105,-0.11892650372370683,-0.10045875145247254,0.394
18.045168161392212,0.0,-1.4519526436038863,-0.1403411658118971,-0.0995768783478587,0.394
18.055355072021484,0.0,0.0,-0.04343967583693769,0.01995946422973775,0.394
18.06552791595459,0.0,-2.2117708821599322,-0.055885613452068245,-0.04035716207109975,0.394
18.07569980621338,0.0,-2.94930433152072,-0.14501928795536262,-0.08602553538851146,0.394
18.085871934890747,0.0,-1.4746176022500879,-0.09685858319981597,0.0028502152347814544,0.4
18.096129417419434,0.0,-2.9246942333170627,-0.01850615216925531,-0.022760636555859234,0.4
18.10629630088806,0.0,-2.9507567478835917,-0.11249996932294065,-0.05380126820120923,0.4
18.116465091705322,0.7375508194415137,-2.212652458324541,-0.17269566746823858,0.01497711201553495,0.4
18.126651287078857,0.0,-1.4725812189869862,-0.05936184645500407,0.07469724933521243,0.397
18.136873245239258,0.0,-0.7337146055884685,-0.019441857463799332,0.01728045272323514,0.397
18.14717960357666,-0.7277061164060331,-1.4554122328120662,-0.05858456769659438,-0.006413671129171802,0.397
18.15739107131958,0.0,0.0,-0.07610254947667598,-0.06664374235390644,0.397
18.167566299438477,0.0,-3.685421060030929,-0.09722948907820515,-0.10047951386843201,0.397
18.177736043930054,0.0,-0.7374816551400774,-0.1029638274724623,-0.0005442699130133021,0.397
18.187910795211792,0.7371187552722842,-1.4742375105445684,-0.1029638274724623,-0.0005442699130133021,0.4
18.198224544525146,0.0,-2.181553896299036,-0.12450268293224384,-0.040557375462051314,0.4
18.208447217941284,0.0,-0.733663269351867,-0.10795491384530947,-0.03807875402200617,0.4
18.21865177154541,-0.734966005467162,-2.204898016401486,-0.1589717269274749,-0.06198536691770734,0.4
18.228858709335327,-0.7347943285604167,-2.2043829856812502,-0.2056514295533925,0.019200703687393066,0.402
18.23907470703125,0.0,-0.734142687110551,-0.14166666423438068,-0.01793927881922354,0.402
18.249335289001465,0.0,-0.7309526907705177,-0.0710465917100355,-0.10486516650794207,0.402
18.25951099395752,0.0,-2.211149015932521,-0.021325647435577817,0.03624452756797242,0.402
18.26968240737915,0.0,-2.2120819464628942,-0.13700397315183727,0.0023393047342043626,0.402
18.279850482940674,0.0,-2.950410804727068,-0.1257134978019841,-0.050447500386755,0.4
18.2900812625885,0.0,-2.9323278413460416,-0.11743402184282577,-0.086450662067023,0.4
18.300305604934692,0.0,-0.7335435127320212,-0.08902622170616406,-0.008872784948954542,0.4
18.310473680496216,0.0,-2.950410804727068,-0.05918497304160611,-0.006365050715597984,0.4
18.32063865661621,-0.7378276064266448,0.0,-0.1492550726826448,-0.056673413512872556,0.398
18.330822467803955,0.0,-0.7364629863744908,-0.07803021390066055,-0.05952437246126924,0.398
18.341037273406982,0.0,-1.4684567267295303,-0.15321323437236348,-0.07420545540420455,0.398
18.35126042366028,0.0,-2.200887147554747,-0.17503446735455544,-0.05579282977890091,0.398
18.361470699310303,0.0,-0.73455411558669,-0.17444243468980813,0.032212795320494814,0.398
18.37164306640625,-0.7372915201800028,-2.2118745605400085,-0.10542113317285856,0.006926766334240924,0.398
18.381810665130615,0.0,-0.7376372930638277,-0.08408724471951597,-0.014464297502323305,0.401
18.39198112487793,0.7374297904261803,-1.4748595808523606,-0.12669737401802164,-0.05017647237711276,0.401
18.40229368209839,0.0,-0.7272686919128867,-0.11871552039995908,-0.029397766107270577,0.401
18.412463903427124,0.0,-2.2123412335607284,-0.1673628995960505,-0.03436404972532081,0.401
18.422630548477173,0.0,-2.9508259462501756,-0.1543016303009205,-0.1162405993577813,0.397
18.43279767036438,-0.7376718881906013,-0.7376718881906013,-0.14611214454051558,-0.16498653310913314,0.397
18.443023681640625,0.0,-2.2002713856053715,-0.1389873603684272,-0.044259465502339626,0.397
18.453224658966064,0.7352236712943486,-2.205671013883046,-0.10777138814508583,-0.001340414766082286,0.397
18.463395833969116,0.0,-1.4747558660134548,-0.15072316711864725,0.014409220117316397,0.397
18.473569869995117,-0.737170576242589,-2.948682304970356,-0.06283408724641674,-0.0038488293358008435,0.397
18.483774662017822,-1.4698976683332554,-2.204846502499883,-0.12615589548136993,0.01191808019711288,0.397
18.494025945663452,0.0,-5.12130985882736,-0.07007520935739422,-0.09130252888508682,0.397
18.5042085647583,0.0,-1.4730984101711582,-0.11468215803300974,-0.14985218562310781,0.397
18.514379262924194,0.0,-2.2122375114278348,-0.07811101762508554,-0.05387574644470407,0.397
18.524550676345825,0.0,-1.4747212976419295,-0.08526164436360104,0.010574446422875198,0.4
18.534719944000244,0.0,-0.7375162356692377,-0.12210115146483405,-0.007530726028601636,0.4
18.544891119003296,0.0,-1.4747558660134548,-0.07110435961514827,-0.03350200610742053,0.4
18.55519437789917,0.0,-1.455850052065255,-0.13145079445455304,-0.04825732471079117,0.4
18.56540298461914,-0.7346742024382269,-1.4693484048764538,-0.11203495892280686,-0.11272064269098664,0.4
18.57559847831726,-0.7356191099782522,-1.4712382199565044,-0.15390415337650978,-0.11356506313163543,0.4
18.585782527923584,0.0,-0.7364457450544305,-0.16253946549872145,-0.04466672769586222,0.396
18.595964431762695,0.0,-0.7366009460029036,-0.1740860129504443,-0.03833036830384157,0.396
18.607396364212036,0.0,-2.624228242507664,-0.17709435462413448,0.013095566649465692,0.396
18.617619276046753,-0.7336461588693503,-1.4672923177387005,-0.15857866708945434,-0.01795607834677342,0.396
18.627848148345947,0.7332186560380393,-2.1996559681141177,-0.15857866708945434,-0.01795607834677342,0.4
18.638118982315063,0.0,-1.4604461570602845,-0.11735470044657953,-0.027714530283038143,0.4
18.64835548400879,0.0,-1.4653443577500873,-0.1727212915394838,-0.032559544221152245,0.4
18.65858030319214,-0.7335093037354847,-1.4670186074709695,-0.1088591237863405,-0.08493974096964359,0.4
18.66879439353943,0.0,-2.2028393361499496,-0.052748893197031604,-0.028564466383547094,0.4
18.678964614868164,-0.7374470778535762,-3.687235389267881,-0.09218474070184994,-0.09591467254868591,0.4
18.689260482788086,0.0,-2.9137902927010004,-0.16355831546735247,-0.030472297836774354,0.399
18.699437856674194,0.0,-4.42157284419144,-0.09421221458278907,-0.013758745782507291,0.399
18.709606885910034,0.0,-1.4750670542999156,-0.1276420443926434,-0.018740840552313474,0.399
18.719779014587402,0.0,-2.2119264033751316,-0.011304366585120136,-0.1280075814266827,0.402
18.72995162010193,0.0,0.0,0.02505529865883552,-0.12007141815127496,0.402
18.74014115333557,0.0,-1.4720988347606345,0.014580696374471541,-0.13569188938858753,0.402
18.75031065940857,0.0,-1.4749978899985934,0.003382552457264135,-0.09896320314900427,0.402
18.7605082988739,0.0,0.0,-0.03252067321279839,-0.08317804049667932,0.402
18.77067995071411,0.0,-3.6867168272273396,-0.08822197852165423,-0.10411770808080426,0.402
18.78084969520569,0.0,-0.7374816551400774,-0.13974764481504487,-0.06255300894981339,0.407
18.791048049926758,0.0,-1.470825482174167,-0.10338685919336542,0.012680947445290205,0.407
18.801235675811768,0.0,-2.9447488883688275,-0.1150173027794631,-0.061949397054826605,0.407
18.811442375183105,0.0,-1.469622985283812,-0.17985242044924596,-0.027789876941515634,0.407
18.821622133255005,0.0,-0.7367562123802609,-0.14056179024518747,-0.07624156627811476,0.405
18.831796884536743,0.0,-2.2113562658168524,-0.14473124065256449,-0.08432162900256458,0.405
18.84197688102722,0.0,-1.473477914656424,-0.09932729626995435,-0.07720654345365885,0.405
18.85220980644226,-0.7329282385834109,-2.1987847157502327,-0.10933552065594856,-0.08484853851803402,0.405
18.862383604049683,0.0,-2.2115635545556804,-0.08027903869830395,-0.048626332243887335,0.405
18.872556924819946,0.0,-1.474444808999297,-0.10085783653351174,-0.08093584326540658,0.405
18.882737159729004,0.0,-3.6836085154219065,-0.1505722858310748,-0.07726208953156749,0.404
18.892913579940796,0.0,-2.2109936040109646,-0.13657378789179886,-0.11250752765066213,0.404
18.90310835838318,0.0,-4.414024321796071,-0.07278658397639064,0.01996863244835427,0.404
18.913278341293335,-0.7374643660915229,-1.4749287321830458,0.006424642577076811,0.043686686552574364,0.404
18.92346215248108,0.7364629863744908,-0.7364629863744908,-0.03715552822407993,-0.01755977670296443,0.408
18.933637142181396,0.0,-2.2113044497035874,-0.09068382567459135,0.03419775570014359,0.408
18.943807125091553,0.0,0.0,-0.07585711165723963,0.046322107648790904,0.408
18.953983783721924,0.0,-2.2109418048917626,-0.09217063365188552,-0.09339874228165262,0.408
18.96426033973694,0.0,-0.7298164860914553,-0.06239311171298757,-0.12224018997479422,0.408
18.97443723678589,-0.7369633360665339,-0.7369633360665339,-0.058461416338130116,-0.1221623166019945,0.408
18.98461151123047,0.0,-2.9486132071050286,-0.12582851327156194,-0.05168603476079257,0.404
18.994805097579956,0.0,0.0,-0.1056477514384095,0.06166872313393037,0.404
19.004979133605957,0.737170576242589,-2.211511728727767,-0.0976629688323245,0.0404149748232824,0.404
19.015223503112793,0.0,-2.196328430459877,-0.09847079083943996,-0.07666900913115297,0.404
19.02539300918579,0.0,-0.7374989449992967,-0.10168190336799146,-0.035300679042202424,0.404
19.03556728363037,0.0,-2.2114599053287716,-0.12721165649682192,-0.08783112324144333,0.404
19.04575228691101,0.0,-1.472753575692315,-0.16587478013506862,-0.022276628544431323,0.404
19.05594778060913,0.0,-1.4712382199565044,-0.1417524908379305,0.06820918766435992,0.404
19.066231727600098,0.0,-2.1878759215468073,-0.08747385056402045,0.0655960178278168,0.404
19.07642960548401,0.0,-2.9417885114441353,-0.06423600823068899,-0.0160622783144156,0.404
19.086607694625854,-0.73687702037948,-5.15813914265636,-0.10583808591223025,0.03668467242971201,0.401
19.096783876419067,0.7370151351857925,-2.211045405557378,-0.03740714647410576,-0.012191512151618521,0.401
19.106956005096436,0.7373088011250439,-1.4746176022500879,-0.08625744270010356,-0.007675568905076844,0.401
19.117244958877563,0.0,-2.9157483489746263,-0.13327887733398278,0.011750784235346583,0.401
19.12742567062378,0.0,-0.736687197021147,-0.03450797744218086,0.02125967566696594,0.399
19.137637853622437,0.0,-2.20325076459739,-0.07662184633633108,0.02777517526346225,0.399
19.147817611694336,0.0,-0.7367562123802609,-0.027714697712333668,0.10997614988062542,0.399
19.15809965133667,0.0,0.0,-0.08934561300289523,-0.0030399574181566302,0.399
19.16832685470581,0.0,-2.2000149198060424,-0.1063365683189136,0.02895225129241764,0.399
19.17853307723999,0.0,-0.7348458232106148,-0.10191206184432637,0.06233323748399725,0.399
19.18870186805725,0.0,-2.212652458324541,-0.11827924784917417,0.03229173403255048,0.397
19.198997974395752,0.0,-1.456861410211879,-0.1727187651124968,-0.06281035840426835,0.397
19.20931577682495,-0.7268989740271744,-2.1806969220815233,-0.14935094596735582,0.012794634391804859,0.397
19.21950626373291,-0.7359805343690047,-1.4719610687380094,-0.08666134298713894,0.03240616055150961,0.398
19.22968029975891,0.0,-1.474341152485178,-0.09706329540421374,-0.042161682711320425,0.398
19.23985981941223,0.0,-1.473546936481169,-0.1955115505372072,-0.03134542666985374,0.398
19.25007653236389,0.0,-1.468182581909829,-0.17576318787716777,0.05790583644669349,0.398
19.26033353805542,-0.7312075498012598,-2.924830199205039,-0.05970695269096331,0.06288287785381302,0.398
19.27051019668579,-0.7369806016305875,-1.473961203261175,-0.04841204903895641,-0.04445285256931645,0.398
19.280691623687744,0.0,-5.156448107905582,-0.008593583552911708,-0.004747236265265482,0.392
19.290879249572754,0.0,-1.4723744441844138,-0.07948720848221409,0.024683185223510623,0.392
19.301249980926514,0.0,-2.892756448572348,-0.08899726716906842,-0.028326267776369603,0.392
19.31148362159729,0.0,-2.9315080492975794,-0.07381115945066484,-0.06274420097694973,0.392
19.3216769695282,0.0,-0.7357739626701595,-0.026288455040418393,0.023041404203560607,0.398
19.331864595413208,0.0,-1.4723744441844138,0.036372339973064584,0.06845587166044625,0.398
19.342109203338623,-0.7320924387349019,-3.660462193674509,0.01808033648165329,0.06289602963127808,0.398
19.352299690246582,0.0,-2.9439221374760187,-0.08265428675157825,0.0058825265822616156,0.398
19.362480401992798,0.0,-6.630184773190324,0.11338104113456639,-0.022699273665967214,0.398
19.372660398483276,0.0,-2.210216871984636,0.11048631076028585,-0.030186655127737654,0.398
19.38284945487976,-0.7360838637214526,-5.152587046050169,0.14282045731565549,-0.016286900537356225,0.397
19.393152475357056,0.0,-2.1838256120701622,0.2645534664346517,0.015037733703634874,0.397
19.403344869613647,0.0,-3.6792140350877194,0.3653828564882745,-0.02460165301503673,0.397
19.413519382476807,0.0,-2.9485441124780314,0.3634537655215254,-0.006882280054625878,0.397
19.423691749572754,0.0,-2.949166080720011,0.30927681906379845,0.01604159589138002,0.399
19.433866262435913,0.0,-2.2114080843585238,0.4853325516674824,0.011342168925381969,0.399
19.44408416748047,-0.734005646685489,-3.6700282334274448,0.43399094610138755,-0.03321417708749831,0.399
19.454307556152344,-0.7336119402985074,-0.7336119402985074,0.5132282720056924,0.06602805921455548,0.399
19.464479207992554,0.0,-2.2120300963364037,0.4381852427984979,0.044399079338558606,0.399
19.47465467453003,0.0,-1.4741338831743949,0.4213358292975649,0.006826461676464491,0.399
19.484830617904663,0.0,-2.211097209531173,0.5551802506434805,0.08804190098808759,0.401
19.495012760162354,0.0,-2.2097510946683214,0.5608941968615176,0.024122110105190775,0.401
19.505272150039673,-0.7310376240384838,0.0,0.4652432911712367,0.0034140590040000543,0.401
19.515450716018677,0.0,-1.4736849995315282,0.5743783418896815,0.026754286220495926,0.401
19.525624752044678,-0.737170576242589,-0.737170576242589,0.5757893124528614,-0.01107369062962954,0.398
19.53580093383789,0.0,-1.474030270371585,0.6341345623240753,0.08967556551894121,0.398
19.545973539352417,0.0,0.0,0.5941998717169663,0.10699959852580335,0.398
19.55622172355652,0.0,-0.7318369625907314,0.5632536974904772,-0.0077989980816839805,0.398
19.56643319129944,0.0,-0.7344683632967546,0.5725498926556369,0.013329106256228473,0.398
19.576634407043457,0.0,-1.470412975903896,0.5350122547816053,0.029469352564041464,0.398
19.58683466911316,-0.7352752261412243,0.7352752261412243,0.49941133981342734,0.11209655106324962,0.401
19.597036123275757,0.0,-0.7351893054127325,0.517533647097959,0.11576806776379023,0.401
19.60737109184265,-0.725691612069761,0.0,0.6042975063428604,0.08859318888082382,0.401
19.617598295211792,0.0,-0.7333383066020142,0.55489819591054,0.02084252031935435,0.401
19.627793073654175,0.0,0.7356707202993451,0.4861854977691757,0.01030818091127332,0.402
19.637980461120605,-0.7362044513094151,0.0,0.4475467141430108,0.012053423371212794,0.402
19.648163557052612,0.0,0.7365147151787595,0.5586592661657672,-0.006061235144286421,0.402
19.658339262008667,0.0,0.737049671977507,0.5403654375993432,0.046367620662412914,0.402
19.668521881103516,0.0,0.7365492050855791,0.5660710641439841,0.06746045604191929,0.402
19.678699493408203,-1.4738230884557721,1.4738230884557721,0.4696237600433863,-0.03759656080135376,0.402
19.688878297805786,0.0,0.0,0.44966837231782975,-0.07231486018437666,0.403
19.699086666107178,0.0,1.469382721816101,0.42132880692778624,0.022818735479767472,0.403
19.709275722503662,0.0,0.0,0.3764155012606539,-0.01167764242687903,0.403
19.719447374343872,0.0,0.0,0.3179349155356997,0.09064017273563871,0.4
19.729615688323975,0.0,1.4751708129147225,0.2951523279531463,0.0576272071532539,0.4
19.739785194396973,-3.6874947249964833,2.2124968349978897,0.2621750078687744,0.02385901734385252,0.4
19.74997043609619,0.7363595505617977,0.0,0.38134149121971606,0.0740088886885664,0.4
19.760225772857666,1.4626530896917282,2.9253061793834565,0.37554244125715364,0.028830429255575905,0.4
19.770405054092407,-0.7367907249092399,0.0,0.3128635985697193,0.0378734364268964,0.4
19.78058433532715,-0.7367907249092399,0.0,0.254229104234017,0.06392838699006145,0.399
19.790772676467896,1.472271078557555,0.0,0.201529415589316,0.017328371807492162,0.399
19.800954580307007,-4.419605676017421,1.4732018920058072,0.1489665429778223,0.008499830526641546,0.399
19.811172485351562,0.0,0.734005646685489,0.21725544339893293,0.08324220466460004,0.399
19.82138466835022,0.0,0.7344169215324633,0.13900655571938164,-0.010777139073399807,0.401
19.831583261489868,0.0,0.7353955489059285,0.10850332576814137,-0.015048592205860545,0.401
19.841763019561768,-0.7367562123802609,0.7367562123802609,0.09939706664264787,-0.03757680874386095,0.401
19.85193920135498,-0.7370151351857925,1.474030270371585,0.10206735596812697,-0.09229244933178211,0.401
19.862149953842163,0.0,0.0,0.11334514686938611,-0.009011323750549761,0.401
19.872340202331543,-0.7359977539131045,0.0,0.11114391354410245,-0.05349916602362993,0.401
19.882513284683228,-0.7372396822048793,0.0,0.07454013920301672,0.01280235682841201,0.398
19.892685890197754,0.0,1.4745484800899993,0.0756402848456216,0.03775399662690665,0.398
19.902872562408447,-0.736256143800028,0.736256143800028,-0.000727376951352339,-0.0424383708760423,0.398
19.913100481033325,0.0,0.0,-0.010797912473902115,-0.0741359217997663,0.398
19.923323392868042,0.0,0.0,0.025206372504470765,-0.039197386680470785,0.4
19.93349814414978,0.0,2.948475021089137,-0.02685616084077052,-0.03838825556792036,0.4
19.943671703338623,0.0,0.0,-0.0637987354585807,0.04631691727659855,0.4
19.95384645462036,0.0,0.0,-0.038691063646718565,0.09228678603939328,0.4
19.964032888412476,-0.7362733762434172,0.0,-0.11222744840384526,-0.06707994083912493,0.4
19.974308490753174,0.0,0.0,-0.12616259718050493,-0.11245156811078533,0.4
19.984487533569336,0.0,0.7368079823862838,0.01663493573029442,0.015175707662112889,0.402
19.994669675827026,0.7365836982227738,0.7365836982227738,-0.08861584588144807,-0.032540862837063825,0.402
20.004846572875977,0.0,1.4739266721330677,-0.13936298033329453,-0.014526400570964791,0.402
20.015031576156616,0.0,0.0,-0.07674861345792668,0.026214740497005715,0.402
20.02530026435852,0.0,0.730375667517994,-0.08361258517948983,-0.029686042710702742,0.402
20.035534143447876,-0.7328599384959463,0.0,-0.10994979196183785,-0.047050733640651314,0.402
20.045710563659668,0.0,0.0,-0.12098764908562522,-0.07837401992098172,0.402
20.055883407592773,0.0,0.0,-0.17858750299303333,-0.003278653301399863,0.402
20.06610655784607,-1.4672580983698313,0.0,-0.11240710215437288,-0.030373456284192808,0.402
20.076297760009766,0.0,0.735928880570827,-0.0576970780601025,-0.04860418625168797,0.402
20.08648705482483,0.0,0.0,-0.12046524565805818,-0.07043321437145562,0.404
20.096662998199463,0.0,0.0,-0.1118584909854803,-0.04089535395577888,0.404
20.106863260269165,-0.7352752261412243,0.0,-0.13496868521479188,-0.007136300521993405,0.404
20.117103815078735,0.0,0.0,-0.12329409527643015,-0.004937138355520773,0.404
20.127313375473022,0.0,-0.7346055765727897,-0.1809953552259741,-0.0037146784866972996,0.399
20.137529850006104,0.0,0.0,-0.18976406717847105,0.002599593825307063,0.399
20.147731065750122,1.470412975903896,0.0,-0.11501737285837357,0.022464467499047493,0.399
20.15791893005371,-0.7361699936814022,0.7361699936814022,-0.13315038034184448,-0.038129262061984505,0.399
20.168168783187866,0.0,-0.7317178014002931,-0.09215014050532103,-0.0783337111299956,0.399
20.178394556045532,0.0,-0.7334408953135929,-0.17464933361509793,-0.0783820851241224,0.399
20.188592195510864,2.2063929673618254,0.0,-0.19434189489851428,0.040539848830765016,0.406
20.19877028465271,-2.94750808151792,-1.47375404075896,-0.1831293912415422,-0.014583107243389647,0.406
20.20895028114319,1.473477914656424,-0.736738957328212,-0.17632338936811204,0.002363371848068091,0.406
20.21924591064453,4.370786652154783,-1.4569288840515944,-0.051460718360222715,-0.07572520555111159,0.406
20.229425191879272,5.15753507436468,0.0,-0.07540720812160709,-0.053590497219168046,0.401
20.239598274230957,5.160677775434156,0.0,-0.1052344865433615,-0.04609990629140466,0.401
20.249772310256958,0.0,-1.474341152485178,-0.13070543974627874,-0.025849535571678448,0.401
20.25994634628296,7.37170576242589,-0.737170576242589,-0.16099337505681763,-0.08326279328322095,0.401
20.270153999328613,0.0,0.0,-0.14821185187649794,-0.01757092060010456,0.401
20.28036880493164,-7.342283633647652,-1.4684567267295303,-0.017152999705686685,0.04434833498840507,0.4
20.29054617881775,-7.3692880736524,-5.89543045892192,-0.06508265647742754,-0.009397618683833327,0.4
20.300729751586914,0.0,0.0,-0.11871331511074502,0.052185083183399705,0.4
20.31090784072876,0.0,-1.47375404075896,-0.03717435187911783,0.01260128619795165,0.4
20.321189403533936,0.0,0.0,-0.016003535714823873,-0.04897399132553636,0.399
20.331357955932617,0.0,-1.475136225087925,0.006867220542238546,0.053410435517535174,0.399
20.341543674468994,-0.7363250784139319,-0.7363250784139319,0.037767332256419275,0.060241262794787545,0.399
20.35172939300537,-0.7363250784139319,0.0,-0.05374245019680779,0.0055062426716496575,0.399
20.361942052841187,0.0,-1.4687652620520601,-0.06516489252639485,0.03792804561301378,0.399
20.372175455093384,0.0,-1.4657881738968361,0.015578069446105224,0.02194263372720931,0.399
20.38236951828003,0.0,-1.471444675725612,-0.045493565079141915,-0.03485004694459786,0.4
20.392554759979248,0.0,-2.209078651685393,0.003995077737721172,-0.046583666711590435,0.4
20.402734994888306,0.0,-0.7367217030843813,0.056075111761667885,-0.05890230978943527,0.4
20.412917852401733,0.0,-0.7365319597284008,0.006728989619500324,-0.050130874287179786,0.4
20.423139572143555,-0.7337317192638724,0.0,0.06440324624938464,0.030209891096373363,0.399
20.433340072631836,0.0,-1.4705160807778608,0.04419835746050861,-0.007511247198777257,0.399
20.443512201309204,0.0,-1.4746176022500879,-0.005611170680626915,0.05498256833986778,0.399
20.453683376312256,0.0,0.0,0.06284511307124097,0.1185371722634644,0.399
20.463859796524048,-0.7369978680036549,-0.7369978680036549,0.07341496044235973,0.07193960354543875,0.399
20.474032878875732,0.7372396822048793,0.0,0.06020016088262002,-0.027805295166952897,0.399
20.484233856201172,0.0,0.0,0.11692226271067853,0.021788266339880603,0.398
20.494409322738647,0.0,-0.7370669415871974,0.09488082233842075,-0.05729051449427534,0.398
20.504607677459717,-0.7354127410870835,0.0,0.08807371016991761,-0.0853607945313508,0.398
20.514793872833252,0.0,-1.4725812189869862,0.13969916177728603,-0.03670345711647725,0.398
20.524962663650513,0.7375508194415137,-0.7375508194415137,0.07890803752036162,-0.03932414780071826,0.399
20.535168409347534,0.0,-0.7348801569873382,0.053885985340916306,-0.018259483332613655,0.399
20.545353651046753,0.0,-1.4727191011235954,0.13661116326285808,-0.005356928357345379,0.399
20.55551767349243,0.0,-1.475793671272079,0.13065032347968672,-0.05660630819954081,0.399
20.565682411193848,0.0,-0.7378449125111413,0.09789252817415482,-0.0021185385376984098,0.399
20.575868129730225,0.0,0.0,0.025594608492322493,0.05817438988646758,0.399
20.586092948913574,0.0,0.0,0.0754038847186117,0.08594604893192653,0.403
20.596292734146118,0.0,0.0,0.09905716619479202,0.06696444447842258,0.403
20.606505632400513,0.0,0.0,0.1112335568039461,0.05052101715718139,0.403
20.616730451583862,-0.7335093037354847,-0.7335093037354847,0.1265960188125169,-0.0157008982364147,0.403
20.626927375793457,0.0,0.0,0.18724437433223526,-0.04840868160338834,0.399
20.637204885482788,0.0,-0.7297487647017885,0.1923103458919858,-0.05268198241425777,0.399
20.64739227294922,0.0,0.0,0.13560119621678418,0.019153140820717195,0.399
20.657577753067017,0.0,0.0,0.0806047114841889,0.03889064608271475,0.399
20.667746543884277,0.0,-0.7375508194415137,0.11435531392447147,0.0770187171844674,0.399
20.677913188934326,0.7377064865625439,0.0,0.07543226999803493,0.09524505836829734,0.399
20.688103199005127,0.7360149742629855,1.472029948525971,0.11752228639338792,0.04682827728182193,0.402
20.698277711868286,0.0,-0.7371360281195078,0.14381002348942887,0.027425109314051586,0.402
20.70844554901123,0.0,0.0,0.10373529818779488,-0.002921345347099244,0.402
20.718610286712646,0.0,0.0,0.17657533455426622,0.03511590665891882,0.403
20.72877287864685,-1.4760014076246333,0.0,0.18249311109911048,0.007035671712844582,0.403
20.7389395236969,-1.4754129731250878,0.0,0.2189740851443464,0.039691380910409996,0.403
20.749144315719604,0.7349488341666277,-2.939795336666511,0.15998671350110114,0.03875623555579477,0.403
20.759364128112793,-0.7338686574128076,3.6693432870640383,0.1290461193699971,0.016639157186369023,0.403
20.769530296325684,0.0,-5.9019287054409,0.07949974849537897,0.0428551669960683,0.403
20.779702186584473,0.73732608288018,1.47465216576036,0.07722185395293016,0.06839975882754275,0.403
20.789873600006104,0.0,-6.636245839388684,0.09717146435390263,0.08139229389029645,0.403
20.80004596710205,-2.949166080720011,-2.2118745605400085,0.09537118872106987,0.13281756786998358,0.403
20.810353755950928,0.0,0.0,0.10258472273078062,0.07020454327746804,0.403
20.8205349445343,0.0,0.0,0.0615570869440966,0.12245441922897028,0.403
20.830710411071777,0.0,0.0,0.09457131920464984,0.08255112281019175,0.403
20.840917587280273,0.0,0.7347771652807624,0.04961572419388839,0.08940679236892576,0.403
20.85109281539917,0.0,0.0,0.07218446679403764,0.09898253306404378,0.403
20.86136507987976,0.7301213879540444,0.0,0.06334327146313738,0.07517757406079996,0.403
20.871525287628174,0.738173882435762,-0.738173882435762,0.05212067856377771,0.07657276097087794,0.403
20.88168716430664,0.0,-0.7380526488667823,0.04199260427384243,0.01966441409000764,0.402
20.891844749450684,0.0,0.0,0.07407011847718835,0.06541231732305632,0.402
20.90201234817505,0.7376372930638277,-0.7376372930638277,0.08813000726917528,0.06659646342166439,0.402
20.912221908569336,0.7346055765727897,0.0,0.07826602684155486,0.11844244584148492,0.402
20.922379732131958,0.0,0.7383471423541837,0.0943943407636971,0.07571089671972396,0.401
20.93253517150879,0.0,0.0,0.0422536330007669,0.055049402689354966,0.401
20.942692279815674,0.0,0.7383991361907891,0.08596897106001819,0.07958222938617092,0.401
20.952847719192505,0.7385204836248386,0.7385204836248386,0.08437648936664344,0.0604499359612918,0.401
20.96300768852234,0.738191204768386,0.738191204768386,0.05631466489277588,0.10088715710946058,0.401
20.97321128845215,0.0,0.0,0.09033178131477182,0.12746358717151132,0.401
20.98350477218628,-0.7286162968453236,0.7286162968453236,0.08967019287519094,0.10324257153580367,0.403
20.99369192123413,2.9448867253323345,0.0,0.0989952309411351,0.08865900397323681,0.403
21.00391674041748,-1.4670186074709695,0.7335093037354847,0.05081316369235944,0.02593318344547276,0.403
21.014105558395386,5.152707616707617,-5.152707616707617,0.037515157804359545,-0.0073131731168894765,0.403
21.024338006973267,0.73296239340137,0.0,0.0648240693995612,0.037788630213737455,0.401
21.034552335739136,0.0,0.0,0.08140168610360336,0.14954974059577764,0.401
21.044739723205566,0.0,0.7362044513094151,0.07828411784934176,0.052638118268949624,0.401
21.054922342300415,0.7365492050855791,0.0,0.03866650142964545,0.06859745057553679,0.401
21.065110683441162,-0.7361355392787775,-0.7361355392787775,0.10044202755839973,0.0927638047848281,0.401
21.075336933135986,0.733406695887345,0.0,0.045862041532550565,0.05154683296587557,0.401
21.08552312850952,0.0,0.7362906094934931,0.06825592508306151,0.03589988433368098,0.404
21.095749378204346,0.733406695887345,0.0,0.05260800811552538,0.1041626968791416,0.404
21.10595989227295,0.0,0.0,-0.03243709575095166,0.21720426953561672,0.404
21.116238832473755,0.7296472061791107,0.0,0.019103176266061846,0.0724879708223579,0.404
21.126425743103027,0.0,0.0,0.10285082421584896,0.10362386705098811,0.399
21.13666868209839,-0.7322117219868721,0.0,0.10375610299917665,0.11038666396332783,0.399
21.14686107635498,0.0,0.0,0.06716659325186711,0.08458926606446043,0.399
21.15703797340393,0.7369633360665339,0.0,0.044968984130400916,0.14235259144780552,0.399
21.167235851287842,0.0,2.2063413835831014,0.03953363531742602,0.15356813700462707,0.399
21.1774160861969,0.7367217030843813,0.0,0.06169498261554904,0.10374553919445936,0.399
21.187586545944214,-1.4748595808523606,0.0,0.06169498261554904,0.10374553919445936,0.402
21.197766304016113,1.4735124247605218,-0.7367562123802609,0.08800261380240837,0.11198234565815092,0.402
21.207942485809326,-2.94806054074317,0.7370151351857925,0.11627670192627693,0.20617815104547882,0.402
21.21824073791504,-0.7282789276288373,0.0,0.14256989350863145,0.09961959707197621,0.402
21.228418588638306,1.4737885637986365,0.0,0.051579282059857456,0.06943147518608507,0.402
21.23859477043152,1.474030270371585,0.0,0.08562572773568793,0.12937167412942696,0.402
21.24877643585205,-8.839418335089567,-1.4732363891815945,0.049549677847615874,0.1346157916552293,0.402
21.2589590549469,0.0,0.0,-0.023212363195469498,0.19604393280361954,0.402
21.26917052268982,0.0,0.0,0.04412752178960963,0.22132985950617073,0.402
21.279364824295044,0.0,0.7357051312035174,0.12176597574237391,0.1972873051404117,0.403
21.289557933807373,-1.4715823450985894,0.0,0.01730899760786937,0.1393342392446084,0.403
21.299741506576538,0.0,0.0,-0.01989186225911432,0.1933664494419552,0.403
21.309916019439697,-0.7371360281195078,0.0,0.0019321727614059858,0.1816905737563833,0.403
21.32008719444275,-0.7373779330067274,1.4747558660134548,0.018286374987815227,0.032703374030561595,0.405
21.33034038543701,-0.7314795953958841,0.0,0.11070914196145756,0.11164191174917829,0.405
21.340513229370117,0.0,0.0,0.08313363557965042,0.042806001332566054,0.405
21.35071897506714,-0.7348801569873382,0.7348801569873382,0.03513954960473372,0.007935901612887132,0.405
21.36090588569641,0.0,0.0,0.058582039481227685,0.0673309450730459,0.405
21.37107515335083,0.0,0.7375162356692377,0.010957514856996212,0.056847536151625404,0.405
21.381258487701416,-0.7364974714365986,0.0,-0.04017368167795346,0.06717256277573469,0.4
21.39142918586731,0.0,0.0,-0.017166566383110916,0.06668508507139394,0.4
21.401599884033203,0.0,0.0,0.0028501690353107453,-0.04735444726430794,0.4
21.411763668060303,0.0,0.0,0.0426495931415869,0.049697955502642326,0.4
21.421918869018555,-0.7385378222284829,0.0,0.0019650265627808236,-0.007333097981262755,0.401
21.432071924209595,0.738693906305037,-0.738693906305037,-0.0034504165453758603,-0.019457028674047167,0.401
21.442248344421387,-5.895982944029239,4.421987208021929,0.046625302495607875,-0.005422896010179992,0.401
21.45241665840149,0.0,0.0,0.01245507945579833,-0.0336175012759359,0.401
21.462570190429688,0.0,0.0,-0.03170890396893531,0.0038367399162164417,0.401
21.47272276878357,0.0,0.0,0.025144951565482188,-0.006259871464229461,0.401
21.482879161834717,0.0,0.0,0.011750690185748286,-0.004234267572140724,0.405
21.493051528930664,0.0,0.0,-0.0445123638802589,-0.10716390785666735,0.405
21.50324034690857,-0.7361010881010881,0.0,-0.029547171515550603,0.012117590042406257,0.405
21.513404846191406,-0.7378622194075012,1.4757244388150024,-0.032346140546905454,0.023841391903592107,0.405
21.523561000823975,0.7384684726982487,0.0,-0.0766615455345245,-0.07734979067925055,0.403
21.533717393875122,0.0,1.476902274701284,-0.07246714049290102,-0.004836697643231969,0.403
21.54387140274048,0.0,0.0,0.031548747169518346,-0.07190597152336274,0.403
21.554025173187256,0.0,0.0,-0.006110304191859421,-0.11587575565804895,0.403
21.564199686050415,-0.7371360281195078,0.7371360281195078,-0.016197746156529004,0.024528498668286214,0.403
21.574376821517944,0.736946071311437,0.0,-0.013488040961076947,-0.06612519242882106,0.403
21.58454442024231,-2.2129118791914832,0.0,-0.05316938032191271,-0.08682376741291278,0.407
21.59473443031311,1.472029948525971,0.7360149742629855,-0.01596843081116106,-0.08112712658152511,0.407
21.60495114326477,0.7340912909549145,0.0,-0.028960058753835442,-0.10086618749166124,0.407
21.615174055099487,1.4672923177387005,0.0,-0.05169164837445295,-0.003135043366572998,0.407
21.62540555000305,0.0,0.0,-0.07133801829887358,-0.03123140456741738,0.401
21.635579824447632,2.2114599053287716,-0.7371533017762572,-0.04218136963924972,-0.0641567438361498,0.401
21.645751953125,-0.7373088011250439,0.0,0.01663572762713525,-0.05191520933268458,0.401
21.655916452407837,-1.4757244388150024,0.0,-0.07616139766616788,0.004971129451117107,0.401
21.666077136993408,-3.6906962010465305,-1.4762784804186122,-0.06813211117459159,-0.058109957150594055,0.401
21.676325798034668,0.0,0.7318029125761876,-0.08013956964213113,-0.0791790496828036,0.401
21.68650197982788,6.633136216672134,0.7370151351857925,-0.08013956964213113,-0.0791790496828036,0.405
21.696677684783936,0.737049671977507,0.0,-0.0734754407121681,-0.08545921682570157,0.405
21.70686101913452,0.7364974714365986,0.0,-0.10328046573097047,-0.025966126870699408,0.405
21.71703028678894,0.0,0.0,-0.04516192839975603,-0.0648110477340613,0.405
21.72731876373291,6.56073783977939,2.1869126132597962,-0.00837451123885291,-0.04882931496062858,0.402
21.73748278617859,0.7378968356360395,0.0,-0.0017943207121262142,-0.04850454789997663,0.402
21.7476487159729,0.7377583902061493,0.7377583902061493,-0.02410349094512041,-0.05935859291021086,0.402
21.757818698883057,1.4749287321830458,0.0,-0.06725013527964409,-0.034417303880061194,0.402
21.768003225326538,0.0,0.0,-0.03581222451332383,0.03328313831292151,0.402
21.778218984603882,0.7341598207617624,0.0,-0.01664004478707637,-0.03458919716646029,0.398
21.788432836532593,0.734296918767507,0.0,0.008777312316366519,0.002723608896036095,0.398
21.798652172088623,2.2017086998110256,0.0,0.028865232781169738,0.05418322114428602,0.398
21.808828830718994,0.0,0.0,-0.03101972614196806,0.007311083203586734,0.398
21.818997621536255,2.9502032777660547,0.7375508194415137,-0.03772964748201674,0.1656474457147128,0.399
21.82919716835022,0.7353267882187938,0.0,-0.013238870453699963,0.1662868481933557,0.399
21.839417219161987,0.7338515373489478,0.0,-0.053383765052044896,0.15859466509147388,0.399
21.84963846206665,1.4675318980196403,0.0,-0.067872059149873,0.12410885721075482,0.399
21.859845399856567,0.0,0.0,0.014104405121236459,0.16042300184844335,0.399
21.870022296905518,1.4739266721330677,0.0,-0.0041084068457614,0.09135552915184597,0.399
21.880260705947876,0.0,0.7325356868406958,-0.03432400511258131,0.1662165318653751,0.397
21.890469789505005,1.4692797758056981,0.0,-0.027179599759044805,0.15977543600262006,0.397
21.900640726089478,0.0,0.0,-0.07921897478751339,0.16532720044101892,0.397
21.910823106765747,1.4731329025007023,0.0,-0.08218914020378529,0.21481367831882225,0.397
21.921011924743652,0.0,0.0,0.026321902422590984,0.20856458389656823,0.398
21.931211709976196,0.7353096000560997,0.0,0.04741515520795421,0.1266488236412943,0.398
21.941443920135498,0.732979472004101,0.0,0.0457148606941609,0.1716380065887267,0.398
21.951610565185547,1.4754129731250878,0.0,0.09101653101890511,0.23861465799522164,0.398
21.961779594421387,0.0,0.0,0.041349221496567196,0.2442874789211681,0.398
21.971946954727173,0.0,0.0,0.022215570374148876,0.25908303427402885,0.398
21.982192993164062,1.4639804537521814,0.0,0.047488990827833415,0.24553984772961562,0.396
21.99236822128296,0.0,0.0,0.003915753746040987,0.2331907596336319,0.396
22.002544164657593,0.0,0.7370324031770576,-0.0017210476274622383,0.2677320248101653,0.396
22.012712478637695,1.4751708129147225,0.0,-0.023093599982675045,0.27259278173763796,0.396
22.02289056777954,0.0,0.0,-0.041117123815937316,0.28193790779377065,0.398
22.0330593585968,0.0,0.0,-0.04113683194559306,0.32668832627076105,0.398
22.043367862701416,0.0,0.0,-0.07685036726283746,0.32937857525373904,0.398
22.053541660308838,0.0,0.0,-0.05529780245235949,0.32850337683194963,0.398
22.0637104511261,0.0,0.0,-0.05900081747067485,0.3005768393092585,0.398
22.073878526687622,0.0,0.0,-0.011151983071436007,0.2507750729610445,0.398
22.084057331085205,0.7368252406717729,0.0,0.02813090705015335,0.275971219229366,0.394
22.09437584877014,0.0,0.0,0.03363422779639499,0.22916558025027667,0.394
22.10457706451416,-0.735206487951948,0.0,0.058528050812099455,0.27451204303198645,0.394
22.11482310295105,0.0,0.0,-0.0007792216869040164,0.20002962711849984,0.394
22.125043630599976,-0.7338172996174303,0.0,-0.047994491122555466,0.19913884811956165,0.401
22.13541007041931,0.0,0.0,-0.007142701254961484,0.27010906220129044,0.401
22.14558506011963,0.7371014832345291,0.7371014832345291,-0.0935584997258638,0.27988279777751135,0.401
22.155752658843994,0.0,0.7376372930638277,-0.0307598628082994,0.2637310179293322,0.401
22.16593027114868,0.0,-0.7369115442278861,-0.0726713469436262,0.22913530146892538,0.401
22.176103115081787,-1.474513921439955,0.0,-0.06255495634769034,0.2711195771949263,0.401
22.18641448020935,1.454705542324678,0.0,-0.038564425540539765,0.21291521499296936,0.397
22.19658660888672,-2.2119264033751316,0.0,0.03357111394705602,0.1722463026062648,0.397
22.206764698028564,-1.47375404075896,-0.73687702037948,-0.03487963520466529,0.16491799735043822,0.397
22.216933965682983,-1.4750324713384755,-1.4750324713384755,0.0007130542151031066,0.14237322307173514,0.397
22.227102994918823,0.0,0.0,-0.01841387720947013,0.15196659031174597,0.397
22.23728609085083,2.2095441455362788,0.0,-0.019818121777050612,0.1301378259291245,0.397
22.247473001480103,-1.4724778243265382,-2.2087167364898073,-0.027987304407055512,0.1381053452584079,0.397
22.25763964653015,-0.7377064865625439,0.0,-0.010656833783339835,0.17006423595667577,0.397
22.267808437347412,0.0,0.0,-0.034922073922479285,0.1607166611828082,0.397
22.27798056602478,-1.4746176022500879,0.7373088011250439,0.004873884340100294,0.13545963871703612,0.397
22.288151264190674,0.7374125038092783,-0.7374125038092783,0.05823877658865445,0.11369762785166888,0.403
22.298462867736816,-2.1820078612716762,0.0,0.0032707508075338655,0.17601679413014687,0.403
22.308634996414185,0.7373088011250439,-1.4746176022500879,-0.022519672315685378,0.1077556389480456,0.403
22.31881594657898,-2.2100098356048896,0.0,-0.03002312448970313,0.12110038628334589,0.398
22.328988790512085,-3.686284803599887,-1.474513921439955,-0.003977943746223872,0.09859126988956404,0.398
22.33916187286377,-3.686198411024397,-1.4744793644097587,0.0017792379512437985,0.09206789878329208,0.398
22.349477291107178,-0.7270669810012481,0.0,-0.034277476291332085,0.10861051973431257,0.398
22.359654426574707,0.0,0.0,-0.031082830955122903,0.12218727148077031,0.398
22.369858741760254,-1.469966355140187,0.0,-0.0016786557337941576,0.08441036624110124,0.398
22.38003706932068,-0.7368597596683142,0.0,0.050705661332967014,0.08118647101158287,0.403
22.390563249588013,-0.7125091732729332,0.0,0.06374147428916462,0.0765128246178556,0.403
22.40075945854187,0.0,0.0,0.042961907255435125,0.018571465614519077,0.403
22.410927534103394,-0.737602701181767,-0.737602701181767,0.04538559094566583,0.019140060899639242,0.403
22.42109966278076,-1.4746176022500879,0.0,0.10426221395788407,0.06585449610823171,0.4
22.43138551712036,0.0,0.0,0.07903482892026623,0.02291755741056422,0.4
22.441553115844727,-1.4752745861276555,0.0,0.05017057351846481,-0.03364965470276372,0.4
22.451719284057617,-0.7377410881801125,0.0,0.07060735435156068,0.009518698707968433,0.4
22.461884260177612,0.0,0.0,0.09699133019439574,0.021280696544405245,0.4
22.472053289413452,-2.950134108599831,0.7375335271499578,0.01575212157506589,0.042114497997148614,0.4
22.48236060142517,0.0,0.0,0.1358781583988789,0.007380390735909695,0.401
22.49252986907959,-0.7375162356692377,0.0,0.11525256202229545,-0.015022442058909818,0.401
22.502702713012695,-0.7372569607199775,0.0,0.1404844227906863,-0.04917660996236342,0.401
22.51287078857422,-0.737602701181767,0.737602701181767,0.04754059308644331,-0.06805471072546494,0.401
22.523041248321533,0.0,0.0,0.1473515221065968,-0.0060599371824620885,0.402
22.533283948898315,-0.7322287656246362,0.0,0.13080259074601136,-0.04617174407804698,0.402
22.5434889793396,0.0,0.0,0.1334535469521132,-0.08282668730348192,0.402
22.553669214248657,-0.7367217030843813,0.0,0.08118440924025616,-0.10462459404330134,0.402
22.563836812973022,0.0,0.7376372930638277,0.139499680533818,-0.06592164814485538,0.402
22.574005126953125,-0.7375854064573613,0.7375854064573613,0.1015962927978771,-0.08897301346722852,0.402
22.584234476089478,0.0,0.0,0.10091269868711074,-0.09943535676547255,0.403
22.594416856765747,0.0,0.0,0.047892724984932,-0.1349437497802045,0.403
22.60461688041687,0.0,0.0,0.08453726800331032,-0.10811323255527704,0.403
22.61485004425049,0.0,0.0,0.08731257851935857,-0.09985930860539485,0.403
22.62507128715515,0.0,0.0,0.10369308361622961,-0.07160797919078052,0.403
22.635350465774536,0.0,0.0,0.045258552237248756,-0.09013923380316982,0.403
22.645519256591797,-2.9502032777660547,1.4751016388830274,0.10650698306244023,-0.07964195506450958,0.403
22.655685663223267,2.2131713608967893,-0.7377237869655965,0.09137231581809696,-0.11023188993757216,0.403
22.665851593017578,-1.4755167804122986,0.7377583902061493,0.09512263378120422,-0.09434416422312038,0.403
22.676023721694946,-3.6865440056252194,-0.7373088011250439,0.07883539275922233,-0.09803347401066063,0.403
22.686192989349365,0.0,0.0,0.0912410837590592,-0.051499723293082916,0.399
22.696419715881348,0.0,0.0,0.11972302098319507,-0.042780852338809475,0.399
22.706636667251587,-0.7340741605021819,0.0,0.1152453721436639,-0.08705928596017874,0.399
22.71682071685791,0.0,0.7364457450544305,0.07116245582526148,-0.025795662719297036,0.399
22.72698712348938,-0.7377237869655965,0.7377237869655965,0.09336044594371584,-0.09503173283940927,0.406
22.737156867980957,0.0,0.0,0.08277377387982576,-0.10130086909187509,0.406
22.747464179992676,0.0,0.7276387860843819,0.09128480469682601,-0.08477246592957122,0.406
22.757634162902832,-0.7374643660915229,0.0,0.017729070900894296,-0.03733725693037769,0.406
22.767805337905884,-1.4747558660134548,0.0,0.11514561849330261,-0.07197864290481272,0.406
22.777974605560303,0.7375162356692377,0.7375162356692377,0.05780481299298869,-0.05247273634331459,0.406
22.788143396377563,0.0,0.0,0.06326687117475578,-0.055487987536786396,0.404
22.7984402179718,0.0,0.0,0.020052942023205275,-0.05592792634892632,0.404
22.808614015579224,-0.7371878515185601,0.0,0.057974745372315964,-0.031704959459397525,0.404
22.81879448890686,0.0,0.0,0.07530845153720707,-0.025378609356580373,0.399
22.828966856002808,0.0,0.0,0.11797163157377186,-0.00556800360161569,0.399
22.83913540840149,0.0,0.0,0.020676539400024594,-0.041439665901625525,0.399
22.849448204040527,0.0,0.0,0.07661379366189353,-0.025742857561984453,0.399
22.85962748527527,0.0,-0.7367907249092399,0.11420624152688962,-0.03523298117130068,0.399
22.86983633041382,0.0,0.0,0.11504758733627182,-0.04990278185736499,0.399
22.880011081695557,-1.4742375105445684,0.0,0.10581922511882719,-0.019365099511006845,0.401
22.89023447036743,0.0,0.7336119402985074,0.04726280221795528,-0.056814947878691874,0.401
22.90040636062622,0.0,-0.73732608288018,0.026600313538978466,0.0015818953188975055,0.401
22.910627365112305,0.0,0.0,0.061848939297593164,-0.01335298946744845,0.401
22.920843362808228,5.138998809773857,-1.468285374221102,0.0031027138558002085,-0.05554102819360388,0.397
22.93105125427246,-0.734725680252248,-1.469451360504496,0.05199193216847528,-0.013377872146239478,0.397
22.941245794296265,2.207063776047148,-0.7356879253490493,0.06147036882921246,-0.03567832382262129,0.397
22.951465606689453,0.7338686574128076,-0.7338686574128076,0.08258373353578317,0.030783347517959442,0.397
22.961671829223633,0.0,-1.4696916464212295,0.05880893148467594,-0.10051863394216268,0.397
22.97183895111084,0.0,0.0,0.029333166630039813,-0.0409229000283894,0.397
22.982007265090942,0.7375854064573613,0.0,0.07607465413366647,-0.03863917615808499,0.401
22.9921817779541,-15.479856590509666,-22.114080843585235,0.04417457302537305,0.027382874578771546,0.401
23.00249695777893,0.0,-0.7270837859701837,0.0010405600205340981,0.013810438620411168,0.401
23.012709617614746,0.0,0.0,-0.021556680649790924,0.057238228660461625,0.401
23.02288818359375,0.0,0.0,0.06177302428542393,0.06743101183819727,0.399
23.033066272735596,0.73687702037948,0.0,0.12716495819115295,0.010794394231975722,0.399
23.043236255645752,0.0,0.0,0.10548673712163936,0.0630081051470113,0.399
23.053518056869507,-0.7294441739130435,0.0,0.14165571032822294,-0.013410636512722444,0.399
23.06372570991516,0.0,-0.7347428411267343,0.10187481063802267,0.03283015760551387,0.399
23.073894739151,0.0,-0.7375335271499578,0.12135982376556781,0.0008332113928677942,0.399
23.08406114578247,0.0,0.0,0.13646650264474444,-0.007333552488025211,0.399
23.09427833557129,0.0,-1.4681140616978579,0.16979926363570128,0.028659420967315857,0.399
23.104499101638794,0.0,0.0,0.15797758887556143,0.02528351915310198,0.399
23.114686489105225,0.0,0.0,0.23128898434950723,0.01569514463713939,0.399
23.1249041557312,0.0,0.0,0.2592216954799886,-0.01896487099914125,0.403
23.13512349128723,0.7339028999370086,-0.7339028999370086,0.28240851797914057,0.00012579027350625993,0.403
23.145399570465088,0.0,0.7298503514999651,0.22175410194027584,0.07030949792550242,0.403
23.15556812286377,0.0,1.475136225087925,0.22651248276860972,-0.02636270631705942,0.403
23.165735244750977,1.4753437763812025,2.2130156645718038,0.2388240973244729,-0.043169472532907975,0.403
23.175904989242554,0.7374816551400774,0.0,0.25553984009401054,0.012893229089254929,0.403
23.186087131500244,-1.4731673964455476,2.9463347928910952,0.2126739907122677,-0.012876947167203653,0.401
23.196409463882446,1.4531599491858183,-4.359479847557455,0.3306098585727969,-0.0014045615763783742,0.401
23.20660710334778,0.0,-1.4709286449078836,0.35172015198973594,-0.016189573630651932,0.401
23.21678352355957,0.0,-0.7369978680036549,0.30981458619831304,0.008182305743863041,0.401
23.226966381072998,0.0,3.682659798642004,0.2629157921203673,-0.01618197548622733,0.402
23.237136840820312,0.0,-2.949719161704721,0.25424595521527144,-0.002063439659272824,0.402
23.247450590133667,0.0,-4.363107792598072,0.3067207943501161,-0.024672294334628253,0.402
23.25761866569519,1.475205402363534,-16.227259425998874,0.19367838549439587,0.11968337738869927,0.402
23.267791271209717,0.0,0.0,0.2106345597375845,0.15646732487637235,0.402
23.277958869934082,0.0,0.0,0.13134486963390726,0.10205779583083008,0.402
23.28812527656555,0.0,0.0,0.18603931463801382,0.04901021541455342,0.399
23.298442840576172,0.7269157712305025,1.453831542461005,0.18799667592539288,-0.00829490027955667,0.399
23.30861735343933,-0.7371360281195078,0.0,0.19904435392179332,0.006937029686854224,0.399
23.31879734992981,0.736738957328212,0.0,0.28356163753255736,-0.0025272126714547226,0.403
23.328967094421387,0.0,0.7374816551400774,0.2896806769123362,-0.0027432861765599517,0.403
23.33913278579712,0.0,0.7377756930437638,0.3643952705688631,0.03683853664041959,0.403
23.349315881729126,0.0,0.0,0.2889724205407752,0.06719165299224855,0.403
23.359500408172607,0.7364112648360137,5.154878853852096,0.2740096666839985,0.09702750771175594,0.403
23.369673490524292,0.7372396822048793,0.7372396822048793,0.3152761561012198,0.1496070053811746,0.403
23.37987732887268,0.0,0.7350175241833731,0.2956658896866774,0.07526654202455012,0.398
23.390055179595947,-0.7368942818993183,2.947577127597273,0.2585494476667052,0.018499715195986928,0.398
23.400267362594604,0.7344169215324633,2.20325076459739,0.3298806547502212,0.0977594144216628,0.398
23.410518884658813,0.0,0.731598679008326,0.35350130326313284,0.02461025499226445,0.398
23.420685052871704,0.7377410881801125,3.688705440900563,0.3117715446208787,0.013467999730402355,0.398
23.430867195129395,0.0,0.7365836982227738,0.378293995077577,0.06511637665847331,0.398
23.44103741645813,0.0,3.687235389267881,0.2796162051948564,0.11322694506148828,0.398
23.451298475265503,0.0,2.1927561689669592,0.26610087025781215,0.13913346420016964,0.398
23.461538791656494,0.0,0.0,0.3227836437662952,0.1449799816700332,0.398
23.471705198287964,0.0,4.426342721793579,0.2858142754789367,0.07711543626587568,0.398
23.481872081756592,-0.7376891869708979,2.2130675609126937,0.2140285969496813,0.07341870902500534,0.391
23.49204421043396,-0.7373088011250439,2.2119264033751316,0.1989050102128943,0.1183521723355899,0.391
23.502371072769165,0.7262612550214711,2.1787837650644133,0.15091618681123137,0.13545232871399915,0.391
23.51255440711975,0.0,0.7364974714365986,0.15647309749397237,0.06668007580580002,0.391
23.522722482681274,0.0,3.688013505908835,0.11601377821067091,0.04958664203938601,0.39
23.532893419265747,0.0,0.0,0.23429572970394308,0.07649678491753295,0.39
23.543065071105957,0.0,5.161403558118276,0.18531082292275577,0.07187872226464764,0.39
23.553236484527588,0.0,0.0,0.13034302978500537,0.08484668354819325,0.39
23.56340217590332,-0.7377756930437638,2.951102772175055,0.08038859163430594,0.14944107792066993,0.39
23.573567867279053,0.0,2.951102772175055,0.05241048415246591,0.13574379849863186,0.39
23.583742141723633,0.0,0.0,0.10269630216191179,0.1494991474350511,0.392
23.59391474723816,0.0,5.160919680314997,0.05419955037511559,0.044742607390206315,0.392
23.60408592224121,0.7373779330067274,1.4747558660134548,-0.018460002340962886,0.018408332588949014,0.392
23.614293336868286,-2.2042800084086607,0.0,-0.05430211350941458,0.06888854743164041,0.392
23.624523878097534,0.0,0.0,-0.022747354626391214,0.11787398922641204,0.392
23.634737491607666,0.7343140596185719,5.140198417330003,-0.03695272210339126,0.09087808160398021,0.392
23.644941568374634,-0.7350003504754784,0.0,-0.051432897221543095,-0.047740843593651744,0.392
23.65511655807495,0.7371014832345291,5.159710382641704,-0.17391868022534784,-0.014243367301064638,0.392
23.665305852890015,0.0,0.7360666401478811,-0.10960866737826361,0.02342335400349492,0.392
23.67549180984497,-0.7363078435503124,0.0,-0.09020501980381296,0.032031424984005685,0.392
23.68566107749939,0.0,4.4250974140154264,-0.19639189445212551,0.02314728137489132,0.39
23.69583249092102,0.0,0.0,-0.2232785977077057,0.03872097604729975,0.39
23.706008672714233,0.0,3.685075675928963,-0.20818766697076782,0.06873515839403077,0.39
23.716175079345703,0.0,1.475447573931193,-0.19738607872234054,-0.001324229377973836,0.39
23.726480722427368,0.0,0.0,-0.188289998596276,-0.11399720697107574,0.388
23.736647367477417,-1.4754129731250878,0.0,-0.24743182973540523,-0.04047023802868829,0.388
23.746829986572266,0.0,1.4730984101711582,-0.18858125982221152,0.074496085902831,0.388
23.756999015808105,0.0,4.4252011628997465,-0.2509040241194978,-0.0830699626085463,0.388
23.767168760299683,-2.212444965420232,0.0,-0.2509040241194978,-0.0830699626085463,0.388
23.777528285980225,-0.7239713700490207,1.4479427400980414,-0.20669593269547373,-0.007349574708805234,0.388
23.787697792053223,0.0,2.9499957799971868,-0.20669593269547373,-0.007349574708805234,0.391
23.79787254333496,1.4742375105445684,1.4742375105445684,-0.27920006140939035,-0.11908394981155315,0.391
23.808046340942383,-1.4743757030371203,0.0,-0.27592980381077226,0.028768045529667427,0.391
23.8182156085968,-1.4750324713384755,0.0,-0.2929369408352537,0.0629224049413596,0.391
23.828399896621704,-0.7364285045416237,0.7364285045416237,-0.184968954974212,-0.043306053012650704,0.386
23.83856987953186,-0.7374643660915229,0.7374643660915229,-0.2267822687965258,-0.0752098441683022,0.386
23.848731994628906,0.0,0.7380353330361542,-0.2710659720613304,0.055584552553328614,0.386
23.858903169631958,0.0,0.0,-0.30482976373268694,0.03567116412610534,0.386
23.86909055709839,-0.7362044513094151,0.0,-0.22240102799497272,-0.005456675451951165,0.386
23.879520177841187,0.0,-0.7191057263687278,-0.20445698263663586,-0.07049463943373666,0.39
23.889713525772095,-2.943095850680638,0.0,-0.291743518071548,-0.06541308349960048,0.39
23.899901151657104,3.680936110461034,-1.4723744441844138,-0.277326628421956,-0.015026145841772934,0.39
23.910075664520264,-6.634224253075572,0.0,-0.18814781370482095,-0.01570216785553448,0.39
23.920305013656616,0.0,0.0,-0.1535611605566414,-0.055271636634763074,0.394
23.930534601211548,0.0,0.0,-0.2053573690986904,-0.1282707450042062,0.394
23.94075036048889,-0.7341598207617624,0.0,-0.21249005574360347,-0.06433280152916122,0.394
23.950916528701782,0.0,0.0,-0.18980194061071326,0.013862236587520671,0.394
23.96108365058899,-2.2130156645718038,0.0,-0.15442205966165248,-0.021422503021909872,0.394
23.971266269683838,0.0,0.0,-0.21846374774650956,-0.09508928517972998,0.394
23.981592178344727,0.0,-0.7263283306395751,-0.20202497299318706,-0.06765424863232568,0.399
23.99176287651062,0.0,-0.7374125038092783,-0.19502126902267447,0.0014217399456376845,0.399
24.00193762779236,-0.7371187552722842,0.0,-0.08752781240198226,-0.012631970258297667,0.399
24.012104272842407,-0.7377064865625439,0.0,-0.12223446886717049,-0.09859567148059425,0.399
24.022302865982056,-1.470791097811857,-0.7353955489059285,-0.10319376672257778,-0.02673286591812507,0.399
24.032517194747925,0.0,0.0,-0.06337885201163351,-0.0062445028128519375,0.399
24.042722702026367,-0.7348973250788459,0.0,-0.03274669964915469,-0.07546749925771054,0.399
24.052898406982422,0.0,0.0,-0.10416063102261447,-0.10762099803819027,0.399
24.063072681427002,0.0,-0.7371533017762572,-0.046013402305831896,-0.09030995978285486,0.399
24.07323980331421,-0.7376718881906013,-0.7376718881906013,-0.023273465681674724,-0.10184083669784857,0.399
24.083444595336914,0.0,0.0,-0.05072195252692502,-0.07127947943365173,0.399
24.093611001968384,-2.950895147862386,-1.475447573931193,0.012691291354846701,-0.06085309497430791,0.399
24.103785753250122,0.0,0.0,-0.010370648219971176,-0.10217533254303338,0.399
24.113983869552612,0.0,-0.7354299340720999,-0.036817328850363325,-0.05682882775437141,0.399
24.124176740646362,0.0,0.0,0.005126799043078778,-0.026211085113226312,0.402
24.134644985198975,0.0,-0.7164525018789715,0.03343079731076154,-0.08892924906583274,0.402
24.14487886428833,0.0,-0.7328599384959463,0.038408125810530824,-0.04636803650867749,0.402
24.15508770942688,-0.7346570447698452,-0.7346570447698452,0.1024825940883473,0.011818932813756067,0.402
24.165321826934814,0.7328428654630169,0.0,0.03969737084981713,-0.0439830195875945,0.402
24.17555856704712,-1.4653102291783118,0.0,0.10480952007624869,-0.0002053219678926771,0.402
24.18578338623047,0.0,0.0,0.10480952007624869,-0.0002053219678926771,0.406
24.195955753326416,0.0,0.0,0.12150823309480577,-0.05752780946146144,0.406
24.206130266189575,0.0,-0.7371360281195078,0.12036477510486185,-0.05751963115463955,0.406
24.21644425392151,0.0,0.0,0.13970485209094397,-0.17173572277414578,0.406
24.2266583442688,0.0,0.0,0.09974937314248061,-0.07976832862851214,0.406
24.236825227737427,0.0,-0.7376891869708979,0.0986129219695506,-0.07253462968727563,0.406
24.246991395950317,0.0,0.0,0.13526127845469813,-0.11359219514811224,0.406
24.25716495513916,0.7372051276042276,0.0,0.092181265199721,-0.021919975822332058,0.406
24.267475843429565,0.0,0.0,0.10410200910238818,0.018678307644700895,0.406
24.277642011642456,0.0,0.0,0.1641647745931249,-0.07826184388205862,0.406
24.28780961036682,1.4752745861276555,0.0,0.12885967447051336,-0.006399111654840875,0.403
24.298071146011353,0.0,0.0,0.09808258216653103,-0.041335298078421054,0.403
24.30834197998047,17.525353884723415,4.381338471180854,0.17331794050452318,-0.10841699303369046,0.403
24.318528175354004,0.0,0.0,0.20037046058186098,-0.07026258644228575,0.397
24.328696727752686,0.7375681125439625,0.0,0.19291262837670572,-0.010064719366587399,0.397
24.33888268470764,0.7363078435503124,0.0,0.16115446173874165,-0.07297122797266262,0.397
24.349059581756592,0.0,0.0,0.07204465996278744,-0.02013538575484429,0.397
24.359233379364014,1.4743757030371203,0.7371878515185601,0.08867709193740392,0.058967699400948176,0.397
24.369534730911255,0.7280598051241697,0.0,0.1949818728846882,0.015889140868338245,0.397
24.37984538078308,0.7274032280442122,0.7274032280442122,0.19411448125584724,-0.02798877527465169,0.397
24.39005756378174,2.20325076459739,0.0,0.17018338790313037,0.0017925215006576317,0.397
24.40025568008423,0.7354299340720999,0.7354299340720999,0.19724671109453518,0.16663417135635092,0.397
24.410435914993286,0.0,0.0,0.1819283374051159,0.16914280396884512,0.397
24.420655250549316,2.9356115997480345,0.0,0.07943683456127268,0.16746083744479978,0.395
24.430838346481323,0.7365147151787595,0.0,0.07432145249046804,0.09275761784607393,0.395
24.441009283065796,0.7373952180028129,0.0,0.18094216689380438,0.17481263337986336,0.395
24.451180696487427,0.7373606488209647,0.0,0.23163807438448636,0.2292107657106447,0.395
24.46137046813965,0.7360321954187042,0.7360321954187042,0.13702657953397135,0.23447341976789327,0.395
24.471579551696777,0.7346398879028491,0.0,0.05980152398069993,0.22184134908836295,0.395
24.48174786567688,0.0,0.0,0.0927243946530435,0.19437549426393783,0.397
24.491915941238403,0.0,0.0,0.19467842746968064,0.2522288740273961,0.397
24.502095460891724,0.0,0.0,0.20758914014007324,0.2817920664986241,0.397
24.51231598854065,0.0,0.0,0.09539507355556331,0.22642237806856397,0.397
24.522520542144775,0.0,0.734966005467162,0.02900911440623425,0.18732607006680982,0.396
24.532692193984985,0.0,0.0,0.12423504080084466,0.2811550112990845,0.396
24.542874336242676,0.0,0.0,0.1624258867440691,0.2749888118043612,0.396
24.55304789543152,0.0,0.0,0.05119226803420043,0.2577794486244016,0.396
24.563217878341675,0.0,-0.7374643660915229,0.04225548200590965,0.20664088601273994,0.396
24.57340359687805,0.0,0.0,0.1460002117647788,0.24491253947310515,0.396
24.583611965179443,0.0,0.0,0.15218870709337534,0.21228452891046592,0.396
24.593780994415283,0.0,-0.7375335271499578,0.04613627404488489,0.23356971517408845,0.396
24.60395646095276,0.0,0.0,0.1082894937232034,0.2766727716551154,0.396
24.61414122581482,0.0,-0.7363940259375439,0.12266009125858748,0.288103529765541,0.396
24.62435746192932,0.0,0.0,0.046025391451658376,0.2546101887505413,0.401
24.63456416130066,-2.939245970567624,-1.469622985283812,0.04472636435441177,0.19075568647277039,0.401
24.64477562904358,-2.9378734531870183,0.0,0.11235678628331872,0.21931637392738418,0.401
24.65497899055481,0.0,0.0,0.07439930870535993,0.17998135643106447,0.401
24.665154933929443,0.0,-0.7370324031770576,0.10450655544995667,0.2281432790374717,0.401
24.675336122512817,0.0,0.0,0.14480676517358698,0.11512738292872586,0.401
24.685566186904907,-0.7331332152512352,0.0,0.03378199972369158,0.1878837495991331,0.402
24.695785999298096,5.870949259302461,4.403211944476846,0.029465368064777286,0.21114962488074887,0.402
24.705957412719727,12.535131029956402,0.0,0.06168485208453475,0.15572127488792156,0.402
24.716125011444092,0.0,0.0,0.06631345783405264,0.0910421293823052,0.402
24.726324319839478,0.0,-0.7353439771850674,0.1300469479913797,0.0455125672104606,0.402
24.736506462097168,0.0,0.0,0.13808510395193457,0.04197414690869775,0.402
24.746686697006226,-2.210165109253144,0.0,0.04527685593253563,0.020342943488539336,0.402
24.75685977935791,0.7372396822048793,0.0,0.08568925647865906,0.08900531921427084,0.402
24.767033338546753,0.0,0.0,0.03260008302261477,0.09965244194066979,0.402
24.777217388153076,-0.7364457450544305,-0.7364457450544305,0.06731567233400482,0.20276425259991415,0.402
24.78758955001831,0.0,0.0,0.12026255363728924,0.18252503761771954,0.398
24.79776692390442,0.0,0.0,0.09761566555308293,0.06505544257884048,0.398
24.807941198349,-0.7371533017762572,0.0,0.09250858382867294,0.11353717311703729,0.398
24.818119525909424,0.0,-0.7368597596683142,0.13572507832794467,0.2263364292218505,0.399
24.82832956314087,-0.7345712684475995,0.0,0.14395377816399965,0.12287871909946246,0.399
24.838523149490356,0.0,-0.7357567535960706,0.11225715306683812,0.04945918857213359,0.399
24.848692655563354,-1.4749978899985934,0.0,0.03854012528074524,0.08060503951082575,0.399
24.858874797821045,0.7365836982227738,0.0,0.08385980255651714,0.1600800009380156,0.399
24.869048833847046,0.0,0.0,0.09101206058679714,0.1100272742808775,0.399
24.879220724105835,-1.47465216576036,0.0,0.15540892315752772,0.11686557017644171,0.399
24.88944697380066,-1.46681339177469,-0.733406695887345,0.11381771841229482,0.09503309549419202,0.399
24.899659395217896,-2.9375991035158986,0.7343997758789746,0.14194181040059134,0.08846614042998405,0.399
24.90984320640564,-1.4729259727489816,0.0,0.07645576177413152,0.13411539400233008,0.399
24.920015335083008,-0.7373088011250439,-0.7373088011250439,0.0728707648709554,0.2067697892040013,0.395
24.93020272254944,-0.7362044513094151,-0.7362044513094151,0.0770902537914323,0.19742073394998158,0.395
24.94038963317871,-0.7362389121632691,-0.7362389121632691,0.13274114858423505,0.18527215804370525,0.395
24.950599908828735,-2.20366234676007,0.0,0.15981946823130672,0.14764485160278767,0.395
24.960771560668945,0.0,0.0,0.2070996463888962,0.09646764669914137,0.395
24.97094488143921,-1.474444808999297,-0.7372224044996485,0.15317699002726493,0.0450584922770078,0.395
24.981117725372314,-1.474513921439955,-0.7372569607199775,0.0811030074232845,0.03295957948470682,0.396
24.991317987442017,-1.4705504522824486,0.0,0.07401725916739112,0.05148882973170904,0.396
25.001497268676758,-1.4735814498184798,-0.7367907249092399,0.13353814615384302,0.08291410786942974,0.396
25.011717557907104,-0.7338344180838406,0.0,0.13947610077507375,0.05586802619279614,0.396
25.021885871887207,-2.2127562193720838,0.0,0.14695436819835614,0.0336763311314817,0.399
25.032053470611572,0.0,0.0,0.16203680312370142,0.025931458811604503,0.399
25.042221784591675,-1.4751708129147225,-0.7375854064573613,0.13438616535255057,0.011594850044864312,0.399
25.052406549453735,-1.4727880518750878,0.7363940259375439,0.08176819048468995,-0.07362571619758708,0.399
25.062575340270996,-0.7375508194415137,-1.4751016388830274,0.11679189626337376,-0.11659533051855162,0.399
25.07274866104126,-1.474444808999297,0.0,0.17576557665688464,-0.05940994175781911,0.399
25.08292055130005,-1.47465216576036,-1.47465216576036,0.23760571243099646,-0.026177969237798086,0.398
25.093107223510742,-0.736256143800028,0.0,0.2347090302609302,-0.030836834403447942,0.398
25.103376150131226,-1.4607174200738315,-0.7303587100369158,0.1613107539094188,-0.08595059078081473,0.398
25.11356234550476,0.0,0.0,0.09989601234745815,-0.1489933077912639,0.398
25.12442636489868,-1.380704457172954,0.0,0.14225323674462131,-0.11336849157011589,0.393
25.134671688079834,-1.4640826584752862,-0.7320413292376431,0.2049264723203886,-0.12731651947432493,0.393
25.1448814868927,0.0,-0.734588422109614,0.23730081813609438,-0.03759964756649667,0.393
25.15509057044983,-0.7346398879028491,0.0,0.27160056882920564,-0.03858530710236806,0.393
25.165376663208008,-0.729139837285307,-0.729139837285307,0.13756218238588208,-0.07956019348788956,0.393
25.175606727600098,-1.4662664305024704,-0.7331332152512352,0.0672360331123915,-0.09743487892803364,0.393
25.185784816741943,-0.73687702037948,-0.73687702037948,0.0959334790468905,-0.14762232256090935,0.401
25.195961236953735,0.0,0.0,0.15626065893067503,-0.12104403427395365,0.401
25.206140279769897,-1.4736159647725675,0.0,0.26415828489977805,-0.1570476679581866,0.401
25.216352462768555,0.0,0.0,0.1313610489734487,-0.17175846619395832,0.401
25.226537704467773,-0.7363595505617977,-0.7363595505617977,0.14207852853571298,-0.17145283779653703,0.398
25.236700296401978,-1.4760014076246333,0.0,0.15047686780272307,-0.1702816047599354,0.398
25.246871948242188,-0.737343365445468,-0.737343365445468,0.24546218825851382,-0.11092618831046215,0.398
25.25704574584961,0.0,-0.7371878515185601,0.20188808821619714,-0.14908137960821014,0.398
25.267306566238403,-0.7309357064851174,0.7309357064851174,0.1679346142487695,-0.20360778195106372,0.398
25.278015613555908,-0.7003424093327693,0.0,0.2071992744626313,-0.12710990003944256,0.401
25.288208961486816,-0.7357739626701595,0.0,0.24122484722244442,-0.0938407389135651,0.401
25.29842972755432,-0.7338001819496606,0.0,0.2609993340435272,-0.13880886761749334,0.401
25.308603286743164,0.0,-0.7372051276042276,0.22075098000521243,-0.2120247912806481,0.401
25.31877374649048,-0.7374297904261803,0.0,0.1372749260875019,-0.11506925134718746,0.4
25.328948259353638,-0.7371360281195078,0.0,0.16593440243982283,-0.07001038978849808,0.4
25.33911895751953,-0.7374125038092783,0.0,0.20648824258100007,-0.13889751336706294,0.4
25.349381923675537,0.0,0.0,0.1768904760725259,-0.21216985814236922,0.4
25.359561681747437,-0.7367562123802609,-0.7367562123802609,0.14662580480428228,-0.12887005861383577,0.4
25.36972975730896,0.0,0.0,0.19030631045995883,-0.06324211825528613,0.4
25.37989115715027,0.0,0.0,0.18698714570229277,-0.1202719192864851,0.401
25.39005160331726,0.0,0.0,0.15987870747569924,-0.20807072617152533,0.401
25.40021848678589,0.0,0.0,0.10338616457885205,-0.12829426955131398,0.401
25.41045570373535,0.0,-0.7326209884018817,0.1701534362787957,-0.020297028446305584,0.401
25.42063617706299,0.0,0.0,0.25480185217150475,-0.09845958050479202,0.398
25.4308180809021,0.0,0.0,0.1687692607748585,-0.12261774094624062,0.398
25.44099187850952,0.0,0.0,0.14337392452177433,-0.14903791548824738,0.398
25.451160192489624,-0.7375854064573613,-0.7375854064573613,0.1871613848395818,-0.13206658238872915,0.398
25.461376428604126,0.0,0.0,0.21426383302996105,-0.12002217959794785,0.398
25.47158432006836,0.0,0.0,0.21085334102384032,-0.14927239942293669,0.398
25.481743812561035,0.0,0.0,0.12072134991696512,-0.16224430655839434,0.399
25.491904258728027,0.0,0.0,0.0719819254835872,-0.07387950436699323,0.399
25.502066612243652,0.0,0.0,0.19357978283971744,-0.050217857583291454,0.399
25.512228965759277,0.0,0.0,0.24823981019312955,-0.06256642591911633,0.399
25.522504329681396,0.0,0.0,0.12261620448602845,-0.07642246135068653,0.395
25.53266716003418,0.0,-0.7379833904189931,0.10868286873623553,-0.0324051364983125,0.395
25.542832612991333,-0.7377929966930131,0.0,0.14366271438712333,-0.0089315057557494,0.395
25.552991151809692,0.738295155839279,0.0,0.22901196315781985,-0.032453627741919934,0.395
25.56314706802368,-0.7384858088597789,-0.7384858088597789,0.17710899044906672,-0.06466471496332293,0.395
25.57339072227478,0.7321605958338182,0.0,0.18361757323211783,-0.10761796573417703,0.395
25.583570957183838,0.0,0.0,0.13379375847654926,-0.10049458269969666,0.399
25.59373188018799,0.0,0.7381219203153597,0.1258854569334652,0.022279689011935257,0.399
25.603893995285034,0.0,0.0,0.13691633259218536,0.007144832987490746,0.399
25.614063262939453,0.0,0.0,0.23946758678864116,-0.03693191185909518,0.399
25.62428379058838,0.0,-0.7338172996174303,0.14419146779104022,-0.04007047628176383,0.399
25.634474277496338,0.0,0.0,0.05192483188831202,0.0004541825456875481,0.399
25.64467167854309,0.0,0.0,0.08465867915381428,-0.03430532738816576,0.399
25.65489435195923,0.0,0.733663269351867,0.1535416190190541,0.034578584678881016,0.399
25.665091514587402,0.0,0.0,0.17415160505368082,0.03241167903852954,0.399
25.675268173217773,0.0,0.0,0.130665019411992,0.03194228315753411,0.399
25.68558645248413,0.0,-0.7268653819492582,0.05534795816940594,0.062136246039405346,0.397
25.69578981399536,0.0,0.0,0.24249833551124098,-0.014169100116785708,0.397
