time,meas_r_x,meas_r_y,meas_v_x_dot,meas_v_y_dot,state_z
0.0,-0.34099035611752665,-0.23967995191455235,-0.04335018919451269,0.037828400790370774,0.383
0.010204076766967773,0.1375747387433656,-0.23852809796644822,-0.039596464144245364,0.06985147272620804,0.383
0.020404577255249023,-0.3736366208845355,-0.47620460180911617,0.024854155774614695,0.07100719471054115,0.383
0.03063654899597168,-0.15973366489635224,-0.09014182723410177,0.021325326858257013,0.05426016151116814,0.383
0.04083609580993652,0.06524246692723396,-0.06907635206005235,-0.10528896303044553,-0.021383750798056256,0.392
0.05101490020751953,0.015718678604462705,-0.4479320397246842,-0.19497779534481113,0.021190258123226672,0.392
0.061197519302368164,0.35557451579186716,-0.26971295776029985,-0.24915219688136617,0.11265872217784223,0.392
0.07141256332397461,0.3828463485294981,-0.06279672313174743,-0.18435599792994653,0.0849740842524538,0.392
0.08164811134338379,-0.6355987958584245,-0.25185371712964655,-0.35682886062742364,0.08609874724595841,0.393
0.09186935424804688,0.4530754629938168,-0.035945621166619056,-0.2970423044662338,0.19374710401136735,0.393
0.10206079483032227,-0.9874588592912666,-0.2551038079779915,-0.43087921669208,0.07435185251723841,0.393
0.1122732162475586,0.0104444084276265,-0.04184665875627932,-0.4505246065487591,0.08355831869782014,0.393
0.122528076171875,0.46261886583141587,-0.06957996328633421,-0.601671561340746,0.11562701553935685,0.393
0.13271379470825195,-0.6422940310808006,-0.4321657040433334,-0.5876923454901853,0.09981458605476723,0.393
0.14287877082824707,0.14431017329660167,-0.19607709723050715,-0.6534337727750752,0.17142418417958627,0.391
0.15305256843566895,-0.3501854126217964,-0.49744443240463704,-0.7067232325153886,0.15740630937511174,0.391
0.1632215976715088,-0.07445228931934847,-0.045557371464735874,-0.8418927064047158,0.15423395946341095,0.391
0.17340445518493652,0.3667555547259166,-0.05385518397810784,-0.8194746745170021,0.09090457152791101,0.391
0.1837139129638672,-0.21021770858915667,-0.262090866850208,-0.881189223069495,0.06921962659622,0.398
0.1939082145690918,0.024934396048671516,-0.04467432091949136,-0.866717703039487,0.0568315699707443,0.398
0.20412158966064453,-0.0006725408908312177,-0.4412882578805965,-0.9024548922710771,0.13185365456320902,0.398
0.21435880661010742,0.03842923958537569,-0.01426464219231998,-0.9879786189761366,0.17849048734271003,0.398
0.22464346885681152,0.11794196906040592,0.005450605519288927,-1.0988480557405267,0.17203661489388283,0.398
0.23482179641723633,-0.2310863164530723,-0.23198047940732344,-0.9804614063154697,0.12506862488560366,0.398
0.24500298500061035,0.105370577770849,-0.06556651814914079,-0.9219580225259271,0.10165479769556435,0.4
0.2552146911621094,0.2057287866104379,-0.2099813558179474,-0.9898418616584514,0.10392058078385041,0.4
0.2653799057006836,0.18989448154181968,-0.01585122316265223,-1.0017182848514852,0.179089371676534,0.4
0.27556586265563965,0.21893989080058077,-0.22336751910241312,-1.0021391986863613,0.21136571817194413,0.4
0.28577733039855957,0.3044948040077851,0.016056754073677522,-1.0573771347354888,0.11312467956119898,0.406
0.29599690437316895,0.028126949098283997,-0.20712759368300476,-1.0865151423065658,0.08486925699959133,0.406
0.30618929862976074,0.29611910925511215,-0.027463189352161868,-1.0502744221634754,0.17809321364993314,0.406
0.31636714935302734,0.2499299359702921,0.00106671876025428,-1.004541052069628,0.14974047830189777,0.406
0.3266181945800781,0.24867992894680613,-0.007652650890794438,-0.9887218992158912,0.18640792706696296,0.406
0.3367879390716553,0.6915069092960958,-0.40390209030879043,-0.925555986417129,0.15206614896001275,0.406
0.34696388244628906,0.17350678816779505,-0.0004693979752395612,-0.8740030593187774,0.08007926288014058,0.411
0.3571338653564453,0.15267449753805223,-0.012326462434458063,-0.9075283343240096,0.10399583437029473,0.411
0.3672981262207031,0.5525932326482442,0.019542220956471186,-0.8853350070540132,0.1526243894268839,0.411
0.3775784969329834,0.8240277420239555,-0.4023178555853832,-0.9590121687066852,0.10028562061086407,0.408
0.38779139518737793,0.11436733474341142,0.19839036263289428,-0.8874863572316792,0.13867002220867214,0.408
0.3979933261871338,0.1924520803518756,0.22809397361334302,-0.8190600063989103,0.16670948244087413,0.408
0.4081532955169678,1.1799571460000473,-0.21123888130192406,-0.7830220023545296,0.1187224327317509,0.408
0.41831254959106445,0.392395175167756,-0.0007663944355282261,-0.772931482134336,0.1715966772061493,0.408
0.4285426139831543,0.700927091854217,0.05338483718056967,-0.7483827462757022,0.15603664934926592,0.408
0.4387547969818115,0.07245977034031845,0.017012518818984718,-0.8008835320633377,0.06384357840254021,0.406
0.44893527030944824,0.49015533715270326,0.04596669915122733,-0.6772315652699162,0.08027573892087608,0.406
0.4591078758239746,0.8733142909114019,-0.14788048636716192,-0.6963359154903581,0.10799577893099613,0.406
0.4692864418029785,0.3070006855454215,-0.010711797146469903,-0.680596000027466,0.05284160746132218,0.406
0.47954320907592773,1.2081710683461804,-0.039704788717374394,-0.6853450039759702,0.12169579472961607,0.405
0.4897892475128174,0.32655607876879233,0.03549670506929651,-0.5534236482783962,0.11302101329407134,0.405
0.49997901916503906,0.011723111550706848,-0.18738207934384757,-0.5706160286776885,-0.009279032337041283,0.405
0.5101478099822998,1.370169387018851,0.054556860097793654,-0.6325017764129914,0.06176025189755971,0.405
0.5203189849853516,0.05770039349314354,0.04590873483687753,-0.6012650742720681,0.1540032520008699,0.405
0.5304934978485107,0.32380316392244163,0.04735706792133406,-0.5121121371270415,0.13148632798493043,0.405
0.5406720638275146,1.163325161898315,-0.004785481300981634,-0.496782113022451,0.01315437438500847,0.406
0.5508770942687988,0.36637811181451163,0.028520620948716227,-0.48710224986128287,0.027391092835929887,0.406
0.5610525608062744,0.9493224894471689,-0.007359648559196632,-0.3837149420232574,0.12414242008180856,0.406
0.5712184906005859,0.524197133354593,-0.014673560347280802,-0.3139657972138164,0.08296235837399918,0.406
0.5813827514648438,0.1448262928306347,0.04536257401441805,-0.2860512488274396,0.1118056909458546,0.409
0.59171462059021,0.827619702481791,0.038088244660515025,-0.4005289615574516,0.13117121381864832,0.409
0.6018829345703125,0.6393147948400879,0.02986002424252207,-0.3562533642206478,0.17005394839655846,0.409
0.6120491027832031,1.3805592155572288,0.034433632825082716,-0.29509467301479286,0.17846869679920124,0.409
0.6222188472747803,0.23284606005721648,0.0040535316457031845,-0.29572139104831774,0.04349507708341339,0.409
0.6323928833007812,0.41739396116718075,0.047038496965577985,-0.31174578325067637,0.003394362481753555,0.409
0.6426877975463867,1.2818114574164792,0.2425126038999018,-0.21844386661314458,0.015268431858311615,0.411
0.6529796123504639,0.44665592677497024,0.035292938412519057,-0.164876059421284,0.07782424690465839,0.411
0.663184642791748,0.7598060096721156,0.25302434028946463,-0.1897866224947335,0.03195747547707195,0.411
0.6733713150024414,0.32280803823173493,0.06012721401324922,-0.2527821918418732,-0.021479022688927752,0.411
0.6836738586425781,0.6522773885755989,0.03600664811812629,-0.212526493887337,0.010721520068283155,0.414
0.693852424621582,1.016861989352831,0.0601478732249585,-0.06596649665171427,0.016971855624289794,0.414
0.7040622234344482,0.3027171791549568,0.22351051931263372,-0.07523875688210337,-0.010179119253456412,0.414
0.7142429351806641,0.9582044159377281,0.03852236799879639,-0.07775843117295728,0.05720254042296344,0.414
0.7244250774383545,0.4550312597283945,0.003911901434192347,-0.03318289275588536,0.07313029887198287,0.414
0.7346177101135254,0.3581354618343403,-0.016059519991696768,-0.11188487169773832,0.012964021359192439,0.414
0.7447893619537354,0.7748452198800899,0.003666526191423115,-0.047896725646280676,0.07395273905804618,0.421
0.7549633979797363,0.9366354587898903,0.03224901479573392,0.020290969320012814,0.07489863289564784,0.421
0.7651302814483643,0.1004267350243157,0.019015196439891923,-0.016024746162612916,-0.0030820957414996767,0.421
0.7752981185913086,0.8752091551759706,0.024714925049296434,-0.05789199964764423,0.09219559878932623,0.421
0.7855014801025391,0.7710706740715564,-0.030337346155161017,-0.0042215741564923664,0.03968140990405802,0.43
0.7957215309143066,1.0113324223683418,0.005796186450856454,0.03068174748331204,-0.01997396712581233,0.43
0.8059334754943848,0.5903652468465229,-0.20524902941052556,0.05898642850385026,0.07932580642725247,0.43
0.8161478042602539,0.433696803804228,-0.027979030479787212,0.007679384103356564,0.03475282369800143,0.43
0.8263301849365234,0.6847065633914845,0.018490966915468452,0.08833676848731194,0.03451672699682008,0.43
0.8365054130554199,0.5270629254462716,0.03801300354147753,0.07452593498146716,-0.03515972889556133,0.43
0.8467857837677002,0.9144333510998042,-0.04300890448989345,-0.031594577890247624,0.017995599074645076,0.426
0.8569629192352295,0.49964763919643296,0.21605960931209187,-0.08123500525635857,0.012816296371531678,0.426
0.8671317100524902,0.9197980280140663,-0.03789642172817268,0.054351726986372056,0.04894248207948709,0.426
0.8772988319396973,0.9189663287286722,-0.03027201155147523,0.0832931152608603,0.01635080355453855,0.426
0.887465238571167,0.279822392125651,0.0165505305312624,0.04235672116338013,0.05801285200051676,0.43
0.8977150917053223,0.6717246421275462,-0.2066429250531821,0.1379015022064554,0.041187129207084894,0.43
0.9078946113586426,0.7096280034486696,-0.17014938214525738,0.06723325004174158,0.044453388159596964,0.43
0.9180684089660645,0.8089207857359292,0.03130019411224007,0.03473587136790551,0.057352176226612026,0.43
0.9282398223876953,0.3528691598767015,0.03317333127499788,0.02539688149669342,0.0291307223953504,0.43
0.9384279251098633,0.35253933550376965,0.03317333127499788,0.02539688149669342,0.0291307223953504,0.43
0.9486885070800781,0.33985327426981937,-0.036349986665199764,-0.01589052594320986,0.06054617782864788,0.433
0.9589049816131592,0.5295889236477821,-0.08397055082296498,-0.010534542580821593,-0.008400474063922534,0.433
0.969090461730957,0.8791098241420202,-0.029065926331541845,0.09969007820566136,-0.025434404684999135,0.433
0.9792866706848145,0.4340910340374042,-0.03389397829264304,0.05649378175394784,-0.00227939378497952,0.435
0.9894804954528809,0.7209685201047865,-0.012288384774341802,0.0208710842744273,0.008993556494297226,0.435
0.9996616840362549,0.23323761339747176,-0.38414010750038313,0.07665540323435177,-0.014098237569457606,0.435
1.009831190109253,0.6048503800993977,-0.012122814816069673,0.03818951584578098,-0.02507603768525124,0.435
1.0199987888336182,0.7803375990295628,0.009694780948812789,0.053929562991652094,0.07042567809026455,0.435
1.030165672302246,0.1896724869010311,0.020560775791650016,0.03169343455471145,0.04729934018045849,0.435
1.0403385162353516,0.19777834557839813,-0.046274904450689304,-0.007447989163483951,-0.03425060899718093,0.438
1.0505459308624268,1.138716271840125,-0.07088164339472576,0.06688153132217695,0.023776353027931123,0.438
1.060746431350708,0.3191917734162806,-0.2660745224955103,0.08162236983206944,0.026147407196425804,0.438
1.0709199905395508,0.7031004958655162,-0.049141685145980635,0.04501668594445579,0.052736539320328985,0.438
1.081087589263916,0.7789262264781757,-0.21968936316498425,0.034500319077409504,0.0999879839021554,0.44
1.0912582874298096,0.5586559421539646,0.02467152349246485,0.020543055210582126,0.017728929550147494,0.44
1.1014389991760254,0.6722707401509975,0.0027123843459736113,0.000442948436369342,-0.0031823756362114614,0.44
1.1116137504577637,0.03471010352960129,0.005381042428990047,0.008265693148878844,-0.030527753159237725,0.44
1.1218438148498535,0.7328429013012576,-0.013627249028312994,-0.033583329559815245,0.08226139263965562,0.44
1.132018804550171,0.6462737945084095,-0.42985994355490037,-0.02537742489975225,0.06721441672680852,0.44
1.1422255039215088,0.5075155038946986,-0.017595635434449,-0.0109065400436913,0.03740375914472922,0.443
1.152390480041504,0.6489478300139689,-0.029020303666566022,0.015312799279092912,0.043643643782250836,0.443
1.16255521774292,0.48967944660800516,-0.03311920807984837,-0.03647082677395153,0.043277922050451126,0.443
1.1727149486541748,0.6777279450489154,-0.38970914312629734,-0.05524749150083032,0.11330847940067004,0.443
1.1829144954681396,0.26898597783023187,-0.025079093559830738,-0.09124350597936205,0.0914487081566093,0.451
1.1930735111236572,0.41121585995140414,-0.003594222184754866,-0.05916069396359751,0.08989096940696725,0.451
1.2046585083007812,0.6465166513109429,-0.0019326704472053418,-0.07048489685461101,0.08133933323967217,0.451
1.2160868644714355,0.4414989875702154,-0.06530984808332767,-0.018311223212177694,0.027061391360757657,0.451
1.226292610168457,0.7864956884269327,0.001087814014918841,-0.003912468782279792,0.0801577796940015,0.451
1.2364912033081055,0.1711348556012564,0.011681782105692786,-0.034349455143441135,0.09271275897125604,0.451
1.246828556060791,0.2252435366000518,-0.05028581093199101,-0.14846633090364106,0.02988373322168246,0.453
1.2570209503173828,1.1282485563373021,-0.11977235724228237,-0.09177457716623869,0.10936709904329152,0.453
1.2671902179718018,0.5651093316895529,-0.10356592762474229,-0.06704490383964297,0.10592559853838801,0.453
1.2773597240447998,0.5156242931963282,-0.5060718204992669,-0.04395550419908925,0.14770315527798994,0.453
1.2875359058380127,0.7391363324548857,-0.22968685354727292,-0.03781235767993667,0.1099076053247798,0.451
1.2977368831634521,0.3711911897837654,0.024838737650505274,-0.0140560841822267,0.0799708286117789,0.451
1.3080406188964844,0.5905747974610357,0.050426655036182357,-0.08048019496618777,0.09469230078614946,0.451
1.3182404041290283,0.6866008929658777,0.0067385450685665035,-0.10702487361112814,0.14294985351544495,0.451
1.328420877456665,0.6183163218598237,0.01209878597741753,-0.10495373806740516,0.0642954603271891,0.451
1.3386082649230957,0.24357565955122387,-0.05978606942694449,-0.04844038430411007,0.04533270047054348,0.451
1.3488218784332275,0.8165083706218484,-0.04282825610302862,-0.016264163535168005,0.07361617945350105,0.451
1.3589980602264404,0.1995346750333659,-0.05191493792602447,-0.07487637132045953,0.09357678392358626,0.451
1.3691635131835938,0.6640556232411196,-0.4632681221659935,-0.14373598416812394,0.07623756191038021,0.451
1.379328966140747,0.6123260503837061,-0.053835641240039936,-0.11638213169462638,0.06036099652006227,0.452
1.3894963264465332,0.4981098812559401,-0.21226343845237397,-0.1544975072814882,0.05695594492188516,0.452
1.3997139930725098,0.5762167077200278,0.023398341443568896,-0.09908010583216603,0.08630947189952289,0.452
1.4099195003509521,0.46657082561477453,0.0017096578290599091,-0.13556197770730705,0.05592236774213387,0.452
1.4200828075408936,0.12685192452728275,-0.0019378285103111433,-0.1072224746779345,0.10766257390083916,0.452
1.430250883102417,0.7245344472775357,-0.21683577714100705,-0.09055895653604899,0.04263627202143026,0.452
1.4404160976409912,0.3694640921286169,-0.04184677330247714,-0.12678811354405675,0.0549635605120193,0.451
1.4506475925445557,0.9385624738576767,-0.02782644034528682,-0.0883103421025954,0.008730581370034074,0.451
1.4608612060546875,0.16635535993522566,-0.2126000402782325,-0.12426974361455655,0.09696693679409321,0.451
1.4710328578948975,0.42079253337033,-0.06327106934908076,-0.10640095903481014,0.11019741550714379,0.451
1.4812390804290771,0.9772505136538946,-0.07088960987601468,-0.11520840029003608,0.07628655863094932,0.445
1.491417646408081,0.618161014763388,-0.23841808888073546,-0.05463480314871018,0.12798983336613265,0.445
1.5016584396362305,0.5301139500819565,-0.06350762079535419,-0.07989917991771567,0.1585930735962085,0.445
1.5118346214294434,0.4468414542666049,-0.008908521319254547,-0.07108313761518496,0.18097156582828003,0.445
1.5220024585723877,0.42746605051582753,-0.20956403158710313,-0.059637787787563144,0.19485517679179684,0.445
1.5321698188781738,0.6352645314718012,-0.23307794460234282,-0.14246411978179652,0.16045829858193314,0.445
1.542334794998169,0.4170788192819488,-0.00472927860981867,-0.182349781900126,0.24773092413347864,0.443
1.552513599395752,0.16602697331306174,0.023005689342631207,-0.1419682536908702,0.1915480954818286,0.443
1.56272292137146,1.100567625915083,-0.04810092219379333,-0.16490091354806463,0.07896668487481456,0.443
1.572908639907837,0.29201038844324845,-0.010475339004280573,-0.11966370832112559,0.15342754596527292,0.443
1.5831153392791748,0.6715538045470122,-0.04434822038462693,-0.16782710684099494,0.09961052367188672,0.446
1.5933513641357422,0.5691239737721993,0.01776616287178147,-0.2034912694959897,0.06354450274648041,0.446
1.603642225265503,0.18062093764369727,-0.19328682479748988,-0.17565108090331716,0.13793063219541957,0.446
1.613842487335205,1.035465330890183,-0.23774650118392404,-0.13310982391951368,0.15623652922873793,0.446
1.6241254806518555,0.40773390698171563,-0.04495683124159101,-0.14981292988268444,0.14539074878121452,0.446
1.6343071460723877,0.8362893458818589,-0.04237698952806821,-0.10028132272452235,0.24311572798823258,0.446
1.644477128982544,0.0475584332782934,-0.42906368224675073,-0.13058270670315505,0.15939143410894485,0.443
1.6546969413757324,0.518388562613268,-0.03219928446765096,-0.20377425803388088,0.1723100076144077,0.443
1.6649065017700195,1.0860716878999401,-0.07659162276597621,-0.11809914604464306,0.24605845443189994,0.443
1.67507004737854,0.4083785219931128,-0.2697322439877462,-0.09050273450444199,0.18354842806628024,0.443
1.6852357387542725,0.7341147498791429,-0.08533640826228067,-0.17465501275917503,0.19986874294007476,0.443
1.6954030990600586,0.5742095725569794,-0.23227524242898623,-0.09343475670929194,0.20849711192870185,0.443
1.7056186199188232,0.47224842758553537,-0.009412641866750176,-0.11642203835715759,0.20651281009078803,0.443
1.7158093452453613,0.8954492092190244,0.0438707609298523,-0.18687211328631112,0.14888063105209276,0.443
1.7260489463806152,0.43123266693550677,-0.18613205551487375,-0.14733993319238978,0.18362728047552312,0.443
1.7362182140350342,0.08531229278407329,0.04389964702254213,-0.07746303850191921,0.14734307860095508,0.443
1.746389627456665,1.27501641230411,-0.026154790670860316,-0.13993487089000467,0.13010209900431918,0.442
1.7565639019012451,0.35780161488554546,-0.03551373974792588,-0.17373654645388337,0.24209522423280536,0.442
1.7667303085327148,0.801435576904074,-0.02775528569009783,-0.16932749562757482,0.17581634562574913,0.442
1.776933193206787,0.3922911149102863,-0.20596159350201854,-0.12715601795640064,0.22669353660719316,0.442
1.787113904953003,0.4481013093669999,-0.02139344910139566,-0.08491574907012217,0.23608905899555946,0.438
1.7973332405090332,0.8474183280652721,-0.02139344910139566,-0.08491574907012217,0.23608905899555946,0.438
1.80767822265625,0.497939969491054,-0.21551029002035454,-0.111075963545856,0.2983131363728513,0.438
1.8178772926330566,0.5779685581376703,-0.03935051757161526,-0.0911587560749187,0.1912592345257373,0.438
1.8280563354492188,0.16217547452495998,0.008417347241680024,-0.15983449406005554,0.24228613533932158,0.438
1.8382272720336914,0.7686315092430657,-0.19612141398195623,-0.145455234527803,0.2835324904730915,0.44
1.8483986854553223,0.5920786076678288,0.003579550023100072,-0.1250290877750853,0.2386441540367824,0.44
1.8586256504058838,0.8456222589401301,-0.03529126261280807,-0.18263062622941775,0.18296339213025803,0.44
1.8688080310821533,0.4365339039159884,0.03536061906463866,-0.08130175029938341,0.1838219022649198,0.44
1.8789699077606201,0.3540531703264875,0.0032003152795741893,-0.04716106445099487,0.20888406569665846,0.445
1.8891336917877197,0.828273063288248,0.020044609561838924,-0.0411498399146296,0.1222217262220093,0.445
1.8993096351623535,0.5214135466378492,0.022544242884633782,-0.0891485520516582,0.23590144952757713,0.445
1.9094758033752441,0.6442666839830248,0.018143328582853672,-0.1706715265674304,0.20295020182716858,0.445
1.919708013534546,0.434433633009428,-0.3820775506673905,-0.20987747029338732,0.17779319921317827,0.445
1.9299452304840088,0.40509393104450303,0.19099252340147274,-0.11759076665698548,0.25558303803626853,0.445
1.9401204586029053,1.1322245018183092,-0.14529814569412042,-0.08011513476126983,0.23316317402830666,0.448
1.950331211090088,0.36784319294227424,0.06480025889621306,-0.16423933109789113,0.19517358234850363,0.448
1.9605202674865723,0.6729638289789235,-0.01924090957258117,-0.14817298068772453,0.24350919846496616,0.448
1.9707176685333252,0.6678604558064979,-0.2295920514871005,-0.13989968138185216,0.16470819532624642,0.448
1.9809093475341797,0.480821015525684,-0.014555386033304753,-0.09809806386465805,0.18804329486695665,0.447
1.9910860061645508,0.7584078784799612,-0.03967497460710027,-0.06778024393834034,0.1391396747470217,0.447
2.0012547969818115,0.11667218641761914,0.01247459317921062,-0.10213474525897248,0.2071053168984624,0.447
2.011416435241699,0.5776826470714553,-0.23192311873378488,-0.16409042668074192,0.20441881973810694,0.447
2.0216281414031982,0.7747404945273466,-0.17685180109865045,-0.14277798567729044,0.16942906843774225,0.447
2.0318655967712402,0.5692165182121979,0.0401197145205884,-0.021324047027925258,0.16788072523736502,0.447
2.042076826095581,0.5959433777680478,0.041679904365082135,0.025326101721625617,0.15570779679489008,0.449
2.0522873401641846,0.2800664420615548,-0.0011319696590712637,-0.05009719450123973,0.11422918375155304,0.449
2.062650203704834,0.45911684466882907,-0.24425110777599143,-0.05650857162208288,0.12555906522942956,0.449
2.073007822036743,0.8998948671770125,-0.07430867737744513,-0.0935243465570019,0.14164691251220166,0.449
2.083242654800415,0.7954640815943611,-0.29753823004750035,0.04608244708594588,0.17348216298128408,0.45
2.093416452407837,0.7154640289558077,-0.42769626972333474,0.033542117063880245,0.22342331705424173,0.45
2.1036243438720703,0.6005852261345551,-0.20116966447056225,-0.0070109355992605815,0.24148922217828167,0.45
2.1138432025909424,0.16249032879098502,-0.011579879352899867,-0.05281240777424093,0.19432234406724933,0.45
2.124051809310913,0.9575606042023501,0.0037340788289668505,-0.078470155162994,0.22036539644354297,0.45
2.1342175006866455,0.49806082583614997,-0.19078051849098712,0.008205928600389031,0.17341362698142895,0.45
2.1443817615509033,0.5580048614859852,-0.2076389822872974,-0.0976732237963706,0.16708282262532068,0.453
2.1545495986938477,0.2871454559391601,-0.010416011647617,-0.09906819890222013,0.2189108868408109,0.453
2.1648600101470947,0.5288145038895031,-0.004012879492184553,-0.1044501541802461,0.2041228722294076,0.453
2.175025701522827,0.8478111199617295,-0.4421936755152725,-0.0713578332482908,0.2150399247020364,0.453
2.1851933002471924,0.4612862122021918,-0.0187622537459652,-0.039426569787697416,0.1533709985725834,0.453
2.1953608989715576,0.45354635312625813,-0.22391130407581045,-0.11843132286559477,0.17986546489504748,0.453
2.2055490016937256,0.7021881113392414,-0.18885194530774424,-0.11277949315086548,0.3020637432923331,0.453
2.2159128189086914,0.3366604360997396,-0.042975205481307996,-0.10598214432706803,0.23284068876903544,0.453
2.226166009902954,1.0542827229149832,-0.42963374469591964,-0.06668533689151776,0.1814338909733041,0.453
2.2363853454589844,0.15395293712708266,-0.008995595686240108,0.00947953804311738,0.11561062589418294,0.453
2.2465500831604004,0.04682967473700412,-0.0012825596554156622,-0.006159297061619323,0.2269341745402469,0.455
2.256857395172119,1.1136714315203289,-0.07531226890322884,-0.19477696020479104,0.23227182751902423,0.455
2.267015218734741,0.8226531118995315,-0.5291513687578633,0.010665902250735132,0.18252056443433679,0.455
2.2771716117858887,1.0244307862758835,-0.1258800205790078,0.010665902250735132,0.18252056443433679,0.455
2.287346601486206,0.8392861799684478,-0.06011342945996382,-0.010639252132071897,0.26880064275571125,0.457
2.297560453414917,0.16090362148387996,-0.3681317081906088,0.013092331411015581,0.2476910186533023,0.457
2.3077805042266846,0.6438443340961694,-0.17139895122177676,-0.042995056766863105,0.19767091157804323,0.457
2.317970037460327,0.5156882173662727,0.02692639285855692,0.004881332412105956,0.2143927426135768,0.457
2.328141689300537,0.5483304195749895,-0.20349997673625872,-0.007442018250514334,0.2954259105203241,0.457
2.3382976055145264,0.6758366998596338,0.006077117473249951,-0.09795902999869766,0.2882263112859445,0.452
2.3484573364257812,0.7121186049098184,-0.028241871995283857,-0.10570558654449447,0.23095464485305192,0.452
2.3587257862091064,0.5287406797649389,-0.038846792945939054,-0.024312457772381283,0.15436026055035582,0.452
2.368877649307251,0.12458852291647284,-0.22649676005024444,-0.06833109697825263,0.21899188293183056,0.452
2.3790225982666016,0.46702092019773406,-0.04115829724275996,-0.06759755173750337,0.2547198413373788,0.453
2.389172077178955,0.8099374479797709,-0.21020478619102945,-0.13109597159510333,0.25647003065161,0.453
2.399315595626831,0.6537196970039135,-0.1747689238098975,-0.16876528502551164,0.28594362203638396,0.453
2.40946626663208,0.41861769241884594,0.005693932210662889,-0.1272877688236307,0.27562161055703005,0.453
2.4196784496307373,0.44251767193941577,0.02156124641998788,-0.10446576798552541,0.23967657515667232,0.453
2.429844617843628,0.19947497094120406,-0.358296885087238,-0.05564120468179819,0.2543968094794802,0.453
2.4399912357330322,0.02171503520864259,0.08629546851710855,-0.07743252941504997,0.19171438255506557,0.457
2.4501516819000244,1.6970779438436285,0.001344424531679159,-0.0809128927785015,0.23940243838927852,0.457
2.460317611694336,0.13927860899619526,-0.2288202806788435,-0.14962120258995876,0.16922078330305806,0.457
2.470487356185913,0.3745809823375915,-0.07756196888677418,-0.09928194991110859,0.15070777822135412,0.457
2.4808099269866943,1.1135823245383067,-0.1806435350886764,-0.06356454372208004,0.2561245688073307,0.455
2.490981101989746,0.548417931181248,-0.022136236969869064,-0.04786178506032592,0.3245813084564131,0.455
2.5011610984802246,0.8410966747062477,-0.22083483053023406,-0.04882706713529146,0.23395286515259706,0.455
2.511345148086548,0.8093804889406729,-0.18196980686731312,-0.01385463286971891,0.2518647389562847,0.455
2.521557331085205,0.5197892039760819,0.09456991546007676,-0.08072648075583089,0.2513693176506625,0.455
2.531789541244507,0.33625203674560666,0.08501872181066017,-0.12666186178343802,0.22191772124632309,0.455
2.5419936180114746,0.865786874256186,-0.14413606727514772,-0.12213551293854491,0.23567377980035298,0.453
2.5521910190582275,0.45651518372096894,0.015531571192502232,-0.09897722885814486,0.16283858379164404,0.453
2.562397003173828,0.4229674548858392,-0.021547387010819985,-0.1363826312086599,0.23923031259270916,0.453
2.5725626945495605,0.42455929946408216,-0.021547438988345942,-0.1471028548010445,0.23703493260453523,0.453
2.5827181339263916,0.4249660799692722,-0.021547438988345942,-0.1471028548010445,0.23703493260453523,0.453
2.5928711891174316,0.7086434760902227,0.0015829964915387417,-0.088306474663342,0.16121541545866405,0.46
2.6030235290527344,0.42175301690537864,0.00026549111379239583,-0.1218762226836618,0.1899701464513723,0.46
2.61318302154541,0.8204188316991043,-0.4127306566794979,-0.14656013354807088,0.2013853881051187,0.46
2.623338222503662,0.21318486129332845,0.014187453107063649,-0.13603720228715932,0.23600705685246443,0.46
2.6334948539733887,0.5394711633693784,0.032857943116812734,-0.09376146210699965,0.12761115595025224,0.46
2.6436514854431152,0.030012362493240016,-0.1309690227631558,-0.011232039103842063,0.13758648579109695,0.461
2.6538147926330566,0.03535492081191742,0.04759091623245283,-0.10496859602118352,0.15760294899663882,0.461
2.663980722427368,1.3368103847018682,-0.035795761354283834,-0.11928754667151763,0.18872143916701417,0.461
2.6741394996643066,0.351926570449356,-0.0671760352198692,-0.0682908277610775,0.27744947504125655,0.461
2.6842989921569824,0.9347871406709319,-0.24016778660079488,-0.035948994546358165,0.2540606002058412,0.462
2.694500207901001,0.4822330707085796,-0.016456017597831468,-0.055099914631428215,0.15590843382969424,0.462
2.7046971321105957,0.5250413555086929,-0.17848418394310195,-0.0764800823340404,0.19829413508816357,0.462
2.7148869037628174,0.60405376913047,-0.12010198944321511,-0.03478023621423175,0.24220627920764304,0.462
2.725093126296997,0.33494309706877035,-0.00255283794736532,-0.0737923006741987,0.17233496784509975,0.462
2.7352981567382812,0.6985099230665239,-0.001730292496476796,-0.06633788702981841,0.17312155766784207,0.462
2.7454822063446045,0.5392504861010421,-0.16594872042152994,-0.13568951404160468,0.13921246927590372,0.46
2.7557260990142822,0.27194180711841004,0.021400420880576598,-0.1418195620774863,0.12707005743922214,0.46
2.7659037113189697,0.8661777344114266,-0.1931796052445612,-0.22744481734864455,0.2055060443873222,0.46
2.7760636806488037,0.22888460379247097,0.0014605643760675778,-0.11619111852070045,0.21981384643673768,0.46
2.786226511001587,0.7661875447138761,-0.013419849441481608,-0.15682542946005462,0.12952214455460323,0.454
2.7963879108428955,0.5366750639430768,-0.02948436696072144,-0.15637157705497828,0.19853062755504802,0.454
2.8065810203552246,0.44893451789097355,-0.1733672293880227,-0.10966312250826823,0.24871710078789033,0.454
2.816798210144043,0.527629415497444,-0.2357315933356491,-0.18488488452528187,0.13706280548946634,0.454
2.8269758224487305,0.8583811141122298,-0.005203269162092931,-0.25493927450381604,0.170040429682549,0.454
2.8371400833129883,0.5876538973571915,0.014034949950004314,-0.18282128596998592,0.22695738219179185,0.452
2.8473024368286133,0.1826637381716628,-0.17390947223777523,-0.13947043295764788,0.2341667504934737,0.452
2.857466459274292,0.9974958541441319,-0.17237771330213447,-0.2241148769813395,0.22975510937846277,0.452
2.8676655292510986,0.21950416974933676,-0.006099879517293119,-0.274283871608811,0.2059070385254843,0.452
2.8778305053710938,0.6288276354105984,-0.0402658076482384,-0.19960752008061042,0.23474292761373367,0.449
2.8880093097686768,0.7234224440834895,-0.020768907432562513,-0.11211398104999214,0.24994546720255575,0.449
2.898171901702881,0.5350914147769408,0.041667089150885475,-0.20325362761926496,0.210710440530487,0.449
2.9083516597747803,0.7874968470229601,-0.16561656744213604,-0.2979198753293506,0.21580592043726993,0.449
2.918520212173462,0.4252549317790283,-0.2068696955740547,-0.27430715682846063,0.2946159625051962,0.449
2.9287185668945312,0.302497303896649,0.0429281990285733,-0.19910798151901038,0.2576295210490103,0.449
2.93888521194458,1.0154895722064898,0.019719229022097398,-0.18840360429582037,0.13544377379932954,0.455
2.9490487575531006,0.35001161727449115,-0.19078947698187046,-0.2529989535349463,0.11815290327999074,0.455
2.959212064743042,0.8592822264329396,0.007903081540031281,-0.32255089978686624,0.2380602727013802,0.455
2.9693682193756104,0.5051968794900906,-0.20879912369978973,-0.21228900808671763,0.2041783431419474,0.455
2.979522943496704,0.34145782325803614,0.02215754185307294,-0.12389844593288947,0.1540605232110182,0.455
2.9896860122680664,1.1641930851248665,0.01542557849762586,-0.20845297994180403,0.19573162442664666,0.455
2.999854564666748,0.17481229657625116,-0.03787852480626201,-0.20123604014930424,0.19874089965943775,0.455
3.010030508041382,1.0165386382908448,0.007866973041514864,-0.19334360502743825,0.21615171966902963,0.455
3.020188808441162,0.600667136974689,-0.2080762623454452,-0.20056916787311072,0.13073313593712688,0.455
3.030350923538208,0.1601192203196217,0.025611526010636917,-0.21657926372093073,0.15427744513177094,0.455
3.040510416030884,0.7144087491909041,-0.17853934311867617,-0.17584456452413055,0.2229514897982972,0.449
3.0509729385375977,0.5410188133303847,-0.01573398517569276,-0.19574314608756477,0.14463727826230352,0.449
3.0613934993743896,0.7335027644964287,-0.02851136401710947,-0.23392916542273645,0.094528611806113,0.449
3.0715906620025635,0.774337875123957,-0.21303789790390068,-0.1639065702714684,0.17643322434757258,0.449
3.0817880630493164,0.352513403710912,-0.007464746360840836,-0.16564050462366184,0.1622951680920034,0.45
3.0919692516326904,0.7601716950484246,-0.20450412169703008,-0.17967641284144648,0.127116457443843,0.45
3.1021366119384766,0.41331719441755294,0.03713691638509943,-0.1995585920988298,0.1925831740305799,0.45
3.1123127937316895,1.1640890770474235,0.005626906714635986,-0.09660657028230456,0.22706996388973033,0.45
3.1224818229675293,0.17958158736464394,-0.21894319154352226,-0.15758239234675223,0.13705134492313123,0.45
3.132845401763916,0.5053017378466486,0.03991132020982985,-0.2065325932980029,0.1529080803377088,0.45
3.143009662628174,0.7393277195389525,0.006331791685161244,-0.17185979372126442,0.1936584300472184,0.452
3.153168201446533,0.5393849369966817,0.031538079485635695,-0.13778640405489434,0.14725409173399145,0.452
3.163329601287842,0.9991089512899801,0.03860110679903815,-0.17924383191412085,0.09001412731033655,0.452
3.173489809036255,0.6521851779190155,0.01739960585490881,-0.1638503738295393,0.18029899451952058,0.452
3.1836936473846436,0.7952287132983273,-0.3577443299578545,-0.09037445849629513,0.17199456626811338,0.455
3.1938679218292236,0.39057327273508263,0.011483189461822176,-0.1631464521937808,0.15187544513302104,0.455
3.2040274143218994,0.5534222400868641,0.035576915537189814,-0.18048483855331032,0.23463287555020929,0.455
3.2142128944396973,0.859432190898509,0.0043965531071326865,-0.1397449665535817,0.12731380254558666,0.455
3.224395751953125,0.2864822507573273,-0.017413596673268104,-0.11120106324002596,0.05774357582917989,0.455
3.234570026397705,0.7530958007644218,0.03467137666923626,-0.02122560000216083,0.14506400153826005,0.455
3.244877815246582,0.50860697991484,0.02775682639742997,-0.042500444358083866,0.06541716857943716,0.454
3.255082130432129,0.757999184999661,0.04818615102074105,-0.1771380284189179,0.07369306493200128,0.454
3.265286684036255,0.6627774498840169,0.00918989343562018,-0.04637388737542431,0.08733758818369172,0.454
3.277789354324341,0.5094773035071052,0.013752782846522815,-0.04241297766946793,0.09246791131709217,0.454
3.288173198699951,0.22463496720630685,0.045358777207669974,-0.04879799094661957,0.15049291150808256,0.45
3.2983853816986084,0.9166074734971231,0.06839210963140295,-0.005246838924397396,0.07887566917964536,0.45
3.308610677719116,0.6837091333351877,-0.3139374486870112,-0.06057908741348244,0.09898339339415421,0.45
3.318843364715576,0.5188496666021325,0.2649907941954647,-0.07750971096465309,0.06889882124882836,0.45
3.329045057296753,0.8310879697495549,0.007480643354595197,-0.08895936892545511,0.014344466822395287,0.45
3.339231252670288,0.37207703361893524,0.008163186616246862,-0.06715246043284458,0.07575430548508563,0.45
3.349400758743286,1.2032336088761282,0.030681616527293155,-0.13309575898328685,0.02459384700180281,0.45
3.359567642211914,0.6067216461130592,0.05114762001204781,-0.1216583396601082,0.055691310535787346,0.45
3.3698184490203857,0.38364289306613747,0.01957977738686781,-0.0177780564296114,0.02430939371743361,0.45
3.3799781799316406,0.9691198566670173,-0.0003957470281293255,0.005376877885456665,0.01340553297017763,0.449
3.3901448249816895,0.3917541893109481,-0.20238071745926642,-0.037440475860930585,0.10602003488154632,0.449
3.400425672531128,0.9586163910088296,0.24105434661601643,-0.058694209292834754,0.06151437954261054,0.449
3.4107468128204346,0.34214915268523804,0.2246786929487154,-0.07117422820401446,0.024657709998090274,0.449
3.420949697494507,0.30844744664878027,-0.17488610832596665,-0.01877393463205055,0.010650267864280083,0.449
3.4311485290527344,0.7453459299174033,0.024081980738495892,0.036029805615686444,0.008554373576014889,0.449
3.441328763961792,0.7382725234092296,0.02709817329332377,-0.026045813814792776,0.014687046156997606,0.449
3.4515206813812256,0.6154063584259563,-0.0038092507134279223,0.0009937166607611736,-0.058203891337239966,0.449
3.461848258972168,0.9424061842096506,-0.0007010341128762595,0.0735880867838071,-0.009866884239251358,0.449
3.4720261096954346,0.6487357445824508,-0.013808863969304818,-0.004416677079446249,0.050787174943818014,0.449
3.4822299480438232,1.1948586039934976,-0.013792755060999844,-0.01965482895716822,0.09664089353811403,0.455
3.4924025535583496,0.22065996136383972,-0.010553708790668056,0.09091915557599889,0.12237284185704721,0.455
3.502560615539551,0.3961112044146472,0.003815255461257964,0.07490677396163449,0.05582940814718315,0.455
3.512831687927246,0.8286176117069741,0.03492176976083822,-0.028169952277396423,0.047698888877134055,0.455
3.5230045318603516,0.50169944307283,0.04176225405802216,-0.053109542073214104,0.07750762389271142,0.455
3.533167600631714,0.9441062409011234,0.0069575876352927935,0.03565770901207938,-0.022454191436512384,0.455
3.5433239936828613,0.05964248206300166,-0.058126397872801536,0.10967467808266713,-0.017025464725844267,0.454
3.5534956455230713,0.24253255296506088,0.028297460612856824,0.058332069256131464,0.028246570442459613,0.454
3.563887119293213,0.9055632037824759,-0.17853678120716426,0.15474459429879323,0.11188930905010987,0.454
3.5741052627563477,0.26671414614427685,-0.001042452456357631,0.0364629138548227,0.05992057128129373,0.454
3.5843143463134766,1.007592875829711,-0.06319804823734174,0.17199837869421353,0.03512988247495824,0.45
3.5944981575012207,0.4178452327321346,-0.042943708776230514,0.26597230936179916,0.07315436140610315,0.45
3.604743242263794,0.3953649136723304,-0.26979068934982875,0.35589009221446044,0.06707880662965031,0.45
3.614924669265747,1.030031337584211,-0.2770165249765823,0.33282878925830817,0.08337398007438324,0.45
3.6250908374786377,0.5217242500742417,-0.026007910034849202,0.5017272360159855,0.1346698279978628,0.45
3.635258197784424,0.7928345745112632,-0.00801552875374516,0.5428942932434554,0.082908942727341,0.45
3.6454145908355713,0.22896794493600794,-0.0034250973742874745,0.5721888356732729,0.029977739242461453,0.452
3.655571460723877,0.3516505505483959,0.0011722671464586196,0.5856595946615495,0.024769023486061394,0.452
3.66591739654541,0.8444750124419179,-0.016896839324190362,0.7176227949370101,0.05924929228290051,0.452
3.67608380317688,0.3151739451944781,-0.014366361487215384,0.6382719796592212,0.04580808177891743,0.452
3.6862456798553467,0.40503745467671814,0.005679412121441536,0.798557183377531,0.08151773560365577,0.451
3.696408271789551,0.8768680341262136,-0.4177784331287489,0.7430360411722048,0.04940365171793248,0.451
3.7066001892089844,0.26912780227472194,-0.013346320323184512,0.7756320753384796,0.04896677672293567,0.451
3.7169220447540283,0.3132361042489024,-0.24652042103262878,0.7957555608089066,0.06555204520805757,0.451
3.727105140686035,0.3769149476255731,-0.20041532267866655,0.812044958188103,0.1403388803156626,0.451
3.737272262573242,0.5552397395038615,-0.17821229125885915,0.7257946390958998,0.029392090702256023,0.45
3.7474327087402344,0.6503564900021573,-0.17283949230637485,0.7230738962663583,0.07913351297402296,0.45
3.7575902938842773,0.45791740016032195,-0.037419095819406736,0.8817311979268309,0.1503182548766648,0.45
3.767857313156128,0.2820764217728017,-0.17834098825783165,0.8642877456717096,0.10073522438676916,0.45
3.7780189514160156,0.22626599314006057,-0.04402585127068825,0.8152226988370544,0.04663315357609342,0.448
3.7881736755371094,0.512964238262074,-0.2237317589196589,0.8209583198643031,0.11440875985944421,0.448
3.798328399658203,0.3668908230097135,-0.010396678165188269,0.8837333494958338,0.15872818488132134,0.448
3.808497667312622,0.2160990397595158,-0.0028004389780202895,0.8346835881023107,0.06419393757236556,0.448
3.8187897205352783,0.4020530767733009,-0.43027466692462063,0.8267273047684136,0.03654832997036391,0.448
3.828969717025757,0.24008466688039237,-0.006425733376676164,0.8028766214236145,0.07989388982635079,0.448
3.8391826152801514,0.3502979712577199,0.0015406128765535648,0.8523572154923181,0.05996390125074613,0.45
3.8493757247924805,0.2877584336592763,-0.01568400355587282,0.7624054537537127,0.011028135104117771,0.45
3.8595662117004395,0.2721797872505358,-0.014423673391730923,0.6950290336904699,0.08514194419007058,0.45
3.869877338409424,0.21499445634291153,0.007679292608884071,0.6584142711642399,0.09659809605987002,0.45
3.880061388015747,0.2428259480824234,-0.19763117979221306,0.661291160499862,-0.005695676068554235,0.448
3.8902366161346436,-0.0024498580390959522,-0.2131814676255047,0.6480413778935564,0.061113219285850215,0.448
3.900419235229492,0.17123997732775512,-0.01441390997381131,0.6558779969343108,0.15018739690789093,0.448
3.9106085300445557,-0.1214632403079069,-0.02727985154001824,0.6385046885994029,0.14511873271224018,0.448
3.9212656021118164,0.3276163592796889,-0.21626970829489914,0.5237745090074515,0.09655708913368108,0.448
3.931499719619751,0.3134877358607871,0.0011873950172527025,0.5746095528923395,0.10330678452225578,0.448
3.9417808055877686,0.2688622747355795,0.01712585983728098,0.5576156114979539,0.10570725176239892,0.442
3.9519705772399902,-0.14394910742480985,-0.16029429166193773,0.567969886905562,0.08767477747499147,0.442
3.9621753692626953,0.1926784478074751,0.05095115342991293,0.5247716837448706,0.1301700047332412,0.442
3.9723544120788574,0.2657726960840264,-0.0022496681395633294,0.4558698583597456,0.0782744597654961,0.442
3.98254132270813,0.3370442889808846,-0.004512370658867758,0.3735313190880717,0.06135362354583623,0.442
3.9927473068237305,-0.15848747367947438,-0.06734063410927058,0.4219909982710095,0.09214519220902297,0.442
4.0029661655426025,0.09488949749185746,-0.019999745519405372,0.3864704410998114,0.07117864166581024,0.442
4.013132810592651,0.07754765683412128,-0.012990660858500409,0.339884895208832,0.08624730517909451,0.442
4.023302793502808,0.2640189996030869,-0.20436662878338252,0.32813534773509645,0.12183698592160787,0.442
4.033484220504761,0.057553396600156015,-0.013413114040593291,0.31324186930363485,0.1201955617480206,0.442
4.043702125549316,-0.13911583991804455,-0.22615771774332463,0.2363310492477949,0.08682132909326426,0.443
4.053905725479126,0.25511736307612815,0.005349700971399275,0.27899790293711324,0.03977793352783839,0.443
4.0640785694122314,-0.02243999626119621,0.0041481918619402204,0.2647197269447929,0.008017998943641538,0.443
4.074272871017456,0.02264210132319571,0.0027965518596139395,0.27108526356705775,0.10519179407609221,0.443
4.084511995315552,0.019854590676755376,0.06292663897649012,0.1964585112075435,0.06318527833386564,0.438
4.094876527786255,-0.13248085412403662,0.026747568871727415,0.13055124111737282,0.03791582179731517,0.438
4.105172634124756,0.2577196303094117,0.044034282822331426,0.12454499613432529,0.06170687489651196,0.438
4.115364074707031,-0.13187350284238872,-0.015059690600135123,0.13778989460443705,0.07997298267254455,0.438
4.125572204589844,-0.059740395859594224,0.008685841122917376,0.07450493034543348,0.08734961270582427,0.438
4.1359007358551025,0.23997514693664418,-0.061606561641772264,0.07981614704982751,0.14584433353520043,0.438
4.146082878112793,0.12229472610477421,-0.429615152817216,0.05156278415666628,0.14372643703715576,0.439
4.156254529953003,0.10971985924151373,0.012601823481015247,0.031114514996264848,0.030017859458924788,0.439
4.166421413421631,-0.15813507200238144,0.03250147192031208,-0.013008577852604692,0.04634766617090842,0.439
4.176587104797363,0.04328804520296577,0.23394820926698925,-0.013008577852604692,0.04634766617090842,0.439
4.1868836879730225,-0.25700361611269756,0.017564279038022428,-0.03804741127967513,0.03424818523919729,0.441
4.1970460414886475,-0.10446594836127027,-0.04722096112153976,-0.04705731033090675,-0.009717144927848809,0.441
4.2072083950042725,-0.09290859299459119,0.021365791455481824,-0.0504794993357384,0.037275943854466406,0.441
4.217411279678345,0.09907202726399648,-0.010041839529305114,-0.05529963659686622,0.04006432227636677,0.441
4.227604627609253,0.043859492616984755,-0.19318646595813666,-0.0536800765649307,0.061529017827755245,0.441
4.2378740310668945,0.07145108472041936,0.019993928791034746,-0.09571077571419297,0.06704471027679901,0.443
4.248084306716919,0.0847762119830441,0.04114915168403539,-0.07869640101504567,0.0059485195043982725,0.443
4.258358478546143,0.09066915244100374,0.052387052705279324,-0.1106324282139266,-0.015610517774014416,0.443
4.26865029335022,0.3018050985060351,0.019493730752004113,-0.12310336321108942,-0.009874641335473305,0.443
4.278935194015503,0.07188931886713917,-0.018220764949354446,-0.14369325412325412,0.033182360311845,0.445
4.289117097854614,-0.03921055072737547,0.008166363905496956,-0.13697979103778768,0.08111386697337512,0.445
4.299292802810669,-0.018387035252444502,-0.20260442906032267,-0.13562409659924138,0.0693958571680208,0.445
4.309467554092407,0.4036200130921249,0.013677672558537505,-0.1458819776564801,0.001596271901360231,0.445
4.319666147232056,0.04757598493129164,0.02323353109921897,-0.16495235484090898,-0.009357536217708427,0.445
4.329936504364014,0.036171237924850115,0.03766804056563448,-0.07276430478786952,-0.05814635048738356,0.445
4.340129137039185,-0.003035878307509567,0.0033861322046724257,-0.12742202475315292,0.039939970221302225,0.445
4.350322484970093,0.15147031690409501,-0.02945528674793097,-0.11023885978179655,0.0692026953462458,0.445
4.360512018203735,-0.08084451318922219,0.19748321965588667,-0.08725713892800263,0.11201812276048156,0.445
4.370740175247192,0.37381775026903785,-0.22168413061332778,-0.09443323028983748,0.14195681701350102,0.445
4.381004333496094,-0.007984108194121577,-0.0653983433882235,-0.10148895246931486,-0.04356454584845085,0.442
4.391178607940674,0.35020081272362497,0.0037067799522278446,-0.07887054914825163,-0.05263421961881131,0.442
4.401349306106567,0.11861495149158088,-0.017986792784504047,-0.05874735293037149,-0.020226625587161692,0.442
4.411518096923828,0.31075747550340355,0.24300866676311167,-0.07921073833972908,0.022500951984970485,0.442
4.42172646522522,0.32845269070049427,-0.04557515078154344,-0.07613957438389723,0.020098018579119893,0.442
4.431953191757202,0.05028689990906098,-0.016218801906018352,-0.08877354414602577,0.09650903656849062,0.442
4.442128896713257,-0.037133561101913216,-0.23626995046997573,-0.11337086544985843,0.11042344479858343,0.444
4.4523046016693115,0.3758200219980032,-0.05020944891545708,-0.050967194696747486,0.03007752138740174,0.444
4.462478399276733,0.2946016490784493,-0.035229486454715374,-0.01269612888362829,0.1159869817282026,0.444
4.472671747207642,-0.6510932128072623,-0.045836794525315035,-0.08923384545608942,0.09152617860343348,0.444
4.482943534851074,0.523317419249955,-0.020880609009935013,-0.025240930776110802,0.06780180397245197,0.448
4.493144750595093,0.6798947595372016,-0.02985118781156398,0.00011730432962673426,0.01562787028704011,0.448
4.5034263134002686,0.3088338288484194,-0.23699474363817372,0.033173030111743856,0.02881512340246556,0.448
4.5136353969573975,0.21394263050269302,-0.24389725820674168,-0.04396486456460964,0.010587551425616574,0.448
4.52385139465332,0.07711990744776392,-0.07559115188885945,-0.025016306519544364,0.03975782946492051,0.448
4.534072399139404,0.10584226348951069,-0.03593330768245993,-0.018388029419028736,0.0849033041604837,0.448
4.544264793395996,0.08461374843826441,-0.4724034698530021,0.013575238351168356,0.11569258959038786,0.445
4.5544445514678955,0.3626752104831564,-0.041579294511723874,0.001937314398910494,0.15351751704875832,0.445
4.564618110656738,0.17418769638241988,-0.040423462818678285,0.010325161773574218,0.18033903057614284,0.445
4.574853420257568,-0.09022316922492883,-0.06017493601154077,-0.018762559693951214,0.13310563235598005,0.445
4.5851380825042725,0.5899472009978067,-0.2530839030918419,0.03973120744099755,0.15652608570059423,0.442
4.595331192016602,0.35964872733015146,-0.026136346217213075,0.072807848089353,0.1187864967198492,0.442
4.605514287948608,0.28615977110202456,-0.22417925569391337,0.11855032239438879,0.16333547470422544,0.442
4.615695953369141,0.0020962419831068307,-0.04495943712536862,0.0950836087261218,0.12058406001467023,0.442
4.625922918319702,-0.08642048492250812,-0.0023540007479365224,0.12328072396413632,0.18293624856565996,0.442
4.6361002922058105,0.04126738009834978,-0.40449089556893403,0.035801318590226464,0.1680672786854005,0.442
4.646268844604492,0.32482463691236446,0.009446961996665405,0.07278037260481429,0.23781097200318344,0.442
4.656430721282959,0.031423649929887325,0.21898829202847384,0.13018207132505608,0.20431407098923368,0.442
4.666604518890381,0.45573746486101574,-0.22755729150109127,0.15779596146602817,0.18249905238007763,0.442
4.676940441131592,0.3409459945267959,-0.03648005523958928,0.24385312338648513,0.20458979873168387,0.442
4.687135934829712,0.22412473761195642,-0.058996887477381924,0.20816512590345604,0.2148068027188788,0.443
4.6973137855529785,0.052941495529128656,-0.1989553417929928,0.14689603652746355,0.14777764634566623,0.443
4.707571268081665,0.3202040792789284,0.013689161684506512,0.13858384068239032,0.14851895238540738,0.443
4.717883825302124,-0.051171879692507735,0.01015956055694555,0.19043619915323504,0.2012463383033672,0.443
4.728090047836304,0.1298525812536326,-0.0016437943651792658,0.2432782950618331,0.11550165873101254,0.443
4.7382636070251465,0.36358886625187026,-0.21151208083675663,0.22329627477888966,0.07512641572727517,0.438
4.748437404632568,-0.05571081057882262,-0.008409215737950485,0.19523956686325997,0.15437428838174014,0.438
4.758606195449829,0.3639099500188984,0.010977304196911987,0.20612893309315536,0.20574516778221347,0.438
4.76885199546814,0.12990632992135367,0.01252989602403305,0.19812369515998035,0.15186490493021912,0.438
4.779023885726929,0.5916482231679452,-0.15613669142927264,0.17739046356797702,0.16186270717390197,0.444
4.789196014404297,0.15386353762380858,0.2248770094164573,0.23735247637044465,0.20525491907484522,0.444
4.799365758895874,0.2489983764926675,0.05787981335493823,0.2510435471222911,0.1568854678674931,0.444
4.8095479011535645,0.03332855714412995,0.01274856832389909,0.1876560848309265,0.13563005614391588,0.444
4.819849491119385,0.31670033563759326,0.0197809798475218,0.21593293199219393,0.21231198005285806,0.444
4.830101251602173,0.1362904047611966,0.20006103454699672,0.21019804894996047,0.22864118124923477,0.444
4.8403003215789795,0.1549915031100431,0.028503770000703945,0.13164955979680043,0.15962960462336132,0.446
4.85049295425415,0.03438062353015416,0.010530113352472259,0.18872964347301696,0.14711312577579724,0.446
4.860679864883423,0.04153953531528403,0.01011370963719999,0.2896564569039639,0.16485127303115366,0.446
4.870969772338867,0.15469813416806763,0.002079917839417784,0.21637595536052562,0.20908389283205667,0.446
4.88114595413208,-0.04485535263225373,0.015394340755469011,0.17510972201264163,0.27009128984374975,0.442
4.891316652297974,0.15872786254054647,0.05796081416822038,0.24200568773895198,0.20223807948139821,0.442
4.901483058929443,0.07716260002248948,0.2372259420053227,0.24778987825541854,0.12507822950373956,0.442
4.911652326583862,0.32248098916976264,0.024092071185040625,0.25969700180007366,0.1664217559745305,0.442
4.922380685806274,-0.003985335058133626,0.161576957230946,0.23279530155268338,0.12523453896396555,0.442
4.932592391967773,0.29025335389386736,-0.023984517330132113,0.16080028886654454,0.12769135572949988,0.442
4.943220138549805,0.15966617559255825,0.14695020800297035,0.18381999595995396,0.20123033317636504,0.444
4.953442811965942,-0.19089236710103827,-0.015191990449527425,0.18343980037069518,0.10018283170149551,0.444
4.963801860809326,0.7867368975992677,-0.02577733369352365,0.15642806541081092,0.20149884346061153,0.444
4.974079608917236,0.23821791839432235,-0.04816775559330213,0.2186602567656787,0.2202441473814698,0.444
4.984290599822998,0.022732033706745758,0.0001338732055275363,0.20375057117615553,0.1712967305903138,0.446
4.994472503662109,0.1337713627925507,0.01943972672795364,0.2283446344577481,0.21002649773166193,0.446
5.0046539306640625,0.22652379171414258,0.010373522081992692,0.20308501571537868,0.21884295595275005,0.446
5.01491641998291,0.11299936878785971,0.017690953973026266,0.19943625500069825,0.1695469961634756,0.446
5.025088310241699,-0.03910632908140649,0.019714325828770852,0.18244112645224803,0.22449032616830505,0.446
5.035264015197754,0.14268767024604473,0.024337410583441486,0.2101211378570792,0.17779003334462243,0.446
5.045435905456543,0.08720259262319416,0.03811422065751544,0.1355276880295481,0.12290526089365421,0.442
5.055605411529541,0.4695230153292698,0.2818242786859467,0.195485100894594,0.26022026937709597,0.442
5.065837144851685,0.16459952965957927,0.13275294211095756,0.18738134898772962,0.21364955276307912,0.442
5.076022148132324,0.12728125591703682,0.1186419003496655,0.22034059784393095,0.2351787862579363,0.442
5.086236000061035,0.0664203746279187,0.3167313533093002,0.20922536334045191,0.1607222948396282,0.441
5.09692645072937,-0.009930964522134081,0.2538873277613756,0.2640586759151886,0.1162372654752547,0.441
5.1071460247039795,0.2447379629205711,0.04323037553676166,0.12214030467486359,0.20725162879493145,0.441
5.1174397468566895,0.0765104339698994,0.047921239670886295,0.21147948906697825,0.16825210673986163,0.441
5.127706289291382,-0.008231335888864075,0.05406496504848229,0.2224832943715045,0.13908064255397068,0.441
5.1379406452178955,0.046238285994459276,0.08661717135762718,0.19810181561377432,0.08695315932826943,0.441
5.148118734359741,-0.011284729313359585,0.2442274563870202,0.15418564036115556,0.018773831444846758,0.441
5.158292293548584,0.058150304386419605,0.2450509477138539,0.18102113911342824,0.0598647215907801,0.441
5.16846776008606,-0.1314974459161248,0.07859413194798746,0.19573112871317883,0.07551757025774661,0.441
5.178638458251953,0.013188297247115212,-0.1560661469980604,0.17334652473825363,0.04343598834911704,0.434
5.189164161682129,-0.029014192535432935,0.02829137453242982,0.17322284297238832,0.016045927940027203,0.434
5.1993303298950195,0.20029952694489467,0.25125986927900673,0.15725598259342902,-0.018760882828335195,0.434
5.209505319595337,-0.023877282831699303,0.02274840765183388,0.17106811852007964,0.05169469253863005,0.434
5.219716548919678,0.12291641650440029,0.05851130293402337,0.21273420711382063,0.06731936973156277,0.434
5.230050563812256,2.0471097255793,1.4551081151162248,0.1335312488910474,0.04039483114195312,0.434
5.240235328674316,0.04693359386378308,0.0340317199163989,0.09439416073596685,0.10069754383103356,0.44
5.250414609909058,0.031128209891142823,0.26277068927468755,0.0650481877969277,0.004450788764383923,0.44
5.260590314865112,0.05919496434869038,0.0485719079691345,0.015407231678563737,0.011085225493932028,0.44
5.270840167999268,0.46932749792221573,0.031040968528359796,0.02391690320102991,0.06105998884768106,0.44
5.281016111373901,-0.026194336478910663,0.07114453049956389,0.06205578533416069,0.020436799477287847,0.436
5.2936811447143555,-0.09990800477690126,0.2730102636461551,0.10352180615741434,0.09340953888187914,0.436
5.304046154022217,-0.15076381555050158,0.4885876321141714,0.10809967686106166,0.008309885556374633,0.436
5.314244985580444,0.040681375614190725,0.29114593689590645,0.08738091354559442,0.03253361006689841,0.436
5.324460983276367,0.3846702155811789,0.04162200329478165,0.08209551452616569,-0.006884861543543952,0.436
5.3346734046936035,-0.01964573937459242,0.08103080246135232,0.13437143627807852,-0.03468325048360882,0.436
5.345013380050659,0.021598285548875818,0.29130746653232414,0.09017940491464886,-0.03433296206205163,0.437
5.355198860168457,0.0532547930185517,0.06757899791523349,0.05801171403548491,-0.01781833569695275,0.437
5.365375518798828,0.17790488638854082,0.12339158185251992,0.07976086244256146,-0.014036567492476573,0.437
5.375550746917725,0.10663188087621131,0.08799243341119874,0.03094753460925228,0.01595676120363236,0.437
5.385729551315308,0.05770374396953614,0.24123932610351417,0.09320180217584131,-0.04657921607436419,0.436
5.395986318588257,-0.06660810094731136,-0.07998036247920996,0.11168994366583307,-0.08449722428697501,0.436
5.40614914894104,0.13248742520807819,-0.008659671294980359,0.09165230665361318,-0.06235226910921725,0.436
5.41631555557251,0.013816885805736779,-0.022063586165052527,0.05930273534110112,0.0023180720643164315,0.436
5.426479339599609,0.165780009684208,-0.01021942206892183,0.02688729832944249,-0.03918515385314417,0.436
5.436647653579712,0.023338719215239057,-0.2035094901433661,0.14366988627423127,0.04131095519760308,0.436
5.446941614151001,0.426318336109231,0.003152715073345839,0.1638555424475431,-0.02566679156055588,0.438
5.457110404968262,-0.020316877430070837,-0.01189244420362607,0.1736199922276031,-0.02966951965561622,0.438
5.467282056808472,0.13754432560170962,0.22150624713474543,0.16911265338856543,-0.10348456156627844,0.438
5.477456569671631,-0.10436326560782817,0.023677130566701378,0.11717757490392815,-0.03135863007321821,0.439
5.487649202346802,0.20872516652318465,-0.006335738421079502,0.13790881112781267,0.0712107200465271,0.439
5.4979567527771,-0.045880871350108494,0.001637331185586157,0.15540511809800073,-0.007578495382836656,0.439
5.508131504058838,-0.06370996701885026,-0.17892145097648646,0.22658607142043616,-0.012350752422625844,0.439
5.5183045864105225,0.3021223553452376,0.018700894288204185,0.19302940020097903,-0.0684754295224877,0.439
5.528475999832153,-0.06875172102595505,0.0005165084770548454,0.19784697366507836,-0.01149777087335202,0.439
5.538735866546631,0.2396014700653735,-0.020840758755259953,0.15571188541407066,0.0315873943878876,0.436
5.54893159866333,0.18238629495441167,-0.08002872237914525,0.13119724311385772,0.044034244001985565,0.436
5.559117078781128,-0.0008959912616108665,-0.27383515044833023,0.16909960530147183,0.06092797031632416,0.436
5.569287538528442,-0.0855319201232246,-0.013210345345080705,0.20984424707427074,-0.002977582412201016,0.436
5.579456806182861,-0.14593790548721455,-0.04605175410531267,0.2109364131104402,0.023850572469826414,0.439
5.589663743972778,-0.0816489240998496,-0.05507006782149128,0.20215034419555492,-0.019676438307222426,0.439
5.599875211715698,-0.017643178592366054,-0.015490075011065937,0.215865436606642,0.05050634757392549,0.439
5.610069751739502,0.06972500281241181,-0.2442805260625995,0.2419388351698653,0.013753095242593147,0.439
5.620249509811401,0.04649058712090688,-0.045159658076971906,0.25328856831604796,0.025158445617457476,0.439
5.630558967590332,-0.010591938653385528,-0.23002216169814685,0.15469195163557886,0.036773274167815735,0.439
5.640737056732178,0.5027143540400382,-0.23474436083382474,0.2100021776174902,0.016175961578575843,0.438
5.650948524475098,-0.04022939517047247,-0.19572519904281646,0.22679296876597055,0.03143930431680467,0.438
5.661144495010376,-0.43011541339595194,-0.07793069248940757,0.2530328065870512,-0.006983824408520675,0.438
5.6713457107543945,-0.4192916724019954,-0.24435412135222073,0.20303632639211822,0.07501577174154447,0.438
5.681548118591309,-0.019502054106691365,-0.059487906768469004,0.17397014179994783,0.01665711820394175,0.441
5.691840887069702,-0.029552630277610063,-0.40879594405652026,0.24848645458170604,0.05848965160126268,0.441
5.702071905136108,0.17176393632245712,0.20113170461379037,0.2222541953849792,0.05755074032521319,0.441
5.712263107299805,0.052948477078927365,0.020635676844144683,0.2192648080535279,0.04699422757386618,0.441
5.7224440574646,-0.7735022966516792,-0.22085273329431948,0.2384551206579466,0.049417305949689086,0.441
5.732623100280762,0.0680369496682686,-1.6473371016205844,0.2576199349120726,0.07950275911665959,0.441
5.742814540863037,0.007952769384332177,-0.03179876521555862,0.23679846176064967,0.11844461170825214,0.44
5.753006219863892,0.10735021170205937,-0.0024697675771631626,0.2306865432905572,0.16504321333416058,0.44
5.76318097114563,0.0709208763599437,-0.022558397812720732,0.1940466888785745,0.10551228738474701,0.44
5.7733542919158936,0.07096110237391569,-0.06108610285084818,0.19718994120395544,0.13641868249674638,0.44
5.783523082733154,-0.25798685872192517,-0.45963893324473404,0.16576946268642778,0.10900781872978763,0.434
5.793697118759155,0.06744264986722157,-0.0922620690024669,0.215876744445764,0.10674332046478552,0.434
5.803894281387329,0.10367342853304908,-0.2907162279315847,0.15448675004096693,0.17224918544455098,0.434
5.814072608947754,0.15235321198429855,-0.3299727649571016,0.20861255539245882,0.13559075054833733,0.434
5.82428240776062,-0.10102184575050645,-0.08992351841745676,0.183681950032001,0.06377311526480903,0.434
5.8344886302948,-0.16575854974612755,-0.06152040476042067,0.17949228149555038,0.12893806171097563,0.434
5.844688892364502,0.10425717586964772,-0.08760789024163808,0.13901777155741946,0.14594504356843474,0.435
5.854896306991577,0.10729272839118054,-0.030284740904076818,0.1597790174565133,0.20110952785874114,0.435
5.8650805950164795,-0.24557642527878662,-0.2766592115086945,0.1317511952232738,0.18062768723609224,0.435
5.875260591506958,0.021638419232255856,-0.08978777487988736,0.1501990922404455,0.2516731618223161,0.435
5.8854358196258545,0.029608914498200523,-0.4240462195638612,0.17716249506824228,0.2082980283666634,0.435
5.895611524581909,0.08143830129568567,-0.052104291370455136,0.084769388168056,0.21699177547274723,0.435
5.905794143676758,0.02299369956034021,0.16936733052497197,0.09549299104126692,0.2727794453717065,0.435
5.916035413742065,0.08465017095585999,-0.6564258612293695,0.01849226940574171,0.19139034665885235,0.435
5.926209211349487,-0.005008069801511093,-0.21532611796639947,0.11432891465741743,0.2862031300887308,0.435
5.936384201049805,-0.5507397581734391,0.7949285431123806,0.14601746677187055,0.22235563767477917,0.435
5.946557521820068,0.2578062356395654,-0.40821025082605167,0.1303719437414452,0.17315337469525355,0.432
5.9567790031433105,-1.5895199362275707,-1.3481644594864703,0.1632630376230283,0.24035980580134175,0.432
5.967082500457764,-0.12131646851278852,-0.002080341327209696,0.12284326227323193,0.17504612554778207,0.432
5.977293491363525,0.15440846449406245,-0.055711361790361666,-0.007032792874049954,0.18196389075035252,0.432
5.987480163574219,0.1122848857293156,-0.09508198368340269,0.05534552368106029,0.19296719084904757,0.432
5.9976890087127686,-0.07504519103998672,-0.09796800285116962,0.1832486377916087,0.16755849569665346,0.432
6.008070707321167,0.1034290716305242,-0.13738946009591524,0.11383213907915457,0.14808969574091435,0.432
6.018256902694702,0.21075356399265116,-0.12106983280755322,0.061493515372932926,0.22589631835785767,0.432
6.028432846069336,0.10049732806862993,0.002609059173648096,0.08107133115002933,0.2543287358497922,0.432
6.038610935211182,-0.15959503436618547,0.011554501816934605,0.061425774335241407,0.2178449417349415,0.433
6.048813819885254,-0.14451700830645756,0.19487996566432422,-0.051746968273204956,0.14742701687965767,0.433
6.059026479721069,-0.16185052193039123,4.4796552752775405e-05,-0.10622188177361051,0.18508676975117164,0.433
6.06919527053833,0.8228759467836421,0.6384562033780213,0.02915793755829324,0.22473719060197192,0.433
6.0793776512146,-0.10927036781540538,-0.036373157866152896,0.07503478239847802,0.18416619236635168,0.433
6.0895915031433105,0.25358581285869086,0.026968227753286972,-0.004323456997376393,0.2566140398611543,0.433
6.099794864654541,-0.3977255979198278,0.07698266961222758,-0.08664054081758846,0.24843495393856677,0.433
6.110117197036743,0.014095322994785015,0.29038679629739556,-0.04855949871771058,0.26494450037851686,0.433
6.120291709899902,0.8381293270488122,0.08296526974524743,-0.052435343791259914,0.21477618398499726,0.433
6.130466461181641,-0.5798314521184396,0.016838759993292055,0.0022649836113279587,0.11912535576756089,0.433
6.140641927719116,-0.8126245517514742,-0.15648336592679843,0.02273367973726688,0.16757871164632665,0.435
6.150935649871826,1.1349870180235546,0.23237968538792295,-0.011947333878082667,0.16434026270626953,0.435
6.161108732223511,-0.14026099932860137,0.08235277119954298,-0.08884622688140871,0.15302015598656374,0.435
6.171278476715088,0.5717851056607074,0.061329290740422496,-0.10991042490597897,0.1639827188388227,0.435
6.181449890136719,-1.207190672259118,2.0856938501409923,-0.0015209801770481313,0.09904426716019829,0.437
6.191619396209717,0.010613984614487992,0.07959132151960377,-0.050403918550971094,0.057364352063422344,0.437
6.201895236968994,0.04396131476181592,0.09133761288550123,-0.059462965899462934,0.174918025694672,0.437
6.212064027786255,-0.008502528097241948,0.4803458370702585,-0.07512886971064571,0.13989783381569815,0.437
6.222268104553223,-0.0898449651653316,0.3489023725251366,-0.02804864313254478,0.1356226561476151,0.437
6.232456207275391,0.2743218734310086,0.5488701857151211,-0.02217610667840647,0.07562702562400278,0.437
6.242640733718872,0.2586125828051295,0.1625228633039089,-0.07051014283224859,0.06308786667611824,0.436
6.252945423126221,0.17386957142529977,0.5903421087318659,-0.03281654333175457,0.11304813488204671,0.436
6.263123989105225,-0.029348086822694824,0.21232435753706688,-0.06975630200596626,0.09393870330053164,0.436
6.273293495178223,0.08407522579783519,0.6175744553877366,0.01213849670369585,0.04488131246448104,0.436
6.283466577529907,-0.03142025565948966,0.154607052957115,0.09401366331711089,-0.03849402044504914,0.434
6.293636798858643,0.07705393474515894,0.5718920423899919,-0.029647685272246295,-0.0497964460631142,0.434
6.303892612457275,0.715130302835467,0.9179825968219965,-0.04765230697784541,-0.02539755054170669,0.434
6.314160585403442,-0.11142356597032191,0.324253991451151,-0.129630787258089,0.038079855267395504,0.434
6.32444429397583,0.30172818050607725,0.2769015190894101,-0.07673096077488133,0.00023393173335516104,0.434
6.334653615951538,-0.06405672297122043,0.05052900185179354,-0.03986805853349145,-0.07756461052920606,0.434
6.345040798187256,0.4934077801990073,0.26019246111493566,0.024678463183397437,-0.06606672194020881,0.433
6.355259418487549,-0.024285325981699607,0.27225145404423073,0.0391588356622513,-0.046244683084609745,0.433
6.365464687347412,-0.08917610705703023,0.09443568454280221,0.0965832714997217,-0.07314879384760571,0.433
6.375647068023682,0.24787092073019754,0.2768787403916419,0.1270479149822691,-0.04472420617387918,0.433
6.38584566116333,0.05115720992683244,0.04919068879908449,0.07036945342484242,-0.1463833956681615,0.438
6.396183729171753,0.05311406199126327,0.10265977150990867,0.021876604578917623,-0.0803120987419555,0.438
6.406358480453491,0.0701521308142056,0.253330671078429,0.06142142106535904,-0.09631622017497797,0.438
6.41652774810791,0.35109251891431503,0.25385488600695716,0.021091679481884406,-0.048059065127523865,0.438
6.426699638366699,0.19664086656005647,0.2686154968468479,0.06584885357545843,-0.036821831252314224,0.438
6.436906814575195,0.1264868738129819,0.08202317458097957,0.059824013642932446,-0.10194285054815012,0.434
6.447130918502808,0.30833604762619216,0.05026643791009208,0.13348943577214253,-0.10952396908789612,0.434
6.457313299179077,-0.09102794583747142,0.05520342767507714,0.12935370688958983,-0.12700827559712258,0.434
6.467486143112183,0.049323687330235524,0.19657070522614858,0.1871949200649551,-0.21316849657809378,0.434
6.477660655975342,0.10954229913050136,-0.007638766174096493,0.17493221444546853,-0.24175853991114804,0.437
6.487937688827515,0.3221803860947607,0.016216278305784818,0.17520780290433527,-0.2834791498291545,0.437
6.498125076293945,-0.04546867512362047,-0.15324189910948371,0.1438529497528005,-0.2188880309857984,0.437
6.50830602645874,0.17794957332136024,0.045981031613806324,0.18188151022338914,-0.155118552202761,0.437
6.518476963043213,0.032673024983177014,0.009860751888470862,0.23154176299855242,-0.09730840108657786,0.437
6.528647422790527,0.16128735094181265,-0.3885248874370594,0.255766847015489,-0.06566995832951916,0.437
6.538901090621948,0.29819258093877216,-0.015864055313010213,0.2404134671342284,-0.13398031036887112,0.435
6.5490827560424805,0.5559959030047406,-0.040116684272943064,0.20050183249471568,-0.19163807150133802,0.435
6.559263467788696,-0.12284141914263189,-0.0547995637846376,0.16945443648729552,-0.2276831553639644,0.435
6.56943678855896,0.2214728184729571,-0.24633875330164556,0.2030763668229842,-0.11575108951378084,0.435
6.579750299453735,0.2614983746980698,-0.07819187513717678,0.203766425078693,-0.13122487097702984,0.429
6.59018874168396,-0.08497195756985465,-0.2839772217208158,0.23446950351733659,-0.18924722742907887,0.429
6.600374937057495,0.04370644884693301,-0.5091479384808035,0.27531128615966477,-0.2238779989513116,0.429
6.610563278198242,0.396823809646509,-0.11839764100538608,0.2963642909599147,-0.279176119852138,0.429
6.62074089050293,-0.004931596936851796,-0.3188853822084573,0.26025070551670515,-0.06626512731380994,0.429
6.631048202514648,-0.08082906222956635,-0.2825600535000486,0.1911090442801633,-0.12055015982924754,0.429
6.641219615936279,0.11457337977819976,-0.30756656099475604,0.15899160986667246,-0.0951516806172777,0.43
6.651397466659546,0.2209185017716091,-0.07093995277762906,0.2160117976831502,-0.14727153848866376,0.43
6.661772012710571,-0.07379448376428148,-0.4909390317349488,0.22388080327048054,-0.1837205082333303,0.43
6.671969890594482,-0.015373096398992243,-0.480422938431054,0.2474672177592364,-0.12445827845719462,0.43
6.6821606159210205,0.08621325302416859,-0.30121772014807585,0.2745008606974441,-0.12362746139098263,0.43
6.692346572875977,0.04452047509923943,-0.30884881249912505,0.2935548347694616,-0.05738034141707169,0.43
6.702552318572998,0.011664063097233104,-0.3175451644025546,0.2245393470163178,-0.1432139175972405,0.43
6.712758779525757,0.26836073243149977,-0.30824074074897323,0.24967197892469986,-0.22448747431811428,0.43
6.722999811172485,0.08412363680894851,-0.4907599507872902,0.25654951706663703,-0.043676026984726495,0.43
6.7331836223602295,0.017017575357736996,-0.11496781305916298,0.26129057922839505,0.025810815668930676,0.43
6.7433648109436035,0.024507990605995997,-0.5399084248600919,0.2229031059017108,0.0360781079685423,0.428
6.753540277481079,0.08155629653847103,-0.32376629792105754,0.26505740552602625,-0.02788187013747944,0.428
6.763728618621826,0.15988624229307372,-0.07586851951772544,0.26822890198438887,-0.028680940746197703,0.428
6.774009466171265,0.1257821418572431,-0.2711100845194724,0.20167736083460303,-0.08109301833958313,0.428
6.784176826477051,-0.131885430004817,-0.4695580644097364,0.21369173046375334,0.04822301223142783,0.423
6.794344186782837,0.04565721659566583,-0.23809289828396768,0.17928569119381943,0.13828231065084812,0.423
6.804511547088623,0.24724536354433085,-0.49588753594335966,0.1606436478078396,0.08447892481168329,0.423
6.814692258834839,0.015560028922047237,-0.7032249896124875,0.17310082318600245,0.03689811182881637,0.423
6.824949502944946,0.142733139249472,-0.31740655108609467,0.17856083462827918,0.11984184835722118,0.423
6.835148334503174,0.08905027322066686,-0.5078477698939802,0.20782220776960353,0.11419326773241051,0.423
6.845328330993652,0.048451562911081054,-0.29234495707989994,0.21172540295395229,0.2585760062989842,0.421
6.855520009994507,0.03266855008834109,-0.29785040112633243,0.14990777559208443,0.10106220884568178,0.421
6.865713596343994,-0.005395299065276448,-0.0821124716018083,0.14729732233876433,0.11950855319197928,0.421
6.875939130783081,0.03954103375995346,-0.08077223469318243,0.13660566383497091,0.0854852740318209,0.42
6.886108160018921,0.18866830584155453,-0.45767464689326354,0.18954780160394358,0.16138470178824896,0.42
6.896301746368408,0.11521964397415192,-0.5117429814903415,0.17277709582208245,0.20649019463800616,0.42
6.906467914581299,-0.003634538663825671,-0.4640641205848867,0.15971670551343686,0.16442654439347973,0.42
6.916632652282715,0.011724271654505746,-0.046295894683916504,0.16022201855676674,0.1797099560080637,0.42
6.926793098449707,-0.011013094547040992,-0.49301133745579667,0.11049892051311722,0.14697201323001724,0.42
6.93708348274231,0.053455321899293765,-0.0431484555432136,0.05743778597368064,0.20793970761341848,0.419
6.947242259979248,0.06195055202786786,-0.4421661984497389,0.03159352190538135,0.2689523040784462,0.419
6.957396984100342,0.10280202942010314,-0.27437215425141426,0.04371789444339165,0.20875696662710835,0.419
6.967566728591919,-0.19529646047331065,-0.02980130201751284,0.022348376476173548,0.23047327966480452,0.419
6.977721929550171,0.05916709967599457,-0.06392956037002753,0.03847454970184118,0.1835517558558486,0.419
6.988020896911621,-0.030554325743575094,-0.278083845227603,0.07420475420763542,0.20777471474623632,0.419
6.998175382614136,0.21453915612105676,-0.09420695177427156,0.0705873327841867,0.21230336767185598,0.419
7.008326768875122,-0.03795720505250458,-0.6930338573499358,0.043372008482535286,0.2052325668720689,0.419
7.018481731414795,-0.010019566325298976,-0.08137238090158945,0.04500758879749188,0.1514316371828999,0.419
7.028632879257202,-0.04537670436200162,-0.7105581559067624,0.07794502986725159,0.15771502664263642,0.419
7.0387866497039795,0.06394756275849185,-0.06657518389056769,0.02541205501080124,0.2910423932255892,0.416
7.049086809158325,0.008411726022110306,-0.0074433362214292075,0.024037405135550943,0.3408819783158846,0.416
7.05924391746521,0.010141432175737243,-0.5822531704563763,-0.029221323420433855,0.31721909696048584,0.416
7.069432973861694,-0.22154177612889295,0.007899763851191462,0.017463671858627988,0.21922713539359331,0.416
7.079622030258179,0.086182299688812,-0.21598945779622938,0.04867050421137804,0.1758304935342616,0.422
7.090057611465454,0.050622046633326596,-0.00723072582457633,0.0739370837877779,0.21357197138527434,0.422
7.100314617156982,0.025607964477396744,0.21231488638022472,0.11686911231813611,0.2908596300187733,0.422
7.110497951507568,0.18680558999617344,0.01486151889780856,0.1322262165041894,0.24725379632939254,0.422
7.12069845199585,0.009414920789366621,0.027648498175071194,0.08671538851133812,0.16087010019940992,0.422
7.13093900680542,0.02837809333153283,0.053765321841421375,-0.009248879366227165,0.1337672522909642,0.422
7.141131401062012,0.04284956568995325,-0.12640945153015937,-0.03700077943098814,0.18705805872918746,0.424
7.151298999786377,-0.02580483744585621,0.24976024553289838,-0.05094726960920016,0.2602179553973851,0.424
7.161462068557739,-0.09578029451638358,0.09308774776897805,0.03823568841215915,0.22912173763093227,0.424
7.171634674072266,-0.04647235432108818,0.08320299827913186,0.10480129678772016,0.1472616035887956,0.424
7.181798458099365,0.5826469701766942,0.07394706970727945,0.10089774297284204,0.14272874443802253,0.419
7.192058563232422,-0.090148810896425,0.32376076591505637,0.10057383689891866,0.25904930745738214,0.419
7.202213764190674,0.015756474889145212,0.13137292733700237,0.12457143773034404,0.13765382492488965,0.419
7.212369918823242,0.04989894450879451,0.3496368120752725,0.06872526028944319,0.08611676890961298,0.419
7.222560405731201,-0.031053343693586474,0.14917233997769475,0.07493953594442296,0.13117829933805847,0.419
7.23272967338562,-0.08071190781087066,0.1407145298974215,0.0038959468218607296,0.15675519165884833,0.419
7.243005990982056,-0.05445403114024234,0.690592065014969,0.06221341430233429,0.01677008273903463,0.419
7.253166437149048,0.028746265486031278,0.09350418755546838,0.06168980082886934,0.0557005398507563,0.419
7.263327121734619,-0.04683233055506154,0.14533952780006154,0.029707756088236167,0.057398093100142246,0.419
7.273489475250244,0.0031168827301339026,0.16220501314636956,-0.018297967696394347,0.052231440704585755,0.419
7.283642768859863,-0.11367386571686768,0.10475589012878593,0.018161640470761214,0.032703000438913374,0.421
7.293842792510986,-0.02200985170990878,0.24059293179925315,-0.0010430579602602923,0.13886547966507726,0.421
7.304104328155518,0.20818050482239728,-0.0005868122910063939,0.0431411887553436,0.06637251352876883,0.421
7.314258098602295,-0.6285622212021936,0.028064898205704118,0.03990626213937243,0.1005854242190097,0.421
7.324419260025024,0.41820012367597564,0.056177910130648955,0.12734318535284547,0.15065772676163988,0.421
7.3345911502838135,-1.0066660099420324,0.061133933339353325,0.1329211830394178,0.010725620625775124,0.421
7.344786167144775,-0.10285340946386272,0.09717933982018316,0.10328109577472139,0.024971527378134722,0.42
7.355126857757568,0.013756245808018765,0.06621361080551787,0.019671532044727994,-0.041596913105120724,0.42
7.365309238433838,-0.5895925701698541,0.06621370944034627,0.030356569219963634,-0.05937662035829172,0.42
7.375513792037964,1.2917496863024547,0.031866478999182296,0.09863495537265177,0.0007282225276787482,0.42
7.385680675506592,-1.298115139984665,-0.11181168206608624,0.1308149705714636,0.02447928046910472,0.417
7.395930051803589,1.3106521926841377,0.2894124333959983,0.1308149705714636,0.02447928046910472,0.417
7.406123638153076,-0.17759536320486993,0.048396038689529554,0.16092953830502524,-0.04176811634325066,0.417
7.416332960128784,-0.3599105538469943,0.7973722761024947,0.11162496502643271,-0.11807331347999173,0.417
7.426546812057495,1.0971494922565523,0.8660542950071429,0.07589833206958638,0.03688591148266899,0.417
7.436768054962158,-0.021273971882281844,0.05884706897259861,0.04463558082955711,-0.08507573121046433,0.423
7.446978807449341,0.30070799771650625,0.02624363887978866,0.000579480146623259,-0.04095271532685073,0.423
7.457135915756226,-0.006130842048793391,-0.0034722660868092975,0.0861073616309522,-0.07777522919651345,0.423
7.467291593551636,0.23759005670006686,-0.026982236849159805,0.11538302178683674,-0.05928159207013916,0.423
7.477445363998413,0.14179592331804056,0.07184487295196687,0.11763892061630316,-0.041873592185561095,0.423
7.487647533416748,0.6229531960187386,0.06093753249097544,0.058348619275544925,-0.040393018977996215,0.422
7.4978837966918945,-0.0007635230794154384,0.2548708920498069,0.07137695681794126,-0.11318715844370966,0.422
7.508124589920044,-0.07309286124081014,0.03136944919343702,0.03996141422901518,-0.07797530243007209,0.422
7.5183024406433105,-0.054313344979316246,0.004987338075088529,0.03667218307526225,-0.08353991777260525,0.422
7.528475284576416,0.18804932648044242,0.005716034887855943,0.09580671205928239,-0.13062087408030862,0.422
7.538646936416626,-0.016728679766970806,0.04691155533823146,0.09763982781705806,-0.10747408021188438,0.423
7.5488245487213135,-0.11854190951522077,0.06692106226046422,0.0601813288846394,-0.03200856700055514,0.423
7.558987379074097,-0.011470493957770783,0.02618451422257292,0.05168762870501196,-0.025204492634526558,0.423
7.569167375564575,-0.06462191958957392,0.008609466075904194,0.06286983707643153,-0.13343034366221518,0.423
7.579331398010254,0.18224030097374308,-0.19495955671582485,0.06704030746329911,-0.15143905816128386,0.419
7.589497089385986,-0.08464354262592234,-0.17707061897085272,0.07042771975740547,-0.025042944976296153,0.419
7.599672317504883,-0.16185883638144546,0.20371033696669402,0.07765467821864294,-0.03361421290456509,0.419
7.609883546829224,-0.09252901696847522,-0.004117829653982121,0.10974579568871594,-0.09050674690124444,0.419
7.620081901550293,0.2468100701542471,0.15654400636812474,0.14359964281923585,-0.08735967211851327,0.419
7.630261421203613,-0.09895939418649638,-0.6357341918266841,0.12275695805706208,-0.03545383394621328,0.419
7.640440940856934,-0.006512233659164788,-0.0005723826751039334,0.04365625303563199,-0.04404712406074781,0.424
7.6506123542785645,-0.0252971959967054,0.009367465382167105,0.1335413057935329,-0.17471143071988243,0.424
7.660778284072876,-0.056557960624402354,-0.25294938073075396,0.1363291561739479,-0.08978457845761037,0.424
7.670970439910889,-0.05239644179412322,-0.02962043816268005,0.055961146200979764,-0.01267336107466406,0.424
7.681131362915039,-0.06011427316266475,-0.06359813734317402,0.10894961141378123,-0.0436036403670431,0.424
7.691302299499512,1.8630526065580868,2.5489776520726815,0.15773384463906304,-0.001860710361556793,0.424
7.701509475708008,-0.005811711722165226,-0.07115494751370396,0.1519601584115846,0.0029430781345347566,0.424
7.71169376373291,0.24520682293592458,-0.12574347544758327,0.1922800214235537,-0.039038711683852825,0.424
7.7219250202178955,0.036696175673880706,-0.0551699203534705,0.17921220431665894,-0.028798779490777332,0.424
7.732110023498535,0.1340047019345712,-0.20116121269215365,0.21257437138208932,0.0770516300145861,0.424
7.742284297943115,0.08799005182537559,-0.14980904470354517,0.16387171463841566,0.07332997956513979,0.421
7.752457618713379,-0.1464580275008411,0.07949078539396909,0.14027544641470774,0.10068323000805356,0.421
7.762625217437744,0.10755900986889617,0.05395183517477537,0.12725566314587963,0.0268771053201024,0.421
7.7728095054626465,-0.014645075130357232,-0.0013712527795212595,0.10803126522811067,0.017976412444114513,0.421
7.782992124557495,0.14913977896981773,-0.0207578746330844,0.09024512209260739,-0.05212183504653686,0.422
7.793165922164917,-0.23131696971605775,-0.028183926086971237,0.05205157081310163,-0.051254646526151575,0.422
7.80335807800293,0.08423069823074195,-0.026924680019424642,0.11205576054456132,-0.04901166290237414,0.422
7.813543081283569,0.03951480068469181,-0.2517352755341814,0.1481717345425312,0.03985288927381713,0.422
7.823757648468018,-0.013827416539110644,-0.014166323154439211,0.21348874640211227,0.014532909170712798,0.422
7.834002494812012,-0.06137652455950894,-0.0035310872648391606,0.2301203022971799,0.057197358545441335,0.422
7.844212770462036,-0.01441232717352631,-0.01795901132627589,0.18974033710993074,0.053884744201478596,0.425
7.854410409927368,-0.09851365245984917,-0.16907341765331113,0.20196661029037583,0.04463793666985406,0.425
7.864598989486694,-0.020402269967913084,0.003655901583847675,0.19752490889720142,0.010468057403614655,0.425
7.874803066253662,-0.030641793081942214,-0.01941194215018006,0.20462127800136737,-0.02307848401441392,0.425
7.88503360748291,-0.12598430176099112,-0.021488437004254454,0.17117731982173343,0.0011583768871749923,0.426
7.895222425460815,-0.058533660251346084,-0.01813968521016393,0.1837781670813557,0.01638693261574236,0.426
7.905400514602661,-1.7529503431636313,-1.7544939763768315,0.27822492369790536,0.04261144496128993,0.426
7.91557765007019,-0.004407113195344192,0.04664343187658412,0.29902804043357434,0.018347158944754947,0.426
7.925768852233887,0.005366671697360493,-0.19122210444552354,0.22237171591606403,0.12262275737810874,0.426
7.936004400253296,0.08401373311678544,-0.04783048168183246,0.23396045196782514,0.054343864228149893,0.424
7.94617772102356,-0.1443222249053619,-0.3253720755404472,0.30148269828632607,0.015994807019022332,0.424
7.956348180770874,-0.05220211259696222,-0.45729013141063685,0.32181279328416845,-0.050484225881461675,0.424
7.96651554107666,0.17541073750965533,-0.07433718475558654,0.2593507329386471,-0.02564337222387591,0.424
7.976694583892822,-0.1853041617874905,-0.275437564811191,0.2523593761415564,-0.027363909115294134,0.423
7.986908674240112,-0.010620107674180253,-0.09532903368779613,0.2827269741504937,0.03688177319494985,0.423
7.997090101242065,0.09651097390757593,-0.28304959248000894,0.2371103799628348,-0.046010706581792335,0.423
8.007248878479004,-0.15059474023246167,-0.26743388390959855,0.13359280592479905,0.06408720240803309,0.423
8.017410039901733,0.17536117701932957,-0.08995160800591191,0.17441485900788917,0.02909145033156114,0.423
8.027576208114624,0.12626390336632473,-0.23361934528853284,0.1623686792670529,0.023836290297011703,0.423
8.037735939025879,0.1309348847621974,-0.017606145887155037,0.19430052698396777,0.08464297151898509,0.422
8.047940015792847,0.07040354732156524,0.16854954767656294,0.15011889881665763,0.09269011879938774,0.422
8.0581636428833,-0.11789494271959763,-1.1787280465138066,0.139488115145659,0.2050997856866432,0.422
8.068322896957397,0.09028163224755091,0.03633399189091906,0.14254709913474894,0.08974468515458559,0.422
8.078486442565918,-0.2909842579148458,-0.3804865617722428,0.11122361554231061,0.10777020248798297,0.421
8.088643312454224,0.17140534447327838,-0.06357961280125811,0.08101177563345488,0.12276735779940647,0.421
8.098801136016846,-0.2947378909739602,-0.11452514474491728,0.07232993646591611,0.07229510893173155,0.421
8.109066724777222,0.029981544327271886,-0.4931980081494706,0.07975492362153089,0.1155572759118779,0.421
8.119309425354004,0.0009886998775553283,-0.3041415639783388,0.01047708759267428,0.09120294088485065,0.421
8.129512786865234,0.07399879101061581,-0.24111511337174002,-0.003206210443816516,0.17036752307864783,0.421
8.139724016189575,-0.2911093238659381,-0.02655383008035582,0.07779322019797316,0.151759965373415,0.422
8.150007724761963,0.11953196602788861,-0.1851972204817329,0.04981067000574699,0.09777884682747034,0.422
8.160214900970459,0.014018620698354483,0.007867350486874213,-0.015613394138597622,0.17632277034878818,0.422
8.17042326927185,0.11920438627449015,-0.056036622420739424,0.03373000226242261,0.11779160395485386,0.422
8.18063735961914,-0.11579474805162006,-0.01917266345785227,0.03761310709473416,0.08929240801204824,0.416
8.19081711769104,-0.15091700070353714,-0.04090041418489106,0.04155535166041574,0.13707676659476783,0.416
8.201163530349731,0.2856882072725043,-0.4387714864148907,-0.029060585969784045,0.09604656933554491,0.416
8.211352348327637,-0.11471085557514861,-0.07214176740192414,0.0013287078797329654,0.16904842234397854,0.416
8.221582412719727,-0.24858153814331338,-0.2885515903383371,-0.01638619073143746,0.1830018678479291,0.416
8.231815814971924,0.29414585496906825,0.1799035366391322,-0.04757430101906548,0.13202774955333735,0.416
8.242066860198975,0.5927053518851474,0.3889615371708121,-0.06665679859563213,0.10241242545408667,0.419
8.252315282821655,-0.1483878160744553,-0.6155737143834257,-0.031001389301214072,0.11768314676067679,0.419
8.26266074180603,-0.11146552220860757,-1.2117941983172398,0.02725074113325232,0.1829707773072596,0.419
8.272876024246216,0.03376006127543964,-0.22818814985659,0.05873726316718822,0.1549437695173159,0.419
8.283231496810913,0.010181917556700532,-0.09384811021339677,0.037895823456594785,0.10997118639520878,0.417
8.293422937393188,0.16323502500558437,-0.25807030900970823,0.013359651526358651,0.1325380371441671,0.417
8.303605079650879,-0.005341877290211144,-0.059356063527057225,0.060843475727499596,0.13449892521118276,0.417
8.313786506652832,-0.04996196539837364,-0.04424653092507732,0.018328313252805498,0.07403183091004473,0.417
8.323999881744385,-0.06124893458732711,-0.060832002469417036,0.010854646403330198,0.1344374938925253,0.417
8.334176301956177,-0.07688566194848641,-0.6301964444671911,0.061602977690557933,0.1406728773821558,0.417
8.344332218170166,0.31400623125291593,0.36372409857008087,0.03724313056048044,0.07227713608858452,0.415
8.354511260986328,-0.2885417443859543,-0.19811925652256676,-0.049521342357659884,0.07766020604983248,0.415
8.364720106124878,0.189832079714737,0.3500624228920112,0.027787843735630466,0.16275402272450976,0.415
8.375320196151733,-0.17672021060654147,-0.6342662210272649,-0.031797322065294155,0.11909628865309563,0.415
8.385603904724121,-0.17089371345265966,-0.6351506301937108,-0.09623708439246535,0.08138306603283327,0.415
8.396887063980103,-0.023921031100955132,-0.05335382002145507,-0.0015455713512640828,0.13201113107083073,0.411
8.407413244247437,-0.051087936570781166,0.359324366413274,0.0736506358599697,0.07622059487478479,0.411
8.417738437652588,-0.2339226546666601,-0.01201195639682633,-0.028645383097457122,0.21196741471570862,0.411
8.428168535232544,0.4177278208152844,-0.21174854859445594,0.046493581036219506,0.14713833081715225,0.411
8.438469409942627,0.15389001917785355,0.6068911201962779,0.007312853944155637,0.13950413029881265,0.415
8.44867753982544,-0.04320425020463868,-0.15178031641255457,-0.04036104001409445,0.1707214819002,0.415
8.458865404129028,0.136192208897345,-0.37958682212537453,0.0785166511543841,0.22719665452244087,0.415
8.469028949737549,-0.8751127258390202,0.06166781672093015,0.05113249517869488,0.13909706708971448,0.415
8.479180097579956,2.361990799378768,1.380821365731804,-0.047257405860414034,0.14785838704082635,0.413
8.489345788955688,-0.06337246495302147,-0.02491444984581245,0.06692986496749395,0.2324869901147947,0.413
8.499500274658203,-0.010020662936277104,0.014784705437507664,0.13505762822689177,0.21518713247987725,0.413
8.509650945663452,-0.066375714143565,0.4697210977225058,0.045399277962095766,0.20630615804391594,0.413
8.519806623458862,0.011021463975751877,0.11952148934757512,-0.06522617550649075,0.20593232833560343,0.413
8.529975891113281,0.3143181140336542,0.07543573748739714,0.008845127355126464,0.19909757802343853,0.413
8.54012942314148,-0.10753411033524563,0.6857481477552481,0.007101736157384894,0.1041794203564391,0.411
8.550318002700806,-0.1468147424761041,0.09995100367939504,-0.025128164051194547,0.14608926183327786,0.411
8.560470581054688,0.2578459138424921,0.04899432345994968,0.06625759987093682,0.17203616096997054,0.411
8.570655345916748,-0.09211001758041161,0.2370746319818489,0.08380365444555771,0.1275848578798795,0.411
8.580838203430176,0.31238600071490275,0.4788639028602285,0.021999634840501166,0.08663838070299938,0.415
8.591083288192749,-0.14591376820300744,0.0805586957419065,0.005894452881240521,0.20518956813043915,0.415
8.601780891418457,-0.19752136014996477,0.09148102325104308,0.09135590477063514,0.15786454930787486,0.415
8.611973285675049,-0.1975189123354503,0.09147988955807772,0.11929022369043618,0.1431077309199673,0.415
8.623245000839233,-0.07962523410562249,0.4472321693699079,0.06194324727364268,0.125522963945982,0.415
8.63349199295044,0.031228671279229334,0.45554386262700947,0.10425840349815123,0.168029667439494,0.415
8.643783807754517,-0.00812143936232292,0.06754292327980325,0.22035138208180188,0.062227656852446384,0.416
8.654103755950928,-0.07580001055148423,0.297762940162883,0.14171269923337768,0.06131523336748334,0.416
8.66429090499878,-0.09494297776305473,0.4889196453935147,0.11344873770136069,0.08623051432522175,0.416
8.67518401145935,0.3702400762190196,0.10324680692883914,0.1310643109291316,0.049162925973588664,0.416
8.6854989528656,-0.29941446925457427,0.31451818474197446,0.12197996627075483,0.0036263149808982223,0.419
8.696589469909668,0.0837811549426016,0.6699454533736429,0.12197996627075483,0.0036263149808982223,0.419
8.706918478012085,0.019573782623270565,0.11587394207609295,0.1448655747121692,0.04673169779347876,0.419
8.717192888259888,0.215224723453862,0.06476961653446342,0.07487507564811098,0.041784622714517376,0.419
8.72742509841919,0.2934258630981481,0.05397385857248403,0.16426281546425853,0.015880803039681163,0.419
8.738401412963867,0.12132824721790174,0.6066928487456749,0.17036794428381752,-0.023871667489368684,0.419
8.748625993728638,0.0367732530419685,0.3004715458777245,0.22515143989027767,0.014082941752826936,0.414
8.758821249008179,-0.11068741421276422,0.2917433408919536,0.2039916285039181,-0.03999984906665259,0.414
8.76901888847351,-0.08836353296151568,0.5012294286562461,0.14046168129985517,-0.022179358934637183,0.414
8.779221296310425,-0.005165856384925373,0.02361533812351546,0.18719267646099633,-0.13054577776998685,0.416
8.789426565170288,0.22584495760701107,0.47643936774196854,0.15839846197267524,-0.06264992582343272,0.416
8.79962682723999,0.19011820410407615,0.07188220048808476,0.1703229431457321,-0.05912827227172015,0.416
8.809792280197144,0.029887286469023194,0.26459477871394005,0.11595910219964889,-0.06854451138663416,0.416
8.82005786895752,0.005270840933300644,0.29537009982095114,0.09576425922853889,-0.0012876032976896004,0.416
8.832316875457764,-0.015494042413154208,0.2905148201840137,0.10289884285910823,0.023715126796794786,0.416
8.843360662460327,-0.012790812054184206,0.2777590017117406,0.13767892717374067,-0.08403352131548496,0.417
8.853634595870972,0.050706400133696865,0.2817542797542852,0.23321764972964404,-0.052361181918807294,0.417
8.864569187164307,0.08661802132380615,0.20801125677101476,0.21264559978482622,-0.13400980897866097,0.417
8.874790668487549,-0.007441400645119446,0.053708874266272556,0.1751722347098759,-0.07415959813503603,0.417
8.885173797607422,0.05252183841399931,0.04451898864375448,0.12159963026378112,-0.07911979728859164,0.417
8.895476341247559,0.04239005352098736,0.03235571012437868,0.09689500691057586,-0.08331764526130805,0.417
8.905682563781738,0.042389823674869806,0.6343452313497592,0.08512241004352612,-0.08759795801580296,0.417
8.915930986404419,0.014530945484760572,0.04616740540315795,0.11284477593540054,-0.07983038747163024,0.417
8.926297187805176,-0.0627752624617417,0.44219003261240075,0.14677791149594627,-0.12475296517456408,0.417
8.93679690361023,0.06241343465329873,0.41631415779729036,0.17874694263605923,-0.06632634032273099,0.417
8.947160959243774,0.06241392489277783,0.2238146028127172,0.1780758961483176,-0.07338639177980377,0.419
8.957398176193237,-0.013392756083841571,0.251679277266981,0.22717500023656145,-0.03903706034484378,0.419
8.967602968215942,0.18823594615525172,0.23588851855234924,0.1381926211868898,-0.06358841858275027,0.419
8.977785110473633,-0.07326707945478036,0.21984312556671662,0.1601459296551478,-0.08544782148078528,0.419
8.987975120544434,-0.010548337756770483,0.237474394829798,0.17063550191146548,-0.15519903515264413,0.419
8.998165607452393,0.024276243712611736,0.019678879275585367,0.20653585958002246,-0.1191981293536227,0.419
9.00835132598877,-0.05218206325195421,0.1015001511414884,0.171430201397817,-0.15401828920188343,0.419
9.018541812896729,0.25787716467972194,0.056801384528025065,0.13379329222966582,-0.11901768197174818,0.419
9.029563188552856,0.046662005233186914,0.21667813835636965,0.1273601859157683,-0.17415029521496056,0.419
9.041850805282593,0.027912139853745504,0.03038113547625892,0.1363740396382857,-0.21291005387586573,0.418
9.052075862884521,-0.14187938604887798,-0.024068016463588363,0.15706970730360317,-0.22229631456537735,0.418
9.062343120574951,0.24210129480185844,-0.06721364666165577,0.13764254366205952,-0.2232887914854771,0.418
9.072551727294922,-0.22612790730067395,-0.0009564072156111598,0.11462066782778094,-0.19180060644683833,0.418
9.083066940307617,0.141008566116025,-0.048358000623670516,0.12161419435275156,-0.13444382640252553,0.42
9.093271017074585,-0.013355322109968872,0.14624413742934173,0.11246412388397328,-0.12105630542543622,0.42
9.10347294807434,-0.5851222916940253,-0.035344363714304876,0.10977990567117851,-0.1313722817195251,0.42
9.11366868019104,0.06063517386024422,-0.2321676183454968,0.13994327090412184,-0.14235605876327517,0.42
9.124366283416748,0.28027742362090224,-0.058513412127030255,0.0738573761819343,-0.1278351849209456,0.42
9.134584665298462,0.11759296832833034,-0.04087900635114305,0.06709844412981955,-0.06029219095543514,0.42
9.144776105880737,-0.5241912345117999,-0.03494757434368207,0.06421568827573984,-0.09989135879958916,0.418
9.154999017715454,-0.602859115109189,-0.05487415086699742,0.04345470553866844,-0.07337289593078017,0.418
9.165742635726929,0.040330396944120904,0.15497249742493752,0.054994945364074135,-0.14540721227196138,0.418
9.175976037979126,0.13928119854939522,0.10796562330125056,0.028486371768276512,-0.15011860669191623,0.418
9.186310768127441,0.13927950173395787,-0.48848079266357236,0.014623399141321262,-0.14132144861145196,0.418
9.196507692337036,-0.6852619072747196,-1.031836783125245,0.10106499367053752,-0.07169983114885364,0.418
9.207225322723389,-0.8006772180459619,-0.9290335210634361,0.10508432250424266,-0.06914340297105352,0.418
9.217423915863037,-0.1959966199216467,-0.24262856024621976,0.054976856204532236,-0.10728207025030165,0.418
9.227618217468262,0.18426056888890574,-0.464756662841941,0.04995568325374798,-0.06114132930688297,0.418
9.237823009490967,0.053745462820271324,-0.03812155289366797,0.03902525719084316,-0.06918026128151693,0.417
9.248065948486328,-0.8373466292568833,0.18731716665578352,-0.011851552693543894,0.004336874739797922,0.417
9.259796857833862,-0.7359074499927304,0.16195737183974532,-0.011851552693543894,0.004336874739797922,0.417
9.270261287689209,-0.08875710621132828,-0.045730917832399215,0.0025395461579112042,-0.035923084391238355,0.417
9.280500411987305,0.42801294946544227,-0.07017450289315348,0.02941653180366783,0.009116258852763313,0.416
9.290750503540039,0.2923754639917677,-0.050683811949502826,-0.0679075441869109,0.008229586136294091,0.416
9.300989627838135,0.30477191589746333,-0.039283580715327775,-0.04554155094483177,-0.043119007455538184,0.416
9.311376571655273,0.313358564995019,-0.03928955787296526,-0.1863075942492524,-0.03343898245631178,0.416
9.321603775024414,0.1735914495623146,0.05635463109026534,-0.12523781977014445,0.02598543924290682,0.416
9.33185887336731,0.46125436043349105,0.0841233922612947,-0.26637584857576047,-0.005708156589365979,0.416
9.34217643737793,0.20694102863774103,0.2746088712619198,-0.3956523131479598,-0.06384318936160419,0.415
9.353200674057007,-0.3428680006761828,0.06948534722741681,-0.4467983577746199,-0.10470605935019063,0.415
9.363545656204224,-0.13636937544933683,0.007788996240807726,-0.562278829088081,-0.13585954816703877,0.415
9.373747110366821,0.2530185315015213,-0.013866002146930293,-0.5939077329543387,-0.17337350740957091,0.415
9.384124040603638,0.008572278853255321,-0.05681196894755768,-0.690057631097905,-0.08081796295579009,0.414
9.39433479309082,0.09412138203509049,-0.06319662740666647,-0.6780924194944485,-0.01915538449767354,0.414
9.404544353485107,0.1409409547049217,-0.2747425552676295,-0.7789234610043037,-0.03632543267475495,0.414
9.416264295578003,0.26506076928318245,-0.01426507420466878,-0.7950706188339508,-0.015410131705529961,0.414
9.426563262939453,0.11225223254888697,-0.022659691975815084,-0.8136185355031436,-0.09683482174114519,0.414
9.43743634223938,-0.15711438761019514,-0.018353135406529664,-0.697585000050816,-0.08435251447434426,0.414
9.447636604309082,0.4134309108802363,-0.235646173719309,-0.7738691888882823,-0.14176820776030946,0.414
9.457830667495728,0.1236397956260681,-0.06866694434471741,-0.8758610055561407,-0.13990245024188208,0.414
9.468047857284546,0.6061986217717085,-0.0807710426270522,-0.8741568621570135,-0.09207357514030194,0.414
9.480460166931152,0.4994639096109318,-0.0807710426270522,-0.8741568621570135,-0.09207357514030194,0.414
9.490832328796387,0.2241839575678706,-0.04520356580946353,-0.8590175146178047,-0.13286978057098503,0.411
9.50105094909668,0.2047376178673151,-0.03676019740781486,-0.8720536914150475,-0.11258558940184804,0.411
9.511245250701904,0.9412290851219545,-0.26759114126223943,-0.8704255390186633,-0.11660915214173645,0.411
9.521459102630615,0.8602110897698604,-0.2834660667275781,-0.7860563643436971,-0.0863145466732283,0.411
9.534471273422241,0.49083205717845735,-0.0753755526909663,-0.8678764800411006,-0.07820878773504591,0.411
9.544737815856934,0.35189023864193764,-0.1938691637135247,-0.9486555840726951,-0.023882913520270412,0.413
9.556293249130249,0.19864607665485434,0.20030476591340135,-0.8852608513220713,-0.0013375700963943402,0.413
9.56664752960205,0.5900117764338431,-0.23984229440685625,-0.8118894718918892,-0.04234249017182091,0.413
9.576841354370117,0.5482092566595227,-0.060312729807908916,-0.8222084315286388,-0.05270755932585517,0.412
9.587054967880249,0.5464615139247149,-0.06029224585008056,-0.7803842543945314,-0.046393479628656684,0.412
9.597310781478882,0.3499639262582677,-0.06475981531013845,-0.7507677227421975,-0.011098878209003661,0.412
9.607524394989014,0.7597194138365526,-0.2809926603577145,-0.7822196603159481,-0.0751016069907372,0.412
9.617717266082764,0.7253979176638732,-0.033891589296223414,-0.7711282331744025,-0.003117769193917909,0.412
9.627931118011475,0.7230740985146937,-0.033879650026913836,-0.7217948019770614,0.008218391442911612,0.412
9.638302564620972,0.8254926797976369,-0.23648532640269532,-0.6502814710731215,-0.014456081229765584,0.409
9.649160861968994,0.33874166238507,-0.21795536821243283,-0.5899066083609152,0.042870499026951114,0.409
9.65936541557312,0.4987781227132933,-0.23633607664131084,-0.6059036308384322,0.023256291247749486,0.409
9.669580221176147,1.4180801714804934,-0.027546069107637693,-0.5931299924777148,-0.006790717235454605,0.409
9.679785013198853,0.5810530572582463,-0.04243047994766811,-0.677841692513661,0.05520369201794715,0.409
9.690186023712158,0.8207674094040862,-0.27567412620665976,-0.49395565613968756,0.07609089098402347,0.409
9.700453758239746,0.4019376843755409,-0.05612724495686458,-0.43946828537065796,-0.01574206217643277,0.409
9.710657596588135,0.8488871147519996,-0.011413490337324349,-0.47580130407967397,-0.019509242011625006,0.409
9.720844030380249,0.6528274290550561,-0.0017485761954235946,-0.3956195015151787,0.0400457411897515,0.409
9.731035709381104,0.5405841800107379,-0.04065425338997015,-0.3401686174602103,-0.08113217534660311,0.409
9.7416672706604,0.13384047050232656,-0.045789442654172646,-0.349490397007117,-0.07525515398934451,0.414
9.752000331878662,0.503109741480287,-0.19954025470984885,-0.2936169093465673,0.02787006580868638,0.414
9.762346744537354,1.1682948163331728,-0.03416349755846676,-0.34410353550400324,-0.0009983401867177562,0.414
9.772551774978638,0.17350406935962578,-0.1954100644010943,-0.2938681112853022,0.059691821401337296,0.414
9.782757997512817,1.2214214148666882,0.009647911168284487,-0.23912902482659934,0.05868180036783252,0.417
9.792951822280884,0.39957848966318615,-0.0019059458012281704,-0.25428114119935336,0.0998528198361088,0.417
9.803254127502441,0.44642876767716344,-0.039341527901483125,-0.12194971195768661,0.0751210020636856,0.417
9.814038276672363,1.1951517325141623,-0.22492566845960427,-0.1596444006047098,0.08976272182165027,0.417
9.827182531356812,0.10220064516818396,-0.012366484617092914,-0.17979467700458768,0.08638502558487088,0.417
9.837556600570679,0.1084614144814782,-0.015814324430385645,-0.1386819265773319,0.03506217878210449,0.417
9.84781002998352,0.5202659287272398,-0.021075954952742865,-0.18056034036747282,0.12775114242939656,0.421
9.861822605133057,0.2523604943175269,-0.021075954952742865,-0.18056034036747282,0.12775114242939656,0.421
9.872095346450806,1.2063721127130491,0.011753125993342732,-0.1303065727031137,0.08942472292637076,0.421
9.882364273071289,0.9278637147704022,-0.028299485400422004,-0.04690123739616503,0.05770586498838807,0.423
9.893827199935913,0.5137835752431291,-0.05350278011438005,-0.05922327550211213,0.09208330720798882,0.423
9.904141902923584,0.7924577683996311,-0.20031073568377833,-0.006407019520196233,0.08545395474351077,0.423
9.917829990386963,0.4647171280588625,-0.11394977724919024,-0.03533799159250719,0.11917005619037571,0.423
9.928129196166992,-0.027573172699543753,0.2467396537667131,0.0689638236493965,0.04102578522862165,0.423
9.938363075256348,1.373199823416082,-0.15221192458502902,0.0689638236493965,0.04102578522862165,0.423
9.94858193397522,0.3240176877995368,0.00041106220398790227,0.018704578481769048,0.07255931724062965,0.418
9.95886754989624,0.6794351616760685,-0.03585888897666672,-0.05161929172398863,0.06449063033624253,0.418
9.96937346458435,0.6805167811267275,-0.18436905180355273,-0.07480081192506495,0.013606864567457539,0.418
9.986314058303833,0.45034690827170876,-0.11434725811941619,-0.051273005700344695,0.05848943135679021,0.418
9.996652603149414,0.9998258808283736,0.030212873815258157,0.01236149142331358,0.026686433503492084,0.415
10.00696611404419,0.3319531449766912,0.005738143376645256,0.045628717177157524,0.05083715834717267,0.415
10.017321825027466,1.3963949188327183,-0.0024929575100979843,-0.02972168280660424,0.08877125358353477,0.415
10.028872013092041,0.23602786550969151,0.019840918169085307,0.0024783756836957577,0.08019533881928345,0.415
10.039424419403076,0.7804903399679989,0.03763700654456874,0.04761314790082228,0.01711032783554129,0.419
10.051461935043335,0.7521219730436102,0.04358123565651062,0.031601155393140866,-0.015215793493725961,0.419
10.061718702316284,0.8702703034729867,0.04358123565651062,0.031601155393140866,-0.015215793493725961,0.419
10.076218605041504,0.5767981044059204,-0.03506484689724776,-0.036482639964904945,-0.030090178367563836,0.414
10.086636781692505,1.0664069924065647,0.006591441967164987,0.02856020349172534,0.03554784668284154,0.414
10.097100019454956,1.062174233117438,0.006591441967164987,0.02856020349172534,0.03554784668284154,0.414
10.107415914535522,0.32034016417257555,0.009791114996460045,0.02503361970771241,-0.022755344539984144,0.414
10.121994256973267,0.7016917292509176,0.017518307180099654,0.03514420721506445,-0.03198940828234141,0.414
10.13233232498169,0.43568520204336886,0.059017972997627996,-0.0636625237043715,0.05691719002873493,0.414
10.14258074760437,0.7509049313304774,0.03620449663359349,-0.01710684542632343,-0.004168114061574158,0.416
10.154052495956421,0.8264920806171242,0.03396306850545702,0.006018858600611229,-0.08614129099662954,0.416
10.165499210357666,0.7271736277086732,0.257865497209879,-0.03772948828784267,-0.07965673127251066,0.416
10.177931308746338,0.36182063758589167,0.1773032516615579,0.009220456636729352,0.015541523572154006,0.416
10.18826937675476,1.2318051326636659,-0.005179532752671257,0.012901059548079068,-0.12290587821824846,0.411
10.19857120513916,0.4212432752421885,-0.013954260213745942,0.016719527680916703,-0.13575478217439502,0.411
10.20880389213562,0.43807194788417436,-0.23355651809217196,0.04114642637407863,-0.16836689163929855,0.411
10.219700336456299,0.864327151950935,0.19172995570340404,0.037200534150830356,-0.039518886793267954,0.411
10.229947805404663,0.8256495753336546,0.23042122190476783,0.0003716419025791215,-0.07554668310683418,0.411
10.240383386611938,0.5333630354923415,0.07408886790282554,-0.002289344663096271,-0.11961171719558718,0.413
10.250842809677124,0.027893560088310603,0.05350490941614169,-0.06887661610104545,-0.08392884803067188,0.413
10.266697406768799,0.3840292010942763,-0.09730776824662872,0.04772401428140672,-0.02446232324932021,0.413
10.277008295059204,0.674614302335724,-0.05578861803554374,0.08267057858935721,-0.12447412677119815,0.413
10.290621280670166,0.6775792268196495,-0.18763074342552002,0.0674367006445281,-0.06518732944118037,0.411
10.300859212875366,0.5621324434715168,0.019413254217520562,0.03077195403733156,-0.05792064435694333,0.411
10.31114411354065,1.0488622437293356,0.028908978263602232,0.01802535224915615,-0.04139098750939679,0.411
10.321625232696533,0.3497023017809641,0.0065584342061280575,-0.023924087673349574,-0.027427223762223882,0.411
10.333822011947632,0.6826741979033834,0.03770019888154543,-0.018208445326038207,-0.09492803974707095,0.411
10.344055652618408,0.5144744040603193,0.0008411371389753912,-0.05373977216691589,-0.06621233809844532,0.416
10.354427337646484,0.460973199279007,-0.031361240667595915,-0.006391300443074552,0.007881687881970956,0.416
10.364705085754395,0.9448398755225389,-0.08250721900100866,-0.04269090483452104,-0.09264970004639443,0.416
10.374991416931152,0.6674551312360112,-0.03188800549278711,-0.03702387893188202,-0.10463139999856302,0.416
10.385354280471802,0.2573530760899263,-0.009095264766427032,-0.08636060405779053,-0.004331016090246232,0.413
10.395633220672607,0.319906405483973,0.0302248550885019,-0.09041978845300568,0.030934264222151505,0.413
10.405895948410034,0.6740956333297896,-0.016138002468528964,-0.10039314260629756,0.010234279498855161,0.413
10.416214942932129,0.8692846684444016,-0.016138002468528964,-0.10039314260629756,0.010234279498855161,0.413
10.426534652709961,0.3397553727598394,-0.022015230387557018,0.005967469582230368,-0.08286637989733664,0.413
10.43680191040039,0.4552370684862911,-0.0012339839204713481,0.005179573934511954,-0.07538745685027314,0.408
10.447177410125732,-0.08434700131374433,0.026182771960219127,-0.01756817793896387,-0.0923343409030603,0.408
10.45751428604126,1.304592289715594,0.09742448571328897,-0.10064067916398663,-0.09640612715624629,0.408
10.474341630935669,0.8258813682554674,0.03634234869668442,-0.10377144515673854,-0.0614830154167289,0.408
10.484656810760498,0.7968835404924363,-0.10381134552341961,-0.05242965935128613,-0.08751970999531665,0.41
10.495089530944824,0.9615858914670626,-0.08354869253331051,-0.035046116370508584,-0.09095847534676518,0.41
10.505365133285522,0.4644822305864608,-0.042838458364810615,0.036149965632593845,0.02895848976067987,0.41
10.515866041183472,0.5208743411040422,0.08226595497668177,0.09421052565560707,-0.022690319195383883,0.41
10.526232481002808,0.39383496719977895,0.05862167603243391,0.07498730000444932,-0.07037172609769607,0.41
10.53665566444397,1.0366089552631155,0.006974562722373304,0.11949471718199636,0.013986289333539122,0.415
10.546990156173706,1.043339563458737,0.00697446951250893,0.07675592583232703,0.0047121512114299685,0.415
10.557762622833252,0.8791745636364862,-0.006401889651700922,-0.0022746471769226947,-0.025521991172640132,0.415
10.567973613739014,0.5604178189775512,-0.006360808070221556,0.0073416966447143114,0.0006692279768017811,0.415
10.578232765197754,0.4507551538536337,0.01561362380060002,-0.05933048124701999,-0.06749448299377327,0.412
10.588432788848877,0.6121579057050802,-0.24549607973640653,-0.0860152112227193,-0.05931929100505996,0.412
10.598610639572144,0.41628083106320013,-0.03778523665768997,-0.16480534874352976,-0.018835657672666827,0.412
10.60878324508667,0.712599397716736,-0.006201364471453777,-0.1036699448845029,0.04886443754364138,0.412
10.618955373764038,0.899051392100545,-0.01817623396048187,-0.11263857170076153,-0.03077933002476739,0.412
10.629133701324463,0.6112604685208831,0.010942391299809425,-0.12369200885119072,-0.04962056756466978,0.412
10.639375686645508,0.27249856116561183,0.02747979138839625,-0.11399121145764625,-0.09655821981263903,0.418
10.649547815322876,0.5901600599594429,0.03483082606787981,-0.1021935594067471,-0.0840259212649129,0.418
10.659715414047241,0.8761235795632141,0.01404188772680004,-0.16417352117502712,-0.04251481004244096,0.418
10.6698739528656,0.44698902026192217,0.20867415282237128,-0.1763675333643083,-0.02518979456509962,0.418
10.68006181716919,0.4334444403104515,-0.0299415517649388,-0.11246504548667699,-0.02206435013959572,0.42
10.690257787704468,0.8218018348787172,-0.19179244116696123,-0.14961448327402727,-0.02932818180400109,0.42
10.700506687164307,0.4466108468053201,0.011994604687502205,-0.17549433283694957,0.014232153256806171,0.42
10.710715293884277,0.48572683916409615,-0.0406070795606633,-0.19198177626030138,0.03780829406023625,0.42
10.720897197723389,1.019306548392322,-0.05359752968303534,-0.18481608811647685,0.027337127256240767,0.42
10.73108720779419,0.46159649911561373,-0.41566233077358417,-0.11865721292690284,0.05627609776517197,0.42
10.741266965866089,0.4897363389775888,0.006290836621399664,-0.13593608822571912,0.001976590610858108,0.422
10.751433610916138,0.2927547313410706,0.013926990197000383,-0.18592563059982495,0.0020028697612695405,0.422
10.76159930229187,0.8408045387664154,0.010464581970786146,-0.21698966498187738,0.01254964398067496,0.422
10.77176022529602,1.0762860176387785,-0.004469696961067664,-0.21015371363713903,0.026119500999970957,0.422
10.781925678253174,0.18438796790775178,-0.041181537449512785,-0.2215075761261066,0.022282381235587498,0.42
10.792272806167603,1.0496093715381087,-0.02993762078111995,-0.16730876395398847,0.0033123956841879135,0.42
10.802454710006714,0.7042903649849871,-0.009222578944530933,-0.19755753392163555,0.08308215082271075,0.42
10.813120603561401,0.4104732328550229,0.0212366037206308,-0.22599442964575248,-0.03085640316944055,0.42
10.823333024978638,0.8978287032311707,0.006010248724796209,-0.1636229573890396,0.012151055064297842,0.42
10.833486318588257,0.3887186014970416,0.005034199795809945,-0.10473779237131017,-0.009613712205599638,0.42
10.843631267547607,0.20429985377499815,-0.06597627503281181,-0.15328179680888027,-0.03831421903225199,0.42
10.853765726089478,1.097013957840711,-0.0837765304795992,-0.16562406099031038,-0.0020532348398226256,0.42
10.863898277282715,0.3594865812827568,-0.061312622013245034,-0.20337259083917592,-0.034345613877221896,0.42
10.874044418334961,0.7587946385014116,-0.24453329812240776,-0.15193567671857253,0.02085027719977951,0.42
10.884211301803589,0.8821751567862404,-0.019807097422231103,-0.22350154645243125,0.08514561640566701,0.42
10.89437222480774,0.3187471503044677,0.015465388165766933,-0.16654073051821633,0.040642906347041735,0.42
10.904507875442505,0.723856359092425,0.01546531234553179,-0.16034809766392327,0.044989525504940564,0.42
10.914645671844482,0.614940903762636,-0.003056431974347738,-0.1505739370089894,0.006314420237291757,0.42
10.924777746200562,1.2266375385879844,0.025843413350505738,-0.1954780946020745,0.05624728590479538,0.42
10.934906721115112,0.45888439480980814,-0.028164558425881694,-0.1608923735950285,0.05743740452217072,0.42
10.945056438446045,0.4580589522123101,-0.028164616808419467,-0.163310387796321,0.05639479505544868,0.421
10.955286502838135,0.7353799357151866,-0.01826292311395456,-0.1257294719623201,0.02219566038718892,0.421
10.96541142463684,0.7960596827562415,-0.021521110532883796,-0.15377187959287864,0.05079286463026718,0.421
10.97553300857544,0.5668848756184657,-0.009754753922689638,-0.13613875091241615,0.07427460278741527,0.412
10.9856538772583,0.15439941547273425,0.0003657861627689744,-0.08606061750230724,0.027934640084777168,0.412
10.995779275894165,0.2373592745556854,0.0122294088295264,-0.08784177650543226,-0.0225293319633011,0.412
11.005901336669922,1.2490303568583467,-0.1900916049557628,-0.08489899819013408,-0.022223321728325453,0.412
11.016030073165894,1.145046916228994,0.0075391958689916385,-0.15541889000473655,0.04749048391771672,0.412
11.026234149932861,-0.011068313994991908,-0.009388331893624025,-0.15717016888407595,0.007202429428923317,0.412
11.03635859489441,0.7536577997993225,-0.031618827295987036,-0.14781897533507002,-0.009075893232701755,0.416
11.046477317810059,0.8481178105642445,-0.06124735676125551,-0.1558303440012136,0.011722008625354673,0.416
11.05659794807434,0.9771319196833221,0.017557295495464163,-0.11206755112523509,0.09170942368397182,0.416
11.066718339920044,0.48137191639656984,0.012009476681390196,-0.17035176388200796,0.025085311036882746,0.416
11.076837301254272,0.4917467574468925,0.01826290498334509,-0.13859664103480265,-0.06774972802038397,0.416
11.086965799331665,0.8957459026597772,-0.3861167260400723,-0.14494504364676292,-0.0736519212639758,0.414
11.097111463546753,1.1594568744270703,-0.022375070635456937,-0.05663123791324809,0.025723211955803325,0.414
11.107232570648193,1.1624048032284884,-0.02237525229811698,-0.06617264252905498,0.030459781839865915,0.414
11.117356777191162,0.7907642722195336,0.0005423718873829956,-0.13473634161406467,0.03904223964411372,0.414
11.12749433517456,0.7505419834221881,0.0006589203967589387,-0.09253215329600097,0.0336696949074624,0.414
11.137653589248657,0.5463609366963617,-0.013768206033615933,-0.17101024814162388,0.021363642033194685,0.414
11.147791385650635,1.0251185667320282,0.008358091015159701,-0.1718173111971991,0.08490655895166427,0.414
11.157932996749878,0.18883594423087222,-0.00909954592411187,-0.09225544851112519,0.005821329487520996,0.414
11.168081998825073,0.3876513038844981,-0.027053573362510266,-0.14967695003268908,-0.00702385626255804,0.414
11.178228616714478,1.1718963521219778,-0.03353388589077458,-0.06479921895132038,0.07490092277956363,0.405
11.188355207443237,0.4263454729118049,-0.010533475564706334,-0.11659088924223367,0.05462777622210422,0.405
11.198479413986206,0.8446899080818944,-0.03155123959898548,-0.12438477930162273,0.05295907178436044,0.405
11.208601713180542,0.4022524646370087,-0.0037327153670927526,-0.08484346479462099,0.14025709697546926,0.405
11.218727350234985,0.7607094253250938,0.013606295937229552,-0.04298869973953587,0.05983262898809661,0.405
11.228878736495972,0.5169126191012734,0.067674898880394,-0.08332249172931873,0.08997994765745998,0.405
11.239013195037842,0.34329109732283053,0.03692494184004561,-0.08482189040956517,0.05022024697588562,0.402
11.249244689941406,1.332230704296456,0.18843969432048177,-0.10278426423734775,-0.024628292719641322,0.402
11.259375095367432,0.14799082390664434,-0.041622337843754166,-0.09055388321733263,-0.026257427378278964,0.402
11.269500017166138,0.718086477211762,-0.02867225520425933,-0.024701537443986052,0.09030164526709267,0.402
11.279624223709106,1.0670414325386985,-0.1979685317423298,0.021060342979728502,0.0915316115401825,0.405
11.289768934249878,0.5269905768775016,-0.005023148117262476,-0.006203296150006171,0.046255751996940944,0.405
11.299925088882446,0.5767933674774518,0.21563144334649414,-0.03766744674612109,0.030158422649249308,0.405
11.31008768081665,0.845580900827387,0.06570732901656191,-0.03437124535429185,0.08321976183147028,0.405
11.320228099822998,0.6087800785578825,0.07952690237773101,-0.08614601796222299,0.09276558284452364,0.405
11.33034873008728,0.8044565156716478,0.036640568305270425,-0.09787766447331256,-0.030371193529086203,0.405
11.340470552444458,0.687496817538456,-0.01564727523672373,-0.10324705785496882,0.009213664492135856,0.406
11.350589513778687,0.4687295094564758,0.008136497131268457,-0.025682139952507243,0.05175368419072868,0.406
11.36071252822876,0.6770057948804414,-0.008678673145655343,0.007579363613120958,0.08307639944502199,0.406
11.37083625793457,0.4242338358799146,0.01688362246455267,-0.037194536544461525,0.039300465656958314,0.406
11.380994319915771,1.2223351039329409,0.01822372966410439,-0.10040686895980885,0.04483065989771534,0.408
11.391206741333008,0.48010781604895036,-0.014726137423662768,-0.046492794121708696,0.044776882379279126,0.408
11.4013512134552,0.886797306986909,-0.013911378004198798,-0.025900039577406046,0.009827483486756779,0.408
11.411495923995972,0.4761600883775251,-0.02322841496243046,-0.0409242381163718,0.05679990211952943,0.408
11.421628475189209,0.5774126886804365,0.05236099724512448,-0.020355898920575155,0.025739603833399,0.408
11.431757688522339,0.9074494983696751,0.06835921781570715,-0.012629320201698178,-0.009547024974497643,0.408
11.44189167022705,0.28890259445357186,0.03884353437532092,-0.05800008318425159,0.03529937255421514,0.41
11.452028036117554,0.2967342664864396,0.009797008018231562,-0.14812262286564046,-0.008302258248270543,0.41
11.462196350097656,1.1929634485502332,0.16412253331792057,-0.056797012586414786,0.02907269281358302,0.41
11.472323656082153,0.6288149505480591,-0.04375694969236182,0.017980730491558822,0.08961758412873277,0.41
11.482452392578125,0.9472263710100807,0.0007094281191945765,-0.05809309934622378,0.03978930001218782,0.403
11.492625713348389,0.7154861448792391,0.054340681627830754,-0.049270252830619324,0.07646290307853681,0.403
11.502762079238892,0.5036569643143233,0.0786000225957109,-0.02474117715696677,0.032511391628932546,0.403
11.512902975082397,0.9408292798459023,0.05549093955319652,-0.06265066383704557,0.0045754403668701385,0.403
11.52303147315979,0.47268730500727757,0.19465613752162964,0.009239866889831258,-0.022696783422160742,0.403
11.533193588256836,0.7227108905959948,-0.022231298452327762,0.008403080675042621,-0.0947399005121013,0.403
11.543319940567017,0.4718034137369584,0.053761441645017664,-0.05075798608832169,0.03774771781376585,0.403
11.55344033241272,0.598568144196708,0.01658373879795154,-0.07461599561617213,0.0541558095806393,0.403
11.563563108444214,0.9013860158634645,0.27972328339491287,-0.08505194832534888,-0.025043052076050027,0.403
11.573683261871338,0.6050930882100615,0.0017729435454483559,-0.023329159553015198,0.027948311512482043,0.403
11.583804845809937,0.7611437692306686,0.017188017981115505,-0.006589423955984301,-0.023355703438584823,0.406
11.59393048286438,0.5005068084793012,0.0042763714884192635,-0.11670308003905258,-0.012473558196701017,0.406
11.604060411453247,0.5458473637056073,0.00695754134803862,-0.10649789071764182,0.029064425538954903,0.406
11.614229917526245,1.0888612148155392,0.006503744042938655,-0.08766166754536893,-0.04281764678651415,0.406
11.62435269355774,0.35871888207854746,0.03447948590575233,-0.03458876143978149,-0.08033783106384705,0.406
11.634477615356445,0.3519182283057958,0.16705658350787428,-0.04202202006873623,-0.06453502600240259,0.406
11.64464259147644,0.5936193831728827,0.011052509668231507,-0.07914721612149421,0.005618376957065289,0.409
11.654777765274048,0.513465511224846,0.008944519825216284,-0.1832708601096421,0.00602851712143997,0.409
11.664907693862915,1.164671784585698,0.013160411550353444,-0.1481053254717548,-0.05554844084492093,0.409
11.675031423568726,0.46224752496087457,0.007886461227472675,-0.07039740140008847,-0.0707475731670178,0.409
11.685203790664673,0.7330647072039952,-0.03323233129643705,-0.044116936387480016,-0.08660974841244869,0.412
11.695343732833862,0.7526783768581713,0.03286651087637296,0.0042431813042754785,-0.020942447823752548,0.412
11.705508708953857,0.7368423303713074,0.004785467049984573,0.001110565932213274,-0.05597709903604962,0.412
11.715662956237793,0.6695490104155608,0.026057436843783616,-0.08631669414908659,0.08470666686261204,0.412
11.725838422775269,0.43590523625269706,-0.012308972726186772,-0.09100369337250237,0.06574067039608798,0.412
11.735986709594727,0.8844049571415483,-0.0040478636612083,-0.11146586855369542,0.029823980148004258,0.408
11.74626612663269,0.29011826969972765,0.012970101956961822,-0.060999056373504716,0.026048665369893947,0.408
11.756425857543945,1.0402770865935467,0.033377849310852095,0.010390138714627788,0.04594313683155666,0.408
11.766560316085815,0.653585494878589,0.02117525766069262,-0.07642503893925183,0.0609494867187042,0.408
11.776688575744629,0.25136836950138236,0.26802919506054645,-0.14785670170176543,-0.03600213986726128,0.408
11.786818027496338,1.035682912903227,0.24394269236884059,-0.10043722105166031,-0.05279945655927503,0.408
11.796940803527832,0.4416367917701514,0.02783029346566143,-0.11365311613639337,-0.08842309234470791,0.408
11.807109355926514,0.8486864775472529,0.02916104127629223,-0.09533414273253274,-0.03495594714880529,0.408
11.817268133163452,0.6309000806654885,0.2207979395230213,-0.13422455486247228,0.048531028431957564,0.408
11.827424049377441,0.5858526278239026,-0.0028327177571055855,-0.09781616854196391,-0.005199480990411783,0.408
11.837559700012207,0.3403567107279454,0.08122304554455362,-0.07049746255953797,-0.027515257772718814,0.403
11.847687005996704,0.49973483119639167,0.05938491351190655,-0.08268482089312655,-0.03997155592613875,0.403
11.857816219329834,0.9446432151173576,-0.018819396350464288,-0.16956539941302637,-0.04853246427264751,0.403
11.867943525314331,0.3377743378165172,-0.09438154189185592,-0.08995236915615701,-0.020331656573718392,0.403
11.87807321548462,1.1239743586119855,0.2220487546514298,-0.10217907150960642,-0.0030256756264995036,0.406
11.888351202011108,0.6227334298433831,0.02506636779171449,-0.0825069493994302,0.009297582054564733,0.406
11.8985116481781,0.7735595565423691,0.03863113565825931,-0.07005861859058246,0.013016990198654536,0.406
11.908656597137451,0.22836477408493133,0.2278698799205491,-0.051541947084316156,0.01822559667555288,0.406
11.918787717819214,0.284212990863778,0.02202990093457403,-0.0357351916843102,0.040636764272206374,0.406
11.928919553756714,1.0596492153846309,-0.003380603001758107,-0.11549739235280965,-0.02501689983090379,0.406
11.939123630523682,0.6806971070119837,0.027028589764679548,-0.14657693617431194,-0.02401835399299833,0.405
11.949294805526733,1.0180989612583213,0.204215632048904,-0.12281828129232483,-0.10092894349665239,0.405
11.9594566822052,0.2560672098960665,0.020196842009751803,-0.09731751114511433,-0.05909183827079494,0.405
11.969591617584229,0.26759491087755904,-0.21066414463141825,-0.08657958610914128,-0.08683827946754072,0.405
11.979721546173096,1.2850076737526168,-0.051624052522730925,-0.09270332511985889,-0.08647004667699859,0.408
11.989851474761963,0.4625582485401918,0.21211853820706356,-0.09324683887444456,-0.05590763782361359,0.408
11.99997591972351,0.9700848027334544,-0.028996317770524794,-0.12081610269207343,-0.017074561583116744,0.408
12.010136127471924,0.3803994209522809,-0.030650039994590688,-0.12086450594803683,-0.007996295861012533,0.408
12.020292282104492,0.4397117136242835,0.01110846763168594,-0.132086214626438,0.03571550712033481,0.408
12.03041386604309,1.2838557181849615,0.023541907134489407,-0.1101179931187386,-0.058886355589757924,0.408
12.040537357330322,0.3339353909012323,0.03068690281570532,-0.0020810425722564696,-0.02359199200358265,0.408
12.050664901733398,0.8803790880019596,-0.03669918548076339,-0.08837090481944275,-0.06055164935387061,0.408
12.060824155807495,0.37261269209592673,-0.05129749525012553,-0.0858399662085285,0.05389347015538891,0.408
12.070955753326416,0.3356961818708264,-0.0779476079408156,-0.15537249348634388,-0.027155816810730413,0.408
12.081123113632202,1.2318337512107238,-0.03328713116236561,-0.07787096042286493,-0.037808880982877525,0.408
12.09127426147461,0.5228755628669113,-0.0312756821405405,-0.05724620635238662,-0.08172033973367765,0.408
12.101406335830688,1.1367447771323738,0.1764783761709663,-0.03851533914542472,-0.05177024199715949,0.408
12.111533880233765,0.48799375615775,0.00020405044450603232,-0.02794631443754888,-0.04961375457820869,0.408
12.121702194213867,0.29657459281336157,0.026790876629246372,-0.07975033332211823,-0.02047580090732422,0.408
12.131882190704346,0.5132906812135158,0.008586844466423696,-0.09318577154333152,-0.0598690011673865,0.408
12.142040014266968,0.8654978444847397,0.00840047999949649,-0.1173375854687504,-0.0847287994680043,0.41
12.152224063873291,0.6147133860460033,-0.011235537721761077,-0.1129842548843403,-0.09093061597923878,0.41
12.162387609481812,0.7992992925689356,-0.0358331340575334,-0.07932450623095395,-0.03483702390812632,0.41
12.172533750534058,0.4500819756067108,-0.01738463957925511,-0.09838777872317181,-0.09769962985626014,0.41
12.182669401168823,1.1007218170320237,-0.005942379574143908,-0.07281455117994134,-0.04120083950850566,0.405
12.192804098129272,0.39592938752640155,0.005038351585118288,-0.06968933122593468,-0.03544382704995755,0.405
12.20293402671814,0.5300147770936359,-0.002497752521147251,-0.10024906235527975,-0.00952872013706844,0.405
12.2130765914917,0.7629502568764602,0.02368108209747907,-0.09724644328803113,-0.05672005251710388,0.405
12.223227739334106,0.777444917550124,0.046327486062499076,-0.09915665395048515,-0.056684491519775046,0.405
12.233392715454102,0.4995344833140467,0.005263151481936533,-0.12348579756446725,-0.0738957941274111,0.405
12.243529319763184,0.43901539797333916,0.15569698648520444,-0.08458337260761653,-0.015760103522250477,0.407
12.253661155700684,0.9355769357370366,-0.036186943926935354,-0.13771542036497134,-0.06504814717256938,0.407
12.263792514801025,0.44416460567254656,-0.025497138851289902,-0.10914993905830145,-0.039436028141392646,0.407
12.273919820785522,0.7718905730933554,0.187297971191736,-0.11905608731698814,-0.09753290059204711,0.407
12.284049272537231,1.0562953608293988,-0.21346101284015187,-0.1291245763986576,-0.0312122367130541,0.408
12.294201612472534,0.3664567078779161,0.20334491221944195,-0.03762047970400023,0.029173850225328014,0.408
12.30432939529419,0.6998989624327756,-0.006974889962728168,-0.09950643248618792,0.07435645630076863,0.408
12.31445860862732,0.6999051573518426,-0.0014810597100881194,-0.1252694980599821,0.0004857098302731809,0.408
12.324593305587769,0.4098739613287312,-0.01183627002779025,-0.11625379502383894,0.007144997214899524,0.408
12.334722995758057,1.3145621462453967,0.012636669187112256,-0.07633318394167736,-0.06044205437586888,0.408
12.344855546951294,0.041684367553927563,0.0026227741956536712,-0.034126765467530615,0.007766770217123962,0.407
12.354984045028687,0.8698778033166013,-0.00422308947730972,-0.0563017174557456,-0.014086051355585012,0.407
12.365120887756348,0.817424975214495,-0.0017623803148238684,-0.06974262439686292,-0.06342212111634983,0.407
12.37527060508728,0.2111095769534977,0.20000107807320136,-0.06974262439686292,-0.06342212111634983,0.407
12.385410070419312,0.8067811145813272,-0.001628865009866205,-0.039808837393443076,-0.015084205392417102,0.408
12.395559310913086,0.5258076704875927,0.006511018988999993,-0.1251138647136703,-0.06206709614402785,0.408
12.405726194381714,0.5247565689401608,0.006511010663968485,-0.11909056198021678,-0.06466664701594937,0.408
12.415891408920288,0.6065215600602804,-0.015010761546995228,-0.07762778858724159,-0.05556127680500253,0.408
12.426082611083984,0.836676516625146,-0.023600593152109998,-0.08514171836613618,-0.10137372646398911,0.408
12.436261415481567,0.8376555024167982,-0.023600593152109998,-0.08514171836613618,-0.10137372646398911,0.408
12.446418762207031,0.36735029978866224,0.026555306247511748,-0.0663774510782077,-0.035862675144833225,0.41
12.456583023071289,0.06745733262785884,0.013941552476776248,-0.0642490296818781,-0.07592001405299878,0.41
12.466732740402222,-0.03428042819922185,0.0216919397380459,-0.10999478763319749,-0.07242498959214745,0.41
12.476884126663208,1.5048853992786733,-0.008255782193433344,-0.09327324624132582,-0.021143040180779334,0.406
12.487065076828003,0.4589022864776937,-0.003997202607525457,-0.05595366135512309,-0.07599885800591835,0.406
12.49721360206604,0.47111303983578995,0.010381969069853815,-0.04910779487456717,-0.08159258261426562,0.406
12.507359504699707,0.9818580500374382,0.0047639799238759035,0.006908436206665619,-0.05007970482577431,0.406
12.517499208450317,0.6441377712635254,-0.021770945893274947,0.029893080012361375,-0.003637040788494283,0.406
12.527631282806396,0.8708802765380742,0.2569299971361627,-0.026602792467035164,0.03210032216348855,0.406
12.537764549255371,0.659780254770879,0.054224616321097915,-0.009978627048944862,-0.03930594165812508,0.403
12.547893762588501,0.6600220251901865,0.054224548594410255,-0.019980343758667952,-0.04604259786229245,0.403
12.558024168014526,0.8288733499128149,-0.023198703544276122,-0.06553637233823023,-0.011531449263137733,0.403
12.568154096603394,0.6444708236164812,-0.03142267394670012,-0.06575190490838449,0.01773480241304081,0.403
12.578327655792236,0.6063362682882908,-0.001071671979006854,-0.05477640972171857,-0.029742354613016424,0.403
12.588460445404053,0.8108648359293016,-0.0010716698177503294,-0.059045486488591724,-0.025323399465241557,0.409
12.598586320877075,0.2915164060515594,0.08235092909170313,0.036711900213277124,-0.056983314356962814,0.409
12.608713388442993,1.0191783330796989,0.053047348619541246,0.09466662706145809,-0.018699933390346646,0.409
12.618838787078857,0.2762248376033363,0.20947467160005934,0.10235432486666537,-0.0851694964096405,0.409
12.628963708877563,-0.06730698730768633,-0.010110985035129406,0.08459790701048306,-0.09022006700770091,0.409
12.6391441822052,1.255173038615419,-0.1816434787748039,0.2044554062676173,-0.08927587404814942,0.41
12.64944076538086,0.3612066671591548,-0.05072570145732079,0.2450726981049188,-0.13935304534199786,0.41
12.659594297409058,1.3409267306261392,-0.08041250886303168,0.3611423269768672,-0.08180812993290543,0.41
12.669722557067871,0.6195898798337314,-0.05893608842292477,0.34941967212369607,0.06327005477125866,0.41
12.679847955703735,0.356000994911821,-0.03294004583569619,0.5065505746669986,0.05832636564959398,0.409
12.689989805221558,1.0402565516953022,0.01725594817332729,0.4959586777235852,0.036664933349916176,0.409
12.700202703475952,0.2779761353086463,-0.2054335167479388,0.5393545331379779,-0.06528347082768682,0.409
12.710353136062622,0.8890302438731316,0.014656122151743682,0.607833976750132,-0.0008203404984208542,0.409
12.720474004745483,0.6959224708085661,-0.004209545204662073,0.6803094119682292,-0.06150918438844859,0.409
12.730590343475342,0.015571617203311124,0.1926146913512238,0.6835076344046452,-0.06886545945771311,0.409
12.740713596343994,0.928209921037974,-0.24683699193074193,0.7306388761007934,-0.03694579772904626,0.408
12.750836610794067,0.581232484457009,0.15355312160661289,0.7577005600527383,-0.0002057884161724196,0.408
12.760955333709717,0.7712206867877708,-0.0568673355148185,0.7688419990278252,0.0369290398985909,0.408
12.771071195602417,0.1078505514031942,-0.24979313995094615,0.7677079967512079,0.07122822881835003,0.408
12.781186580657959,0.3452251375070393,0.20311130848788836,0.7670943603609498,-0.019793214895960448,0.413
12.791330814361572,0.7999873829661204,-0.16150255517302978,0.8202797265405218,-0.09850098558029782,0.413
12.801448822021484,0.5043239630335055,0.034811475168725174,0.7835954170577434,-0.013382071701360063,0.413
12.811564922332764,0.8401002162196487,0.000611721841584314,0.8033744258445465,0.01760346762128575,0.413
12.821689128875732,0.24696116948423188,0.1814989999205026,0.7801412775490073,0.07543613777982708,0.413
12.831855535507202,0.2509388544589293,-0.25333022557179297,0.852400525017335,0.062377651815797464,0.413
12.841984510421753,0.7032252105243365,-0.007310003038347691,0.8471504708657749,0.039491726085108134,0.417
12.85211181640625,0.08966855910395158,0.040298432999622755,0.7756923041473865,0.02390984317638017,0.417
12.862272262573242,0.21971765967252707,-0.004706833961789691,0.7533509226716512,0.05441005073786848,0.417
12.87238883972168,0.5559769432394354,-0.008544841269967003,0.7909847452578155,0.01599547035096111,0.417
12.882503271102905,0.23010749626664226,0.007237625134163753,0.7576614777892534,-0.03054651993646504,0.415
12.892641067504883,0.7040078135666599,-0.014397445805703471,0.7709651047184426,0.0013502577706299979,0.415
12.902779817581177,0.2813532514929993,-0.026094717837481834,0.7910455232096001,0.034832525603679054,0.415
12.91294240951538,0.31894515971082693,0.019488581419214925,0.7696602970151013,0.020837153924675125,0.415
12.923102140426636,0.3003881873835761,-0.00424776376434711,0.7403157214167562,0.11568075923911436,0.415
12.933270454406738,0.22124266636545947,0.016815291029834215,0.7204367154641961,0.09100311839055121,0.415
12.943396806716919,0.21489087448945396,0.022315556734075176,0.6397006612850284,0.10817595397360961,0.411
12.953519344329834,0.16966004342321495,0.006096789280837332,0.6595275107011885,0.09813890175964327,0.411
12.96364140510559,0.16874862680480732,-0.014644688652508455,0.5894014989123295,0.09470423228698266,0.411
12.973759889602661,0.3356364538616623,-0.02417263049481456,0.5852224008300146,0.08335566860254648,0.411
12.983876466751099,0.2604779481525182,0.021780047937145185,0.5641089188997346,0.04089873319157097,0.405
12.993996143341064,0.07489167397550973,0.03665405456523135,0.5725269757652629,0.08664434425342132,0.405
13.00411319732666,0.3153101070948387,0.006077641288425446,0.46106249413515,0.059474340389841646,0.405
13.014284610748291,0.20068674756784788,0.0013351655284679837,0.5709136987439711,0.07230299050806517,0.405
13.02440071105957,-0.11497921849642477,-0.01562016463992622,0.4870995750893589,0.13332780445323408,0.405
13.034514665603638,-0.1287163108593302,-0.20467698759752886,0.4900367731300205,0.12406906267805695,0.405
13.044631242752075,0.24827024079436338,-0.0034594568745509526,0.35744839733271966,0.18585152539536032,0.403
13.054749011993408,0.08893526261723272,-0.017229934667843307,0.42298230200991394,0.12092747938003925,0.403
13.064878225326538,0.29684335281028523,-0.18110584072033944,0.35797141194154664,0.06441924276806389,0.403
13.074995994567871,0.2885161833942477,0.0393252196554486,0.3777525855657928,0.08182935185426146,0.403
13.08512258529663,0.04003937406541394,0.023007263666356685,0.3092617722961878,0.12247499587082893,0.396
13.095280408859253,0.257611136171455,0.21336072692242933,0.3379697418333971,0.19381281318440644,0.396
13.105396032333374,-0.35512612203444105,0.040357999824375,0.36546321546028526,0.13461283858299122,0.396
13.115512609481812,-0.1923277069089546,0.054706472339550886,0.28837844171633437,0.10413248117341471,0.396
13.125626564025879,-0.8394274428369488,0.03587778944334079,0.2496668173607658,0.035472766903670044,0.396
13.135742664337158,0.007445282507183561,0.04447091424264008,0.2210436188103764,0.12717702726336885,0.395
13.145858764648438,0.001444933731503969,0.043241725408240325,0.16600786489798847,0.14741831747985415,0.395
13.155981540679932,0.22495745043127238,0.025326270868782964,0.16641444577085496,0.1740434155622741,0.395
13.166175127029419,0.049963862264675765,0.20733928643475236,0.1312607989461803,0.1426572075550936,0.395
13.176346778869629,0.01583062370402898,0.08170562205489897,0.16121839425963796,0.08330872440952852,0.393
13.186486005783081,0.03368190224827845,0.29054686865880713,0.1153532168409373,0.10546440629809445,0.393
13.19661808013916,-0.08200816076232272,0.04599445535325215,0.10278050169945815,0.09211528360048143,0.393
13.206751823425293,0.19670281116909674,0.04580370432290533,0.08441353077717242,0.13342646451561793,0.393
13.21688961982727,-0.14323336740814,0.4365687873040328,0.10281446116168882,0.11733705235461994,0.393
13.227038860321045,0.17288622148927651,0.05440721999368992,0.026210255550035033,-6.8768460126295e-05,0.393
13.237274646759033,0.14127748415989547,0.06832598822758032,0.019547089158737107,0.12141634931521807,0.395
13.247403860092163,-0.11132442210437701,0.27432894837953503,-0.06294705287674451,0.10191177279781127,0.395
13.2575364112854,0.16257558683797632,0.02039635320153136,-0.06573065956652792,0.17362518923268094,0.395
13.267678499221802,0.10580277866025699,0.05323313528493569,-0.019697752656801598,0.10961229054799897,0.395
13.277813196182251,0.08636929538407692,0.2573188761088554,-0.0892275701304095,0.08275397908433997,0.393
13.28795599937439,0.5808697100445255,0.053825168758441046,-0.04442314043226954,0.048779766065484884,0.393
13.298088312149048,-0.285519389689402,0.07629312990093205,-0.04407578172532885,0.012233141037951518,0.393
13.308240413665771,0.2604318411108549,0.6817603857096296,-0.06688117243782568,0.0574182220364899,0.393
13.318378448486328,0.20718988229721932,0.07283876439357168,-0.06139675997181416,0.04274720284511648,0.393
13.328541278839111,-1.799811867314144,-0.3046582332410842,-0.0521556276083095,0.06449327780328695,0.393
13.338722944259644,0.009318187050495204,0.09515619401612288,-0.05636395500247515,0.031214381835804987,0.396
13.348926544189453,0.018237975130441095,0.02457512670513191,-0.06039310983717018,0.07228504434670899,0.396
13.359092712402344,0.3061971356612931,0.041971150082990065,-0.13231559371363294,0.030873457940711446,0.396
13.369278907775879,0.12733205198992478,0.24053419613536237,-0.13533711353085387,0.089702995640604,0.396
13.379448413848877,-0.013759114548843723,0.012872278627565233,-0.16577794372421445,0.0631176791815692,0.396
13.38960886001587,0.05654460257599608,-0.0010931733199855092,-0.16175893965474397,0.04964426616199096,0.396
13.399760007858276,0.34444006558137724,0.02949110824047464,-0.1647780883948375,0.0006094631411990431,0.396
13.409922122955322,0.0076562748215245795,0.03289548053708506,-0.19427177578938282,-0.03987539760341482,0.396
13.42008662223816,0.04458511140002926,0.3981853681408427,-0.1974107153024779,-0.06748213984609018,0.396
13.43026328086853,0.2501547846045835,0.010167322777704218,-0.09388359607459791,-0.03323813886409602,0.396
13.440420150756836,-0.020995012858513223,0.05007687639847534,-0.12537600530355078,-0.06466545466078731,0.403
13.450568675994873,-0.13758595801153972,0.004011853458271637,-0.06653017612748936,0.04150724259427607,0.403
13.460716724395752,-0.12380712532255762,0.022721778095038232,-0.06710739194606608,0.0077647135601883605,0.403
13.470882415771484,0.14337296225885032,-0.01710083891327596,-0.07710893470226482,0.0008224896189190228,0.403
13.481047630310059,-0.06360073592083551,0.2275548431122943,-0.10966364943007408,0.0052741126623111825,0.408
13.491265773773193,0.29144860283442064,0.021711908208593773,-0.1395709646701235,0.03084184128559892,0.408
13.50143814086914,0.3810178573709882,-0.025119146184661226,-0.171944769244715,-0.008724262972520366,0.408
13.511605501174927,-0.6975585195238185,-0.22112653195444165,-0.13334788929113303,-0.050562424430494315,0.408
13.521772623062134,0.5789834894774454,0.1994220117181194,-0.11465327531052995,-0.031697259506562846,0.408
13.531954050064087,0.8917582013498101,0.6232095032207065,-0.0825358767534494,-0.0039264461044313595,0.408
13.542145252227783,0.05866934275855377,0.01979230933993826,-0.08962822045796957,0.07414260887077884,0.411
13.552346467971802,0.15440723480034424,0.19918096729202542,-0.115935954759875,0.013366160684909624,0.411
13.562530279159546,0.5520398584855364,0.040220024965397436,-0.1259626203785305,-0.010597413457037679,0.411
13.57285475730896,-0.10605602401912315,0.015387296367984428,-0.06344487977490448,0.022500866191809327,0.411
13.583061456680298,0.12252272940108913,0.020380820176172994,0.017396262993178473,0.00798501529352555,0.414
13.59329080581665,0.03947397636214705,0.0386484081701557,-0.061698352494656016,0.024437708701648922,0.414
13.603500604629517,0.4410211615351453,0.03864852142010953,-0.03635129377678685,0.012960867464965664,0.414
13.613684177398682,0.9037753166282542,-0.051635324530973005,0.03884771637607618,-0.047386577099870306,0.414
13.623867988586426,0.059744128084552456,-0.00941267665332744,0.050889384856031,0.04087386028178022,0.414
13.634037017822266,0.41879624168173957,-0.4310710524261352,-0.012546971739515075,0.039197835877054735,0.414
13.644397258758545,-0.006736189511874576,-0.013460143848530785,-0.009722653546451215,-0.0021915503412333476,0.414
13.654562950134277,0.44979590890153676,-0.24872450120517817,-0.006793313942190023,-0.05301035227599672,0.414
13.66474461555481,-0.0711323249671802,-0.09188062529992311,0.048724950966892784,0.03425980615192782,0.414
13.674958944320679,0.5605772020937081,-0.03753453591834732,0.02791779099104536,0.0787938111134677,0.417
13.685157060623169,0.5514089332577109,-0.2139941354347922,0.03414105115604253,0.0763533530775469,0.417
13.695453882217407,0.0306437031279186,-0.017939943741464164,0.022476764216682807,0.024124286767190542,0.417
13.705657005310059,0.6352262340577998,-0.0231190773465584,0.03268111059983121,-0.0077100457206471865,0.417
13.71585488319397,-0.1196973618607447,-0.2347627319333689,0.028902081788329176,-0.013840436055415205,0.417
13.726029634475708,-0.007264533509114307,-0.05830472554374599,0.10310269710973965,0.036591372882824665,0.417
13.736275911331177,0.36911692913231,-0.30404507465754577,0.12665609869826297,0.04395974812555958,0.414
13.746471405029297,-0.08859699553430112,-0.25426616893098236,0.08385809011153028,0.03393683936469088,0.414
13.75664734840393,0.8965246977027407,-0.06824350336034964,0.0907397784272199,0.04665685440352346,0.414
13.766822814941406,0.06104012899048685,-0.45266008266567737,0.11604919426429225,-0.03023377184280024,0.414
13.776993989944458,0.28796876253921383,-0.09048905515652421,0.13903064213292812,-0.005542136090548926,0.409
13.78726077079773,0.1603331847907976,-0.06967153561032761,0.15567532332360853,0.062365253356559444,0.409
13.79751443862915,0.19835963128595752,-0.2659524293051836,0.16789471995750616,0.1269694770996445,0.409
13.80768084526062,0.41165194568700497,-0.27195275329886653,0.13420057326737042,0.06656766874500127,0.409
13.817852973937988,-0.06669456599564522,-0.275452195520562,0.14971548164708573,0.045222314170108864,0.409
13.828057289123535,-0.02068995414809632,-0.15659366434733848,0.11589005456783624,0.02005132215251596,0.409
13.8382728099823,0.3568004026678738,-0.45312335783881424,0.08131242132088734,0.07889517549665281,0.408
13.848458766937256,-0.012466836024366417,-0.07557969746394709,0.15090974019969683,0.14347042460314463,0.408
13.858644008636475,0.16681738115400313,-0.030302060850885656,0.13568128523335285,0.1567245961246404,0.408
13.868844032287598,0.0553061423489986,-0.21562930447891543,0.16761548864555106,0.20446423392373053,0.408
13.879037857055664,0.2929864035636624,-0.027783120369935268,0.16978485480646555,0.151239724588371,0.409
13.8892982006073,0.5767235459485179,-0.2013639753764142,0.1892245902519197,0.13821289828894107,0.409
13.89948558807373,0.02200326518082031,-0.011390468181611725,0.19428412284261062,0.16992332718061406,0.409
13.909685373306274,0.032761536836083356,-0.3141581619675198,0.09823091966544961,0.1845840298480032,0.409
13.919963121414185,0.3922473031175369,-0.8514097237732694,0.10210629704058458,0.19511420173379984,0.409
13.930175304412842,0.25830609805630644,-0.04247210851669446,0.14785763130038163,0.13550713883587662,0.409
13.940524816513062,0.1587614841514008,-0.06083074043450154,0.15439074443789652,0.1967647317860517,0.412
13.950711727142334,-0.031791198074500045,-0.24738537366421592,0.12068896746544554,0.09887269744800221,0.412
13.960889339447021,0.011175214895137045,-0.08046143736493987,0.09315644350770906,0.1581050293352448,0.412
13.971057653427124,0.19345012211950358,-0.23482394498852968,0.144357452896048,0.14241445017475557,0.412
13.98127818107605,-0.05903430703966752,-0.013470427618240013,0.17104502459227205,0.17506665815691724,0.406
13.991496324539185,0.4964201288250184,-0.21964234659059853,0.15070642089188377,0.21618928543377186,0.406
14.001662969589233,0.047531390581809385,0.018381329327519274,0.1545139960368011,0.1806111761707431,0.406
14.011842012405396,-0.16116927936261854,0.002751440637158202,0.13958572868644958,0.20121312931231666,0.406
14.022010564804077,-0.012531183512700226,-0.006084963657052796,0.11285217634156378,0.22923884009551254,0.406
14.032232999801636,0.19289051688487402,-0.46921087046681625,0.0922120872814056,0.1877028802913417,0.406
14.042402505874634,0.2633732628846846,-0.04722739036303303,0.13797589788715564,0.20984023488944878,0.407
14.052566766738892,0.012860466531172607,-0.0032489403768663897,0.16037547780977207,0.2846573111652163,0.407
14.06273341178894,-0.013572998678137334,0.06537942638274799,0.13220288441774442,0.27692292579330213,0.407
14.072897672653198,0.17351618453796133,0.05353491322038741,0.13023101270329987,0.2186136896745035,0.407
14.083059787750244,0.027169988521484095,-0.20067026589485443,0.10554398091813921,0.26639752708785325,0.404
14.093299865722656,0.3163746087853727,-0.01560607711135071,0.09209344891568737,0.23988173798070492,0.404
14.103514671325684,-0.2846712736957382,0.3854201713917694,0.08001415548818716,0.25020988607005445,0.404
14.113682746887207,0.5681010308884886,-0.12556999402265814,0.07725889864965998,0.272560526749525,0.404
14.123863935470581,-0.46719889812754656,0.6325294009704515,0.13080747022286307,0.2618206929309239,0.404
14.134029388427734,0.44398393144406,-0.5914832456366323,0.06643090787464068,0.1917844115942215,0.404
14.144248008728027,-0.32128752955002526,1.4351246558781285,0.07702539904018545,0.18390369374466148,0.398
14.154415607452393,0.11386074841810395,0.47336712728356495,0.10128178798832357,0.19594628859976426,0.398
14.164631366729736,-0.3501385717954624,0.08166584692893411,0.15279759857703482,0.23189143415855673,0.398
14.174803733825684,0.18450198929917994,0.695660704033374,0.12894116085724022,0.1866574354045704,0.401
14.185011625289917,0.0036270256417644136,0.7020301794921117,0.14085762333596472,0.21833847382358873,0.401
14.195189237594604,0.014398288213828776,0.1030769809379114,0.15903144075514591,0.1848709292620312,0.401
14.20550537109375,0.003017495768956364,0.13790520769262155,0.18001438734736014,0.2561514567769233,0.401
14.215674877166748,0.08810748033976369,0.9132942533307544,0.10954119976185761,0.26883478666163896,0.401
14.225865602493286,0.0721518484172673,0.3161360363891689,0.12977214103849863,0.2269963647757948,0.401
14.236035823822021,0.08881288819727563,0.10799450133956685,0.16207438320237522,0.1491446959785656,0.397
14.24624752998352,0.14786674927117385,0.1024001528009875,0.07274543920619708,0.07718286206711668,0.397
14.25644850730896,0.030151006153106563,0.32846356912105323,0.09119816433548389,0.15618110685627024,0.397
14.266644716262817,0.07387706874146806,0.35119941827026796,0.06738136424737096,0.0730315347403137,0.397
14.276829481124878,0.0393741632668016,0.13047980376688753,0.0609995592651666,0.04049968570030856,0.398
14.287018537521362,0.024972840271136474,0.3257793953651453,0.035284302792625497,0.05248330089713556,0.398
14.297257661819458,-0.01390702696612001,0.13122037130294298,0.05650551518237464,0.0594566288954061,0.398
14.307440996170044,0.39148754099279326,0.11698901993949708,0.006508427062912471,0.03363349517767202,0.398
14.317613124847412,0.09153806602716065,0.06733308893223322,0.015899113004730518,0.0520198214112599,0.398
14.327783823013306,0.4188510431903087,0.5028067178149115,0.015559425517022597,0.09880557273540513,0.398
14.338008165359497,-0.0027414441501262474,0.10853836696933111,-0.016387448011892798,0.10663228634932809,0.397
14.348374128341675,0.03338963474523956,0.0634796571633069,0.0378998641525887,0.06097628482418059,0.397
14.358628273010254,-0.041168017697464594,0.46749031976209854,0.002965644615938054,0.06360044240096771,0.397
14.36891222000122,0.017098036210851385,0.6667941845761417,0.025361469045542616,0.04953087162853821,0.397
14.37911581993103,-0.03940532659048205,0.8957259579428001,0.020622137236262696,0.003762973269848549,0.399
14.389357805252075,-0.03614060475154383,0.09882896506728905,0.07346317607240713,0.0035022158543532578,0.399
14.399563312530518,-0.02317579882572948,0.05774723844645069,0.021263267074200967,-0.029811368826388768,0.399
14.40974736213684,0.07956976456244332,0.033409298836741125,0.07599134393158036,-0.0021363647387714207,0.399
14.419938564300537,0.020265463094352357,0.09345384298495284,0.074407382148325,-0.05235293401712183,0.399
14.430117130279541,0.036279645547572965,0.2794306855544655,0.132167277429092,-0.09251571625978004,0.399
14.440367937088013,0.38251527167135985,0.06520618536326776,0.06042824799586648,-0.07855096699976248,0.4
14.450544595718384,0.3883632342432569,0.08828592187904752,0.09870641302370564,-0.07524882018330234,0.4
14.460710763931274,-0.02676821036683279,0.10350401559142834,0.097959886215748,-0.13794661882951753,0.4
14.47087287902832,0.0016431652074183557,0.08343133015537063,0.13688909902639643,-0.061057648829968725,0.4
14.481036901473999,0.01716606623612263,0.20882183224361878,0.08055243158479418,-0.10789734314068998,0.403
14.491315126419067,0.005592362086379846,0.030365559126995303,0.06869756433106565,-0.06061675640504148,0.403
14.501498222351074,-0.10419170577180005,0.23467225169447511,0.028919637218043685,-0.03215672501342909,0.403
14.511664628982544,0.2577807569058297,-0.1812549267602508,0.012996667061791894,-0.02722630267832142,0.403
14.521830320358276,-0.03119492857097539,0.2469441186185477,0.0035720184907237287,-0.13345858933797214,0.403
14.531996011734009,0.1793855221941377,0.18507661976316173,0.033413482358857556,-0.026628100973515034,0.403
14.542187213897705,-0.034502984105313515,0.213293577503192,0.03252905486840458,-0.03743223078233013,0.403
14.552384614944458,0.3807314230200209,-0.8449556474301207,0.04786436719841611,-0.062079768598738094,0.403
14.562564611434937,-0.6868122405057162,-0.04069619926997828,0.046888319428318795,-0.06760625129607893,0.403
14.572732210159302,0.7596966314446927,-0.21700570129012778,0.045594571907643065,-0.032877532238909976,0.403
14.582897424697876,1.025616725493497,-0.069046489824201,-0.010462647216621691,-0.07846810418433285,0.405
14.593067407608032,0.47267731060011375,-0.09018918856593451,-0.04380191219987739,-0.09487299173128314,0.405
14.603320598602295,-0.02637637998200856,-0.06686554244551887,0.00762081104180775,-0.0417212634375434,0.405
14.613502025604248,0.028018137998742212,-0.45277328713547343,0.015920349867101988,-0.015436761437779806,0.405
14.62366533279419,-0.09207617104351784,-0.07185714959464438,0.012011438209044323,-0.06896782642534237,0.405
14.633829593658447,0.3109082471015723,-0.4748415677397345,0.012011438209044323,-0.06896782642534237,0.405
14.643997192382812,-0.044729938631280795,-0.07155401878329679,0.060826450289571565,-0.05204778736262161,0.407
14.654165506362915,0.15668204448705814,-0.07155401878329679,0.060826450289571565,-0.05204778736262161,0.407
14.664363861083984,0.00236532823563679,-0.07234804762393264,0.1015705441125902,-0.04869994482588785,0.407
14.674621820449829,0.04312439468210265,-0.09597393939256944,0.09025259177387532,-0.007744801192778622,0.407
14.684825420379639,-0.15009205728040717,-0.48906926886020613,0.016735561614100898,0.0665057362768087,0.409
14.69505786895752,-0.09253943065400651,-0.29879393678360877,0.046324917164144525,0.10538119431594586,0.409
14.705304622650146,0.3634914763659251,-0.885630513961221,0.03478049147470248,0.08852486523813319,0.409
14.715492963790894,0.04521655673806585,-0.11535427373600186,0.10050267510754085,-0.0022243652314844,0.409
14.725705862045288,-0.042457488183382415,-0.7229595808503597,0.09209319684461525,-0.042038613853506525,0.409
14.735883951187134,0.22187992091313063,-0.11442645225393482,0.09229367862925815,-0.018006763962754607,0.406
14.74605393409729,0.18083519150688854,-0.29180273336838086,0.05041325466263956,0.016411392648197326,0.406
14.75630497932434,0.03622683836551278,-0.5424096642400582,0.02775425848829624,0.06686094488373008,0.406
14.766520738601685,-0.09857186551498263,-0.11403865807761204,0.05676476514126716,0.128470080184779,0.406
14.776683807373047,0.4526137417326402,-0.5214535863023979,0.030693992300786906,0.07902515086634494,0.402
14.786848068237305,-0.027871249657501106,-0.7566314723118834,0.09388716663791564,0.12378280415771356,0.402
14.797017097473145,-0.029237602129286895,-0.13167993722059962,0.10437419315695223,0.14072079097289542,0.402
14.807183742523193,-0.006138248550554866,-0.48135400381044324,0.07116092229196111,0.21958528066861804,0.402
14.817426443099976,-0.07365480478275098,-0.09191520441398321,0.06912234676858744,0.18160158280660813,0.402
14.827685594558716,0.08991476631738606,-0.688561018665755,0.13322751104273942,0.171160538674452,0.402
14.837924003601074,0.0668645482506918,-0.2681334201607566,0.16614331618213074,0.1517223037547309,0.398
14.848098039627075,0.0672326006685043,-0.08045111823455542,0.16274287575753507,0.20603494229315888,0.398
14.858314752578735,0.00323248959824211,-0.699763094621149,0.13883609011408107,0.19462239164202594,0.398
14.868538856506348,0.18945970805979148,-0.1317397460772477,0.14561857704127257,0.2715150903587125,0.398
14.878743410110474,-0.06208363906988658,-0.2957584286200239,0.05573235168589754,0.2553422306311747,0.4
14.88890790939331,-0.03383708022802601,-0.08266192916722549,0.046516286032983495,0.25424243484692044,0.4
14.899083137512207,0.22312605263932583,-0.3185167692498486,0.05009129605706641,0.19815628718818593,0.4
14.909290790557861,-0.011396379901707165,-0.43363317584745864,0.113719662695756,0.2386522105685835,0.4
14.919533252716064,0.05239518317546879,-0.09402390113232699,0.1004587707489468,0.2216171154522911,0.4
14.929724216461182,0.07160348444010854,-0.4557206537126728,0.16899816189827915,0.3198048298348355,0.4
14.939918756484985,0.017257371662459275,-0.20806368218377264,0.08419733579516972,0.3140377852451215,0.4
14.950142621994019,0.1775228898988789,-0.39936113816992597,0.029418500933846514,0.3429106596404362,0.4
14.960355758666992,-0.03740383147091809,-0.24905501092255516,0.057740644192289754,0.275557442528747,0.4
14.970558643341064,0.20994124602177325,-0.23473452103043785,0.15796662036816858,0.21238248591803333,0.4
14.980730772018433,-0.0007318549474880572,-0.07308500984390186,0.13598095821233733,0.18947730953859054,0.399
14.990931987762451,0.09174677132631154,-0.24606720335558044,0.07477807387270947,0.28858192686982453,0.399
15.001166343688965,0.2567091740295854,-0.24330574658341644,0.062054066292074044,0.3924100818484009,0.399
15.011449813842773,0.030702190578758563,-0.19438777243370556,0.060256204847789624,0.3791876968086342,0.399
15.021876096725464,0.05887435453980845,-0.21544696313426198,0.054450311928524765,0.34246157261745236,0.399
15.032091617584229,0.2589102328478059,-0.04303449478877899,0.12147322289597148,0.3004927905818203,0.399
15.042328834533691,-0.24114305006447098,-0.012444321833716169,0.11659023901967458,0.2517673747875119,0.403
15.052557706832886,0.1442797275139908,-0.0009765708746706959,0.1042611799447299,0.3233414512736319,0.403
15.062744617462158,-0.03249359785370595,-0.16794391513324153,0.0657320369586826,0.3519402495192342,0.403
15.072916507720947,0.014828893947602463,0.020008067188395963,0.026309203265749686,0.36190929894306506,0.403
15.083091497421265,0.06927096092853319,0.014121967980560054,0.018856702247186996,0.3517106403558469,0.407
15.09334683418274,0.011303210455312608,0.015904102785775878,0.11814260872774204,0.36799824594613223,0.407
15.103529214859009,0.011303098320942947,0.015903945007899586,0.10959613628116893,0.3648142763104626,0.407
15.113696813583374,-0.022836696002442456,-0.005388930507795504,0.1080327147345003,0.26924939886357435,0.407
15.123868465423584,0.03919394834576069,0.04929205093545368,0.12331370167605868,0.25322755446236667,0.407
15.134027004241943,0.10001222786597184,0.052228368809763316,0.08050504432306024,0.24556251922373665,0.407
15.144190788269043,0.029566591461238904,0.04960688023611171,0.09908022322017182,0.1823959829894164,0.402
15.154422283172607,0.40276439446842405,0.06594563743677243,0.0525255660548285,0.21327802921397138,0.402
15.164586305618286,-0.2062045459885792,0.06876128725339285,0.03542881344009901,0.24041050024367,0.402
15.174749612808228,0.18206573249134328,0.07137009709109415,6.104421857194842e-06,0.24932009412727252,0.405
15.184912919998169,0.06379203905446693,0.015554271549892966,0.002609838907232022,0.2569182725700906,0.405
15.195108652114868,0.06379203905446693,0.015554271549892966,0.002609838907232022,0.2569182725700906,0.405
15.208187341690063,-0.36239925881904317,0.03746108396101546,0.055793444540509746,0.27896013187916124,0.405
15.21846055984497,0.02947361506952146,2.044541970491863,0.06260557280788212,0.2964486724412686,0.405
15.228675603866577,-0.8119194031186386,-2.9371800442639167,0.06994238640369681,0.3114457716575143,0.405
15.23896336555481,0.16185058094082344,-1.1413740521583193,0.144851789403496,0.16879693094666381,0.403
15.249200582504272,0.22417953454128609,0.0881838764407632,0.09895957044251896,0.1971083331995543,0.403
15.260035514831543,0.025836119091783474,0.05885305023587912,0.12761459577969114,0.17953441991297225,0.403
15.270310401916504,-0.19883565506504647,0.19283864703282996,0.059205770421866685,0.13511183429990037,0.403
15.280611276626587,0.08424139763459042,-0.043531561380829226,0.05716443336733661,0.14174036440106796,0.398
15.290812015533447,0.08332627323091213,-0.0067614395722795356,0.015236132821393958,0.16443539381958056,0.398
15.301050186157227,0.007178536968313072,-0.21897400919625326,0.013038804654646012,0.16659483157920585,0.398
15.311683654785156,0.006874069017738606,-0.048966649268219996,0.016079162141028072,0.2034197855872828,0.398
15.321932077407837,-0.027506650144532862,-0.22479860364400872,0.008151283439981668,0.20638598016532017,0.398
15.332159519195557,-0.1272533489414092,-0.016882942128762502,0.05997972019949343,0.2690166653529493,0.398
15.342390775680542,-0.0881168421144077,-0.044125827118558066,0.0346106160277797,0.22245697253115315,0.399
15.353626012802124,0.20371978996831602,-0.009232264660009497,0.04031138714826137,0.12221685526989573,0.399
15.363869190216064,0.02698555999460287,-0.6168765279541817,0.04045231413760108,0.11267958960165653,0.399
15.374081134796143,-0.17355597851749213,-0.017086347271963058,0.04045231413760108,0.11267958960165653,0.399
15.384290218353271,0.4105691346350928,-0.040357136487114975,-0.02115594476843934,0.15124421173950645,0.401
15.394517421722412,-0.18093082507255995,0.03616871490967892,0.019733818022478155,0.22577650552684453,0.401
15.405186891555786,-0.4593201149481772,0.7880887223769343,0.007632324998719412,0.23434603799781223,0.401
15.415403127670288,1.419098389719784,-0.3885472371610377,0.13948687062488133,0.2688323413529835,0.401
15.425606966018677,-0.9638005028215522,0.8123894177687769,0.09918628714378896,0.253582119674704,0.401
15.435808658599854,1.0239798371770228,-0.7826850461005844,0.06015300166611591,0.17871497935624503,0.398
15.44605541229248,0.2656886552191077,-0.37323333799561387,-0.019106814103453815,0.1330980849117399,0.398
15.456303358078003,-0.8313818624271488,0.22211060806233404,-0.09626780211401953,0.14947341581031387,0.398
15.466538190841675,2.5987986264455385,-1.7686729025822396,-0.02766972394348166,0.20460198251167883,0.398
15.477798223495483,0.13099363931880503,-0.16075164577944528,0.008301139307848995,0.14755272625439075,0.4
15.487992525100708,-0.03498622861980528,-0.005763669066730941,0.015735559799394845,0.12068745769681147,0.4
15.498249292373657,-0.114570092151281,-0.05984458186911901,0.03969580316148531,0.23195127744397764,0.4
15.508447885513306,0.17332515104907797,-0.04485865482748708,0.10048969237154073,0.24905803599105047,0.4
15.518639087677002,0.06725826351404934,-0.011589428465296486,0.08168759582835239,0.20645654642215244,0.4
15.528834104537964,0.05773885140709349,0.3924505916124435,0.060971873855521094,0.16832673533810477,0.4
15.539023876190186,-0.1096244261807293,-0.24302013638830505,0.045557699637738154,0.21912716893376488,0.4
15.549248933792114,-0.12182121010429213,-0.08466333418410803,0.03379786888597932,0.12105482395947532,0.4
15.560521125793457,-0.11553715560068717,-0.01163779989311547,0.04851101251174145,0.1849290992826339,0.4
15.570920467376709,0.2783195731679969,-0.011637963787386962,0.06234353855176867,0.19621812370272154,0.4
15.581448078155518,-0.0005265213790924023,0.1896266709878378,0.07329543561477712,0.1752841563595601,0.401
15.591660976409912,0.10298031608283476,0.19047137072153802,0.03831091238248394,0.1645807997410682,0.401
15.601867198944092,0.2142775446099666,0.21203638769291572,0.06476901808706631,0.20773174020949275,0.401
15.612074851989746,-0.08744797060766882,0.047612999944909355,0.12807154341958032,0.24630052631260857,0.401
15.622291803359985,-0.2853422078997295,0.011853111840602289,0.15091062333337174,0.27630630383263804,0.401
15.632521152496338,0.3434658143637814,0.028392902347061263,0.21524909826796995,0.26085964237429426,0.401
15.64272403717041,-0.0779800121367298,0.22199700101068404,0.19092550668202282,0.15998284558647013,0.402
15.652924537658691,-0.41978844050451514,-0.35575561584395277,0.20621890138107007,0.22186846827244208,0.402
15.663134098052979,-0.07570962155791686,0.27274838252315625,0.15419439563999468,0.14203285251818262,0.402
15.673422813415527,-0.005303754418540452,0.07295674976131104,0.14352260341706288,0.0626679126370738,0.402
15.68368649482727,1.590946114579681,-1.3237637254041954,0.1313125795819465,0.0404974295500629,0.404
15.693931102752686,0.045834062313270675,0.05647478983282396,0.13725106925625796,0.13684689335119085,0.404
15.704158544540405,-0.007791717541381738,0.0009987003173321657,0.08340134926588796,0.050903713337068134,0.404
15.71448826789856,-0.057408072745836765,0.181542772057442,0.06819646087594294,0.06363591261210404,0.404
15.724698305130005,-0.0753432953027675,-0.05108562327436292,0.10090785464494184,0.052912762607064304,0.404
15.734905004501343,-0.0753432953027675,-0.05108562327436292,0.10090785464494184,0.052912762607064304,0.404
15.745113134384155,0.04389796947150168,0.3514203739033929,0.1198395806069859,0.17202127877897164,0.408
15.755392789840698,-0.06199610604867986,-0.026103144493805384,0.13389230791337658,0.14354926664756132,0.408
15.765679121017456,-0.07731235904108862,-0.0009286495977218373,0.21350922925068244,0.19003695895018086,0.408
15.775905132293701,0.12295801173465547,-0.0009286495977218373,0.21350922925068244,0.19003695895018086,0.408
15.786105394363403,0.022813747510652727,0.057543660364742566,0.19477932437792414,0.22855350002253755,0.403
15.796342611312866,0.016294813102076807,0.42526080941003935,0.16622795220955666,0.2179397738524913,0.403
15.806600570678711,0.05865163024745553,-0.19521645906623425,0.226297314506975,0.19605912305243767,0.403
15.816848516464233,0.020391021166651556,0.2541265831256562,0.18874816699116576,0.2197576075576549,0.403
15.827125072479248,0.027229884407493892,0.04170940768610781,0.1870281074470983,0.16849220831643041,0.403
15.837310791015625,-0.02097821126373632,0.012896256064182687,0.26657097940510405,0.0501392788321828,0.406
15.849289655685425,-0.15734211396314673,0.05075879126837867,0.19674876867112062,0.12897914133835808,0.406
15.861920833587646,-0.14851303441572158,0.05075879126837867,0.19674876867112062,0.12897914133835808,0.406
15.874119997024536,-0.201131475126125,0.08792039372948596,0.12738065136050747,0.08921673087536516,0.406
15.884369611740112,0.12853985499217566,0.2081600530071112,0.10130414824062361,0.09013397536180565,0.407
15.894567489624023,0.10590759973161808,0.24733126575847267,0.09863468434297393,0.10922335769658362,0.407
15.904861211776733,0.03272381570864499,0.28499919973822224,0.1150609309507312,0.09931999420199614,0.407
15.915072202682495,-0.21644375714711073,0.11912409769223403,0.0998943058069677,0.08429679619201072,0.407
15.92526912689209,0.008725858218218994,0.15004774663462714,0.07992365844712464,0.09348421942413672,0.407
15.935694217681885,0.008725858218218994,0.15004774663462714,0.07992365844712464,0.09348421942413672,0.407
15.945914030075073,-0.19080948203687212,0.07418608013816125,0.18567841554351777,0.08210473520248601,0.406
15.95610761642456,0.04424758005535918,0.051820698604934115,0.13936615560806745,0.07001377783174632,0.406
15.966554164886475,-0.1360636685793844,0.45803052101928526,0.15015488282978937,0.04567695063118153,0.406
15.97677493095398,-0.14240956397352603,0.3019702491357009,0.16157823296569862,0.09640648602479504,0.403
15.986965894699097,0.1381818110204903,0.47861134159592106,0.12070495552118482,0.13716989803692417,0.403
15.997163534164429,0.02612223816325181,0.4771544596833685,0.22154020427154952,0.060397191333521213,0.403
16.007415533065796,-0.00956291599636496,0.11554304518388384,0.1658129163190355,0.029454946165569665,0.403
16.01762294769287,0.01721216291545716,0.2582506328568663,0.16543473810955173,-0.03826786403087747,0.403
16.02782678604126,-0.03867655189174552,0.632221141300324,0.13819716951075042,0.009330357439740707,0.403
16.03803586959839,-0.019432354186777384,0.051941250956817585,0.07506026300404772,-0.010145625779007864,0.402
16.048235416412354,0.07831167963334826,0.2655253557151654,0.0823821337775252,0.08293494385502502,0.402
16.058475255966187,-0.0915447646386366,0.010426565175180666,0.0467441924037728,0.08958039287157189,0.402
16.068709135055542,-0.34607796881569325,0.4673767815368154,0.07974911718860997,0.06417297026949408,0.402
16.07890486717224,0.08216248624430576,0.07495197018344708,0.0859444239461809,0.014681197499590223,0.401
16.089178800582886,-0.24331610505313106,0.2621541707495072,0.07918336126267542,0.030003153620793102,0.401
16.09943461418152,0.07842343701739914,0.27155838950805145,0.09674449388377847,-0.03058225053375571,0.401
16.10968279838562,-0.07854861135503437,0.07670674255248365,0.12862352932591728,-0.0508430612288367,0.401
16.11989665031433,0.012556767023190557,0.06750120533768769,0.14302755217288102,-0.04915131495255505,0.401
16.130082607269287,0.03804243091344223,0.24242544661903856,0.14946812567600154,-0.10764557936097828,0.401
16.140259504318237,0.0911771701538815,0.19896396900666727,0.10795613071336113,-0.03803878133976937,0.402
16.150448322296143,-0.1079949937307272,0.034588848610458,0.1302299684300632,-0.04055582778844366,0.402
16.16069507598877,-0.04127216238501747,0.4139878853977931,0.06520034243875837,0.028677234514429176,0.402
16.17103600502014,0.025486850397282188,0.24915026080260175,0.06237611633894197,0.027904432214696892,0.402
16.1813006401062,0.014109681509890672,0.022234971279896484,0.03596503299818489,0.017267278932434765,0.4
16.191882133483887,-0.13812538274875547,0.22385533575011815,0.04984874374814664,-0.017128306257977635,0.4
16.207920789718628,0.12811938995213543,0.2987403073851977,0.07873598517989237,-0.0031924709943859098,0.4
16.218127727508545,0.18711200276306278,0.0513045240139866,0.17665395028002429,-0.10792745091680951,0.4
16.22834324836731,-0.05253763789291633,0.012985596762808945,0.10266804832510404,-0.09655395553117856,0.4
16.238563060760498,-0.0737061993925636,0.39690569486088856,0.0904182860891122,-0.02167363877541871,0.399
16.248806953430176,-0.05659840784665716,-0.007233933954901668,0.01683176058462191,-0.04005872592124875,0.399
16.259071350097656,-0.18643689693101712,-0.003991710800001357,0.051857263617458016,-0.03877747998296931,0.399
16.26931619644165,0.06945206617455892,-0.011758217390599528,0.05939673184168097,-0.0037199018454649735,0.399
16.279544591903687,0.23637857876337276,0.0087875255850286,0.05370004052521593,0.04202066082842612,0.395
16.289847135543823,-0.035210769507498005,0.23356787074251856,0.06764008474497507,0.06401470215487351,0.395
16.30010414123535,-0.23561354568226084,0.03499733021647722,0.036977306572392205,-0.033666478105931666,0.395
16.31040120124817,-0.0222283634411653,-0.21931773437273538,0.07084097610125886,-0.014543390219717456,0.395
16.320667266845703,0.19289581304086473,-0.014470441587829076,0.11823267672343797,-0.07181674412267225,0.395
16.330878019332886,-0.0691946036898388,0.39026271578756905,0.10033203620956137,-0.13638570296230687,0.395
16.341994762420654,-0.06458532968535156,-0.05166110334377351,0.12397156116719318,-0.11719023469534584,0.397
16.352336883544922,0.19849626821212574,-0.06450082476036352,0.11975191654772097,-0.024683252242696532,0.397
16.362733602523804,-0.044381602906576785,-0.044823878362502526,0.06809074251433014,-0.033054941214825356,0.397
16.373279094696045,0.2823745655858901,-1.6185001419818752,0.09387171621177351,0.0600658362875226,0.397
16.38350772857666,-0.6049167040687001,-0.004699213724878467,0.026649956573683586,0.004143050257863129,0.398
16.393738508224487,0.7066069170676896,1.191901858370629,0.06671777848742574,0.07668582866036167,0.398
16.404101610183716,-0.45347234496418537,-1.0266081223378043,0.10872344812220004,-0.034471649002909915,0.398
16.414326190948486,0.014872742796994144,-0.07333242776952499,0.12475430684199594,-0.045223153463322674,0.398
16.424569606781006,0.5996819239238225,2.9272341160154154,0.1351819487117136,-0.005896091455540375,0.398
16.434786558151245,0.6012355325980887,2.935002159386747,0.1351819487117136,-0.005896091455540375,0.398
16.445032835006714,-0.04199999937081716,-0.042098223033056034,0.15269651563537645,0.02979357976925623,0.399
16.45693588256836,-0.024861245752960278,-0.06280189344800786,0.18553276747628825,0.015439076670171206,0.399
16.467203617095947,-0.5830082717627436,-3.0126451964117362,0.12581378474778243,0.02088449223914053,0.399
16.481788158416748,0.42124693664192714,1.4412344381487439,0.13861688921705723,0.07195628585939863,0.399
16.492006063461304,-0.23078364086290312,-4.412545873902324,0.15201608278070103,-0.006777254673590971,0.399
16.50223159790039,0.007487558931597792,-0.10782382989696838,0.1080481484386769,-0.07248666766705905,0.402
16.51248288154602,0.007487486507382244,-0.10782278695942772,0.1134074746509523,-0.06244390889550652,0.402
16.522765398025513,-0.049450799610431036,-0.13984827026083038,0.11972582970571595,-0.008654380765547656,0.402
16.53305959701538,0.05053723690524993,-0.6102394385243166,0.1464901162029701,-0.026807692255706735,0.402
16.543402910232544,-0.22930313265231175,-0.41946857980239055,0.12965883279496082,-0.002663883825937019,0.404
16.553884744644165,0.019762209049277283,-0.18779069816338193,0.08602022909952883,0.01852459746681187,0.404
16.564114809036255,-0.03883592025612086,-0.3421597810683849,0.0996530826701082,0.12861804250467482,0.404
16.574418306350708,-0.03883592025612086,-0.3407331054701243,0.0996530826701082,0.12861804250467482,0.404
16.58825159072876,0.06491831055129463,-0.11831347261039034,0.04334360641609741,0.10276859131543245,0.401
16.59852147102356,0.01991436462680197,-0.6892629481614581,0.07487690764945172,0.2151451456554213,0.401
16.608728885650635,-0.028357476031668338,-0.06285842649407243,0.04449670635701799,0.17324808140396736,0.401
16.618938207626343,0.18546529166364745,0.310705333201038,0.10344104067583389,0.13748228691008268,0.401
16.629162549972534,-0.1611707986890336,-0.9002991165438274,0.09725102002948954,0.10283135212295566,0.401
16.639448642730713,-0.1651702889387268,0.6370367938342097,0.17002598545710942,0.15164678685988353,0.403
16.649658203125,-0.0036668047632308085,-0.7156167397640102,0.100249460686737,0.08761127661697514,0.403
16.659847259521484,0.1958795801941099,-0.470605736862313,0.1464258987051555,0.10031269810167578,0.403
16.6699800491333,0.4274442197842899,-0.056925310871060175,0.08947197551303464,0.08111349074915625,0.403
16.680114269256592,-1.131296418467266,-0.6534571667237542,0.14984517262477734,0.15367270855598458,0.404
16.690255880355835,-0.026355896293100128,0.020048760944439307,0.08783883221754338,0.1846450955674649,0.404
16.700506448745728,-0.030980854025399063,-0.011725975606082132,0.04718995301367061,0.22742311033770396,0.404
16.710649013519287,-0.0283549422641268,-0.03238364965960122,0.022590702837665046,0.15796369232960045,0.404
16.720821619033813,-0.004509748441732806,-0.24985084932963586,0.033505788437505006,0.2601222617522469,0.404
16.730984449386597,0.087908438630183,-0.04994550357907669,0.040681924448179786,0.19451275823884054,0.404
16.7411208152771,-0.1549786622362846,-0.22774958487412938,0.035839381435385106,0.18924947163954514,0.402
16.75125479698181,-0.002624099918539118,-0.027080509843187182,0.0837303246804037,0.16785283131709922,0.402
16.761390686035156,0.052779698991807414,-0.03110613353188082,0.0395804378220396,0.21290062703974644,0.402
16.77156352996826,-0.2661141772021408,-0.4177581822071062,0.09917265604217931,0.2280070569545372,0.402
16.781701803207397,-0.15154609045229617,0.029273863811191472,0.04808402284742966,0.1510679451874361,0.402
16.791842937469482,0.04788837305505457,0.026294308923565317,0.11254293877984918,0.21941606848603523,0.402
16.801976680755615,-0.20470134683076954,0.2058480303250488,0.10557721516834306,0.18747059943899644,0.402
16.812108993530273,0.23502235561599316,-0.016125819293163503,0.06852768477371392,0.21890412679500348,0.402
16.82224726676941,-0.16576029817836402,-0.02032501694188925,0.050341284005728605,0.216061236950955,0.402
16.832430839538574,0.12294485112770408,0.18911790329515746,0.020037205368506616,0.27996719695254807,0.402
16.842572927474976,0.01933782459657568,-0.010036659281826319,0.03691589669438768,0.2867897305367587,0.4
16.852740049362183,-0.0040708103072707915,-0.3344387248192738,0.03699524731559526,0.26276967783756355,0.4
16.86287260055542,-0.03411913792336613,0.06635728354231377,0.0198951265573794,0.2670225800772221,0.4
16.873005628585815,-0.014074259929238546,0.023325863086300462,-0.018981549015976356,0.18413007047187288,0.4
16.8831467628479,0.02570914817100479,0.028759738127681407,-0.012821614528798611,0.23004879329171224,0.399
16.8932785987854,0.005144822613876572,0.46469040043609644,0.05115100138889731,0.22532682131908618,0.399
16.90343165397644,-0.6080924714198302,-0.3885874126627233,0.0670252885416118,0.2300386692572473,0.399
16.91357660293579,0.4329334272206023,0.08855004012545706,0.06459939080970473,0.16045989269394592,0.399
16.923708200454712,-0.517570174436432,1.6909914105545236,0.050822429158926756,0.22232682297448544,0.399
16.93385124206543,2.8690341024040875,1.2804600183065102,0.07407536970812206,0.17882436842149568,0.399
16.94398522377014,0.041152432141037684,-1.7405730228870113,-0.03051046778839995,0.14821857418675324,0.398
16.95413613319397,-0.0593634202509532,-1.1375047997717609,0.023465420537521195,0.16923449038099575,0.398
16.964300632476807,0.31919111782118137,0.052707280018486416,0.011915337965580836,0.12742729451118825,0.398
16.974467992782593,-1.493699633591024,2.498865686449252,-0.01609655636078293,0.1463714646951813,0.399
16.984620809555054,0.16509814140753473,0.06253457523677469,0.05392342665183501,0.1480516063708054,0.399
16.99480175971985,-0.1565318246200239,0.049006800536009344,-0.005225215035596205,0.21495461311466307,0.399
17.004942417144775,0.03432278099143522,0.30950822903793873,0.009048161435570384,0.23493772083975628,0.399
17.015080451965332,-0.08058241993748007,0.1576760400078182,-0.04006920390897359,0.15603819510320954,0.399
17.025219917297363,-0.02312462302520882,0.3914726771746268,0.014429571574228946,0.15218829952936153,0.399
17.035367250442505,0.2342134525584154,0.40759142400600573,0.10312380087412151,0.16680774370604562,0.401
17.045501470565796,0.0435994186246876,0.5518542644904276,0.08714463236267564,0.07729141797542172,0.401
17.05563473701477,-0.038215209586196223,0.183305297242047,0.0882652610311323,0.062149245460187796,0.401
17.06577754020691,-0.02949411021432191,0.12781612638959092,0.10094001319779185,0.04189663119071159,0.401
17.0759220123291,-0.008110929827195872,0.9010206620200399,0.026393932370827045,0.05808162331306239,0.401
17.086066961288452,0.13381360691229216,0.07810081666001588,0.062279934922184366,0.04801250140037959,0.401
17.096206188201904,-0.001886649235599612,-0.49494808779760835,-0.011140924019856346,-0.003782710941900219,0.401
17.106372117996216,-0.2599066373734431,1.095141875038255,0.014820435421756133,0.020485017141779936,0.401
17.116511821746826,-0.2970375714863456,-0.9146981862239717,0.1128462675201589,-0.02374038007810158,0.401
17.12664818763733,0.2559429174669051,1.7080883701601888,0.1405391921441352,0.019880906460148354,0.401
17.136794090270996,-0.004208736964337958,0.3280154682420006,0.12763345584459826,0.06384658395346995,0.403
17.146926641464233,-0.03617165465021025,0.06612216436662569,0.039611247619411497,-0.022758417972792405,0.403
17.157060861587524,0.0521831343398323,0.2525622547631721,0.04603407557671836,0.0614743940582769,0.403
17.167194604873657,0.020528282695720913,0.040686431452210785,0.1688005232666539,-0.02910612783250542,0.403
17.17737054824829,-0.006861397420485971,0.2606391225700365,0.16482158888312864,-0.13990674879231085,0.403
17.187506437301636,0.048668703878091316,0.04540842516751721,0.14808464959963188,-0.08349309585700357,0.403
17.19764280319214,0.03748881619133465,0.05761204493639201,0.045204502869480905,-0.03870964953310828,0.403
17.207783222198486,-0.03890463064038378,0.46782417393614156,0.01696349998759602,-0.0005907924112039248,0.403
17.21799349784851,-0.05483765868030846,0.08492594975027151,0.005173453358859515,-0.07795490854570601,0.403
17.228171348571777,-0.01450139069651281,0.06380676244432464,0.10067199687101841,-0.10736389603962292,0.403
17.23831272125244,-0.006087797318935139,0.021647904470518564,0.11981051106438698,-0.10649129877691138,0.404
17.248507022857666,0.07324975022074441,0.02317025578990189,0.008213347604192327,-0.09491404227845007,0.404
17.258642435073853,-0.21973459400979015,0.0020352619364320036,0.07407974402616012,-0.07095566404420313,0.404
17.268774032592773,-0.01871887935966759,0.23805273991854248,0.11913037420388504,-0.14262323391655843,0.404
17.278915405273438,0.15621384966685636,0.022233378229155182,0.10560696581526147,-0.10638319960120306,0.4
17.289051294326782,0.06313408759191107,0.023064131415729355,0.07383471333146951,-0.1214604907328011,0.4
17.299194812774658,0.343190123631141,-0.014209636818829769,0.058497219208905576,-0.10777239373519226,0.4
17.309337615966797,-0.19619857202654528,-0.03721383180614601,0.07483173563694343,-0.08249503533584672,0.4
17.319483518600464,-0.6568342410570619,-0.44264385325719147,0.06347522189599628,-0.12489394393737921,0.4
17.329625368118286,0.19735100409393572,0.17608809673640105,0.045724211611818805,-0.09810810156438105,0.4
17.33975839614868,0.019214064284715657,-0.06593964911647916,0.1409126534188854,-0.05267152240770892,0.4
17.349894285202026,0.4288063160853429,-0.06360179301777646,0.11088702336248676,-0.11316517195948655,0.4
17.360045909881592,0.1702348113791086,0.17257443744844728,0.034885506287480474,-0.02952693280349314,0.4
17.370190858840942,0.0062397219386637805,0.008292700159488742,0.03423430171902644,-0.014407874298446102,0.4
17.380343675613403,-0.2983890726357539,-0.04248375752812411,0.056437803148639304,-0.1520386591656671,0.397
17.3905508518219,0.5884415126722016,-0.036781397682969466,0.07103815814363915,-0.12187808128611333,0.397
17.40068483352661,0.050592190957524166,-0.08135290124095575,0.06909356906028315,-0.04536922802379138,0.397
17.410820484161377,0.21448222583131435,-0.06684992135692257,0.05948558852189551,-0.06832053869186883,0.397
17.42095923423767,0.10285933965574426,-0.007219866520577655,0.12272709974554542,-0.10039602521609248,0.397
17.431101083755493,0.01795030864270017,-0.011575908631218145,0.16409171405715228,0.02166504869878927,0.397
17.44123649597168,0.1596057991376756,-0.031108007861219703,0.1914186191477324,-0.019018186164046755,0.398
17.45143723487854,-1.5965785339324452,-0.01993895374730137,0.10241877658204343,-0.11621514677973911,0.398
17.46161651611328,1.2021050263901876,-1.0487352217411492,0.07042392005646067,-0.06645476586476123,0.398
17.471836805343628,-0.5827365592241427,0.911245765117238,0.16751580477488462,-0.07533986241284768,0.398
17.48200821876526,0.5916339759844819,-0.09742585488689581,0.10184412407731808,-0.10774381688598293,0.397
17.49217414855957,-0.18931959731352785,-0.0646503497778469,0.05453564366386493,-0.09419089687365362,0.397
17.5023295879364,0.44326796690124215,-1.4348145795514675,0.0869742838377832,0.016780304935502144,0.397
17.512478351593018,-0.39765376332166297,1.1637043329759298,0.11040351309950988,-0.06078302919493245,0.397
17.52262306213379,-1.0034136256916957,-0.04702418781413481,0.1189240714285014,-0.04671847302335361,0.397
17.532771110534668,-1.480137356511661,1.9907542239052571,0.15786654765561575,-0.005754561184693308,0.397
17.542900800704956,-0.067531123549612,-0.027253837050754584,0.1733146522353165,0.019635635564828127,0.396
17.55303168296814,-0.011766165072948982,-0.1996784848499926,0.10226548802865022,-0.02100468248394158,0.396
17.563162803649902,-0.213904300648169,0.0024629181563123955,0.1156471272961597,-0.01921927791392556,0.396
17.57329559326172,-0.04481466347979508,0.01825834080129039,0.1068616591878729,0.05944316981977425,0.396
17.58345651626587,0.1338434835258414,0.023506667943810573,0.10935504307337424,0.042382281872438816,0.394
17.593627214431763,0.20185600027949074,0.049676060928889126,0.12287407788973562,-0.01821023927800083,0.394
17.603856563568115,0.1018117178712767,0.025437867826587628,0.13284565590617692,-0.031039602782479032,0.394
17.614028692245483,-0.0640477936761116,-0.4357478669870756,0.1905249773322796,-0.017340388924523574,0.394
17.62418532371521,-0.15330036937657504,-0.3978614694570444,0.07774149653820417,-0.026548947556225416,0.394
17.63437008857727,0.05587397091762007,0.05144440452852974,0.04291560087397504,-0.01890740769591067,0.395
17.64476728439331,0.008505042424705544,0.003325722963027933,0.08066343725438903,0.01181028118735706,0.395
17.654926776885986,0.10029661484052009,-0.20727059117702973,0.09461992803677502,0.0022742636342481318,0.395
17.665064811706543,-0.06694747379401399,-0.0034358382304899037,0.06312732251328274,-0.04713586748665488,0.395
17.6752028465271,-0.018851136198377194,-0.053043910161618094,-0.015075897843584492,0.05574964935621737,0.396
17.68532919883728,-0.3120709133208588,-0.050646333759228626,-0.029023476850989556,0.07137271475472065,0.396
17.69552755355835,0.24936677411468836,-0.0552524294895744,0.043014466808294294,-0.0041897480702114825,0.396
17.705693006515503,0.101969076396351,-0.005399294550792584,0.004234326484589684,-0.10839519680749214,0.396
17.7158522605896,-1.1797121592040092,-0.8145557425002796,0.03783036744093432,-0.06195408430048894,0.396
17.726041793823242,-0.21365431644420924,-0.23995470209059272,0.04034794600405985,0.012728122413406442,0.396
17.73617911338806,0.03371407782959905,-0.23306804188345548,0.0560721227224627,-0.0012848207121133395,0.396
17.74630832672119,-0.08729876356069519,-0.0730352975504484,-0.025596527777345196,0.0016439583622229748,0.396
17.756529092788696,0.019885801908110918,-0.22755078320255973,0.010788088820674682,0.04841022356056299,0.396
17.766658544540405,-0.3001702453947991,-0.4605129003191592,0.05233107146892911,0.042983153473999565,0.396
17.77679443359375,0.10279516346663205,-0.06917254897799407,0.00024201972536851135,-0.0025418885513907655,0.399
17.7869234085083,-0.10032274171359007,-0.2882021455157637,-0.06272072042253728,0.03919877947980133,0.399
17.797053813934326,-0.14795366586203226,-0.23790383669047624,-0.034859380675795484,0.05820026288196651,0.399
17.807196617126465,0.01948655497243611,-0.23850449821808878,-0.00578227968413518,0.002735646434730628,0.399
17.81734299659729,0.021038040658843262,-0.2685140870425534,-0.0172475681832248,-0.017345567953217934,0.399
17.827528715133667,-0.0072138557548946875,-0.24279106469752,0.0008062492067126836,0.09437093089142776,0.399
17.837681770324707,0.03479632773492128,-0.5085723861891879,-0.04640820318861502,0.10437856714682638,0.396
17.847822189331055,0.012707290707677876,-0.12087958362356817,-0.10564019919403764,0.03757885349662786,0.396
17.857951402664185,-0.010095681072100543,-0.43546152443303227,-0.04027997568949329,0.07371373192809479,0.396
17.868080615997314,0.15240320191061485,-0.46766085306148913,0.0076852230387654125,0.022071243135626577,0.396
17.878220319747925,0.005463357013399623,-0.06109496724489224,-0.08098616091603475,0.07622095564575242,0.398
17.888357639312744,-0.05602724095371668,-0.2488400870163939,-0.027768373258862708,0.11765934760261244,0.398
17.898545265197754,-0.19309029890778934,-0.49784648888328176,0.038919039633845104,0.11054108657465757,0.398
17.908705472946167,0.026809572897646197,-0.1049954316287124,-0.05931125764504788,0.04708986004354513,0.398
17.91883659362793,0.0009814561471085594,-0.27747161585589175,-0.13999857712173153,0.10030318656770262,0.398
17.928978204727173,-0.22807172776127388,-0.5217775660246818,-0.0914333062722729,0.05810476616601661,0.398
17.939110279083252,0.07889731671092312,-0.30329017993845786,-0.013499870151463561,0.05978130735431194,0.403
17.949238777160645,0.021156376336300818,-0.21920302033477587,-0.03202262069390689,0.07180017702858044,0.403
17.95944333076477,-0.05320695323573529,-0.2644945868232475,-0.03292659091111555,0.150529949552834,0.403
17.96961545944214,-0.09642579371134484,-0.464345010735707,-0.08597474031456626,0.1390274198460105,0.403
17.97979760169983,-0.10030695902041811,-0.2586459707618894,-0.10350759505741532,0.08314303338196517,0.403
17.989957094192505,-0.025227870021653463,-0.061407016358879137,-0.04977297650926949,0.12689841880529384,0.403
18.000129461288452,0.05246438313340756,-0.4542390216977638,-0.08194841649682309,0.16819238944507342,0.403
18.01030206680298,0.12884634357654196,-0.07332850279633557,-0.12248322015076898,0.14784130912092408,0.403
18.02044939994812,-0.11611799071333005,-0.25565362269516284,-0.019147168981186083,0.1822365274502991,0.403
18.030589818954468,-0.05175538631541905,-0.421887823845826,0.007778003930356353,0.18902250568365522,0.403
18.04072093963623,-0.2527906644893539,-0.09009543293679032,-0.07888893512564364,0.1621365660136372,0.407
18.050849199295044,0.011070837161101368,-0.2854059941819824,-0.06964029755148568,0.19954232781699427,0.407
18.06097650527954,-0.05696102505709116,-0.28134135697422313,0.04376683421248054,0.16251455865140846,0.407
18.071105003356934,-0.04442425814635487,-0.2325258086664446,0.00011815982845424233,0.2014577845047235,0.407
18.081238985061646,-0.0645285601090226,-0.25307586681519223,-0.004982628375130013,0.2583088481528988,0.406
18.091366052627563,-0.08225798691432015,-0.4160434751605696,-0.06736568050275826,0.1512800115581882,0.406
18.101508855819702,-0.11131498277557336,-0.04019478267520162,-0.0056637693313307605,0.121977094567203,0.406
18.111638069152832,0.17507203694577908,-0.4067290742347731,0.03405694737557988,0.14161091613827484,0.406
18.121768712997437,-0.0223259010281389,-0.06336225528902391,-0.0349991554552967,0.10467303743277334,0.406
18.13190770149231,0.1867430779066639,-0.45340014995707634,0.014988501626020015,0.16910678675915458,0.406
18.142038106918335,0.05264717688353588,-0.020531201244314713,0.004473944566069907,0.18197196267997492,0.402
18.15216851234436,0.007340033150939966,-0.027306838311746535,-0.01825337169047897,0.18076009082556183,0.402
18.16230273246765,-0.08150934012211897,-0.445225117251987,0.03597595485545603,0.17672554787870068,0.402
18.172483205795288,-0.061171809455100576,-0.019991813882718864,0.05119430380070904,0.19974093908462215,0.402
18.182619333267212,-0.09183058656303485,-0.02400214551039189,0.021613506126052243,0.2333578973381111,0.405
18.19274663925171,-0.025060556798753873,-0.20003610874760586,0.025377474546264274,0.19454292114882896,0.405
18.202874898910522,-0.040280923404619445,-0.25750098211756745,0.12038750833634278,0.21034204103089277,0.405
18.213019609451294,0.38500837228613255,-0.017884748952028965,0.05051769853856945,0.1894528787756302,0.405
18.2232027053833,-0.03727307355416673,-0.028714757026981647,-0.0024667927068332124,0.21751429966352775,0.405
18.233385801315308,0.0031796830781101633,-0.18592534125249882,0.03527647871204962,0.26424849439356823,0.405
18.24358057975769,-0.06295549329879073,-0.0009216647116012107,-0.01008459793483679,0.22194767461821896,0.399
18.253732919692993,-0.05193476444577804,0.010449948946000476,0.01723925686361486,0.177705858943837,0.399
18.26391077041626,0.008923526345579344,0.008970796104819032,0.12333738790936132,0.12788062343064796,0.399
18.274075269699097,0.02804858336602386,-0.4195187086586278,0.07913872722586712,0.15026167943266353,0.398
18.28423309326172,-0.10492694808288248,0.012702958897272335,0.04967451969001356,0.21333977471337573,0.398
18.294370889663696,0.0036968891382552606,0.002132392561202436,0.0821107049264254,0.2009176592300996,0.398
18.304543495178223,-0.014544699126520571,0.0039764508268362786,0.016279928460585003,0.10386234604382988,0.398
