time,meas_r_x,meas_r_y,meas_v_x_dot,meas_v_y_dot,state_z
0.0,0.0,0.0,0.15098765810788997,0.09774836722306213,0.402
0.010176420211791992,0.0,0.7369978680036549,0.14575371786796754,0.11433361247183027,0.398
0.020410776138305664,0.0,0.0,0.11026487499478345,0.1734673649372973,0.398
0.03059244155883789,0.0,0.7366181945907972,0.10874090988613669,0.1311976732927439,0.398
0.04077434539794922,0.7366009460029036,0.0,0.07064021800026565,0.12306906952828842,0.398
0.050978660583496094,0.0,0.0,0.01401628894483501,0.218109501489475,0.398
0.06115984916687012,0.0,0.7366526941901037,-0.0002088300119460207,0.10486599342808886,0.398
0.07134437561035156,0.0,0.0,0.022230710490531262,0.1326704796910331,0.398
0.08153057098388672,0.0,0.7362906094934931,0.07186139429688827,0.12304856210918824,0.398
0.091705322265625,0.0,0.0,0.029679980286234156,0.14901031543183388,0.398
0.1018822193145752,0.0,0.7369633360665339,0.07547765827233499,0.09307685067294483,0.398
0.11211085319519043,0.0,0.0,0.09363809260413855,0.09085056469822599,0.397
0.12228703498840332,0.0,0.7370151351857925,0.07376545105229151,0.1657892246128363,0.397
0.1324598789215088,0.0,0.7372569607199775,0.0603710966005968,0.12508318663770035,0.397
0.1426382064819336,0.0,0.7368597596683142,0.00998145718233101,0.11387166469975513,0.397
0.15283703804016113,0.0,0.7353783575285784,0.027007881806861936,0.0672600178373966,0.397
0.16303634643554688,0.0,0.7353439771850674,-0.019798272150772137,0.13735218588081172,0.397
0.17323684692382812,-0.7352580403889304,0.0,-0.04720130597568441,0.11479487598281579,0.396
0.18344426155090332,0.0,0.0,-0.08103469088407877,0.054717785788695884,0.396
0.19363760948181152,0.0,1.471547925340319,-0.049626357376720436,0.07143854490734931,0.396
0.20381426811218262,-0.7369806016305875,0.7369806016305875,-0.09575054925777726,0.12229691059676637,0.396
0.2140202522277832,0.0,0.7348629896979466,-0.11281884199884816,0.08372988326796217,0.395
0.22432947158813477,0.0,0.0,-0.07756382512034415,0.007498349786200217,0.395
0.23450851440429688,-1.4736159647725675,1.4736159647725675,-0.06067027938243828,0.03718969778720644,0.395
0.24468278884887695,-0.7371533017762572,0.0,-0.06845493198829866,0.07026155297340375,0.395
0.2548646926879883,0.0,1.4732018920058072,-0.20016603539719338,0.09342914262963722,0.395
0.26508235931396484,-0.7340227739406384,1.4680455478812768,-0.17148536192021185,0.1294799161024456,0.397
0.27525830268859863,0.0,0.0,-0.14736644614180647,0.08063356594959267,0.397
0.2854342460632324,0.0,0.0,-0.20090049218807643,0.11477921192706489,0.397
0.2956349849700928,0.0,0.7352408554399906,-0.1859600360995358,0.09865155077946144,0.397
0.3058178424835205,0.0,0.0,-0.22464057237870205,0.04592673041931694,0.397
0.3160076141357422,-1.4720643908374085,2.2080965862561124,-0.2525944087718971,0.02636654842857629,0.397
0.32623720169067383,-0.733167389176339,0.0,-0.2710481920551992,0.01690687034758482,0.397
0.3364088535308838,0.0,0.0,-0.27982853252037704,0.09415373776413515,0.397
0.3465847969055176,0.0,0.7370324031770576,-0.28078231444398855,-0.01712361919611574,0.397
0.3567624092102051,-0.7369115442278861,0.7369115442278861,-0.3209914509513613,-0.008791445770670755,0.397
0.36697959899902344,0.0,0.7340570308489289,-0.32148723463459866,0.009910646244480755,0.399
0.37732648849487305,-1.449711046592009,0.7248555232960044,-0.36023566866139534,-0.0033684998281073124,0.399
0.3875102996826172,0.0,0.7364629863744908,-0.34166762332351336,0.01710002252567653,0.399
0.39768266677856445,0.0,0.0,-0.4202819619479581,-0.022522710800221214,0.399
0.4078540802001953,-0.7373606488209647,0.0,-0.44244595744436976,0.0589564625395403,0.396
0.41805148124694824,0.0,0.0,-0.47755339284836346,0.03698609023351203,0.396
0.42902112007141113,-1.367410562921104,0.0,-0.46479528893065797,0.04486545886701878,0.396
0.43927884101867676,0.0,0.0,-0.4575936948460479,-0.00814656658324403,0.396
0.4494750499725342,0.0,-0.7355675068980031,-0.47437544806199067,0.03802886171473289,0.396
0.45965099334716797,0.0,-0.7370324031770576,-0.4398743166035027,0.00017765072487709727,0.396
0.4698300361633301,0.0,0.0,-0.4483774884776502,-0.035869334358801935,0.4
0.4800248146057129,0.0,0.0,-0.469398590863997,-0.0016252947465461576,0.4
0.4902524948120117,-0.7333041167420392,0.0,-0.46917114021615725,0.017525299610380324,0.4
0.500424861907959,0.0,-1.4745830403600055,-0.45708578202822103,0.04482738300351505,0.4
0.5106022357940674,0.0,0.0,-0.5032837705992715,-0.008890375965776881,0.399
0.5207757949829102,0.0,-1.4744102552084553,-0.5116339011589808,0.0364861805803319,0.399
0.5309882164001465,-0.7343997758789746,0.0,-0.5035701424245489,0.03346708626905584,0.399
0.5412771701812744,-0.7289370872436566,-1.4578741744873132,-0.5105517456854664,0.014414042120569126,0.399
0.5514564514160156,0.0,-0.7367907249092399,-0.4973215773280453,-0.0423496864545128,0.399
0.5616292953491211,0.0,-2.2117708821599322,-0.4926413500074289,-0.017083583395140454,0.399
0.5718035697937012,0.0,-2.2114599053287716,-0.46768146078182166,-0.015555058290140804,0.397
0.5819835662841797,0.0,-0.736738957328212,-0.4685365236840086,-0.09678662918848804,0.397
0.592174768447876,0.0,-2.943715522283308,-0.39449095690767455,-0.03127678896774465,0.397
0.6023485660552979,0.0,0.0,-0.43121218615904466,0.01641009729596085,0.397
0.612520694732666,0.0,-1.4746176022500879,-0.48663108059668364,0.025123856178011855,0.397
0.6226940155029297,0.0,-1.474444808999297,-0.44869952169821553,0.062311738850304235,0.397
0.632882833480835,0.0,-0.7361010881010881,-0.4444134704729642,0.010966443490617803,0.397
0.6430842876434326,0.0,-2.2055679162381976,-0.498596795554695,0.053193002844404216,0.397
0.6532595157623291,0.0,-0.7370842120061858,-0.5485774637754544,0.007198550417951297,0.397
0.6634364128112793,0.0,-0.7369633360665339,-0.42282979380215097,-0.023476804384597448,0.397
0.6736471652984619,0.0,-1.4690396245359236,-0.41406376749497087,-0.0252755411684778,0.399
0.6838517189025879,0.0,-0.734966005467162,-0.4351598037466304,0.03187128063444075,0.399
0.694072961807251,0.0,-1.4675318980196403,-0.4535278994581495,-0.061104384461347666,0.399
0.7042536735534668,0.736687197021147,-1.473374394042294,-0.451318651080939,-0.05464783080737882,0.399
0.7144286632537842,0.0,-2.9484059329381163,-0.4208757094266426,0.025490755696161355,0.399
0.7245957851409912,0.0,-0.7376718881906013,-0.41608359659745503,0.0310486539083121,0.399
0.7347714900970459,0.0,-1.474099343955014,-0.4409795294548813,-0.023883203619481104,0.399
0.745025634765625,0.0,-2.1942346950638236,-0.44602662045149377,-0.020451824170476772,0.399
0.7552542686462402,0.0,-2.932942986340963,-0.4796552535144425,0.00585699530588011,0.399
0.7654244899749756,0.0,-2.949788311414305,-0.5077542502558386,0.04406059645664416,0.399
0.7755863666534424,0.0,-2.214157946600347,-0.5089904178847187,0.021192898079381496,0.402
0.7857458591461182,0.0,-2.2146775556181355,-0.41469855874616646,-0.08913571508662926,0.402
0.7959096431732178,0.0,-2.2137424349049963,-0.3437260321098486,-0.04114400543565523,0.402
0.806098222732544,0.0,-0.7361183132868442,-0.37796120096868013,-0.03813016426669894,0.402
0.8162581920623779,0.738191204768386,-2.214573614305158,-0.3718720821087368,0.014515452194026585,0.402
0.826418399810791,0.0,-1.476347764871524,-0.3177283172424688,-0.02114982330971394,0.402
0.8365809917449951,0.0,-2.21400211143695,-0.37390784686350725,0.01700951506883177,0.402
0.8467345237731934,0.0,-0.7386592152534811,-0.39203778451416516,0.027145741538178492,0.402
0.8569083213806152,0.0,-2.2115635545556804,-0.3947825857607992,0.011279484066765794,0.402
0.8670885562896729,0.0,-2.210165109253144,-0.3724541206187624,-0.024977049298679423,0.402
0.8772556781768799,0.0,-1.4753437763812025,-0.33305062327556806,0.013467170715355449,0.402
0.8874163627624512,0.0,-2.9525569608372244,-0.3339652283503185,0.006638332627602515,0.402
0.8975772857666016,0.7381219203153597,-1.4762438406307195,-0.38923544346176264,0.017035997870843117,0.402
0.9077377319335938,0.0,-1.4763131218321757,-0.3951633915229498,0.08324103118629735,0.4
0.9183123111724854,0.0,-2.8369923116812843,-0.4682098381284648,0.052511084241141856,0.4
0.9285576343536377,0.7320413292376431,-1.4640826584752862,-0.40687794699350005,0.0324479381802248,0.4
0.9387862682342529,0.0,-2.932942986340963,-0.3477757930770185,-0.03577176659588776,0.4
0.9490067958831787,0.0,-1.4676345992348605,-0.263384291116437,0.027377038239469003,0.4
0.9592094421386719,0.0,-2.2053102142873833,-0.2940606891650101,0.011964341696895194,0.4
0.9693989753723145,0.0,-5.888395339042538,-0.3456655882924633,0.051320656060614006,0.404
0.9795823097229004,0.0,-2.209492414309796,-0.2858311023829197,0.03343136047555284,0.404
0.9897584915161133,0.7370151351857925,-2.94806054074317,-0.3386921259935696,-0.004677617911985668,0.404
0.9999744892120361,0.0,-2.936570748442204,-0.2248102705205807,0.02372694933966291,0.404
1.0103418827056885,0.723421948302824,-1.446843896605648,-0.24200814152227731,0.027290525205774692,0.402
1.0206937789916992,0.0,-2.898019760934153,-0.2188514098445135,0.10175229327109539,0.402
1.0309226512908936,0.7332186560380393,-1.4664373120760785,-0.1760777355205772,0.03568176232008363,0.402
1.0411407947540283,0.0,-1.4679770404591908,-0.2877866891352778,0.04701455772023326,0.402
1.0513410568237305,-0.7352752261412243,-2.9411009045648973,-0.2155854968235533,0.02602098235560716,0.402
1.0615293979644775,0.0,-1.472271078557555,-0.24509299875040153,-0.01784083180126689,0.402
1.0717136859893799,0.7364285045416237,-2.9457140181664947,-0.18253685412498835,0.04853915780272948,0.396
1.0819082260131836,0.0,-2.942751701396197,-0.18637982135825865,0.008056542658782665,0.396
1.0920922756195068,0.0,0.0,-0.20764903296488157,0.10580581391983367,0.396
1.1022617816925049,0.0,-4.4249936699957795,-0.19344987028863184,0.0867716946483208,0.396
1.1124281883239746,0.0,-1.475447573931193,-0.23651445722843145,0.0478072683406052,0.4
1.1225976943969727,0.0,-3.6874947249964833,-0.18606612373493614,0.06476917400211496,0.4
1.1327617168426514,0.7378968356360395,-0.7378968356360395,-0.1564674598167739,0.002172713461405816,0.4
1.1429238319396973,0.0,-2.2141059991084626,-0.14588096118851152,0.02177047259600294,0.4
1.1530978679656982,0.737170576242589,-3.685852881212945,-0.06106646835012243,0.0455413518617188,0.4
1.163266658782959,0.0,-2.212652458324541,-0.07573713206165808,0.00038029465549534874,0.4
1.1734416484832764,0.0,-5.8968118658762325,-0.07904785090658871,0.07983493938919717,0.401
1.18365478515625,0.0,-1.4686966874430982,-0.15861498187311787,-0.004118191544890657,0.401
1.1938648223876953,0.0,-2.938285073790398,-0.17152503514674125,-0.04020817956344735,0.401
1.2040987014770508,0.0,-2.9314397539837853,-0.010656796900656112,0.08405621498386165,0.401
1.2142868041992188,0.0,-0.7361527660769447,-0.035020357667794696,0.08405923991471029,0.401
1.2244744300842285,0.7361872220922069,-2.2085616662766205,-0.05084542320891765,0.10877279679922428,0.401
1.2346549034118652,0.0,-2.946817798594848,-0.12753959693228048,0.08950091332043014,0.401
1.244863510131836,0.0,0.0,-0.0932984573653808,0.079241369682853,0.401
1.2551054954528809,0.0,-0.7322799012989432,-0.011148298378610373,0.06294771120991673,0.401
1.2652900218963623,0.0,-3.682056324180069,-0.015763329029447194,0.030675778033506317,0.399
1.2754714488983154,0.0,-1.4732708879730236,0.04695670462573682,0.11446733409976612,0.399
1.28566575050354,0.0,-0.7357051312035174,-0.03162393331410422,0.0657369622031436,0.399
1.2958805561065674,0.0,-4.405370180188591,-0.04468829380679621,0.08516012354615687,0.399
1.30619478225708,0.0,0.0,-0.03318623775799775,0.016679900454094034,0.4
1.3163814544677734,0.0,-1.472512287600056,-0.08981620657813078,0.03748015829417019,0.4
1.3265879154205322,0.0,-2.939314630101147,-0.01355441193321947,0.08827482668652482,0.4
1.3367600440979004,0.0,-1.4746176022500879,-0.08476596009222834,0.0065013593124133295,0.4
1.3469297885894775,0.0,-4.424889930840464,-0.005467998372348331,0.07151439542936276,0.4
1.3571810722351074,0.0,-0.7316156941181943,-0.03786727323072095,0.04641594246736476,0.4
1.3673598766326904,0.0,-2.2104757220153184,-0.07564050388525845,0.16269903981187478,0.398
1.3775336742401123,0.0,-5.160314960629921,-0.11990101236913553,0.08909214922692485,0.398
1.3877131938934326,0.0,-1.473546936481169,-0.027462976846564777,0.08304019438601974,0.398
1.3978831768035889,0.0,-2.9498574643660915,0.054960051327735814,0.06396803219463021,0.398
1.4080874919891357,0.0,-2.2049495327102804,0.014372497215908255,0.06638057641096669,0.401
1.4182863235473633,0.0,-0.7353783575285784,0.00037070051916317237,0.10218219189576275,0.401
1.428591251373291,0.0,-2.9112285410207766,-0.042378814365124154,0.09726958921703786,0.401
1.4390697479248047,0.7157515358361775,-0.7157515358361775,-0.024742121916698487,0.049539894006591964,0.401
1.449596881866455,-0.7124446256284821,-3.5622231281424104,0.08155477955927333,0.04874455214139152,0.401
1.459775447845459,-0.7368424997657641,-0.7368424997657641,0.006726094738179894,0.031151252047784996,0.401
1.4699475765228271,0.0,-2.2119264033751316,0.06844246520950176,0.04527675096055333,0.399
1.4801249504089355,0.0,-2.94771522946096,0.0628715232940057,0.047573419175757053,0.399
1.4902985095977783,0.0,-1.4744102552084553,0.10821218818283872,0.08508502600415997,0.399
1.5004689693450928,-0.7374297904261803,-2.212289371278541,0.10473190759555408,0.028708370312233857,0.399
1.5106353759765625,0.7377237869655965,-2.2131713608967893,0.03972389825138759,0.05398964680265135,0.402
1.5208187103271484,0.0,-1.4729949428731972,0.08610340934839891,0.049198361883017044,0.402
1.531038522720337,-1.4677373148256152,-3.6693432870640383,0.0937446686107655,-0.01790975757629324,0.402
1.541224479675293,0.0,0.0,0.11806319312640093,0.044950534024656125,0.402
1.5513982772827148,0.0,-2.9487514060742406,0.09242814474169186,0.07365293521658216,0.402
1.5615828037261963,-0.7364112648360137,-2.945645059344055,0.15055694648220938,0.07091477791734628,0.402
1.571748971939087,0.7377410881801125,-2.95096435272045,0.06990717473969979,-0.024520039800565267,0.402
1.5819144248962402,0.0,-3.6889649834650653,0.18288118555657434,0.027453301616524525,0.402
1.5920946598052979,0.0,-1.4734434061687627,0.12393629910165048,-0.010538914545068057,0.402
1.602318286895752,0.0,-2.934379328840279,0.10930729417924949,0.020061649785772653,0.402
1.6124825477600098,0.0,-1.475759054231563,0.1501546438771152,0.017156116184393732,0.403
1.6226458549499512,-0.7379487660692502,-2.2138462982077507,0.20507118028578689,0.003948828310061515,0.403
1.6328208446502686,0.0,-1.4742029664690581,0.2565340518114202,0.001156317248467797,0.403
1.6429901123046875,0.0,-0.7375162356692377,0.22425715241290328,-0.015339420448036975,0.403
1.6531598567962646,0.0,-2.212444965420232,0.2723105096051675,-0.08350718489969998,0.403
1.6633291244506836,0.0,-1.4750324713384755,0.27123536462572556,-0.033621171839755264,0.403
1.673520565032959,-0.7359116642492864,-2.943646656997146,0.33077200131917084,0.017323447043739667,0.398
1.683736801147461,0.0,-0.7341255542590431,0.28504375036623525,0.03743511573477268,0.398
1.693941354751587,0.0,-2.939864021868648,0.2073030772930679,0.01037924429499983,0.398
1.7041566371917725,0.0,0.0,0.24672443974180472,-0.021150889614061162,0.398
1.7143235206604004,-0.7376891869708979,-2.9507567478835917,0.17827433679913596,-0.05337419563083675,0.405
1.7245070934295654,0.0,-0.7364802285018612,0.2724022947113322,0.00802281344157093,0.405
1.7346959114074707,0.0,-1.4722021762021762,0.293669293121942,-0.021033901616305372,0.405
1.744936227798462,0.0,-0.7323992456520221,0.3539607741170175,0.01696628299915475,0.405
1.7551774978637695,0.0,-0.7323310441159353,0.33664151153834454,-0.02232242571308321,0.405
1.7653555870056152,0.0,-3.6843851018973997,0.3541610803093689,-0.01470824009828365,0.403
1.7755239009857178,0.0,-1.4751708129147225,0.28845032812779614,-0.031159367366947487,0.403
1.785693645477295,0.0,-2.212444965420232,0.3550495813853006,-0.012463736635516413,0.403
1.7958602905273438,0.0,-0.7377064865625439,0.3430169144133756,0.0629482960665904,0.403
1.8060669898986816,0.0,-1.469622985283812,0.3880620467439127,0.029002923806826404,0.398
1.8162357807159424,0.0,-0.7375508194415137,0.35989175984848987,-0.028963049150902347,0.398
1.8264002799987793,0.0,-2.2135866582225034,0.3719797104678945,-0.0004308833354795538,0.398
1.8365628719329834,0.0,0.0,0.38803667819665444,0.021031072244569956,0.398
1.8467345237731934,0.0,-0.737343365445468,0.4108476182759683,-0.023588628576241843,0.398
1.8569111824035645,0.0,-0.7369806016305875,0.37752501217451534,-0.05190294781694846,0.398
1.8671104907989502,-0.7353439771850674,-1.4706879543701348,0.35335840568585175,-0.057713147471246215,0.405
1.8772780895233154,0.0,-0.7376372930638277,0.3080610941053126,-0.09987419130902683,0.405
1.8874573707580566,0.0,-0.7367907249092399,0.3703701975165772,0.016612149140341613,0.405
1.897620677947998,0.0,-0.7379487660692502,0.36048707030369076,0.026841958856016437,0.405
1.907785177230835,0.0,-0.7378622194075012,0.4027345196172045,0.06082710903902066,0.399
1.917952060699463,-0.7376891869708979,-2.2130675609126937,0.44292773276479946,0.007721835098051352,0.399
1.9281423091888428,0.0,0.0,0.4213541886927298,0.08207774716089189,0.399
1.938319206237793,0.0,-0.7369633360665339,0.384317161146687,0.04462605613371197,0.399
1.9485437870025635,0.0,0.0,0.3424582181293727,0.044890267597634564,0.399
1.9587430953979492,0.0,-1.4706879543701348,0.36768667318227,0.035738762365701844,0.399
1.9689054489135742,-0.738018018018018,-0.738018018018018,0.34969999996082685,0.03658892025587086,0.404
1.9790616035461426,0.0,-1.4769369453964973,0.3584225395530996,-0.02382752462362695,0.404
1.9892654418945312,0.0,0.0,0.3541218053404101,-0.027472237537731613,0.404
1.9994215965270996,-0.7384684726982487,-1.4769369453964973,0.4009643367594473,-0.029522863470947597,0.404
2.0095741748809814,0.0,0.0,0.44592996912179633,-0.09078756360719605,0.404
2.0197231769561768,0.0,-0.7389889118586731,0.5060164136955062,-0.009285017714847283,0.404
2.02988862991333,0.0,0.0,0.44906568750319437,-0.025208232683265462,0.404
2.04022479057312,0.0,-0.725607916407169,0.43448999312714875,0.019332340957872444,0.404
2.050424814224243,0.0,0.0,0.3668864241466056,0.05749080157692596,0.404
2.0605781078338623,-0.7386765603719532,-1.4773531207439063,0.31799779917671256,0.020889390266888585,0.404
2.070737600326538,0.0,0.0,0.2560697792780947,-0.009639698954401046,0.403
2.08090877532959,0.0,-1.4747558660134548,0.3568249061831876,0.05426843913466675,0.403
2.0911178588867188,0.0,0.0,0.3988061667586746,-0.006318875193673856,0.403
2.1012909412384033,0.0,0.0,0.41264017239905193,0.05774872469886699,0.403
2.1114470958709717,0.0,0.0,0.40429993453878355,0.02302950098938944,0.401
2.1216158866882324,0.0,0.0,0.4106925447514179,0.03488122110657989,0.401
2.1317617893218994,0.0,0.0,0.3827460146408114,0.012508304012542767,0.401
2.141911268234253,-0.7389541930937279,-0.7389541930937279,0.3526281395915115,0.10292736453438063,0.401
2.152074098587036,0.0,0.0,0.33988065108761567,0.10618992157158569,0.401
2.162306785583496,0.0,0.0,0.38428229877350645,0.0794356951576161,0.401
2.172451972961426,0.0,0.0,0.371572364548193,0.007886880688285386,0.402
2.1825978755950928,0.0,0.0,0.3218604909089364,-0.0008811212184014552,0.402
2.1927590370178223,0.0,0.0,0.3835896782288164,0.012081146514409204,0.402
2.2029407024383545,0.0,0.0,0.3661130581541786,0.030236078691908023,0.402
2.213212728500366,-0.7301383344164887,0.0,0.39302965113732347,0.005276201630643698,0.403
2.2233567237854004,0.0,0.0,0.34059242127320644,-0.030043983315882893,0.403
2.233499050140381,0.0,0.739475317348378,0.39230995731622686,0.010942790250370097,0.403
2.243647575378418,-0.7390236338862002,0.7390236338862002,0.2715724120738624,0.007122574755116046,0.403
2.2538139820098877,0.0,0.0,0.3335383164053384,0.04088913429706499,0.403
2.263963460922241,-0.7389541930937279,0.0,0.275683812869135,0.02120597780724308,0.403
2.274327516555786,0.0,0.0,0.27803201033300623,0.006961479385779637,0.401
2.28448224067688,0.0,0.0,0.23119919071716283,-0.008856353552372584,0.401
2.294677972793579,-0.7356019081470395,0.7356019081470395,0.2661313835165742,-0.03467187095451222,0.401
2.304856538772583,0.0,0.7368424997657641,0.19025237594938613,-0.014751076240776782,0.401
2.3150150775909424,0.0,0.738295155839279,0.22684478994840335,-0.0008296629619651136,0.399
2.3251755237579346,0.0,0.7381565609160878,0.13059026980346747,-0.056814270315506094,0.399
2.335341691970825,0.0,0.0,0.1796552727381823,-0.038722857581328235,0.399
2.3455047607421875,0.0,1.47593215567598,0.17429332758633573,-0.10617571877712481,0.399
2.3556792736053467,0.0,0.0,0.19938248829085137,-0.03869184608527545,0.399
2.365851640701294,-0.7372915201800028,0.7372915201800028,0.18889286932668659,-0.029490821254146416,0.4
2.3760838508605957,0.0,0.732979472004101,0.22859038082821176,0.014336400256089468,0.4
2.3862712383270264,0.0,0.7362044513094151,0.21183432077371087,0.011756271627932774,0.4
2.3964335918426514,0.0,0.0,0.1871469879151368,0.07464064007766669,0.4
2.4065940380096436,-0.7381565609160878,0.7381565609160878,0.12167460702075994,0.03656219947114258,0.399
2.4167592525482178,-0.7378103011539544,0.0,0.07246279894139586,0.00993612737418905,0.399
2.426922082901001,0.0,0.0,0.09947024799297875,0.07180668897289696,0.399
2.4370908737182617,0.0,0.7375508194415137,0.0514009621799038,0.06064913325518495,0.399
2.447274923324585,-0.7364457450544305,0.7364457450544305,0.04653360119650208,0.04956094732563577,0.399
2.457493305206299,0.0,0.0,0.07357658383598698,0.020834957498871653,0.399
2.4676661491394043,0.0,0.0,0.05823196856897861,0.024972346272020426,0.4
2.477830410003662,-0.7378795271157815,1.475759054231563,0.08720504700553203,-0.028727981931411146,0.4
2.487992763519287,-0.738018018018018,0.0,0.05918824864925453,-0.025570440117001172,0.4
2.4981698989868164,0.0,0.0,0.11053443746549489,-0.08388664067665727,0.4
2.5083563327789307,0.0,0.0,0.03486458173934873,-0.07212373612745644,0.397
2.518519163131714,0.0,0.0,0.08271672431247211,-0.03580010262110864,0.397
2.5286829471588135,0.0,-0.7379141449683322,0.08111644581765892,-0.06882124999216065,0.397
2.5388598442077637,0.0,0.0,0.034525565318012104,0.0007273003159125671,0.397
2.5490283966064453,-0.7375681125439625,0.7375681125439625,0.021679387444337516,-0.016540635942121795,0.397
2.559199094772339,0.0,0.0,0.022083899101733383,-0.025985192316567523,0.397
2.569368362426758,0.0,0.0,-0.007744870503320955,-0.06916059311960147,0.398
2.579538345336914,0.0,0.0,-0.08030181464062786,-0.033767959720850796,0.398
2.589705467224121,0.0,0.0,-0.08675916146532311,-0.021990191242890457,0.398
2.5998692512512207,0.0,0.0,-0.0834994563985897,-0.061017549025776927,0.398
2.610036849975586,-1.4752745861276555,0.0,0.039069561446590906,-0.013481272254508889,0.401
2.620199680328369,0.0,-0.7379833904189931,0.024395992810258685,-0.012539340133587124,0.401
2.6303722858428955,0.0,0.0,0.09708260260800955,0.028995822420414076,0.401
2.640557050704956,0.7363940259375439,-0.7363940259375439,0.052269579564828236,-0.01053038016495704,0.401
2.65073299407959,0.0,0.0,0.04289249892511841,-0.015418704895886225,0.401
2.6608989238739014,0.0,-0.7377583902061493,0.014521420755701916,0.0002837835595826607,0.401
2.67110538482666,0.0,-1.4696573150505734,0.07243436671483457,-0.05073855390710345,0.403
2.6812915802001953,0.0,0.0,0.07942989675281587,0.020361040435131976,0.403
2.6914777755737305,-0.7362906094934931,-1.4725812189869862,0.09476889128775887,0.01657587480682665,0.403
2.701688528060913,0.0,-0.7345198122679618,0.11744863331289765,0.06583135744983395,0.403
2.711895704269409,0.0,-0.7347771652807624,0.12430219682944138,0.04898400548057647,0.402
2.722151517868042,0.0,-1.4625850846196764,0.11941339345764096,0.0180674362706603,0.402
2.7323384284973145,0.0,-0.7362389121632691,0.09556263129142618,-0.017481170684421864,0.402
2.742518186569214,0.0,0.0,0.17098295107699957,-0.13280526110748653,0.402
2.752725124359131,-0.7347943285604167,-0.7347943285604167,0.15470298797904997,-0.07256798969919577,0.402
2.7628955841064453,0.0,-1.4748595808523606,0.19906058261609683,-0.011426400434183283,0.402
2.7730813026428223,0.0,-0.7363250784139319,0.13835776282734635,-0.04335902746623138,0.404
2.7832648754119873,0.0,-0.7364802285018612,0.22283197461095283,0.03043792552169751,0.404
2.793436050415039,0.0,-1.4747558660134548,0.1033435863672959,0.035355922830647306,0.404
2.803596258163452,0.0,0.0,0.15883242650526244,0.020023114926641793,0.404
2.8137593269348145,0.0,-2.21389823351397,0.1969129834621206,0.029985942779812806,0.398
2.8239176273345947,0.0,-0.7383124838641537,0.314395295470706,-0.0604506923395563,0.398
2.8341832160949707,0.0,-1.461192372901038,0.4160703317025542,0.014265624488002393,0.398
2.8443613052368164,0.0,-1.47375404075896,0.40863910795640535,0.013787158429000482,0.398
2.854541778564453,0.0,0.0,0.4304390947115625,-0.007538225929738733,0.398
2.86470365524292,-0.7380526488667823,-0.7380526488667823,0.45640245026198534,-0.006452226578075128,0.398
2.8748669624328613,0.0,-1.4758975321385004,0.3240683202724116,0.059868039163420844,0.403
2.885025978088379,0.0,0.0,0.3493596797309016,-0.011378386830710206,0.403
2.8952114582061768,0.0,-0.7363423140844081,0.36367083046167903,-0.019077748535228478,0.403
2.905381679534912,-0.7374470778535762,-0.7374470778535762,0.42939766004082514,0.004892810801768566,0.404
2.9155402183532715,0.738295155839279,0.0,0.3732599166612472,0.0012240507565392175,0.404
2.92569899559021,0.0,0.0,0.44130410816151827,0.08503662731121708,0.404
2.935859203338623,0.0,0.0,0.4754087244670838,0.02480726082439389,0.404
2.946016788482666,0.0,-1.476728945638907,0.5397783662004492,0.07295266763418815,0.404
2.956247568130493,0.0,0.0,0.499091412883048,0.06382407076448644,0.404
2.966470718383789,0.0,-0.7336290491849157,0.5127545519289601,0.02310910672468424,0.399
2.9766464233398438,0.0,0.0,0.5441876834563958,0.004104691062119803,0.399
2.9868085384368896,0.0,0.0,0.5833480664102941,0.051983778275188956,0.399
2.9969701766967773,0.0,-0.7380699655099598,0.5554625035807026,-0.04231847134126806,0.399
3.007340669631958,-0.7232057383267811,0.0,0.581845370276029,0.008759797340619407,0.401
3.017524242401123,0.0,0.0,0.5843961699770809,-0.04773961910396974,0.401
3.0276989936828613,0.0,0.0,0.6421783697071209,-0.0055311415891512,0.401
3.0378739833831787,0.0,0.0,0.6917576478317073,-0.009367017100824743,0.401
3.0480473041534424,0.0,0.0,0.6079070053798717,0.02474221135815511,0.401
3.0582799911499023,0.0,0.0,0.6476482277346779,0.05005973973544012,0.401
3.0684540271759033,0.0,0.0,0.6105033375230035,0.003439139943076274,0.402
3.078632116317749,0.0,0.73687702037948,0.6130740006913155,0.04839734900128424,0.402
3.088824510574341,0.0,0.0,0.5711374201976499,0.0834139990593277,0.402
3.0990073680877686,-0.7365319597284008,1.4730639194568016,0.618782452067006,0.047375023638325076,0.402
3.1093528270721436,0.7249557522123894,0.7249557522123894,0.650214923743695,0.02994140500264894,0.405
3.1195261478424072,0.0,0.7372224044996485,0.6400167474367696,0.0717900124265616,0.405
3.1296985149383545,0.0,0.0,0.7262577090775814,0.07545065786637277,0.405
3.139890193939209,0.0,1.4717888974664888,0.7443616595969085,0.019424602852410145,0.405
3.150068759918213,-0.7368424997657641,0.7368424997657641,0.7975606915409954,0.0827400126417004,0.405
3.1603927612304688,0.0,0.7264625190522378,0.7179524794936525,-0.024323971984685524,0.405
3.170572519302368,0.0,0.7367562123802609,0.6859561063726478,0.009996462401902117,0.401
3.1807594299316406,0.0,1.4724778243265382,0.6317223896880885,-0.024247950973732953,0.401
3.190934181213379,0.0,0.7371187552722842,0.636618378438685,0.00648733199035656,0.401
3.201157331466675,0.0,1.4672580983698313,0.6697538377800616,-0.0186013240249063,0.401
3.211468458175659,0.0,0.727369589345172,0.6664534425029,0.08913389930962817,0.402
3.2216529846191406,0.0,0.7364112648360137,0.6119606084942236,0.050631979693118195,0.402
3.2318308353424072,0.0,2.210682845697955,0.6718846423911992,0.04506077882117375,0.402
3.242021083831787,0.0,0.7359977539131045,0.6190454516179706,0.04211777795152464,0.402
3.252370834350586,0.7246551485832757,0.7246551485832757,0.64367985802894,0.051237871114548056,0.402
3.2625577449798584,0.0,1.4724778243265382,0.6371488145299383,0.05292221029083899,0.402
3.2727348804473877,-0.736946071311437,2.947784285245748,0.6801659783758852,0.1053362308933348,0.403
3.2829132080078125,0.0,0.7368597596683142,0.6687755900940566,0.037744973493560034,0.403
3.293225049972534,0.0,1.4546382742595547,0.660380577224075,0.031681946501799646,0.403
3.303419589996338,-0.7356879253490493,0.7356879253490493,0.6526567559544655,0.05148095134340745,0.403
3.3135921955108643,0.0,2.9490969601799986,0.6198915390811948,0.012349743442705525,0.401
3.323763370513916,0.0,0.7373779330067274,0.6596325948345306,0.048864439852864115,0.401
3.333939790725708,0.0,2.9479914720146194,0.7111567930434968,0.05284030418458499,0.401
3.344194173812866,0.0,0.0,0.6156992174533585,0.07107581294039937,0.401
3.3544256687164307,0.0,1.4660614251759332,0.654621501564004,0.035030714686033845,0.401
3.3645942211151123,0.0,3.687840562719812,0.5668403202876288,0.001021896116675568,0.398
3.3747692108154297,0.0,0.0,0.5688504770697954,0.10974951306909694,0.398
3.3850057125091553,0.0,3.6633608943752183,0.5398239404192439,0.11857329759255983,0.398
3.3952667713165283,-0.7309187229889864,1.4618374459779728,0.5984291231828016,0.1677841353031037,0.398
3.405428647994995,0.7380526488667823,2.214157946600347,0.5454388435504851,0.0948055977287423,0.4
3.4155917167663574,-0.73796607783799,2.21389823351397,0.5298160241136445,0.13439553028886275,0.4
3.4257609844207764,0.0,3.6875811783461887,0.5419951719921006,0.07270270563138809,0.4
3.43593168258667,0.0,1.4748250076185565,0.5728789375104474,0.09135227948559202,0.4
3.4461214542388916,-1.4720643908374085,1.4720643908374085,0.5413715967730991,0.06412307329418675,0.4
3.4563674926757812,0.0,2.1959706806282724,0.5069090895674715,0.02486702693580147,0.4
3.4665422439575195,0.7371187552722842,2.2113562658168524,0.4661336960714991,0.08772449306840724,0.4
3.4767141342163086,0.0,3.6866304144009,0.48540808452721795,0.01523463598810513,0.4
3.4868881702423096,0.0,0.0,0.4647934599546684,0.1130493309753888,0.4
3.4971048831939697,0.0,4.404547745729487,0.39554052167861053,0.004994808544792388,0.4
3.507519245147705,0.0,1.4403186740230305,0.37481282586393383,0.1273685358464526,0.398
3.5177414417266846,0.0,3.668487463556851,0.3544145025868589,0.04250076558605466,0.398
3.5279123783111572,0.0,2.212185654008439,0.3302766530016375,0.09082185277902566,0.398
3.538086175918579,0.0,2.2115635545556804,0.3479091035659163,0.09290503362585349,0.398
3.5482616424560547,-0.7370669415871974,1.4741338831743949,0.3091978597336264,0.14567638068557223,0.398
3.5584824085235596,0.7338001819496606,4.402801091697963,0.36442411752418835,0.051948428662476356,0.398
3.5686535835266113,0.0,0.7373779330067274,0.37907474118297013,0.11636723536682643,0.4
3.578824281692505,0.0,3.687062519046391,0.33173174134489336,0.0984585666800922,0.4
3.588998794555664,-0.7371360281195078,1.4742720562390157,0.2704115437279397,0.014887269583858082,0.4
3.5991930961608887,0.0,2.9428205248140697,0.2889629752463132,0.07667655230912228,0.4
3.609363317489624,0.0,0.7374470778535762,0.2408405520522452,0.1058590041241802,0.397
3.619576930999756,0.0,2.9372562384742875,0.26851802514023293,0.09442446120097563,0.397
3.6297497749328613,0.0,3.686284803599887,0.21484733467875955,0.10105823900146638,0.397
3.639923572540283,0.0,0.0,0.21293668454312795,0.07500541905314766,0.397
3.6500964164733887,0.0,4.4235417643198645,0.2170439438150537,0.06265165106370377,0.397
3.6602931022644043,-0.7355331088664422,0.7355331088664422,0.25598758942743266,0.09880668926693055,0.397
3.670477867126465,0.7363940259375439,2.2091820778126317,0.20536607154313813,-0.03280353917455239,0.401
3.680699586868286,0.0,3.6686585963193616,0.18090140516295805,0.08242375920939825,0.401
3.6908695697784424,0.0,1.4749287321830458,0.18970167984634173,0.07492322977403383,0.401
3.7010457515716553,0.0,2.94806054074317,0.22190535864864325,0.17226173511599188,0.401
3.711275100708008,0.0,0.7331844773336441,0.152619425232986,0.10767996890561651,0.401
3.721494674682617,0.0,2.201657334826428,0.1735755055780171,0.10454186215690024,0.401
3.731701374053955,-0.734811492641906,2.939245970567624,0.19159112817037088,0.056064673251659314,0.401
3.74188494682312,0.0,0.7364802285018612,0.24718452584667594,0.07333340463649116,0.401
3.7521018981933594,0.0,2.9362966420087275,0.22782017110738084,0.019309555365318094,0.401
3.762284994125366,0.0,0.7365147151787595,0.2581929507048102,0.07245416233847526,0.401
3.7724623680114746,-0.73692880736524,1.47385761473048,0.2591895231446897,0.02990395571066985,0.4
3.7826359272003174,0.7372051276042276,2.211615382812683,0.2908854955206669,0.034583392286704484,0.4
3.792825698852539,-0.7360321954187042,1.4720643908374085,0.22123518203597287,-0.026939480033046533,0.4
3.802999258041382,0.0,2.211615382812683,0.23258488415302545,0.03587574377421145,0.4
3.813204526901245,0.0,2.2047434819175775,0.1909609624938952,-0.004148677807582383,0.397
3.8235206604003906,0.0,0.727016570755044,0.11913860709353216,0.04280408609065701,0.397
3.833742380142212,0.0,2.201195157791617,0.14994190453871575,0.11676710641479096,0.397
3.843912363052368,-0.7374643660915229,2.9498574643660915,0.19242970120960995,0.06312542907849045,0.397
3.8540854454040527,0.0,1.4744793644097587,0.15774466541036736,0.03131867386024775,0.397
3.8642923831939697,0.0,2.939177314241667,0.193883616209714,-0.03254364934287538,0.397
3.8744711875915527,0.0,2.9473009626870916,0.16845763422350268,0.0018308978542314683,0.399
3.8846871852874756,0.0,2.936570748442204,0.18573474944758386,-0.02437813798098723,0.399
3.894859790802002,0.0,0.7372742400449996,0.18040351472608573,-0.024435104924251518,0.399
3.9050326347351074,0.0,2.94902784287991,0.20603096660523698,0.06615026459932577,0.4
3.9152145385742188,0.0,1.4732018920058072,0.18090754605717574,-0.003359331173386928,0.4
3.9254417419433594,0.0,2.2000149198060424,0.16878624078164725,0.0658159392782954,0.4
3.9356143474578857,-0.7372742400449996,0.7372742400449996,0.1136465790279665,0.07405206822573264,0.4
3.9457883834838867,0.0,2.948682304970356,0.1088268433470241,0.08544036919789336,0.4
3.955968141555786,0.0,3.6837810619013043,0.12857213990939137,0.07478487433007813,0.4
3.9661896228790283,0.0,2.2012465012129128,0.04800059267049618,0.07327720076289815,0.398
3.9764115810394287,0.7337146055884685,3.6685730279423425,0.21545391170864123,0.07695893591004388,0.398
3.986614942550659,0.0,2.940207496027666,0.15952894188514802,0.048439703376754906,0.398
3.996809482574463,0.0,0.7356879253490493,0.10270206133888557,0.02157791157427596,0.398
4.0069825649261475,-1.4744793644097587,2.9489587288195174,-0.01851317290359636,0.04943318522822575,0.396
4.017152786254883,0.0,2.2123412335607284,-0.025732904372198842,0.06001191051635763,0.396
4.027443170547485,0.0,1.4576715090011816,-0.044344270146018494,0.024082376004511487,0.396
4.0376129150390625,0.0,1.4749633102801547,-0.01035483089736497,0.13365977993071126,0.396
4.047783613204956,0.0,2.2122375114278348,-0.10415381191910691,0.03928534943398511,0.396
4.057957172393799,0.0,2.211615382812683,-0.11244404336164823,0.08331966667797029,0.396
4.068196535110474,0.0,2.1974023796772766,-0.1075343490792682,0.0867743454270573,0.4
4.078427076339722,0.0,1.4661980890235375,-0.012760069304710797,0.09208054107105533,0.4
4.088641166687012,0.0,2.2028393361499496,-0.03791251907610321,0.06351819454642613,0.4
4.0988123416900635,0.7373779330067274,1.4747558660134548,-0.08683492544989695,0.07336756622092243,0.4
4.108988285064697,-0.7370324031770576,1.4740648063541153,-0.10778628837120828,-0.005528277684193092,0.4
4.119192123413086,0.0,2.205052572550119,-0.03398022101242654,0.10368063330881269,0.4
4.129364967346191,0.0,0.7372569607199775,-0.07282976598460347,0.0878023595525389,0.4
4.139604091644287,0.0,2.9299380617519675,-0.08971828184795971,0.17840433031795655,0.4
4.149838447570801,0.0,0.732825793225551,-0.13779243092580512,0.15912486608038168,0.4
4.160013437271118,0.0,2.9484059329381163,-0.1167704213938221,0.19811062845730038,0.4
4.170190334320068,-0.7369633360665339,1.4739266721330677,-0.11769758158327694,0.12115860858172767,0.398
4.180363893508911,0.0,2.211615382812683,-0.13230732704430684,0.09513898160879372,0.398
4.190540790557861,0.0,2.9478533442661354,-0.14064818471466675,-0.0072119971589101484,0.398
4.200715065002441,0.0,0.7371533017762572,-0.15703876364738478,0.04341317111598571,0.398
4.210965633392334,0.0,2.9266669767874585,-0.15862585720575456,0.04475180417121526,0.397
4.22119927406311,-0.7328770123243948,0.7328770123243948,-0.17205513277226492,0.0872622804604101,0.397
4.231422662734985,0.0,0.7336119402985074,-0.22014297001583574,0.07988285454755302,0.397
4.241606950759888,-0.7364285045416237,2.209285513624871,-0.17315158234883227,0.14505491972633952,0.397
4.251785755157471,-0.7368252406717729,1.4736504813435458,-0.17030985013400501,0.10573418975135822,0.397
4.261960983276367,0.0,1.4741684240123716,-0.16645789222561472,0.047120606701997705,0.397
4.272191286087036,0.0,1.4662322589666503,-0.1980819071443058,0.06018869013792441,0.4
4.282494306564331,0.0,0.0,-0.18659719989450746,0.1711180886892137,0.4
4.292715072631836,0.0,2.2014005458489816,-0.17852607188088826,0.17599797209594883,0.4
4.302898645401001,0.0,1.4729604570037225,-0.19223047431407347,0.18830310148929227,0.4
4.313084840774536,0.0,0.7362906094934931,-0.12878220009354327,0.0830599570436475,0.4
4.323262929916382,0.0,0.73687702037948,-0.19927334195250657,0.06105151043334099,0.4
4.333436012268066,0.0,2.2117190466146384,-0.2185921361367938,0.050016910715123236,0.4
4.343646764755249,0.0,0.0,-0.17684564030689354,0.0678983237787646,0.4
4.353826284408569,0.0,1.473546936481169,-0.21043692396760566,0.05480566452496256,0.4
4.364000558853149,-0.7371533017762572,0.0,-0.1923626873028182,0.07505365004452647,0.4
4.3742547035217285,0.0,0.0,-0.22881650144031332,0.05569796762436226,0.401
4.384435176849365,-0.736704449648712,1.473408899297424,-0.19870832525610885,0.04310846672906285,0.401
4.394657373428345,0.0,1.4673949854227404,-0.16059401179742133,0.09891683216336258,0.401
4.404842138290405,0.0,0.0,-0.18859520473540628,0.0818698860576764,0.403
4.415016412734985,0.0,1.4743066035525143,-0.2427209605840507,0.03546401714492946,0.403
4.425225257873535,0.0,1.4693140895396903,-0.19767325514535866,0.1041849925669811,0.403
4.435403108596802,0.0,0.7368942818993183,-0.23539508611815751,0.09787027970589601,0.403
4.445616960525513,-0.734296918767507,0.734296918767507,-0.2329320185556707,0.09040597766435207,0.403
4.455791473388672,0.0,0.0,-0.25668534623420886,0.08354264475134705,0.403
4.465983629226685,0.0,1.4717200402348591,-0.21664117844595518,0.09919847465091974,0.402
4.476311683654785,0.0,0.0,-0.28238023610223767,0.11362300293413648,0.402
4.486527681350708,-0.734142687110551,0.0,-0.25221312202340834,0.06207895764690258,0.402
4.496750116348267,-1.4673607612650432,1.4673607612650432,-0.21710230333440636,0.06823421024128547,0.402
4.5069286823272705,0.0,0.7368424997657641,-0.20541340384945525,0.004856782928421668,0.401
4.517101049423218,-0.7372915201800028,0.7372915201800028,-0.23779335420140013,0.08407209061313352,0.401
4.52738881111145,0.0,0.729021552723059,-0.20425418538868356,0.03475507872044452,0.401
4.537564992904663,0.0,0.7370151351857925,-0.22148721812730104,0.0365707846329226,0.401
4.547742128372192,0.0,0.0,-0.2825160139319842,0.005305439916119498,0.401
4.5579211711883545,0.0,0.0,-0.28958022428902064,0.0037965316829034826,0.401
4.568104982376099,0.0,0.7364629863744908,-0.29727237371421383,0.010101692900030435,0.401
4.578298330307007,-1.471547925340319,0.0,-0.2760805858352126,0.09377320808149572,0.401
4.588469982147217,0.0,0.0,-0.341245090255451,-0.018783722980898834,0.401
4.5986387729644775,0.0,0.7375508194415137,-0.2988522618297648,-0.025675537580390317,0.401
4.608835220336914,0.0,-0.7355503074800663,-0.33160693167369687,-0.03410469792232426,0.397
4.619009733200073,0.0,0.7371360281195078,-0.32534136373409084,0.009633770601233174,0.397
4.629257917404175,0.0,-0.7318369625907314,-0.29999554586707433,0.03035842503596379,0.397
4.639437198638916,0.0,0.0,-0.25637846919011054,0.03185469632995714,0.397
4.649643659591675,-0.7348286575252867,0.0,-0.3599351035842416,0.032177810633035375,0.397
4.659814834594727,0.0,0.0,-0.31550362154713013,0.06280701152654738,0.397
4.669983863830566,-0.7375335271499578,0.0,-0.2821335801027666,0.019979779823773657,0.397
4.680247783660889,0.0,-0.7307149825783972,-0.3005035025652203,0.02081595183943384,0.397
4.690464973449707,0.0,0.0,-0.3254046498084423,0.03200881529002441,0.397
4.700674295425415,-0.7346227318371826,-0.7346227318371826,-0.2950135094627976,0.07500208831463567,0.397
4.7108423709869385,0.0,0.0,-0.22950492275631956,0.07056092028878784,0.394
4.721018075942993,0.0,0.0,-0.2268022358960928,-0.039568971918422145,0.394
4.731257200241089,-0.7324845154379919,0.0,-0.1456583741461183,-0.04261161238247366,0.394
4.741588830947876,0.0,-0.7259260626759588,-0.17830775591994807,-0.09371540701795864,0.394
4.751810789108276,-0.7337146055884685,-0.7337146055884685,-0.17930328454311517,-0.046216833424489734,0.394
4.762001276016235,0.0,-0.7359805343690047,-0.21163513618818813,-0.025260130068405724,0.394
4.772172927856445,-0.737343365445468,-0.737343365445468,-0.22270792813297383,-0.017076743581182177,0.395
4.78241229057312,-0.7324674598924256,-1.4649349197848511,-0.10026674951475381,0.04945332904373944,0.395
4.792578935623169,0.0,0.0,-0.20201283139821208,0.02477986377726569,0.395
4.802762269973755,0.0,-1.4729949428731972,-0.12087273834210244,0.08713537301819826,0.395
4.812930107116699,0.0,0.0,-0.13365748562319707,0.0906303373743253,0.392
4.823101758956909,0.0,-1.474686730890936,-0.07772056191191806,0.11926058683659838,0.392
4.8333821296691895,0.0,0.0,-0.047196411856774964,0.03635915589881537,0.392
4.8435564041137695,-0.7371533017762572,-1.4743066035525143,-0.022365181986416738,-0.033762022913134904,0.392
4.853727102279663,-0.7374125038092783,-1.4748250076185565,-0.050574516915984524,-0.06659839924223868,0.392
4.863907337188721,0.0,0.0,-0.022059064706633824,0.007613305802457795,0.392
4.874079704284668,0.0,-0.7372915201800028,-0.08924309336012556,-0.009319681782609855,0.395
4.884310960769653,0.0,-1.4660955887493299,-0.04309836221002585,-0.07752336259299296,0.395
4.894482374191284,0.0,0.0,-0.05128129517184189,-0.11688181380998769,0.395
4.90465521812439,0.0,-1.474513921439955,-0.03040567722124684,-0.041561250068611034,0.396
4.914827108383179,0.0,0.0,-0.00415926535307381,-0.06585682588980349,0.396
4.925001859664917,0.0,0.0,0.020568263808190577,-0.03327118240308042,0.396
4.935194969177246,0.0,-1.4715823450985894,0.07574904160388458,0.09050719445587493,0.396
4.94539737701416,0.0,-0.7351205832865956,0.07488471093525897,0.03098329496022348,0.396
4.955568790435791,0.0,-0.7373606488209647,0.08009042938421415,0.03663444380678796,0.396
4.965754508972168,0.0,0.0,0.057092767795741406,0.07135130250665049,0.394
4.975924968719482,0.0,-0.7374297904261803,0.14605934204951043,0.015031167292898176,0.394
4.986102819442749,0.0,-0.7368942818993183,0.12401142449509472,-0.031311154982756224,0.394
4.99636697769165,-0.7306980093377622,-0.7306980093377622,0.1305945956305692,0.012261062402887664,0.394
5.0065507888793945,0.0,0.0,0.12146475319760405,-0.01953774364222638,0.402
5.016723394393921,0.0,0.0,0.15067513448519865,0.012315728478620148,0.402
5.026899576187134,0.0,-0.7370151351857925,0.1139320858358624,-0.027387470690565414,0.402
5.037078380584717,0.0,0.0,0.17365573143898838,0.01906425707001541,0.402
5.04732608795166,0.0,0.0,0.16122828639288372,0.030907993326461623,0.402
5.05755090713501,0.0,0.0,0.15845648726829456,-0.0022418385928061196,0.402
5.067723035812378,0.0,-0.7373088011250439,0.08033038272178436,0.012424812623300502,0.4
5.077895879745483,0.0,-0.7372569607199775,0.17025719410879192,0.021054750557570223,0.4
5.088075160980225,0.0,0.0,0.10065043147979272,0.017576398567787865,0.4
5.098346948623657,0.0,0.0,0.11817259602871781,0.03388182664595122,0.4
5.108515977859497,0.0,0.7375335271499578,0.16334736761189692,0.036263376689921585,0.403
5.118686676025391,0.0,0.0,0.1504921557863724,0.05775010357562058,0.403
5.128892183303833,0.0,0.0,0.19695382827051053,0.05550653333746093,0.403
5.139065742492676,0.0,-0.7372051276042276,0.25048054022249716,0.07749560514544121,0.403
5.149273872375488,0.0,0.0,0.1812805109118018,0.04640447307283064,0.403
5.159466981887817,0.7357911725492947,0.0,0.202022067247752,0.04190882978404973,0.403
5.169644594192505,0.0,0.0,0.11590007545158545,-0.018623265702315414,0.403
5.179819583892822,0.0,0.0,0.13926670573215652,0.10473948322485639,0.403
5.189995050430298,0.0,0.0,0.12836439943538314,0.033377671904508646,0.403
5.200167179107666,0.0,0.0,0.15375137820338136,0.08860882505826954,0.403
5.210437774658203,0.0,0.7302400297135428,0.12688569956577583,0.051427874584784136,0.402
5.220608711242676,0.0,0.0,0.17660643809039436,0.0575110763130164,0.402
5.230794429779053,0.7363250784139319,0.0,0.11525523427102846,0.03266828542314532,0.402
5.24100136756897,0.0,0.0,0.14686298851634425,0.09021190753171315,0.402
5.25126576423645,0.7306810368856267,0.0,0.1485680872864186,0.10257875827635105,0.402
5.2614781856536865,0.0,0.0,0.22907272624702713,0.11297591579667808,0.402
5.271657466888428,0.0,0.0,0.23050985079627345,0.051003521640607924,0.403
5.281858921051025,0.0,0.0,0.16865500293565866,0.08741961032722731,0.403
5.2920708656311035,0.7344340679865521,1.4688681359731042,0.15108462617991708,0.08907972096302613,0.403
5.30227518081665,0.0,-0.7349831775700935,0.15840376710765805,0.053197840252960246,0.403
5.31246280670166,0.0,0.0,0.1959774280447617,0.07702932660354068,0.4
5.322631120681763,0.7375854064573613,0.0,0.15216751598050676,0.019592743639375854,0.4
5.332808971405029,0.0,0.7368942818993183,0.18517899669422763,0.03879299498897418,0.4
5.342971563339233,0.0,0.7380007038123166,0.1398989457047205,0.09097820229689259,0.4
5.353136777877808,0.0,0.0,0.1349014402990672,0.05124587496330145,0.4
5.363434553146362,0.0,0.7283126504908316,0.20398309359122502,0.05793543905756114,0.4
5.3736045360565186,0.0,0.7374643660915229,0.18725433170559608,0.1389672248345662,0.395
5.383774518966675,0.0,0.7374643660915229,0.18039458738158146,0.14526941162030013,0.395
5.3939337730407715,0.0,1.4764863532890569,0.10353079914787147,0.09320452483807581,0.395
5.40409255027771,0.0,-0.7382778286277547,0.09240338968315345,0.09816299059013012,0.395
5.414294481277466,0.0,0.0,0.13041241744031853,0.09933234996123237,0.4
5.424504280090332,0.0,0.0,0.1298467196238808,0.15954463492789392,0.4
5.4347124099731445,0.0,0.7347085201793722,0.13385934778575273,0.16123469009030247,0.4
5.444885969161987,0.0,0.7372051276042276,0.12107001032578056,0.023872784750773424,0.4
5.4550700187683105,0.0,0.0,0.15242058396438868,0.08617016724618315,0.4
5.465269565582275,0.0,0.0,0.08018974698870823,0.06424301312209404,0.4
5.475442886352539,0.0,0.0,0.036940912039259574,0.08314788529152846,0.397
5.485608816146851,0.7377583902061493,0.7377583902061493,0.0713111917214152,0.07261341363310256,0.397
5.495797395706177,0.0,0.7361183132868442,0.05236786549990658,0.0573559972585971,0.397
5.506021499633789,0.0,0.7335606184268825,0.07845361553470505,0.16718331584108395,0.398
5.516201734542847,0.0,0.7367217030843813,0.10283151930164414,0.10510732290516064,0.398
5.5264892578125,-0.729038448167976,0.0,0.005185929097982517,0.04641568318756192,0.398
5.536664247512817,0.0,0.7371014832345291,-0.010448141502919018,0.18907089369623978,0.398
5.5468363761901855,0.0,0.7373088011250439,-0.05115017413548931,0.17710989020506057,0.398
5.55701756477356,0.0,2.2099580825703113,-0.05191884122045419,0.09915937249834184,0.398
5.567193984985352,0.0,1.4739957360073097,-0.05798096628175626,0.133344954895621,0.394
5.577390432357788,0.0,2.206650922440199,-0.131051345352041,0.16912299587850133,0.394
5.587561368942261,0.0,4.424371308016878,-0.12203206707860606,0.1076291275927275,0.394
5.597736120223999,0.0,1.4742375105445684,-0.22199497864827777,0.17193494683144514,0.394
5.607909917831421,0.0,2.2115635545556804,-0.1841288781351409,0.10324253000788405,0.398
5.618091583251953,-1.4732363891815945,2.2098545837723917,-0.33051006842189534,0.08952945750092905,0.398
5.628364562988281,0.0,1.4601411065725955,-0.28079292118048027,0.11157675527714073,0.398
5.638534069061279,0.0,1.4749978899985934,-0.37261167716170807,0.037509016112870705,0.398
5.648704767227173,0.0,1.4748250076185565,-0.40676270951019444,0.09719894407232081,0.398
5.6588828563690186,-0.73687702037948,0.73687702037948,-0.4687322005453213,-0.001424958860826546,0.398
5.669059753417969,-0.7369633360665339,1.4739266721330677,-0.4549108041407921,0.073514692564547,0.394
5.679315090179443,0.0,0.7313265448458641,-0.5452666223894563,0.10004977766106676,0.394
5.689533233642578,0.7339885202295954,0.0,-0.53307764473977,0.045292000186090524,0.394
5.699741363525391,0.0,0.7347085201793722,-0.5906357866632056,0.06149217693373581,0.394
5.709905385971069,-0.7378968356360395,0.0,-0.6155102420188673,0.03592633407721631,0.4
5.720070838928223,0.7377929966930131,0.0,-0.5646879566766129,0.09814985950027132,0.4
5.7302939891815186,-0.7336290491849157,0.0,-0.6118395636545816,0.07712645805078645,0.4
5.740522146224976,0.0,0.0,-0.7504728395398619,0.06779498023008171,0.4
5.750819683074951,0.0,0.0,-0.6598960935860273,0.045124422598100386,0.4
5.761039972305298,-0.7338344180838406,-0.7338344180838406,-0.716833499207438,0.0382070515751291,0.4
5.7712929248809814,0.0,-1.4629932099339595,-0.6679019149036803,0.1186181980783773,0.399
5.781490087509155,0.0,0.0,-0.6934200130074056,0.07425556633193359,0.399
5.79166316986084,0.0,-1.4744793644097587,-0.667161218871872,0.09098337159766774,0.399
5.801833391189575,0.0,-0.7374470778535762,-0.604595633886862,0.06817040465570122,0.399
5.812004327774048,-0.7373952180028129,-1.4747904360056259,-0.7036902863330491,0.06270514903844222,0.399
5.822180986404419,-0.7369806016305875,-1.473961203261175,-0.6468885990926351,0.11566792582193887,0.399
5.832469463348389,0.0,-0.7289708710865989,-0.7198121051985468,0.1270335100091496,0.399
5.842637300491333,0.0,-1.4752399934344735,-0.5868771718004919,0.10507692818900627,0.399
5.852823972702026,0.0,-2.208768431400084,-0.6140700224948404,0.08646980434147783,0.399
5.862998723983765,-0.7371187552722842,-0.7371187552722842,-0.5720287496033072,0.0694357817666483,0.399
5.8731689453125,0.0,-2.2123412335607284,-0.5395865205181495,0.06962005924902133,0.4
5.883490324020386,0.0,-1.4532942181977777,-0.524873204172132,0.0297739174901177,0.4
5.893656492233276,0.0,-2.213223264540338,-0.573183959688018,0.046758626954228985,0.4
5.90382719039917,0.0,-2.949650015237113,-0.570210862287584,0.11293154791651813,0.4
5.913992643356323,-0.7377929966930131,-0.7377929966930131,-0.5844371576160643,0.054845442321327,0.395
5.924162864685059,0.0,-3.687235389267881,-0.479086821139186,0.07526221289175958,0.395
5.9344658851623535,0.0,-1.4558837413801082,-0.4815455019291196,0.08014285391641549,0.395
5.944645643234253,-0.7367562123802609,-2.9470248495210436,-0.4784349617954754,0.10456545096965647,0.395
5.9548180103302,0.0,-1.4745830403600055,-0.5146088561176139,0.02632742927460962,0.395
5.965023756027222,0.0,-3.674400784936691,-0.47706250250624616,0.05486978895250572,0.399
5.975192546844482,-0.7375508194415137,-0.7375508194415137,-0.39444458644314095,0.09930333519344545,0.399
5.985487222671509,0.0,-2.1855957757243103,-0.40823281174711873,0.02715110089446831,0.399
5.995772361755371,0.0,-3.646037228493938,-0.4142850858840328,0.05382373560439886,0.399
6.005964994430542,0.0,-0.7358255947229304,-0.32580435490891,-0.024758670169301944,0.4
6.016308069229126,-0.7251228620165046,-4.350737172099027,-0.3395152743106692,-0.01799430476242406,0.4
6.026494979858398,0.0,-2.2087167364898073,-0.2913832190296637,-0.03989235810011721,0.4
6.036665439605713,0.0,0.0,-0.2587854779576889,0.01423458595216947,0.4
6.0468363761901855,0.0,-4.424371308016878,-0.1665089364584672,0.018189832097645138,0.4
6.057009696960449,-0.7372224044996485,-2.2116672134989455,-0.2103564419402893,0.021543257025180534,0.4
6.067185878753662,0.0,-1.474030270371585,-0.1685262888971393,0.058648818292706906,0.4
6.077483892440796,0.0,-2.9131831546778413,-0.17690765343007478,0.01631262887482402,0.4
6.087654113769531,0.0,-2.2123412335607284,-0.19265419856567753,0.05156916951877518,0.4
6.097822904586792,0.0,-2.9502032777660547,-0.18532196327289735,0.0023626961778500793,0.4
6.1080076694488525,0.0,-1.4727880518750878,-0.17879007439677463,0.030025671554687855,0.398
6.118178367614746,0.0,-2.2122375114278348,-0.14775658211958903,0.015210631036816184,0.398
6.128462553024292,0.0,-3.6463753332560565,-0.18976436161135254,0.008858635119407772,0.398
6.138627767562866,-0.7378103011539544,-1.4756206023079088,-0.16820723924572464,0.002187178512852224,0.398
6.1488072872161865,0.7367734682405845,-2.947093872962338,-0.13054282925060304,-9.440855059605208e-05,0.398
6.158978462219238,0.0,-2.9495117320269095,-0.077441133004836,-0.03577177436753239,0.398
6.169151067733765,0.0,0.0,-0.0759639279576397,0.0038963342999146083,0.401
6.179444789886475,0.0,-2.9143976838448173,-0.0446416714781371,-0.08640639018875582,0.401
6.189614772796631,0.0,-2.2123930982745685,-0.052961828697381176,-0.011064516264453865,0.401
6.199782848358154,0.0,-2.212808103545301,-0.05102171381486776,0.02520039449604171,0.401
6.209947347640991,0.0,-2.2135866582225034,-0.008903577073134092,0.06503174428587202,0.406
6.220113039016724,0.0,-0.7377756930437638,-0.002955318146218619,0.10933271703098113,0.406
6.230317115783691,0.0,-4.410002102852871,0.001584676724297688,0.07547712463850975,0.406
6.2404961585998535,0.0,-0.7368079823862838,-0.041104645882328573,0.018325655242062283,0.406
6.250707626342773,0.0,-2.9378734531870183,-0.0006671662894780078,-0.01353329691342172,0.406
6.260946989059448,0.0,-1.4649349197848511,0.003392757485457809,0.001331426988204841,0.406
6.271152019500732,0.0,-1.4698633273368689,0.010470708034544647,-0.025995112278733384,0.404
6.281405210494995,0.0,-2.9259183815835366,0.06955016446018521,-0.08556766433236128,0.404
6.291599750518799,0.7356879253490493,0.0,0.06833688559920756,-0.06722490650124772,0.404
6.301777362823486,0.0,-1.4738230884557721,0.04973784742109061,-0.0690799489385547,0.404
6.311949968338013,0.7372742400449996,-2.9490969601799986,0.1153023379366207,-0.032266129626788,0.403
6.322117567062378,0.0,-0.7376372930638277,0.07917650764562918,-0.03702173116064986,0.403
6.332325220108032,0.7347428411267343,-2.204228523380203,0.07855614391503264,-0.08688633159377755,0.403
6.342542886734009,0.0,-0.7340227739406384,0.07652573873928063,0.02059904434615692,0.403
6.352712392807007,0.0,-1.4749978899985934,0.08786165931059157,0.0017051851713042465,0.403
6.362887382507324,0.0,-2.9484059329381163,0.13991083142539842,0.06000292493027819,0.403
6.373067378997803,0.0,-0.736738957328212,0.054038333129682634,0.01775810616335971,0.402
6.383244514465332,0.0,-2.947784285245748,0.07861621172430647,0.03023075630786287,0.402
6.393551349639893,0.0,-2.1830173490631504,0.0452825907007741,0.02096860823172219,0.402
6.403720378875732,0.0,-1.4750670542999156,0.07214089979463384,-0.001827439362688553,0.402
6.413889169692993,0.7375508194415137,-1.4751016388830274,0.12392901970444131,-0.005432667480648204,0.403
6.424057722091675,0.0,-1.475136225087925,0.1304332364781898,-0.0496321086330935,0.403
6.4342405796051025,0.7365319597284008,-0.7365319597284008,0.1549246578147225,-0.02170811008510168,0.403
6.444681167602539,0.0,-1.4367006919229979,0.04385096123462599,0.009977585617304892,0.403
6.454853296279907,0.7373088011250439,-1.4746176022500879,0.09755795061045426,0.003734922092090205,0.403
6.465024471282959,0.0,-1.4747558660134548,0.03547261705677906,0.02855031403502862,0.403
6.475197792053223,0.7372224044996485,-2.2116672134989455,0.04506602274914423,-0.021743703091803034,0.403
6.485463857650757,0.73056225179405,0.0,-0.043480470351073525,0.007828008992232311,0.403
6.495635509490967,0.0,0.0,0.01896135753652732,0.03279036330275596,0.403
6.5058488845825195,0.0,-2.2029936038097016,0.0416771856498372,0.018729184465399392,0.403
6.516032695770264,0.0,-0.7364629863744908,0.06399109897624244,-0.06103809679377803,0.403
6.5262064933776855,1.4743757030371203,-1.4743757030371203,-0.023442422228835517,-0.010764893193802715,0.403
6.5363969802856445,0.0,-0.7359805343690047,-0.04296646098128922,0.07941402228451766,0.403
6.546564817428589,0.7376199967172368,-1.4752399934344735,-0.11070879100811867,0.08857087623918883,0.403
6.556737899780273,0.0,-0.7372396822048793,0.005448291187644342,0.1155289694515217,0.403
6.566908597946167,0.7374125038092783,-2.949650015237113,-0.08551751475134031,0.09886853241858531,0.402
6.5770769119262695,0.0,-0.7375854064573613,-0.08126245129546499,0.09995611859631115,0.402
6.5872483253479,0.0,-2.949442595283859,-0.02746437207325235,0.002171387715740108,0.402
6.597525596618652,0.7297656938709228,-1.4595313877418457,0.047045539917981195,0.018652319880526846,0.402
6.607699632644653,0.737170576242589,-0.737170576242589,0.04411237675661585,0.1092457225468605,0.401
6.617868423461914,0.7375508194415137,-0.7375508194415137,0.02180613798661473,0.07808504237766235,0.401
6.628040552139282,0.0,0.0,0.026535898513399558,0.08505586743342139,0.401
6.638218879699707,0.0,-1.4737195193366284,-0.030798596217431737,0.05212201160961994,0.401
6.648414134979248,0.0,-1.4712726252280062,-0.05817909365237695,0.04591134690750869,0.401
6.658592462539673,1.4737195193366284,-0.7368597596683142,-0.09491907895207242,0.012116852150898812,0.401
6.668785572052002,0.0,-0.7357911725492947,-0.07235024024437081,0.13114514282919315,0.4
6.6789774894714355,0.0,-0.7358772340226443,-0.02784136905343565,0.04396137728104785,0.4
6.689159393310547,0.0,-1.4732018920058072,-0.04213657759592086,0.07923942539995506,0.4
6.699390649795532,1.4660955887493299,-0.7330477943746649,-0.049080322488244024,0.05983429916468267,0.4
6.7095627784729,0.0,-1.4746176022500879,-0.15776336493806478,0.12235165605798787,0.406
6.719740629196167,0.7368942818993183,-2.210682845697955,-0.1659390144275639,0.14542963452369637,0.406
6.72991418838501,0.0,0.0,-0.08722475695860238,0.07269845666867848,0.406
6.740094184875488,0.0,-1.473477914656424,-0.022516209978148526,0.0726358221750952,0.406
6.750333309173584,0.7324845154379919,-1.4649690308759837,-0.03044027575480654,0.13205207900194738,0.406
6.760552644729614,0.0,-1.4678057998740173,-0.06328944882284093,0.17662363626749342,0.406
6.770860195159912,0.0,-1.4552439109013948,-0.11614238421417886,0.14553426953483667,0.401
6.781059980392456,0.7353096000560997,-2.205928800168299,-0.142578000749042,0.0820968340213202,0.401
6.791234970092773,0.0,-2.2113044497035874,-0.11767069034689895,0.01916223308835549,0.401
6.8014256954193115,1.471926631261259,0.0,-0.11257895408918799,0.08733863964707124,0.401
6.811593770980835,0.737602701181767,-1.475205402363534,-0.08215285268918551,0.18533218381913114,0.401
6.821763038635254,0.0,0.0,-0.06543966907977157,0.19827396338556338,0.401
6.831934452056885,0.0,-1.4747212976419295,-0.02941008536883053,0.17072825677743853,0.401
6.842110633850098,0.0,-1.474030270371585,0.022220190450847433,0.10639326124588463,0.401
6.852284908294678,0.0,0.0,0.041742439808655225,0.11659312518151911,0.401
6.862524509429932,1.4649008102822016,-0.7324504051411008,-0.05699999063327292,0.23717421523662624,0.401
6.872698783874512,0.7371533017762572,-0.7371533017762572,-0.07171755051550176,0.1310169045078777,0.401
6.882876873016357,0.0,0.0,-0.09883815604579033,0.02647926324038681,0.401
6.893054723739624,0.7368942818993183,-2.210682845697955,-0.1364184447036047,0.07945850982126224,0.401
6.903231620788574,0.7369633360665339,-0.7369633360665339,-0.14062552236789133,0.1166099182219139,0.401
6.913412809371948,0.0,-1.4733053883802074,-0.07755146743911367,0.18137226027513656,0.404
6.92360520362854,0.0,-1.4716856140350876,-0.08630293039490605,0.1851067979049863,0.404
6.9337756633758545,0.0,-0.7374297904261803,-0.006100035828133052,0.09066835423095894,0.404
6.9439473152160645,0.0,-1.474686730890936,-0.06853640922910834,0.11767990675900412,0.404
6.9541144371032715,0.0,0.0,-0.08142665165585977,0.14083184156025888,0.404
6.964310169219971,0.7356019081470395,-1.471203816294079,-0.09365691808633358,0.0899309415427287,0.404
6.974515676498413,0.0,-3.6744866253942297,-0.13074598469748183,0.13867512607932808,0.403
6.984686851501465,1.4747558660134548,0.0,-0.13140230920024304,0.07535065548759053,0.403
6.994857311248779,0.0,-3.6871489521309013,-0.16562854596546445,0.10036247561015212,0.403
7.005151271820068,0.0,-0.7285825458588104,-0.09817326264370982,0.043675267506025205,0.404
7.015419244766235,0.0,-2.1912796340585596,-0.058918319172595296,0.1256626889200146,0.404
7.02563214302063,0.0,0.0,-0.061439074721386364,0.14630935605040032,0.404
7.035808563232422,0.0,-1.4739957360073097,-0.13160909133981105,0.1561520959154636,0.404
7.045989274978638,1.473374394042294,-1.473374394042294,-0.1164346379258393,0.17124831738016316,0.404
7.056167840957642,0.7368424997657641,0.0,-0.10937017666430077,0.04638561023972472,0.404
7.066345691680908,0.7368942818993183,-2.947577127597273,-0.09628882934182548,0.07188612191297603,0.404
7.076517343521118,0.0,-1.474686730890936,-0.06348898260831617,0.12717555479250314,0.404
7.086700439453125,0.7365147151787595,0.0,-0.1048369804671461,0.09874671588380929,0.404
7.0968945026397705,0.0,-1.471444675725612,-0.043462869333219495,0.07637275386356546,0.404
7.107064247131348,0.0,-1.4749633102801547,-0.09373630134820618,0.14135878967370155,0.405
7.11723518371582,0.7373952180028129,-0.7373952180028129,-0.12244435730426348,0.09336545967908379,0.405
7.127423524856567,2.2084066178363324,-1.472271078557555,-0.12533158771627503,0.11801270616874524,0.405
7.137588977813721,0.0,0.0,-0.09816045178287595,0.11299120992605469,0.405
7.1477556228637695,0.0,-3.68853243281272,-0.06103563993467072,0.09070788406813884,0.405
7.157931327819824,0.737049671977507,-2.211149015932521,-0.020773223590277376,0.14356136324435542,0.405
7.168104648590088,0.0,-1.474444808999297,-0.0854974999206957,0.11481070439535734,0.408
7.178272485733032,0.0,-1.4752399934344735,-0.11923652720907212,0.160151080154173,0.408
7.188632249832153,1.447909417288042,-2.895818834576084,-0.1556708540112121,0.1403264084014908,0.408
7.198809385299683,0.736946071311437,0.0,-0.06502031611022702,0.15234777281942385,0.408
7.208984375,0.7371014832345291,-2.9484059329381163,-0.0976693772645596,0.15142330956709668,0.403
7.219159364700317,0.0,-0.7371014832345291,0.002299242683617371,0.19691489279983432,0.403
7.22935938835144,1.4705848253938572,-0.7352924126969286,-0.03470890431983023,0.25539909235419733,0.403
7.23952841758728,0.0,-0.7375335271499578,-0.022887289156385084,0.23546565188034654,0.403
7.249709367752075,0.0,-1.4733398904032597,-0.013670149757169146,0.3000255242359907,0.403
7.259886026382446,0.0,0.0,-0.07490185140418365,0.23169682299488592,0.403
7.270092725753784,0.734811492641906,-1.469622985283812,-0.1196367146238104,0.2746640072610853,0.407
7.280355215072632,0.0,-0.7308168385837747,-0.12213509653493437,0.24756327779064002,0.407
7.290567398071289,2.20325076459739,-2.20325076459739,-0.0642842067297753,0.1837083975266605,0.407
7.300751209259033,0.0,0.0,-0.06633027192400036,0.18488335459817073,0.407
7.310924768447876,0.0,-2.211615382812683,-0.05160634665943624,0.11184356492283212,0.408
7.321095705032349,0.0,-0.7373952180028129,-0.11685826562285585,0.1662212979243597,0.408
7.331272840499878,0.736946071311437,-0.736946071311437,-0.14820754651832208,0.17725828479503303,0.408
7.341462850570679,0.0,-1.472029948525971,-0.07879452448747326,0.2804012869581446,0.408
7.3516316413879395,0.0,-1.4751016388830274,-0.08791724388298311,0.3166418302541867,0.408
7.361806392669678,0.7371187552722842,-1.4742375105445684,-0.06990076909894144,0.24783957554653824,0.408
7.371983289718628,0.0,-1.4739266721330677,-0.1263658860514831,0.27274590343624117,0.403
7.382161378860474,0.0,-1.47375404075896,-0.12552968701979614,0.21839991752552362,0.403
7.392341375350952,0.0,-0.736738957328212,-0.13977101143118745,0.19163301944184558,0.403
7.402545928955078,0.0,-1.469932010934324,-0.07245337561701815,0.20847463228253063,0.403
7.4127302169799805,2.209285513624871,0.0,-0.05956888821388543,0.20908289074972752,0.406
7.4229021072387695,0.0,-2.94930433152072,-0.04106670786339384,0.27937710981695274,0.406
7.433072566986084,-0.7374297904261803,0.0,-0.05262577591057692,0.23863971877931558,0.406
7.443246841430664,0.0,-1.4743066035525143,-0.07729113973226,0.31568411037226113,0.406
7.4535071849823,0.0,-2.192909027535727,-0.08025401483023667,0.24948457028222404,0.406
7.463679075241089,0.0,-2.21197824864054,-0.08320029031750105,0.1998904746673564,0.406
7.473847389221191,0.7375854064573613,-0.7375854064573613,-0.04934586675342478,0.12058051978986689,0.406
7.484017610549927,0.0,0.0,-0.042473033761431585,0.14463355396121721,0.406
7.494190454483032,1.474513921439955,-1.474513921439955,-0.11102628521804625,0.1956123357958487,0.406
7.5043864250183105,0.0,-2.206754121360926,-0.07019725193001779,0.19549950819510012,0.404
7.514813184738159,0.0,-0.7193030434683191,-0.03788446922530934,0.21006155868645657,0.404
7.525179386138916,1.4470102808252259,0.0,-0.05978695469338392,0.2031992036281516,0.404
7.535469055175781,2.1866592520506045,-3.644432086751008,-0.09215413021540335,0.21497241323467248,0.404
7.54564356803894,0.0,-0.7371360281195078,-0.1351158228228541,0.2295889947567874,0.404
7.555823087692261,0.7367734682405845,-1.473546936481169,-0.10740613737644476,0.27759198487467984,0.404
7.566027641296387,0.0,-1.469932010934324,-0.09987825957224766,0.20821842027883855,0.4
7.576225757598877,0.0,-0.7354299340720999,-0.15047035234515094,0.21226462529479545,0.4
7.5864362716674805,-0.7345369635268295,-1.469073927053659,-0.1150675728676612,0.1751194876510845,0.4
7.596608638763428,0.7372915201800028,-2.949166080720011,-0.13477948914102955,0.15345429494311144,0.4
7.606780767440796,0.7373088011250439,-1.4746176022500879,-0.07566907120636654,0.19189769368647594,0.405
7.616959571838379,0.7368252406717729,-0.7368252406717729,-0.051126054049107694,0.13662822852779136,0.405
7.627131462097168,0.0,-0.73732608288018,-0.053428470253946744,0.1407564019222759,0.405
7.637304067611694,0.0,0.0,-0.0347963812800357,0.18803352650723212,0.405
7.647496223449707,-0.7358600201174296,-2.207580060352289,-0.07638715343064158,0.16499917309955572,0.405
7.657672643661499,0.7369978680036549,-0.7369978680036549,-0.09190676818467244,0.19331971072170487,0.405
7.667849063873291,0.0,-1.4739957360073097,-0.0757917758329579,0.10268070665792159,0.404
7.678026437759399,0.0,-1.47385761473048,-0.12648520592351056,0.12311110565229252,0.404
7.688199281692505,1.474513921439955,-1.474513921439955,-0.10070045877180021,0.2420403427758119,0.404
7.698404788970947,0.0,-0.7348973250788459,-0.1272701427338832,0.19132539655250683,0.404
7.708630561828613,0.0,-1.4668817906271858,-0.168951145506833,0.1382547786043702,0.406
7.718850374221802,0.0,-0.7338686574128076,-0.11553438589513584,0.18252820854108806,0.406
7.729017972946167,-0.7376372930638277,-2.2129118791914832,-0.1213770834255133,0.14281425810275414,0.406
7.739209890365601,0.7358772340226443,-1.4717544680452885,-0.11087081622896232,0.23068778584257482,0.406
7.749498128890991,0.0,-1.4579755283648497,-0.06788757900165204,0.21616404680331675,0.406
7.759676933288574,0.0,-0.7368252406717729,-0.07635221105030887,0.16269850346294626,0.406
7.769856929779053,0.0,-3.6836947866410603,-0.057017587676074316,0.1676346273893231,0.405
7.780086517333984,0.0,-1.466334778352678,-0.0921927328532685,0.13809069695899173,0.405
7.790301322937012,0.7342283633647652,-4.405370180188591,-0.11033811211837263,0.15135382810477865,0.405
7.80054497718811,0.0,-0.7321605958338182,-0.031531511779090485,0.11837714564502438,0.405
7.810731649398804,0.0,-2.208768431400084,-0.10102764424618782,0.06449230402428294,0.402
7.820905685424805,0.737170576242589,-0.737170576242589,-0.032142680341569536,0.15840717960795783,0.402
7.8310768604278564,0.0,-1.4747558660134548,0.047786731254049086,0.1801159503177669,0.402
7.841247320175171,0.0,-0.7374297904261803,-0.05586245721557195,0.17946613014646776,0.402
7.851438283920288,0.0,-1.471892195395845,-0.07950993864703323,0.2808896801529848,0.402
7.861618995666504,0.0,-0.736687197021147,-0.08549602047142454,0.15718202288381425,0.402
7.871790170669556,0.0,-1.4747558660134548,-0.13091413156272066,0.15849502646798577,0.404
7.881966829299927,0.0,-1.473961203261175,-0.0831114929316911,0.21173718804543695,0.404
7.892143487930298,0.0,-0.7369806016305875,-0.03312938862862026,0.23586175548549648,0.404
7.902330636978149,0.0,-1.4724433626661673,-0.07834362650556162,0.17779450600239505,0.404
7.9125213623046875,0.7359633156306296,-1.471926631261259,-0.045215368727469715,0.03191308716504758,0.4
7.922698497772217,0.0,-2.210838213934311,-0.05823404575859782,0.021418565016133054,0.4
7.9328789710998535,0.0,-0.736704449648712,-0.01550287876817888,0.17765942257081394,0.4
7.943050146102905,0.7373779330067274,-2.212133799020182,-0.027732018154829494,0.17616117292784345,0.4
7.953220367431641,0.0,-0.7374470778535762,-0.06985595570600359,0.1616959572972878,0.4
7.9634222984313965,-0.7351549427436317,-2.205464828230895,-0.0741521768334236,0.16291554393015903,0.4
7.9736647605896,0.0,-4.393474860335195,-0.09442481208940923,0.18194127903579715,0.402
7.983836889266968,0.0,-4.423852806750263,-0.10783885771520416,0.23386982227827435,0.402
7.994006633758545,0.0,-2.212444965420232,-0.043781298391483064,0.15471432238252997,0.402
8.004173040390015,0.0,-2.2131713608967893,-0.002412015556515809,0.1721595983133539,0.402
8.01442265510559,0.0,0.0,-0.10395463617906439,0.1779337290749555,0.398
8.02463436126709,0.0,-2.2033536457238916,-0.0544753643921855,0.14581833738960207,0.398
8.034815788269043,0.0,-0.7366354439865118,-0.010300396251959207,0.11608948338472015,0.398
8.045045375823975,0.0,-1.466334778352678,-0.04510069816344825,0.11539125967256056,0.398
8.055232524871826,0.7362216813330836,-2.208665043999251,-0.03487172954478084,0.13409813083238314,0.398
8.06547498703003,0.0,-0.7322458100558659,-0.023498385714531916,0.1351879674709954,0.397
8.075671195983887,0.0,-1.4711350137960062,-0.07003641279343215,0.08724564038090035,0.397
8.085850238800049,0.0,-0.7368079823862838,-0.015083771456915638,0.12886506835459946,0.397
8.096024990081787,0.0,-1.4742375105445684,-0.003933264970204013,0.09947994028551294,0.397
8.106201171875,0.0,-0.7370151351857925,-0.04667939846523407,0.1023543515950309,0.396
8.116528034210205,0.0,-2.9050450200858844,-0.053271920738949124,0.18212602904233466,0.396
8.126716136932373,0.0,-1.4723055321538894,-0.09127032016174327,0.09129451009180167,0.396
8.136892318725586,0.0,-2.211045405557378,-0.13689309145442272,0.1639301331702015,0.396
8.147059917449951,0.0,-1.4752745861276555,-0.04933047683569506,0.1489117586714666,0.396
8.157226085662842,0.7377410881801125,-0.7377410881801125,0.049041428236190183,0.07648016267170692,0.396
8.167417049407959,0.0,-2.2078382930937677,0.04903472795900725,0.08662559604083975,0.398
8.177598476409912,-0.7366354439865118,-2.9465417759460473,0.006806265290026137,0.047871807362904105,0.398
8.18776798248291,0.0,-3.6874947249964833,-0.11172080672477375,0.04331901668604104,0.398
8.197940826416016,0.0,-2.2117708821599322,-0.04780540509266903,0.11972513543631738,0.398
8.208104848861694,0.0,-1.475793671272079,0.029987298033910342,0.15941340827032863,0.394
8.218272924423218,0.737602701181767,-1.475205402363534,0.0403394639646681,0.09843094989345327,0.394
8.228600025177002,0.0,-0.7262444880526376,0.02252784398358368,0.09280390031866653,0.394
8.238826036453247,0.0,-1.4668475904035811,0.09343169643726779,0.11245033083449787,0.394
8.248995304107666,0.0,-1.4750324713384755,0.07178365433201149,0.0590200098945006,0.394
8.259170293807983,0.0,-0.7371014832345291,0.04202661348089929,0.07574693726270165,0.394
8.26934003829956,0.0,-2.212444965420232,0.033949861704100026,0.10326914946575433,0.397
8.27957010269165,0.0,-1.4662664305024704,0.018722074739245434,0.07492709999583039,0.397
8.289772987365723,0.0,-1.470172454082348,-0.02840580678215483,0.14011899356051605,0.397
8.299986839294434,0.0,-0.734296918767507,-0.05761446773995201,0.05014228744772052,0.397
8.310165643692017,0.7368252406717729,-2.2104757220153184,-0.056934343744865445,0.11067548704442916,0.397
8.320364952087402,0.0,0.0,-0.015767712546725966,0.09998787222673965,0.397
8.330536365509033,0.0,-2.949442595283859,-0.038024921042993605,0.04399690026072328,0.397
8.340704441070557,0.0,0.0,-0.04701106337497294,0.0791859397246586,0.397
8.350872993469238,0.0,-2.95027245017585,-0.00707473652681026,0.00041293528597494134,0.397
8.361051321029663,0.0,0.0,-0.01659254509795831,-0.0030016608509012936,0.397
8.371227741241455,0.0,-1.4739957360073097,0.015349023297129671,0.032192828255551975,0.397
8.381598711013794,0.0,-1.4463449734476654,-0.05379993341472975,0.030075764240352403,0.397
8.39181399345398,0.7341940904635205,-2.936776361854082,-0.05298911378121906,0.06468968399807884,0.397
8.401998281478882,0.0,-1.4728570090832473,-0.09300244214680398,-0.005130724312530619,0.397
8.412165880203247,0.0,-1.4752745861276555,-0.05365746691854652,0.020389378735174792,0.399
8.422335624694824,0.0,-1.4749633102801547,-0.03567933592801475,0.011346992949222371,0.399
8.432693719863892,0.0,-2.896285418345034,-0.0648845649333506,0.14142073763367272,0.399
8.44286584854126,0.0,0.0,-0.07569331456964114,0.07895921230777661,0.399
8.4530348777771,0.0,-2.950134108599831,-0.003991530623953576,0.1283117200739067,0.399
8.463210105895996,0.7370842120061858,-1.4741684240123716,0.0009447237513936085,0.12701315266770435,0.399
8.473473072052002,0.0,-2.1923486502810947,-0.11568567354546186,0.10125395690998754,0.399
8.483658790588379,0.0,-1.4726501568278638,-0.058241022738014014,0.14273123960832362,0.399
8.493830919265747,0.0,-1.4746176022500879,-0.0752387533766266,0.05806427995510171,0.399
8.504004001617432,0.7372396822048793,-1.4744793644097587,-0.046321112029882136,0.11058485153290198,0.397
8.514174938201904,0.0,-2.9495808720112517,-0.04119589510279991,0.02546631297952503,0.397
8.524347305297852,0.0,-1.4745830403600055,-0.05560076871785532,0.06197368039383141,0.397
8.53470516204834,0.0,-2.896352085443329,0.00368177972834835,0.0392383753645232,0.397
8.544939994812012,0.0,-1.4655833022735743,0.059817510238842235,-0.015857789182964377,0.397
8.555237770080566,1.4566253009816632,-3.641563252454158,0.06912191744162596,-0.018235578388419365,0.397
8.565509796142578,0.0,-2.9205533376659547,0.05478142191184074,-0.026502997202829337,0.392
8.575731039047241,0.0,-5.870127592078561,0.07658986005942742,-0.0030300250388652864,0.392
8.585900783538818,0.0,-1.4749633102801547,0.12255783881689435,0.015466634062445611,0.392
8.5960693359375,0.0,-4.425408675263775,0.06121074089113042,0.04868242711992826,0.392
8.606242179870605,0.0,-2.94902784287991,0.2886664237418493,0.11454548799134345,0.383
8.616515636444092,0.0,-4.380220004641448,0.2851831497712205,0.01609845444129448,0.383
8.626704692840576,0.7360838637214526,-2.2082515911643577,0.33207541630563064,0.05687156160354123,0.383
8.636885166168213,0.0,-2.946817798594848,0.38547519792146584,0.08984368586280633,0.383
8.647060632705688,0.7370669415871974,-1.4741338831743949,0.34164267044860563,0.009145675476565498,0.383
8.65723466873169,0.0,-3.685852881212945,0.3630467460844315,-0.03527703633758583,0.383
8.667465209960938,0.0,-0.7330990445117688,0.49977165319225214,0.03104763782449224,0.38
8.67765498161316,0.7360321954187042,-3.680160977093521,0.583816387023844,0.16473494382142878,0.38
8.687829494476318,0.0,-2.2114080843585238,0.5324490915076703,0.12768277321620158,0.38
8.697999238967896,0.0,-1.4749633102801547,0.5215483950286062,0.09638409893082997,0.38
8.708166360855103,0.0,0.0,0.5831303131255056,0.040741328691049246,0.376
8.7183358669281,0.0,-2.2124968349978897,0.6359990077035824,0.08029682120830244,0.376
8.728520154953003,1.4728570090832473,-0.7364285045416237,0.6192867607090357,0.02777986526181793,0.376
8.738746404647827,0.0,-1.46681339177469,0.6005104840422395,0.003520252940846926,0.376
8.748972415924072,0.0,-1.4668475904035811,0.6252770421170388,0.10517442690881532,0.376
8.75916051864624,0.0,-0.7361527660769447,0.6636143282552817,0.1906529637332496,0.376
8.769342184066772,-0.7366181945907972,-0.7366181945907972,0.732817771890789,0.21731092816548989,0.378
8.779675483703613,0.0,-0.7258088184398145,0.719980682109723,0.12891148899141364,0.378
8.789879322052002,0.7350175241833731,-0.7350175241833731,0.6563585849769846,0.05797511844885365,0.378
8.800093173980713,0.0,0.0,0.5640860140564781,-0.0005090700923593879,0.378
8.810294389724731,0.0,0.0,0.6071386946672948,0.02481394396285439,0.38
8.820504188537598,0.0,-0.734588422109614,0.703700349209806,0.02336827828756593,0.38
8.830663204193115,0.0,0.0,0.7053119942258983,0.004745160042641064,0.38
8.840832471847534,0.7375162356692377,0.0,0.5915155230186061,0.008795304073350779,0.38
8.850993394851685,0.0,0.0,0.5770192552326795,0.02366266807200265,0.38
8.861152410507202,0.0,-0.7382605022295236,0.6138666476697044,0.026618651752121216,0.38
8.871312379837036,0.0,0.0,0.5915696026701135,-0.034361729693577016,0.382
8.881508350372314,0.0,0.0,0.5106883523006793,0.03563292096596421,0.382
8.891674518585205,0.0,0.7377410881801125,0.5212889391849946,0.04428022135712148,0.382
8.901830196380615,0.0,0.0,0.4246723585882417,0.01869733800338225,0.382
8.911982774734497,0.0,0.0,0.4536728245541884,0.03357772654728236,0.391
8.922135591506958,0.7387112530527897,0.0,0.4424796060780485,0.024942402628855026,0.391
8.93229055404663,-0.7385551616462799,0.7385551616462799,0.4402840152145594,0.02837094747826987,0.391
8.942478895187378,0.7361355392787775,0.7361355392787775,0.45241571242599604,0.09241903687223355,0.391
8.952685594558716,0.0,0.0,0.3751417556282892,0.07823299163968271,0.391
8.96284532546997,0.0,1.4764170558280336,0.38818304289931,0.039045915838531293,0.391
8.973010063171387,0.0,0.0,0.4296823100225024,0.061618707344260504,0.394
8.983188152313232,1.47375404075896,0.0,0.3419346118019032,0.06925823271644767,0.394
8.993362426757812,0.0,0.0,0.288433107328086,0.01653899713361434,0.394
9.003714084625244,0.0,1.4490432539499747,0.33988120192807186,0.021644652491451227,0.399
9.013889074325562,0.0,1.4742029664690581,0.31012122930927727,0.0691594293649807,0.399
9.024058103561401,0.0,0.0,0.2637475764496163,0.16441719582499587,0.399
9.034226655960083,0.0,1.475136225087925,0.2657339310850248,0.07895976791351439,0.399
9.044404029846191,0.0,0.0,0.26027265362736485,0.09312222636937391,0.399
9.054631233215332,0.0,0.7333383066020142,0.2107995771034909,0.05172229677815367,0.399
9.064840316772461,0.0,0.0,0.19833189566701584,0.09143451796361803,0.399
9.075018167495728,0.0,0.7368942818993183,0.19461496806982886,0.044975146898136364,0.399
9.085190773010254,0.0,0.0,0.1638398480193181,0.11575676979352595,0.399
9.095364809036255,0.0,0.0,0.15452728705518182,0.059996220481578474,0.399
9.10555624961853,0.0,0.7359116642492864,0.1342176665612062,0.11466813246549554,0.403
9.115723371505737,0.0,1.4753437763812025,0.11219560002283113,0.14184002467711818,0.403
9.125893354415894,0.0,0.7374643660915229,0.10952886787606014,0.09433450726821992,0.403
9.136067867279053,0.0,0.0,0.06943469079991602,0.06103542553438681,0.403
9.146241188049316,0.0,1.474444808999297,0.0959752077404723,-0.017416538098486214,0.403
9.15643572807312,0.0,0.0,0.07713553534120211,0.036429930403661964,0.403
9.166608333587646,0.0,0.0,0.0385606083188083,0.06073341704277525,0.405
9.176820993423462,0.0,0.0,0.10497159922707339,0.13310260306388666,0.405
9.186991214752197,0.0,0.0,0.046882989305933605,0.13483240375636169,0.405
9.197150230407715,0.0,1.476521004459047,0.06956067023835724,0.14045872620972358,0.405
9.207308769226074,0.0,0.0,0.02328160750017613,0.1491236556745818,0.406
9.217501878738403,0.0,0.0,-0.048159444489247596,0.10548836309706039,0.406
9.227675914764404,0.737170576242589,0.737170576242589,0.013564005631597743,0.11399036390872791,0.406
9.237833738327026,0.0,0.7383471423541837,0.015536223597424285,0.10348739829408535,0.406
9.247992992401123,0.0,0.0,0.06002492338357625,0.07890954402019365,0.406
9.258158445358276,0.0,0.7377929966930131,0.013305941908761082,0.09285375954301321,0.406
9.268323183059692,0.7378449125111413,0.0,0.023340853204473322,0.041956158528900535,0.407
9.27861738204956,0.0,0.7285656715380874,-0.0005951538426809955,0.06277111011190742,0.407
9.288786172866821,0.0,0.0,-0.02454234004653502,0.01373696282286503,0.407
9.298999309539795,0.0,0.0,0.0026912897840568606,0.034205267330916486,0.407
9.309219121932983,0.0,0.0,-0.027723270155731283,0.09845951873402306,0.406
9.319472312927246,0.7314795953958841,0.0,-0.03901205971067627,0.03276013165499345,0.406
9.329711675643921,0.7324674598924256,0.0,-0.038696665513433134,0.07662946095742475,0.406
9.339881181716919,0.7374989449992967,0.0,-0.023825584038863742,0.03178643127092653,0.406
9.350059032440186,-1.4737885637986365,0.0,-0.0145258288279011,0.06827523669350487,0.406
9.36023497581482,1.4740648063541153,0.0,0.015630021800862204,0.042270642355518154,0.406
9.37042784690857,0.0,0.7358083832335329,-0.010117107636171005,-0.012496650956047715,0.406
9.38060998916626,-0.7365836982227738,0.0,-0.03395798227324656,0.0298550075459569,0.406
9.39084243774414,0.0,0.0,-0.0015174561174176732,0.014640439377211201,0.406
9.40101146697998,0.7375335271499578,0.0,0.021074072672925118,0.029644187569344435,0.406
9.411183595657349,0.0,-1.4746176022500879,-0.0631410850755261,-0.008293049714986012,0.401
9.421433925628662,0.0,-0.7316837624729607,0.022083637531665187,-0.037387656948919386,0.401
9.431620121002197,0.0,0.0,-0.001934930452773237,-0.03422536316963029,0.401
9.441831588745117,0.7344683632967546,1.4689367265935092,0.007976608221646989,0.015450385879328399,0.401
9.45200252532959,-2.212185654008439,0.0,0.0020385391435405603,0.06661038567057458,0.401
9.462182760238647,0.7367217030843813,0.0,-0.03224455965813255,0.06412696389764454,0.401
9.472357988357544,0.0,-2.2112526360185574,-0.034605237768302655,0.0829363881519481,0.4
9.482745885848999,-3.6099701629561625,2.165982097773697,0.006189784846010238,0.1793685965388165,0.4
9.492917776107788,-2.94930433152072,-0.73732608288018,-0.004756646875528084,0.22263286971991597,0.4
9.50309157371521,2.9487514060742406,-0.7371878515185601,0.07907163856655591,0.21722134333680693,0.4
9.513261795043945,-6.637023700682186,1.4748941557071524,0.08270467607099768,0.16251369854615266,0.397
9.523434400558472,3.686371200224998,-5.160919680314997,0.06808688104494473,0.17491683809015673,0.397
9.533607482910156,0.0,1.4744793644097587,0.0012423962524982513,0.1343801093007076,0.397
9.543830156326294,-1.467326538703734,-2.200989808055601,-0.013239931953186554,0.1632331796917734,0.397
9.554004430770874,-6.634379715986316,-2.9486132071050286,-0.05531227770738266,0.114725336279732,0.397
9.564214706420898,0.0,-0.73455411558669,0.002734531877500501,0.1277465548437699,0.395
9.57439374923706,0.0,-0.7368079823862838,0.002025133061567201,0.05202683073382312,0.395
9.584623098373413,-0.7331844773336441,-0.7331844773336441,0.06299757113538884,0.1102463117497054,0.395
9.59479546546936,-0.7372915201800028,-0.7372915201800028,0.09538236795291238,0.07661089039210839,0.395
9.604964971542358,0.0,-1.4749978899985934,0.06784970765412209,0.0672522604605545,0.396
9.615133047103882,0.0,0.0,0.06457868865287457,0.07464911992248512,0.396
9.625306129455566,-0.7372396822048793,0.0,0.03384072076910031,0.07337619602019639,0.396
9.635588884353638,0.0,0.0,0.09618757776148158,0.1035267650131006,0.396
9.645758152008057,-0.7375162356692377,-1.4750324713384755,0.1067287744699387,0.11735299321693726,0.396
9.655929327011108,0.0,-0.7373779330067274,0.13446026020335752,0.07599741675623432,0.396
9.66611099243164,0.0,-0.7366181945907972,0.0830520672033063,0.08191102629806227,0.398
9.676283597946167,0.0,0.0,0.10505812751900831,-0.024162277626545187,0.398
9.686482906341553,0.0,0.0,0.08429157001040072,0.010219801338329212,0.398
9.696654796600342,-0.73732608288018,-1.47465216576036,0.08026830398192089,-0.021036857237054,0.398
9.70685338973999,-4.4123732934355715,3.6769777445296428,0.12442080801016196,0.018001069991871108,0.395
9.717021226882935,3.6880999835861843,0.0,0.1486899453003157,0.013138702443078985,0.395
9.727193593978882,1.4745830403600055,-6.635623681620026,0.19867809610006665,0.05536615006709857,0.395
9.737371444702148,0.7368942818993183,-0.7368942818993183,0.19612641377654605,0.016025106738826185,0.395
9.747592449188232,0.0,0.0,0.29214751258946614,-0.003485221304687411,0.395
9.757792949676514,0.0,-0.7352580403889304,0.24825320000544798,-0.05079962555316057,0.395
9.767971515655518,0.0,-0.7368424997657641,0.17298294916373408,-0.00945043435644647,0.4
9.778144836425781,-0.7372224044996485,-0.7372224044996485,0.17673759686272195,-0.03819155234554052,0.4
9.788317441940308,0.7372742400449996,-0.7372742400449996,0.20095136427324642,-0.0010602738729116878,0.4
9.798581600189209,0.0,0.0,0.20422686082310762,0.020576402728573466,0.4
9.808767795562744,0.0,0.0,0.23349791939316467,0.07759362604041045,0.401
9.81897521018982,0.7347600028028869,0.0,0.21655838607878428,0.020461395244713854,0.401
9.829176187515259,0.0,0.0,0.28818236500958455,0.07917505674910205,0.401
9.839347124099731,0.7373952180028129,0.0,0.34101106238426065,0.055126392431378825,0.401
9.849635601043701,0.0,0.0,0.2764999884539675,0.01999657872435951,0.401
9.8598051071167,0.7374989449992967,0.0,0.2904250663228406,0.05211748355940933,0.401
9.86998963356018,0.7364112648360137,0.0,0.29162558599508825,0.042293195310466936,0.399
9.8801589012146,-1.4750324713384755,0.0,0.32839147185579265,0.07260090159495133,0.399
9.890334367752075,0.0,0.0,0.2888989578478983,0.049581228788429396,0.399
9.90062403678894,2.1866592520506045,0.0,0.3341657847748841,0.043709696897138835,0.399
9.910796642303467,-7.372742400449996,6.635468160404997,0.26315399241729465,0.04579886504397984,0.402
9.920963764190674,6.639046993715412,-6.639046993715412,0.3281714067557854,0.05072195121031639,0.402
9.931130647659302,-6.639202682738082,5.901513495767183,0.29017922549099984,-0.026741923240989944,0.402
9.941296577453613,0.0,0.0,0.3107201643359636,0.027496273676819786,0.402
9.951463222503662,6.639358379062896,-2.213119459687632,0.32153600241720137,-0.011437968742616836,0.402
9.961757183074951,-6.557242912729294,-15.300233463035019,0.21367753515754878,0.10564731263231322,0.402
9.971927642822266,0.0,0.0,0.20509929315149045,0.11090451288054516,0.403
9.982094764709473,0.0,0.7376718881906013,0.2067924630593413,0.08869829508812527,0.403
9.992262363433838,0.0,0.0,0.1405606141580871,0.15227878361521888,0.403
10.002435207366943,-0.7372569607199775,0.0,0.18790289665169313,0.1548695983448151,0.403
10.012622356414795,0.0,0.0,0.18980100520257898,0.09252336536747133,0.405
10.022788047790527,-2.2133270791312913,-0.7377756930437638,0.17776367860147682,0.1285261527614895,0.405
10.032954931259155,0.0,0.0,0.2157936344891147,0.10022874701693159,0.405
10.043136358261108,0.0,-0.7366354439865118,0.24099796584424926,0.1273285404328975,0.405
10.053302526473999,0.0,1.475482176360225,0.27662282807118255,0.08017150674690718,0.405
10.06359076499939,0.0,0.7289877641824248,0.3157062575953087,0.14811656451005423,0.406
10.07380199432373,0.0,-2.9379420486119217,0.2972059393870352,0.018504405464771723,0.406
10.084040403366089,0.0,4.395214121044175,0.2616226620550201,0.08084559461107907,0.406
10.094209909439087,0.0,-2.9499957799971868,0.2739495441115285,0.05406669411626631,0.406
10.104375839233398,0.0,2.2132751706184477,0.2958693387882927,0.05119848469495092,0.404
10.114659070968628,0.0,-4.376056200876399,0.2755444908097573,0.08238969812918892,0.404
10.124845266342163,0.0,0.0,0.14442902457803863,0.028817456123137464,0.404
10.135016918182373,-0.737343365445468,5.161403558118276,0.15410284664499516,0.043744440485172585,0.404
10.145185470581055,-4.425408675263775,5.162976787807737,0.20297854638535648,0.05039427641074418,0.404
10.155355453491211,-3.687321830457614,2.9498574643660915,0.19601324087419572,0.037484486797444,0.404
10.165610074996948,0.0,0.7313775545790612,0.16980345988183937,0.14504931150542041,0.405
10.175779581069946,0.0,0.7374989449992967,0.22039739756577215,0.12914353549489294,0.405
10.185950994491577,0.0,0.0,0.20228938114929768,0.08308247570622612,0.405
10.196119785308838,-0.7375508194415137,2.212652458324541,0.2922925060101809,0.08520673904251111,0.405
10.206303119659424,0.0,0.0,0.26008563532175943,0.02740844918874697,0.405
10.216581583023071,-0.72968105587901,0.72968105587901,0.3024816502784423,0.07859678588269331,0.405
10.226797580718994,-0.734142687110551,0.734142687110551,0.22884681993070538,-0.013537376565805705,0.405
10.23700499534607,0.0,2.2042800084086607,0.22536040704362656,-0.13565956258539547,0.405
10.247179985046387,-0.7371014832345291,0.7371014832345291,0.20027978447154568,-0.058165850586047105,0.405
10.257351636886597,0.0,0.737343365445468,0.07944497164665162,-0.062454359489118885,0.405
10.267590522766113,0.0,2.197504715333566,0.08725218997185145,0.01714288308703457,0.408
10.277762174606323,-0.737343365445468,0.737343365445468,0.04420396445657116,0.006886602385970053,0.408
10.287940263748169,0.0,0.0,0.04878105570572857,0.038334304772451755,0.408
10.298140048980713,-0.7353096000560997,1.4706192001121994,0.0040236737588213375,0.005278866496673931,0.408
10.308324575424194,0.0,0.0,0.017004374282393292,-0.017807776188478147,0.41
10.318560123443604,0.0,2.1982213319046844,0.10472318689725814,-0.039777356662794805,0.41
10.328776121139526,0.734142687110551,0.0,0.15803215288635192,-0.1293097926766815,0.41
10.33897876739502,0.0,0.0,0.10524068897853484,-0.06119948600340547,0.41
10.349155187606812,0.0,0.7369978680036549,0.15561065370155322,-0.09158389893733065,0.41
10.359328985214233,-0.7371878515185601,0.0,0.04776621305754784,-0.015634607278974727,0.41
10.369649171829224,0.7267310446795731,0.7267310446795731,0.017519012119720068,-0.0571052702259901,0.408
10.37982988357544,0.0,2.946748788084588,0.05525717068769449,-0.03566460670600807,0.408
10.390004634857178,0.7371187552722842,2.948475021089137,-0.022521570445703562,-0.009908424149307121,0.408
10.400172233581543,0.0,0.0,0.03343041910073781,-0.1066054630662587,0.408
10.410345792770386,0.0,0.7372051276042276,0.03185142452036763,-0.10109118152788817,0.408
10.420547485351562,0.0,0.7351721236766459,0.01527194393603426,-0.09729467531978661,0.408
10.430765390396118,0.734005646685489,0.734005646685489,-0.03266903347140092,-0.04890777194897772,0.408
10.440974235534668,0.0,0.0,-0.0437357191858625,-0.059669328031885904,0.408
10.451144695281982,0.0,0.0,0.03896460862983925,0.0028031227045089147,0.408
10.461313247680664,1.475136225087925,0.7375681125439625,-0.04024346006616912,-0.052918673825604,0.408
10.47160005569458,0.72908913920178,0.72908913920178,0.007564015164678722,-0.1343219887922914,0.406
10.481827735900879,0.0,0.7333041167420392,-0.01253726220645221,-0.11462106410352874,0.406
10.492004156112671,0.7369978680036549,0.0,-0.07955536901553194,-0.09203676252422699,0.406
10.502174139022827,0.7374643660915229,0.0,-0.09362101899785925,-0.07941603186859608,0.406
10.5123450756073,0.7373952180028129,0.0,-0.127319320215918,-0.031160577327906308,0.408
10.522611379623413,-1.4610905712958662,2.1916358569437993,-0.12486750550274031,-0.015054064733133019,0.408
10.532962322235107,0.0,-0.7245716918115859,-0.07075600162323883,-0.0872318151954346,0.408
10.5431489944458,0.0,3.6812807190001404,-0.03135515591333371,-0.085439294423603,0.408
10.553329467773438,0.736704449648712,0.0,-0.07323771204086782,-0.009636976314944291,0.408
10.563537120819092,0.0,0.0,-0.01647669203196736,0.04167485741453544,0.401
10.573766469955444,0.0,0.0,-0.08519214902979796,0.07557387439210744,0.401
10.583983659744263,0.0,1.4681140616978579,-0.08926205306892043,0.026814616991453766,0.401
10.594171524047852,2.2085099810442066,0.0,-0.046742530653458056,0.0033708926397909914,0.401
10.604348421096802,0.7369633360665339,0.0,0.006227290029436838,0.02484755705707005,0.403
10.61458158493042,0.0,0.0,-0.05836294512227136,-0.010375897818200475,0.403
10.624813795089722,0.732979472004101,0.0,-0.07329738429451073,0.02694404676741141,0.403
10.634987115859985,0.0,0.0,-0.008803009844809279,0.015549161233279638,0.403
10.6451575756073,0.0,0.7374297904261803,-0.013901923930521504,0.043117247508405954,0.403
10.655335903167725,0.7368597596683142,0.7368597596683142,0.02699236327279672,0.0670909402304927,0.403
10.665542125701904,0.0,-0.7348458232106148,-0.010523474344901307,0.05713640385396574,0.407
10.675853490829468,0.0,0.0,-0.026278715716554046,0.00822491384706223,0.407
10.686073780059814,1.4676688361676813,-0.7338344180838406,-0.10377888677004372,-0.029249328039984993,0.407
10.69626498222351,4.415573283424962,1.471857761141654,-0.060565801560658716,-0.00714423094108229,0.407
10.7064368724823,0.73732608288018,0.0,-0.1454298099344884,-0.00891752574838046,0.406
10.716613054275513,0.0,0.0,-0.0912573391749813,0.057570074932045946,0.406
10.726825714111328,0.7343826310260301,0.0,-0.06604640773021772,0.05574911272841841,0.406
10.737000465393066,1.4742375105445684,-0.7371187552722842,-0.0475096838943158,0.07383271204007305,0.406
10.747182369232178,0.7366009460029036,0.0,-0.09780103489564387,0.022452679365110275,0.406
10.757390260696411,0.734725680252248,-1.469451360504496,-0.05614070932287697,0.05027051642780959,0.406
10.767596006393433,0.0,0.0,-0.044685928156253885,0.04795954790713529,0.404
10.777839660644531,0.0,0.0,-0.042746797281092416,0.10628786827181158,0.404
10.788013458251953,0.0,-0.7371878515185601,-0.07667545303664511,0.12665838333003404,0.404
10.798185110092163,0.0,0.0,-0.040092661294455045,0.17680406544838,0.404
10.808356046676636,2.212185654008439,0.0,-0.02390959458439236,0.07244490641049312,0.406
10.81856918334961,1.4686966874430982,0.0,-0.0579953158209464,0.06937559577679947,0.406
10.828843832015991,0.7299519665854507,0.0,-0.04497136605182542,0.042104474699667854,0.406
10.839038133621216,1.4714102624070349,-0.7357051312035174,0.031112679312262803,0.16380957707641605,0.406
10.849218845367432,0.0,0.0,-0.0028152374774045585,0.1668607055999202,0.406
10.859415292739868,1.4711006149601327,-2.206650922440199,-0.003911530205534891,0.18442962814351643,0.406
10.869628190994263,0.0,-0.7343654869735736,-0.013645189111266956,0.13130747161361886,0.401
10.879805564880371,0.0,0.0,0.03417160500690723,0.12201723663892927,0.401
10.889981031417847,0.0,-0.7370669415871974,0.043333941259651884,0.06165971235028268,0.401
10.900155782699585,0.7371187552722842,-1.4742375105445684,0.014957371198839636,0.08796515081768225,0.401
10.91032361984253,0.0,0.0,-0.006214408393846203,0.09012923922917866,0.399
10.920533180236816,0.0,-0.7346055765727897,0.055600005915629094,0.20346237732215505,0.399
10.93071722984314,0.0,-0.7364457450544305,0.032268980118769934,0.15243637743255903,0.399
10.94089388847351,1.473961203261175,0.0,0.05784231604735703,0.19387623914387092,0.399
10.951057195663452,0.0,0.0,0.07865019509974835,0.09372695627584708,0.399
10.96122431755066,0.0,0.0,0.11144726822489416,0.1639951919473338,0.399
10.971396446228027,0.7373088011250439,0.0,0.09272256650424486,0.131657198807452,0.396
10.98162317276001,0.0,-2.200117498950902,0.1650256444027663,0.07842298482536998,0.396
10.99178671836853,0.7379314551127166,2.21379436533815,0.08034736554142485,0.06295254195697439,0.396
11.00194787979126,0.0,-2.214313803702574,0.15046129328632168,0.08108670831662525,0.396
11.012108564376831,0.0,-2.2144177206279183,0.11016364658342515,0.03820250072586349,0.393
11.022286891937256,3.6842987983415707,-2.2105792790049423,0.13537221984288605,0.08155249691703904,0.393
11.032446384429932,0.7382258518727118,0.0,0.14006115298805177,0.06530668719502586,0.393
11.042634963989258,0.7361183132868442,-0.7361183132868442,0.11723060424199885,0.09527507753640134,0.393
11.05280876159668,0.0,-2.2115635545556804,0.1506390110595049,0.08605372169844659,0.393
11.06297779083252,0.0,-2.2126005814498733,0.09003234978841275,0.04058014510400215,0.393
11.073152780532837,0.0,0.0,0.1879377292622339,0.1482947923396047,0.391
11.083364486694336,0.0,0.0,0.17092754743598285,0.0663073702204774,0.391
11.093577861785889,0.0,0.0,0.1363325900484093,0.047426141710989585,0.391
11.103761911392212,0.0,0.0,0.17689888808484577,0.0740040314361411,0.391
11.114024639129639,-0.7307998606109884,0.0,0.16644621064006163,0.08161512476059402,0.391
11.124189853668213,0.0,0.0,0.20160679621065428,0.05012037532268666,0.391
11.134357213973999,-2.9506183608863874,0.0,0.18249434932191916,0.02247906663651908,0.391
11.144576787948608,2.201657334826428,0.0,0.23038117124348523,0.04450827219120806,0.391
11.154825210571289,0.0,0.0,0.18259564790111413,-0.026921893984079293,0.391
11.164995908737183,-2.2122375114278348,0.0,0.1941930127384729,0.029144345998472897,0.392
11.175158977508545,6.641694700541911,0.0,0.1841431733500205,0.02834855296159513,0.392
11.185332775115967,-11.057817772778401,-0.7371878515185601,0.15972523512925496,-0.0037162699357443374,0.392
11.195496797561646,0.7378968356360395,0.0,0.18533618235444865,0.009292223692202138,0.392
11.205663681030273,0.7376891869708979,0.0,0.1696583330356119,-0.012585715280752946,0.396
11.215822696685791,2.2147815066885705,-7.382605022295236,0.21388581633849618,0.05843446458500444,0.396
11.225982904434204,0.0,0.0,0.15868946250824398,0.036225632554393206,0.396
11.236140966415405,0.0,0.0,0.1878716861121189,0.050482090535423754,0.396
11.24630093574524,0.0,-0.738191204768386,0.13589618374873194,0.10948675496170993,0.396
11.256468772888184,-0.7376199967172368,0.0,0.1235260138284277,0.10743088321794504,0.396
11.266641616821289,0.0,0.0,0.12693105400206073,0.07652688464168232,0.396
11.276823282241821,-1.4732363891815945,-1.4732363891815945,0.17652141660440063,0.09878292718315296,0.396
11.28699803352356,0.0,0.0,0.15043219881563671,0.02350456018455502,0.396
11.297206163406372,0.0,0.0,0.1743258395414942,0.03434233604753167,0.396
11.307384252548218,-0.73687702037948,0.0,0.1936832337229895,0.06736739991707083,0.398
11.317556381225586,0.0,0.0,0.2027543478090789,0.012451163042442374,0.398
11.327747583389282,0.0,0.735928880570827,0.20977453056518264,0.03577982348507479,0.398
11.337944984436035,-2.941926071403521,-1.4709630357017605,0.2405146759341058,-0.010683426811985974,0.398
11.348137617111206,-4.414953568337583,1.4716511894458608,0.19403830254932308,0.015300619114023747,0.398
11.3583402633667,0.0,0.0,0.1797416398735986,-0.08505276803138498,0.398
11.368601560592651,0.0,0.7309017402820698,0.22581549484156796,-0.030341183432541337,0.4
11.378847599029541,-1.4639804537521814,0.0,0.221424668887796,-0.06377175005606257,0.4
11.389020919799805,-1.474444808999297,0.7372224044996485,0.28102034275430715,0.009981145282795433,0.4
11.399192810058594,0.0,0.0,0.23444754936576903,-0.019103449958467536,0.4
11.409354448318481,-0.7380699655099598,0.0,0.23344790397923548,0.010133199196585086,0.403
11.419560194015503,0.0,0.0,0.19991544586163848,0.006506389011078849,0.403
11.42973518371582,-0.7371014832345291,0.0,0.1856945070148086,-0.024921930677121562,0.403
11.439899444580078,-1.475759054231563,1.475759054231563,0.22962329176323712,-0.08873859122698863,0.403
11.450058460235596,-0.7382605022295236,0.0,0.24789684628231665,-0.13292175895061312,0.403
11.46022081375122,-0.738018018018018,0.0,0.23892248584327377,-0.0662418208171821,0.403
11.470388174057007,-2.2129637706647904,0.0,0.20640718192950377,-0.11498091954594909,0.408
11.48060131072998,0.0,0.0,0.2001402279545242,-0.05655159721034424,0.408
11.490796327590942,-2.2069605481630457,0.0,0.20458080450188723,-0.07184912173110972,0.408
11.500958681106567,0.0,0.0,0.23610658721822067,-0.12359246093356197,0.408
11.511119604110718,-1.4762438406307195,0.0,0.19661404340233735,-0.11289215484092355,0.407
11.52129054069519,0.0,0.0,0.24334751552246414,-0.16753660683794752,0.407
11.531448364257812,-0.7383471423541837,0.0,0.2372419748069681,-0.14056787207381446,0.407
11.541731595993042,-0.7293427001460666,1.4586854002921332,0.1925184121775621,-0.16460143493393098,0.407
11.55189037322998,0.0,-0.7382778286277547,0.13921374377961757,-0.15275641906902224,0.407
11.562054872512817,-0.7378622194075012,0.7378622194075012,0.1268459931376259,-0.16376819829908576,0.407
11.572216033935547,0.0,1.4762092024683826,0.22210939569979443,-0.13689194309725908,0.407
11.582395315170288,-0.7367907249092399,0.0,0.21908930923173225,-0.2266496483401252,0.407
11.592656373977661,-1.4618374459779728,0.0,0.2353381827073991,-0.15165358608598967,0.407
11.602843999862671,0.0,0.0,0.20352923939718148,-0.2302442837941286,0.408
11.613016366958618,0.0,0.0,0.18278011064802813,-0.17665364633064407,0.408
11.623190879821777,-4.4228161687170475,-2.2114080843585238,0.1229159273903009,-0.22490175197206036,0.408
11.633362293243408,-0.7373606488209647,0.0,0.18989354084647617,-0.2117260456697464,0.408
11.643616199493408,0.0,0.0,0.1879314526350664,-0.15411729656182163,0.408
11.653807640075684,0.0,0.0,0.17756392390593623,-0.13340825185185154,0.408
11.664115905761719,-0.727571468220927,0.0,0.15604001980211474,-0.10634747550648435,0.407
11.674301624298096,0.0,0.0,0.13460850081224204,-0.14643276051883053,0.407
11.68451738357544,-0.7341598207617624,0.0,0.14426023571802618,-0.1697231687617976,0.407
11.694823980331421,0.0,2.910757130629901,0.14499729230689695,-0.21285046310322553,0.407
11.70499849319458,-1.4742720562390157,-0.7371360281195078,0.15653796331619402,-0.19409024061002295,0.408
11.71517276763916,0.7371533017762572,0.7371533017762572,0.14326567123219502,-0.23555077016751474,0.408
11.725348711013794,0.0,0.0,0.20499474143506424,-0.15988627288709498,0.408
11.735521793365479,0.0,0.7372396822048793,0.18264268199760728,-0.2332857838591128,0.408
11.745826959609985,0.0,0.0,0.20208666045517157,-0.18122151027077646,0.408
11.75604510307312,-0.7339885202295954,0.0,0.16684361186217864,-0.24484710196732953,0.408
11.766236782073975,0.0,1.4717888974664888,0.18937047235431048,-0.24247056654635726,0.408
11.776409387588501,2.9490969601799986,-0.7372742400449996,0.1441656388286228,-0.23463226865456657,0.408
11.786623239517212,0.0,0.0,0.17448913999156704,-0.21811763575095863,0.408
11.796803712844849,-1.473408899297424,0.0,0.15097054945708613,-0.19871774872282494,0.408
11.806978225708008,5.159952196836556,1.4742720562390157,0.11984176925566994,-0.2554159929694929,0.404
11.817149639129639,0.0,0.7373606488209647,0.09295811510830009,-0.23111657563809393,0.404
11.82732081413269,-5.161645531047092,1.4747558660134548,0.03220343048641401,-0.2228213578982713,0.404
11.837505578994751,4.418364155625263,-2.2091820778126317,0.0663294879225418,-0.20845711495923439,0.404
11.847728490829468,0.7336461588693503,0.0,0.1098004633665115,-0.25472970423721375,0.404
11.857930183410645,11.762753978826334,-1.4703442473532917,0.14266241284035974,-0.24997184988435928,0.404
11.868120193481445,0.0,0.0,0.07394185788554457,-0.22959071198041894,0.403
11.878292322158813,0.7373088011250439,-0.7373088011250439,0.14702103012054774,-0.20209352543471026,0.403
11.888469696044922,1.47385761473048,0.0,0.11533861091967464,-0.19905309001767435,0.403
11.898690223693848,0.7338172996174303,0.0,0.12607206156407647,-0.16623582037494067,0.403
11.908868312835693,0.0,0.0,0.14787268498249667,-0.11923577611925315,0.401
11.919036388397217,1.475205402363534,0.0,0.10596310267155515,-0.046681778920027645,0.401
11.929211378097534,0.0,0.0,0.15156310534473796,0.005032407994014179,0.401
11.939382553100586,3.6868896650336374,0.0,0.12636423439773908,-0.010981909008481835,0.401
11.949567794799805,2.9454382022471908,0.0,0.14039225671801406,0.020770347171641786,0.401
11.959742307662964,0.0,0.0,0.08680843810007377,0.0036864930232518443,0.401
11.969923496246338,2.2099580825703113,0.0,0.10488323728018645,0.027072707140087797,0.399
11.980094194412231,0.0,0.0,0.08974835857423927,0.011915973541349163,0.399
11.990261793136597,1.4752745861276555,0.0,0.14638628644038887,0.06458500960675097,0.399
12.000427961349487,1.475482176360225,0.0,0.11874491623333712,0.07741853026129228,0.399
12.010681390762329,0.0,0.0,0.11435072740081664,0.05256990493954694,0.399
12.020898818969727,1.4680798039901994,2.2021197059852993,0.06326447484904218,0.05209183997983814,0.399
12.031068563461304,-1.4749633102801547,-2.212444965420232,0.14215269253879637,0.10592223097991782,0.399
12.041236400604248,-0.7376199967172368,1.4752399934344735,0.1034940657394086,0.13228106282635255,0.399
12.051479578018188,5.125362753997626,0.0,0.12357433171846179,0.13033180538186917,0.399
12.061698913574219,1.4678057998740173,-0.7339028999370086,0.09977822831659539,0.15344478851301685,0.399
12.071869373321533,0.0,0.0,0.04485897368917139,0.17414612883247138,0.397
12.08203935623169,0.7374643660915229,0.7374643660915229,0.10422116031838648,0.1659522910040481,0.397
12.092218160629272,0.7368252406717729,0.0,0.12095432919496787,0.19235447877447154,0.397
12.102428436279297,0.73455411558669,-0.73455411558669,0.12816985311902399,0.14217631020318738,0.397
12.112670421600342,0.0,0.0,0.06455449806945716,0.17191033519563073,0.395
12.1228609085083,0.0,-0.7359805343690047,0.05483971075233551,0.15137610199669388,0.395
12.13303518295288,0.7371533017762572,0.7371533017762572,0.053656400066238605,0.1297063017143753,0.395
12.143206596374512,0.0,0.7373606488209647,0.04702432609013981,0.15571748948355654,0.395
12.153379201889038,0.0,-2.211822720134999,0.03960116716508712,0.18937936233188385,0.395
12.163572072982788,0.0,0.7358083832335329,0.01943944101519539,0.18914660696673918,0.399
12.173760175704956,-2.208458298230834,3.6807638303847234,0.09186074108827683,0.23535401802454803,0.399
12.183970212936401,-5.1419988791331965,-0.7345712684475995,0.06912693939142597,0.19500426505205645,0.399
12.19413685798645,0.7377064865625439,0.0,0.05198182785046482,0.24548680089091113,0.399
12.204302310943604,0.0,0.0,0.034849294617769824,0.17461624312958623,0.399
12.21447491645813,0.0,0.0,0.02853414291682026,0.18635592652387525,0.399
12.224843740463257,0.0,-2.893288572085537,-0.0035820481463710516,0.14200435875783907,0.399
12.235010147094727,-0.7377237869655965,2.2131713608967893,0.05090578277013854,0.14588703417085827,0.399
12.245176315307617,0.0,-5.1641876172607875,0.10490627751616774,0.09167588068596928,0.399
12.255349397659302,0.0,6.6351571398439155,0.038365318801306406,0.046805036541975265,0.399
12.265522480010986,-6.6351571398439155,0.0,0.047353436414610206,0.04279501160065362,0.397
12.275860786437988,-1.4509146257091463,0.0,0.03680536209858132,0.12313097793902308,0.397
12.286081075668335,-0.7338344180838406,0.0,0.10609331969670333,0.19229753474931707,0.397
12.29629898071289,-1.468011293370978,0.0,-0.001038322015393646,0.1665276704545974,0.397
12.306476593017578,0.0,0.0,0.05849809428438978,0.2090922735207188,0.399
12.316670656204224,0.0,0.0,0.04345542720469619,0.12554229550239338,0.399
12.326891660690308,-0.7337830650804759,0.0,0.039969825864261926,0.024974288747208764,0.399
12.337113857269287,-0.7336974927113702,0.0,0.007064711721796152,0.024826609052711834,0.399
12.347309589385986,-1.471203816294079,-2.2068057244411188,-0.02522938060296521,-0.024604286344386786,0.399
12.35751748085022,-4.4083540815134885,2.2041770407567443,0.08748189636757606,-0.07935062639500715,0.399
12.367727756500244,-1.46910823117338,0.0,0.0571448580886299,-0.027928003614841497,0.395
12.377914667129517,0.0,0.0,0.05949444592192797,-0.05111725322547526,0.395
12.388098001480103,-1.4729949428731972,-0.7364974714365986,0.020627429357100588,0.013152739414144214,0.395
12.39827013015747,-0.7373088011250439,0.0,0.08594528062136289,-0.10303149152292089,0.395
12.408440589904785,-0.7374297904261803,-1.4748595808523606,0.0495071350777887,-0.0177197743878012,0.398
12.418647527694702,-1.4695886571208334,-0.7347943285604167,0.056608616071684104,-0.050141039461346695,0.398
12.42888331413269,0.0,0.0,0.07515588113321733,-0.04749258850926686,0.398
12.43909478187561,0.0,0.0,0.02795239134111218,-0.1204707702488438,0.398
12.449264526367188,0.0,-0.7374816551400774,-0.005407928880522776,-0.11065301687418666,0.398
12.459441184997559,-2.2109418048917626,0.0,-0.0015701383367114734,-0.10670702379436153,0.398
12.469682455062866,-0.7323310441159353,0.0,0.0464715444884974,-0.1735844765768546,0.396
12.479908227920532,-1.4668817906271858,0.0,-0.00675548985206842,-0.13987935170852106,0.396
12.490119218826294,-1.4690053236200615,-2.938010647240123,0.026555539664133813,-0.16152561769629664,0.396
12.500299453735352,-0.7367217030843813,-0.7367217030843813,0.09885342974065783,-0.0681465730039415,0.396
12.510466814041138,0.0,-0.7376545902215969,0.0815183720545609,-0.1702732897186895,0.401
12.520681381225586,0.0,-0.734245501015335,0.09213820111590067,-0.1307949184512164,0.401
12.53086543083191,-0.7364457450544305,-1.472891490108861,0.04309798736593784,-0.2760579144946224,0.401
12.541036128997803,-0.7374125038092783,0.0,-0.017526898336702422,-0.21558179435465719,0.401
12.551207304000854,0.0,1.4747558660134548,0.09044894929550494,-0.13303613537632603,0.401
12.56137466430664,0.0,0.0,0.011048093418624394,-0.15173052294307784,0.401
12.571544885635376,0.0,2.2123412335607284,-0.051028489464383334,-0.19857998678317215,0.401
12.581724643707275,-0.7367562123802609,0.7367562123802609,-0.1189105855185713,-0.210915124858496,0.401
12.591891765594482,-0.7376718881906013,2.2130156645718038,-0.12733237123451518,-0.1632038556301394,0.401
12.602064371109009,0.0,0.0,-0.2173720838743906,-0.24958054879348612,0.401
12.612277030944824,0.0,0.7343826310260301,-0.1417929630025541,-0.2399477027219627,0.402
12.622460126876831,0.0,0.7365147151787595,-0.20357985405563064,-0.20303311382329783,0.402
12.63263750076294,0.0,-0.73692880736524,-0.23661669932503648,-0.1880490759202826,0.402
12.64286756515503,0.0,1.4662664305024704,-0.3631854270663325,-0.22282520606479103,0.402
12.653043985366821,0.0,1.4739957360073097,-0.3444771351999457,-0.17797591207926552,0.402
12.663237571716309,0.0,3.6787837679803532,-0.3603340592039203,-0.2128034282084557,0.402
12.673412799835205,0.0,0.0,-0.28581289160388473,-0.21414790671079403,0.4
12.683597564697266,0.0,2.2091820778126317,-0.39529351382703537,-0.2982280828377834,0.4
12.69377064704895,0.0,0.0,-0.41143698416075103,-0.2326340273968365,0.4
12.703948974609375,0.0,-2.9474390386732567,-0.44932213839623086,-0.2265698755820032,0.399
12.714122295379639,0.0,-0.7372224044996485,-0.4270111924256532,-0.21420852188798223,0.399
12.724334239959717,1.4688681359731042,-1.4688681359731042,-0.47239097873144115,-0.31113336983938933,0.399
12.734508991241455,0.7371187552722842,0.0,-0.48235122124066104,-0.2503041656250812,0.399
12.744908809661865,4.326998624484181,-3.6058321870701513,-0.5225239733745708,-0.26703559656982295,0.399
12.755123615264893,0.0,0.7342283633647652,-0.4289367189726937,-0.21350313458877007,0.399
12.76530122756958,0.0,-2.9476461769115443,-0.42685012765667163,-0.20871277147282818,0.396
12.77547812461853,-1.4739266721330677,-0.7369633360665339,-0.46065103320214695,-0.17659886704861694,0.396
12.78583836555481,2.1717641644037373,-0.7239213881345791,-0.46800129432347215,-0.2831075372559585,0.396
12.796046495437622,0.7347085201793722,-8.816502242152467,-0.4514459628643066,-0.1917365724405588,0.396
12.806212902069092,0.7377237869655965,-1.475447573931193,-0.3968106932667046,-0.14156949951175207,0.396
12.816379070281982,2.95096435272045,-2.213223264540338,-0.44087861752225027,-0.1413397337443585,0.396
12.826557874679565,1.4736504813435458,0.0,-0.4110014218832601,-0.05178643806808125,0.396
12.836903095245361,2.1749173791800143,-1.4499449194533427,-0.40750049485502504,-0.053083829847863494,0.396
12.847073793411255,0.0,-0.7374125038092783,-0.39880606233307714,-0.06206035557498073,0.396
12.857343912124634,0.0,-4.381643606648714,-0.41469083807145385,-0.11624266185163631,0.396
12.867807388305664,0.0,-0.7167790006152164,-0.35799387963606943,-0.1496078438038822,0.401
12.878015756607056,0.7346913609080505,-2.938765443632202,-0.3936851006843344,-0.12865637401343333,0.401
12.888206720352173,2.94378439079169,-2.2078382930937677,-0.3998935645255896,-0.08729893189690402,0.401
12.898384094238281,0.73692880736524,-0.73692880736524,-0.3314525811474376,0.010121892386603723,0.401
12.908566236495972,0.0,-2.2097510946683214,-0.330435244124749,-0.012328974098662702,0.399
12.918750524520874,2.209285513624871,-2.9457140181664947,-0.3449979366078154,-0.04571284073742866,0.399
12.928922891616821,0.0,-0.7372915201800028,-0.364144469464622,0.02031837485588557,0.399
12.939135074615479,2.937667686129853,-4.40650152919478,-0.3316053943513061,-0.024005468437755775,0.399
12.949309587478638,0.0,-1.4742720562390157,-0.2795144511987388,-0.033917450594165385,0.399
12.959482192993164,1.4745484800899993,-2.9490969601799986,-0.2887464110602583,-0.04893737368132869,0.399
12.969674348831177,0.0,-2.207580060352289,-0.2180042277588143,-0.048809765660441894,0.394
12.97990608215332,1.4660272631946871,-5.8641090527787485,-0.21061048664432128,-0.05552083429695977,0.394
12.990096092224121,0.0,-1.472029948525971,-0.24194826015860688,-0.043832206162460474,0.394
13.000267267227173,1.4747558660134548,-3.6868896650336374,-0.24494466165698764,0.04353992554141454,0.394
13.010439395904541,0.0,-1.4746176022500879,-0.19835821175701826,0.15024149287084637,0.393
13.02064847946167,2.203919663708547,-2.9385595516113963,-0.1423187031721015,0.06632797591233534,0.393
13.03082823753357,0.0,-1.4735124247605218,-0.12087919106594337,0.03897496566651337,0.393
13.040998935699463,0.0,-2.2122375114278348,-0.11520745405380955,-0.07282422017685362,0.393
13.05116868019104,0.0,-0.7374816551400774,-0.1286155972003768,0.06843979340787756,0.393
13.061342000961304,1.474444808999297,-2.2116672134989455,-0.09840783996319658,0.08369125509521498,0.393
13.071519613265991,0.7369115442278861,-2.210734632683658,-0.047729208883303606,0.07889302158809514,0.39
13.081718444824219,0.7353783575285784,-1.4707567150571568,-0.06922370231888016,0.0895607015946617,0.39
13.091894388198853,1.4740648063541153,-2.211097209531173,-0.048169284579557166,0.006464691040283466,0.39
13.102105617523193,0.0,-0.7344855121529804,-0.04405114731860476,0.010405213911435368,0.39
13.112287044525146,1.4732708879730236,-4.41981266391907,-0.07399493294926882,0.07179751666479665,0.4
13.122506141662598,0.0,-0.7339200223974616,-0.06066815229933845,0.0726665121462371,0.4
13.13271689414978,0.0,-1.4690396245359236,-0.062038832195949994,0.08317827981244612,0.4
13.142895221710205,0.0,-1.4737195193366284,-0.046733223015124614,0.06369581253343831,0.4
13.153125047683716,1.466300603631109,-2.932601207262218,0.023482453289373494,0.04521461933283734,0.4
13.163299322128296,1.4743066035525143,-2.9486132071050286,0.017292585413067742,0.07879127431840961,0.4
13.173473834991455,0.0,-1.4742720562390157,-0.06612283620753696,0.0011921285465537335,0.409
13.183650493621826,0.0,-4.421883609783525,-0.010248424698745165,0.06689948485869744,0.409
13.193831443786621,0.0,-2.2100098356048896,-0.047442535615979636,0.032845545172654186,0.409
13.204020261764526,1.4722021762021762,-3.6805054405054403,0.08110844279655721,0.11591510350655229,0.419
13.214194297790527,0.0,0.0,0.09515263809200424,0.13511559413327684,0.419
13.224369764328003,0.0,-1.4741338831743949,0.051071604308057385,0.12910826119796665,0.419
13.2345449924469,0.0,-1.4741684240123716,0.029967630398922446,0.032891345500650565,0.419
13.244717597961426,0.0,-2.211822720134999,0.0753925561977807,0.07418173916336071,0.419
13.25489068031311,0.0,0.0,0.10687355092355388,0.1330676996009622,0.419
13.2651047706604,0.0,-2.2028393361499496,0.04396231013736145,0.10479853784908869,0.421
13.275281190872192,0.0,-1.4739957360073097,0.1617488997313149,0.07863694433181628,0.421
13.285459518432617,0.7368597596683142,-2.2105792790049423,0.04978837094432116,0.03418093359722757,0.421
13.2956702709198,0.0,0.0,0.05220849065073857,-0.0597979444397002,0.421
13.305921792984009,0.0,-2.194796037024978,0.020682917418041246,-0.08068181190853675,0.416
13.31610918045044,0.7362044513094151,-1.4724089026188303,0.04563522262736325,-0.02426694941852839,0.416
13.326277732849121,0.0,0.0,0.01275740738256442,0.05213393398925206,0.416
13.33644723892212,-0.7374989449992967,-2.2124968349978897,0.025519734998577903,-0.021206218113879294,0.416
13.346665382385254,0.7339885202295954,-1.4679770404591908,-0.00420094395511459,0.002046015382501598,0.416
13.356852769851685,0.7362044513094151,-2.9448178052376606,0.09831466913017456,-0.02058125230191314,0.416
13.367052555084229,0.0,-1.4706192001121994,0.061354380604759715,-0.013213043399322666,0.413
13.377238988876343,0.0,-4.417640257460503,0.04412615553246622,-0.05797709933064453,0.413
13.387454986572266,0.0,0.0,0.03850451996506066,-0.005179765556197119,0.413
13.397698163986206,0.0,-4.393168074855108,0.08673795331510747,0.01121774233130534,0.413
13.407878398895264,0.7367217030843813,-2.210165109253144,0.10077753078855026,-0.005331208483909153,0.401
13.418092012405396,0.0,-1.4686281192371438,0.06906690683336061,-0.041516373564818215,0.401
13.428260803222656,0.0,0.0,0.12200761700603684,-0.019007922007705375,0.401
13.438434839248657,0.0,-0.737170576242589,0.13414910291876966,-0.027510606170531887,0.401
13.448607444763184,1.4745484800899993,-2.211822720134999,0.13151501349627184,0.08089233719987253,0.401
13.458794593811035,0.0,-0.7362216813330836,0.12821883418508803,0.08554031642051042,0.401
13.468975305557251,0.0,-0.736687197021147,0.11857505614974262,0.011396273134057097,0.396
13.479161977767944,0.0,-2.945024575200112,0.16807603219000872,0.06677887057323702,0.396
13.489335775375366,0.7371878515185601,-1.4743757030371203,0.16684042988503062,-0.03268243696501398,0.396
13.499498844146729,0.73796607783799,-2.95186431135196,0.018840178816139197,0.008110847636437588,0.396
13.509742259979248,0.0,0.0,0.058833317319994416,0.09290815141683834,0.392
13.519962310791016,0.7338515373489478,-1.4677030746978956,0.12737507265812759,0.09321834479535747,0.392
13.530136585235596,0.7371533017762572,-1.4743066035525143,0.08997589414904786,-0.014204897205787104,0.392
13.540306568145752,0.0,-0.7374643660915229,-0.0344939964380217,-0.037728101962594865,0.392
13.55047607421875,0.0,-0.7374989449992967,0.05077018966342974,-0.042925190296131954,0.392
13.56065583229065,0.7367562123802609,-3.6837810619013043,0.09503990753932193,0.11986766934469428,0.392
13.570828199386597,0.7372915201800028,-2.949166080720011,0.05242177133072627,0.06885801193173896,0.386
13.580999374389648,0.0,0.0,0.011023131198493477,0.012348741162994753,0.386
13.591171741485596,0.0,-5.898332161440022,-0.01811089457647247,0.020896238111803564,0.386
13.60134744644165,0.0,0.0,0.023589364294275272,0.04679144453996181,0.386
13.611518144607544,0.7374125038092783,-2.949650015237113,0.058335174236362516,0.13134973062005045,0.381
13.621703386306763,0.0,-1.4727191011235954,0.1508366420330575,0.14680425256123916,0.381
13.631962776184082,0.0,-2.1931128721154516,0.19227913301794794,0.08613805082761766,0.381
13.642193794250488,0.0,-0.7330648769574943,0.09104304291787273,-0.0003682357535281233,0.381
13.652393579483032,0.7353096000560997,-0.7353096000560997,0.07807583633206042,0.043554248433032225,0.381
13.662587642669678,-0.735722337862806,0.0,0.025414675821813795,0.09532636991719409,0.381
13.672796249389648,0.0,-1.4693484048764538,0.08346708691576146,0.050184244400686806,0.383
13.683039665222168,0.0,0.0,0.11669254646628854,0.015748413046494103,0.383
13.69322419166565,0.0,-1.4728225296720274,0.1125988919574882,-0.0764422652284819,0.383
13.703454971313477,0.0,0.0,0.04403806586401199,-0.01775362438868222,0.38
13.713703393936157,0.0,-2.1954598115621726,0.05090618683939023,0.0753095355026498,0.38
13.723920106887817,0.7340912909549145,-4.404547745729487,0.07773060262430417,0.13039815890163114,0.38
13.734092712402344,0.0,0.0,0.07141786038285702,0.07634967383831012,0.38
13.744269371032715,0.0,0.0,0.009065717716921377,-0.015566683658646482,0.38
13.754481792449951,-0.7343997758789746,0.0,0.08793891048107563,0.041341100084700697,0.38
13.764731645584106,0.7317178014002931,-2.9268712056011723,0.1323816733190859,0.009764358239780016,0.384
13.774935960769653,0.0,-4.409899065420561,-0.00903041506014798,-0.01743503216852657,0.384
13.785123586654663,0.0,-2.2085616662766205,-0.04769740751942558,0.01068646582115694,0.384
13.795303344726562,0.0,-0.7367562123802609,-0.0008730079555288733,0.04834281057945276,0.384
13.805495738983154,0.0,-0.7358428070175438,0.13037788166507427,0.040158980078606174,0.384
13.815672636032104,0.0,-0.7369633360665339,0.17052749242994866,-0.002585609017996593,0.384
13.82584810256958,0.0,-1.4741338831743949,0.07254124717259522,0.02089212066555085,0.384
13.836066484451294,0.0,0.0,0.023005975485955628,0.016856620243853704,0.384
13.846243381500244,0.0,-0.7369633360665339,0.054343071093660246,-0.025018418589219646,0.384
13.856412887573242,0.0,0.0,-0.04177289546621518,0.004517817074328301,0.384
13.866589784622192,0.0,0.0,-0.004084896944078258,0.09682644383474658,0.384
13.876824855804443,0.0,-5.1294220689976475,0.020218473401070608,0.05806746489557605,0.384
13.887040138244629,0.0,0.0,-0.04717926233910072,0.0001507403565422366,0.384
13.89724588394165,0.7348801569873382,-0.7348801569873382,-0.005988326670798346,0.031133184315521,0.384
13.907440185546875,0.0,0.0,0.046294057896749154,-0.016677909783287675,0.388
13.917637348175049,-0.7354987140519055,-0.7354987140519055,-0.052919839750864915,-0.06370626897471188,0.388
13.927830934524536,-0.7357567535960706,0.0,-0.023212638005450262,-0.013938946260755362,0.388
13.938013076782227,0.0,2.2097510946683214,0.029778253969588973,-0.047330564596876505,0.388
13.948188781738281,0.0,-7.37049671977507,-0.036852506223891315,-0.027018071053971006,0.388
13.958363771438599,-1.4742029664690581,0.0,-0.024216423788087273,-0.017818805661555796,0.388
13.968539714813232,0.0,0.0,-0.05087007441133144,-0.09349665707410681,0.388
13.978750228881836,0.0,-3.6726848176341473,-0.0907161265207329,-0.042621892705166246,0.388
13.98898434638977,0.7328428654630169,-1.4656857309260338,-0.055361495249033284,0.025978651118715154,0.388
13.999160766601562,0.0,-0.7369978680036549,-0.15831128766278996,-0.011522639735115529,0.388
14.009331703186035,-0.7373952180028129,-1.4747904360056259,-0.17367345080993785,-0.03594344974057821,0.395
14.019506931304932,0.0,0.0,-0.03698327393082376,0.0035481744460042434,0.395
14.029760122299194,-0.7314795953958841,0.0,-0.03268351385022944,-0.02342445657742426,0.395
14.039946794509888,0.0,0.0,-0.10965523691213797,0.0071982836533493666,0.395
14.050116300582886,0.0,-4.4249936699957795,-0.10668982460806162,0.01667171420078808,0.395
14.060290813446045,-0.7371360281195078,0.0,-0.10403566053928281,-0.07882119914959579,0.395
14.070465326309204,-0.7371360281195078,0.0,-0.0531069193651736,-0.03121565901511657,0.397
14.08063817024231,0.7372569607199775,-4.4235417643198645,-0.06276275478960969,-0.15944289495584046,0.397
14.090840339660645,0.0,-2.205413287840901,-0.0190743743380136,-0.09433275228723981,0.397
14.101015329360962,0.0,0.0,-0.0808571963130538,-0.10787487731281482,0.397
14.111186027526855,-1.4748250076185565,-0.7374125038092783,-0.11226764806902109,-0.03343003332941509,0.397
14.12135624885559,-0.7374470778535762,0.0,-0.10006414411918754,-0.03572071265804043,0.397
14.13153338432312,0.0,0.0,-0.032100494441505235,-0.002154128767491912,0.397
14.141811609268188,0.0,0.0,-0.036838085466598315,-0.07812566181351832,0.397
14.152007579803467,0.0,0.0,-0.0727015525186315,-0.08563467962430038,0.397
14.162200689315796,0.0,-2.943164690197179,-0.06492823919902921,-0.09204771489663441,0.397
14.172390460968018,0.0,-1.4720643908374085,-0.09064657858324171,-0.11464805007040227,0.401
14.182581901550293,-1.471823328498573,0.0,-0.01266086643729384,-0.07753326283088263,0.401
14.192933797836304,0.0,0.0,-0.01869167934294399,-0.13351236211910528,0.401
14.203107357025146,0.0,-6.63484614843805,0.04617464698897033,-0.1285895593601314,0.398
14.213279962539673,0.0,0.0,0.08024788753546994,-0.06892727078395552,0.398
14.223459482192993,0.0,0.0,0.02530612222928819,-0.1696836095447311,0.398
14.233632326126099,-1.474513921439955,0.0,-0.017195532195754024,-0.14632701729139552,0.398
14.243835926055908,0.0,-3.675173493469168,0.01669593991292498,-0.10585331120400851,0.398
14.254011392593384,0.0,-4.422401649523184,-0.045515091720897086,-0.10185949917665221,0.398
14.264187574386597,0.0,0.7370151351857925,-0.00182989752291894,-0.13385049722317297,0.402
14.274360418319702,0.0,0.0,0.02221889546756125,-0.19502665621131837,0.402
14.284841775894165,-1.43111232428006,0.0,-0.076163695967446,-0.16430664948382856,0.402
14.295059204101562,-0.7340399019950997,0.7340399019950997,-0.012251936625648968,-0.07010501512920773,0.402
14.305254459381104,0.0,-3.6781815630700154,0.030852624351880954,-0.1630901170889496,0.402
14.315419435501099,-1.4756552128532896,-0.7378276064266448,0.008232310676002795,-0.09304811068739065,0.402
14.32558298110962,0.0,0.0,0.013915093904325816,-0.042040637010029094,0.402
14.335847616195679,0.0,0.0,-0.014840735380104804,-0.12444938055255157,0.402
14.346011638641357,-0.7378968356360395,-1.475793671272079,0.014960395962546209,-0.05931694040766837,0.402
14.356170177459717,0.738295155839279,-5.1680660908749525,0.08338914903945932,-0.12122308368450224,0.402
14.366339206695557,0.7375335271499578,-1.4750670542999156,-0.04801944669994503,-0.1095946021219949,0.397
14.376543045043945,-0.7350175241833731,0.7350175241833731,-0.04789417939306054,-0.08383484825336043,0.397
14.386766195297241,-0.7336290491849157,0.7336290491849157,0.005396537023151871,-0.18208988623024308,0.397
14.39696478843689,-0.7353955489059285,0.0,-0.01013922436487764,-0.20488837702109244,0.397
14.407134771347046,-0.7374643660915229,0.0,0.0006618652741917632,-0.11787567702838021,0.402
14.417295455932617,0.0,-4.428835441255837,-0.08852455839293383,-0.15149349420617741,0.402
14.427465200424194,-0.7374816551400774,-0.7374816551400774,-0.05738280895310563,-0.17011016781960708,0.402
14.437624216079712,0.0,0.0,0.0197442725837093,-0.08826392347114445,0.402
14.447893857955933,0.0,0.0,0.029422972032952667,-0.21070854247696802,0.402
14.458054304122925,-0.7381565609160878,0.0,-0.03523113163860483,-0.2078712623197515,0.402
14.468238115310669,0.7364629863744908,-4.418777918246945,-0.014034973290081595,-0.16333692010548206,0.396
14.47840404510498,1.4755167804122986,-1.4755167804122986,-0.04539662809030825,-0.2033995204194654,0.396
14.488577604293823,0.0,-0.7372051276042276,-0.08774652114454776,-0.12318924251101332,0.396
14.498761177062988,-0.7364802285018612,0.0,-0.05875537681163014,-0.07292006087241312,0.396
14.508949041366577,-0.7361699936814022,0.0,-0.058261643012586434,-0.2021379629659406,0.402
14.519107580184937,0.0,0.0,-0.05208810787525185,-0.17091646099555846,0.402
14.529268026351929,-0.7381565609160878,0.0,-0.016562192500168948,-0.1423232748137669,0.402
14.539424419403076,0.0,-1.476902274701284,-0.07963390962528036,-0.20442962835512685,0.402
14.549596071243286,0.0,-2.949373461781872,-0.08759096950911044,-0.12310823996584416,0.402
14.559903860092163,0.0,-0.727605125595596,-0.008801072414486168,-0.09305363128208555,0.402
14.570132970809937,-1.4664031325750513,0.0,-0.05388358511559339,-0.17324260967970406,0.399
14.580292701721191,0.7382085279140168,-3.691042639570084,-0.06339590535517134,-0.13659707028738405,0.399
14.590457916259766,1.4756206023079088,-2.9512412046158176,-0.09605083800833561,-0.10784421549136575,0.399
14.6006178855896,0.0,0.0,-0.13745309993918942,-0.18335081783375345,0.399
14.610814571380615,0.0,0.0,0.0466867939535416,-0.09876377517254677,0.398
14.620991230010986,-0.7369806016305875,0.0,-0.04667733366993285,-0.1370340621128785,0.398
14.631168127059937,-0.7369633360665339,0.0,-0.0021482775596451294,-0.058925863012678034,0.398
14.641369581222534,0.0,-1.470378610825465,-0.06889584461389232,-0.12185357284833186,0.398
14.651532411575317,0.0,-2.2139501712569793,-0.06889584461389232,-0.12185357284833186,0.398
14.661807775497437,0.0,0.0,-0.15428979255976144,-0.043796082854185785,0.398
14.671991348266602,0.0,0.0,-0.01744082034714324,-0.1137143025851089,0.398
14.682153463363647,0.0,-0.7380353330361542,-0.007356874027230932,-0.2088506666107932,0.398
14.692315340042114,0.7380526488667823,-5.904421190934259,-0.07967158156017258,-0.07395528700315836,0.398
14.702475786209106,0.0,-1.4763131218321757,-0.11209535425430725,-0.04644665069958148,0.402
14.712639093399048,0.0,0.0,-0.11602582142105428,-0.10032454477615274,0.402
14.722908973693848,0.0,0.0,-0.09738223391061475,-0.05635412758535963,0.402
14.733069658279419,0.0,0.0,-0.04554897893202352,-0.0886664999119805,0.402
14.743247985839844,0.0,0.0,-0.12853993118038648,-0.11055891410344995,0.402
14.753467321395874,-0.7339028999370086,0.0,-0.08667304859295885,-0.11808516933398806,0.402
14.763640880584717,0.0,-2.211615382812683,-0.05560967059220576,-0.14625649906015584,0.398
14.773912191390991,-0.7301891785241753,0.0,-0.1534860617994181,-0.12152880673312957,0.398
14.78407597541809,0.0,-0.7379141449683322,-0.10579324290397338,-0.0235756408611564,0.398
14.79425597190857,2.210216871984636,-7.367389573282121,-0.06499755960108461,-0.10288804161577161,0.398
14.804418325424194,0.0,0.0,-0.14164529533222123,-0.10715037473905992,0.4
14.814576148986816,-0.7383471423541837,0.0,-0.0795881315738132,0.017378782034262973,0.4
14.824738264083862,0.0,0.0,-0.07902202344292383,-0.03224409092442606,0.4
14.834933042526245,-1.4713414405986902,0.7356707202993451,-0.12539892349590204,-0.09827990272005163,0.4
14.845094680786133,-1.4761399310199197,2.2142098965298795,-0.0733094590253818,-0.029164399159527926,0.4
14.855261325836182,2.213119459687632,-11.065597298438158,-0.07348436425204163,-0.016214336756685696,0.4
14.865423679351807,-0.738018018018018,0.0,-0.15170212776665665,-0.0717313160901129,0.399
14.87559723854065,0.0,0.7372051276042276,-0.06767211213384404,-0.07430633710690344,0.399
14.885793447494507,0.0,-0.7355675068980031,-0.019822450232497617,-0.06011126333610566,0.399
14.895991325378418,0.7354471278610338,-8.825365534332406,-0.13311441780153307,-0.05725197187846319,0.399
14.906181335449219,0.0,0.0,-0.08111929415901353,-0.10086985644623306,0.398
14.916352987289429,-0.737343365445468,0.737343365445468,-0.0028087292458257307,-0.13898327026344195,0.398
14.926518678665161,0.0,-3.688878465218819,-0.06984437770916117,-0.1640785292435115,0.398
14.936686515808105,0.7376199967172368,-1.4752399934344735,-0.11760273128388281,-0.098836636662413,0.398
14.946852445602417,0.0,-2.2132751706184477,-0.10898562931944555,-0.024889411356836,0.398
14.95703411102295,0.0,-0.7366181945907972,-0.047640160773691265,0.01786360117807928,0.398
14.967201709747314,-0.7376372930638277,0.0,-0.03756868493638587,-0.07732368636487666,0.397
14.977370262145996,-0.7375681125439625,2.2127043376318873,-0.07859569444736335,-0.06354774007642837,0.397
14.987536430358887,0.0,-1.475482176360225,-0.11419643799859351,-0.028270106682690005,0.397
14.997755527496338,0.7339200223974616,-5.137440156782231,-0.00343234420410904,-0.04158196469892831,0.397
15.007938385009766,0.0,0.0,0.06263763995242408,-0.07428596412349078,0.395
15.018100500106812,0.0,0.0,-0.036195409756989885,-0.10524739301253502,0.395
15.028263568878174,0.0,-3.6898303891899498,-0.05315146064065143,-0.07615549069760276,0.395
15.03843092918396,0.0,-1.4753091804431937,0.006802624225761032,-0.07570492374345274,0.395
15.04859447479248,0.7379314551127166,-2.9517258204508665,0.03150281707027043,-0.05192070531449891,0.395
15.05877423286438,0.0,0.0,0.002931541981742506,-0.09045300427934,0.395
15.068970441818237,-0.7355675068980031,0.0,-0.11700147502702163,-0.052946983984541375,0.396
15.079138278961182,0.0,0.0,-0.1219642460345305,-0.011147782392132658,0.396
15.089311361312866,-0.7372396822048793,0.7372396822048793,-0.00948703146736478,0.023014978984508327,0.396
15.099479675292969,-0.7375854064573613,0.7375854064573613,0.047302419403884355,0.03174809960697878,0.396
15.10964584350586,0.7377410881801125,-6.639669793621014,0.01150264011637284,-0.004963401411494352,0.397
15.119837999343872,0.0,0.0,-0.060334193137302164,-0.03724565092902982,0.397
15.130003213882446,0.0,0.7378103011539544,-0.039621264795826755,-0.003324360435333266,0.397
15.140172719955444,0.0,0.0,-0.024799301544715796,-0.004529374684469899,0.397
15.150378942489624,0.0,-5.143920762474304,-0.005282249678190697,-0.071429537135862,0.397
15.160544633865356,0.7377756930437638,-2.2133270791312913,-0.017390960950134166,-0.04905019155424158,0.397
15.170704364776611,0.0,-0.7382085279140168,-0.07680016346147683,-0.09164044020382443,0.398
15.180903911590576,-1.4706535764375877,0.0,-0.029994760092765735,-0.010787531764611521,0.398
15.191059589385986,0.0,0.7385031458352896,-0.014512208165467444,-0.05286956994388312,0.398
15.201212167739868,0.0,0.0,0.017709587665635403,-0.06980295046945542,0.398
15.211366415023804,-0.7386071847851609,2.9544287391406434,-0.07973222439530693,-0.0831225462087028,0.396
15.22151517868042,-0.7390062724645852,-8.129068997110437,-0.07630587109716196,-0.07904034606613176,0.396
15.23168134689331,0.0,0.7377410881801125,-0.048092148315997736,-0.06736285645626874,0.396
15.241857290267944,-0.7370324031770576,0.7370324031770576,-0.0032111400022760313,-0.04555480683838324,0.396
15.252033233642578,-0.7370324031770576,0.7370324031770576,0.06648095009888413,-0.04752572177677663,0.396
15.26220703125,0.0,-4.423127109111361,-0.054953528782828984,-0.08024413631351432,0.396
15.272363662719727,0.0,-3.6921690140845067,-0.14903914499857693,-0.04556791451381495,0.399
15.282532215118408,0.0,-0.7375681125439625,-0.07557846728604067,0.013451681191852034,0.399
15.292702198028564,0.0,0.0,0.0013491799122310154,0.04121034266625028,0.399
15.30294418334961,-0.7322799012989432,0.0,-0.01497149506165596,-0.0502879984255509,0.403
15.313109636306763,-0.7377929966930131,0.7377929966930131,-0.0867986820404312,-0.03061373438194602,0.403
15.323267221450806,-0.7383644728194535,0.0,-0.09446140506265666,-0.05951611009797331,0.403
15.333422183990479,0.0,0.0,-0.09830977550669985,-0.03032495435799113,0.403
15.34357237815857,-0.7389021210626453,0.0,-0.036005578450601136,0.008842803777329326,0.403
15.353726387023926,0.0,-7.386245274601422,0.012149617759728826,-0.0024187250055938848,0.403
15.363911390304565,0.0,0.0,-0.046225089842605996,-0.04142498066176048,0.401
15.374080657958984,-0.7375162356692377,-3.6875811783461887,0.011072727837197281,-0.051901005355152574,0.401
15.384260654449463,0.0,-3.6836947866410603,0.06870286220069222,-0.03899111822139442,0.401
15.394460916519165,-1.4705504522824486,0.0,-0.04929201011428582,-0.08827648316214043,0.401
15.404664516448975,0.0,-7.350346986938336,0.0605017236030487,-0.056563838659423715,0.401
15.41490650177002,0.0,0.0,0.23663302047431656,0.007001934872064876,0.401
15.42506456375122,0.0,-7.3832981270243625,0.22557714021075437,-0.02449325127268565,0.401
15.43522310256958,0.0,0.0,0.2177737013496956,-0.00142940611647908,0.401
15.445401191711426,-0.73687702037948,0.0,0.21325515852532928,0.0382677442772778,0.401
15.45556116104126,-0.738191204768386,-4.429147228610316,0.3379019474432252,0.06583551316921422,0.401
15.465717792510986,0.0,0.0,0.3511055342598362,-0.044361017732802155,0.403
15.475929975509644,-0.7344169215324633,0.0,0.42355189034392426,-0.03080866844235486,0.403
15.486087560653687,0.0,-5.168551309736174,0.4416802868528709,0.007595595677486725,0.403
15.4962477684021,0.0,-1.476347764871524,0.49865796182094696,-0.06745405905260585,0.403
15.50640344619751,-0.7385031458352896,0.0,0.43618849240504964,0.01049403016119547,0.405
15.516564846038818,0.0,0.0,0.519752046381646,0.05486363781143814,0.405
15.526822328567505,-1.4623471166585313,-0.7311735583292657,0.5119564060072822,0.05155282517157783,0.405
15.537001848220825,0.0,-2.947093872962338,0.4527883456958467,-0.01392273066085182,0.405
15.547155380249023,0.0,-1.4773184305069622,0.5913935251279354,0.0037474419954197716,0.405
15.557311773300171,0.0,0.0,0.6009884992018424,-0.029968414437071007,0.405
15.56748366355896,0.0,0.0,0.5351135334702867,-0.027567065841152726,0.403
15.577640771865845,-0.7383991361907891,0.0,0.5299608760343141,0.02599193926391744,0.403
15.587913274765015,-1.4602088845564685,0.0,0.5773222768724736,-0.062078344421283155,0.403
15.59806752204895,0.0,0.0,0.5792583381843435,-0.15617284720990074,0.403
15.608236074447632,-0.7375681125439625,0.0,0.5668106580528666,-0.05938574924868234,0.403
15.618393898010254,0.0,0.0,0.5230931462734941,-0.04143909656606518,0.403
15.628549098968506,-1.4770756444569657,1.4770756444569657,0.48544034627380156,0.015131330588066748,0.403
15.638703346252441,0.0,0.0,0.5462176433855648,0.022487895370114766,0.403
15.648993730545044,0.0,0.0,0.5366484446052021,-0.05285108250419518,0.403
15.659199476242065,-0.7348801569873382,1.4697603139746764,0.490583338791123,-0.005599621097118022,0.403
15.669362306594849,-0.7379833904189931,0.0,0.5285513450430565,0.017188332543347264,0.397
15.679516077041626,-1.4772837418991265,0.0,0.5205158285833977,-0.06082342561217512,0.397
15.689677238464355,-1.4762092024683826,0.0,0.5517862697570092,-0.07573124313072235,0.397
15.699963569641113,0.729122937140738,0.0,0.5020094121196865,0.017322863196801215,0.397
15.71013617515564,1.4745484800899993,0.7372742400449996,0.44832600857917065,-0.04180034952405034,0.398
15.720310926437378,-0.7371187552722842,0.0,0.4044745051544174,0.013879836150836492,0.398
15.730488777160645,0.0,2.210682845697955,0.4533518072981318,0.03132227691065106,0.398
15.742446660995483,-2.508805104177051,3.7632076562655765,0.3663742688506957,-0.022863425687451457,0.398
15.752672672271729,0.0,1.4668475904035811,0.4557034987687186,-0.0037024285414551487,0.398
15.762945890426636,-0.730053609970062,3.6502680498503097,0.4654610861005418,-0.07045266854730808,0.397
15.773178100585938,-1.465958944008202,0.0,0.37923519690768737,-0.0438808554828611,0.397
15.783388376235962,-1.46910823117338,2.20366234676007,0.3834163503155552,-0.00842804807758454,0.397
15.79360318183899,0.0,2.2026850900942954,0.4131881079913552,-0.040088506485629984,0.397
15.803824663162231,-0.7337488337376376,0.0,0.28612838924912315,-0.06838704545170599,0.398
15.814097166061401,0.0,1.4602088845564685,0.3043000684084823,-0.010810180438119064,0.398
15.824310779571533,-1.4686281192371438,0.0,0.28146345759092306,-0.08673871869832078,0.398
15.834522247314453,-0.7344683632967546,4.4068101797805275,0.27507936787402953,-0.16606004291355653,0.398
15.844732761383057,-0.7345369635268295,1.469073927053659,0.24598624996560614,-0.10443258408221258,0.398
15.8550705909729,-0.725490774907749,0.725490774907749,0.2828253713033034,-0.03501877180855225,0.398
15.865283727645874,-1.4686966874430982,2.2030450311646472,0.21850941937088728,-0.14025281922046484,0.399
15.875496864318848,0.0,2.2030450311646472,0.1529029538721711,-0.06564524538432871,0.399
15.8857102394104,0.0,0.7343312012699005,0.12381949702080108,-0.0962764028820625,0.399
15.896122217178345,0.0,2.881296970529642,0.018663990192217185,-0.13587709284600122,0.399
15.906394243240356,0.0,2.9205533376659547,0.10335620833056726,-0.053239265400878574,0.399
15.91664743423462,-2.1944387861876526,1.4629591907917683,0.05653655390224287,-0.10227873330995454,0.399
15.92694878578186,0.0,0.7280598051241697,0.022843313296685545,-0.13621679273094855,0.399
15.937135457992554,-0.736256143800028,1.472512287600056,0.03700900220657704,-0.12164846275757622,0.399
15.947303771972656,-1.4751708129147225,1.4751708129147225,0.045351793594029334,-0.14622560243074886,0.399
15.95747447013855,-0.7374125038092783,0.0,0.05698679636313134,-0.06110468322489359,0.399
15.967647075653076,-0.7372742400449996,0.7372742400449996,0.03161536927947853,-0.11201248088597146,0.4
15.9778311252594,0.0,0.7364457450544305,-0.11660772489778126,-0.16365950652323133,0.4
15.988057851791382,-1.4667449993006014,2.933489998601203,-0.06747096966216577,-0.14581171630140125,0.4
15.998228788375854,-0.7373952180028129,1.4747904360056259,-0.13932915503740534,-0.13439609879741812,0.4
16.008397579193115,-0.7375508194415137,1.4751016388830274,-0.0775703204840674,-0.04065768169978329,0.397
16.0185706615448,0.0,1.4744793644097587,-0.05391079281460931,-0.15069395555495163,0.397
16.028742790222168,0.0,1.4746176022500879,-0.14654075560593274,-0.11106887487064944,0.397
16.03891396522522,0.0,0.0,-0.07564145317598774,-0.10023456192757987,0.397
16.049121856689453,-1.469451360504496,0.734725680252248,-0.08065262440575356,-0.1998222098983476,0.397
16.059293746948242,-0.73732608288018,0.0,-0.11597577129396741,-0.1741477895600155,0.397
16.069463968276978,-0.7374470778535762,0.7374470778535762,-0.15307536653831055,-0.15787704707785508,0.399
16.07963538169861,0.0,1.4747212976419295,-0.22856242459057374,-0.18035878578689762,0.399
16.089839458465576,0.0,1.4700007009509568,-0.12589922413297108,-0.12360415774820457,0.399
16.100024700164795,-0.7363595505617977,0.0,-0.21158947820270854,-0.21488673770612976,0.399
16.110234022140503,-0.7346227318371826,0.0,-0.17495946085330902,-0.18233124266631803,0.398
16.120403051376343,0.0,0.7375335271499578,-0.1443632681274084,-0.12996220494037278,0.398
16.130573272705078,-1.4748941557071524,0.0,-0.18695424854054574,-0.1402184325605705,0.398
16.140745162963867,0.0,0.73732608288018,-0.19911690028084333,-0.13647717341022092,0.398
16.150928258895874,-5.892117721430076,-0.7365147151787595,-0.19073848479790445,-0.1634082577773403,0.398
16.161210775375366,0.0,0.0,-0.17479966603683073,-0.09194790485578504,0.398
16.17139458656311,0.0,0.0,-0.14523700771889447,-0.08070082574095093,0.398
16.181577682495117,0.0,0.0,-0.17365105877879297,-0.14876026595056138,0.398
16.19175148010254,-0.7371878515185601,0.0,-0.23051227833341414,-0.178264501120075,0.398
16.20194697380066,0.0,0.0,-0.17848216418176072,-0.17444841297101985,0.402
16.21211814880371,-1.4747558660134548,0.0,-0.20189002818390467,-0.22999099664723194,0.402
16.22229790687561,0.0,0.0,-0.24834959668182768,-0.15285679113635212,0.402
16.23248529434204,-0.7362044513094151,-1.4724089026188303,-0.155098627521874,-0.07843212075393194,0.402
16.242663383483887,0.0,-0.73687702037948,-0.10794076237308114,-0.1597786731943361,0.402
16.25297737121582,0.0,-0.7271678224687933,-0.1620656298034345,-0.13153066391453277,0.402
16.2631676197052,0.7359977539131045,0.0,-0.12424101012768976,-0.09392117153853538,0.401
16.273343324661255,2.211149015932521,-1.474099343955014,-0.1661284214834967,-0.14570986286650459,0.401
16.283514976501465,-2.2120300963364037,2.949373461781872,-0.16945869644853692,-0.17776060415293815,0.401
16.293692350387573,0.73692880736524,-2.94771522946096,-0.09812706259201975,-0.15513824930482273,0.401
16.303974866867065,2.1881803005008345,6.564540901502505,0.01407708638732097,-0.17276221143275702,0.402
16.314148902893066,-2.948682304970356,-0.737170576242589,-0.06893311150485701,-0.16721939541199704,0.402
16.32431936264038,-7.374297904261803,-0.7374297904261803,-0.12084306807674726,-0.13635809158160142,0.402
16.334489345550537,0.0,0.0,-0.08257760356019446,-0.14843833581161503,0.402
16.344664096832275,0.0,-0.7371187552722842,-0.14857463871540538,-0.11461256072042365,0.402
16.35493016242981,0.0,0.0,-0.0947002353276209,-0.02920184577091546,0.402
16.365100860595703,0.0,0.0,-0.015003724182010247,-0.04950334246604851,0.399
16.37527346611023,0.0,0.0,-0.049042854461811114,-0.16615924231706847,0.399
16.385456562042236,0.0,0.0,-0.10521738510851572,-0.12229081556009441,0.399
16.39564561843872,0.0,-1.4721677274429052,-0.0003748417653650152,-0.1384277522254006,0.399
16.405896186828613,0.0,0.0,-0.05427675711022143,-0.19510512905152091,0.404
16.41611957550049,-1.4672238805970148,-0.7336119402985074,-0.04375791195287833,-0.1131289506554657,0.404
16.426355600357056,0.0,-0.732706309831598,0.004473755889164221,-0.029842680416241538,0.404
16.436559200286865,-0.7350346986938336,0.0,-0.019524170029235583,-0.1017413940002416,0.404
16.446802377700806,2.196584037427554,0.0,-0.03461102914427384,-0.054927918641361484,0.404
16.45702624320984,0.0,0.0,-0.0006970309502605224,-0.0647428659441,0.404
16.467209577560425,0.7364974714365986,0.0,-0.026413585498048214,-0.10947380483047181,0.406
16.477386236190796,1.473961203261175,-0.7369806016305875,-0.06801619084631709,-0.15577124960961905,0.406
16.48755931854248,0.0,0.0,0.003703769372581784,-0.13546474023965097,0.406
16.497729778289795,0.0,0.0,0.1084423003498105,-0.13846432949443327,0.406
16.508002996444702,0.0,-0.730053609970062,0.05971229081049656,-0.08138597115762708,0.404
16.518171787261963,-0.7375508194415137,0.0,-0.012240443517795959,0.009276952817339493,0.404
16.528340578079224,0.7375508194415137,0.7375508194415137,-0.09265648248089452,-0.0480789057117819,0.404
16.538511037826538,0.0,6.636868113835623,-0.10537064179384456,-0.06803338506554775,0.404
16.548684120178223,-6.6351571398439155,1.4744793644097587,0.018027724684690237,-0.004946498878120084,0.404
16.558992385864258,0.727571468220927,0.0,0.056723694707685825,-0.05451986994330885,0.404
16.56916117668152,0.7375508194415137,0.0,-0.006881463385771273,-0.05110942358188299,0.403
16.57932949066162,0.7375854064573613,0.0,0.01211433962739782,0.03820813704631437,0.403
16.589518308639526,0.7361010881010881,0.0,0.0492144227301363,0.04772542835586236,0.403
16.599687576293945,0.0,0.0,-0.012948771125026098,0.027799749088828853,0.403
16.60990023612976,0.0,1.4687652620520601,-0.06510271945000311,0.05579253677472352,0.408
16.620088815689087,2.2083549398605324,0.0,0.019170963885943394,0.061509395591373695,0.408
16.630261182785034,0.0,0.0,0.016285228011717025,-0.11355965934730303,0.408
16.64043116569519,-2.9498574643660915,-0.7374643660915229,-0.028047645038681148,-0.09371843051369783,0.408
16.650598526000977,0.7376545902215969,-0.7376545902215969,-0.004673755682956675,-0.0021648792976912135,0.408
16.660776376724243,2.947577127597273,0.0,-0.041127187118116686,-0.009388968709362032,0.408
16.67106819152832,2.91493779970811,0.0,-0.003257955495903731,0.03500397302661525,0.406
16.681259870529175,18.39736121833111,-19.133255667064358,-0.11790665759115501,-0.07954345413218465,0.406
16.69148015975952,0.7338344180838406,-1.4676688361676813,-0.09938296228777355,-0.02863278500817648,0.406
16.701663970947266,0.0,0.0,-0.12245683555199191,-0.024855179528030943,0.406
16.711878538131714,0.0,-1.46849100203067,-0.14677921919110543,-0.06004696119020379,0.405
16.722071170806885,0.7358255947229304,-1.4716511894458608,-0.08820095010064757,0.029450191663810098,0.405
16.73224186897278,1.4748250076185565,-0.7374125038092783,-0.10490308992671979,-0.04076679140727734,0.405
16.74276638031006,0.7126221597988356,0.0,-0.09245769651409633,0.05108287494631969,0.405
16.753113508224487,2.174516463512984,-1.4496776423419895,-0.05977089099682185,0.06900115666137027,0.405
16.763400316238403,0.72908913920178,0.0,0.029720523966962707,0.09152830007859866,0.404
16.773579835891724,0.7367734682405845,-2.2103204047217537,0.019610878427648547,0.05328371654617429,0.404
16.783748388290405,1.475136225087925,-2.2127043376318873,0.08150620445159831,0.14043962207519428,0.404
16.793946504592896,0.0,0.0,0.06974117502581151,0.15533654376630254,0.404
16.804105520248413,1.476521004459047,-0.7382605022295236,-0.016497450233041763,0.16348835235694095,0.402
16.814260721206665,0.7385378222284829,-0.7385378222284829,0.03029858855234779,0.22231104180517586,0.402
16.824431896209717,0.0,0.0,0.11006592470465579,0.17261583917489612,0.402
16.834588766098022,0.7384164690969696,-1.4768329381939391,0.0595895613410585,0.16496635890786432,0.402
16.844743490219116,0.0,0.0,0.12003773709331383,0.2834778958874877,0.402
16.854952335357666,0.0,-1.4693140895396903,0.15026187442659492,0.27495538554747356,0.402
16.86511731147766,1.4756552128532896,0.0,0.09233003073185567,0.255405455872991,0.402
16.87529420852661,0.0,0.0,0.046218227633318176,0.31266066231768563,0.402
16.88546919822693,0.0,0.0,0.1354658842838154,0.3293599482219439,0.402
16.89566946029663,0.0,0.0,0.1136932028653698,0.20745274276186135,0.402
16.905977964401245,0.0,0.0,0.10571394356652672,0.2288212184229714,0.404
16.916192770004272,0.0,0.0,0.1362572878466278,0.3230337177527349,0.404
16.926360845565796,0.737602701181767,0.0,0.0986332342893016,0.26096033986537126,0.404
16.93651294708252,4.432579789107818,-2.216289894553909,0.07006911597413074,0.2845605057392353,0.404
16.946667671203613,0.0,-0.7385725018782869,0.15982697545363264,0.31347782990228856,0.404
16.956926584243774,0.0,0.0,0.15651657285813445,0.2146927922613854,0.404
16.967113256454468,0.0,0.0,0.089496413526202,0.2230125062108678,0.402
16.977288722991943,0.0,0.0,0.12272840844482123,0.2814520505749453,0.402
16.987451791763306,0.0,-0.73796607783799,0.0836656000511811,0.22391563277566187,0.402
16.99760937690735,0.0,-1.476728945638907,0.09936359151929551,0.2955817398363206,0.402
17.007766246795654,0.0,-0.7384164690969696,0.15428398112476643,0.3290881451711226,0.399
17.018035173416138,-0.7303587100369158,0.0,0.11544641806651831,0.3175168113896265,0.399
17.028188943862915,-1.4772837418991265,1.4772837418991265,0.06888585831359922,0.3447584580574518,0.399
17.03834104537964,0.0,0.0,0.13882045367028348,0.2794485630410994,0.399
17.048494577407837,0.0,0.0,0.11126351898611261,0.24169678012704215,0.399
17.058646202087402,-0.7387979990135982,0.0,0.10657153889577793,0.21454173749431488,0.399
17.068832397460938,0.0,0.7362906094934931,0.14647623628687795,0.27933826477978985,0.403
17.079090356826782,-0.7311395700174317,-0.7311395700174317,0.08476505690566496,0.20575535484994414,0.403
17.08926248550415,-2.2119264033751316,-1.4746176022500879,0.049024136930256056,0.29446326317401283,0.403
17.09942317008972,0.0,3.6906962010465305,0.061919080573260676,0.30888531100265704,0.403
17.109646797180176,0.0,-3.6679741610503487,0.05508740382501014,0.23848246912265647,0.402
17.119900703430176,0.0,0.0,0.05418749936596599,0.22576310033214983,0.402
17.130074501037598,-1.4743757030371203,0.0,0.0972438068155872,0.2358369981359157,0.402
17.140230178833008,-4.431018875011738,0.0,0.07637741187042454,0.19379843651716222,0.402
17.150389909744263,-0.7382085279140168,0.0,0.054960334598187076,0.22881024711986447,0.402
17.160597562789917,0.0,0.0,0.11025563896385923,0.2475432611949694,0.402
17.17077612876892,-2.2105274992972923,0.7368424997657641,0.05497379868919432,0.15148248908768094,0.402
17.180963039398193,-0.7362389121632691,0.7362389121632691,0.07180318262197319,0.17408725931740976,0.402
17.191123247146606,-0.738173882435762,0.0,0.07681406776433748,0.1630320198161896,0.402
17.2012836933136,0.0,0.0,-0.030888540138646066,0.17519360465918254,0.402
17.211437702178955,-2.2158735823804268,0.0,-0.007478165689797492,0.1805506630593821,0.404
17.22159218788147,-2.2157695287736847,0.0,0.04354060198715675,0.024022890179242976,0.404
17.231744289398193,-2.216289894553909,0.7387632981846363,0.05784711760967001,0.0852832922227581,0.404
17.242015600204468,-1.4603783570483506,0.0,0.0973822924183205,0.11799081177227315,0.404
17.25216817855835,-0.738728600615269,0.0,0.10464213776231385,0.06490837899975051,0.404
17.262322902679443,-1.4771450037565739,0.0,0.06852165144382237,0.05004747423656732,0.4
17.272485733032227,-0.7379833904189931,0.0,0.1170654712783025,0.06427056187408785,0.4
17.282652139663696,0.0,0.0,0.05196850988058268,-0.03315001880762798,0.4
17.29284167289734,-1.4720988347606345,0.0,0.03487049391293692,0.007287126043395171,0.4
17.303050994873047,-2.203868195511548,0.0,0.11583664243362615,0.052877601783760046,0.403
17.313211679458618,-2.9525569608372244,0.0,0.08140175827838084,-0.055152829135620356,0.403
17.323378324508667,-0.7377064865625439,0.0,0.002711422778025982,-0.08974063175738645,0.403
17.333553314208984,-0.7371014832345291,0.7371014832345291,0.04492999812276323,-0.02566185455898793,0.403
17.343711376190186,-1.4766596254048725,0.7383298127024363,0.12668994183914925,-0.05842690142334812,0.403
17.353946208953857,-0.7327916511367871,0.0,0.06484341678171444,-0.06691097832265674,0.403
17.364126682281494,-1.473408899297424,0.0,0.017886321106501693,-0.029307089500972702,0.405
17.374298572540283,-0.73732608288018,-0.73732608288018,0.07593342877355608,-0.04010317590582155,0.405
17.384470224380493,-1.474686730890936,0.737343365445468,0.07876942244129095,-0.1259885497496754,0.405
17.394639492034912,-1.4750324713384755,0.0,0.060665511350598736,-0.13875039694462107,0.405
17.404918909072876,-0.7296133596196219,0.0,0.07299230141865698,-0.10431737426604276,0.401
17.415160179138184,-1.4646620882318706,0.0,0.025243462712627805,-0.1570151441568205,0.401
17.425355195999146,0.0,0.0,-0.010674317488967262,-0.08905050902164656,0.401
17.435516357421875,0.0,0.0,0.06182011002831292,-0.04968393510534258,0.401
17.44567322731018,-1.4768329381939391,0.0,0.08948620744636551,-0.11495700065575878,0.401
17.455833196640015,0.0,0.0,0.022460002581868498,-0.1482012266768228,0.401
17.466119289398193,-0.729139837285307,0.0,0.011563569571724473,-0.08509557529194794,0.408
17.47628664970398,0.0,0.0,0.05999913096768773,-0.11836278544562287,0.408
17.4864444732666,-0.7383471423541837,0.0,0.06807994673426396,-0.19349747443121332,0.408
17.496606826782227,-0.738018018018018,0.0,0.00791575236564576,-0.1886473533789286,0.408
17.50676918029785,0.0,0.0,0.0457717828996544,-0.0930037315435061,0.406
17.517035961151123,0.0,0.0,0.03236160276060532,-0.08020924232057061,0.406
17.527190923690796,-1.4771103232925598,-0.7385551616462799,-0.02202047167374484,-0.1661811717587622,0.406
17.5373477935791,0.0,-1.4768329381939391,-0.014728657459040747,-0.1293085644566601,0.406
17.5475013256073,-1.4773184305069622,0.7386592152534811,0.02710387602843744,-0.1650498636035413,0.406
17.557655096054077,-3.693209354747816,1.4772837418991265,0.01094374371934522,-0.12965743088648618,0.406
17.567821264266968,-0.7377410881801125,0.0,0.09313498377665434,-0.05967963816690176,0.407
17.578018188476562,0.0,0.0,0.057433168325588105,-0.002107159090213001,0.407
17.588178157806396,0.0,0.0,-0.002251422744644252,-0.07353364511623778,0.407
17.598331451416016,-0.7386765603719532,-0.7386765603719532,0.027416250521930474,-0.07516386844313105,0.407
17.608487844467163,0.0,-0.738451137350642,0.08988006250779523,-0.062484831257338946,0.405
17.618642568588257,-1.4771450037565739,-0.7385725018782869,0.04711402135218146,-0.10938114820792337,0.405
17.628809452056885,0.0,0.0,-0.019201388810329026,-0.14606574988653867,0.405
17.63898491859436,0.0,-0.7370669415871974,0.07480203559951731,-0.1167365691808924,0.405
17.649141788482666,-0.7384164690969696,0.0,0.12179532357211632,-0.06428133025138408,0.405
17.659303188323975,0.0,-0.7380872829657438,0.11346891185788766,-0.09422176109312892,0.405
17.669514179229736,0.0,0.7345026618100308,0.03816472535715465,-0.12609410239792332,0.404
17.67970609664917,5.15114063815851,5.15114063815851,0.07387540647734711,-0.10397530459000659,0.404
17.68989324569702,-1.4724433626661673,-1.4724433626661673,0.07203415033576256,-0.1164086520571297,0.404
17.700082302093506,-3.680419318607263,1.4721677274429052,0.030746961379788093,-0.15959781123214256,0.404
17.71029829978943,0.734142687110551,-2.936570748442204,0.11041510737901641,-0.12556702362134642,0.407
17.72047185897827,-12.532487169271871,0.0,0.15783010848702894,-0.08470905705355992,0.407
17.730642318725586,-0.7374297904261803,-1.4748595808523606,0.0142378544614934,-0.013922812331767731,0.407
17.74084997177124,0.0,0.0,0.06171315234741662,0.07766652437658508,0.407
17.75416088104248,-0.5634476088124664,0.0,0.09252603698695067,0.017385837687370786,0.407
17.764374017715454,0.0,0.0,0.0911356547569745,-0.12731084226970366,0.405
17.774563312530518,1.4721332802957623,-0.7360666401478811,0.1011925875474472,-0.11527178522833567,0.405
17.784743309020996,-2.210216871984636,0.736738957328212,0.13289241792623138,-0.05487327213198795,0.405
17.794955253601074,0.0,0.0,0.056130783318728956,-0.06820160128938206,0.405
17.805179357528687,2.200681855280647,0.7335606184268825,-0.037320167299702334,-0.1243716402816371,0.406
17.815349340438843,0.0,0.0,0.089382622410514,-0.08834866296410739,0.406
17.825523376464844,-0.737170576242589,0.0,0.14409971601039487,-0.04519160634886049,0.406
17.835723876953125,0.0,0.0,0.07014883831683108,-0.11611728658200893,0.406
17.845949172973633,0.7334750979294907,0.7334750979294907,-0.042978366546984996,-0.12595484678005447,0.406
17.856128931045532,-0.7367562123802609,-0.7367562123802609,0.08716960917818595,-0.08855640721032784,0.406
17.866297245025635,0.0,-2.2127562193720838,0.11371675719104571,-0.11126457815141808,0.403
17.876500368118286,-1.4701381002453557,1.4701381002453557,0.09065590175417329,-0.09905124693143524,0.403
17.886666774749756,-1.475447573931193,0.0,0.13543763212527404,-0.0005567718839932789,0.403
17.896846771240234,0.0,-0.736738957328212,0.11507316228939707,0.023769052153081005,0.403
17.907052993774414,-0.7348458232106148,3.6742291160530742,-0.008360603901310222,-0.06538107428224277,0.399
17.917255640029907,0.0,-2.2053102142873833,0.06390328664190771,-0.0729986810653662,0.399
17.92744779586792,1.4717200402348591,3.679300100587148,0.14539086169852686,-0.05118041324613075,0.399
17.937629461288452,-1.4732363891815945,-15.468982086406744,0.07769071672210817,-0.07223438582650954,0.399
17.947805881500244,0.0,0.0,-0.018855085930593565,-0.06476495906490258,0.399
17.958000421524048,-0.7356879253490493,0.0,0.0076511643480963055,0.026213977085079887,0.399
17.968228816986084,0.0,0.0,0.09041071602738285,0.013345969367208804,0.407
17.978403091430664,0.7371533017762572,0.7371533017762572,0.040083401037625796,-0.012061226988492865,0.407
17.98858118057251,2.21063106113844,0.0,0.051524840451875,-0.022209708401087158,0.407
17.998750686645508,0.7374989449992967,0.0,0.13208214769774687,0.045219038274352,0.407
18.008967876434326,0.7340570308489289,0.0,0.14539875124928464,-0.0337111164611065,0.402
18.019190311431885,0.0,0.0,0.13108161730414655,-0.03645785502285222,0.402
18.02936339378357,0.0,-0.7372396822048793,0.08917390477230616,-0.031543380842023544,0.402
18.039531230926514,0.0,-1.4752399934344735,0.048785538567077416,-0.052277105469912905,0.402
18.04970097541809,0.0,0.0,0.0568463996176377,-0.06618533934827864,0.402
18.059882402420044,0.7366354439865118,0.0,0.10754526502790752,-0.010715662324844513,0.402
18.070072174072266,0.0,0.7360321954187042,0.11953340231493585,-0.08891615244644481,0.406
18.080245971679688,4.423127109111361,-2.9487514060742406,0.11260339750391571,-0.0752809925617983,0.406
18.09046506881714,-2.2017600671923847,0.0,0.21110837395054993,-0.03266817681012282,0.406
18.100640058517456,-2.2113044497035874,1.4742029664690581,0.22410885304017553,-0.003114607146475226,0.406
18.110817670822144,0.0,2.9476461769115443,0.16206013335130143,0.11146059132494114,0.402
18.121015071868896,-0.7354815178508802,0.0,0.1766628592925143,0.14483830353908497,0.402
18.131184577941895,11.799983119988747,-7.374989449992967,0.11634665384371827,0.056090377106744645,0.402
18.14139223098755,11.755885458027748,-7.347428411267342,0.11493398075257177,0.04931101988448332,0.402
18.15156388282776,0.737343365445468,0.737343365445468,0.15291947399807626,0.02639596849004488,0.402
18.16173815727234,0.7371533017762572,0.7371533017762572,0.08797323909220231,0.01004287565859769,0.402
18.17198133468628,2.9287787165700716,0.7321946791425179,0.11078523996954667,0.07920662298184944,0.402
18.182170629501343,0.7360666401478811,1.4721332802957623,0.17318704824635295,0.09405075425654132,0.402
18.192397832870483,1.4666766132040283,0.0,0.05768434291928893,0.07792165115374632,0.402
18.202577114105225,2.9471628996369597,0.7367907249092399,0.06843781515498548,0.11356873313378246,0.403
18.2127525806427,-0.7370669415871974,0.0,0.19060678701439046,0.1055104997184468,0.403
18.222978830337524,0.733406695887345,0.0,0.1919504793741081,0.07098257295046535,0.403
18.233165502548218,1.472512287600056,0.0,0.1579941507733061,0.1124270203308528,0.403
18.243377447128296,0.0,0.0,0.17166897456119362,0.1683504203037115,0.403
18.253540515899658,2.21389823351397,1.47593215567598,0.18005766112746796,0.08245668435849984,0.403
18.263704538345337,0.7378968356360395,0.0,0.13489230731962615,0.1393908861002548,0.401
18.27390170097351,1.470997428103811,0.0,0.15093019519343093,0.2067899994799547,0.401
18.284069061279297,1.4753091804431937,2.2129637706647904,0.13876919292846396,0.21694608266821408,0.401
18.29423999786377,-0.7373952180028129,0.0,0.09443569405870976,0.1732733006323406,0.401
18.304443359375,1.470103748013833,0.0,0.14531662437694812,0.18496249609822535,0.404
18.314617395401,2.211511728727767,0.737170576242589,0.15630810856854105,0.19129650404922904,0.404
18.324778079986572,0.0,0.0,0.0789464226879699,0.1878598103502949,0.404
18.33497643470764,1.470825482174167,0.7354127410870835,0.0462956784064406,0.28192097899363944,0.404
18.345189332962036,0.0,0.7343654869735736,0.03601275847696511,0.2791979711195701,0.404
18.355358362197876,0.7375335271499578,0.7375335271499578,-0.006446303151074745,0.22638848763280178,0.404
18.365525484085083,1.4753437763812025,1.4753437763812025,0.037149513452164294,0.27302068750248787,0.402
18.375694036483765,0.0,0.0,0.10476116121734652,0.24752977525974723,0.402
18.38586735725403,0.7372224044996485,1.474444808999297,0.054894852945281514,0.21957692688195019,0.402
18.39605402946472,0.736256143800028,0.0,0.012080183347595377,0.28714427539750553,0.402
18.406222820281982,0.7375508194415137,0.0,0.012351159350519392,0.2569383431793689,0.397
18.4164137840271,0.7359460976979225,0.0,-0.05405768009645063,0.18492105708411666,0.397
18.4266140460968,1.4705504522824486,0.7352752261412243,0.018078920905935637,0.2999080795272264,0.397
18.43682098388672,0.0,1.4695886571208334,0.04318265822560882,0.26929475454406676,0.397
18.44700050354004,0.0,2.2103204047217537,0.05107431409161457,0.15183704349351973,0.397
18.457286596298218,0.0,0.729139837285307,-0.04635655751179746,0.2626842883791972,0.397
18.467456579208374,0.0,0.7374643660915229,-0.024349059601072497,0.3191111140376016,0.393
18.477627515792847,0.0,0.7373952180028129,-0.08138602163816659,0.24048951076400216,0.393
18.48779296875,0.0,1.4755859933860263,-0.040501468858582426,0.23562213233011417,0.393
18.49799346923828,0.0,0.0,0.041563155009232175,0.24932375546472413,0.393
18.508160829544067,0.0,0.0,0.05451893716602871,0.1933777415383476,0.398
18.518330574035645,0.0,1.4749633102801547,0.0010939947435389952,0.12010078152941282,0.398
18.52849531173706,0.0,0.0,0.018511296472231917,0.18762201407478019,0.398
18.538662910461426,0.0,0.0,0.03981115100144193,0.22142793834911978,0.398
18.54884123802185,0.0,0.7368597596683142,-0.03216480705954562,0.13465225171299058,0.398
18.55903959274292,0.0,0.0,-0.07647027125378028,0.22419601623716556,0.398
18.56926965713501,0.0,0.0,-0.0822803900208812,0.29481989481547044,0.4
18.579447746276855,0.0,2.94750808151792,-0.06607984431738922,0.25594257852163266,0.4
18.589616060256958,1.4751708129147225,0.0,-0.0956911566419266,0.23447659724149428,0.4
18.599786520004272,-0.7374297904261803,0.0,-0.0359798617869999,0.15600526820772634,0.4
18.610010385513306,-0.7335777249195466,-2.20073317475864,-0.06988175545123207,0.14559267002405085,0.398
18.62023377418518,1.4672238805970148,2.2008358208955223,-0.028687369673582833,0.205187711067475,0.398
18.630441665649414,-4.4083540815134885,3.67362840126124,-0.09327834256236402,0.1494815821290983,0.398
18.64061212539673,0.0,0.0,-0.08921853104821789,0.11238336921790337,0.398
18.65078043937683,0.0,0.0,-0.0006960349337171989,0.10245184541361368,0.398
18.66099238395691,0.0,1.4688681359731042,-0.003139582981999095,0.049452802655821165,0.396
18.671217441558838,-0.7334922004336978,0.0,-0.019320255159350833,0.20389329426432387,0.396
18.681500673294067,-0.7293427001460666,0.0,-0.03338306040755337,0.2051236701864036,0.396
18.691686868667603,0.0,0.0,-0.11917422133119487,0.15249782400691164,0.396
18.701967239379883,-0.729545675920128,1.459091351840256,-0.06765204668686538,0.13639311199266463,0.402
18.712137699127197,0.0,0.0,0.03405674783733323,0.05470696644993034,0.402
18.72231698036194,-0.7367907249092399,0.0,0.049313629606533016,0.05479211880337472,0.402
18.732483625411987,0.0,0.0,0.01845373178548672,0.13430719996365134,0.402
18.74266219139099,0.7368424997657641,0.0,-0.10208852969553361,0.08778718684202977,0.402
18.7528874874115,0.0,1.4669501958589815,-0.07472175711040471,0.12149263214777511,0.402
18.763222694396973,0.0,0.0,0.033745723092791946,0.031806149674204066,0.403
18.773403644561768,0.0,0.0,-0.04456458232619216,-0.0008738826485219162,0.403
18.783576250076294,0.0,-0.7372742400449996,-0.08773936789019568,0.020485399039502715,0.403
18.793747186660767,0.7373952180028129,0.0,-0.13343288242219653,0.034508024841855625,0.403
18.80399489402771,0.0,0.0,-0.11156361451626505,0.037775353835499736,0.401
18.81421136856079,-0.734108422207183,0.734108422207183,-0.09893658076333245,-0.029741085949202314,0.401
18.824418544769287,0.0,1.4695543305615248,-0.03901252147739566,0.02957457305170825,0.401
18.834583044052124,0.0,-2.2135866582225034,-0.04691763007794633,0.04008808732690541,0.401
18.844751119613647,0.0,0.0,-0.12430392198274043,0.03651381513890924,0.401
18.854916095733643,8.853931277119736,-7.378276064266448,-0.07905205100552676,0.007223995954870846,0.401
18.865111589431763,1.4712382199565044,-6.6205719898042705,-0.11261287551468521,-0.05305132879170371,0.402
18.87528419494629,0.0,0.0,-0.004455634674013748,-0.030309344730924274,0.402
18.885504007339478,0.0,-0.7338686574128076,0.010236311384778068,-0.09701159570616942,0.402
18.895672082901,0.0,-0.737602701181767,-0.04039784059619217,0.026076143594945672,0.402
18.905840396881104,0.0,-0.7375854064573613,-0.07203645174104022,0.04338955993823514,0.401
18.916035890579224,0.0,-0.7356191099782522,-0.0312523297967263,-0.04681986897377524,0.401
18.926234483718872,0.7353955489059285,-1.470791097811857,0.023386125624363374,0.00800478125917007,0.401
18.936439752578735,0.0,0.0,0.05718904633302806,0.0024620618736644756,0.401
18.946638107299805,0.0,0.0,0.00774405686034816,0.015910609432840138,0.401
18.95682454109192,0.0,0.0,-0.02694431182888696,0.0693228022083816,0.401
18.96700096130371,1.4739957360073097,-2.2109936040109646,0.11477546901661206,0.07293466180100121,0.403
18.97718620300293,0.0,-0.7363595505617977,0.15009824699132784,0.014096014249867127,0.403
18.98735237121582,0.0,0.0,0.05488625528054871,-0.0022353647492862104,0.403
18.997522830963135,0.7374297904261803,-2.212289371278541,0.10793454137396943,0.0881317627201601,0.403
19.007696390151978,0.0,-0.7372051276042276,0.1730062584326876,0.09821150165877703,0.4
19.017861127853394,0.0,0.0,0.14683274173149158,0.11205118523377225,0.4
19.028045892715454,0.0,0.0,0.11165657432323206,0.07044247433953525,0.4
19.038211345672607,-0.7377929966930131,-1.4755859933860263,0.1676343931339828,0.09944289949312873,0.4
19.04839038848877,0.0,-0.7368079823862838,0.20942156047710675,0.10390237455477894,0.4
19.058557748794556,0.0,-0.7376545902215969,0.1136888003672094,0.07481620943491736,0.4
19.06872797012329,0.0,0.0,0.13443170401578636,0.10718313942408525,0.401
19.078897714614868,0.0,-0.7374816551400774,0.19285336028380007,0.18876651075664552,0.401
19.08908772468567,0.7360149742629855,0.0,0.23143598679699556,0.13496029195132903,0.401
19.09926199913025,0.0,0.0,0.17683090417229805,0.15478855218121784,0.401
19.109435081481934,0.7372396822048793,-1.4744793644097587,0.15855962915487296,0.15671282237687936,0.399
19.119606971740723,-0.73732608288018,0.0,0.24230448976438101,0.14554515326479817,0.399
19.129780769348145,0.0,0.0,0.21424813242203172,0.14718024716033545,0.399
19.140022039413452,0.0,0.0,0.16541103158643555,0.16627099257807873,0.399
19.150245189666748,0.0,0.0,0.19004573829953925,0.25162876220533803,0.399
19.16041898727417,0.0,-0.7371878515185601,0.1928674716792564,0.25216624671761895,0.399
19.17059898376465,0.736738957328212,0.0,0.20828427995535195,0.08557025808091308,0.403
19.1807804107666,0.0,0.0,0.16348000342567928,0.16651051797633226,0.403
19.19100069999695,0.0,0.0,0.2360116964091761,0.22910486479414754,0.403
19.20118498802185,0.0,0.0,0.24544579521173077,0.15939144663412874,0.402
19.211374044418335,0.0,0.0,0.21212480431206093,0.11743598144716172,0.402
19.22154402732849,-0.7374643660915229,0.0,0.20422240458080443,0.14569391586206729,0.402
19.231709718704224,0.0,0.0,0.2437821410989433,0.09484684142147035,0.402
19.241877794265747,0.0,0.0,0.18079011701125433,0.10021015742900252,0.402
19.252066373825073,0.0,0.0,0.18065585449267885,0.12439689969601585,0.402
19.262240409851074,0.0,0.0,0.24711809712138522,0.1174070690755244,0.399
19.272415161132812,-1.4742375105445684,0.0,0.1785869247531809,0.07662383296164038,0.399
19.282588005065918,0.0,0.0,0.13171988627310754,0.168645573173283,0.399
19.292773246765137,0.0,0.0,0.18865301814716437,0.18901780171943444,0.399
19.30299139022827,0.0,0.0,0.1998656648975321,0.1089487438120241,0.397
19.313202381134033,-0.7345026618100308,0.7345026618100308,0.16352951063221308,0.10205117255509946,0.397
19.32337760925293,-0.7370842120061858,0.7370842120061858,0.2357160137700214,0.12361739078838888,0.397
19.333553075790405,-0.7370669415871974,0.0,0.21844245679842894,0.1281874924327273,0.397
19.343722820281982,-0.7374816551400774,0.7374816551400774,0.12116231997987204,0.07273425258111568,0.397
19.35389232635498,0.0,1.4749978899985934,0.1449244016849649,0.15818619098884337,0.397
19.364084005355835,0.0,0.7358944487332444,0.1694956422467137,0.16009049075327944,0.396
19.37427020072937,0.0,0.7362906094934931,0.14727606629495715,0.018984031236443887,0.396
19.384454011917114,-0.7364629863744908,0.7364629863744908,0.17810463069207433,0.02614070988375368,0.396
19.39463210105896,0.0,0.0,0.236906383499264,0.06464598544692989,0.396
19.404813528060913,0.0,1.4732708879730236,0.2154150694104643,0.042785458596812286,0.397
19.415019512176514,0.0,0.7348629896979466,0.06536961038654816,0.13575736893231413,0.397
19.425214529037476,-0.7356535160543486,0.0,0.08473872753332981,0.2070139062907544,0.397
19.435414791107178,0.0,0.0,0.11449322574017298,0.13630330438183041,0.397
19.445626974105835,0.0,0.0,0.05917301887706254,0.0449887211669772,0.397
19.455833196640015,0.0,1.4696916464212295,0.05680429058582044,0.0745300476273665,0.397
19.466113090515137,-0.7295795162001066,-0.7295795162001066,0.18987116064921417,0.008759677977792925,0.396
19.476298332214355,0.0,0.0,0.18511722596566738,0.0011590576053518362,0.396
19.486518144607544,-0.7338686574128076,0.7338686574128076,0.08326301309790458,0.048560560596892725,0.396
19.49670171737671,0.0,1.4729604570037225,0.13210589036186215,0.012893780516015215,0.396
19.50687575340271,-0.737170576242589,1.474341152485178,0.04683977337683479,-0.02801571901929764,0.393
19.517074823379517,0.0,0.0,0.002074345688316343,0.02752584330845662,0.393
19.5272433757782,0.0,1.475136225087925,0.10327567190253616,0.10452204546079157,0.393
19.537429094314575,-1.4726501568278638,0.7363250784139319,0.09896932037101738,0.03153434121276963,0.393
19.54762077331543,-0.7358944487332444,0.0,0.01596508974931016,0.03179663087184273,0.393
19.557793378829956,-0.7372742400449996,0.7372742400449996,0.08349376100932553,0.09819011316096277,0.393
19.568021297454834,0.0,0.7332870230075292,0.1404314964133831,0.05340440832363912,0.396
19.578209161758423,0.0,0.0,0.04648703844453192,-0.02656783749357054,0.396
19.588430643081665,0.0,0.0,0.07804412105925466,0.04995086725398448,0.396
19.598601579666138,-0.7373952180028129,0.7373952180028129,0.08120556526093774,0.00574742586524446,0.396
19.608772039413452,0.0,0.7374297904261803,0.02600549794950112,-0.04234455631359685,0.397
19.618995666503906,0.0,0.7335948322100697,0.01769838410836716,0.05036092725382469,0.397
19.629258155822754,-0.7308168385837747,0.0,0.01718011984282254,0.04447034279347458,0.397
19.63942527770996,-0.7376718881906013,0.0,-0.05348012018943126,0.021068477622493212,0.397
19.649590969085693,0.0,0.0,0.0008368218812499634,0.09816813026718393,0.397
19.65975785255432,-0.7376891869708979,0.0,0.038658865414325935,-0.018164565837029096,0.397
19.669931650161743,0.0,0.0,0.030049607964401828,-0.022460401161414296,0.397
19.68010449409485,0.0,0.7372569607199775,-0.029142956058830022,0.08351483676588864,0.397
19.690317392349243,-0.7343654869735736,0.0,-0.1503263409080443,0.0479016145154603,0.397
19.700521230697632,0.0,0.0,-0.10775065841368438,0.06627805460581829,0.397
19.710731506347656,-0.73455411558669,0.0,-0.08162035916195834,0.05497430843252289,0.395
19.72091770172119,0.0,0.0,0.012493321124896054,0.011720743649832381,0.395
19.731126070022583,0.0,0.0,0.04646870207854285,0.0005504203888239412,0.395
19.741302013397217,-0.7370324031770576,0.0,0.0034499306864705787,-0.02459256238799021,0.395
19.751523971557617,-0.7337146055884685,0.0,0.01741587205570641,0.0056369390135992264,0.395
19.761730670928955,-0.734811492641906,0.0,-0.021339598755177963,-0.009910849129620203,0.395
19.7719144821167,0.0,0.0,-0.06579335478520755,-0.04100056552553065,0.395
19.782095670700073,0.0,0.0,-0.0013452967454825743,0.09726724928464528,0.395
19.792272329330444,0.0,0.0,-0.022846401128598134,0.03264683692068211,0.395
19.802483797073364,0.0,0.0,-0.07987273783454976,0.023173346123325375,0.394
19.812651872634888,0.0,0.0,-0.03219248536942519,0.03658218525421613,0.394
19.822819471359253,-0.7376372930638277,-1.4752745861276555,0.0483355544927349,0.031805655021092054,0.394
19.833574533462524,-0.6973460430059853,-1.3946920860119707,-0.004582258420548782,-0.016087649887450692,0.394
