time,meas_r_x,meas_r_y,meas_v_x_dot,meas_v_y_dot,state_z
0.0,-0.023563910352050802,0.06341286058036961,0.11592206470318528,0.14622242237865954,0.394
0.010188102722167969,-0.078947681786802,0.008798809389580964,-0.008414347424490366,0.12914744738033332,0.394
0.02037191390991211,0.44686521047306904,-0.0825152966332632,-0.12909867555510474,0.03641221689707471,0.401
0.03053593635559082,0.23784625170597293,-0.04938155069568351,-0.21772624660869871,0.02158734414320745,0.401
0.04071450233459473,0.5054532309923551,-0.05918999556053001,-0.10807348316826727,0.09087221709975127,0.401
0.050924062728881836,0.5715651263968482,-0.17067848310870257,-0.0071185246315012655,0.1591627776830908,0.401
0.061098575592041016,-0.6582141869955974,0.04790729087078385,-0.1773789410074819,0.061908112983016045,0.401
0.07132744789123535,0.09110991069613922,0.07506484416994173,-0.24651203691162082,0.10628871032915391,0.401
0.08150982856750488,0.17453311787007603,0.11915611845087487,-0.3596491498042612,0.021599108998206263,0.4
0.09168314933776855,-0.38924648533024364,0.22564210622843162,-0.3513024116521499,0.02574105474907709,0.4
0.10184240341186523,0.11216626614536768,0.17521547329378037,-0.4609349270577847,0.10767957833112425,0.4
0.11200070381164551,-0.0857638201482689,-0.20159936020475158,-0.5204764495092611,0.06003084794960787,0.4
0.12215161323547363,0.2976944057779924,-0.0025445272537416032,-0.6571153562296251,0.07553195710279939,0.397
0.13238191604614258,-0.20409206445388037,-0.020042533070490767,-0.6461818115307865,0.025906441603967323,0.397
0.14253568649291992,0.3804359850623927,0.006950924574406232,-0.7427904707042902,0.054658739985692595,0.397
0.15268993377685547,-0.08968654512605954,0.23942524751261723,-0.7237903289313065,0.06886972913076503,0.397
0.16285347938537598,-0.10695962756744888,-0.001740115348658343,-0.8378208754161448,0.07383847160358031,0.397
0.17301559448242188,0.2154345448579512,0.010636342202166003,-0.8325778149595697,0.08577168355022326,0.397
0.18318963050842285,0.25444589327925266,0.017057025096946322,-0.8744895655013716,0.10323988247411237,0.402
0.1933884620666504,0.10482837695691617,0.000698240383835425,-0.9027650862037641,0.04891484948885059,0.402
0.20354986190795898,-0.06057882455788972,-0.1518469392674514,-0.8326559940129354,0.04491614728617144,0.402
0.21382856369018555,0.4184089073932166,0.058773264197679004,-0.8965253863692191,-0.02297603378813945,0.402
0.22403192520141602,-0.1055429818758241,0.21969407196922489,-0.8485739729515134,0.004683104401639637,0.4
0.23428964614868164,0.35046182975868123,-0.044913713530643065,-0.8450923201032544,-0.028348228658261847,0.4
0.24447417259216309,0.3742754749881969,0.012369392170346482,-0.9400455959414576,0.02380158974237566,0.4
0.25463366508483887,0.45584377273457466,0.050566271935913384,-0.9164078410960572,0.0456192716858811,0.4
0.26479434967041016,0.48141831763545,0.05765384458851438,-0.8354411567938462,0.025353207167309044,0.4
0.2749598026275635,0.6602669761847229,0.037829595393490525,-0.9348998818966516,0.03376545853187894,0.4
0.2851254940032959,0.030935514586397678,0.07165359261171683,-0.9460055043188912,0.05965960014513647,0.405
0.295346736907959,0.333401830397529,0.23750432886586384,-0.9576140787309166,0.017515955588071574,0.405
0.30550336837768555,-0.033236273560560005,0.17694760963484726,-0.9375599153836681,0.052535929022251404,0.405
0.3156576156616211,0.8747075409661254,-0.2585773343132678,-0.85771819630053,0.025009341759151794,0.405
0.32581543922424316,0.3427835206552124,-0.2695747109725017,-0.9082240210479678,-0.055596364919441726,0.403
0.3359661102294922,0.5614303291393266,0.188108419052109,-0.8215429560006398,0.10861243628328533,0.403
0.34619712829589844,0.536707561867749,-0.008639952792595837,-0.8746685055565718,0.11130730878837498,0.403
0.3563539981842041,0.590621852957586,0.06469744725886264,-0.8807206362398009,0.04458675543326674,0.403
0.3665173053741455,0.6058628008693514,-0.01844275994038139,-0.7769375584396259,0.05201686199524856,0.403
0.37667226791381836,0.3303868854570403,0.05395214398381212,-0.7153798181783055,0.01319727664650565,0.403
0.38683485984802246,0.06635476536607214,0.014775316662009878,-0.7738912400103786,0.06929542060483426,0.402
0.3969862461090088,1.1463009406768527,0.040224480155172396,-0.6912769587275713,0.0956742254832951,0.402
0.40714144706726074,0.10778575285777144,0.24295883870491664,-0.7298502054364122,0.011164097787543691,0.402
0.4173552989959717,1.0982339422601557,-0.03426741533553851,-0.6525751436964715,-0.05348541610149445,0.402
0.4275093078613281,0.37118440482750903,0.013447369030654683,-0.6636225783030227,-0.022620232786443772,0.402
0.43766045570373535,-0.032680065354588526,0.21538258223228893,-0.5569005951895085,-0.01661675304665905,0.402
0.447812557220459,1.3403882395298317,-0.01610618002322359,-0.5738130906254878,0.024110294745309,0.402
0.45796895027160645,0.8478154463078889,-0.03407215021845435,-0.5015548221452559,-0.009964463854139342,0.402
0.46813082695007324,0.033612439558843195,0.2157955784923359,-0.43389341153314326,0.06650754784494768,0.402
0.47837305068969727,1.6667647578317601,0.09063855375377841,-0.37600885860716243,0.03156655355040959,0.402
0.48856067657470703,-0.07988625011924058,0.07440662836890793,-0.45540882615743816,0.0069172460618793855,0.397
0.4987654685974121,0.5128092977523528,0.2792049233074915,-0.4439934873171306,0.01538722045096563,0.397
0.5089442729949951,0.6936879762745994,-0.009653015765910515,-0.35797778331292085,-0.022612058931675078,0.397
0.5191068649291992,0.3640951426774272,0.16747744154669486,-0.34536633998053035,-0.027016478778916758,0.397
0.5293412208557129,0.14877504544065923,-0.031859114777589854,-0.33464503763877157,0.016415015451883053,0.399
0.5394973754882812,0.16496870563195282,0.001122934621599618,-0.2715500706044381,0.0023399643154998657,0.399
0.5496547222137451,0.13148854542841074,0.45508655705478557,-0.31980199615933735,-0.04654736493033368,0.399
0.5598156452178955,0.7382276373184519,-0.22643886638783797,-0.28715774719310755,0.014776679586385327,0.399
0.5699729919433594,0.9669896962512696,-0.00766843991910122,-0.22174064726130602,0.038139526225339754,0.399
0.5801215171813965,0.4086364761791548,0.026587908263456264,-0.16565651145693489,-0.03060114887904329,0.398
0.5903363227844238,1.2327028043379453,0.439094565975303,-0.24612156938578658,0.013061357392457468,0.398
0.6005096435546875,-0.25904187713082233,0.053497205762222284,-0.1786815826521232,0.07409289577651097,0.398
0.610663652420044,1.1196878418959983,0.03874148365600966,-0.19869124160909948,0.013755130847125669,0.398
0.6208126544952393,0.9765776158651992,0.007627754625061029,-0.16947494803340352,-0.013559376718322348,0.398
0.6309628486633301,0.4790461369162685,0.1809539772598334,-0.07594875088078298,0.023497305489367223,0.398
0.6411094665527344,0.6551063952695576,0.1561331042475781,-0.009765085325677991,-0.005217580569766719,0.398
0.6513266563415527,0.16189810892346404,0.18138537763407456,-0.026708645512997425,-0.0647761596179376,0.398
0.661489725112915,0.984629066179806,-0.2281116612559122,0.0075689936581285755,-0.05639755064121321,0.398
0.6716439723968506,0.7400818029426054,0.013182555042819523,0.017341171500504418,0.06366778532717143,0.398
0.6818013191223145,0.3395481837779445,0.2870294870777969,0.10240989671865042,0.03964501791713844,0.4
0.6919701099395752,0.6920539477967215,0.04314519140558419,0.05392127038535367,-0.05216889043229123,0.4
0.7021355628967285,0.6974396992241223,-0.003582010028228862,0.04643158089260725,-0.0442574127745794,0.4
0.7123563289642334,0.14733724940876275,0.2202062676190669,0.03810946318386249,-0.03848399179926621,0.4
0.7225363254547119,1.3592015004456885,-0.017616172765790413,0.015565978472977443,-0.04346944080362933,0.402
0.7327346801757812,0.33011610239898986,0.04436622189388287,-0.006402176139345267,-0.009328089415688627,0.402
0.7429206371307373,1.0293983857397215,0.23067548177004685,0.03620706103569832,0.002893420217178408,0.402
0.7530927658081055,0.3697784927767188,0.003202769058777243,0.15166040107959233,0.012296718713287448,0.402
0.7633185386657715,0.5920331590942971,0.026003681435123424,0.06270063131709938,0.002692947891658609,0.402
0.7735896110534668,1.0032943858068482,-0.017281847769180323,0.029671666015271686,0.05482168824078906,0.402
0.7837727069854736,0.2042647912962927,-0.009564237282612305,0.1317814061236941,-0.04467712439427156,0.398
0.7939338684082031,0.34435768754132035,0.05445920555263569,0.12646024527932484,-0.03539260128713541,0.398
0.8040943145751953,0.6880081646929345,0.4269510168776343,0.1855290484878989,-0.010301364166168538,0.398
0.8142824172973633,0.4758645159237705,-0.24490782280051188,0.09699273513842378,-0.1013892185937586,0.398
0.8244626522064209,0.5911459356262617,-0.030650654130010717,0.10581088181991688,-0.04940549129995926,0.4
0.8346273899078369,0.6821306162931672,0.2078351863189887,0.1767178698294205,0.00010045988414366519,0.4
0.844780445098877,0.2715308986500059,-0.016897305120744312,0.10948769313695358,-0.05944092539603086,0.4
0.8549423217773438,0.9223720517358346,-0.21491024052435587,0.146038591572142,-0.062431733279850396,0.4
0.8651013374328613,0.756313685547376,-0.02351684069465082,0.23168814162461357,0.03273581372705349,0.4
0.8752808570861816,0.5294530096219007,-0.025260811041300884,0.19244634574312858,0.01199575026016271,0.4
0.8854489326477051,0.06681803080581818,-0.011326420939949785,0.1313897401063307,0.016586565304782627,0.399
0.8956058025360107,0.4714036160149423,0.04046896121928175,0.07991578999851331,-0.0010598032367273719,0.399
0.9057567119598389,0.8699459311135018,0.030243021237776745,0.15784576859552663,-0.03502156566905502,0.399
0.9159085750579834,0.41447978658499446,0.23274798863982532,0.1244565684298846,0.011714021821649039,0.399
0.9260790348052979,0.8719073041088884,-0.08172789496862432,0.11185885064875091,0.04855043848776751,0.399
0.9363069534301758,0.5184908433982783,0.0190067913119595,0.08857559255023487,0.07250900402430675,0.399
0.9464609622955322,0.2728184895055802,-0.188213426955896,0.05894861281234898,-0.059384611739528165,0.399
0.9566185474395752,0.2842025602318977,-0.029581310939440275,0.1109784125588612,0.00013340102187594377,0.399
0.9667730331420898,0.4400244917184267,-0.011867420579033092,0.1698703895591993,0.03166355296790332,0.399
0.9769482612609863,0.8070184821545069,-0.0657980407278982,0.08744279163417214,-0.03354804268403314,0.399
0.9871437549591064,0.027980629629484444,0.16891380910153428,0.059038458081688686,0.04551701180207646,0.401
0.9974167346954346,0.6851796909618472,-0.0030984376265145645,0.1468537672510037,-0.012872274319748538,0.401
1.0076966285705566,0.5829726212995758,-0.170400310778789,0.04313290708684027,-0.009699430738771567,0.401
1.0179202556610107,0.07200468114393897,-0.026789287747463215,0.10406610966847574,-0.010470860907827983,0.401
1.0281398296356201,0.20248079591719964,0.17408270829885744,0.155722333139342,-0.06055409772098139,0.399
1.038419246673584,0.799102636440254,-0.02633805533450802,0.17398989819158595,-0.059383890632508554,0.399
1.0486276149749756,0.36211425179170553,0.17720305286466959,0.10561882821472662,0.009372396738950177,0.399
1.0588130950927734,0.9710979535245847,-0.01658086716492434,0.16283394020157027,0.08719579180386293,0.399
1.0689799785614014,0.5536417876087062,-0.20539712469335827,0.17945622052578186,-0.0034068941646883087,0.399
1.079146146774292,0.4963040910672521,-0.04212358434750903,0.09842690048863695,0.07682532341323463,0.399
1.0893442630767822,0.24991928795157498,-0.012291657537784616,0.09413445165653112,0.12344346569286156,0.4
1.0995056629180908,0.21397078746794798,0.228655369590816,0.027331160397936233,0.01984844457472014,0.4
1.1096575260162354,0.8857646246918364,-0.032741472047926504,0.04966127581675911,0.062685783767116,0.4
1.1198160648345947,0.10837135884550796,0.011210464111778923,0.11947123191053946,0.02838661392077648,0.398
1.1299681663513184,0.43914205564008874,0.2816471936878276,0.09127230591300134,-0.005811781857528862,0.398
1.1401221752166748,0.5103018691004743,0.14695869458732744,0.005651484112490737,0.021820420442181798,0.398
1.150294303894043,0.9190476793017236,-0.4193136749871848,0.06457335635492567,0.03872520215858841,0.398
1.1604723930358887,0.501263039734332,-0.006498382087435411,0.05928397918566992,-0.0008447046535180122,0.398
1.1706271171569824,-0.05279045450319585,0.004746606569680936,-0.005030517918654109,0.017111141277736115,0.398
1.180786371231079,0.29247215886895905,-0.06495008566269309,-0.0113099713126137,0.03062676007676081,0.401
1.1909370422363281,0.20957164439691467,0.14576648595213743,0.07794383214802918,0.045047063056325345,0.401
1.2010979652404785,0.4800414318344191,-0.24517525700600987,0.14375048113321473,0.03238573796322391,0.401
1.2114596366882324,-0.025220685964313597,-0.03600273038090034,0.07431184874047743,0.05797104921157489,0.401
1.221630573272705,0.658981157549724,-0.005780575308188274,0.05948001479248312,0.14790376896221277,0.402
1.2318239212036133,0.47513977630049165,-0.16880994088407297,0.06032702983642855,0.014708349566629931,0.402
1.242025375366211,0.46899840309139373,0.042508288430476375,0.04703802491783493,-0.017532388559680367,0.402
1.252317190170288,0.2738828177733715,0.030016017541106242,0.08053444654968657,0.033557300385985825,0.402
1.2625091075897217,0.31737648003552815,-0.009146737058099142,0.16948121004440153,0.07733520435489646,0.402
1.2726860046386719,0.4726830722577212,-0.037914555334719956,0.19620023189498245,-0.015620686593642625,0.402
1.2828655242919922,0.05148534242878778,0.2354275854856561,0.06916986360911034,0.04055397706390148,0.4
1.2930412292480469,0.034898631635971906,0.15280038660420436,0.07228661048021329,0.11845010566659891,0.4
1.3032662868499756,0.4708600341126101,-0.2344859353465517,0.04179868792500788,0.03452425560918678,0.4
1.313490629196167,0.609265931769369,-0.42052513249769596,0.019596570484259807,0.038402437744191664,0.4
1.323659896850586,0.8152423137812702,-0.3663657610335923,-0.0018617787235876149,0.06859402306421679,0.399
1.333829641342163,0.006453045854593322,0.23339110656124412,0.05749666391096811,0.06567465595406492,0.399
1.3440158367156982,0.1118420292862255,-0.0353217223159247,0.04211883456096452,0.011046640917939322,0.399
1.3542790412902832,0.21707169001837406,0.1534471214442394,0.0680682318137889,0.032250542671005265,0.399
1.364501953125,0.029000986957154043,0.003829955788173673,0.07458199644555975,0.11181265546147753,0.399
1.3746705055236816,0.367913584245427,-0.015223871794158808,0.053698361122645547,0.07392855571931062,0.399
1.3848395347595215,0.38328378200586427,-0.01167380871495095,-0.008489710490827043,-0.011507480675536915,0.403
1.3950152397155762,0.2851502540089764,0.007606369022362687,0.003137799609795447,0.11594553715124162,0.403
1.4051902294158936,0.35903734455112146,0.02055309631398532,0.04976975829801395,0.12344010448614452,0.403
1.415360689163208,0.9591241680918037,-0.4099007304180378,-0.009591215666630987,0.010006933390892573,0.403
1.4255292415618896,0.16211529568022898,0.012588265151220614,0.03851490440226338,0.024473199743058775,0.396
1.435699701309204,-0.21824080481338118,-0.0026757238667062403,0.12060294353860654,0.039838045203357944,0.396
1.4458656311035156,0.3425778607268927,-0.07154320470826546,0.05590192541016434,-0.06075334026492661,0.396
1.4560322761535645,0.41587153888855743,-0.0650831190517603,0.052710480407048094,0.03046649009369606,0.396
1.4662678241729736,0.013831784850564124,-0.07208760815747349,0.1597358910272864,0.15947994859742237,0.396
1.4764516353607178,0.339821806946821,0.17305413646968754,0.1706474334970749,0.14678893728539422,0.396
1.4866342544555664,0.49992307504961536,-0.00399835547970467,0.11102463423996323,0.015787903495744382,0.401
1.4968507289886475,0.614601541144736,-0.14425194607353095,-0.007028495173168212,0.041051445281806695,0.401
1.5070536136627197,0.0232172789870401,-0.4039627262654491,0.04987748851259988,0.14345608192048642,0.401
1.5173330307006836,0.7451092907143263,0.004012414895849599,0.07923083536230333,0.006192540349875835,0.401
1.5275013446807861,0.002016413645476421,0.022169924117187923,0.04032289000936083,0.013692791143010393,0.4
1.5376818180084229,0.002016423209522658,0.022170029271296462,0.04457557960683317,0.012987427780498145,0.4
1.5478501319885254,0.23707956097267374,0.16950314634526667,0.13217059984843837,0.02693537569441897,0.4
1.5580158233642578,0.2535417742858519,-0.059273141764379984,0.04400348861010925,0.039283244989407565,0.4
1.568286657333374,0.6347102660606435,-0.1880236250995721,0.0189477634216334,0.04582252824874447,0.4
1.5785026550292969,-0.029967305015678104,0.010450604495984556,0.09163697039194572,0.1258947493642617,0.4
1.5886735916137695,0.18397191005977628,-0.03552974758323022,0.06191673406811375,0.02310670176678462,0.404
1.598841905593872,0.3023151055098578,0.0233892873668729,0.07517360454302241,0.01664287181413804,0.404
1.609006643295288,0.22490305934095897,-0.2549058175688665,0.14214441544013706,0.137995277603526,0.404
1.619171142578125,0.5779182716759818,-0.0574072966975607,0.16554798820812988,0.11584804661507768,0.404
1.6293859481811523,-0.13565295683713113,0.009430518006266101,0.004325013164881861,0.07434030092119845,0.402
1.63954758644104,-0.03311190488550624,-0.0597584374634918,0.01148527751331413,0.08145834239070422,0.402
1.6497142314910889,0.5937960775708861,-0.16173958242973543,0.11778569847340187,0.11749061532230134,0.402
1.6598851680755615,0.1948915464898853,0.021462794883792137,0.1769029226828813,0.1134186501633539,0.402
1.6700682640075684,0.23097430229616375,-0.017017434078374454,0.14949751058988445,0.011674753499988373,0.402
1.680281639099121,0.050817366332538465,0.2300918307037189,0.12535475707536484,0.09524817765042484,0.4
1.690462350845337,0.6616093974292456,-0.4168771068423521,0.12176627025360184,0.1422188366628096,0.4
1.700629472732544,0.22412534422974453,-0.02911956308600137,0.14726958455433137,0.03751962251415377,0.4
1.7107937335968018,0.4322745036370747,-0.21890770849055438,0.1751059525791844,0.029837726871767938,0.4
1.7209727764129639,0.4450035181484749,0.01038054066991154,0.06951317192158274,0.11904225532914041,0.4
1.73114013671875,0.03600842864310734,-0.01517599039543345,0.13037442588428655,0.06812030806728983,0.4
1.7413811683654785,0.0077863175582567395,0.03484718343792431,0.1666230643950187,0.09406881374944678,0.4
1.7515945434570312,0.1970140580249586,0.050741328691470876,0.08645500391278865,0.09550508894351159,0.4
1.7617912292480469,0.18221440585762028,0.20966412951602237,0.06505834430948847,0.16365579931751437,0.4
1.77197265625,-0.009891031464701633,-0.02273216273021931,0.20718256041984515,0.08409800531911313,0.4
1.7821545600891113,-0.029420148471952373,-0.06556041625241386,0.1570295979278119,0.027148957183356203,0.403
1.7923920154571533,0.5862295690713776,-0.22727425907905416,0.046105541762051824,0.07784027731990426,0.403
1.8025627136230469,0.21740542304924784,-0.002755093457493762,0.09389986388283882,0.057072352912865255,0.403
1.8127408027648926,-0.08220968141243003,-0.019573306003801774,0.22717643549513233,0.05666553041971855,0.403
1.8229098320007324,0.2714875328933592,0.01701408939966615,0.1611432327860384,0.05621062055710105,0.403
1.8330824375152588,0.5183030434533628,-0.3701782074009675,0.08172200617640646,0.14173803770382196,0.403
1.8432765007019043,0.5704613151265894,-0.012935258245279121,0.16827878793384055,0.11127851437535344,0.403
1.8534605503082275,-0.017137199640937625,0.005700584571538964,0.2573282429099928,0.03770674318334334,0.403
1.8636300563812256,0.20078149925037228,-0.03192580362423171,0.15535924003859877,0.04862273619639797,0.403
1.873795509338379,0.07339773713562502,0.007047235952442223,0.05644017505448523,0.07821339082916237,0.403
1.883960247039795,0.03559739526346618,-0.00573591758150664,0.15664009236122978,0.05026702565067014,0.404
1.8941423892974854,0.2833996924104284,-0.034692592526376305,0.1856567898806075,0.060911270493111125,0.404
1.9043240547180176,0.23462064371559588,-0.0055262960402499475,0.17253351941373254,0.08441550031687653,0.404
1.9145281314849854,0.046482323647777914,0.00496392487236395,0.09422431188734803,0.1231496201361128,0.404
1.924689531326294,0.4110993012648215,-0.012212066404585964,0.23670282405110604,0.09115720846883538,0.397
1.9348528385162354,-0.03291839041337275,-0.4105668895743795,0.13225499254948814,0.015715736713460784,0.397
1.9450185298919678,0.10524984459225341,0.21528820165823453,0.07346855599211155,0.0938197089767821,0.397
1.9551846981048584,0.0009425284390857725,-0.02994596576351937,0.16008624371426253,0.09808456463650757,0.397
1.965463638305664,0.18634504690967213,-0.00309694867267089,0.15866184636104755,0.02521078463081991,0.397
1.975630760192871,0.08713310284377317,-0.03524543399086582,0.07808259805732093,0.007360292000202814,0.397
1.9857990741729736,0.4396758694077732,0.009875161219549736,0.131866954627067,0.11361737596761198,0.398
1.9959731101989746,0.4266166407095326,-0.18350872136373061,0.16697745284769813,0.1568227348003979,0.398
2.0061891078948975,-0.029108565617781017,0.01662892277561133,0.15480136251799675,0.017638249344586764,0.398
2.0163795948028564,0.5621124024373908,-0.38893926606057144,0.13643631126107889,-0.057451579878890345,0.398
2.026552677154541,0.09199571510404228,0.055563730707599915,0.15458579654722807,0.05476822596999201,0.399
2.036780595779419,-0.07601859594447974,0.19829604900012066,0.16752147060394595,0.14182725304657728,0.399
2.0470170974731445,0.35434356045775744,-0.017547758579185124,0.12016623965085343,0.03087860440228253,0.399
2.0571982860565186,-0.12200316303854829,-0.06708492747920608,0.08839180476454145,0.004622737133798949,0.399
2.067427635192871,0.22234184161618872,0.20637510748970975,0.18659036107349092,0.12429016138569116,0.399
2.077596426010132,0.0018980684793144683,-0.22857111240693936,0.20904006935179426,0.10996236318086952,0.399
2.087770938873291,0.0916713832960789,0.008438518760027935,0.1473416778478684,0.016335343481170553,0.404
2.097954511642456,0.1317732990827314,0.01953005438660243,0.08246237621496126,0.07432108256237424,0.404
2.108125925064087,0.029632039366714158,0.043206215430930214,0.1929143693090641,0.13775173089149922,0.404
2.1183249950408936,0.24129035979232724,0.041236576787314815,0.25065734243748294,0.07009084716497299,0.404
2.128490924835205,0.014870625313354788,-0.031987576822574505,0.17090202735707058,-0.014409396192909513,0.399
2.1386666297912598,0.2167068289574207,0.19708702955494461,0.15082896023560702,0.05420347832218989,0.399
2.1488747596740723,0.09273542763587926,0.04197630592594597,0.20190812430059002,0.0466691406347158,0.399
2.1590428352355957,0.45396803671269004,-0.39354242410912577,0.12960092256404665,0.057418303461522185,0.399
2.169231653213501,0.0820866813101787,-0.011290461801662509,0.04727480399656575,0.11121541511454326,0.399
2.179403066635132,0.07969189890595692,0.004743810796831791,0.0947115011445204,0.13569515913028768,0.397
2.1896181106567383,0.09408366005209705,0.039228372195976885,0.20157228740168198,0.047622529446501166,0.397
2.19978404045105,0.005891752644971095,0.00468923216755662,0.15305248090700577,0.029769190591321236,0.397
2.2099504470825195,0.18224788075178988,0.04780420455739125,0.08998244037144841,0.153989019416389,0.397
2.2201170921325684,-0.03198089651395486,-0.008907106947067768,0.11748212028301228,0.043797709156574105,0.395
2.2303519248962402,-0.031229594847368338,-0.025618106546792363,0.09883291056290867,-0.01934938263344642,0.395
2.2405195236206055,0.0004113472935227284,-0.03949165295496368,0.13161159614810883,-0.00020794746825411603,0.395
2.2506937980651855,0.20736695687735657,0.17649876733510164,0.15534483394650025,0.007435380324437,0.395
2.260871648788452,0.11571461474148881,-0.23912947578608224,0.11077009306197524,-0.009786638612760912,0.395
2.271071672439575,0.11720766648621919,0.036140094611194745,0.06461234375586367,0.017335043146600813,0.395
2.2814269065856934,0.441380749889869,0.032615201675422076,0.08654073181260281,0.1044804389380647,0.396
2.291597843170166,0.011550624946020166,0.014218928190988607,0.1703104524005397,0.10917993077708177,0.396
2.3017656803131104,0.13333119514305203,0.05872747195037735,0.07415586387389775,0.06254780583240703,0.396
2.311937093734741,0.11337932868494685,0.025026151946652444,-0.036323181063023416,0.06143112114135312,0.396
2.3221240043640137,0.1551157869215272,-0.17328054880459984,0.03161955997990182,0.10157546320964832,0.393
2.332447052001953,0.039809936449802075,0.019433281395429994,0.11311339177996058,0.02972259800198951,0.393
2.3426129817962646,0.33840588115997733,-0.015467570212219206,0.11476819972957773,-0.008081587422356444,0.393
2.3527772426605225,0.22913175512346753,-0.014541522189609295,0.08581672461482462,0.0485485951073743,0.393
2.3629417419433594,-0.015464127841113156,-0.025253182943727467,0.07548627661348466,0.106880095854908,0.393
2.3731117248535156,-0.012272293976195963,0.010458603900328187,0.017265791199545993,0.035196651797456874,0.393
2.3832948207855225,0.20801642264030903,0.002996839626666765,-0.010169412508787445,-0.02289710042429557,0.398
2.3934786319732666,-0.02724304735283236,-0.018785934159386196,0.01813373380981291,0.05446777207229628,0.398
2.4036448001861572,0.012144767156982383,-0.030661728853634985,0.13861702405358778,0.09168801719913038,0.398
2.4138102531433105,-0.08400846165168718,-0.028248133325298533,0.15119014181386592,0.08416436981609487,0.398
2.423981189727783,0.006534888917673605,-0.009783678262994078,0.08224481715632055,-0.009739282344647243,0.396
2.4341611862182617,0.033030353439282435,-0.03315361416310809,0.10718642548845024,0.0012581072841273844,0.396
2.4444358348846436,0.18962165867185724,0.0536161677071444,0.1772634108134321,0.07139616182085613,0.396
2.4546008110046387,-0.007076180564685815,-0.013770515524410904,0.15157437356241668,0.014497195787604856,0.396
2.4647817611694336,0.03934250142813149,0.18710887176793037,0.0756576795554268,0.03757219577899244,0.396
2.4749503135681152,0.007203623843925158,-0.02675805704856288,0.0887103234933362,0.08307945905289686,0.396
2.485116958618164,0.010879595939635032,-0.014536480181692023,0.12944187139297322,0.1103118796273864,0.396
2.495331048965454,-0.02046398973542428,0.03103739992863861,0.09580926912796592,0.0814976732981096,0.396
2.5055978298187256,-0.027060480927054653,0.04436766087491739,0.05399363766959877,0.10853179648255927,0.396
2.515815258026123,0.17827435834210278,0.04422630565539112,0.11760551670026805,0.11301277462986588,0.396
2.525996685028076,0.05931528968121566,0.22569753864091383,0.17151307404831936,0.0921404002777448,0.397
2.5361647605895996,-0.003129510963530211,0.0324094710313619,0.13204304410582818,0.01811226260566162,0.397
2.546335220336914,0.38804274860446275,0.025222472454869582,0.09892348151252639,0.03208911034840549,0.397
2.5565097332000732,0.09607044753547633,-0.23130354230159578,0.11975789885387778,0.038923782664805756,0.397
2.5667202472686768,0.23876887950458495,0.22461873422031775,0.16067026239616433,0.005651857593176254,0.397
2.576887845993042,0.061550375047294145,0.037893535047026444,0.0356523444041942,0.0980562154689476,0.397
2.5870583057403564,0.061550375047294145,0.037893535047026444,0.0356523444041942,0.0980562154689476,0.395
2.597231388092041,0.014957277123070713,-0.04296635091997,0.0631614229147323,0.09775312018341113,0.395
2.6074252128601074,-0.0362132906646614,0.03218266753989114,0.031031198872912287,0.04002396588154517,0.395
2.6175918579101562,0.005472134255796448,0.030024570660284727,0.10589158570290699,0.04974486091320099,0.395
2.6277995109558105,0.020484925705042015,0.23559406942847005,0.1429470611749109,-0.005546471943480704,0.397
2.6379663944244385,0.020485023876351413,0.03497151828173482,0.14858355108255986,-0.010234431865868965,0.397
2.6481451988220215,0.04222924898683701,0.22428813700440983,0.012436592407414043,0.125762336186217,0.397
2.658334255218506,0.02768931884563591,0.02240984845678643,0.11212444111006178,0.08470358102417555,0.397
2.6685047149658203,0.13696252772258258,0.012651539779481705,0.14328243963145182,0.019841384119818735,0.397
2.6787147521972656,-0.0008012233639693755,-0.010189422967855619,0.08474234123113875,0.01905667417969727,0.397
2.6888866424560547,0.007593429023816324,0.021988967773602,0.07974505811364457,0.014206064945126676,0.394
2.699061632156372,-0.002891174017289942,0.015043612356950035,0.13685718852228373,0.05976861409104696,0.394
2.709249973297119,0.03720341867070955,0.02718621448905074,0.07438542684823349,-0.0015793158202488684,0.394
2.719416856765747,-0.06545316477452826,-0.035755833500928993,0.013650997602931883,0.01327442227668851,0.397
2.7295806407928467,0.04485967851998949,0.001935793344383314,0.025118464389719125,0.07801553548922156,0.397
2.739753246307373,0.09656484397050373,0.025891988913488158,0.08707073628828235,0.12155018023475453,0.397
2.749917984008789,0.051431384148147484,0.021790555257491302,0.11795091699321103,0.05472965451009876,0.397
2.7601065635681152,-0.078271000288075,0.42433611770286656,0.08592097003536799,-0.052023564359248764,0.397
2.7703349590301514,-0.08430859330666181,0.015786229439856917,0.0338026791783905,0.011338368662128676,0.397
2.7805230617523193,0.05167312868637911,0.023479569858594004,0.08622240972550525,0.10996996038798601,0.394
2.790703058242798,-0.10334657906755892,0.013099360888559331,0.11681135342881857,0.1259849201461695,0.394
2.8008623123168945,0.21650393442857524,0.014271142748459515,0.05434031959609219,0.05264909224171701,0.394
2.811023235321045,0.06376293232068778,-0.003209165312725833,-0.02036248160234571,-0.02495892538762058,0.394
2.821183204650879,0.09594981765213915,-0.05062822532629846,-0.05447569360877119,0.0350812113421102,0.4
2.831378936767578,0.08341942786324286,0.044722887501701496,0.08261290074960032,0.06326282901971823,0.4
2.841534376144409,-0.029471450684302337,0.013568465438300757,0.1331639737588148,0.02868803471221379,0.4
2.8516900539398193,-0.009595317811547112,0.017416873076292028,0.03478450066379386,-0.03632367744133432,0.4
2.861844539642334,0.2011320991793817,0.28696448171720945,0.014222550619388305,-0.012008793241677765,0.4
2.8720028400421143,-0.06204511215673556,0.07003555503908249,0.05535061607084776,0.08742414057662544,0.4
2.882169246673584,0.42024654108545567,-0.026640415720658037,0.10123850066075321,-0.02365367911575172,0.396
2.892381191253662,0.04692661309607023,0.007503120368129851,0.08058853532700516,-0.035001908938933735,0.396
2.9025423526763916,-0.015438210278542896,0.009122428854775036,-0.0675912719961158,-0.027777966038624355,0.396
2.9127039909362793,-0.5882314433258837,0.21416980880171682,-0.06164753042840856,-0.030022337755580813,0.396
2.9228622913360596,0.5865559555046641,-0.28953419322184193,0.09536337145564042,-0.027140240083382842,0.398
2.933025598526001,-0.19316837369182674,0.1434026592291464,0.07341528779824007,0.014600636382849391,0.398
2.9431843757629395,-0.14629339719219828,0.02588248905306267,-0.01719474643329463,-0.036109379084627316,0.398
2.953367233276367,0.4227862217557997,0.020342956317879704,-0.0007576396914242244,0.011685804109871474,0.398
2.9635868072509766,-0.23204742259110755,0.024604779639087238,0.10297750853847118,0.03931107793877401,0.398
2.973752498626709,0.15496766773353343,0.048574523180507395,0.10723475954148169,0.018821739527344138,0.398
2.983912944793701,0.0023439858879822683,0.03412787879610569,0.05408283998792619,-0.02950846052230275,0.398
2.9941112995147705,0.23556764509308903,0.02104643478904813,-0.03442364087161792,0.016496535545444058,0.398
3.0042879581451416,-0.34012221250760694,0.16296041256184607,0.008322755324871903,0.00316318715268718,0.398
3.014477252960205,0.0016510977140323532,0.008883844118698707,0.08005558241256969,-0.02403112585781797,0.398
3.0246963500976562,-0.0025335194307550646,-0.23705390922182426,-0.025759613358608848,-0.055548068418491456,0.401
3.034874677658081,0.020066547762758475,0.21883841087962283,-0.061618365988943796,0.004067236295530179,0.401
3.0450658798217773,-0.37430687149596675,0.003602081543573156,0.004268667340489925,0.02789828934273067,0.401
3.0553135871887207,0.0928025396004141,0.004380882154857409,0.06390923599561979,0.06068598389568345,0.401
3.06557559967041,-0.014219309188934878,-0.00673803016832842,0.048889045589204524,-0.05779754363429991,0.401
3.0757508277893066,0.03971074053557142,0.04603942052423242,0.0021773758955151903,-0.005336970188448573,0.401
3.0859222412109375,-0.17011786631639653,-0.05496244464095914,0.0560341072232753,0.016300788028597975,0.401
3.096082925796509,0.07949755193550351,-0.2595289125622543,0.015008439462473374,-0.020767267955445784,0.401
3.106255054473877,-0.008268580333865176,-0.007435658151488102,-0.03407025066679189,-0.053136176886670175,0.401
3.1164138317108154,0.02679700401560582,-0.1988594445712739,0.02364930466675001,0.016806172052029292,0.401
3.126567840576172,0.06562085673643688,-0.004847275249625384,0.07817527847699822,0.04538383538373662,0.404
3.1367228031158447,0.02980225587120553,-0.07174863505900943,-0.032137504103748625,-0.04150804674372794,0.404
3.1468770503997803,0.033504298761420984,-0.0023569018334968004,-0.02783904963170073,-0.016879456861785477,0.404
3.157033681869507,0.05472111072590464,0.05429315813045309,0.06657043551023466,0.04393333732040956,0.404
3.167205810546875,0.14895491735032299,0.011186973087752905,0.10312521256484232,-0.03880414399041158,0.404
3.17744779586792,0.01543839727195474,-0.4459071830438278,-0.10190499674889436,0.040867805225266375,0.404
3.1876115798950195,0.006051320676021725,-0.07645307628929585,-0.005092675847961681,0.015115167436452116,0.405
3.1977732181549072,0.0276302726034363,-0.09750460293113712,0.005589169890962503,-0.009183624612853367,0.405
3.207947254180908,0.11535372606758268,-0.21656203477038077,-0.0717119790653232,0.016534008923298295,0.405
3.218118667602539,-0.010022993354960721,-0.02773650569303633,0.017882204876090907,0.031941460018740535,0.405
3.228304862976074,0.018517648938353237,-0.05568975397459502,-0.04659772214042165,-0.015426068212436694,0.402
3.238466262817383,-0.026917150868032497,-0.21455396850114572,-0.1252599199311511,-0.002962664920084292,0.402
3.2486279010772705,0.026297334329485608,-0.07430525449161714,-0.0014812063088777694,0.058218995361621104,0.402
3.2587954998016357,-0.046611033880523886,-0.3078596720550036,0.041833183765629424,0.01923583782231708,0.402
3.2690091133117676,0.010175420779824996,-0.05699938333739781,-0.0725905254225978,0.0012021868064082206,0.402
3.2792253494262695,0.005209012093026279,-0.10879890546724111,-0.10135472956683189,0.09052486256871525,0.402
3.289425849914551,0.0018708077372892192,-0.018617378245301672,-0.0167332437050328,0.08645953349909012,0.397
3.299603223800659,0.05522020926696539,-0.028977708462397472,0.014084561626207172,-0.02871023518064109,0.397
3.309767961502075,0.039647120169978844,-0.23445352480495357,-0.03016469544914835,0.11906053054935348,0.397
3.319929361343384,-0.21857420686471565,-0.012720144211559271,-0.08084683890392028,0.1559476441016932,0.401
3.3301045894622803,-0.051108626088248295,-0.04428212934487708,-0.007047715982670788,0.1110294052301665,0.401
3.3402726650238037,-0.06379609330050504,-0.01720403686065153,0.018020358576997735,0.05550137532985929,0.401
3.350524425506592,-0.029411876031182442,-0.049646491656674584,-0.08181428329728525,0.005264589437945614,0.401
3.360705614089966,-0.0032963531852929417,-0.03251790223928397,-0.06627231935417646,0.08622480571502923,0.401
3.370879650115967,0.02646625746439177,0.0009712124719419195,-0.09205374474059744,0.13624493042333125,0.401
3.3810410499572754,-0.0023576880131347005,-0.02461294498534515,-0.04336743344891565,0.14226421857107585,0.399
3.3912193775177,0.06869489676389233,-0.2721430527128804,-0.0033686847586085235,0.012393512623706977,0.399
3.4013874530792236,-0.008123454346472186,-0.04318272978249102,-0.025517566462614646,-0.025326608825606466,0.399
3.411552906036377,-0.07736639812409349,0.0017035848608154343,-0.050833601827433454,0.09008804325312805,0.399
3.421712636947632,-0.06865142556423467,-0.006836553998780573,-0.018587906828552193,0.17255651408235204,0.4
3.4318723678588867,-0.04682710552479782,-0.007607935817717019,0.025310439197273993,0.13099882532478513,0.4
3.4420342445373535,-0.052966717490527275,0.012160103058550286,0.015769086755760008,0.07139256937588069,0.4
3.4521968364715576,-0.06223678189935023,-0.020458987653776683,-0.037772351106053495,0.07407594150656484,0.4
3.46238374710083,0.07284440584516537,0.00011073149685340196,-0.0899593549078491,0.14910546927821805,0.4
3.472545862197876,-0.02033280542550383,0.026041310738392765,0.03486275220476032,0.1205345905634994,0.4
3.482736110687256,7.33769980447381e-05,0.018145964340651972,0.03496094876600164,-0.01618837278871954,0.4
3.4929049015045166,-0.03492749492841401,-0.020070205449678257,-0.01680215335998592,0.10221563637508727,0.4
3.50311017036438,-0.014949234699579254,-0.009691113871524291,-0.02627286984126005,0.18280877611829138,0.4
3.513300657272339,0.0009403648245024261,-0.03682009282168338,0.031189523907652925,0.10823848582378207,0.4
3.5234811305999756,0.01706293665551573,0.0029551296845269524,0.006620585246381866,0.05280545158828283,0.397
3.5336787700653076,-0.06115665329034687,0.012413321280797631,0.03753619893352197,0.10263662879833046,0.397
3.54384183883667,-0.07750523853490919,-0.029441258467402504,0.06217980552003531,0.1334912480101747,0.397
3.554004192352295,-0.06333335859467408,-0.0032882824948436526,0.015199731576961962,0.11001404571113396,0.397
3.5641653537750244,0.0016306347887755546,0.018014702941558682,-0.02694737019695221,0.07468914812632912,0.397
3.5743446350097656,-0.018237909354098553,0.0522365483335006,-0.013876636600928196,0.11506778247539713,0.397
3.584508180618286,-0.004566973855850373,0.03559152095224912,0.04417964297526056,0.1671533663842917,0.398
3.594670534133911,0.01603195243959289,0.038997056238512816,0.030064661776679866,0.13637251940221184,0.398
3.604830741882324,-0.002453445807743066,0.014223407837887907,-0.055904083566675304,0.08992482481659969,0.398
3.61499285697937,-0.051276242441802705,0.21596577718597645,0.021893287894744207,0.1162739691756038,0.398
3.625155448913574,-0.07002784114847362,0.04999235094399716,0.08037358999269528,0.12194547977930018,0.396
3.635392189025879,0.01593440027100792,0.007567065358352503,-0.013792392206107285,0.08765390227775534,0.396
3.6455862522125244,-0.03400158142691751,0.0141971362232224,-0.043688437495398316,0.10296646146516464,0.396
3.6557505130767822,0.01094948594409355,0.08865743496303095,0.07240095472061736,0.0746250589469355,0.396
3.6659252643585205,-0.019402882787272105,0.06102623023184125,0.09024578750636805,0.07996373164932596,0.396
3.676097869873047,-0.254437209477492,0.0533326104847898,0.021635776156907094,0.0654486447822377,0.396
3.6862573623657227,-0.03508085625914475,-0.014309752669461601,0.038806034691532695,0.05496791604129944,0.397
3.696439027786255,0.06571933299237524,-0.028470186525698556,0.007228508677104277,0.011837468727244541,0.397
3.7066099643707275,-0.033516173389569415,-0.0017811082368334283,0.03847548137830717,0.051908402946004906,0.397
3.71677565574646,-0.039516775115778634,0.03584011920613252,0.0859230682006097,0.11870228761590348,0.397
3.7269320487976074,0.0031949268076868786,0.09306853449439564,0.045819438356181394,0.16018986954972195,0.398
3.737086772918701,0.0031949252438737406,0.294733079578545,0.05195409295868014,0.14918057271132057,0.398
3.747241735458374,-0.1862933164034061,0.16844683610489247,0.006984813647377512,0.07119595796160604,0.398
3.7574150562286377,-0.16881680527121334,0.18584513846139472,0.09911285758203574,0.06373346225070459,0.398
3.767591953277588,-0.19622289169043156,0.2763699407127403,0.014827629909855814,0.06884796457054246,0.398
3.7777862548828125,0.09382450301446177,0.027887788146768004,-0.04402093777045129,0.08293905511101546,0.398
3.7880096435546875,-0.5920523012831707,0.2064132557647654,0.044915741149546204,0.09192516086829777,0.4
3.7982046604156494,0.07362555572865806,0.25886815123158013,0.09030293216288594,0.029047502456201003,0.4
3.80851149559021,-0.09462831985452623,0.2575722454019849,0.022642164504788627,-0.013250975988832951,0.4
3.8186845779418945,0.07593239793966115,0.05862599988685089,0.06583337732674305,0.07981185097233438,0.401
3.8288562297821045,0.05055811805506727,0.30927511589311196,0.04007000991214834,0.05500155036121038,0.401
3.839022636413574,0.05818915460362791,0.2416637576817277,0.0017549902775338983,0.04297461468763223,0.401
3.84918212890625,0.07315243246669088,0.03240616456031087,0.0860670283645353,0.03681003158076597,0.401
3.8594677448272705,-0.23683732427446874,0.249965746074613,0.08127653766815421,-0.01672045003901935,0.401
3.8696327209472656,-0.0438191841808078,0.29820935885002436,0.05378110108148877,0.10062899689245217,0.401
3.879789352416992,-0.0033629806680943023,0.07566966279286438,0.0342718671673955,0.09356470939258883,0.402
3.889943838119507,0.09229065435359954,0.0048355108834947326,-0.05957908205463999,0.013629409952650006,0.402
3.900101661682129,0.04885073805466421,0.013257151838952538,-0.007055898324106578,0.027814753169630488,0.402
3.9102530479431152,-0.342542817789806,0.041666290241781076,0.04841215937939695,-0.027569314296701272,0.402
3.920532464981079,-0.16188052546455228,0.4818285086356803,-0.02359486139767793,-0.0015674126069861946,0.402
3.9306838512420654,0.024054392353594006,0.12390558254419892,-0.031728692272019354,0.04481086944337087,0.402
3.940847635269165,0.10253143335834092,0.02040716165603736,-0.014178109274046065,-0.02745501799914888,0.402
3.9509992599487305,-0.2404289572642846,0.01996223739902963,-0.0061011382446932005,-0.004640619016316919,0.402
3.9611518383026123,-0.004076666298646321,0.021678431856744843,0.0020897355131537683,-0.005588104788298853,0.402
3.9714107513427734,0.04063779410075096,-0.012088113497495778,-0.05286148196853704,-0.0048737847008181664,0.402
3.9815921783447266,-0.23087040187109745,0.0054696467408289155,-0.0071466580295947105,-0.0028628863839242624,0.398
3.9917521476745605,0.012600781445620124,0.019743759748850318,-0.008450829542237172,-0.06481656161445933,0.398
4.001905202865601,-0.37168796930408465,0.03389405787867946,-0.00033240571789933115,-0.03689676994069822,0.398
4.012059926986694,0.01734724073300368,0.4556464615423316,0.03370313328845647,0.011910641964453197,0.398
4.02221417427063,-0.752174374118968,0.4683214040307252,-0.07264259484404238,-0.01487233543952228,0.401
4.032417058944702,0.06025247878644325,0.019424727906553092,-0.11159543542587023,0.03657347740457223,0.401
4.042630434036255,-0.023348349819424925,-0.03086414494913398,-0.0032278967371784997,0.01899878964677766,0.401
4.052842855453491,0.018355038676414453,0.00577442642449019,-0.04417809705127467,-0.061727778562002955,0.401
4.063016653060913,0.0584456045921986,-0.22758899394029022,-0.011988088626979906,0.0023739217346012143,0.401
4.073176145553589,-0.1358315042903965,-0.015529192262191936,0.05186671455654727,-0.0006697272174538971,0.401
4.083439826965332,-0.011530386772584325,0.04009740479645031,-0.03913521701274999,-0.02386542292171539,0.399
4.093620538711548,0.022938085588889982,0.04889160028682062,-0.025030679539552042,-0.0070808203135616365,0.399
4.103777647018433,-0.002770146655698338,0.04522157001197578,0.016515589620161773,-0.038188754633314406,0.399
4.1139304637908936,-0.21959372074125727,0.04400194874507982,-0.02550604436262722,-0.11580400111014294,0.399
4.124082326889038,0.19588731818575222,0.03179026497317084,-0.010063341283727802,-0.06411655968964183,0.4
4.134246110916138,-0.0432869163718098,-0.009409633844263353,0.0037761789409429536,-0.01883452159738458,0.4
4.144421577453613,-0.1514968460377648,-0.041473779564010174,-0.006887820295957248,-0.09428536103500446,0.4
4.154574394226074,0.017946048131790036,-0.28589605665901585,-0.019318922149105577,0.0022064410118162042,0.4
4.164738655090332,0.0453369727739099,-0.2885530986181686,-0.0077916960676664496,0.003237539074643428,0.4
4.174899339675903,-0.050623977977037334,0.004758487012784484,-0.022611899490255764,0.024235004691428114,0.4
4.185058355331421,-0.2818427161133284,0.0034050027844973376,-0.020682201632391345,0.021203162896776817,0.401
4.195214033126831,-0.19733654476735454,-0.20853705554234964,0.025989481319300824,-0.022564812330220403,0.401
4.205465793609619,-0.011926630268943798,-0.0359084993124306,0.007501228076036363,-0.04779271982018664,0.401
4.215631484985352,-0.04314495409840343,-0.08150750636634158,0.052699496437141995,-0.04965009152690271,0.401
4.2257890701293945,-0.0047358259324167,-0.09058406440856882,-0.03323915083853199,-0.03609436703171236,0.4
4.235942840576172,-0.040041516100634084,-0.053228218869308876,0.008405055151896677,-0.00025782691027792515,0.4
4.246109962463379,-0.0019118212583921076,-0.05163803514556776,-0.04345711334823082,-0.054970310407465646,0.4
4.256266355514526,0.04109087663900365,-0.07044165736992511,-0.06715785802422977,0.02321189659383719,0.4
4.2665932178497314,-0.27898868920583064,-0.24554103820071782,-0.045120278900674084,-0.010510073301674347,0.4
4.276758193969727,-0.02468087627654232,-0.01597141634242325,-0.01442776541955771,0.014761730381323383,0.4
4.286949872970581,-0.02468087627654232,-0.01597141634242325,-0.01442776541955771,0.014761730381323383,0.398
4.29714822769165,-0.008918267729633137,-0.029886924838875874,0.03328729677615691,-0.024034913577118407,0.398
4.307424306869507,-0.06346625542178429,-0.2085769207263845,0.04272948148432189,0.04997127223593105,0.398
4.3176164627075195,-0.30474005994953757,-0.04418223393903792,-0.04318994480905148,0.014068447751912252,0.398
4.3277788162231445,-0.02921341616711787,-0.06548756449999565,0.006673863811570713,0.01773004755160295,0.401
4.337942123413086,-0.029213460252345398,-0.06548766332562304,0.019383423584637592,0.026227833052278826,0.401
4.34810996055603,0.010877636157531586,-0.2728795212660479,-0.018699064280515914,0.0349819950760375,0.401
4.358273029327393,-0.07951458602489037,-0.0169066388763211,0.031857901544277256,0.0928276435544107,0.401
4.368613958358765,-0.04476776204616124,-0.25152042978576433,0.02153842699394133,0.012299399666946187,0.401
4.378778696060181,-0.13016533069486164,-0.06924348207618693,0.12877599143956214,0.03269662989199376,0.398
4.388943433761597,0.28542861719271645,-0.22984869797966775,0.15368264803730558,0.0703656489208481,0.398
4.399109601974487,-0.04900076114358808,-0.01797866068494964,0.09412438412819985,0.04544898667453723,0.398
4.409303188323975,0.026145095646535683,-0.18474440893500818,0.03586156071681686,0.09954785505888292,0.398
4.419471979141235,-0.12399326779990663,-0.043798111593103636,0.06251602338787972,0.06793578751661854,0.402
4.429635763168335,-0.1615594922838823,-0.6993045808743905,0.06516400165875373,0.0919366570317525,0.402
4.439801454544067,-0.07419892230002272,-0.08217503140859957,0.1060274197163456,0.09848199258405488,0.402
4.449966669082642,-0.08998180208212356,-0.28976847051993637,0.10894035733045578,0.07170588242973432,0.402
4.460137367248535,-0.2946215880438116,0.135124166213172,0.1549214240436862,0.1007860613563395,0.402
4.470371723175049,-0.12099578211415137,-0.2375810289067088,0.10654313501965454,0.08397420723980409,0.402
4.4805519580841064,0.1321396707609227,-0.048210637858763776,0.11315466775789411,0.1105440970531526,0.399
4.490720510482788,-0.08033007286448511,-0.022619392255123973,0.17806879165113726,0.1342388855468332,0.399
4.50093674659729,-0.13993004265840747,-0.038256175021844724,0.1363969472223856,0.13819130799049548,0.399
4.511103391647339,-0.0840521905796183,-0.01686433736973107,0.1293656375529103,0.16082110694759355,0.399
4.521272420883179,-0.055163902178555664,-0.053306551478083566,0.11821530484748528,0.09360140545050112,0.401
4.531585216522217,-0.20696828983680904,-0.07672292534384854,0.13884560778089075,0.10777665436409387,0.401
4.5417516231536865,-0.23495359709093283,0.21120165671806462,0.20179862061801238,0.19586029974223884,0.401
4.5519537925720215,-0.07504100723935224,0.000599775584580494,0.19926779259452432,0.1390269348567128,0.401
4.562136173248291,-0.09607931524960861,0.014406060760385543,0.2008624874988429,0.16965420788276367,0.401
4.572429180145264,-0.25062251364819044,-0.03035098033447514,0.23445065185290892,0.11449535210501655,0.401
4.582610845565796,0.1168866510245002,-0.004097651563063552,0.1266270956121442,0.1330417841602413,0.404
4.592777252197266,-0.018873101594749937,-0.049192038168974744,0.2263240621200741,0.16259218949302306,0.404
4.60295033454895,0.006365386380098751,-0.19947286012736465,0.237651150806358,0.08545410627117479,0.404
4.613117218017578,-0.06355185767469675,0.029729440517370885,0.2314926068979002,0.10071901236859296,0.404
4.623284816741943,-0.10415747764753544,0.017375787665074603,0.213912236877945,0.16826298746644502,0.401
4.633592844009399,-0.15247146810525872,0.05209985792569122,0.14688848240226987,0.12489415713044838,0.401
4.643756151199341,-0.1712634663185077,0.041489274647660425,0.152341661795653,0.2029179952715383,0.401
4.653919458389282,-0.2818868279757067,0.0543894998706468,0.15097738419597448,0.1355020929957486,0.401
4.66408634185791,-0.022168027212561447,0.22184199090173162,0.23970844458062382,0.11838082934217886,0.401
4.674251079559326,-0.26558377594978055,0.004333888951638895,0.2674606359429062,0.028509293857769222,0.401
4.684428930282593,-0.28944850130580724,0.0057971715972837635,0.21890989231098357,0.11288260439866801,0.399
4.694612503051758,-0.09544673060926526,0.243953476641912,0.2950907296974822,0.19027706250567242,0.399
4.704777240753174,-0.3140561693491835,0.025111654688919877,0.1855375717880494,0.1010551044068547,0.399
4.714941740036011,-0.04719813704193258,0.027236105518153652,0.209684423678348,0.11220769640501496,0.399
4.7251152992248535,-0.21248298197972812,0.025945131129183892,0.22925478472008862,0.0950114915192591,0.406
4.735285758972168,-0.0199867669391389,0.039644976210978206,0.2704420063833441,0.11382183568928345,0.406
4.74562406539917,-0.3739015905979876,-0.024809423339157102,0.3096775841701702,0.12661588015332953,0.406
4.755783796310425,-0.015012629620366978,0.013249595502695149,0.30388987550575824,0.055329808254420396,0.406
4.76594877243042,-0.006380521099878528,0.10339149049024494,0.20779832205074758,0.09612805185604714,0.406
4.776116847991943,-0.1320577821753133,0.1194846315109755,0.25009835578584383,0.10798364255709639,0.406
4.786287784576416,-0.256858481941138,0.03326829498115933,0.24734818526921074,0.047326638934303056,0.4
4.796483516693115,0.010154422307280184,0.21367079408693537,0.2792455957960095,0.08149876005553433,0.4
4.8066887855529785,-0.12280075902413118,0.050771743165365556,0.25816385852272544,0.046889481499559856,0.4
4.8168861865997314,-0.45488938106612387,-0.029131675032305366,0.19651189458127877,0.047050259144934256,0.4
4.8270583152771,-0.0734053777228115,0.02949686060026363,0.3145478467835282,0.11276213204840974,0.401
4.837225437164307,-0.2749603011078843,0.02949491250718381,0.28541945879734165,0.1130726774380541,0.401
4.847426652908325,-0.3821811747354108,0.02175550006752668,0.2414414862507731,0.15074647252263987,0.401
4.857595443725586,-0.7905585325017994,0.44957949659095053,0.3098514118501598,0.09728272627416332,0.401
4.8677661418914795,-0.07159461020258447,0.021430486123992322,0.28299685407575703,0.0794638563756926,0.401
4.877949237823486,-0.24997958167969192,0.013040787733749783,0.24060806111996805,0.13284963015505008,0.401
4.888113737106323,-0.07375947990347474,0.01937086882452809,0.2550288480288126,0.16788188424448483,0.403
4.898279428482056,-0.014922344566078315,0.026235390741915558,0.19224036147631546,0.09299005329125162,0.403
4.908465623855591,0.06037235826901613,0.04317792231091689,0.17030583122627346,0.07755830706170974,0.403
4.918631315231323,-0.6568200144923362,0.4195142450268633,0.266356597054617,0.067194348890843,0.397
4.928801536560059,-0.7638260692738562,0.06156594163833304,0.23326197351940461,0.0411236776784386,0.397
4.93896484375,0.021920927917867594,0.029684816769841246,0.24522689123909247,0.10804275169857627,0.397
4.949126720428467,-0.17972434306164506,-0.16052674124121408,0.2423671745308082,0.08968675739792485,0.397
4.959288835525513,-0.40469635157431166,0.022579618607807994,0.21095639637778638,0.004404546731212388,0.397
4.969604253768921,-0.3782299383130004,0.20756063468683042,0.24859362181708697,0.1040614710927669,0.397
4.9797656536102295,-0.5542976436624732,0.4254027990389572,0.2922173377779969,0.08630980193610345,0.398
4.989929676055908,-0.16999755336497205,0.0353478764489926,0.2755635568998746,-0.0008173389454250966,0.398
5.000095367431641,-0.14248031259619062,-0.16825997386822847,0.2285312927016335,0.04622576351836956,0.398
5.010261297225952,0.17676414162576462,0.06731335396866481,0.22849216270538106,0.0896545769970948,0.398
5.020573854446411,-0.16030887026663354,0.04951772075893669,0.29731029213855664,0.011466119506466789,0.401
5.03073525428772,-0.6469288480730242,0.18518345826842825,0.2800584125766454,-0.006996301600658346,0.401
5.040900230407715,-0.3442373411319424,-0.15011999398050377,0.21070931049004735,0.05948043380804137,0.401
5.051154375076294,-0.8453857245378851,0.2495782873714155,0.23953153518047998,0.0031625997749193564,0.401
5.061390399932861,-0.25269930332134155,0.4276049647683064,0.19355528635140912,-0.03440998269087828,0.401
5.0715813636779785,-0.44161177691005726,0.009301868079928418,0.15506705164913964,0.08797215702147818,0.401
5.081743240356445,-0.14686793405874504,-0.008156873990563356,0.18237689375134875,0.04695726921182512,0.4
5.091912269592285,-0.025341989828393304,-0.18875981815008386,0.16282314266914916,-0.005877508431209995,0.4
5.102082014083862,-0.4698941761863535,0.0039464735078730525,0.2604588122513781,0.053121355053456075,0.4
5.112244129180908,-0.2624101766723432,0.04119923414307788,0.2732840939855107,0.06464031249574573,0.4
5.122425556182861,-0.217592874128957,0.021732199540363532,0.18637616396710313,0.04366526699924155,0.401
5.132576942443848,-0.4192132945087574,-0.3812626328848731,0.16575063150415126,0.030577098334884645,0.401
5.142727613449097,-0.0260890512019449,0.03958308380104842,0.24033963534177408,0.024318440742588557,0.401
5.15287709236145,-0.8270472077564659,0.22250802509505105,0.20466353550666191,0.01158941276535251,0.401
5.163031101226807,-0.8427854243204415,0.5574640372123959,0.19811163861661757,0.0032796714999775017,0.401
5.17319655418396,-0.010751571947518848,-0.4053988058269029,0.23557001384801957,0.02259663970347304,0.401
5.183457612991333,-0.009193528650708724,-0.025782501786550827,0.23881097031478685,-0.08292669088687804,0.398
5.193613052368164,-0.2245485865102455,-0.04655617422779072,0.21669004983928633,-0.0018282584165599733,0.398
5.203775882720947,-0.04405245512175853,-0.404726594626465,0.24829897094918463,0.044516643669433004,0.398
5.213942289352417,-0.31347967362078644,-0.056127832208160394,0.16431575672882215,-0.044211636799964184,0.398
5.224100112915039,-0.24772114555048125,0.15879362614102085,0.08387601364352087,0.0003272501984193932,0.401
5.234266757965088,-0.6217331446718694,0.2176469021708935,0.03760902996474021,0.07690758349623111,0.401
5.244582176208496,-0.45507572909978805,-0.004540837814367989,0.14861789815118384,0.02302861991778357,0.401
5.25475001335144,0.11437150646407429,0.01411961567431767,0.1225445256634811,-0.047325742059939425,0.401
5.264912843704224,-0.4700833923974762,-0.25030280932838794,0.15408324435823745,0.022074126847687947,0.401
5.275069713592529,-0.4505861615858985,-0.016510533895459697,0.19344209820770794,0.03201703713069339,0.401
5.285224437713623,-0.8132252731693839,0.05020289445715486,0.08979279543164975,0.019439659888733654,0.4
5.29554295539856,-0.1822468168427072,-0.05558992437579915,0.10290437101515763,0.10278482230214606,0.4
5.305736780166626,-0.12812035949109354,-0.06463361242903115,0.16049090642615815,0.06130728403738331,0.4
5.315937757492065,-0.4556556651184229,-0.23024440610112681,0.21432269553022584,-0.017928508595098182,0.4
5.326130628585815,-0.13610219991567044,-0.05527404325524841,0.1795396141743536,-0.030318357865532046,0.402
5.336290121078491,-1.1003176623336743,-0.07381172690399777,0.2228363280341171,0.09955274391860061,0.402
5.346470594406128,-0.3191301613360649,0.21292597093186694,0.23580856497752606,0.04362654262056781,0.402
5.356630325317383,-0.5211349283480574,0.011751960576037498,0.24812082589257323,0.05182647415282757,0.402
5.366797685623169,-0.0030746422094060154,0.00874803048933876,0.15615091805095885,0.12143362959865511,0.402
5.376955032348633,-0.0030747121541499366,0.008748229497454409,0.16940220930675473,0.11789920163682216,0.402
5.387109994888306,-1.0513589822223757,-0.0034289844157853787,0.2719678886738167,0.04030227823577774,0.404
5.3972673416137695,-0.042921252210216594,-0.0034290487430021135,0.28246369691993944,0.04125239283371331,0.404
5.407577037811279,0.1142510866863502,-0.22306101208090923,0.12195792914305231,-0.03582540527613988,0.404
5.417729616165161,-0.8216843072776373,0.13331253630739306,0.1437057055824507,0.03036873574243635,0.404
5.427883148193359,0.1100684054324042,-0.03226452085837611,0.3233101890584679,0.12861562728352366,0.404
5.438046455383301,-0.8446065605478738,-0.17097696685634536,0.2918365774570466,0.11553843425342526,0.404
5.4482011795043945,-0.3246995273266684,-0.16924354642229478,0.2158383758774718,0.08842281656670871,0.404
5.458463430404663,-0.8417606768251239,0.021378989360206855,0.17916448154486073,0.11416092000344548,0.404
5.468629837036133,-0.6734102869429051,0.0019365878928821552,0.12960035071644538,0.06486536899896683,0.404
5.4787867069244385,-0.2733453812831184,-0.019411913669674465,0.06919687124340432,0.0344219474670128,0.403
5.488951921463013,-0.18545766531451227,0.0501386265877901,0.18280875169340507,0.049725863146010865,0.403
5.499160289764404,-0.11335566899951492,-0.24272466713813612,0.20711858921552584,0.07026059634110055,0.403
5.509341716766357,-0.7528141816295846,-0.06125662154466592,0.14982594578312747,0.031532752452863425,0.403
5.519497394561768,-0.07275384082122967,-0.08071329114475159,0.16300932282002245,0.08840076238049777,0.403
5.52965235710144,-0.2833194350593334,-0.04192783765708163,0.11646648699649312,0.13507744176365388,0.403
5.539810657501221,-1.0450846488304066,-0.1900485966903662,0.2456184364505307,0.14280261555620402,0.403
5.54996395111084,-0.44394855640012415,0.23768717429275235,0.28783146670322624,0.052633091463124934,0.403
5.560124158859253,-0.2880000997825535,0.02497616492143691,0.20365112353445564,0.022516865751029982,0.403
5.570425510406494,-0.31025804587055855,-0.03395076721550211,0.18588849825872245,0.08782845494883454,0.403
5.580604314804077,-0.04749320204218019,-0.01568878122303873,0.2730991134032289,0.09653816613463742,0.402
5.5907628536224365,-0.9020109306042563,-0.013706846472715915,0.31576417951783986,0.11572750469512313,0.402
5.600916862487793,-0.3858343679070293,0.04616150143570996,0.2441348656044738,0.13209693975181738,0.402
5.611074686050415,-0.6095244015197212,0.010668009384429914,0.141588600075959,0.1107330488398521,0.402
5.621227264404297,0.0723570169439771,0.1247765575320771,0.14005060268051278,0.10799149649441092,0.396
5.6314537525177,0.13015177112736814,-0.45654857151346984,0.15777761256468376,0.08791565341459051,0.396
5.641626358032227,-0.9102212721090807,0.02792034853508544,0.217084145047175,0.1069809804240858,0.396
5.651777029037476,-1.1207731622140595,0.18737476862687447,0.2348034850213006,0.051263620447112385,0.396
5.661930561065674,-0.9816207049019634,0.00948239634803918,0.10588769161151945,0.09816417637200503,0.396
5.67212438583374,-0.15530898607133567,0.023076893419890106,0.15722584957087435,0.1057592745685356,0.396
5.682288646697998,-0.32782523257856905,0.005787873925632924,0.21641866319406,0.11128168430100692,0.396
5.692540407180786,-0.40377375227690177,-0.17978657711998383,0.15505217516845135,0.10903755953177083,0.396
5.702694416046143,-0.19342474276074262,-0.002974884331286918,0.10934796687079432,0.15119924282162067,0.396
5.7128448486328125,-0.9300863411125225,0.03239664421740292,0.20326043781409872,0.1348225484437142,0.396
5.722997665405273,-0.25782246499698713,0.0131621388939088,0.2598451576250185,0.09727602570885098,0.399
5.733151197433472,-0.37904628807447804,0.011942367155165898,0.2234001152766379,0.05579694333601053,0.399
5.743312835693359,-0.8841354671418744,0.14802578659805365,0.1747526279187845,-0.02183501171986083,0.399
5.753488063812256,-0.6138360656224089,0.21126440230969293,0.19935088968822617,0.05290113857194889,0.399
5.763641595840454,-0.3024193613119759,0.02238724473140046,0.21098925069037308,0.11137025423673347,0.399
5.7738096714019775,-0.44440815530896627,-0.013559865373615032,0.2285184167406314,0.1517199663535041,0.399
5.783965110778809,-0.4521410508434985,-0.1770828605577522,0.229861645551476,0.07710285491756233,0.398
5.794134855270386,-0.4302939205598505,-0.2096373065443366,0.16430410621477518,0.10034461268484605,0.398
5.804302453994751,-0.7447482556611882,0.4126679435660513,0.23715662213263128,0.14087880205723888,0.398
5.814520835876465,-0.28278424135233865,0.20007496232512717,0.3244363604088716,0.1406602287897327,0.398
5.8247363567352295,-0.8540143744826861,-0.2267368467608756,0.3360981054980399,0.06722461083393286,0.399
5.834929704666138,-0.09095076571938213,-0.01024844532904238,0.30311902409654357,0.09340596500202074,0.399
5.845082759857178,-1.0549375065524718,0.02110878342821,0.22796374547882176,0.1582591524506996,0.399
5.855234384536743,-0.20926023467743915,0.017161125958360304,0.2988283844516132,0.16013491162855553,0.399
5.865469932556152,-0.20709982637057514,-0.20572720655418386,0.29742249842520624,0.046866601510528016,0.399
5.875628232955933,-1.2825569404588106,-0.003954285905184274,0.3317610322730343,0.10062703382092061,0.399
5.885775804519653,-0.650631481222544,0.4312140991640536,0.35023018834401953,0.1145084767056422,0.399
5.895925045013428,-0.2304137857497141,-0.2411033467501459,0.33701736629367496,0.07887362547858438,0.399
5.906083106994629,-0.266647972682585,-0.007461922438065794,0.3082762978901048,0.09565606786803264,0.399
5.916228771209717,-0.65050723006584,-0.022405760290111182,0.3641460393261785,0.05861999813785605,0.399
5.926467657089233,-0.42171216969912134,-0.029452443937321555,0.21823366300216093,0.09744693924935925,0.404
5.9366326332092285,-0.8276731810170957,-0.02945250590893951,0.21904213389967975,0.0985732291538205,0.404
5.946776628494263,-0.9928645231422063,0.04709124599036218,0.3349882227441663,0.032298806605313604,0.404
5.956930637359619,-0.26568907064787034,-0.034200813824221576,0.3833713303823231,0.07631765029666808,0.404
5.967095613479614,0.008330589556075735,0.009576778621294042,0.4017450000146475,0.1316084493353016,0.404
5.977243900299072,-0.8397692663523989,0.07683127148717715,0.31909361479582754,0.04228592245062015,0.404
5.987421035766602,-1.0371553949734376,0.00951251856012079,0.31241257454755145,0.0604706130386593,0.4
5.9975879192352295,-0.3452768207031409,-0.006050766076163365,0.39620505244085724,0.06141793420028638,0.4
6.007747173309326,-0.5671940409897893,0.1459832358858566,0.34621376229428286,0.010010785855712336,0.4
6.017903804779053,-0.3634416038794354,-0.0191494964464008,0.3498137720417114,0.03973817879152628,0.4
6.028074026107788,-0.7460325904267748,-0.22415870005076216,0.42587882769792573,0.10041279181588222,0.402
6.038235664367676,-0.9482885432578724,-0.02273662444159116,0.4192859295900349,0.10717945050026277,0.402
6.048530578613281,-0.11775726236556852,-0.17780522744044092,0.30657252731425516,0.12332221719934135,0.402
6.058694839477539,-0.9909783311781132,0.02704264567135015,0.3242574144575373,0.111204501714766,0.402
6.068873643875122,-0.7784617780298925,0.23686119682516557,0.34159284874972423,0.0714673735404357,0.402
6.0790932178497314,-0.7173983692960113,0.21089152208125586,0.34711523082287293,0.09269710050620297,0.404
6.089285373687744,-0.33901672248948095,-0.1880574229007343,0.3869580955822989,0.04778861252931397,0.404
6.0995259284973145,-1.068210043605698,0.21152690295874096,0.3091327718510117,0.018313127162594242,0.404
6.109676361083984,0.15715355131885486,0.022029998418600573,0.28672937826434663,0.08558731822815167,0.404
6.1198203563690186,-1.888022606224377,-0.008113751279106282,0.33018703023940443,0.1187786776025289,0.401
6.129963636398315,0.07490632218383682,0.017319284530608693,0.3182307080678714,0.04465124067938273,0.401
6.140111684799194,-0.375080395907958,0.03567879469030069,0.3149119391281463,0.06689311115640316,0.401
6.150361776351929,-0.919635500244935,0.05246968262020892,0.23060473972898138,0.021887610193122686,0.401
6.160583972930908,-0.8670605440258585,0.02657945482500355,0.21334880482810423,0.01377324853128009,0.401
6.170750379562378,-0.8715358392012811,0.21092334382920014,0.2949508119594987,0.030569684663623604,0.401
6.180897951126099,-0.257312856193373,0.007084637762335552,0.34791070339239216,0.08268246316366479,0.402
6.191057920455933,-1.2839612065462709,0.05950491865759994,0.27609362708632146,0.11779986925460618,0.402
6.201204299926758,-1.1065187164457952,-0.032659017431697385,0.19152181082423442,0.09720290426391044,0.402
6.211350440979004,-0.7428899995570227,0.01921231252967305,0.23394175193814642,0.0056478783781213765,0.402
6.221520900726318,-0.8969642911539587,0.035090385022414745,0.27080751617877624,-0.00253523708014973,0.399
6.231675386428833,0.1305655916397749,0.012889841542940877,0.2676257828211116,0.02336052453428339,0.399
6.241828680038452,-0.9340890307058173,0.4483208186339321,0.22868335823036046,0.015560694232403163,0.399
6.251998424530029,-1.182420506338045,-0.013529551739003163,0.06802448295425434,-0.004346491658013148,0.399
6.2621541023254395,-0.29167585384745115,-0.0033575931776771797,0.09808110011503872,0.06004785784613338,0.399
6.272317886352539,-0.33275167663581945,-0.15346925966292874,0.2527309790773411,0.056019668251911674,0.399
6.282490253448486,-1.5073909585395977,0.021303830703619638,0.1980763487124098,0.02846633029120177,0.402
6.292639970779419,-0.1365634922201485,-0.02758728968765905,0.1378579052426505,0.0560608134748428,0.402
6.302784442901611,-0.9335021473718464,0.03811457137912652,0.14590080524429538,0.08686389973780914,0.402
6.312938451766968,-0.7312599064886328,0.01843756421839798,0.0943907418120618,-0.02779864242366908,0.402
6.323141574859619,-0.9704059015474135,0.22368718295960408,0.08395462244098086,0.018580365631715348,0.403
6.333359479904175,-0.37413429951829136,0.04179646293953861,0.16201218169146328,0.03482233561010098,0.403
6.343560457229614,-0.3529211817627377,-0.19028143140067016,0.1019252367582035,0.018333845052450427,0.403
6.353713512420654,-1.5599308669234018,0.19207779549251391,0.05539388359237468,0.03401008028034675,0.403
6.363866329193115,-0.2211639012361031,0.007408669002030845,0.15966578115678107,0.009109930052245578,0.403
6.374048233032227,-0.5147840068813203,-0.2253325558033498,0.1228598487194521,-0.02932879061935821,0.403
6.384206533432007,-0.7709966758064107,-0.03827477665491258,0.07293662082070312,0.05012231640704591,0.403
6.394439220428467,-0.9211945488136999,-0.006162543365983566,0.05280973041325595,0.09711911583422736,0.403
6.40460467338562,-0.765209040305235,0.012946076431803016,0.02784155674477759,-0.010669363495983613,0.403
6.414749622344971,0.027034794102518158,-0.18581265928806553,-0.055967024182149605,-0.033892001020571744,0.403
6.424897909164429,-0.8279526420597753,-0.23182102614152325,-0.025541360280060488,0.04672690664435641,0.405
6.435042381286621,-1.1536703699960125,-0.0024282847426102196,0.011507703881729225,0.027492152445058975,0.405
6.445184230804443,-0.4208182777770734,-0.19886982670075695,0.015023702566505384,-0.006937876673152543,0.405
6.455330848693848,-1.451470034370205,0.41360729037000843,0.053986217273180925,0.005272281729196346,0.405
6.465546369552612,-0.09285678105744001,-0.2140597277394315,-0.04518366107587514,-0.018455012051912245,0.405
6.475712299346924,-0.7089579650764981,-0.05869795450147696,-0.040160474910831745,0.027301743072262435,0.405
6.485861301422119,-0.7897926037654059,-0.017171101425252168,-0.014003673168333813,-0.014822855126178862,0.402
6.4960174560546875,-0.4674291991373487,-0.07205813444975796,-0.04582032736688106,-0.039287625760132755,0.402
6.50621771812439,-0.8675980906177126,-0.04557795159692969,0.03485813610103343,0.035886894404486884,0.402
6.516376256942749,-0.5149560544126135,0.005517750071454007,0.02132241661144353,0.005209931139050633,0.402
6.526546239852905,-0.6315503185153747,-0.01592729405882106,0.005204968075462751,0.06608160183761456,0.404
6.536692380905151,-1.0366354099730073,-0.015927027834238407,0.025166119989837185,0.06992287982549276,0.404
6.546834707260132,-0.22785363424618607,0.00038560901431177873,0.061203675083049094,0.06388291319823303,0.404
6.556985378265381,-0.8578670307942893,-0.05143747216630765,0.05767116128530603,0.0493801319398527,0.404
6.567164182662964,-0.990542064596221,-0.07706374844311495,-0.01162339144433374,0.0089353814808655,0.404
6.577322244644165,-0.25158316588019014,-0.21666869911234538,0.037165983136282166,0.03826974935800713,0.404
6.587535619735718,-1.0822882513991432,-0.015191939053748157,0.08138295076749917,0.039411155586337294,0.398
6.597715854644775,-0.27051684754683286,0.01816141644915134,0.014123845818715022,0.016783678746719443,0.398
6.607874155044556,-0.5041024293536935,-0.04469437456046537,-0.07085075709766825,0.030949162365325363,0.398
6.618036270141602,-0.5050012181953586,0.0021498716345266663,0.037146741128633025,0.07745417700786873,0.398
6.6281914710998535,-0.3858542836417975,-0.01480430170501732,0.110479543524285,0.060845317661068085,0.397
6.638346195220947,-1.072855300281879,0.01427967913420669,0.05890248107172662,-0.021859350232715038,0.397
6.648659706115723,-0.6706939788131234,0.031002360957421093,0.09808506796461348,0.0347566005632384,0.397
6.658819198608398,-1.0599894799616134,-0.024466082562184587,0.03259385922197511,0.06832483930792349,0.397
6.668984651565552,-0.4296217296785673,0.14601739832851968,-0.08784129941141726,0.08712909620525836,0.397
6.679148435592651,-0.9751290314829615,-0.03460709324727805,0.015112887450823467,0.09152068284880971,0.398
6.6893041133880615,-0.2753603758923152,0.03833376853405816,0.04530538347097528,-0.000753875490437873,0.398
6.699589252471924,-0.5467371431183966,-0.023391557584355634,0.057550131578268174,-0.05173669991620826,0.398
6.709746837615967,-0.8648163763820815,0.017245438811708355,0.06793666017613406,0.001360523974992646,0.398
6.719899892807007,-0.4327184506656159,0.018713909056218985,0.08357911739506005,0.09162804744198873,0.398
6.73006272315979,-0.8567185262204503,-0.04161791002570199,0.06032859544812551,-0.017055817682032095,0.398
6.740227460861206,-0.41713775453841817,-0.005033973909652091,0.014977724843039941,0.006441512599757529,0.398
6.750453233718872,-0.3767955615709792,0.011454334112367386,0.08673319029316068,0.040375372113068075,0.398
6.760634183883667,-1.2364183275154632,0.034696808895738514,0.17968584910810315,0.06854746057441637,0.398
6.7708024978637695,-0.46456692189225085,-0.18210407978847054,0.11151395647776124,0.02562544135990217,0.398
6.780962705612183,-1.0751018742780971,0.01658527745402818,0.09975391734566834,0.08809222834521559,0.397
6.791123867034912,-0.2616579744155345,-0.024881164007275573,0.03233180463674936,0.14698191441335393,0.397
6.8012824058532715,-0.1675243332371685,-0.05326311222647646,0.015647636418740746,0.035628483506452036,0.397
6.811574459075928,-1.0168697192476357,0.014053127464034866,-0.049427822408902936,0.044563468766972994,0.397
6.821744441986084,-0.44753775271496704,-0.00026923703430477953,-0.006591125401734125,0.03637447452633749,0.396
6.8319361209869385,-0.20271720521116726,-0.02598746383763057,0.16087000058481396,0.08188333933823921,0.396
6.842151641845703,-1.371012822372419,0.04015737345916353,0.05600473884062429,0.019717274772834477,0.396
6.852344512939453,-0.32689888897378466,-0.05656527443332319,0.013792714992087299,0.10692940230569004,0.396
6.862661600112915,-1.222716255089221,-0.25996360654056877,0.025143657484664142,0.09144143629635354,0.396
6.872828722000122,-0.28518124342110274,-0.024157059285075604,0.05372419906612122,0.034080882805377806,0.396
6.882988929748535,-0.5012178358638664,-0.003759746135103423,0.024014285800429414,0.06953966519403436,0.397
6.893155574798584,-0.8040169395391733,-0.03486847040358269,0.01818419124173966,0.06775666579150258,0.397
6.903311252593994,-0.45548057019087645,0.001289675066882724,-0.017839948890223778,0.0812025133382563,0.397
6.913588762283325,-0.7852335290972655,0.0036921309553216318,-0.0628883402623252,0.09304395024186671,0.397
6.923740863800049,-0.5556098466585111,0.2197981484311518,-0.06367601305111897,0.1296609102748219,0.396
6.933891773223877,-0.20020814935080805,-0.22008770037038747,-0.07392326910461992,0.08036111501826657,0.396
6.944057464599609,-0.9470603264146079,-0.04790399757976521,-0.0410396185051556,0.15347694563012831,0.396
6.954210042953491,-0.4271465371377546,-0.0458047501666531,-0.037645690991444034,0.1279027129354567,0.396
6.964364528656006,-0.8326250702700052,-0.04745009181646909,-0.030436226785943904,0.04423112804376222,0.396
6.974661350250244,-0.5611011767650946,-0.05113027612269364,-0.029711574684283287,0.11838527174116177,0.396
6.984821557998657,-0.2031871444802022,-0.04278562357493112,-0.004279914260200371,0.104256481687926,0.401
6.994975805282593,-0.8539392208806091,0.012150695512320916,-0.05439704242749026,0.0581406903333791,0.401
7.005127668380737,-0.38176706892406403,0.02479682049033532,-0.03281702982360519,0.1063365935392725,0.401
7.015279054641724,-0.6532552672890866,-0.03198920600832611,8.725411282073381e-05,0.08239380640788749,0.401
7.025575876235962,-0.5524696563432144,0.025376926419699783,-0.008234403509575036,0.07848995753385699,0.399
7.035735368728638,-0.3925144523741881,0.18585141429019766,-0.024573225880010124,0.18045869537487533,0.399
7.045905590057373,-0.980321424670403,-0.02745704481549981,-0.09136399311567452,0.13103387473515302,0.399
7.056107521057129,-0.25507486741074126,0.013883854331267402,-0.04676120492750528,0.11752641032681668,0.399
7.06627082824707,-1.464982748540433,0.013883854331267402,-0.04676120492750528,0.11752641032681668,0.399
7.076482772827148,-0.2349029680122244,0.04058048668912633,-0.11556678420127436,0.13881878973945277,0.399
7.086673736572266,-0.4181297965945796,0.0430765558047634,-0.03576798339995295,0.14851935639141145,0.403
7.096877336502075,-0.6110779023049283,-0.19081293298800717,-0.0450024550489959,0.060330851458560805,0.403
7.107116460800171,-0.11300751895380226,0.06414543681097812,-0.08499236053902083,0.08233940086697523,0.403
7.117269515991211,-0.5681474788367445,0.05312048970088574,-0.018336707649724587,0.10156769117401462,0.403
7.1274731159210205,-0.9288365895412684,-0.010755091413628038,-0.05753066972203538,0.013457609593920915,0.398
7.137645959854126,-0.3284064870009553,0.04572002516557112,-0.05554801630669158,0.12345216986662282,0.398
7.1477978229522705,0.11419287892600609,0.004528761230098258,-0.026943211038597814,0.11620242908262049,0.398
7.157953262329102,-0.8045906978157431,-0.00965924746784723,-0.09235492907349639,0.0575341849449397,0.398
7.168120861053467,-0.951246580506311,-0.0025677780589527257,-0.07629539934053957,0.07190211215551162,0.398
7.178282737731934,-0.1915859403755018,-0.0013089969674493153,-0.034228949880297094,0.06359928791416235,0.405
7.188567638397217,-0.7490849472018503,0.01185295747260879,-0.07371727619013281,0.046523657767890574,0.405
7.1987245082855225,-0.32946296720237805,-0.1908540975622435,-0.07914943570330482,0.11185151422276597,0.405
7.2088775634765625,-0.40942261638663763,-0.002998492751208793,-0.07885885557546907,0.11161074270059444,0.405
7.219035863876343,-0.912727382208509,0.004708614520665026,-0.13955826681805436,0.05372313869745672,0.396
7.22918963432312,-0.2112078964380796,0.02485378520454853,-0.14129488738082352,0.11955510552565797,0.396
7.239341735839844,-0.8669739201776204,0.22841984778796193,-0.15519227491055598,0.08012410984170854,0.396
7.24962592124939,-0.24167472943467252,0.03390927098207202,-0.14420851908506263,0.04127956839958935,0.396
7.25978946685791,-0.5563221780567001,0.039990727415569485,-0.11970674924649036,0.11466274853024219,0.396
7.269965887069702,-0.18406425083236544,0.07740656228839596,-0.18148167580426627,0.1638025110416158,0.396
7.280125379562378,-1.0045599298978587,-0.0057686663746963265,-0.2558261096929602,0.03636791255807158,0.396
7.290283441543579,-0.6316609559092955,-0.4242895889068012,-0.26211329465518596,0.06016994048277795,0.396
7.300464630126953,-0.5378578742308874,-0.05955223243239519,-0.1718539902594457,0.07776926015080018,0.396
7.3106348514556885,-0.7099189001360998,0.21894418092726248,-0.15104086650831536,0.01655102477657401,0.396
7.320801734924316,-0.00227113080073143,0.04715648999685771,-0.2724003787382944,0.0801188539225317,0.396
7.330962181091309,-0.33719447096392147,-0.04978394651761101,-0.3216237949241708,0.07609529669102887,0.396
7.341151237487793,-0.7344658876647635,-0.18361403652278618,-0.2130057110558332,0.08649131399978338,0.396
7.35135555267334,-0.7689640162516358,0.21454227146223045,-0.19158074027499822,0.050252761661225616,0.396
7.361558437347412,-0.5901369252036236,0.024944781136498603,-0.22930354789904905,0.047713110609292064,0.396
7.371733903884888,-0.5348993950268118,-0.09034463900979095,-0.24878249220712523,0.04632539201659955,0.396
7.381894588470459,-0.16276684419419787,-0.07063925752607363,-0.1915271492647702,0.09113530986582194,0.395
7.392061233520508,0.05249502316422711,-0.053644223229604576,-0.21376227340274737,0.10942633278232185,0.395
7.402231216430664,-0.7647169539791393,-0.06531156446996662,-0.24178682833359863,0.07806411472403761,0.395
7.412522315979004,-0.28407262290074375,-0.0003264487327177512,-0.31721404401706327,0.06629287295797234,0.395
7.422698736190796,-1.3217572889283677,0.027508648041117047,-0.32368267704141995,0.04713991386332801,0.397
7.432852506637573,-0.3311612439247303,0.057735419888243086,-0.2951168556171782,0.019677935225018362,0.397
7.443006992340088,0.23943864878418958,-0.01922901936865606,-0.24194645369870993,0.11908801525966689,0.397
7.453161239624023,-0.9448082311943018,-0.04100653552135996,-0.29737647393866096,0.09131785654157162,0.397
7.463313341140747,-0.19934050197763303,-0.007767234831523985,-0.3456798496058499,0.04744269925722329,0.397
7.4736082553863525,-0.8138211090853148,0.007128234833510675,-0.38760882741391084,0.047104264173139634,0.397
7.483764410018921,-0.2941449446853377,-0.021510024528811136,-0.34664103265025026,0.11647216719397778,0.4
7.493924856185913,-0.36405470916095994,0.0039807339784558434,-0.2807025518041608,0.08888246894476706,0.4
7.504134654998779,-0.33320299816357585,0.015256158547412557,-0.30342552593359406,0.05815438977467943,0.4
7.514294862747192,-0.1986618172746446,-0.19999628744982442,-0.3803812739462133,0.041891819352922244,0.4
7.524471044540405,-0.7988172799231695,-0.018058915946491054,-0.36250542324409035,0.05373033356735283,0.397
7.5346410274505615,0.013150016136659863,0.0426350730565794,-0.22894427575464496,0.06574187081315207,0.397
7.544795036315918,-0.34853353177545093,-0.006479950566696886,-0.20482209880955066,0.047474936928028885,0.397
7.554946660995483,-0.8258974267021526,0.015590704653536331,-0.3970252261342264,0.03071152647781454,0.397
7.56510066986084,-0.6259435201891607,0.24195104375532803,-0.45985916813112,0.04046425317866527,0.397
7.575263261795044,-0.4184492225740769,0.04062817269312055,-0.3093700603667797,0.03626018466223528,0.397
7.585433721542358,-0.1399990262014628,-0.06643502339397495,-0.2625502925372638,0.10540856493658254,0.397
7.595601558685303,0.04468560003041162,-0.021924198707830297,-0.336962471230242,0.05945236713622996,0.397
7.605804443359375,-0.24974668370907138,-0.20734049109112393,-0.38220213777320183,0.0657378182517453,0.397
7.615974426269531,-0.3118564092614159,0.0326838776667785,-0.41613390507354586,0.07821352109685209,0.397
7.626155138015747,-0.00366026515071325,0.033681924262321944,-0.38290224366058373,0.1486850431121939,0.402
7.636324405670166,-0.6082756096143779,0.03368296285410838,-0.39056588653046714,0.14515841722704212,0.402
7.646522521972656,-0.5218734786120729,-0.04677909552662878,-0.3388644363992056,-0.003935804552896457,0.402
7.656687498092651,-0.8876852541950627,0.19809047092074014,-0.4732023019068399,0.06582316628803155,0.402
7.6668541431427,0.04894085298949017,0.014879253720775169,-0.4511442643204857,0.1440765100459095,0.402
7.677020788192749,-0.17196622054123178,0.037672015822036574,-0.3201210054726135,0.09287578222640863,0.402
7.687222242355347,-0.003387206849447912,0.03986122920171381,-0.29295277569087613,0.045953836481696334,0.401
7.69739294052124,-0.04050967361040091,0.03285681408503947,-0.3609818767898054,-0.013181101786325037,0.401
7.707718133926392,-0.8940572917111956,0.21016851110745674,-0.47032465420821823,0.07549281048057153,0.401
7.717876434326172,0.029096963675132953,0.036249783254613366,-0.471558976463222,0.09370842277991767,0.402
7.728037595748901,-0.21697125609663953,0.014379242015558999,-0.34765359503837673,0.0845449454143949,0.402
7.738203048706055,-0.06806232412456535,-0.010073507733827229,-0.3235264034791163,0.04276601984270477,0.402
7.748366832733154,-0.9583651991150499,0.017103478796996984,-0.4093610073601266,0.029315107163008423,0.402
7.758671998977661,-0.15497179371911082,0.24056146571811005,-0.46102528044976543,0.05150289313330469,0.402
7.768836498260498,-0.3552811637341117,0.24554702838393536,-0.4100187110231171,0.05483338796434548,0.402
7.779004335403442,-0.37312557577513333,0.08139764623355474,-0.35053281545401693,0.09594772643733551,0.401
7.7891669273376465,0.040946313050362046,0.2523243565087881,-0.3546389904820906,0.05677167421371749,0.401
7.7993316650390625,0.12543177394041377,0.003657898983347343,-0.45814382561655176,-0.03334082771991093,0.401
7.809515476226807,-0.21695945917516757,-0.0027475430894628736,-0.4663243493828142,0.041541948975855336,0.401
7.819697618484497,-0.29656071079211926,-0.0361163674327807,-0.4215723428459343,-0.001965552598134978,0.397
7.8298704624176025,-0.022269550479057973,-0.019180007079850937,-0.35878594424982013,0.021548182364082576,0.397
7.840036630630493,-0.12670449275006537,-0.1897136406574017,-0.45839289298142266,0.08260073129381755,0.397
7.850248336791992,-0.3630302455273667,0.264852963801603,-0.49184508643874764,-0.009790715965712828,0.397
7.860500812530518,0.1076385516655652,0.0747000069722598,-0.4384223780436702,-0.05589238175648696,0.397
7.8706955909729,0.0029174198473554693,0.06712788656260185,-0.44045309669283794,0.004705961115881698,0.397
7.880879878997803,-0.4004816147743294,-0.02136748196494473,-0.401304450656657,0.036315735274977126,0.396
7.8910486698150635,0.09223604793906692,0.1868998761073592,-0.3632581402374475,0.05925916273917949,0.396
7.901211977005005,-0.1766226283895485,0.018031799175121044,-0.3779060147398759,0.03389470195195683,0.396
7.911376237869263,-0.4215292912105079,0.021359868089597805,-0.4718820606738188,-0.02417113995886498,0.396
7.92169976234436,-0.019946096242743162,-0.024140207384914587,-0.49801733924731684,0.026126445997984936,0.399
7.931859731674194,-0.22973057206099004,0.188496694472277,-0.479960030289229,0.045752311151780564,0.399
7.942019462585449,0.07152315623045483,-0.0008238541484339808,-0.45115622521724924,0.11582826186231318,0.399
7.952184438705444,-0.16486349737981157,0.03424905684405742,-0.3507245857638997,0.10638688314019865,0.399
7.9623496532440186,-0.325880467346976,0.20370471391213976,-0.45029672621454103,0.05189679197295934,0.399
7.972663164138794,-0.5750286583156722,0.010532515565822256,-0.5170919162540861,0.006358421196062954,0.399
7.982825756072998,0.24239249269362126,-0.027533309036468834,-0.4865069423515806,-0.03943011674123834,0.399
7.992989540100098,-0.13955001997413813,0.209280429737912,-0.48221835202541813,0.030279631510730917,0.399
8.00315523147583,-0.08136686605282191,0.04636901405010378,-0.4980214338131851,0.04296833096503584,0.399
8.013325452804565,-0.08103369799686218,0.015023339498707287,-0.39367502560763423,0.051569140267557295,0.399
8.023635387420654,0.0837502725062745,0.00544106868042111,-0.3633782681172335,-0.00042134291352836223,0.399
8.033798694610596,0.6765530177584791,-0.1691151432582415,-0.4193980469093538,-0.0007708604405303465,0.399
8.043966054916382,-0.11103481170934389,-0.010580040817729177,-0.5577459815284934,0.02025146689961748,0.399
8.054187536239624,0.015125129616461558,-0.04601013284357453,-0.5247714774153256,0.059042285981043344,0.399
8.064369916915894,0.10814363043405775,-0.014255576832655333,-0.3935874929887865,0.12185910019931588,0.399
8.074689865112305,0.08882965322645862,0.017607583326018215,-0.3967293252200634,0.0752052384332412,0.399
8.084853649139404,-0.018455936796351262,-0.01104561432948696,-0.4107544758341649,-0.015157173950438717,0.402
8.095111846923828,0.14018034859876685,-0.01708321947521681,-0.445712068960161,-0.03645208073965814,0.402
8.105332851409912,0.00918531911978697,0.022133613062469065,-0.4660484098132829,0.049481302343032656,0.402
8.115596771240234,0.2596345657480955,-0.03477130586321783,-0.42715289463408046,0.06110769283366019,0.402
8.12578010559082,-0.057714631793172516,0.017419114523866925,-0.3709902781973308,0.004976822206696187,0.397
8.135946035385132,-0.05771543642297717,0.017419357372834007,-0.3745241288761695,0.008238000910158291,0.397
8.146122694015503,0.3519332716749161,-0.003424135811509395,-0.4617599992101137,0.05620614721016994,0.397
8.156294345855713,-0.012591002958708387,-0.050829043724118964,-0.42128150984800056,0.016614490664326617,0.397
8.166516542434692,-0.11376393412240912,0.013309925609467132,-0.37495852709169575,0.03511870894339279,0.397
8.176704168319702,-0.07880580746968276,-0.0612797380537424,-0.4047132253752587,0.04633635023922776,0.397
8.186937808990479,0.11470081181037235,0.16948590248117473,-0.4395200892803381,0.11820917634503475,0.402
8.197113037109375,-0.08864591181562197,-0.23197035531578208,-0.3899355160295902,0.1646484383218258,0.402
8.207279205322266,-0.08110991084621344,-0.011061389112306112,-0.3523591021312945,0.10069826352367073,0.402
8.217535257339478,0.06174472789723737,-0.20262435508354593,-0.4279507886282885,0.10352917393602688,0.403
8.227717876434326,0.021216704274046812,0.03285523395491967,-0.40813902522040146,0.13035223435525128,0.403
8.237881660461426,0.025657913327535597,-0.012759933363010581,-0.37057736781878253,0.07026966154713839,0.403
8.248062372207642,0.44187828059662854,-0.03696460759609604,-0.41236647077031907,0.02532620172172798,0.403
8.258229732513428,0.5693841241290252,-0.018853315325615513,-0.3507788057938164,0.053630426683104505,0.403
8.268398523330688,-0.025041417757058333,-0.00867117846556489,-0.2719451388091819,0.11343031477599635,0.403
8.278582572937012,0.013988183506659129,0.4461636695126718,-0.22072167354782488,0.12382331690982436,0.402
8.28880000114441,-0.0417922005512807,-0.1910774995799819,-0.2690666811264065,0.08426231632811701,0.402
8.298968315124512,0.18807039210443147,0.20729299732866946,-0.2742599639234049,0.08707980117618258,0.402
8.309132814407349,0.5045667112118808,0.00623343495958143,-0.2490613709327662,0.03669009997678732,0.402
8.319298505783081,0.1651168461378296,-0.40078326866113617,-0.3263626754441399,0.008942713370660209,0.403
8.329496383666992,0.3606556333923933,0.03161758355195438,-0.271108743984345,0.08243882605454157,0.403
8.33968734741211,0.13675646434950242,0.006813335801308552,-0.1659447411761186,0.08903869186811462,0.403
8.349860668182373,0.1363311420636617,-0.20641345216944404,-0.19966323025516328,0.012280149675372446,0.403
8.360053539276123,-0.05893132383943065,0.15282566700599404,-0.20813134258444316,0.0468212777603593,0.403
8.37023115158081,0.20994245684743018,-0.016268484284259827,-0.26600987766551154,0.09001836248052267,0.403
8.380402565002441,-0.05165185258818867,0.25060496896505413,-0.21785453971253788,0.059747975957168055,0.403
8.390590190887451,-0.043964761418531666,0.22627302687460812,-0.2378502067806031,0.05130256586195498,0.403
8.400800943374634,0.7520434697711014,-0.022182967532426892,-0.17355319151087303,0.04825704900919002,0.403
8.411022663116455,-0.17562342649604765,0.03442139198153118,-0.1129177786822482,0.06858353145759408,0.403
8.421282768249512,0.1691604298582602,0.010191342677553311,-0.0469227873621236,0.07948328193232267,0.397
8.431540250778198,0.22542553681993166,-0.19622925483847348,-0.12749685983024428,0.06160366972247705,0.397
8.441748857498169,0.5560108849307053,0.009921491143780527,-0.1688294368490784,0.15611500369243506,0.397
8.451913595199585,-0.06092792463644571,0.013755526627877785,-0.06464708042752028,0.17345590674340633,0.397
8.462089538574219,0.18688482022097266,0.0017690568106226976,-0.1433275051509625,0.031912033520592534,0.397
8.47226071357727,0.1334006622671191,0.17833132309287023,-0.1502194795690245,0.06113668640116948,0.397
8.482431650161743,0.10178497552395063,-0.03899130599843205,-0.10591059400525844,0.06687236697548449,0.399
8.49262523651123,0.17348561965559323,0.00538211117998365,-0.15383894462721026,0.016122603181818837,0.399
8.502909660339355,0.049393028074911464,0.023290305766244208,-0.1702770519783004,0.08579994851363631,0.399
8.513079643249512,0.018719964286638958,0.042035945465104106,-0.10555660500294312,0.032248717278766964,0.399
8.523248195648193,0.17939541499155132,0.042158957165129976,-0.11961464164342407,-0.026914644472594416,0.399
8.533409833908081,-0.019016621107629316,0.04427284100807388,-0.10669655795110276,0.02398600632525739,0.399
8.543591499328613,0.8778480111037861,0.018463287682698705,-0.0949343485865989,0.025567359442239514,0.399
8.55379319190979,-0.004402202190713903,-0.20281026658388052,-0.13212090178293662,-0.03902071535190422,0.399
8.563956260681152,0.017759531239699405,-0.022506101207624477,-0.08086069329277815,0.03270858587517861,0.399
8.574138402938843,0.21913384438243239,-0.009751673947635655,-0.03726236264079981,0.019986369895472512,0.399
8.584304571151733,0.20423234292914097,0.17094641561168242,-0.1537776387336162,0.06515402997790423,0.397
8.594518184661865,0.4244981003425803,-0.2092367293950167,-0.10527005128852548,0.07412757421727906,0.397
8.604701519012451,0.14606469276578216,-0.04231158277298322,-0.11105454707307413,0.030262109282574733,0.397
8.614879131317139,0.06220767478898536,-0.050784800230960166,-0.07871270802401,0.10567854300158229,0.397
8.625043869018555,0.3741617438929364,0.011525634272066761,-0.020700771608987104,0.06655634074391259,0.399
8.635210037231445,-0.23326288702206133,-0.21197196257476142,-0.046758399149048724,0.041247722307138954,0.399
8.645393371582031,-0.006340083386350449,0.1801628810890558,-0.09245541940977113,0.06970691766025278,0.399
8.655609846115112,0.4820529046229378,-0.006504193834321515,-0.04848884629184673,0.11966554387800105,0.399
8.665812253952026,0.15996849038014466,0.008208129827268682,-0.08535202098051226,0.14875381916762168,0.399
8.675999641418457,0.06981567353224048,0.019366764973138384,-0.08293852558992879,0.024072572310054226,0.399
8.686165571212769,0.11577849500754035,-0.19784981916440547,-0.07652063253184871,0.04574792720041417,0.402
8.696334838867188,0.17653944799633378,-0.027957390338004463,-0.06582900583657066,0.06524280584917919,0.402
8.706519842147827,0.7015165978726098,-0.2071448539608012,-0.06892607087378787,0.06595829815181482,0.402
8.716728448867798,0.05755986142988599,0.005632794302252038,-0.10686876708262268,0.06055916244462688,0.402
8.727023124694824,0.060382926159458034,-0.017735834608706192,-0.17493083351984473,-0.00512722417606057,0.4
8.737191438674927,0.07307030788724443,-0.053464897148534724,-0.14816724334241863,0.06572402501758143,0.4
8.747354507446289,0.08024584918514163,-0.06174319728687596,-0.1628939803074748,0.0812451263071238,0.4
8.757571697235107,-0.02642264476346812,-0.07006872161196849,-0.07218808782851192,0.14433034133845096,0.4
8.767774820327759,0.35118763363187094,-0.0017293144306351703,-0.08531273673017815,0.07178258199008289,0.4
8.777945041656494,0.03062639279528163,0.007788790576784289,-0.09057614013641517,0.04331287583255435,0.402
8.788113832473755,0.26540070762478696,-0.21650353666747207,-0.15344702709028793,0.02502642418396136,0.402
8.798300743103027,0.24682926710556194,-0.21420072874682916,-0.10783748171659749,0.0026669097113794877,0.402
8.808481931686401,-0.12042746687920088,-0.005497657594922302,-0.039680621763157564,0.013850333846634866,0.402
8.818651676177979,0.8797791257424287,-0.0061047448844099884,-0.06422059203535986,0.10160429375590899,0.403
8.828823566436768,-0.1485949141044042,-0.0266233688382171,-0.08857202301832537,0.1267410470503094,0.403
8.838993310928345,0.07809442758593053,-0.03993943231336641,-0.12409352680986309,0.0752241607088371,0.403
8.849164009094238,0.029863164674577808,-0.44568499301877457,-0.0899947392307226,0.10664804732924925,0.403
8.859333038330078,0.10199828875968503,-0.07206049332671713,-0.07849466022984489,0.04352736913821683,0.403
8.869529247283936,0.08580157555297648,-0.02074127377752911,-0.08621517484845313,0.08273719501565745,0.403
8.879793167114258,0.0336625384355321,-0.23933422915894637,-0.13934458308606315,0.043368958633526314,0.4
8.889989137649536,0.05380090145822913,-0.00994473195975006,-0.03818037690604826,0.023169999693040094,0.4
8.900174140930176,-0.037263957252907993,-0.04762953249764679,-0.07975206898148463,0.10000003596154428,0.4
8.91033387184143,0.5134597178860711,-0.2750756824455638,-0.07843825646615049,0.09412863086742296,0.4
8.92052149772644,0.5469659072420362,-0.4175484313925449,-0.08519815937610352,0.10546693845338731,0.399
8.930682182312012,-0.017228876434198865,-0.03426417652118381,-0.13458467551895933,0.07901703026352877,0.399
8.94088363647461,-0.004001943273072795,0.15170054787609036,-0.1342869211102294,0.11231450719634291,0.399
8.95104193687439,0.15789221075585164,-0.20097789632722743,-0.05421903952272161,0.06208364974065311,0.399
8.961201429367065,0.2589277198804585,-0.05301053665008714,-0.08482206690547492,0.08978990943452175,0.399
8.971362590789795,0.03905223000200781,0.002392541464434725,0.02468273515742943,0.07302917297371304,0.399
8.98185133934021,-0.19823353322819,-0.0032023526383058143,-0.01025693420197937,0.08577905055091972,0.396
8.992037057876587,-0.028901240415164908,-0.008065653277961786,0.018146494997393844,0.14455320737267563,0.396
9.002203702926636,0.22908262933663318,0.0037603073822341597,-0.00365855958818,0.12309782808714673,0.396
9.012366771697998,0.4067480578444764,-0.22934569838818958,-0.03417980987411841,0.11047714467540329,0.396
9.022557497024536,-0.18231014131742893,0.002481134992102387,0.02288678301825294,0.1637801484009222,0.399
9.032779693603516,0.5622017191371718,-0.18841773884279506,-0.0632866558983491,0.15109547006785143,0.399
9.04294490814209,0.21662641399561858,0.026688790270466767,-0.09352234243500845,0.1344726315927052,0.399
9.053149223327637,0.42490414858526165,-0.026681858132848,-0.015749675361038717,0.11204002731292838,0.399
9.063328504562378,0.016775143857287757,-0.02700511244602086,-0.034663691470753516,-0.0018053341655674474,0.399
9.073610544204712,0.007647562746291454,-0.24609687817871612,-0.014868093476009826,0.0739649952541098,0.399
9.083784580230713,0.0979532341061448,-0.011877037312384287,0.02925209541671297,0.11186691506878287,0.397
9.093961238861084,0.09014000623749556,0.007090741124470254,-0.019248495978976852,0.10121993350784905,0.397
9.104130029678345,0.05470144498378997,0.04232284637599401,-0.03359702597335822,0.09183772327220585,0.397
9.114296436309814,0.22492688743751277,0.005059245146008484,-0.011860609498047476,0.05606135122796595,0.397
9.12447738647461,0.07611265379730525,0.007194096809662666,-0.05078991327935602,0.15495674760374412,0.402
9.134680032730103,0.01600349020367766,0.03978139784396868,-0.07323682812338081,0.13102361172866492,0.402
9.144866228103638,-0.012568470216453216,0.005125146150434923,-0.08945336896540301,0.0980659897467995,0.402
9.155045509338379,0.07900145386668313,-0.013422570376433162,-0.055137015349650806,0.18927514029004194,0.402
9.165215253829956,0.06298395481525572,0.014692253452496406,-0.10924360822244966,0.14202075236326195,0.402
9.175403594970703,0.2799015774397553,-0.0075746032633935015,-0.12388829492832906,0.2096968716499365,0.402
9.185576915740967,0.04718214322166851,0.032696779496940595,-0.06297930450784506,0.1707768272672806,0.399
9.195745944976807,-0.26421901840594825,0.0008098020629992413,-0.11126480985193292,0.1873969047450864,0.399
9.205909967422485,-0.10073312312081278,0.05358358897680259,-0.09509909516708023,0.13008935905753372,0.399
9.216079235076904,0.4059460144313775,0.05283982384599922,-0.021043261023026012,0.08438981797670744,0.399
9.226238012313843,0.22868695975428066,0.015488360051643078,-0.06699051593437551,0.05243275289852346,0.402
9.236398458480835,0.02706682426746717,0.015488126795400034,-0.03683023969699427,0.04605309672016327,0.402
9.246585845947266,0.04433222956337838,0.031192688935565885,-0.0784709642619505,0.1197896567855124,0.402
9.256745338439941,0.11342502037369785,0.04363005954564032,-0.08976874746147286,0.12742905066847263,0.402
9.266908645629883,0.253139091965303,-0.004671020735744225,-0.10809046842069739,0.14551444359158608,0.402
9.277073621749878,0.08334433638057848,0.022846582196590085,-0.15433930202011317,0.11796182202999014,0.402
9.287231922149658,0.0040340395772032155,0.05870716042419456,-0.08368491275404372,0.17236744344149466,0.399
9.297395944595337,0.17012229127979495,0.045736757837048496,-0.035553097215636834,0.03195691557961536,0.399
9.3075852394104,0.43636963702352444,0.03769182079566479,-0.00730115240231629,0.047433003358769696,0.399
9.317806720733643,0.08486403829274193,0.04448187122376299,0.014532092964309205,0.09710924855884866,0.4
9.327969551086426,0.07450667281728582,0.009259195211995402,-0.06790880036419543,0.1772068963746408,0.4
9.338144540786743,0.07175964011582613,-0.006267673644359131,-0.06479054067459412,0.1257248953001566,0.4
9.348307132720947,0.047040397077473636,0.17229063286582838,-0.12555256334420764,0.06655433698558773,0.4
9.358537673950195,0.003662481106417289,-0.053470738252942025,-0.07561721881704923,0.12316922771853982,0.4
9.36870002746582,0.17949641799731147,-0.004925911315054189,-0.08964148130165842,0.09442394817899095,0.4
9.378883123397827,0.294543269195988,-0.4040692701655716,-0.1502656751913495,0.1157704603905037,0.398
9.389087200164795,0.24222104429584124,-0.02825817293630455,-0.06909898423643716,0.125367932253667,0.398
9.399290323257446,0.04110913000775139,0.07425316415106908,-0.0006209185658910543,0.15369063132642077,0.398
9.409518241882324,0.12983863323933179,0.02580816955017586,-0.021839517586805517,0.09424252492470385,0.398
9.419698715209961,-0.10122990179038156,0.012600176147588477,-0.003097358623053735,0.0939257513353147,0.402
9.429867506027222,-0.17527964331944298,0.1673579295951836,-0.108405895227983,0.11746976519630056,0.402
9.44000506401062,0.1504717577003208,-0.005308028002249731,-0.07168169328313034,0.15262617745458154,0.402
9.450175046920776,0.2604301437352298,-0.01161994445339974,-0.005719838627033222,0.07503581971054733,0.402
9.460340976715088,0.07993861309379385,-0.050157985435648346,-0.023180105330825436,0.008945118848957751,0.402
9.470515966415405,0.0925308900565802,0.04918135701017646,-0.09054479255691633,0.11600586259576719,0.402
9.480697393417358,0.08427521278060371,-0.012784882100064456,-0.020063319877115342,0.14238733595742145,0.399
9.4908766746521,0.12068648869109026,0.02835957763166742,-0.08749281023672492,0.06485968525345931,0.399
9.501100063323975,0.015012869723677692,-0.029869538991600275,-0.12077252751428535,0.07051855900973124,0.399
9.511270523071289,0.3051803181159048,0.012394428348984729,-0.007924220880651894,0.045985456310253775,0.399
9.521442174911499,0.15035651559249383,-0.005573118027576063,-0.05121573206228233,0.023556510454195937,0.4
9.531630277633667,0.07686934542190486,0.0173695143516854,-0.02874745445808624,0.06315889399521486,0.4
9.541808128356934,-0.2068692206859462,-0.03161977066723607,0.023429625484298763,0.08957198121289373,0.4
9.55197262763977,0.09817143009616737,0.015951490108973898,-0.07803435620508782,0.009315541243040225,0.4
9.562154531478882,0.18758750920205963,-0.0016795374668968912,-0.08874407821818878,0.06826978570827326,0.4
9.572323083877563,0.04998050611473982,-0.02814509727216841,-0.04452896672291315,0.08286004187450279,0.4
9.582504749298096,0.086174848459511,0.046116853998669737,-0.07836194800419602,0.056845873656446465,0.392
9.59267520904541,0.10491317451919502,-0.041352784871591074,-0.12316381459200168,0.09906917339786867,0.392
9.602886438369751,0.08353270009482297,0.0243499558629852,-0.10245421347493323,0.1607865315624621,0.392
9.613051652908325,0.0396339259114156,-0.0030457923070893603,-0.13748237570256291,0.10239287452714811,0.392
9.623232126235962,-0.16956893406525575,0.007618885067151367,-0.13075941006191805,0.07979400683440235,0.397
9.633437633514404,-0.1295411834575701,0.019978037220957725,-0.052599924343290236,0.11425470533611948,0.397
9.643679857254028,0.10925647226101536,-0.014306187444478615,-0.07256760243202816,0.10118422168663636,0.397
9.653850555419922,0.2258339082433557,0.0014428748466565292,-0.16921890839053078,0.08882425153126236,0.397
9.664018392562866,0.09058406784362553,0.2039556682762833,-0.12549885637949432,0.1624262499773659,0.397
9.674185752868652,0.010276172455796134,0.00996108878885135,-0.0824239430363891,0.1604173747368772,0.397
9.684356927871704,0.07806384821842637,-0.011342297303392552,-0.06551821291558725,0.04889913583721803,0.395
9.694553852081299,0.04672875230333028,-0.052566224920265754,-0.08806053746032594,-0.011158973820996856,0.395
9.704737186431885,0.23889326260082566,-0.02392797162566355,-0.0682749096452292,0.06491566346494686,0.395
9.714905261993408,0.050943149247290424,0.049004429829569575,-0.03476678889489004,0.1586361833237299,0.395
9.725087642669678,0.09860317229205606,0.07457098810943208,-0.04795290429107673,0.10504748589480097,0.399
9.735254526138306,0.06296599115045615,0.019703948773288123,-0.21664711238555545,0.0338887352012806,0.399
9.7454195022583,-0.029980479542576922,0.1999332683108294,-0.1903240548717075,0.057867627290478084,0.399
9.755765914916992,0.07191358244308439,-0.19558497891492094,-0.08624176580653496,0.10378544263308315,0.399
9.765929937362671,0.22466377089621237,0.22282960489594936,-0.15191220317670873,0.03316504016713777,0.399
9.776101112365723,0.25511881435114814,-0.21515691167963186,-0.16872413797777858,0.10286557673096254,0.399
9.786267042160034,0.25522270155995536,-0.013809334573703282,-0.16872413797777858,0.10286557673096254,0.398
9.796433925628662,0.08171544085052294,0.011495782991269963,-0.07393773215557663,0.08100359817796299,0.398
9.806759357452393,0.12946004025028218,0.014722651941291666,-0.13016579341934664,0.02185669556301549,0.398
9.81692886352539,-0.11976475442565021,-0.029515518879610857,-0.1075884044150699,0.07898517554543244,0.398
9.827094316482544,0.4577456681731423,0.0023076122975146606,-0.18353844855166185,0.050335399619953126,0.395
9.837262392044067,0.054764485438922025,-0.19910008629010645,-0.1640354994424901,0.051483857161526696,0.395
9.847428560256958,0.4580714985686845,-0.018694425556901925,-0.13772411561735268,0.087302573090976,0.395
9.857621431350708,-0.03085683376234382,-0.059510582621371426,-0.11535374893639606,0.11156647591719068,0.395
9.867792844772339,-0.05242644541887113,-0.009431252151036136,-0.18805588311659951,0.05371165240548985,0.395
9.877973318099976,0.1291040922493724,-0.04137477569808078,-0.21264536676086956,0.0641616748906992,0.399
9.888147592544556,0.29786981180748934,0.0027360631261167403,-0.127924085239181,0.13560711352592505,0.399
9.898321151733398,0.04142922323812139,0.024532067600319275,-0.0828603784456971,0.10054205198056082,0.399
9.908565759658813,0.014149933717204593,0.047267129899896045,-0.14743646547835315,0.06631118418457584,0.399
9.918750762939453,0.40941069657234413,0.02726665934734937,-0.19912625607522982,0.08005995811014875,0.398
9.928926229476929,0.12724575266738353,0.016198047921394648,-0.14256030805449232,0.02546611391891454,0.398
9.939148187637329,-0.08383096110544215,-0.04527445127231955,-0.1458662570838254,-0.002933796490341289,0.398
9.949357032775879,0.2504746829355719,-0.11394303463755111,-0.10755925893038937,0.049363106185883854,0.398
9.959583044052124,0.27058104979065684,-0.013284896036444362,-0.10080317438250792,0.1516376874915564,0.398
9.96982717514038,0.27882597536784,0.1959376814252865,-0.19373683556452093,0.0973812363078239,0.398
9.98000693321228,0.16438390746083628,0.0578684723892314,-0.23063799006321847,0.08151934541982474,0.4
9.990179061889648,0.12406879229812047,-0.005915008917769211,-0.13680201426245453,0.12368629218636852,0.4
10.000419616699219,0.27043296497031366,0.010704743521902073,-0.0974421050048214,0.0805635037944029,0.4
10.010636806488037,0.06011307431271327,0.022672922712620072,-0.16614960588748914,0.08465564556030633,0.4
10.020804166793823,0.08177046617996692,0.026277325525740018,-0.09008291733236407,0.12201622721693375,0.397
10.031014442443848,0.1269732081026107,0.03481274207658817,-0.08717265786643623,0.03364267118183271,0.397
10.041187524795532,-0.05743326957861394,0.0280229644353467,-0.13230620119564732,-0.04356185246940898,0.397
10.051411867141724,0.22996010324985475,0.01535293901482145,-0.0814206815632613,0.034673879882529894,0.397
10.06164813041687,0.26488047890706895,0.02486073391619334,-0.05190927915905863,0.03765868732505689,0.397
10.071826457977295,0.45139062714186046,-0.0018270846057783822,-0.13858581540717405,0.024718566141907976,0.397
10.081997632980347,0.11013071206678644,-0.012756133891008211,-0.10899034773589811,0.05896511412005401,0.398
10.092178106307983,0.2574739250135261,0.06048495549373932,-0.07302074355729196,0.02441537421422837,0.398
10.10234522819519,-0.18207757835755795,0.05838842777002941,-0.035447200743547645,-0.005806552742091067,0.398
10.112586975097656,0.20336967499661115,0.020156086518556906,-0.08320667882871621,0.0928258900427952,0.398
10.122747898101807,0.2521068937516699,-0.0285635832038872,-0.1568413476522779,0.06330007307570944,0.399
10.13294506072998,0.25301926966800914,-0.06133691647452988,-0.2622300550833772,0.019047301012987978,0.399
10.143109560012817,0.02513690825740002,-0.060327254852750055,-0.16964031508182953,0.14303811423900792,0.399
10.153268814086914,0.4354142726287818,0.008543642722040189,-0.07345619037345737,0.1407593653257134,0.399
10.163431167602539,0.02504278856560935,-0.37978627789473146,-0.15190781237032752,0.06846274239389799,0.399
10.173644304275513,0.389457477673498,-0.018356826046750596,-0.13998401024078364,0.11305835719207322,0.399
10.183857440948486,0.1646506608056488,0.043442521246728476,-0.10428042520941687,0.06241995196552062,0.4
10.194092988967896,0.017301976972171694,-0.03542175646171029,-0.1515895592691589,0.02545557872200304,0.4
10.204267263412476,0.46360779220633636,-0.060752734240099054,-0.08371013091425067,0.06053561261419989,0.4
10.214436531066895,-0.10300799836630758,0.005724617147855091,-0.02227535281365993,0.06852706619754614,0.4
10.224607229232788,-0.17668157146293806,0.0040660367281438094,0.01037944289024302,0.04586883950401625,0.4
10.234775066375732,0.32669266113977513,0.025778278210743515,0.022268824930496457,0.06759456155478143,0.4
10.244934558868408,0.24533049603385715,0.17313546178191497,-0.05043582578666328,0.018890842224617014,0.4
10.25509238243103,-0.07423963296738387,-0.007781872020568063,-0.04297868098274569,0.035892955315304335,0.4
10.265251636505127,0.4612387929813494,0.017701520358120778,0.019719829664045667,0.0014442299952069533,0.4
10.275416374206543,0.07678643342788134,-0.01387111190695119,-0.011266390225920766,0.002955573235084121,0.4
10.285617113113403,0.2751436016540463,0.032997527075800774,-0.05200828106323989,0.043001824131685185,0.398
10.295782327651978,0.15595718276756265,-0.0048660443232372745,-0.07852759790870127,-0.01993995852883306,0.398
10.305949926376343,0.4188268760695816,-0.20864228233032028,-0.061229991726855226,0.015322844484324489,0.398
10.316110849380493,-0.053465100410193346,0.0032089918345342867,-0.12647101751776493,-0.021625750641405154,0.398
10.326282024383545,0.1868664315786636,-0.02085733781665396,-0.09647035525909815,0.004189015572235332,0.398
10.33646845817566,0.38760097766004925,-0.020857201980976414,-0.08480385034109444,0.0033599799873539147,0.398
10.346689224243164,0.2643910493027072,-0.20663943252047254,-0.10346114863267478,0.017949129762654482,0.398
10.35687804222107,0.2735888781972925,-0.020447091009743668,-0.12360691720834972,0.014922327671255849,0.398
10.367048263549805,0.2501262644501399,-0.03885832928280606,-0.12848823253937586,0.00971513950983874,0.398
10.377222537994385,0.02765480515509201,-0.2467881089336776,-0.13389556114538143,0.03400823868211316,0.398
10.387385129928589,0.0048892135876466404,0.019420311146104926,-0.19243070034664325,0.04426020088115976,0.397
10.397621631622314,-0.02302473330201535,-0.2617469228933836,-0.10745612917188506,0.0694368247923183,0.397
10.40781569480896,0.04632489717315013,-0.03719447743666087,-0.06480343416826417,-0.039495468116703694,0.397
10.41800594329834,0.13702406198564548,0.03210854653476025,-0.05192385096383358,0.027718365270644727,0.397
10.42817211151123,0.44864150714432427,0.190434958818436,-0.04908109972107911,-0.07328983243084479,0.397
10.43833065032959,0.4492410645198491,0.1905838743210549,0.0036939784480062615,-0.07359140784533555,0.397
10.448492765426636,0.2444568406277832,-0.042571124113958796,0.019411957176096454,0.0032826656868580576,0.397
10.458650350570679,0.6608132505441744,-0.21791618955706413,0.03816780514340566,-0.013946716165369619,0.397
10.468822717666626,-0.08910532007546532,-0.04183232495402542,0.03629223596510879,0.047484718373660445,0.397
10.47898817062378,0.29253156325395263,-0.0041254372665405796,0.1130949124439799,0.05724568807960133,0.398
10.49068546295166,-0.07562762524500057,0.0057125645541216555,0.06430673193687732,-0.023634506355436007,0.398
10.500919818878174,0.02766729983181931,-0.018344277519859398,0.13309942179704148,-0.0001881008877363706,0.398
10.51109504699707,0.44862499245497206,-0.008885035468719129,0.10040609368131764,0.05700443522316172,0.398
10.521252393722534,0.3034701680704999,0.042150064233525734,0.2015165238048513,0.06276194901915635,0.394
10.531410694122314,0.42378180395502024,-0.017775815496396768,0.243838498797392,0.00423404020856703,0.394
10.541584253311157,0.10743724893209929,-0.2128652579734161,0.24750963688343602,-0.019584793326453243,0.394
10.5518159866333,-0.0949966246818214,-0.005300514147535547,0.31265700120243073,0.07459097103016607,0.394
10.561981201171875,0.06968263650641494,-0.012223096477452289,0.27957178073194733,0.037006351931388334,0.394
10.572144031524658,0.12902446613243226,0.02912155242638366,0.2742757085842537,0.10432321008194848,0.394
10.58230996131897,-0.03656371384417003,-0.1965343461615989,0.21213725464935185,0.07070914117676017,0.397
10.592473030090332,0.3241541158808568,0.0059729785674630985,0.18100964491661306,0.09207231779947185,0.397
10.602651834487915,-0.0795561245446623,-0.0006251847441055778,0.27733313646046764,0.12649260211749128,0.397
10.612819194793701,0.2842273545835386,-0.03482044970470625,0.35836983355034385,0.08799612334428311,0.397
10.622981548309326,0.03336236729806815,0.015811656251113953,0.31837354547502883,0.08667228645443306,0.397
10.633139610290527,0.03831939147630913,0.005755083999682262,0.35378879452671014,0.0977510546414255,0.397
10.643300533294678,0.06231630474265503,-0.0244212805547002,0.32718312019225965,0.0422860492123045,0.397
10.653495788574219,0.24124512089947786,-0.024007791557303166,0.32594423271228096,0.08284360376793651,0.397
10.663675785064697,0.008629311160111315,-0.25726080525731304,0.34133193977724385,0.11761873833235217,0.397
10.673849105834961,0.21150732559979113,0.013554814822927468,0.3120939509667423,0.1572029302715311,0.397
10.684011459350586,-0.023713191903434936,-0.0029739477415411096,0.2567116464299347,0.13253204212461075,0.396
10.694171667098999,0.017589933050058026,-0.16102110710860784,0.20862595657071442,0.10084195776998267,0.396
10.704333543777466,-0.21936949259238878,-0.2264204048128946,0.3339832538920825,0.11724868592597748,0.396
10.714493036270142,0.08793357601877717,-0.22561913818124513,0.33113783576148814,0.021578658735249022,0.396
10.72466516494751,0.12146183972641837,-0.016394062600800056,0.3427644225362854,0.11754409638853466,0.399
10.734821081161499,-0.08026672395361015,-0.2181137103945964,0.3209364228894398,0.11971436920313075,0.399
10.744975805282593,0.14835114087264795,-0.002752848131819176,0.22640366619785263,0.20409474416543394,0.399
10.755135536193848,0.04775225455542681,0.01470657398386193,0.17810326926980982,0.0684481626335287,0.399
10.765290260314941,0.13570669016235443,-0.43335095153841124,0.20224051452983938,0.10747540245190942,0.399
10.77545166015625,0.13569925497312302,-0.029891299148812216,0.18049946162800126,0.1056150283634766,0.399
10.785942792892456,0.08053488295694283,-0.2399361014545769,0.20562498579149724,0.0396438916028611,0.399
10.796154022216797,0.11222456641220545,-0.24452470344989322,0.20094007230202082,0.12410538563213391,0.399
10.806314945220947,-0.0794577641108198,-0.259905011304108,0.2059925648765009,0.11488072655271356,0.399
10.816473245620728,0.0965925240177512,-0.22282607089952441,0.1824551898572141,0.14929121307646434,0.399
10.826660394668579,0.20266794645222241,0.012074292332361906,0.1537952169070209,0.10139075341544512,0.398
10.836824655532837,0.20265821525983704,0.012073712579797872,0.12751330522873505,0.10344847036820477,0.398
10.846982717514038,0.05304520706212349,-0.02069115132195954,0.18967514014612133,0.05557261577526185,0.398
10.857282161712646,0.10355301390339387,0.0018494892752501965,0.13364656144979686,0.06276493600072096,0.398
