pc_time_s,pc_time_iso,cf_time_ms,session_id,motif_id,motif_type,motif_phase,rep_index,motif_param_json,flight_phase,cmd_vx_m_s,cmd_vy_m_s,cmd_yaw_rate_deg_s,cmd_height_m,cmd_vx_raw_m_s,cmd_vy_raw_m_s,cmd_yaw_rate_raw_deg_s,cmd_height_raw_m,safety_override_active,acc_x_g,acc_y_g,acc_z_g,gyro_x_dps,gyro_y_dps,gyro_z_dps,flow_delta_x_px,flow_delta_y_px,flow_squal,zrange_mm,zrange_m,x_m,y_m,z_m,vx_m_s,vy_m_s,vz_m_s,roll_deg,pitch_deg,yaw_deg,kalman_state_z_m,kalman_state_pz,kalman_var_z,kalman_var_pz,battery_v,battery_level_pct,pm_state,motor_m1,motor_m2,motor_m3,motor_m4,range_front_m,range_back_m,range_left_m,range_right_m,range_up_m,baro_asl_m,baro_pressure_hpa,baro_temp_c,safety_flag,should_land,event
1783703780.9629803,2026-07-10T10:16:20,,20260710_101616,,,,,,ground_idle,,,,,,,,,False,,,,,,,,,,,,,,,,,,,,,,,,,,,,,,,,,,,,,,,,,False,
1783703780.9733362,2026-07-10T10:16:20,212561,20260710_101616,,,,,,ground_idle,,,,,,,,,False,0.022573357447981834,0.002503488678485155,1.0015112161636353,-0.25897663831710815,-0.200386181473732,-0.17384804785251617,,,,,,,,,,,,,,,,,,,,,,,,,,,,,,,,,,,False,
1783703780.983495,2026-07-10T10:16:20,212575,20260710_101616,,,,,,ground_idle,,,,,,,,,False,0.023998916149139404,0.0021100020967423916,1.001686930656433,-0.2792915403842926,-0.29422757029533386,0.4265875816345215,0.0,-1.0,79.0,23.0,0.023,0.6797274947166443,-0.448269248008728,0.02327909879386425,0.0055726091377437115,0.0021666886750608683,0.009545787237584591,,,,,,,,,,,,,,,,,,,,,,,,False,
1783703780.99366,2026-07-10T10:16:20,212583,20260710_101616,,,,,,ground_idle,,,,,,,,,False,0.023349609225988388,0.003881583223119378,1.0004551410675049,0.28780853748321533,0.18655696511268616,-0.05672917887568474,0.0,-1.0,79.0,23.0,0.023,0.6797274947166443,-0.448269248008728,0.02327909879386425,0.0055726091377437115,0.0021666886750608683,0.009545787237584591,0.16514500975608826,1.2550073862075806,-3.627150774002075,,,,,,,,,,,,,,,,,,,,,False,
1783703781.003818,2026-07-10T10:16:21,212595,20260710_101616,,,,,,ground_idle,,,,,,,,,False,0.02256554551422596,0.00417283084243536,0.9984100461006165,0.03324507921934128,0.049509238451719284,0.1013345718383789,0.0,0.0,53.0,23.0,0.023,0.6789742112159729,-0.4482511579990387,0.023272281512618065,0.0019389259396120906,0.002258162247017026,0.00868287868797779,0.16514500975608826,1.2550073862075806,-3.627150774002075,,,,,,,,,,,,,,,,,,,,,False,
1783703781.0139718,2026-07-10T10:16:21,212603,20260710_101616,,,,,,ground_idle,,,,,,,,,False,0.02363945171236992,0.0038278845604509115,1.0002951622009277,-0.22747431695461273,0.30452150106430054,0.2533281445503235,0.0,-1.0,62.0,23.0,0.023,0.6789742112159729,-0.4482511579990387,0.023272281512618065,0.0019389259396120906,0.002258162247017026,0.00868287868797779,0.16708332300186157,1.2828458547592163,-3.6201653480529785,,,,,,,,,,,,,,,,,,,,,False,
1783703781.0241287,2026-07-10T10:16:21,212613,20260710_101616,,,,,,ground_idle,,,,,,,,,False,0.023804543539881706,0.003905312158167362,1.0004266500473022,0.024775169789791107,0.040688734501600266,0.03962079435586929,0.0,0.0,77.0,23.0,0.023,0.6789742112159729,-0.4482511579990387,0.023272281512618065,0.0019389259396120906,0.002258162247017026,0.00868287868797779,0.16708332300186157,1.2828458547592163,-3.6201653480529785,0.02344563789665699,0.00859125517308712,3.3150979561469285e-06,0.00018463685410097241,3.695014715194702,10.0,0.0,0.0,0.0,0.0,0.0,32.766,32.766,0.28,32.766,2.837,,,,,False,
1783703781.0344338,2026-07-10T10:16:21,212623,20260710_101616,,,,,,ground_idle,,,,,,,,,False,0.025384532287716866,0.0014381121145561337,1.000290036201477,0.08809315413236618,0.03090221807360649,-0.12627258896827698,0.0,0.0,69.0,23.0,0.023,0.6793681979179382,-0.4482435882091522,0.02344563789665699,0.0036783511750400066,0.002185903023928404,0.00867837481200695,0.1658206284046173,1.2649329900741577,-3.6114213466644287,0.02344563789665699,0.00859125517308712,3.3150979561469285e-06,0.00018463685410097241,3.695014715194702,10.0,0.0,0.0,0.0,0.0,0.0,32.766,32.766,0.28,32.766,2.837,,,,,False,
1783703781.0449312,2026-07-10T10:16:21,212635,20260710_101616,,,,,,ground_idle,,,,,,,,,False,0.02561948634684086,0.001421340275555849,1.000169038772583,-0.047402847558259964,-0.028337251394987106,0.2916747033596039,0.0,0.0,81.0,23.0,0.023,0.6794463396072388,-0.44819948077201843,0.0236203633248806,0.004201014060527086,0.0021170827094465494,0.008777118287980556,0.1658206284046173,1.2649329900741577,-3.6114213466644287,0.02344563789665699,0.00859125517308712,3.3150979561469285e-06,0.00018463685410097241,3.695014715194702,10.0,0.0,0.0,0.0,0.0,0.0,32.766,32.766,0.28,32.766,2.837,,,,,False,
1783703781.055146,2026-07-10T10:16:21,212643,20260710_101616,,,,,,ground_idle,,,,,,,,,False,0.02588297426700592,0.002095951233059168,0.9988982081413269,-0.22212104499340057,-0.029753990471363068,0.13832058012485504,2.0,-3.0,60.0,20.0,0.02,0.6794463396072388,-0.44819948077201843,0.0236203633248806,0.004201014060527086,0.0021170827094465494,0.008777118287980556,0.16802486777305603,1.2605602741241455,-3.605426549911499,0.02344563789665699,0.00859125517308712,3.3150979561469285e-06,0.00018463685410097241,3.695014715194702,10.0,0.0,0.0,0.0,0.0,0.0,32.766,32.766,0.28,32.766,2.837,,,,,False,
1783703781.0653577,2026-07-10T10:16:21,212655,20260710_101616,,,,,,ground_idle,,,,,,,,,False,0.025801729410886765,0.002193072810769081,1.0011892318725586,0.060349736362695694,0.1582859605550766,0.01998431421816349,-2.0,3.0,60.0,20.0,0.02,0.6793936491012573,-0.44822555780410767,0.02222338132560253,0.004158026073127985,0.0016798651777207851,0.0012813768116757274,0.16802486777305603,1.2605602741241455,-3.605426549911499,0.02344563789665699,0.00859125517308712,3.3150979561469285e-06,0.00018463685410097241,3.695014715194702,10.0,0.0,0.0,0.0,0.0,0.0,32.766,32.766,0.28,32.766,2.837,,,,,False,
1783703781.0755336,2026-07-10T10:16:21,212663,20260710_101616,,,,,,ground_idle,,,,,,,,,False,0.025395981967449188,0.003737194463610649,1.0031217336654663,-0.057234689593315125,-0.17295630276203156,0.12635834515094757,0.0,0.0,71.0,20.0,0.02,0.6793936491012573,-0.44822555780410767,0.02222338132560253,0.004158026073127985,0.0016798651777207851,0.0012813768116757274,0.16820092499256134,1.2664215564727783,-3.5983786582946777,0.02223699353635311,0.0013387356884777546,3.413195827306481e-06,0.00018980227469000965,3.7002933025360107,10.0,0.0,0.0,0.0,0.0,0.0,0.28200000000000003,32.766,0.28,32.766,2.837,2018.1380615234375,809.9961547851562,28.616424560546875,,False,
1783703781.0857372,2026-07-10T10:16:21,212675,20260710_101616,,,,,,ground_idle,,,,,,,,,False,0.023853862658143044,0.004835867788642645,1.0018399953842163,0.35249778628349304,-0.126200333237648,0.08344729989767075,0.0,-1.0,77.0,20.0,0.02,0.6797781586647034,-0.4482406675815582,0.022252541035413742,0.00610710121691227,0.001406099647283554,0.0017618463607504964,0.16820092499256134,1.2664215564727783,-3.5983786582946777,0.02223699353635311,0.0013387356884777546,3.413195827306481e-06,0.00018980227469000965,3.7002933025360107,10.0,0.0,0.0,0.0,0.0,0.0,0.28200000000000003,32.766,0.28,32.766,2.837,2018.1380615234375,809.9961547851562,28.616424560546875,,False,
1783703781.0959523,2026-07-10T10:16:21,212683,20260710_101616,,,,,,ground_idle,,,,,,,,,False,0.023734722286462784,0.004500427283346653,1.0011488199234009,0.00026747406809590757,0.12957780063152313,-0.16520428657531738,0.0,1.0,59.0,20.0,0.02,0.6797781586647034,-0.4482406675815582,0.022252541035413742,0.00610710121691227,0.001406099647283554,0.0017618463607504964,0.1694614738225937,1.2530990839004517,-3.591017961502075,0.02223699353635311,0.0013387356884777546,3.413195827306481e-06,0.00018980227469000965,3.7002933025360107,10.0,0.0,0.0,0.0,0.0,0.0,0.28200000000000003,32.766,0.28,32.766,2.837,2018.1380615234375,809.9961547851562,28.616424560546875,,False,
1783703781.1061497,2026-07-10T10:16:21,212695,20260710_101616,,,,,,ground_idle,,,,,,,,,False,0.022270726040005684,0.0018675531027838588,1.0017249584197998,-0.04047948867082596,-0.2730473279953003,-0.013243619352579117,0.0,2.0,51.0,23.0,0.023,0.6785816550254822,-0.44824475049972534,0.02259712480008602,0.0006292322068475187,0.0016798247816041112,0.0037207030691206455,0.1694614738225937,1.2530990839004517,-3.591017961502075,0.02223699353635311,0.0013387356884777546,3.413195827306481e-06,0.00018980227469000965,3.7002933025360107,10.0,0.0,0.0,0.0,0.0,0.0,0.28200000000000003,32.766,0.28,32.766,2.837,2018.1380615234375,809.9961547851562,28.616424560546875,,False,
1783703781.116367,2026-07-10T10:16:21,212703,20260710_101616,,,,,,ground_idle,,,,,,,,,False,0.022154729813337326,0.003660109592601657,1.0001800060272217,-0.005745778325945139,0.22709807753562927,0.10580457001924515,0.0,-1.0,68.0,23.0,0.023,0.6785816550254822,-0.44824475049972534,0.02259712480008602,0.0006292322068475187,0.0016798247816041112,0.0037207030691206455,0.17355826497077942,1.2941957712173462,-3.5858094692230225,0.02223699353635311,0.0013387356884777546,3.413195827306481e-06,0.00018980227469000965,3.7002933025360107,10.0,0.0,0.0,0.0,0.0,0.0,0.28200000000000003,32.766,0.28,32.766,2.837,2018.1380615234375,809.9961547851562,28.616424560546875,,False,
1783703781.1265988,2026-07-10T10:16:21,212715,20260710_101616,,,,,,ground_idle,,,,,,,,,False,0.024963712319731712,0.004128744825720787,0.9996455311775208,0.11811129003763199,-0.050915177911520004,-0.039771489799022675,0.0,0.0,68.0,23.0,0.023,0.6789566278457642,-0.4482467770576477,0.02267536148428917,0.0021324625704437494,0.0014386947732418776,0.003936474211513996,0.17355826497077942,1.2941957712173462,-3.5858094692230225,0.02267536148428917,0.0038852260913699865,3.3150713534269016e-06,0.0001846297673182562,3.695014715194702,10.0,0.0,0.0,0.0,0.0,0.0,0.28200000000000003,32.766,0.28,0.343,2.84,2018.1380615234375,809.9961547851562,28.616424560546875,,False,
1783703781.1367981,2026-07-10T10:16:21,212723,20260710_101616,,,,,,ground_idle,,,,,,,,,False,0.024608932435512543,0.004252387210726738,0.9997800588607788,0.05371887981891632,0.4216727912425995,0.07043905556201935,0.0,0.0,67.0,23.0,0.023,0.6789566278457642,-0.4482467770576477,0.02267536148428917,0.0021324625704437494,0.0014386947732418776,0.003936474211513996,0.17221127450466156,1.280069351196289,-3.578152656555176,0.02267536148428917,0.0038852260913699865,3.3150713534269016e-06,0.0001846297673182562,3.695014715194702,10.0,0.0,0.0,0.0,0.0,0.0,0.28200000000000003,32.766,0.28,0.343,2.84,2018.1380615234375,809.9961547851562,28.616424560546875,,False,
1783703781.1469898,2026-07-10T10:16:21,212735,20260710_101616,,,,,,ground_idle,,,,,,,,,False,0.02508111484348774,0.0022360295988619328,1.0005671977996826,0.01490748394280672,0.21979627013206482,-0.12458072602748871,0.0,-2.0,74.0,23.0,0.023,0.6796982884407043,-0.44826221466064453,0.022754326462745667,0.005671677179634571,0.001297667738981545,0.003978323191404343,0.17221127450466156,1.280069351196289,-3.578152656555176,0.02267536148428917,0.0038852260913699865,3.3150713534269016e-06,0.0001846297673182562,3.695014715194702,10.0,0.0,0.0,0.0,0.0,0.0,0.28200000000000003,32.766,0.28,0.343,2.84,2018.1380615234375,809.9961547851562,28.616424560546875,,False,
1783703781.1571689,2026-07-10T10:16:21,212743,20260710_101616,,,,,,ground_idle,,,,,,,,,False,0.022532153874635696,0.003334795357659459,1.0001492500305176,-0.11688659340143204,-0.16147451102733612,-0.010521630756556988,0.0,0.0,63.0,24.0,0.024,0.6796982884407043,-0.44826221466064453,0.022754326462745667,0.005671677179634571,0.001297667738981545,0.003978323191404343,0.17312434315681458,1.2520045042037964,-3.5689070224761963,0.02267536148428917,0.0038852260913699865,3.3150713534269016e-06,0.0001846297673182562,3.695014715194702,10.0,0.0,0.0,0.0,0.0,0.0,0.28200000000000003,32.766,0.28,0.343,2.84,2018.1380615234375,809.9961547851562,28.616424560546875,,False,
1783703781.167412,2026-07-10T10:16:21,212758,20260710_101616,,,,,,ground_idle,,,,,,,,,False,0.022864658385515213,0.004410895518958569,1.00058114528656,-0.18936151266098022,-0.09513670206069946,0.0691746175289154,0.0,1.0,66.0,24.0,0.024,0.6793308854103088,-0.4482457935810089,0.023381749168038368,0.0038494435139000416,0.0012834760127589107,0.0067228092812001705,0.17184573411941528,1.2660531997680664,-3.562682867050171,0.02267536148428917,0.0038852260913699865,3.3150713534269016e-06,0.0001846297673182562,3.695014715194702,10.0,0.0,0.0,0.0,0.0,0.0,0.28200000000000003,32.766,0.28,0.343,2.84,2018.1380615234375,809.9961547851562,28.616424560546875,,False,
1783703781.1775906,2026-07-10T10:16:21,212763,20260710_101616,,,,,,ground_idle,,,,,,,,,False,0.024626560509204865,0.0023552761413156986,1.0000914335250854,0.03336058929562569,-0.10553727298974991,-0.10093232244253159,0.0,0.0,64.0,24.0,0.024,0.6793308854103088,-0.4482457935810089,0.023381749168038368,0.0038494435139000416,0.0012834760127589107,0.0067228092812001705,0.17184573411941528,1.2660531997680664,-3.562682867050171,0.02344953827559948,0.006743200123310089,3.4132331165892538e-06,0.00018980246386490762,3.7002933025360107,10.0,0.0,0.0,0.0,0.0,0.0,0.28500000000000003,32.766,0.28,0.343,2.84,2018.274658203125,809.984130859375,28.624753952026367,,False,
1783703781.187774,2026-07-10T10:16:21,212778,20260710_101616,,,,,,ground_idle,,,,,,,,,False,0.023398879915475845,0.0032557130325585604,1.0003819465637207,0.3092081546783447,0.02657759189605713,0.02792956866323948,0.0,0.0,82.0,24.0,0.024,0.6794107556343079,-0.44821909070014954,0.023518044501543045,0.0041831848211586475,0.0013021688209846616,0.006866541225463152,0.16965565085411072,1.2623525857925415,-3.553633689880371,0.02344953827559948,0.006743200123310089,3.4132331165892538e-06,0.00018980246386490762,3.7002933025360107,10.0,0.0,0.0,0.0,0.0,0.0,0.28500000000000003,32.766,0.28,0.343,2.84,2018.274658203125,809.984130859375,28.624753952026367,,False,
1783703781.197947,2026-07-10T10:16:21,212783,20260710_101616,,,,,,ground_idle,,,,,,,,,False,0.021867254748940468,0.0035700604785233736,0.9996940493583679,0.08274765312671661,-0.4053475558757782,0.15435479581356049,0.0,0.0,58.0,24.0,0.024,0.6794107556343079,-0.44821909070014954,0.023518044501543045,0.0041831848211586475,0.0013021688209846616,0.006866541225463152,0.16965565085411072,1.2623525857925415,-3.553633689880371,0.02344953827559948,0.006743200123310089,3.4132331165892538e-06,0.00018980246386490762,3.7002933025360107,10.0,0.0,0.0,0.0,0.0,0.0,0.28500000000000003,32.766,0.28,0.343,2.84,2018.274658203125,809.984130859375,28.624753952026367,,False,
1783703781.2081125,2026-07-10T10:16:21,212798,20260710_101616,,,,,,ground_idle,,,,,,,,,False,0.02081385999917984,0.0021768868900835514,0.9981086850166321,-0.15871074795722961,-0.033627402037382126,0.005503596272319555,0.0,1.0,56.0,21.0,0.021,0.6790162920951843,-0.4482010006904602,0.022517960518598557,0.002202342264354229,0.001399197499267757,0.0009346968727186322,0.17460797727108002,1.2790920734405518,-3.546154022216797,0.02344953827559948,0.006743200123310089,3.4132331165892538e-06,0.00018980246386490762,3.7002933025360107,10.0,0.0,0.0,0.0,0.0,0.0,0.28500000000000003,32.766,0.28,0.343,2.84,2018.274658203125,809.984130859375,28.624753952026367,,False,
1783703781.2182755,2026-07-10T10:16:21,212803,20260710_101616,,,,,,ground_idle,,,,,,,,,False,0.02295837178826332,0.002616202924400568,0.9990719556808472,-0.13321322202682495,-0.2735767662525177,0.1435764580965042,0.0,0.0,63.0,21.0,0.021,0.6790162920951843,-0.4482010006904602,0.022517960518598557,0.002202342264354229,0.001399197499267757,0.0009346968727186322,0.17460797727108002,1.2790920734405518,-3.546154022216797,0.02344953827559948,0.006743200123310089,3.4132331165892538e-06,0.00018980246386490762,3.7002933025360107,10.0,0.0,0.0,0.0,0.0,0.0,0.28500000000000003,32.766,0.28,0.343,2.84,2018.274658203125,809.984130859375,28.624753952026367,,False,
1783703781.2284775,2026-07-10T10:16:21,212818,20260710_101616,,,,,,ground_idle,,,,,,,,,False,0.02657475508749485,0.0044812895357608795,1.000809907913208,0.14047056436538696,0.20717456936836243,0.13417480885982513,0.0,0.0,64.0,21.0,0.021,0.6790591478347778,-0.4481736123561859,0.02253435179591179,0.002217809436842799,0.0013316782424226403,0.0007640353287570179,0.17219515144824982,1.2807735204696655,-3.537846803665161,0.02253435179591179,0.0007117956993170083,3.3150897706946125e-06,0.0001846431114245206,3.695014715194702,10.0,0.0,0.0,0.0,0.0,0.0,0.28500000000000003,32.766,0.28600000000000003,32.766,2.841,2018.274658203125,809.984130859375,28.624753952026367,,False,
1783703781.238669,2026-07-10T10:16:21,212823,20260710_101616,,,,,,ground_idle,,,,,,,,,False,0.024535804986953735,0.0038932503666728735,1.00044584274292,-0.08604250103235245,-0.17467209696769714,0.036778997629880905,0.0,0.0,63.0,21.0,0.021,0.6790591478347778,-0.4481736123561859,0.02253435179591179,0.002217809436842799,0.0013316782424226403,0.0007640353287570179,0.17219515144824982,1.2807735204696655,-3.537846803665161,0.02253435179591179,0.0007117956993170083,3.3150897706946125e-06,0.0001846431114245206,3.695014715194702,10.0,0.0,0.0,0.0,0.0,0.0,0.28500000000000003,32.766,0.28600000000000003,32.766,2.841,2018.274658203125,809.984130859375,28.624753952026367,,False,
1783703781.2488434,2026-07-10T10:16:21,212838,20260710_101616,,,,,,ground_idle,,,,,,,,,False,0.02444581873714924,0.002035025041550398,0.9983128309249878,-0.09603695571422577,0.1087687686085701,-0.3258042335510254,0.0,0.0,63.0,21.0,0.021,0.6791099309921265,-0.44814446568489075,0.02255145274102688,0.0027881325222551823,0.001518254866823554,0.0009067333885468543,0.17352254688739777,1.2769503593444824,-3.5286948680877686,0.02253435179591179,0.0007117956993170083,3.3150897706946125e-06,0.0001846431114245206,3.695014715194702,10.0,0.0,0.0,0.0,0.0,0.0,0.28500000000000003,32.766,0.28600000000000003,32.766,2.841,2018.274658203125,809.984130859375,28.624753952026367,,False,
1783703781.2590225,2026-07-10T10:16:21,212843,20260710_101616,,,,,,ground_idle,,,,,,,,,False,0.023755747824907303,0.002476421184837818,1.0007597208023071,0.18359211087226868,-0.0009619290940463543,0.09143322706222534,2.0,-3.0,67.0,22.0,0.022,0.6791099309921265,-0.44814446568489075,0.02255145274102688,0.0027881325222551823,0.001518254866823554,0.0009067333885468543,0.17352254688739777,1.2769503593444824,-3.5286948680877686,0.02253435179591179,0.0007117956993170083,3.3150897706946125e-06,0.0001846431114245206,3.695014715194702,10.0,0.0,0.0,0.0,0.0,0.0,0.28500000000000003,32.766,0.28600000000000003,32.766,2.841,2018.274658203125,809.984130859375,28.624753952026367,,False,
1783703781.2691948,2026-07-10T10:16:21,212859,20260710_101616,,,,,,ground_idle,,,,,,,,,False,0.026092451065778732,0.005140172783285379,0.9979420900344849,0.085206039249897,-0.3557739555835724,0.010639641433954239,-1.0,2.0,64.0,22.0,0.022,0.6794614791870117,-0.4485960006713867,0.022334402427077293,0.004205162636935711,-0.0007704232120886445,-0.00023042687098495662,0.1902596652507782,1.2658772468566895,-3.5200002193450928,0.022331226617097855,-0.0005044351564720273,3.413209697100683e-06,0.0001898099872050807,3.695014715194702,10.0,0.0,0.0,0.0,0.0,0.0,0.28500000000000003,32.766,0.28600000000000003,32.766,2.841,2018.274658203125,809.984130859375,28.624753952026367,,False,
1783703781.2793865,2026-07-10T10:16:21,212871,20260710_101616,,,,,,ground_idle,,,,,,,,,False,0.02215782180428505,0.0026453847531229258,1.0002906322479248,0.2057712823152542,0.023317132145166397,0.13697148859500885,0.0,-1.0,66.0,22.0,0.022,0.6794614791870117,-0.4485960006713867,0.022334402427077293,0.004205162636935711,-0.0007704232120886445,-0.00023042687098495662,0.1902596652507782,1.2658772468566895,-3.5200002193450928,0.022331226617097855,-0.0005044351564720273,3.413209697100683e-06,0.0001898099872050807,3.695014715194702,10.0,0.0,0.0,0.0,0.0,0.0,32.766,32.766,0.28600000000000003,32.766,2.841,2018.2255859375,809.9884033203125,28.639217376708984,,False,
1783703781.28954,2026-07-10T10:16:21,212881,20260710_101616,,,,,,ground_idle,,,,,,,,,False,0.02322995290160179,0.003721416462212801,1.0014667510986328,0.03978266566991806,-0.08438963443040848,0.047604192048311234,2.0,-1.0,73.0,22.0,0.022,0.6801438927650452,-0.44933661818504333,0.02232496812939644,0.0069898455403745174,-0.004191522020846605,-0.0004680356360040605,0.21373233199119568,1.2486090660095215,-3.510826349258423,0.022331226617097855,-0.0005044351564720273,3.413209697100683e-06,0.0001898099872050807,3.695014715194702,10.0,0.0,0.0,0.0,0.0,0.0,32.766,32.766,0.28600000000000003,32.766,2.841,2018.2255859375,809.9884033203125,28.639217376708984,,False,
1783703781.2996976,2026-07-10T10:16:21,212891,20260710_101616,,,,,,ground_idle,,,,,,,,,False,0.024735333397984505,0.002312656957656145,1.0001486539840698,0.0843287780880928,0.014052825048565865,0.14382536709308624,254.0,-1.0,73.0,22.0,0.022,0.6801438927650452,-0.44933661818504333,0.02232496812939644,0.0069898455403745174,-0.004191522020846605,-0.0004680356360040605,0.21373233199119568,1.2486090660095215,-3.510826349258423,0.022331226617097855,-0.0005044351564720273,3.413209697100683e-06,0.0001898099872050807,3.695014715194702,10.0,0.0,0.0,0.0,0.0,0.0,32.766,32.766,0.28600000000000003,32.766,2.841,2018.2255859375,809.9884033203125,28.639217376708984,,False,
1783703781.3098555,2026-07-10T10:16:21,212898,20260710_101616,,,,,,ground_idle,,,,,,,,,False,0.024735333397984505,0.002312656957656145,1.0001486539840698,0.0843287780880928,0.014052825048565865,0.14382536709308624,0.0,1.0,55.0,24.0,0.024,0.6785290837287903,-0.44855743646621704,0.0230446495115757,5.248955130809918e-05,-0.0002110391214955598,0.0035360155161470175,0.18784897029399872,1.2991501092910767,-3.5077338218688965,0.022331226617097855,-0.0005044351564720273,3.413209697100683e-06,0.0001898099872050807,3.695014715194702,10.0,0.0,0.0,0.0,0.0,0.0,32.766,32.766,0.28600000000000003,32.766,2.841,2018.2255859375,809.9884033203125,28.639217376708984,,False,
1783703781.320015,2026-07-10T10:16:21,212910,20260710_101616,,,,,,ground_idle,,,,,,,,,False,0.023516260087490082,0.0031489008106291294,1.0001357793807983,0.0770055502653122,0.25633862614631653,0.08625850081443787,0.0,-1.0,62.0,24.0,0.024,0.6785290837287903,-0.44855743646621704,0.0230446495115757,5.248955130809918e-05,-0.0002110391214955598,0.0035360155161470175,0.18784897029399872,1.2991501092910767,-3.5077338218688965,0.02311711385846138,0.0035627810284495354,3.3150722629216034e-06,0.00018463162996340543,3.695014715194702,10.0,0.0,0.0,0.0,0.0,0.0,32.766,32.766,0.28600000000000003,32.766,2.841,2018.2255859375,809.9884033203125,28.639217376708984,,False,
1783703781.3301823,2026-07-10T10:16:21,212921,20260710_101616,,,,,,ground_idle,,,,,,,,,False,0.023356597870588303,0.006483523175120354,1.0025864839553833,0.18619437515735626,-0.07441770285367966,-0.032037295401096344,0.0,-2.0,61.0,24.0,0.024,0.6795789003372192,-0.44858765602111816,0.023117853328585625,0.004634625278413296,-0.0005069925100542605,0.003612900385633111,0.18711160123348236,1.2624822854995728,-3.499091863632202,0.02311711385846138,0.0035627810284495354,3.3150722629216034e-06,0.00018463162996340543,3.695014715194702,10.0,0.0,0.0,0.0,0.0,0.0,32.766,0.318,0.28,32.766,2.842,2018.2255859375,809.9884033203125,28.639217376708984,,False,
1783703781.3404093,2026-07-10T10:16:21,212931,20260710_101616,,,,,,ground_idle,,,,,,,,,False,0.024691395461559296,0.004956078249961138,1.0010355710983276,0.10536631941795349,-0.30469435453414917,-0.15088783204555511,0.0,0.0,71.0,24.0,0.024,0.6795789003372192,-0.44858765602111816,0.023117853328585625,0.004634625278413296,-0.0005069925100542605,0.003612900385633111,0.18711160123348236,1.2624822854995728,-3.499091863632202,0.02311711385846138,0.0035627810284495354,3.3150722629216034e-06,0.00018463162996340543,3.695014715194702,10.0,0.0,0.0,0.0,0.0,0.0,32.766,0.318,0.28,32.766,2.842,2018.2255859375,809.9884033203125,28.639217376708984,,False,
1783703781.350585,2026-07-10T10:16:21,212941,20260710_101616,,,,,,ground_idle,,,,,,,,,False,0.023537350818514824,0.004057286307215691,1.0008188486099243,-0.01352668832987547,-0.2816392481327057,-0.17607837915420532,0.0,0.0,71.0,24.0,0.024,0.6802868247032166,-0.44861993193626404,0.023191407322883606,0.007455687969923019,-0.00028929964173585176,0.003992138430476189,0.18724672496318817,1.2426029443740845,-3.491508960723877,0.02311711385846138,0.0035627810284495354,3.3150722629216034e-06,0.00018463162996340543,3.695014715194702,10.0,0.0,0.0,0.0,0.0,0.0,32.766,0.318,0.28,32.766,2.842,2018.2255859375,809.9884033203125,28.639217376708984,,False,
1783703781.3607516,2026-07-10T10:16:21,212951,20260710_101616,,,,,,ground_idle,,,,,,,,,False,0.025046473369002342,0.003206447698175907,0.9989766478538513,0.1369493007659912,-0.00026045404956676066,-0.11667148023843765,0.0,3.0,69.0,22.0,0.022,0.6802868247032166,-0.44861993193626404,0.023191407322883606,0.007455687969923019,-0.00028929964173585176,0.003992138430476189,0.18724672496318817,1.2426029443740845,-3.491508960723877,0.02311711385846138,0.0035627810284495354,3.3150722629216034e-06,0.00018463162996340543,3.695014715194702,10.0,0.0,0.0,0.0,0.0,0.0,32.766,0.318,0.28,32.766,2.842,2018.2255859375,809.9884033203125,28.639217376708984,,False,
1783703781.3709297,2026-07-10T10:16:21,212961,20260710_101616,,,,,,ground_idle,,,,,,,,,False,0.025046473369002342,0.003206447698175907,0.9989766478538513,0.1369493007659912,-0.00026045404956676066,-0.11667148023843765,0.0,3.0,69.0,22.0,0.022,0.6795205473899841,-0.44860392808914185,0.022758107632398605,0.004179290030151606,6.803139694966376e-05,0.0017155621899291873,0.18711857497692108,1.273677945137024,-3.487365245819092,0.022774845361709595,0.0015325285494327545,3.4132149266952183e-06,0.0001897964539239183,3.7002933025360107,10.0,0.0,0.0,0.0,0.0,0.0,32.766,0.318,0.28,32.766,2.842,2018.2255859375,809.9884033203125,28.639217376708984,,False,
1783703781.3810904,2026-07-10T10:16:21,212971,20260710_101616,,,,,,ground_idle,,,,,,,,,False,0.02241952158510685,0.0015948860673233867,1.0011602640151978,0.23940828442573547,0.32925528287887573,0.02371160127222538,0.0,2.0,70.0,22.0,0.022,0.6795205473899841,-0.44860392808914185,0.022758107632398605,0.004179290030151606,6.803139694966376e-05,0.0017155621899291873,0.18711857497692108,1.273677945137024,-3.487365245819092,0.022774845361709595,0.0015325285494327545,3.4132149266952183e-06,0.0001897964539239183,3.7002933025360107,10.0,0.0,0.0,0.0,0.0,0.0,32.766,0.318,0.28,32.766,2.842,2018.1217041015625,809.9978637695312,28.647876739501953,,False,
1783703781.3912497,2026-07-10T10:16:21,212981,20260710_101616,,,,,,ground_idle,,,,,,,,,False,0.02497873269021511,0.003030536463484168,1.000564455986023,-0.0327732227742672,-0.3358851671218872,0.017625777050852776,0.0,2.0,70.0,22.0,0.022,0.6791581511497498,-0.44859883189201355,0.02279309742152691,0.0026173251681029797,0.00012294900079723448,0.001637463690713048,0.18742363154888153,1.2837358713150024,-3.478804111480713,0.022774845361709595,0.0015325285494327545,3.4132149266952183e-06,0.0001897964539239183,3.7002933025360107,10.0,0.0,0.0,0.0,0.0,0.0,32.766,0.318,0.28,32.766,2.842,2018.1217041015625,809.9978637695312,28.647876739501953,,False,
1783703781.4015765,2026-07-10T10:16:21,212991,20260710_101616,,,,,,ground_idle,,,,,,,,,False,0.02592882327735424,0.0021061107981950045,1.0010392665863037,0.2532191872596741,0.235063835978508,-0.14734941720962524,0.0,-1.0,73.0,22.0,0.022,0.6791581511497498,-0.44859883189201355,0.02279309742152691,0.0026173251681029797,0.00012294900079723448,0.001637463690713048,0.18742363154888153,1.2837358713150024,-3.478804111480713,0.022774845361709595,0.0015325285494327545,3.4132149266952183e-06,0.0001897964539239183,3.7002933025360107,10.0,0.0,0.0,0.0,0.0,0.0,32.766,0.318,0.28,32.766,2.842,2018.1217041015625,809.9978637695312,28.647876739501953,,False,
1783703781.411733,2026-07-10T10:16:21,213003,20260710_101616,,,,,,ground_idle,,,,,,,,,False,0.023816777393221855,0.00272950972430408,1.0017765760421753,-0.06418994069099426,0.05921756476163864,0.032826922833919525,0.0,-2.0,71.0,21.0,0.021,0.678555965423584,-0.44857871532440186,0.02204434759914875,4.48999235231895e-05,6.367463356582448e-05,-0.002276852261275053,0.18702396750450134,1.3041198253631592,-3.4728658199310303,0.022774845361709595,0.0015325285494327545,3.4132149266952183e-06,0.0001897964539239183,3.7002933025360107,10.0,0.0,0.0,0.0,0.0,0.0,32.766,0.318,0.28,32.766,2.842,2018.1217041015625,809.9978637695312,28.647876739501953,,False,
1783703781.424058,2026-07-10T10:16:21,213013,20260710_101616,,,,,,ground_idle,,,,,,,,,False,0.022333569824695587,0.0027840191032737494,1.000421166419983,0.012020912952721119,0.2727741599082947,-0.21567508578300476,0.0,0.0,66.0,21.0,0.021,0.678555965423584,-0.44857871532440186,0.02204434759914875,4.48999235231895e-05,6.367463356582448e-05,-0.002276852261275053,0.18702396750450134,1.3041198253631592,-3.4728658199310303,0.022003980353474617,-0.001975464168936014,3.315073627163656e-06,0.00018462896696291864,3.695014715194702,10.0,0.0,0.0,0.0,0.0,0.0,32.766,32.766,0.279,0.343,2.835,2018.1217041015625,809.9978637695312,28.647876739501953,,False,
1783703781.434348,2026-07-10T10:16:21,213023,20260710_101616,,,,,,ground_idle,,,,,,,,,False,0.022211283445358276,0.003870520507916808,0.9978458881378174,0.1108965203166008,-0.055269163101911545,0.015775451436638832,0.0,0.0,72.0,21.0,0.021,0.679209291934967,-0.4486016631126404,0.022003980353474617,0.0031692178454250097,-0.00028886835207231343,-0.0019053748110309243,0.18789564073085785,1.2769486904144287,-3.465998411178589,0.022003980353474617,-0.001975464168936014,3.315073627163656e-06,0.00018462896696291864,3.695014715194702,10.0,0.0,0.0,0.0,0.0,0.0,32.766,32.766,0.279,0.343,2.835,2018.1217041015625,809.9978637695312,28.647876739501953,,False,
1783703781.444529,2026-07-10T10:16:21,213035,20260710_101616,,,,,,ground_idle,,,,,,,,,False,0.026018613949418068,0.0034246081486344337,0.9996529221534729,-0.057001832872629166,0.1712459772825241,0.2343302220106125,0.0,0.0,72.0,21.0,0.021,0.6792727708816528,-0.44860756397247314,0.021965360268950462,0.003208621870726347,-0.00026210537180304527,-0.002017834922298789,0.18789564073085785,1.2769486904144287,-3.465998411178589,0.022003980353474617,-0.001975464168936014,3.315073627163656e-06,0.00018462896696291864,3.695014715194702,10.0,0.0,0.0,0.0,0.0,0.0,32.766,32.766,0.279,0.343,2.835,2018.1217041015625,809.9978637695312,28.647876739501953,,False,
1783703781.4547224,2026-07-10T10:16:21,213043,20260710_101616,,,,,,ground_idle,,,,,,,,,False,0.023823654279112816,0.004868622869253159,1.0014619827270508,0.041108425706624985,-0.22619633376598358,-0.001303655793890357,0.0,0.0,56.0,23.0,0.023,0.6792727708816528,-0.44860756397247314,0.021965360268950462,0.003208621870726347,-0.00026210537180304527,-0.002017834922298789,0.18854178488254547,1.272674798965454,-3.4593966007232666,0.022003980353474617,-0.001975464168936014,3.315073627163656e-06,0.00018462896696291864,3.695014715194702,10.0,0.0,0.0,0.0,0.0,0.0,32.766,32.766,0.279,0.343,2.835,2018.1217041015625,809.9978637695312,28.647876739501953,,False,
1783703781.464897,2026-07-10T10:16:21,213055,20260710_101616,,,,,,ground_idle,,,,,,,,,False,0.022976530715823174,0.004634307697415352,1.0009855031967163,-0.016470707952976227,0.0583685040473938,-0.1791299432516098,0.0,0.0,56.0,23.0,0.023,0.6793343424797058,-0.44861289858818054,0.0223781056702137,0.003675171872600913,-0.00012290111044421792,0.0002736609021667391,0.18854178488254547,1.272674798965454,-3.4593966007232666,0.022003980353474617,-0.001975464168936014,3.315073627163656e-06,0.00018462896696291864,3.695014715194702,10.0,0.0,0.0,0.0,0.0,0.0,32.766,32.766,0.279,0.343,2.835,2018.1217041015625,809.9978637695312,28.647876739501953,,False,
1783703781.4750721,2026-07-10T10:16:21,213063,20260710_101616,,,,,,ground_idle,,,,,,,,,False,0.022225916385650635,0.0026409337297081947,0.9996944665908813,-0.09488389641046524,0.03733762726187706,-0.0943736806511879,0.0,-1.0,66.0,23.0,0.023,0.6793343424797058,-0.44861289858818054,0.0223781056702137,0.003675171872600913,-0.00012290111044421792,0.0002736609021667391,0.18687869608402252,1.2706254720687866,-3.452314615249634,0.022381508722901344,0.0003237144264858216,3.413229705984122e-06,0.0001898102054838091,3.7002933025360107,10.0,0.0,0.0,0.0,0.0,0.0,32.766,32.766,0.279,0.343,2.835,2018.2200927734375,809.9888305664062,28.657085418701172,,False,
1783703781.4852426,2026-07-10T10:16:21,213075,20260710_101616,,,,,,ground_idle,,,,,,,,,False,0.022706378251314163,0.002787201199680567,0.9994138479232788,0.005491617601364851,0.10695356130599976,0.10598500072956085,0.0,-1.0,66.0,23.0,0.023,0.679724395275116,-0.44862934947013855,0.02238507568836212,0.005114937201142311,-0.0001478579215472564,0.000403006182750687,0.18687869608402252,1.2706254720687866,-3.452314615249634,0.022381508722901344,0.0003237144264858216,3.413229705984122e-06,0.0001898102054838091,3.7002933025360107,10.0,0.0,0.0,0.0,0.0,0.0,32.766,32.766,0.279,0.343,2.835,2018.2200927734375,809.9888305664062,28.657085418701172,,False,
1783703781.495593,2026-07-10T10:16:21,213083,20260710_101616,,,,,,ground_idle,,,,,,,,,False,0.02413037046790123,0.004793825559318066,1.0020705461502075,0.27888038754463196,-0.12219638377428055,0.06905180960893631,0.0,0.0,67.0,23.0,0.023,0.679724395275116,-0.44862934947013855,0.02238507568836212,0.005114937201142311,-0.0001478579215472564,0.000403006182750687,0.18731747567653656,1.2546207904815674,-3.4458351135253906,0.022381508722901344,0.0003237144264858216,3.413229705984122e-06,0.0001898102054838091,3.7002933025360107,10.0,0.0,0.0,0.0,0.0,0.0,32.766,32.766,0.279,0.343,2.835,2018.2200927734375,809.9888305664062,28.657085418701172,,False,
1783703781.505767,2026-07-10T10:16:21,213095,20260710_101616,,,,,,ground_idle,,,,,,,,,False,0.02395842783153057,0.004354304168373346,1.0001002550125122,0.011508645489811897,-0.15920791029930115,0.1895773559808731,0.0,-1.0,55.0,25.0,0.025,0.6788958311080933,-0.4486125409603119,0.023514913395047188,0.001483804895542562,0.0001322438765782863,0.006488798651844263,0.18731747567653656,1.2546207904815674,-3.4458351135253906,0.022381508722901344,0.0003237144264858216,3.413229705984122e-06,0.0001898102054838091,3.7002933025360107,10.0,0.0,0.0,0.0,0.0,0.0,32.766,32.766,0.279,0.343,2.835,2018.2200927734375,809.9888305664062,28.657085418701172,,False,
1783703781.5159428,2026-07-10T10:16:21,213103,20260710_101616,,,,,,ground_idle,,,,,,,,,False,0.02240777760744095,0.004009514581412077,0.9995725154876709,0.16955465078353882,-0.08066462725400925,-0.10612840205430984,1.0,-4.0,74.0,25.0,0.025,0.6788958311080933,-0.4486125409603119,0.023514913395047188,0.001483804895542562,0.0001322438765782863,0.006488798651844263,0.18720434606075287,1.2801356315612793,-3.440000295639038,0.022381508722901344,0.0003237144264858216,3.413229705984122e-06,0.0001898102054838091,3.7002933025360107,10.0,0.0,0.0,0.0,0.0,0.0,32.766,32.766,0.279,0.343,2.835,2018.2200927734375,809.9888305664062,28.657085418701172,,False,
1783703781.5261178,2026-07-10T10:16:21,213115,20260710_101616,,,,,,ground_idle,,,,,,,,,False,0.023975737392902374,0.0020274054259061813,1.0003066062927246,0.04927755519747734,0.05585537850856781,0.243587926030159,-1.0,3.0,67.0,25.0,0.025,0.6792149543762207,-0.44864001870155334,0.02365359477698803,0.0027023330330848694,0.00014263771299738437,0.006553288083523512,0.18720434606075287,1.2801356315612793,-3.440000295639038,0.023645784705877304,0.006356442347168922,3.315109097457025e-06,0.00018463568994775414,3.695014715194702,10.0,0.0,0.0,0.0,0.0,0.0,32.766,32.766,0.279,0.34,2.848,2018.2200927734375,809.9888305664062,28.657085418701172,,False,
1783703781.5363083,2026-07-10T10:16:21,213123,20260710_101616,,,,,,ground_idle,,,,,,,,,False,0.022640615701675415,0.003109941491857171,1.000167727470398,0.017829176038503647,-0.05830647423863411,-0.01816479116678238,1.0,-3.0,70.0,25.0,0.025,0.6792149543762207,-0.44864001870155334,0.02365359477698803,0.0027023330330848694,0.00014263771299738437,0.006553288083523512,0.18788555264472961,1.270712971687317,-3.4326798915863037,0.023645784705877304,0.006356442347168922,3.315109097457025e-06,0.00018463568994775414,3.695014715194702,10.0,0.0,0.0,0.0,0.0,0.0,32.766,32.766,0.279,0.34,2.848,2018.2200927734375,809.9888305664062,28.657085418701172,,False,
1783703781.5466158,2026-07-10T10:16:21,213138,20260710_101616,,,,,,ground_idle,,,,,,,,,False,0.02301783114671707,0.004102929960936308,0.99934983253479,0.05399272218346596,0.1509970873594284,0.0633181780576706,-1.0,-3.0,70.0,25.0,0.025,0.6795123219490051,-0.4486628472805023,0.023790569975972176,0.0038044832181185484,-6.930600648047403e-05,0.006640749983489513,0.18857255578041077,1.2612375020980835,-3.4245986938476562,0.023645784705877304,0.006356442347168922,3.315109097457025e-06,0.00018463568994775414,3.695014715194702,10.0,0.0,0.0,0.0,0.0,0.0,32.766,32.766,0.279,0.34,2.848,2018.2200927734375,809.9888305664062,28.657085418701172,,False,
1783703781.5567994,2026-07-10T10:16:21,213143,20260710_101616,,,,,,ground_idle,,,,,,,,,False,0.02162241004407406,0.004146235063672066,1.000144124031067,0.022590255364775658,0.10230203717947006,-0.18253512680530548,0.0,3.0,60.0,21.0,0.021,0.6795123219490051,-0.4486628472805023,0.023790569975972176,0.0038044832181185484,-6.930600648047403e-05,0.006640749983489513,0.18857255578041077,1.2612375020980835,-3.4245986938476562,0.023645784705877304,0.006356442347168922,3.315109097457025e-06,0.00018463568994775414,3.695014715194702,10.0,0.0,0.0,0.0,0.0,0.0,32.766,32.766,0.279,0.34,2.848,2018.2200927734375,809.9888305664062,28.657085418701172,,False,
1783703781.566985,2026-07-10T10:16:21,213158,20260710_101616,,,,,,ground_idle,,,,,,,,,False,0.022064493969082832,0.004923074506223202,0.9988361597061157,0.0808224081993103,-0.0363994836807251,-0.10005521029233932,0.0,3.0,60.0,21.0,0.021,0.6788862943649292,-0.44863924384117126,0.02270572818815708,0.0008897027000784874,0.00025642142281867564,0.0008724585059098899,0.18915922939777374,1.2771152257919312,-3.418501138687134,0.023645784705877304,0.006356442347168922,3.315109097457025e-06,0.00018463568994775414,3.695014715194702,10.0,0.0,0.0,0.0,0.0,0.0,32.766,32.766,0.279,0.34,2.848,2018.2200927734375,809.9888305664062,28.657085418701172,,False,
1783703781.5771604,2026-07-10T10:16:21,213163,20260710_101616,,,,,,ground_idle,,,,,,,,,False,0.022418269887566566,0.0028849192894995213,0.9987169504165649,-0.11188653856515884,0.02993442490696907,0.19190314412117004,1.0,-4.0,67.0,21.0,0.021,0.6788862943649292,-0.44863924384117126,0.02270572818815708,0.0008897027000784874,0.00025642142281867564,0.0008724585059098899,0.18915922939777374,1.2771152257919312,-3.418501138687134,0.022714195773005486,0.0008010095334611833,3.4132094697270077e-06,0.0001897943002404645,3.7002933025360107,10.0,0.0,0.0,0.0,0.0,0.0,32.766,32.766,0.279,0.34,2.848,2018.23095703125,809.988037109375,28.665908813476562,,False,
1783703781.5874703,2026-07-10T10:16:21,213178,20260710_101616,,,,,,ground_idle,,,,,,,,,False,0.023356840014457703,0.0019737593829631805,0.9979664087295532,0.051915813237428665,-0.09209144860506058,-0.03515562042593956,-1.0,-4.0,67.0,21.0,0.021,0.6794601678848267,-0.44866567850112915,0.022729139775037766,0.00319336517713964,0.00015270318544935435,0.0007576398784294724,0.18951846659183502,1.2559096813201904,-3.4100470542907715,0.022714195773005486,0.0008010095334611833,3.4132094697270077e-06,0.0001897943002404645,3.7002933025360107,10.0,0.0,0.0,0.0,0.0,0.0,32.766,32.766,0.279,0.34,2.848,2018.23095703125,809.988037109375,28.665908813476562,,False,
1783703781.5976474,2026-07-10T10:16:21,213183,20260710_101616,,,,,,ground_idle,,,,,,,,,False,0.023248719051480293,0.006374974735081196,0.9995622038841248,-0.10077659040689468,0.25052928924560547,0.035451989620923996,-256.0,2.0,61.0,21.0,0.021,0.6794601678848267,-0.44866567850112915,0.022729139775037766,0.00319336517713964,0.00015270318544935435,0.0007576398784294724,0.18951846659183502,1.2559096813201904,-3.4100470542907715,0.022714195773005486,0.0008010095334611833,3.4132094697270077e-06,0.0001897943002404645,3.7002933025360107,10.0,0.0,0.0,0.0,0.0,0.0,32.766,32.766,0.279,0.34,2.848,2018.23095703125,809.988037109375,28.665908813476562,,False,
1783703781.6078255,2026-07-10T10:16:21,213198,20260710_101616,,,,,,ground_idle,,,,,,,,,False,0.023755019530653954,0.004007059149444103,0.999113917350769,0.09148543328046799,-0.033587146550416946,-0.01753438077867031,0.0,2.0,59.0,26.0,0.026,0.6785849928855896,-0.4486362338066101,0.02413872256875038,-0.0007890780689194798,0.0005360200884751976,0.007875669747591019,0.19027051329612732,1.2826170921325684,-3.4037649631500244,0.022714195773005486,0.0008010095334611833,3.4132094697270077e-06,0.0001897943002404645,3.7002933025360107,10.0,0.0,0.0,0.0,0.0,0.0,32.766,32.766,0.279,0.34,2.848,2018.23095703125,809.988037109375,28.665908813476562,,False,
1783703781.618033,2026-07-10T10:16:21,213203,20260710_101616,,,,,,ground_idle,,,,,,,,,False,0.02307928539812565,0.003526402171701193,0.9980989098548889,0.007440343964844942,-0.12891796231269836,-0.1602058857679367,0.0,-2.0,73.0,26.0,0.026,0.6785849928855896,-0.4486362338066101,0.02413872256875038,-0.0007890780689194798,0.0005360200884751976,0.007875669747591019,0.19027051329612732,1.2826170921325684,-3.4037649631500244,0.022714195773005486,0.0008010095334611833,3.4132094697270077e-06,0.0001897943002404645,3.7002933025360107,10.0,0.0,0.0,0.0,0.0,0.0,32.766,32.766,0.279,0.34,2.848,2018.23095703125,809.988037109375,28.665908813476562,,False,
1783703781.6282086,2026-07-10T10:16:21,213218,20260710_101616,,,,,,ground_idle,,,,,,,,,False,0.022836050018668175,0.004166207741945982,1.0006343126296997,0.007987525314092636,-0.49112075567245483,0.19500012695789337,0.0,0.0,62.0,26.0,0.026,0.6791512370109558,-0.4486549198627472,0.024296607822179794,0.0020152279175817966,0.0004199488612357527,0.007713546510785818,0.19113954901695251,1.2583765983581543,-3.396991729736328,0.024296607822179794,0.007666229736059904,3.315094090794446e-06,0.00018462375737726688,3.695014715194702,10.0,0.0,0.0,0.0,0.0,0.0,32.766,32.766,0.28,0.342,2.839,2018.23095703125,809.988037109375,28.665908813476562,,False,
1783703781.6385095,2026-07-10T10:16:21,213223,20260710_101616,,,,,,ground_idle,,,,,,,,,False,0.02275054343044758,0.00197093584574759,1.001009225845337,-0.19532762467861176,0.17408186197280884,-0.031061790883541107,1.0,-3.0,65.0,26.0,0.026,0.6791512370109558,-0.4486549198627472,0.024296607822179794,0.0020152279175817966,0.0004199488612357527,0.007713546510785818,0.19113954901695251,1.2583765983581543,-3.396991729736328,0.024296607822179794,0.007666229736059904,3.315094090794446e-06,0.00018462375737726688,3.695014715194702,10.0,0.0,0.0,0.0,0.0,0.0,32.766,32.766,0.28,0.342,2.839,2018.23095703125,809.988037109375,28.665908813476562,,False,
1783703781.6486862,2026-07-10T10:16:21,213238,20260710_101616,,,,,,ground_idle,,,,,,,,,False,0.02339940145611763,0.0038351237308233976,1.0023266077041626,0.004704415798187256,-0.07642412930727005,-0.06641257554292679,-1.0,-3.0,65.0,26.0,0.026,0.678871750831604,-0.4486474394798279,0.02446172945201397,0.0005084655131213367,0.0004002564528491348,0.007974044419825077,0.1903434544801712,1.2673319578170776,-3.3905346393585205,0.024296607822179794,0.007666229736059904,3.315094090794446e-06,0.00018462375737726688,3.695014715194702,10.0,0.0,0.0,0.0,0.0,0.0,32.766,32.766,0.28,0.342,2.839,2018.23095703125,809.988037109375,28.665908813476562,,False,
1783703781.6588671,2026-07-10T10:16:21,213243,20260710_101616,,,,,,ground_idle,,,,,,,,,False,0.025192147120833397,0.0033970887307077646,1.0000841617584229,-0.05495496094226837,0.15172719955444336,-0.003802376566454768,0.0,0.0,56.0,23.0,0.023,0.678871750831604,-0.4486474394798279,0.02446172945201397,0.0005084655131213367,0.0004002564528491348,0.007974044419825077,0.1903434544801712,1.2673319578170776,-3.3905346393585205,0.024296607822179794,0.007666229736059904,3.315094090794446e-06,0.00018462375737726688,3.695014715194702,10.0,0.0,0.0,0.0,0.0,0.0,32.766,32.766,0.28,0.342,2.839,2018.23095703125,809.988037109375,28.665908813476562,,False,
1783703781.6690521,2026-07-10T10:16:21,213259,20260710_101616,,,,,,ground_idle,,,,,,,,,False,0.02580402046442032,0.004631943069398403,0.9983876347541809,0.03844138979911804,0.03801307454705238,-0.048110231757164,0.0,0.0,56.0,23.0,0.023,0.6791664958000183,-0.4486570358276367,0.023985806852579117,0.002292910125106573,0.0003108057426288724,0.005157602019608021,0.18854574859142303,1.2559587955474854,-3.3845462799072266,0.024036947637796402,0.005011039320379496,3.4132328892155783e-06,0.00018979361630044878,3.695014715194702,10.0,0.0,0.0,0.0,0.0,0.0,32.766,32.766,0.28,0.342,2.839,2018.23095703125,809.988037109375,28.665908813476562,,False,
1783703781.6792257,2026-07-10T10:16:21,213263,20260710_101616,,,,,,ground_idle,,,,,,,,,False,0.02212141640484333,0.00484923692420125,1.0016424655914307,0.16862262785434723,0.032296787947416306,0.18842068314552307,0.0,0.0,62.0,23.0,0.023,0.6791664958000183,-0.4486570358276367,0.023985806852579117,0.002292910125106573,0.0003108057426288724,0.005157602019608021,0.18854574859142303,1.2559587955474854,-3.3845462799072266,0.024036947637796402,0.005011039320379496,3.4132328892155783e-06,0.00018979361630044878,3.7002933025360107,10.0,0.0,0.0,0.0,0.0,0.0,32.766,32.766,0.28,0.342,2.839,2018.2091064453125,809.98974609375,28.675996780395508,,False,
1783703781.6895108,2026-07-10T10:16:21,213278,20260710_101616,,,,,,ground_idle,,,,,,,,,False,0.021968485787510872,0.0038090371526777744,1.0024051666259766,-0.1960429549217224,-0.14544107019901276,0.011935938149690628,0.0,0.0,62.0,23.0,0.023,0.6794639825820923,-0.4486636519432068,0.02408854477107525,0.00375633267685771,0.0004744280595332384,0.005291714798659086,0.18765932321548462,1.2436085939407349,-3.375098943710327,0.024036947637796402,0.005011039320379496,3.4132328892155783e-06,0.00018979361630044878,3.7002933025360107,10.0,0.0,0.0,0.0,0.0,0.0,32.766,32.766,0.28,0.342,2.839,2018.2091064453125,809.98974609375,28.675996780395508,,False,
1783703781.6997437,2026-07-10T10:16:21,213283,20260710_101616,,,,,,ground_idle,,,,,,,,,False,0.02244100347161293,0.004932542331516743,1.0013737678527832,0.06065719202160835,-0.33958467841148376,0.12057477980852127,0.0,-1.0,70.0,23.0,0.023,0.6794639825820923,-0.4486636519432068,0.02408854477107525,0.00375633267685771,0.0004744280595332384,0.005291714798659086,0.18765932321548462,1.2436085939407349,-3.375098943710327,0.024036947637796402,0.005011039320379496,3.4132328892155783e-06,0.00018979361630044878,3.7002933025360107,10.0,0.0,0.0,0.0,0.0,0.0,32.766,32.766,0.28,0.342,2.839,2018.2091064453125,809.98974609375,28.675996780395508,,False,
1783703781.709926,2026-07-10T10:16:21,213301,20260710_101616,,,,,,ground_idle,,,,,,,,,False,0.024485895410180092,0.0037609932478517294,0.9970273375511169,-0.17978425323963165,-0.027690043672919273,-0.17196911573410034,0.0,0.0,55.0,20.0,0.02,0.6789337396621704,-0.44863152503967285,0.022399578243494034,0.0010671173222362995,0.000826213217806071,-0.0037692307960242033,0.18584752082824707,1.2662721872329712,-3.367626667022705,0.024036947637796402,0.005011039320379496,3.4132328892155783e-06,0.00018979361630044878,3.7002933025360107,10.0,0.0,0.0,0.0,0.0,0.0,32.766,32.766,0.28,0.342,2.839,2018.2091064453125,809.98974609375,28.675996780395508,,False,
1783703781.7201068,2026-07-10T10:16:21,213310,20260710_101616,,,,,,ground_idle,,,,,,,,,False,0.024485895410180092,0.0037609932478517294,0.9970273375511169,-0.17978425323963165,-0.027690043672919273,-0.17196911573410034,1.0,-3.0,72.0,20.0,0.02,0.6789337396621704,-0.44863152503967285,0.022399578243494034,0.0010671173222362995,0.000826213217806071,-0.0037692307960242033,0.18584752082824707,1.2662721872329712,-3.367626667022705,0.02232464589178562,-0.004048159345984459,3.3150849958474282e-06,0.00018462665320839733,3.695014715194702,10.0,0.0,0.0,0.0,0.0,0.0,32.766,32.766,0.28,0.342,2.839,2018.2091064453125,809.98974609375,28.675996780395508,,False,
1783703781.7302756,2026-07-10T10:16:21,213321,20260710_101616,,,,,,ground_idle,,,,,,,,,False,0.02565300092101097,0.003954380750656128,1.002159595489502,-0.017229143530130386,0.024495605379343033,0.12146761268377304,0.0,-1.0,64.0,20.0,0.02,0.6800223588943481,-0.44892561435699463,0.02232377603650093,0.006348208524286747,-0.0007549200672656298,-0.003936633467674255,0.19731169939041138,1.2267652750015259,-3.3601555824279785,0.02232464589178562,-0.004048159345984459,3.3150849958474282e-06,0.00018462665320839733,3.695014715194702,10.0,0.0,0.0,0.0,0.0,0.0,32.766,32.766,0.28,32.766,2.848,2018.2091064453125,809.98974609375,28.675996780395508,,False,
1783703781.7405329,2026-07-10T10:16:21,213323,20260710_101616,,,,,,ground_idle,,,,,,,,,False,0.02565300092101097,0.003954380750656128,1.002159595489502,-0.017229143530130386,0.024495605379343033,0.12146761268377304,-1.0,2.0,62.0,20.0,0.02,0.6800223588943481,-0.44892561435699463,0.02232377603650093,0.006348208524286747,-0.0007549200672656298,-0.003936633467674255,0.19731169939041138,1.2267652750015259,-3.3601555824279785,0.02232464589178562,-0.004048159345984459,3.3150849958474282e-06,0.00018462665320839733,3.695014715194702,10.0,0.0,0.0,0.0,0.0,0.0,32.766,32.766,0.28,32.766,2.848,2018.2091064453125,809.98974609375,28.675996780395508,,False,
1783703781.7506993,2026-07-10T10:16:21,213341,20260710_101616,,,,,,ground_idle,,,,,,,,,False,0.02296394854784012,0.003613482927903533,1.000400424003601,-0.022542720660567284,-0.3935295343399048,-0.09447307884693146,0.0,2.0,62.0,20.0,0.02,0.6791870594024658,-0.44865697622299194,0.02225400134921074,0.0024451962672173977,0.0008151097572408617,-0.003548822831362486,0.18637540936470032,1.2600154876708984,-3.353670358657837,0.02232464589178562,-0.004048159345984459,3.3150849958474282e-06,0.00018462665320839733,3.695014715194702,10.0,0.0,0.0,0.0,0.0,0.0,32.766,32.766,0.28,32.766,2.848,2018.2091064453125,809.98974609375,28.675996780395508,,False,
1783703781.7608824,2026-07-10T10:16:21,213351,20260710_101616,,,,,,ground_idle,,,,,,,,,False,0.024026336148381233,0.0034958834294229746,1.000449299812317,-0.05829272419214249,0.11877181380987167,0.17184174060821533,0.0,1.0,61.0,22.0,0.022,0.6791870594024658,-0.44865697622299194,0.02225400134921074,0.0024451962672173977,0.0008151097572408617,-0.003548822831362486,0.18637540936470032,1.2600154876708984,-3.353670358657837,0.02232464589178562,-0.004048159345984459,3.3150849958474282e-06,0.00018462665320839733,3.695014715194702,10.0,0.0,0.0,0.0,0.0,0.0,32.766,32.766,0.28,32.766,2.848,2018.2091064453125,809.98974609375,28.675996780395508,,False,
1783703781.7710533,2026-07-10T10:16:21,213361,20260710_101616,,,,,,ground_idle,,,,,,,,,False,0.024026336148381233,0.0034958834294229746,1.000449299812317,-0.05829272419214249,0.11877181380987167,0.17184174060821533,0.0,1.0,61.0,22.0,0.022,0.6791675686836243,-0.4486536979675293,0.022074313834309578,0.0023863334208726883,0.0007899077609181404,-0.003917685244232416,0.18767167627811432,1.2613898515701294,-3.3478872776031494,0.022035546600818634,-0.003894309513270855,3.4132217479054816e-06,0.00018979025480803102,3.695014715194702,10.0,0.0,0.0,0.0,0.0,0.0,32.766,32.766,0.28,32.766,2.848,2018.2091064453125,809.98974609375,28.675996780395508,,False,
1783703781.7812195,2026-07-10T10:16:21,213371,20260710_101616,,,,,,ground_idle,,,,,,,,,False,0.023622622713446617,0.004446536302566528,1.0001102685928345,-0.13055278360843658,0.03768555447459221,0.09555850178003311,0.0,0.0,68.0,22.0,0.022,0.6791675686836243,-0.4486536979675293,0.022074313834309578,0.0023863334208726883,0.0007899077609181404,-0.003917685244232416,0.18767167627811432,1.2613898515701294,-3.3478872776031494,0.022035546600818634,-0.003894309513270855,3.4132217479054816e-06,0.00018979025480803102,3.695014715194702,10.0,0.0,0.0,0.0,0.0,0.0,32.766,32.766,0.28,32.766,2.848,2018.236572265625,809.9873046875,28.685626983642578,,False,
1783703781.7914937,2026-07-10T10:16:21,213383,20260710_101616,,,,,,ground_idle,,,,,,,,,False,0.022378811612725258,0.004045762587338686,1.002122163772583,-0.006543272640556097,0.019340598955750465,-0.05007173866033554,255.0,-3.0,74.0,22.0,0.022,0.6799704432487488,-0.44890812039375305,0.02199755236506462,0.006561219226568937,-0.0006759528769180179,-0.0037122240755707026,0.19542166590690613,1.2315057516098022,-3.338981866836548,0.022035546600818634,-0.003894309513270855,3.4132217479054816e-06,0.00018979025480803102,3.695014715194702,10.0,0.0,0.0,0.0,0.0,0.0,32.766,32.766,0.28,32.766,2.848,2018.236572265625,809.9873046875,28.685626983642578,,False,
1783703781.8016655,2026-07-10T10:16:21,213393,20260710_101616,,,,,,ground_idle,,,,,,,,,False,0.022722700610756874,0.0030838102102279663,1.001568078994751,-0.1295352578163147,0.15090599656105042,0.05094293877482414,0.0,2.0,59.0,23.0,0.023,0.6799704432487488,-0.44890812039375305,0.02199755236506462,0.006561219226568937,-0.0006759528769180179,-0.0037122240755707026,0.19542166590690613,1.2315057516098022,-3.338981866836548,0.022035546600818634,-0.003894309513270855,3.4132217479054816e-06,0.00018979025480803102,3.695014715194702,10.0,0.0,0.0,0.0,0.0,0.0,32.766,32.766,0.28,32.766,2.848,2018.236572265625,809.9873046875,28.685626983642578,,False,
1783703781.8118315,2026-07-10T10:16:21,213403,20260710_101616,,,,,,ground_idle,,,,,,,,,False,0.023127906024456024,0.0026594584342092276,1.0022417306900024,-0.18302017450332642,-0.01268511638045311,-0.09605341404676437,0.0,-1.0,69.0,23.0,0.023,0.6784201264381409,-0.44862017035484314,0.022391030564904213,-0.0012943175388500094,0.0011822746600955725,-0.000988032203167677,0.18513363599777222,1.2897485494613647,-3.3343260288238525,0.022035546600818634,-0.003894309513270855,3.4132217479054816e-06,0.00018979025480803102,3.695014715194702,10.0,0.0,0.0,0.0,0.0,0.0,32.766,32.766,0.28,32.766,2.848,2018.236572265625,809.9873046875,28.685626983642578,,False,
1783703781.8220015,2026-07-10T10:16:21,213411,20260710_101616,,,,,,ground_idle,,,,,,,,,False,0.023829035460948944,0.004834739491343498,1.0001461505889893,-0.22857017815113068,0.1132371723651886,0.05888656899333,0.0,-1.0,69.0,23.0,0.023,0.6784201264381409,-0.44862017035484314,0.022391030564904213,-0.0012943175388500094,0.0011822746600955725,-0.000988032203167677,0.18513363599777222,1.2897485494613647,-3.3343260288238525,0.0223765280097723,-0.0005861001554876566,3.3150788567581913e-06,0.00018462250591255724,3.695014715194702,10.0,0.0,0.0,0.0,0.0,0.0,32.766,0.318,0.279,0.341,2.853,2018.236572265625,809.9873046875,28.685626983642578,,False,
1783703781.8321614,2026-07-10T10:16:21,213421,20260710_101616,,,,,,ground_idle,,,,,,,,,False,0.024011710658669472,0.0036434221547096968,1.0007033348083496,-0.12050718069076538,-0.09910456836223602,-0.012611005455255508,0.0,-1.0,72.0,23.0,0.023,0.6789153218269348,-0.4486343562602997,0.022377317771315575,0.0013934036251157522,0.0008284802315756679,-0.0005730415578000247,0.18281616270542145,1.2671562433242798,-3.3274941444396973,0.0223765280097723,-0.0005861001554876566,3.3150788567581913e-06,0.00018462250591255724,3.695014715194702,10.0,0.0,0.0,0.0,0.0,0.0,32.766,0.318,0.279,0.341,2.853,2018.236572265625,809.9873046875,28.685626983642578,,False,
1783703781.8423421,2026-07-10T10:16:21,213433,20260710_101616,,,,,,ground_idle,,,,,,,,,False,0.023907553404569626,0.0022624805569648743,0.9994223117828369,0.3302801549434662,0.09118857234716415,0.16285815834999084,0.0,-1.0,63.0,23.0,0.023,0.6789153218269348,-0.4486343562602997,0.022377317771315575,0.0013934036251157522,0.0008284802315756679,-0.0005730415578000247,0.18281616270542145,1.2671562433242798,-3.3274941444396973,0.0223765280097723,-0.0005861001554876566,3.3150788567581913e-06,0.00018462250591255724,3.695014715194702,10.0,0.0,0.0,0.0,0.0,0.0,32.766,0.318,0.279,0.341,2.853,2018.236572265625,809.9873046875,28.685626983642578,,False,
1783703781.852502,2026-07-10T10:16:21,213443,20260710_101616,,,,,,ground_idle,,,,,,,,,False,0.025526786223053932,0.0039942823350429535,1.0009320974349976,-0.11255186051130295,-0.18571844696998596,-0.11897122859954834,-1.0,1.0,63.0,23.0,0.023,0.6791830658912659,-0.44863465428352356,0.022367188706994057,0.0029248245991766453,0.0008427453576587141,-0.00045679794857278466,0.1807800531387329,1.2567919492721558,-3.3210160732269287,0.0223765280097723,-0.0005861001554876566,3.3150788567581913e-06,0.00018462250591255724,3.695014715194702,10.0,0.0,0.0,0.0,0.0,0.0,32.766,0.318,0.279,0.341,2.853,2018.236572265625,809.9873046875,28.685626983642578,,False,
1783703781.8626835,2026-07-10T10:16:21,213453,20260710_101616,,,,,,ground_idle,,,,,,,,,False,0.025507157668471336,0.004685521125793457,1.0022566318511963,0.13121426105499268,-0.04832940921187401,-0.06493449211120605,-256.0,1.0,63.0,23.0,0.023,0.6791830658912659,-0.44863465428352356,0.022367188706994057,0.0029248245991766453,0.0008427453576587141,-0.00045679794857278466,0.1807800531387329,1.2567919492721558,-3.3210160732269287,0.0223765280097723,-0.0005861001554876566,3.3150788567581913e-06,0.00018462250591255724,3.695014715194702,10.0,0.0,0.0,0.0,0.0,0.0,32.766,0.318,0.279,0.341,2.853,2018.236572265625,809.9873046875,28.685626983642578,,False,
1783703781.872849,2026-07-10T10:16:21,213463,20260710_101616,,,,,,ground_idle,,,,,,,,,False,0.026302020996809006,0.003091906663030386,1.001891016960144,0.0640471875667572,-0.2169063240289688,0.07314138859510422,-256.0,1.0,63.0,23.0,0.023,0.6789382696151733,-0.44838690757751465,0.022636037319898605,0.0020221867598593235,0.002159174531698227,0.0010146694257855415,0.17251992225646973,1.266270399093628,-3.3155956268310547,0.022647345438599586,0.0011898595839738846,3.4132299333577976e-06,0.0001897952170111239,3.7002933025360107,10.0,0.0,0.0,0.0,0.0,0.0,0.28300000000000003,0.318,0.279,0.341,2.853,2018.23095703125,809.9880981445312,28.69481658935547,,False,
1783703781.8830135,2026-07-10T10:16:21,213473,20260710_101616,,,,,,ground_idle,,,,,,,,,False,0.02384350635111332,0.002171035623177886,1.000484824180603,-0.0049630324356257915,0.1613447070121765,0.0012902544112876058,0.0,0.0,67.0,23.0,0.023,0.6789382696151733,-0.44838690757751465,0.022636037319898605,0.0020221867598593235,0.002159174531698227,0.0010146694257855415,0.17251992225646973,1.266270399093628,-3.3155956268310547,0.022647345438599586,0.0011898595839738846,3.4132299333577976e-06,0.0001897952170111239,3.7002933025360107,10.0,0.0,0.0,0.0,0.0,0.0,0.28300000000000003,0.318,0.279,0.341,2.853,2018.23095703125,809.9880981445312,28.69481658935547,,False,
1783703781.893173,2026-07-10T10:16:21,213483,20260710_101616,,,,,,ground_idle,,,,,,,,,False,0.02528448775410652,0.0032378309406340122,1.0005335807800293,-0.07956794649362564,-0.06973382085561752,0.11354222148656845,0.0,-1.0,71.0,23.0,0.023,0.6792227029800415,-0.44837886095046997,0.022660614922642708,0.003926904872059822,0.0020042192190885544,0.0014370500575751066,0.17495286464691162,1.256549596786499,-3.3085811138153076,0.022647345438599586,0.0011898595839738846,3.4132299333577976e-06,0.0001897952170111239,3.7002933025360107,10.0,0.0,0.0,0.0,0.0,0.0,0.28300000000000003,0.318,0.279,0.341,2.853,2018.23095703125,809.9880981445312,28.69481658935547,,False,
1783703781.9033585,2026-07-10T10:16:21,213493,20260710_101616,,,,,,ground_idle,,,,,,,,,False,0.025398995727300644,0.005906252656131983,1.0016342401504517,0.0730842873454094,0.20100688934326172,0.14129135012626648,0.0,0.0,52.0,23.0,0.023,0.6792227029800415,-0.44837886095046997,0.022660614922642708,0.003926904872059822,0.0020042192190885544,0.0014370500575751066,0.17495286464691162,1.256549596786499,-3.3085811138153076,0.022647345438599586,0.0011898595839738846,3.4132299333577976e-06,0.0001897952170111239,3.7002933025360107,10.0,0.0,0.0,0.0,0.0,0.0,0.28300000000000003,0.318,0.279,0.341,2.853,2018.23095703125,809.9880981445312,28.69481658935547,,False,
1783703781.9135177,2026-07-10T10:16:21,213503,20260710_101616,,,,,,ground_idle,,,,,,,,,False,0.02386072278022766,0.006419267039746046,1.0002011060714722,0.25034481287002563,-0.19900789856910706,0.08910753577947617,0.0,0.0,61.0,23.0,0.023,0.6786918044090271,-0.44834238290786743,0.022824665531516075,0.0014230154920369387,0.0019779186695814133,0.00229510385543108,0.17548538744449615,1.2787262201309204,-3.30218505859375,0.022647345438599586,0.0011898595839738846,3.4132299333577976e-06,0.0001897952170111239,3.7002933025360107,10.0,0.0,0.0,0.0,0.0,0.0,0.28300000000000003,0.318,0.279,0.341,2.853,2018.23095703125,809.9880981445312,28.69481658935547,,False,
1783703781.923683,2026-07-10T10:16:21,213513,20260710_101616,,,,,,ground_idle,,,,,,,,,False,0.023724587634205818,0.00462372275069356,1.0008302927017212,0.026710955426096916,0.07673606276512146,-0.011005325242877007,2.0,-5.0,72.0,23.0,0.023,0.6786918044090271,-0.44834238290786743,0.022824665531516075,0.0014230154920369387,0.0019779186695814133,0.00229510385543108,0.17548538744449615,1.2787262201309204,-3.30218505859375,0.0228731706738472,0.0024566100910305977,3.315095682410174e-06,0.00018463085871189833,3.695014715194702,10.0,0.0,0.0,0.0,0.0,0.0,0.28300000000000003,32.766,0.28,0.337,2.843,2018.23095703125,809.9880981445312,28.69481658935547,,False,
1783703781.9338458,2026-07-10T10:16:21,213523,20260710_101616,,,,,,ground_idle,,,,,,,,,False,0.02420295588672161,0.003868087660521269,1.0010989904403687,-0.12164613604545593,0.010180880315601826,0.07851157337427139,-1.0,2.0,67.0,23.0,0.023,0.6801062822341919,-0.4488700330257416,0.022875428199768066,0.008822381496429443,-0.0008803457603789866,0.0025302518624812365,0.2007668912410736,1.2207056283950806,-3.292314291000366,0.0228731706738472,0.0024566100910305977,3.315095682410174e-06,0.00018463085871189833,3.695014715194702,10.0,0.0,0.0,0.0,0.0,0.0,0.28300000000000003,32.766,0.28,0.337,2.843,2018.23095703125,809.9880981445312,28.69481658935547,,False,
1783703781.9440048,2026-07-10T10:16:21,213535,20260710_101616,,,,,,ground_idle,,,,,,,,,False,0.02564968355000019,0.003638973692432046,1.0001871585845947,0.16088968515396118,0.3292444050312042,0.12775258719921112,0.0,2.0,67.0,23.0,0.023,0.6792361736297607,-0.4486011862754822,0.02293836697936058,0.004215157590806484,0.0008982361759990454,0.002787103410810232,0.2007668912410736,1.2207056283950806,-3.292314291000366,0.0228731706738472,0.0024566100910305977,3.315095682410174e-06,0.00018463085871189833,3.695014715194702,10.0,0.0,0.0,0.0,0.0,0.0,0.28300000000000003,32.766,0.28,0.337,2.843,2018.23095703125,809.9880981445312,28.69481658935547,,False,
1783703781.9541616,2026-07-10T10:16:21,213543,20260710_101616,,,,,,ground_idle,,,,,,,,,False,0.02625674195587635,0.004641224164515734,1.0027921199798584,0.09404849261045456,-0.16846038401126862,0.3232097327709198,0.0,2.0,60.0,20.0,0.02,0.6792361736297607,-0.4486011862754822,0.02293836697936058,0.004215157590806484,0.0008982361759990454,0.002787103410810232,0.18988613784313202,1.2591123580932617,-3.2861666679382324,0.0228731706738472,0.0024566100910305977,3.315095682410174e-06,0.00018463085871189833,3.695014715194702,10.0,0.0,0.0,0.0,0.0,0.0,0.28300000000000003,32.766,0.28,0.337,2.843,2018.23095703125,809.9880981445312,28.69481658935547,,False,
1783703781.9643605,2026-07-10T10:16:21,213555,20260710_101616,,,,,,arming,,,,,,,,,False,0.02518906258046627,0.003211674513295293,1.0020910501480103,-0.11583396792411804,-0.2609316408634186,0.08422871679067612,0.0,2.0,60.0,20.0,0.02,0.6792293787002563,-0.4486008584499359,0.02171439677476883,0.004523523151874542,0.0009129474055953324,-0.0029119367245584726,0.18988613784313202,1.2591123580932617,-3.2861666679382324,0.0228731706738472,0.0024566100910305977,3.315095682410174e-06,0.00018463085871189833,3.695014715194702,10.0,0.0,0.0,0.0,0.0,0.0,0.28300000000000003,32.766,0.28,0.337,2.843,2018.23095703125,809.9880981445312,28.69481658935547,,False,
1783703781.9745347,2026-07-10T10:16:21,213563,20260710_101616,,,,,,arming,,,,,,,,,False,0.02357836812734604,0.0023854512255638838,1.000807523727417,0.03264114633202553,0.18926644325256348,-0.024842169135808945,0.0,2.0,60.0,20.0,0.02,0.6792293787002563,-0.4486008584499359,0.02171439677476883,0.004523523151874542,0.0009129474055953324,-0.0029119367245584726,0.19164490699768066,1.258832573890686,-3.27803111076355,0.021686453372240067,-0.002782858209684491,3.4132058317482006e-06,0.0001897903421195224,3.7002933025360107,10.0,0.0,0.0,0.0,0.0,0.0,32.766,32.766,0.28,0.337,2.843,2018.3294677734375,809.9791259765625,28.703292846679688,,False,
1783703781.9847035,2026-07-10T10:16:21,213575,20260710_101616,,,,,,arming,,,,,,,,,False,0.024691816419363022,0.004101061262190342,1.001207947731018,0.14039747416973114,0.2935115098953247,-0.027088571339845657,0.0,0.0,68.0,20.0,0.02,0.6795364022254944,-0.4486032724380493,0.0216594859957695,0.006027167662978172,0.0006709699518978596,-0.0025622169487178326,0.19164490699768066,1.258832573890686,-3.27803111076355,0.021686453372240067,-0.002782858209684491,3.4132058317482006e-06,0.0001897903421195224,3.7002933025360107,10.0,0.0,0.0,0.0,0.0,0.0,32.766,32.766,0.28,0.337,2.843,2018.3294677734375,809.9791259765625,28.703292846679688,,False,
1783703781.994903,2026-07-10T10:16:21,213583,20260710_101616,,,,,,arming,,,,,,,,,False,0.023913633078336716,0.004496417939662933,1.001802682876587,-0.06336884945631027,0.05763969197869301,-0.038456760346889496,0.0,-1.0,74.0,20.0,0.02,0.6795364022254944,-0.4486032724380493,0.0216594859957695,0.006027167662978172,0.0006709699518978596,-0.0025622169487178326,0.1916651427745819,1.2456915378570557,-3.271488904953003,0.021686453372240067,-0.002782858209684491,3.4132058317482006e-06,0.0001897903421195224,3.7002933025360107,10.0,0.0,0.0,0.0,0.0,0.0,32.766,32.766,0.28,0.337,2.843,2018.3294677734375,809.9791259765625,28.703292846679688,,False,
1783703782.005065,2026-07-10T10:16:22,213595,20260710_101616,,,,,,arming,,,,,,,,,False,0.02139512076973915,0.00335243484005332,1.0015051364898682,0.11441860347986221,-0.10781680792570114,0.04666398838162422,0.0,0.0,55.0,22.0,0.022,0.6790255904197693,-0.4485802948474884,0.021780600771307945,0.003389208810403943,0.0009125692886300385,-0.0013060049386695027,0.1916651427745819,1.2456915378570557,-3.271488904953003,0.021686453372240067,-0.002782858209684491,3.4132058317482006e-06,0.0001897903421195224,3.7002933025360107,10.0,0.0,0.0,0.0,0.0,0.0,32.766,32.766,0.28,0.337,2.843,2018.3294677734375,809.9791259765625,28.703292846679688,,False,
1783703782.0152388,2026-07-10T10:16:22,213603,20260710_101616,,,,,,arming,,,,,,,,,False,0.027374353259801865,0.002645191503688693,0.9999753832817078,-0.18427307903766632,-0.1969263255596161,-0.14575444161891937,0.0,0.0,65.0,22.0,0.022,0.6790255904197693,-0.4485802948474884,0.021780600771307945,0.003389208810403943,0.0009125692886300385,-0.0013060049386695027,0.19301728904247284,1.2632968425750732,-3.2639107704162598,0.021686453372240067,-0.002782858209684491,3.4132058317482006e-06,0.0001897903421195224,3.7002933025360107,10.0,0.0,0.0,0.0,0.0,0.0,32.766,32.766,0.28,0.337,2.843,2018.3294677734375,809.9791259765625,28.703292846679688,,False,
1783703782.0255067,2026-07-10T10:16:22,213615,20260710_101616,,,,,,arming,,,,,,,,,False,0.0264766626060009,0.004280105233192444,1.00014066696167,0.119465172290802,-0.035215113312006,0.15882743895053864,1.0,-3.0,75.0,22.0,0.022,0.6798872947692871,-0.44885626435279846,0.021755622699856758,0.00781844649463892,-0.0009267861605621874,-0.001145277637988329,0.19301728904247284,1.2632968425750732,-3.2639107704162598,0.02175663784146309,-0.0012341715628281236,3.315080675747595e-06,0.00018462650768924505,3.695014715194702,10.0,0.0,0.0,0.0,0.0,0.0,32.766,32.766,0.28,0.34800000000000003,2.829,2018.3294677734375,809.9791259765625,28.703292846679688,,False,
1783703782.0356705,2026-07-10T10:16:22,213623,20260710_101616,,,,,,arming,,,,,,,,,False,0.026828128844499588,0.005597331095486879,0.9986975789070129,-0.2015867829322815,-0.08533106744289398,0.10718908160924911,-1.0,2.0,64.0,22.0,0.022,0.6798872947692871,-0.44885626435279846,0.021755622699856758,0.00781844649463892,-0.0009267861605621874,-0.001145277637988329,0.20411355793476105,1.2326269149780273,-3.2559280395507812,0.02175663784146309,-0.0012341715628281236,3.315080675747595e-06,0.00018462650768924505,3.695014715194702,10.0,0.0,0.0,0.0,0.0,0.0,32.766,32.766,0.28,0.34800000000000003,2.829,2018.3294677734375,809.9791259765625,28.703292846679688,,False,
1783703782.0458488,2026-07-10T10:16:22,213635,20260710_101616,,,,,,arming,,,,,,,,,False,0.02576087787747383,0.005353592801839113,0.9993424415588379,0.01818065345287323,0.08746645599603653,-0.030132146552205086,0.0,2.0,64.0,22.0,0.022,0.6793534755706787,-0.44858041405677795,0.021739209070801735,0.005492920987308025,0.0009654239402152598,-0.001179757877252996,0.20411355793476105,1.2326269149780273,-3.2559280395507812,0.02175663784146309,-0.0012341715628281236,3.315080675747595e-06,0.00018462650768924505,3.695014715194702,10.0,0.0,0.0,0.0,0.0,0.0,32.766,32.766,0.28,0.34800000000000003,2.829,2018.3294677734375,809.9791259765625,28.703292846679688,,False,
1783703782.056032,2026-07-10T10:16:22,213643,20260710_101616,,,,,,arming,,,,,,,,,False,0.02343866601586342,0.005018553230911493,1.0012344121932983,-0.2307855784893036,-0.013522862456738949,-0.24810102581977844,0.0,0.0,61.0,25.0,0.025,0.6793534755706787,-0.44858041405677795,0.021739209070801735,0.005492920987308025,0.0009654239402152598,-0.001179757877252996,0.19183827936649323,1.2609443664550781,-3.2496302127838135,0.02175663784146309,-0.0012341715628281236,3.315080675747595e-06,0.00018462650768924505,3.695014715194702,10.0,0.0,0.0,0.0,0.0,0.0,32.766,32.766,0.28,0.34800000000000003,2.829,2018.3294677734375,809.9791259765625,28.703292846679688,,False,
1783703782.0662143,2026-07-10T10:16:22,213655,20260710_101616,,,,,,arming,,,,,,,,,False,0.023341985419392586,0.003577284049242735,0.9990829825401306,0.13715648651123047,-0.020871533080935478,-0.2819162607192993,0.0,0.0,61.0,25.0,0.025,0.6794446110725403,-0.4485595226287842,0.023142220452427864,0.005897657014429569,0.0012582369381561875,0.005733659490942955,0.19183827936649323,1.2609443664550781,-3.2496302127838135,0.02175663784146309,-0.0012341715628281236,3.315080675747595e-06,0.00018462650768924505,3.695014715194702,10.0,0.0,0.0,0.0,0.0,0.0,32.766,32.766,0.28,0.34800000000000003,2.829,2018.3294677734375,809.9791259765625,28.703292846679688,,False,
1783703782.0764863,2026-07-10T10:16:22,213663,20260710_101616,,,,,,arming,,,,,,,,,False,0.02318616397678852,0.006137932185083628,0.999867856502533,0.1981854885816574,0.24537070095539093,0.09420997649431229,0.0,0.0,69.0,25.0,0.025,0.6794446110725403,-0.4485595226287842,0.023142220452427864,0.005897657014429569,0.0012582369381561875,0.005733659490942955,0.19055329263210297,1.2603003978729248,-3.2437283992767334,0.023199094459414482,0.005503673106431961,3.413242438909947e-06,0.00018980013555847108,3.7002933025360107,10.0,0.0,0.0,0.0,0.0,0.0,32.766,32.766,0.28,0.34800000000000003,2.829,2018.159912109375,809.9942016601562,28.715925216674805,,False,
1783703782.0867803,2026-07-10T10:16:22,213678,20260710_101616,,,,,,arming,,,,,,,,,False,0.02427099272608757,0.004320232663303614,0.9997925162315369,-0.06401071697473526,0.03648099675774574,0.031886231154203415,0.0,0.0,73.0,25.0,0.025,0.6795653104782104,-0.4485323131084442,0.023255448788404465,0.006180877797305584,0.0015464747557416558,0.005629922728985548,0.1916782706975937,1.2567102909088135,-3.2373247146606445,0.023199094459414482,0.005503673106431961,3.413242438909947e-06,0.00018980013555847108,3.7002933025360107,10.0,0.0,0.0,0.0,0.0,0.0,32.766,32.766,0.28,0.34800000000000003,2.829,2018.159912109375,809.9942016601562,28.715925216674805,,False,
1783703782.0969603,2026-07-10T10:16:22,213683,20260710_101616,,,,,,arming,,,,,,,,,False,0.024022692814469337,0.0049300165846943855,0.9991739392280579,0.12399157136678696,0.007863841950893402,0.04651510342955589,0.0,0.0,50.0,25.0,0.025,0.6795653104782104,-0.4485323131084442,0.023255448788404465,0.006180877797305584,0.0015464747557416558,0.005629922728985548,0.1916782706975937,1.2567102909088135,-3.2373247146606445,0.023199094459414482,0.005503673106431961,3.413242438909947e-06,0.00018980013555847108,3.7002933025360107,10.0,0.0,0.0,0.0,0.0,0.0,32.766,32.766,0.28,0.34800000000000003,2.829,2018.159912109375,809.9942016601562,28.715925216674805,,False,
1783703782.1071382,2026-07-10T10:16:22,213698,20260710_101616,,,,,,arming,,,,,,,,,False,0.02344774827361107,0.007473321165889502,1.0021600723266602,-0.05588048696517944,0.09622780233621597,0.0840974748134613,1.0,-3.0,54.0,20.0,0.02,0.6806719303131104,-0.4488813281059265,0.02192188799381256,0.011362439021468163,-0.00038724098703823984,-0.0018717609345912933,0.2081339955329895,1.2172213792800903,-3.23020601272583,0.023199094459414482,0.005503673106431961,3.413242438909947e-06,0.00018980013555847108,3.7002933025360107,10.0,0.0,0.0,0.0,0.0,0.0,32.766,32.766,0.28,0.34800000000000003,2.829,2018.159912109375,809.9942016601562,28.715925216674805,,False,
1783703782.1175845,2026-07-10T10:16:22,213703,20260710_101616,,,,,,arming,,,,,,,,,False,0.02523268759250641,0.004022585693746805,1.0023561716079712,0.30376747250556946,0.40345728397369385,-0.08569451421499252,-1.0,3.0,60.0,20.0,0.02,0.6806719303131104,-0.4488813281059265,0.02192188799381256,0.011362439021468163,-0.00038724098703823984,-0.0018717609345912933,0.2081339955329895,1.2172213792800903,-3.23020601272583,0.023199094459414482,0.005503673106431961,3.413242438909947e-06,0.00018980013555847108,3.7002933025360107,10.0,0.0,0.0,0.0,0.0,0.0,32.766,32.766,0.28,0.34800000000000003,2.829,2018.159912109375,809.9942016601562,28.715925216674805,,False,
1783703782.1277554,2026-07-10T10:16:22,213718,20260710_101616,,,,,,arming,,,,,,,,,False,0.02500365860760212,0.0003144596121273935,1.0035574436187744,0.16377204656600952,0.011521290056407452,-0.11863839626312256,0.0,0.0,72.0,20.0,0.02,0.6796257495880127,-0.4485180675983429,0.021900255233049393,0.006066603120416403,0.001874433597549796,-0.001315995235927403,0.19511361420154572,1.2592624425888062,-3.226846218109131,0.021900255233049393,-0.0014540005940943956,3.3150513445434626e-06,0.00018462774460203946,3.695014715194702,10.0,0.0,0.0,0.0,0.0,0.0,32.766,0.312,0.28200000000000003,0.34700000000000003,2.857,2018.159912109375,809.9942016601562,28.715925216674805,,False,
1783703782.1379292,2026-07-10T10:16:22,213723,20260710_101616,,,,,,arming,,,,,,,,,False,0.02332950383424759,0.003949452191591263,1.0016955137252808,0.07820019870996475,0.4260765314102173,0.2010422796010971,0.0,-1.0,66.0,20.0,0.02,0.6796257495880127,-0.4485180675983429,0.021900255233049393,0.006066603120416403,0.001874433597549796,-0.001315995235927403,0.19511361420154572,1.2592624425888062,-3.226846218109131,0.021900255233049393,-0.0014540005940943956,3.3150513445434626e-06,0.00018462774460203946,3.695014715194702,10.0,0.0,0.0,0.0,0.0,0.0,32.766,0.312,0.28200000000000003,0.34700000000000003,2.857,2018.159912109375,809.9942016601562,28.715925216674805,,False,
1783703782.1481104,2026-07-10T10:16:22,213738,20260710_101616,,,,,,arming,,,,,,,,,False,0.02644205093383789,0.00430265674367547,1.0015052556991577,0.013985902070999146,-0.22526796162128448,0.03680777922272682,0.0,1.0,73.0,20.0,0.02,0.6795572638511658,-0.4485354423522949,0.021881598979234695,0.005486337933689356,0.001371496939100325,-0.0007803212502039969,0.19885243475437164,1.2616552114486694,-3.2198455333709717,0.021900255233049393,-0.0014540005940943956,3.3150513445434626e-06,0.00018462774460203946,3.695014715194702,10.0,0.0,0.0,0.0,0.0,0.0,32.766,0.312,0.28200000000000003,0.34700000000000003,2.857,2018.159912109375,809.9942016601562,28.715925216674805,,False,
1783703782.1582873,2026-07-10T10:16:22,213743,20260710_101616,,,,,,arming,,,,,,,,,False,0.026473915204405785,0.0046498435549438,0.9996625185012817,0.14380154013633728,-0.36142483353614807,-0.03800187632441521,0.0,0.0,61.0,23.0,0.023,0.6795572638511658,-0.4485354423522949,0.021881598979234695,0.005486337933689356,0.001371496939100325,-0.0007803212502039969,0.19885243475437164,1.2616552114486694,-3.2198455333709717,0.021900255233049393,-0.0014540005940943956,3.3150513445434626e-06,0.00018462774460203946,3.695014715194702,10.0,0.0,0.0,0.0,0.0,0.0,32.766,0.312,0.28200000000000003,0.34700000000000003,2.857,2018.159912109375,809.9942016601562,28.715925216674805,,False,
1783703782.1684606,2026-07-10T10:16:22,213759,20260710_101616,,,,,,arming,,,,,,,,,False,0.026325352489948273,0.003686885815113783,0.9996015429496765,-0.1804996281862259,0.1846752017736435,0.011757127940654755,0.0,0.0,61.0,23.0,0.023,0.6796677112579346,-0.4485075771808624,0.02235691249370575,0.006290307734161615,0.001491943490691483,0.001657178159803152,0.19843539595603943,1.261656403541565,-3.213606119155884,0.022373713552951813,0.0015519428998231888,3.413214244574192e-06,0.0001898006594274193,3.695014715194702,10.0,0.0,0.0,0.0,0.0,0.0,32.766,0.312,0.28200000000000003,0.34700000000000003,2.857,2018.159912109375,809.9942016601562,28.715925216674805,,False,
1783703782.1786366,2026-07-10T10:16:22,213763,20260710_101616,,,,,,arming,,,,,,,,,False,0.023808632045984268,0.00417208019644022,1.0013301372528076,-0.08573790639638901,-0.27573060989379883,0.190694659948349,0.0,0.0,65.0,23.0,0.023,0.6796677112579346,-0.4485075771808624,0.02235691249370575,0.006290307734161615,0.001491943490691483,0.001657178159803152,0.19843539595603943,1.261656403541565,-3.213606119155884,0.022373713552951813,0.0015519428998231888,3.413214244574192e-06,0.0001898006594274193,3.7002933025360107,10.0,0.0,0.0,0.0,0.0,0.0,32.766,0.312,0.28200000000000003,0.34700000000000003,2.857,2018.23095703125,809.9879760742188,28.724163055419922,,False,
1783703782.1888144,2026-07-10T10:16:22,213778,20260710_101616,,,,,,arming,,,,,,,,,False,0.02522881329059601,0.0052163004875183105,0.9999284148216248,-0.029645297676324844,0.32550811767578125,0.2522214651107788,0.0,0.0,65.0,23.0,0.023,0.6800626516342163,-0.44851574301719666,0.02239055559039116,0.008088290691375732,0.0013557526981458068,0.001856051618233323,0.19733566045761108,1.2513483762741089,-3.2064859867095947,0.022373713552951813,0.0015519428998231888,3.413214244574192e-06,0.0001898006594274193,3.7002933025360107,10.0,0.0,0.0,0.0,0.0,0.0,32.766,0.312,0.28200000000000003,0.34700000000000003,2.857,2018.23095703125,809.9879760742188,28.724163055419922,,False,
1783703782.198991,2026-07-10T10:16:22,213783,20260710_101616,,,,,,arming,,,,,,,,,False,0.024772565811872482,0.0038840356282889843,1.0003312826156616,0.19348154962062836,-0.36410677433013916,0.06724873930215836,0.0,-1.0,81.0,23.0,0.023,0.6800626516342163,-0.44851574301719666,0.02239055559039116,0.008088290691375732,0.0013557526981458068,0.001856051618233323,0.19733566045761108,1.2513483762741089,-3.2064859867095947,0.022373713552951813,0.0015519428998231888,3.413214244574192e-06,0.0001898006594274193,3.7002933025360107,10.0,0.0,0.0,0.0,0.0,0.0,32.766,0.312,0.28200000000000003,0.34700000000000003,2.857,2018.23095703125,809.9879760742188,28.724163055419922,,False,
1783703782.2091582,2026-07-10T10:16:22,213798,20260710_101616,,,,,,arming,,,,,,,,,False,0.024806303903460503,0.0035439778584986925,0.9981257915496826,0.09168200194835663,0.4058935046195984,-0.017220403999090195,0.0,1.0,51.0,23.0,0.023,0.6792289614677429,-0.44851183891296387,0.022676443681120872,0.00411673728376627,0.0014029608573764563,0.0032066500280052423,0.1988440603017807,1.283666968345642,-3.197767496109009,0.022373713552951813,0.0015519428998231888,3.413214244574192e-06,0.0001898006594274193,3.7002933025360107,10.0,0.0,0.0,0.0,0.0,0.0,32.766,0.312,0.28200000000000003,0.34700000000000003,2.857,2018.23095703125,809.9879760742188,28.724163055419922,,False,
1783703782.2193375,2026-07-10T10:16:22,213809,20260710_101616,,,,,,arming,,,,,,,,,False,0.02425304800271988,0.004601322114467621,0.9989953637123108,-0.05322623252868652,0.5399156808853149,-0.014394169673323631,0.0,-1.0,51.0,23.0,0.023,0.6792289614677429,-0.44851183891296387,0.022676443681120872,0.00411673728376627,0.0014029608573764563,0.0032066500280052423,0.1988440603017807,1.283666968345642,-3.197767496109009,0.02273845113813877,0.0028879260644316673,3.315077719889814e-06,0.00018462449952494353,3.7002933025360107,10.0,0.0,0.0,0.0,0.0,0.0,32.766,0.312,0.28200000000000003,0.34700000000000003,2.857,2018.23095703125,809.9879760742188,28.724163055419922,,False,
1783703782.2295632,2026-07-10T10:16:22,213821,20260710_101616,,,,,,arming,,,,,,,,,False,0.022870192304253578,0.004154408350586891,0.9986928701400757,0.06750458478927612,0.0504441000521183,-0.03446241840720177,0.0,0.0,73.0,23.0,0.023,0.6796123385429382,-0.4485204517841339,0.02273845113813877,0.005875317379832268,0.0013708826154470444,0.00302248727530241,0.2016182839870453,1.2652336359024048,-3.1917927265167236,0.02273845113813877,0.0028879260644316673,3.315077719889814e-06,0.00018462449952494353,3.695014715194702,10.0,0.0,0.0,0.0,0.0,0.0,32.766,32.766,0.28500000000000003,32.766,2.853,2018.23095703125,809.9879760742188,28.724163055419922,,False,
1783703782.239736,2026-07-10T10:16:22,213823,20260710_101616,,,,,,arming,,,,,,,,,False,0.022870192304253578,0.004154408350586891,0.9986928701400757,0.06750458478927612,0.0504441000521183,-0.03446241840720177,0.0,0.0,62.0,23.0,0.023,0.6796123385429382,-0.4485204517841339,0.02273845113813877,0.005875317379832268,0.0013708826154470444,0.00302248727530241,0.2016182839870453,1.2652336359024048,-3.1917927265167236,0.02273845113813877,0.0028879260644316673,3.315077719889814e-06,0.00018462449952494353,3.695014715194702,10.0,0.0,0.0,0.0,0.0,0.0,32.766,32.766,0.28500000000000003,32.766,2.853,2018.23095703125,809.9879760742188,28.724163055419922,,False,
1783703782.2499042,2026-07-10T10:16:22,213838,20260710_101616,,,,,,arming,,,,,,,,,False,0.025494808331131935,0.0036048642359673977,1.0012707710266113,0.09489018470048904,0.18618454039096832,-0.04899514093995094,0.0,0.0,62.0,23.0,0.023,0.6797325611114502,-0.44848987460136414,0.02279692329466343,0.006141363177448511,0.0016347349155694246,0.00285028456710279,0.198370561003685,1.2634782791137695,-3.184727191925049,0.02273845113813877,0.0028879260644316673,3.315077719889814e-06,0.00018462449952494353,3.695014715194702,10.0,0.0,0.0,0.0,0.0,0.0,32.766,32.766,0.28500000000000003,32.766,2.853,2018.23095703125,809.9879760742188,28.724163055419922,,False,
1783703782.2600818,2026-07-10T10:16:22,213851,20260710_101616,,,,,,arming,,,,,,,,,False,0.024899465963244438,0.002791463630273938,1.0010944604873657,-0.438112735748291,-0.0866980254650116,-0.07841851562261581,0.0,0.0,60.0,25.0,0.025,0.6797325611114502,-0.44848987460136414,0.02279692329466343,0.006141363177448511,0.0016347349155694246,0.00285028456710279,0.198370561003685,1.2634782791137695,-3.184727191925049,0.02273845113813877,0.0028879260644316673,3.315077719889814e-06,0.00018462449952494353,3.695014715194702,10.0,0.0,0.0,0.0,0.0,0.0,32.766,32.766,0.28500000000000003,32.766,2.853,2018.23095703125,809.9879760742188,28.724163055419922,,False,
1783703782.2702622,2026-07-10T10:16:22,213861,20260710_101616,,,,,,arming,,,,,,,,,False,0.024899465963244438,0.002791463630273938,1.0010944604873657,-0.438112735748291,-0.0866980254650116,-0.07841851562261581,0.0,0.0,60.0,25.0,0.025,4.668588189815637e-06,3.7764945659546356e-07,-1.4624674804508686e-08,0.0015561938052996993,0.00012587325181812048,-4.8512797548028175e-06,-0.0001562179095344618,0.0008923502755351365,-0.0003540144534781575,2.9323564376682043e-07,6.672521703876555e-05,1.0,0.00011700000322889537,3.7002933025360107,10.0,0.0,0.0,0.0,0.0,0.0,32.766,32.766,0.28500000000000003,32.766,2.853,2018.23095703125,809.9879760742188,28.724163055419922,,False,
1783703782.2804985,2026-07-10T10:16:22,213871,20260710_101616,,,,,,arming,,,,,,,,,False,0.024743923917412758,0.0015222218353301287,1.0012363195419312,-0.12812215089797974,0.23801568150520325,0.02964984066784382,0.0,1.0,68.0,25.0,0.025,4.668588189815637e-06,3.7764945659546356e-07,-1.4624674804508686e-08,0.0015561938052996993,0.00012587325181812048,-4.8512797548028175e-06,-0.0001562179095344618,0.0008923502755351365,-0.0003540144534781575,2.9323564376682043e-07,6.672521703876555e-05,1.0,0.00011700000322889537,3.7002933025360107,10.0,0.0,0.0,0.0,0.0,0.0,32.766,32.766,0.28500000000000003,32.766,2.853,2018.2857666015625,809.9833984375,28.73208999633789,,False,
1783703782.2906477,2026-07-10T10:16:22,213881,20260710_101616,,,,,,arming,,,,,,,,,False,0.026878006756305695,0.002825950738042593,1.0008323192596436,0.22858649492263794,0.2262318879365921,0.3408760130405426,0.0,1.0,68.0,25.0,0.025,8.070001058513299e-05,7.299990102183074e-06,0.2058788686990738,0.006223108619451523,0.0006542479968629777,0.00010274226951878518,-0.0022464669309556484,-0.0027590710669755936,0.0010778860887512565,2.9323564376682043e-07,6.672521703876555e-05,1.0,0.00011700000322889537,3.7002933025360107,10.0,0.0,0.0,0.0,0.0,0.0,32.766,32.766,0.28500000000000003,32.766,2.853,2018.2857666015625,809.9833984375,28.73208999633789,,False,
1783703782.300798,2026-07-10T10:16:22,213891,20260710_101616,,,,,,arming,,,,,,,,,False,0.02487761154770851,0.002915640128776431,0.9985836744308472,0.24254260957241058,0.07410960644483566,-0.12238315492868423,0.0,-2.0,78.0,25.0,0.025,8.070001058513299e-05,7.299990102183074e-06,0.2058788686990738,0.006223108619451523,0.0006542479968629777,0.00010274226951878518,-0.0022464669309556484,-0.0027590710669755936,0.0010778860887512565,2.9323564376682043e-07,6.672521703876555e-05,1.0,0.00011700000322889537,3.7002933025360107,10.0,0.0,0.0,0.0,0.0,0.0,32.766,32.766,0.28500000000000003,32.766,2.853,2018.2857666015625,809.9833984375,28.73208999633789,,False,
1783703782.3109467,2026-07-10T10:16:22,213901,20260710_101616,,,,,,arming,,,,,,,,,False,0.025974692776799202,0.0029143248684704304,0.998300313949585,0.1640634536743164,-0.11507172882556915,0.149831160902977,0.0,-1.0,53.0,23.0,0.023,0.00017379286873620003,1.6696809325367212e-05,0.02300354279577732,0.009382741525769234,0.0009097139118239284,0.00022163023822940886,0.0012100415769964457,0.01854020357131958,0.004433657508343458,2.9323564376682043e-07,6.672521703876555e-05,1.0,0.00011700000322889537,3.7002933025360107,10.0,0.0,0.0,0.0,0.0,0.0,32.766,32.766,0.28500000000000003,32.766,2.853,2018.2857666015625,809.9833984375,28.73208999633789,,False,
1783703782.3211277,2026-07-10T10:16:22,213911,20260710_101616,,,,,,arming,,,,,,,,,False,0.025665218010544777,0.003301438642665744,0.9998176693916321,0.015893639996647835,-0.07236366719007492,0.035982921719551086,0.0,-1.0,63.0,23.0,0.023,0.00017379286873620003,1.6696809325367212e-05,0.02300354279577732,0.009382741525769234,0.0009097139118239284,0.00022163023822940886,0.0012100415769964457,0.01854020357131958,0.004433657508343458,0.023002151399850845,-2.0892604879918508e-05,6.321523414953845e-06,0.00016699964180588722,3.695014715194702,10.0,0.0,0.0,0.0,0.0,0.0,32.766,32.766,0.281,0.34400000000000003,32.766,2018.2857666015625,809.9833984375,28.73208999633789,,False,
1783703782.3313613,2026-07-10T10:16:22,213923,20260710_101616,,,,,,arming,,,,,,,,,False,0.02365519106388092,0.002259962260723114,0.9990269541740417,0.021564923226833344,0.14627695083618164,0.08708596229553223,0.0,1.0,66.0,23.0,0.023,0.000464136537630111,2.9365444788709283e-05,0.022999748587608337,0.01532797235995531,0.0013165159616619349,-2.3795419110683724e-05,0.008003711700439453,-0.006443067919462919,0.003926760517060757,0.023002151399850845,-2.0892604879918508e-05,6.321523414953845e-06,0.00016699964180588722,3.695014715194702,10.0,0.0,0.0,0.0,0.0,0.0,32.766,32.766,0.281,0.34400000000000003,32.766,2018.2857666015625,809.9833984375,28.73208999633789,,False,
1783703782.3415139,2026-07-10T10:16:22,213933,20260710_101616,,,,,,arming,,,,,,,,,False,0.02484593540430069,0.0033238050527870655,1.0006952285766602,0.031599339097738266,-0.014968066476285458,0.0008841608068905771,0.0,1.0,66.0,23.0,0.023,0.000464136537630111,2.9365444788709283e-05,0.022999748587608337,0.01532797235995531,0.0013165159616619349,-2.3795419110683724e-05,0.008003711700439453,-0.006443067919462919,0.003926760517060757,0.023002151399850845,-2.0892604879918508e-05,6.321523414953845e-06,0.00016699964180588722,3.695014715194702,10.0,0.0,0.0,0.0,0.0,0.0,32.766,32.766,0.281,0.34400000000000003,32.766,2018.2857666015625,809.9833984375,28.73208999633789,,False,
1783703782.3516715,2026-07-10T10:16:22,213943,20260710_101616,,,,,,arming,,,,,,,,,False,0.02447804994881153,0.0032251193188130856,0.9988280534744263,-0.07853563874959946,-0.13346023857593536,0.08197158575057983,0.0,1.0,65.0,21.0,0.021,0.000632557668723166,5.390490696299821e-05,0.023019229993224144,0.017243389040231705,0.0017053235787898302,-0.00010128347639692947,0.011334046721458435,0.06696736812591553,0.004443375859409571,0.023002151399850845,-2.0892604879918508e-05,6.321523414953845e-06,0.00016699964180588722,3.695014715194702,10.0,0.0,0.0,0.0,0.0,0.0,32.766,32.766,0.281,0.34400000000000003,32.766,2018.2857666015625,809.9833984375,28.73208999633789,,False,
1783703782.3618343,2026-07-10T10:16:22,213953,20260710_101616,,,,,,arming,,,,,,,,,False,0.02335195057094097,0.003654239932075143,0.9990919232368469,-0.10601365566253662,0.02511523850262165,-0.08205045014619827,0.0,1.0,65.0,21.0,0.021,0.000632557668723166,5.390490696299821e-05,0.023019229993224144,0.017243389040231705,0.0017053235787898302,-0.00010128347639692947,0.011334046721458435,0.06696736812591553,0.004443375859409571,0.023002151399850845,-2.0892604879918508e-05,6.321523414953845e-06,0.00016699964180588722,3.695014715194702,10.0,0.0,0.0,0.0,0.0,0.0,32.766,32.766,0.281,0.34400000000000003,32.766,2018.2857666015625,809.9833984375,28.73208999633789,,False,
1783703782.3720098,2026-07-10T10:16:22,213963,20260710_101616,,,,,,arming,,,,,,,,,False,0.02483535371720791,0.004639045801013708,0.9997308254241943,-0.2743459641933441,-0.07583924382925034,-0.0048484280705451965,0.0,1.0,65.0,21.0,0.021,0.0007784210029058158,6.988346285652369e-05,0.021977562457323074,0.01840990222990513,0.0019561699591577053,-0.0011789645068347454,0.019886011257767677,0.15909573435783386,0.005466758273541927,0.02196543850004673,-0.001303014112636447,3.570076842152048e-06,0.00021337946236599237,3.7002933025360107,10.0,0.0,0.0,0.0,0.0,0.0,0.28,32.766,0.281,0.34400000000000003,32.766,2018.2857666015625,809.9833374023438,28.740768432617188,,False,
1783703782.382174,2026-07-10T10:16:22,213973,20260710_101616,,,,,,arming,,,,,,,,,False,0.02500147372484207,0.004730165470391512,1.0000700950622559,0.3786659836769104,-0.006511886604130268,0.10749603062868118,0.0,0.0,70.0,21.0,0.021,0.0007784210029058158,6.988346285652369e-05,0.021977562457323074,0.01840990222990513,0.0019561699591577053,-0.0011789645068347454,0.019886011257767677,0.15909573435783386,0.005466758273541927,0.02196543850004673,-0.001303014112636447,3.570076842152048e-06,0.00021337946236599237,3.7002933025360107,10.0,0.0,0.0,0.0,0.0,0.0,0.28,32.766,0.281,0.34400000000000003,32.766,2018.2857666015625,809.9833374023438,28.740768432617188,,False,
1783703782.3923457,2026-07-10T10:16:22,213983,20260710_101616,,,,,,arming,,,,,,,,,False,0.0250697061419487,0.002773695858195424,0.9986604452133179,0.1433621346950531,-0.4742155969142914,-0.14210344851016998,0.0,0.0,75.0,21.0,0.021,0.0011878024088218808,0.00011643204197753221,0.021952953189611435,0.022571690380573273,0.0027428946923464537,-0.0012515977723523974,0.017494026571512222,0.1587975174188614,0.004582534544169903,0.02196543850004673,-0.001303014112636447,3.570076842152048e-06,0.00021337946236599237,3.7002933025360107,10.0,0.0,0.0,0.0,0.0,0.0,0.28,32.766,0.281,0.34400000000000003,32.766,2018.2857666015625,809.9833374023438,28.740768432617188,,False,
1783703782.4025416,2026-07-10T10:16:22,213993,20260710_101616,,,,,,arming,,,,,,,,,False,0.02421075478196144,0.003732870565727353,1.0009098052978516,0.08119423687458038,-0.23421455919742584,-0.08218438923358917,0.0,0.0,52.0,24.0,0.024,0.0011878024088218808,0.00011643204197753221,0.021952953189611435,0.022571690380573273,0.0027428946923464537,-0.0012515977723523974,0.017494026571512222,0.1587975174188614,0.004582534544169903,0.02196543850004673,-0.001303014112636447,3.570076842152048e-06,0.00021337946236599237,3.7002933025360107,10.0,0.0,0.0,0.0,0.0,0.0,0.28,32.766,0.281,0.34400000000000003,32.766,2018.2857666015625,809.9833374023438,28.740768432617188,,False,
1783703782.4126935,2026-07-10T10:16:22,214003,20260710_101616,,,,,,arming,,,,,,,,,False,0.02292209304869175,0.0027713023591786623,1.0014559030532837,-0.08662459999322891,0.45576414465904236,0.026570141315460205,0.0,0.0,60.0,24.0,0.024,0.0016860911855474114,0.00017881585517898202,0.02277560345828533,0.026907702907919884,0.0033990382216870785,0.0018142848275601864,0.020899010822176933,0.16309301555156708,0.0037947155069559813,0.02196543850004673,-0.001303014112636447,3.570076842152048e-06,0.00021337946236599237,3.7002933025360107,10.0,0.0,0.0,0.0,0.0,0.0,0.28,32.766,0.281,0.34400000000000003,32.766,2018.2857666015625,809.9833374023438,28.740768432617188,,False,
1783703782.4236228,2026-07-10T10:16:22,214013,20260710_101616,,,,,,arming,,,,,,,,,False,0.025482743978500366,0.0033573065884411335,0.9998101592063904,0.09423994272947311,-0.23800964653491974,-0.1792767196893692,0.0,0.0,64.0,24.0,0.024,0.0016860911855474114,0.00017881585517898202,0.02277560345828533,0.026907702907919884,0.0033990382216870785,0.0018142848275601864,0.020899010822176933,0.16309301555156708,0.0037947155069559813,0.022814089432358742,0.0019489293918013573,3.0387259357667062e-06,0.00023826584219932556,3.695014715194702,10.0,0.0,0.0,0.0,0.0,0.0,0.28,32.766,0.28500000000000003,0.34700000000000003,2.849,2018.2857666015625,809.9833374023438,28.740768432617188,,False,
1783703782.4338326,2026-07-10T10:16:22,214023,20260710_101616,,,,,,arming,,,,,,,,,False,0.024057481437921524,0.004090812522917986,1.0019724369049072,0.0024446831084787846,0.04156776890158653,0.030070893466472626,0.0,1.0,66.0,24.0,0.024,0.0022654503118246794,0.00025275471853092313,0.022814089432358742,0.031014995649456978,0.003925662953406572,0.0020361708011478186,0.020692262798547745,0.15853948891162872,0.0015670012217015028,0.022814089432358742,0.0019489293918013573,3.0387259357667062e-06,0.00023826584219932556,3.695014715194702,10.0,0.0,0.0,0.0,0.0,0.0,0.28,32.766,0.28500000000000003,0.34700000000000003,2.849,2018.2857666015625,809.9833374023438,28.740768432617188,,False,
1783703782.4440062,2026-07-10T10:16:22,214035,20260710_101616,,,,,,arming,,,,,,,,,False,0.022784097120165825,0.004932551644742489,1.0015244483947754,0.10351671278476715,-0.00843261182308197,0.11345385760068893,1.0,1.0,66.0,24.0,0.024,0.0028607684653252363,-7.345233461819589e-05,0.02286677248775959,0.03479759395122528,0.0004639693652279675,0.0023064797278493643,0.020692262798547745,0.15853948891162872,0.0015670012217015028,0.022814089432358742,0.0019489293918013573,3.0387259357667062e-06,0.00023826584219932556,3.695014715194702,10.0,0.0,0.0,0.0,0.0,0.0,0.28,32.766,0.28500000000000003,0.34700000000000003,2.849,2018.2857666015625,809.9833374023438,28.740768432617188,,False,
1783703782.454172,2026-07-10T10:16:22,214043,20260710_101616,,,,,,arming,,,,,,,,,False,0.022312365472316742,0.004306889604777098,0.9990191459655762,0.11106786131858826,0.031438011676073074,-0.027464350685477257,-1.0,3.0,64.0,24.0,0.024,0.0028607684653252363,-7.345233461819589e-05,0.02286677248775959,0.03479759395122528,0.0004639693652279675,0.0023064797278493643,0.12331480532884598,0.16709060966968536,0.0006428719498217106,0.022814089432358742,0.0019489293918013573,3.0387259357667062e-06,0.00023826584219932556,3.695014715194702,10.0,0.0,0.0,0.0,0.0,0.0,0.28,32.766,0.28500000000000003,0.34700000000000003,2.849,2018.2857666015625,809.9833374023438,28.740768432617188,,False,
1783703782.4643574,2026-07-10T10:16:22,214053,20260710_101616,,,,,,arming,,,,,,,,,False,0.02252795733511448,0.005079054739326239,0.9970892071723938,-0.0730915442109108,-0.15070079267024994,-0.01899503357708454,-255.0,3.0,64.0,24.0,0.024,0.0028607684653252363,-7.345233461819589e-05,0.02286677248775959,0.03479759395122528,0.0004639693652279675,0.0023064797278493643,0.12331480532884598,0.16709060966968536,0.0006428719498217106,0.022814089432358742,0.0019489293918013573,3.0387259357667062e-06,0.00023826584219932556,3.695014715194702,10.0,0.0,0.0,0.0,0.0,0.0,0.28,32.766,0.28500000000000003,0.34700000000000003,2.849,2018.2857666015625,809.9833374023438,28.740768432617188,,False,
1783703782.4745421,2026-07-10T10:16:22,214063,20260710_101616,,,,,,arming,,,,,,,,,False,0.025000186637043953,0.004595628939568996,1.0010737180709839,-0.43535882234573364,-0.19368356466293335,0.1566152721643448,0.0,0.0,73.0,24.0,0.024,0.0026080687530338764,-9.567644156049937e-05,0.02341591566801071,0.029553238302469254,0.0005253130220808089,0.004775372799485922,0.1355690360069275,0.3718021810054779,0.0009702688548713923,0.023462466895580292,0.004330187104642391,3.265420218667714e-06,0.00025092079886235297,3.7002933025360107,10.0,0.0,0.0,0.0,0.0,0.0,32.766,32.766,0.28500000000000003,0.34700000000000003,2.849,2018.3841552734375,809.9744262695312,28.74891471862793,,False,
1783703782.4847047,2026-07-10T10:16:22,214075,20260710_101616,,,,,,arming,,,,,,,,,False,0.025180676952004433,0.0013929641572758555,0.999378502368927,-0.1142236739397049,-0.19704295694828033,-0.0666925236582756,255.0,0.0,73.0,24.0,0.024,0.0021244853269308805,0.0002149674401152879,0.023541443049907684,0.02302420698106289,0.003596779191866517,0.0048857154324650764,0.1355690360069275,0.3718021810054779,0.0009702688548713923,0.023462466895580292,0.004330187104642391,3.265420218667714e-06,0.00025092079886235297,3.7002933025360107,10.0,0.0,0.0,0.0,0.0,0.0,32.766,32.766,0.28500000000000003,0.34700000000000003,2.849,2018.3841552734375,809.9744262695312,28.74891471862793,,False,
1783703782.4948668,2026-07-10T10:16:22,214083,20260710_101616,,,,,,arming,,,,,,,,,False,0.02259213849902153,0.0036526366602629423,0.9977437853813171,0.12430326640605927,0.037328045815229416,0.24646572768688202,-256.0,2.0,78.0,24.0,0.024,0.0021244853269308805,0.0002149674401152879,0.023541443049907684,0.02302420698106289,0.003596779191866517,0.0048857154324650764,0.0742325484752655,0.5928531289100647,0.0020655025728046894,0.023462466895580292,0.004330187104642391,3.265420218667714e-06,0.00025092079886235297,3.7002933025360107,10.0,0.0,0.0,0.0,0.0,0.0,32.766,32.766,0.28500000000000003,0.34700000000000003,2.849,2018.3841552734375,809.9744262695312,28.74891471862793,,False,
1783703782.5050173,2026-07-10T10:16:22,214095,20260710_101616,,,,,,arming,,,,,,,,,False,0.024578500539064407,0.004151165951043367,0.9990889430046082,0.05953440070152283,-0.07273576408624649,-0.024127047508955002,0.0,2.0,53.0,24.0,0.024,0.0010258379625156522,0.0001785543718142435,0.023804746568202972,0.012260624207556248,0.0029865631368011236,0.0055641233921051025,0.0742325484752655,0.5928531289100647,0.0020655025728046894,0.023462466895580292,0.004330187104642391,3.265420218667714e-06,0.00025092079886235297,3.7002933025360107,10.0,0.0,0.0,0.0,0.0,0.0,32.766,32.766,0.28500000000000003,0.34700000000000003,2.849,2018.3841552734375,809.9744262695312,28.74891471862793,,False,
1783703782.5164893,2026-07-10T10:16:22,214103,20260710_101616,,,,,,arming,,,,,,,,,False,0.024695133790373802,0.004394048824906349,1.0002623796463013,-0.09958838671445847,-0.058527182787656784,-0.2091117948293686,0.0,-2.0,65.0,24.0,0.024,0.0010258379625156522,0.0001785543718142435,0.023804746568202972,0.012260624207556248,0.0029865631368011236,0.0055641233921051025,0.09307941794395447,0.8738740682601929,0.0015540685271844268,0.023462466895580292,0.004330187104642391,3.265420218667714e-06,0.00025092079886235297,3.7002933025360107,10.0,0.0,0.0,0.0,0.0,0.0,32.766,32.766,0.28500000000000003,0.34700000000000003,2.849,2018.3841552734375,809.9744262695312,28.74891471862793,,False,
1783703782.5266638,2026-07-10T10:16:22,214118,20260710_101616,,,,,,arming,,,,,,,,,False,0.02431572787463665,0.004625238478183746,1.0013314485549927,-0.01867605559527874,-0.24821515381336212,0.26279130578041077,0.0,0.0,60.0,24.0,0.024,0.001711052842438221,0.0001970640296349302,0.023916255682706833,0.017485791817307472,0.0031360872089862823,0.005610424559563398,0.1003217026591301,0.8075509667396545,0.0008786251419223845,0.023916255682706833,0.005357934162020683,3.3870767310872907e-06,0.00023244514886755496,3.695014715194702,10.0,0.0,0.0,0.0,0.0,0.0,32.766,32.766,0.279,0.339,2.839,2018.3841552734375,809.9744262695312,28.74891471862793,,False,
1783703782.536835,2026-07-10T10:16:22,214123,20260710_101616,,,,,,arming,,,,,,,,,False,0.021844524890184402,0.004729925654828548,1.0000139474868774,0.1862475872039795,-0.1314287930727005,-0.04470723867416382,0.0,0.0,69.0,24.0,0.024,0.001711052842438221,0.0001970640296349302,0.023916255682706833,0.017485791817307472,0.0031360872089862823,0.005610424559563398,0.1003217026591301,0.8075509667396545,0.0008786251419223845,0.023916255682706833,0.005357934162020683,3.3870767310872907e-06,0.00023244514886755496,3.695014715194702,10.0,0.0,0.0,0.0,0.0,0.0,32.766,32.766,0.279,0.339,2.839,2018.3841552734375,809.9744262695312,28.74891471862793,,False,
1783703782.547008,2026-07-10T10:16:22,214138,20260710_101616,,,,,,arming,,,,,,,,,False,0.024024980142712593,0.0024814277421683073,0.9986981153488159,0.18685030937194824,0.013375431299209595,0.04196605831384659,0.0,0.0,69.0,24.0,0.024,0.00207899184897542,0.00026509654708206654,0.024030452594161034,0.019251717254519463,0.003664889372885227,0.005746312905102968,0.10188363492488861,0.8065321445465088,0.002279127947986126,0.023916255682706833,0.005357934162020683,3.3870767310872907e-06,0.00023244514886755496,3.695014715194702,10.0,0.0,0.0,0.0,0.0,0.0,32.766,32.766,0.279,0.339,2.839,2018.3841552734375,809.9744262695312,28.74891471862793,,False,
1783703782.557186,2026-07-10T10:16:22,214143,20260710_101616,,,,,,arming,,,,,,,,,False,0.024039724841713905,0.0024754307232797146,0.9989600777626038,-0.1282396912574768,-0.5647901892662048,0.04079201817512512,0.0,0.0,67.0,23.0,0.023,0.00207899184897542,0.00026509654708206654,0.024030452594161034,0.019251717254519463,0.003664889372885227,0.005746312905102968,0.10188363492488861,0.8065321445465088,0.002279127947986126,0.023916255682706833,0.005357934162020683,3.3870767310872907e-06,0.00023244514886755496,3.695014715194702,10.0,0.0,0.0,0.0,0.0,0.0,32.766,32.766,0.279,0.339,2.839,2018.3841552734375,809.9744262695312,28.74891471862793,,False,
1783703782.5673761,2026-07-10T10:16:22,214159,20260710_101616,,,,,,arming,,,,,,,,,False,0.023858875036239624,0.00196905923075974,1.0009294748306274,0.076304130256176,0.04601369425654411,0.16415388882160187,0.0,0.0,62.0,23.0,0.023,0.0024769927840679884,0.00033889958285726607,0.02367517724633217,0.021174946799874306,0.0037831247318536043,0.0031502717174589634,0.10201892256736755,0.8067800998687744,0.0024782787077128887,0.02370721846818924,0.0029403259977698326,3.62468063030974e-06,0.00022278791584540159,3.695014715194702,10.0,0.0,0.0,0.0,0.0,0.0,32.766,32.766,0.279,0.339,2.839,2018.3841552734375,809.9744262695312,28.74891471862793,,False,
1783703782.5775511,2026-07-10T10:16:22,214163,20260710_101616,,,,,,arming,,,,,,,,,False,0.024389242753386497,0.0034362394362688065,1.0003787279129028,-0.1403733193874359,0.27427515387535095,-0.06833101063966751,0.0,-1.0,67.0,23.0,0.023,0.0024769927840679884,0.00033889958285726607,0.02367517724633217,0.021174946799874306,0.0037831247318536043,0.0031502717174589634,0.10201892256736755,0.8067800998687744,0.0024782787077128887,0.02370721846818924,0.0029403259977698326,3.62468063030974e-06,0.00022278791584540159,3.7002933025360107,10.0,0.0,0.0,0.0,0.0,0.0,0.28600000000000003,32.766,0.279,0.339,2.839,2018.2911376953125,809.9824829101562,28.76262664794922,,False,
1783703782.5877185,2026-07-10T10:16:22,214178,20260710_101616,,,,,,arming,,,,,,,,,False,0.023378346115350723,0.005377993918955326,0.999920129776001,0.09071502834558487,-0.005656022112816572,-0.15448161959648132,0.0,-1.0,67.0,23.0,0.023,0.002884818473830819,0.00033008723403327167,0.023740502074360847,0.022887669503688812,0.00338825024664402,0.0033042607828974724,0.11280610412359238,0.8080970048904419,0.0028621554374694824,0.02370721846818924,0.0029403259977698326,3.62468063030974e-06,0.00022278791584540159,3.7002933025360107,10.0,0.0,0.0,0.0,0.0,0.0,0.28600000000000003,32.766,0.279,0.339,2.839,2018.2911376953125,809.9824829101562,28.76262664794922,,False,
1783703782.5978732,2026-07-10T10:16:22,214183,20260710_101616,,,,,,arming,,,,,,,,,False,0.02256118133664131,0.0033933843951672316,1.0015939474105835,0.19701281189918518,0.19927138090133667,-0.015830017626285553,0.0,0.0,72.0,23.0,0.023,0.002884818473830819,0.00033008723403327167,0.023740502074360847,0.022887669503688812,0.00338825024664402,0.0033042607828974724,0.11280610412359238,0.8080970048904419,0.0028621554374694824,0.02370721846818924,0.0029403259977698326,3.62468063030974e-06,0.00022278791584540159,3.7002933025360107,10.0,0.0,0.0,0.0,0.0,0.0,0.28600000000000003,32.766,0.279,0.339,2.839,2018.2911376953125,809.9824829101562,28.76262664794922,,False,
1783703782.6080227,2026-07-10T10:16:22,214198,20260710_101616,,,,,,arming,,,,,,,,,False,0.02219436690211296,0.005229162983596325,1.0019656419754028,0.3340059220790863,0.09232677519321442,-0.237138569355011,0.0,0.0,58.0,22.0,0.022,0.0008778313058428466,0.00031156925251707435,0.023011814802885056,0.008084726519882679,0.0032718670554459095,-0.0009409264312125742,0.1238827109336853,1.0806841850280762,0.0027507368940860033,0.02370721846818924,0.0029403259977698326,3.62468063030974e-06,0.00022278791584540159,3.7002933025360107,10.0,0.0,0.0,0.0,0.0,0.0,0.28600000000000003,32.766,0.279,0.339,2.839,2018.2911376953125,809.9824829101562,28.76262664794922,,False,
1783703782.6182039,2026-07-10T10:16:22,214209,20260710_101616,,,,,,arming,,,,,,,,,False,0.023102495819330215,0.005010210908949375,0.9989791512489319,-0.3077320158481598,-0.15534184873104095,-0.015219507738947868,0.0,-3.0,70.0,22.0,0.022,0.0008778313058428466,0.00031156925251707435,0.023011814802885056,0.008084726519882679,0.0032718670554459095,-0.0009409264312125742,0.1238827109336853,1.0806841850280762,0.0027507368940860033,0.02300032414495945,-0.0010876108426600695,3.5160530842404114e-06,0.00020168475748505443,3.7002933025360107,10.0,0.0,0.0,0.0,0.0,0.0,0.28600000000000003,32.766,0.279,0.339,2.839,2018.2911376953125,809.9824829101562,28.76262664794922,,False,
1783703782.6285625,2026-07-10T10:16:22,214218,20260710_101616,,,,,,arming,,,,,,,,,False,0.02322263829410076,0.005031068809330463,0.9989141821861267,-0.027581125497817993,0.24011622369289398,0.0903158113360405,0.0,0.0,65.0,22.0,0.022,0.00230520055629313,0.00030608312226831913,0.02300032414495945,0.016950396820902824,0.0033725732937455177,-0.0007990997401066124,0.13239805400371552,0.9492952823638916,0.002973373746499419,0.02300032414495945,-0.0010876108426600695,3.5160530842404114e-06,0.00020168475748505443,3.695014715194702,10.0,0.0,0.0,0.0,0.0,0.0,0.28600000000000003,32.766,0.279,0.342,2.853,2018.2911376953125,809.9824829101562,28.76262664794922,,False,
1783703782.6387599,2026-07-10T10:16:22,214231,20260710_101616,,,,,,arming,,,,,,,,,False,0.024019664153456688,0.0035273146349936724,0.9987006187438965,-0.27918314933776855,0.24071025848388672,-0.005574789363890886,1.0,-3.0,70.0,22.0,0.022,0.00230520055629313,0.00030608312226831913,0.02300032414495945,0.016950396820902824,0.0033725732937455177,-0.0007990997401066124,0.13239805400371552,0.9492952823638916,0.002973373746499419,0.02300032414495945,-0.0010876108426600695,3.5160530842404114e-06,0.00020168475748505443,3.695014715194702,10.0,0.0,0.0,0.0,0.0,0.0,0.28600000000000003,32.766,0.279,0.342,2.853,2018.2911376953125,809.9824829101562,28.76262664794922,,False,
1783703782.648935,2026-07-10T10:16:22,214238,20260710_101616,,,,,,arming,,,,,,,,,False,0.024019664153456688,0.0035273146349936724,0.9987006187438965,-0.27918314933776855,0.24071025848388672,-0.005574789363890886,-1.0,3.0,70.0,22.0,0.022,0.0019029058748856187,0.00021866174938622862,0.023002948611974716,0.013447800651192665,0.0029365241061896086,-0.0009369544568471611,0.1450318992137909,1.0239359140396118,0.002085781190544367,0.02300032414495945,-0.0010876108426600695,3.5160530842404114e-06,0.00020168475748505443,3.695014715194702,10.0,0.0,0.0,0.0,0.0,0.0,0.28600000000000003,32.766,0.279,0.342,2.853,2018.2911376953125,809.9824829101562,28.76262664794922,,False,
1783703782.6591263,2026-07-10T10:16:22,214243,20260710_101616,,,,,,arming,,,,,,,,,False,0.02660176530480385,0.004184555262327194,1.0000483989715576,0.012301350012421608,0.11634045094251633,0.14499615132808685,0.0,1.0,58.0,23.0,0.023,0.0019029058748856187,0.00021866174938622862,0.023002948611974716,0.013447800651192665,0.0029365241061896086,-0.0009369544568471611,0.1450318992137909,1.0239359140396118,0.002085781190544367,0.02300032414495945,-0.0010876108426600695,3.5160530842404114e-06,0.00020168475748505443,3.695014715194702,10.0,0.0,0.0,0.0,0.0,0.0,0.28600000000000003,32.766,0.279,0.342,2.853,2018.2911376953125,809.9824829101562,28.76262664794922,,False,
1783703782.6693316,2026-07-10T10:16:22,214260,20260710_101616,,,,,,arming,,,,,,,,,False,0.024799125269055367,0.0047730994410812855,1.0022259950637817,-0.06453430652618408,0.29385530948638916,0.08339156210422516,1.0,1.0,58.0,23.0,0.023,0.002838451648131013,-0.00023262464674189687,0.022985924035310745,0.019005073234438896,0.00010462132922839373,-0.0009617544710636139,0.18949618935585022,0.9573799967765808,0.002642047358676791,0.02297762595117092,-0.0010290492791682482,3.582529643608723e-06,0.0001982741814572364,3.7002933025360107,10.0,0.0,0.0,0.0,0.0,0.0,0.28600000000000003,32.766,0.279,0.342,2.853,2018.2911376953125,809.9824829101562,28.76262664794922,,False,
1783703782.6794956,2026-07-10T10:16:22,214271,20260710_101616,,,,,,arming,,,,,,,,,False,0.02482529543340206,0.004342803731560707,1.0018157958984375,0.2303237020969391,-0.13707837462425232,0.12276224792003632,-1.0,2.0,67.0,23.0,0.023,0.002838451648131013,-0.00023262464674189687,0.022985924035310745,0.019005073234438896,0.00010462132922839373,-0.0009617544710636139,0.18949618935585022,0.9573799967765808,0.002642047358676791,0.02297762595117092,-0.0010290492791682482,3.582529643608723e-06,0.0001982741814572364,3.7002933025360107,10.0,0.0,0.0,0.0,0.0,0.0,32.766,32.766,0.279,0.342,2.853,2018.318603515625,809.98046875,28.771635055541992,,False,
1783703782.6896584,2026-07-10T10:16:22,214281,20260710_101616,,,,,,arming,,,,,,,,,False,0.024224547669291496,0.0035038897767663,0.9993689656257629,-0.16323038935661316,0.07224034518003464,-0.06520859897136688,2.0,2.0,67.0,23.0,0.023,0.002531500533223152,-0.0006222042138688266,0.02298136241734028,0.016587037593126297,-0.0019983712118119,-0.0004440192424226552,0.22595559060573578,1.0084599256515503,0.0022790851071476936,0.02297762595117092,-0.0010290492791682482,3.582529643608723e-06,0.0001982741814572364,3.7002933025360107,10.0,0.0,0.0,0.0,0.0,0.0,32.766,32.766,0.279,0.342,2.853,2018.318603515625,809.98046875,28.771635055541992,,False,
1783703782.6998243,2026-07-10T10:16:22,214291,20260710_101616,,,,,,arming,,,,,,,,,False,0.02557707205414772,0.002937727142125368,1.0000895261764526,0.10046081244945526,-0.5227482914924622,-0.05038239806890488,254.0,-2.0,69.0,23.0,0.023,0.002531500533223152,-0.0006222042138688266,0.02298136241734028,0.016587037593126297,-0.0019983712118119,-0.0004440192424226552,0.22595559060573578,1.0084599256515503,0.0022790851071476936,0.02297762595117092,-0.0010290492791682482,3.582529643608723e-06,0.0001982741814572364,3.7002933025360107,10.0,0.0,0.0,0.0,0.0,0.0,32.766,32.766,0.279,0.342,2.853,2018.318603515625,809.98046875,28.771635055541992,,False,
1783703782.710009,2026-07-10T10:16:22,214301,20260710_101616,,,,,,arming,,,,,,,,,False,0.024468587711453438,0.005671716295182705,0.9995608329772949,-0.014954845421016216,-0.056241486221551895,0.0639105960726738,0.0,1.0,55.0,22.0,0.022,0.0005976555985398591,7.99243280198425e-05,0.0225505568087101,0.00480981869623065,0.0021852313075214624,-0.002587126335129142,0.1664837747812271,1.1888751983642578,0.00430242158472538,0.02297762595117092,-0.0010290492791682482,3.582529643608723e-06,0.0001982741814572364,3.7002933025360107,10.0,0.0,0.0,0.0,0.0,0.0,32.766,32.766,0.279,0.342,2.853,2018.318603515625,809.98046875,28.771635055541992,,False,
1783703782.7201674,2026-07-10T10:16:22,214311,20260710_101616,,,,,,arming,,,,,,,,,False,0.024468587711453438,0.005671716295182705,0.9995608329772949,-0.014954845421016216,-0.056241486221551895,0.0639105960726738,0.0,-1.0,69.0,22.0,0.022,0.0005976555985398591,7.99243280198425e-05,0.0225505568087101,0.00480981869623065,0.0021852313075214624,-0.002587126335129142,0.1664837747812271,1.1888751983642578,0.00430242158472538,0.02250133454799652,-0.0026582186110317707,3.417949073991622e-06,0.0001875226735137403,3.695014715194702,10.0,0.0,0.0,0.0,0.0,0.0,32.766,32.766,0.281,0.34600000000000003,2.841,2018.318603515625,809.98046875,28.771635055541992,,False,
1783703782.7303329,2026-07-10T10:16:22,214321,20260710_101616,,,,,,arming,,,,,,,,,False,0.02522597275674343,0.0025513896252959967,0.9998862147331238,-0.08542591333389282,0.36057621240615845,-0.20874668657779694,0.0,0.0,61.0,22.0,0.022,0.0009663344826549292,8.615829574409872e-05,0.02250133454799652,0.007155251689255238,0.002264656126499176,-0.002505815587937832,0.17081032693386078,1.170609474182129,0.004706657025963068,0.02250133454799652,-0.0026582186110317707,3.417949073991622e-06,0.0001875226735137403,3.695014715194702,10.0,0.0,0.0,0.0,0.0,0.0,32.766,32.766,0.281,0.34600000000000003,2.841,2018.318603515625,809.98046875,28.771635055541992,,False,
1783703782.7404876,2026-07-10T10:16:22,214331,20260710_101616,,,,,,arming,,,,,,,,,False,0.02261272631585598,0.004811129067093134,1.000309705734253,0.0435466393828392,-0.006856143940240145,-0.18620528280735016,0.0,-4.0,61.0,22.0,0.022,0.0009663344826549292,8.615829574409872e-05,0.02250133454799652,0.007155251689255238,0.002264656126499176,-0.002505815587937832,0.17081032693386078,1.170609474182129,0.004706657025963068,0.02250133454799652,-0.0026582186110317707,3.417949073991622e-06,0.0001875226735137403,3.695014715194702,10.0,0.0,0.0,0.0,0.0,0.0,32.766,32.766,0.281,0.34600000000000003,2.841,2018.318603515625,809.98046875,28.771635055541992,,False,
1783703782.7506244,2026-07-10T10:16:22,214341,20260710_101616,,,,,,arming,,,,,,,,,False,0.023752780631184578,0.0036576210986822844,0.9999986290931702,0.08466491103172302,-0.06625117361545563,-0.08146672695875168,0.0,-4.0,74.0,22.0,0.022,0.0011907964944839478,5.5624113883823156e-05,0.022467149421572685,0.008385206572711468,0.0019404323538765311,-0.002310345182195306,0.176717609167099,1.164995789527893,0.0034965320955961943,0.02250133454799652,-0.0026582186110317707,3.417949073991622e-06,0.0001875226735137403,3.695014715194702,10.0,0.0,0.0,0.0,0.0,0.0,32.766,32.766,0.281,0.34600000000000003,2.841,2018.318603515625,809.98046875,28.771635055541992,,False,
1783703782.7607732,2026-07-10T10:16:22,214351,20260710_101616,,,,,,arming,,,,,,,,,False,0.02224959246814251,0.001238547032698989,1.0016331672668457,-0.07102438062429428,0.04855090379714966,-0.09053951501846313,0.0,0.0,56.0,22.0,0.022,0.0011907964944839478,5.5624113883823156e-05,0.022467149421572685,0.008385206572711468,0.0019404323538765311,-0.002310345182195306,0.176717609167099,1.164995789527893,0.0034965320955961943,0.02250133454799652,-0.0026582186110317707,3.417949073991622e-06,0.0001875226735137403,3.695014715194702,10.0,0.0,0.0,0.0,0.0,0.0,32.766,32.766,0.281,0.34600000000000003,2.841,2018.318603515625,809.98046875,28.771635055541992,,False,
1783703782.7709486,2026-07-10T10:16:22,214360,20260710_101616,,,,,,arming,,,,,,,,,False,0.02224959246814251,0.001238547032698989,1.0016331672668457,-0.07102438062429428,0.04855090379714966,-0.09053951501846313,0.0,0.0,56.0,22.0,0.022,0.001362979761324823,9.687061537988484e-05,0.022213781252503395,0.008944223634898663,0.0021211644634604454,-0.003175557591021061,0.17775556445121765,1.1628062725067139,0.0029808676335960627,0.022183092311024666,-0.0031532617285847664,3.473693141131662e-06,0.00019056053133681417,3.7002933025360107,10.0,0.0,0.0,0.0,0.0,0.0,32.766,32.766,0.281,0.34600000000000003,2.841,2018.318603515625,809.98046875,28.771635055541992,,False,
1783703782.7810965,2026-07-10T10:16:22,214371,20260710_101616,,,,,,arming,,,,,,,,,False,0.02378617785871029,0.004014819860458374,1.003885269165039,-0.10996725410223007,0.11554492264986038,0.03211502358317375,1.0,-3.0,70.0,22.0,0.022,0.001362979761324823,9.687061537988484e-05,0.022213781252503395,0.008944223634898663,0.0021211644634604454,-0.003175557591021061,0.17775556445121765,1.1628062725067139,0.0029808676335960627,0.022183092311024666,-0.0031532617285847664,3.473693141131662e-06,0.00019056053133681417,3.7002933025360107,10.0,0.0,0.0,0.0,0.0,0.0,32.766,32.766,0.281,0.34600000000000003,2.841,2018.318603515625,809.97998046875,28.78084373474121,,False,
1783703782.7912405,2026-07-10T10:16:22,214381,20260710_101616,,,,,,arming,,,,,,,,,False,0.021252760663628578,0.0032772852573543787,1.0012989044189453,0.07497234642505646,0.004260566085577011,0.10670498758554459,-1.0,-3.0,70.0,22.0,0.022,0.0015690872678533196,7.294765237020329e-05,0.022163281217217445,0.009578453376889229,0.001669116783887148,-0.002572278492152691,0.18196415901184082,1.1617016792297363,0.0028547963593155146,0.022183092311024666,-0.0031532617285847664,3.473693141131662e-06,0.00019056053133681417,3.7002933025360107,10.0,0.0,0.0,0.0,0.0,0.0,32.766,32.766,0.281,0.34600000000000003,2.841,2018.318603515625,809.97998046875,28.78084373474121,,False,
1783703782.8013878,2026-07-10T10:16:22,214393,20260710_101616,,,,,,arming,,,,,,,,,False,0.024606885388493538,0.003990497440099716,1.0008686780929565,-0.07077068835496902,-0.022108599543571472,-0.1692214161157608,0.0,0.0,58.0,23.0,0.023,0.0015690872678533196,7.294765237020329e-05,0.022163281217217445,0.009578453376889229,0.001669116783887148,-0.002572278492152691,0.18196415901184082,1.1617016792297363,0.0028547963593155146,0.022183092311024666,-0.0031532617285847664,3.473693141131662e-06,0.00019056053133681417,3.7002933025360107,10.0,0.0,0.0,0.0,0.0,0.0,32.766,32.766,0.281,0.34600000000000003,2.841,2018.318603515625,809.97998046875,28.78084373474121,,False,
1783703782.811534,2026-07-10T10:16:22,214403,20260710_101616,,,,,,arming,,,,,,,,,False,0.02322467416524887,0.005750487558543682,1.0008207559585571,-0.06382064521312714,-0.2499336302280426,0.1664239764213562,0.0,0.0,70.0,23.0,0.023,0.0012318643275648355,7.487108814530075e-05,0.02249986305832863,0.007216698490083218,0.0015624917577952147,-6.514948472613469e-05,0.18295009434223175,1.1936708688735962,0.0045140646398067474,0.022183092311024666,-0.0031532617285847664,3.473693141131662e-06,0.00019056053133681417,3.7002933025360107,10.0,0.0,0.0,0.0,0.0,0.0,32.766,32.766,0.281,0.34600000000000003,2.841,2018.318603515625,809.97998046875,28.78084373474121,,False,
1783703782.8216746,2026-07-10T10:16:22,214413,20260710_101616,,,,,,arming,,,,,,,,,False,0.025449074804782867,0.005165398120880127,1.0009177923202515,-0.12834474444389343,-0.23600831627845764,-0.018586592748761177,0.0,0.0,65.0,23.0,0.023,0.0012318643275648355,7.487108814530075e-05,0.02249986305832863,0.007216698490083218,0.0015624917577952147,-6.514948472613469e-05,0.18295009434223175,1.1936708688735962,0.0045140646398067474,0.0225009024143219,-9.134419087786227e-06,3.3422109027014812e-06,0.00018455252575222403,3.695014715194702,10.0,0.0,0.0,0.0,0.0,0.0,32.766,32.766,0.28200000000000003,0.34,2.833,2018.318603515625,809.97998046875,28.78084373474121,,False,
1783703782.8318262,2026-07-10T10:16:22,214423,20260710_101616,,,,,,arming,,,,,,,,,False,0.02491914853453636,0.003376549109816551,1.0013980865478516,0.11683893203735352,0.14267736673355103,0.0738026350736618,0.0,-3.0,65.0,23.0,0.023,0.001382653135806322,0.00010922235378529876,0.0225009024143219,0.007824944332242012,0.0019511798163875937,0.0001599330425960943,0.1826547533273697,1.1922192573547363,0.005188551731407642,0.0225009024143219,-9.134419087786227e-06,3.3422109027014812e-06,0.00018455252575222403,3.695014715194702,10.0,0.0,0.0,0.0,0.0,0.0,32.766,32.766,0.28200000000000003,0.34,2.833,2018.318603515625,809.97998046875,28.78084373474121,,False,
1783703782.8419712,2026-07-10T10:16:22,214433,20260710_101616,,,,,,arming,,,,,,,,,False,0.022668495774269104,0.0025032619014382362,1.000042200088501,0.142174631357193,-0.006249361205846071,-0.04834616556763649,0.0,2.0,76.0,23.0,0.023,0.001382653135806322,0.00010922235378529876,0.0225009024143219,0.007824944332242012,0.0019511798163875937,0.0001599330425960943,0.1826547533273697,1.1922192573547363,0.005188551731407642,0.0225009024143219,-9.134419087786227e-06,3.3422109027014812e-06,0.00018455252575222403,3.695014715194702,10.0,0.0,0.0,0.0,0.0,0.0,32.766,32.766,0.28200000000000003,0.34,2.833,2018.318603515625,809.97998046875,28.78084373474121,,False,
1783703782.8521228,2026-07-10T10:16:22,214443,20260710_101616,,,,,,arming,,,,,,,,,False,0.02389463223516941,0.0021756996866315603,1.0012818574905396,0.07493635267019272,-0.16727861762046814,0.03350038826465607,0.0,1.0,64.0,25.0,0.025,0.0016123823588714004,7.250767521327361e-05,0.022514929994940758,0.008826877921819687,0.0017258934676647186,0.00047513609752058983,0.18570730090141296,1.1865673065185547,0.006410590372979641,0.0225009024143219,-9.134419087786227e-06,3.3422109027014812e-06,0.00018455252575222403,3.695014715194702,10.0,0.0,0.0,0.0,0.0,0.0,32.766,32.766,0.28200000000000003,0.34,2.833,2018.318603515625,809.97998046875,28.78084373474121,,False,
1783703782.862338,2026-07-10T10:16:22,214453,20260710_101616,,,,,,arming,,,,,,,,,False,0.022211147472262383,0.004945621360093355,1.0015281438827515,0.07493671774864197,-0.046335916966199875,0.1317422240972519,0.0,0.0,66.0,25.0,0.025,0.0016123823588714004,7.250767521327361e-05,0.022514929994940758,0.008826877921819687,0.0017258934676647186,0.00047513609752058983,0.18570730090141296,1.1865673065185547,0.006410590372979641,0.0225009024143219,-9.134419087786227e-06,3.3422109027014812e-06,0.00018455252575222403,3.695014715194702,10.0,0.0,0.0,0.0,0.0,0.0,32.766,32.766,0.28200000000000003,0.34,2.833,2018.318603515625,809.97998046875,28.78084373474121,,False,
1783703782.8725128,2026-07-10T10:16:22,214463,20260710_101616,,,,,,arming,,,,,,,,,False,0.02385728806257248,0.0029320265166461468,0.9996824860572815,0.021365830674767494,-0.013490501791238785,-0.0416860356926918,0.0,0.0,66.0,25.0,0.025,0.0012282184325158596,7.330927473958582e-05,0.023617541417479515,0.006434661336243153,0.001444944879040122,0.005887357983738184,0.18741737306118011,1.2152032852172852,0.00887833721935749,0.02367706596851349,0.005872099194675684,3.4236943520227214e-06,0.00018961555906571448,3.7002933025360107,10.0,0.0,0.0,0.0,0.0,0.0,32.766,32.766,0.28200000000000003,0.34,2.833,2018.3787841796875,809.9749755859375,28.78809356689453,,False,
1783703782.882699,2026-07-10T10:16:22,214473,20260710_101616,,,,,,arming,,,,,,,,,False,0.02457333542406559,0.004102096427232027,0.9997807741165161,0.21870779991149902,0.3873654305934906,0.11533993482589722,2.0,-5.0,61.0,25.0,0.025,0.0012282184325158596,7.330927473958582e-05,0.023617541417479515,0.006434661336243153,0.001444944879040122,0.005887357983738184,0.18741737306118011,1.2152032852172852,0.00887833721935749,0.02367706596851349,0.005872099194675684,3.4236943520227214e-06,0.00018961555906571448,3.7002933025360107,10.0,0.0,0.0,0.0,0.0,0.0,32.766,32.766,0.28200000000000003,0.34,2.833,2018.3787841796875,809.9749755859375,28.78809356689453,,False,
1783703782.8929243,2026-07-10T10:16:22,214483,20260710_101616,,,,,,arming,,,,,,,,,False,0.023868214339017868,0.004406522493809462,1.0010751485824585,0.09073804318904877,-0.09399023652076721,-0.08706636726856232,-2.0,-5.0,70.0,25.0,0.025,0.0022382354363799095,-0.0006907237693667412,0.023746509104967117,0.01143699511885643,-0.0025084363296628,0.006025074981153011,0.23201778531074524,1.1593941450119019,0.008394560776650906,0.02367706596851349,0.005872099194675684,3.4236943520227214e-06,0.00018961555906571448,3.7002933025360107,10.0,0.0,0.0,0.0,0.0,0.0,32.766,32.766,0.28200000000000003,0.34,2.833,2018.3787841796875,809.9749755859375,28.78809356689453,,False,
1783703782.9030976,2026-07-10T10:16:22,214493,20260710_101616,,,,,,arming,,,,,,,,,False,0.02389358915388584,0.0031976227182894945,1.0004287958145142,-0.01612960360944271,-0.008416005410254002,0.052408698946237564,0.0,0.0,57.0,21.0,0.021,0.0022382354363799095,-0.0006907237693667412,0.023746509104967117,0.01143699511885643,-0.0025084363296628,0.006025074981153011,0.23201778531074524,1.1593941450119019,0.008394560776650906,0.02367706596851349,0.005872099194675684,3.4236943520227214e-06,0.00018961555906571448,3.7002933025360107,10.0,0.0,0.0,0.0,0.0,0.0,32.766,32.766,0.28200000000000003,0.34,2.833,2018.3787841796875,809.9749755859375,28.78809356689453,,False,
1783703782.9132574,2026-07-10T10:16:22,214503,20260710_101616,,,,,,arming,,,,,,,,,False,0.021433498710393906,0.0029696589335799217,1.0000864267349243,0.2260625958442688,0.13793817162513733,-0.04633348807692528,0.0,0.0,71.0,21.0,0.021,0.0011457853252068162,4.9772137572290376e-05,0.022644709795713425,0.005684133619070053,0.0014070769539102912,-0.00021710993314627558,0.19148628413677216,1.2263392210006714,0.010163790546357632,0.02367706596851349,0.005872099194675684,3.4236943520227214e-06,0.00018961555906571448,3.7002933025360107,10.0,0.0,0.0,0.0,0.0,0.0,32.766,32.766,0.28200000000000003,0.34,2.833,2018.3787841796875,809.9749755859375,28.78809356689453,,False,
1783703782.92348,2026-07-10T10:16:22,214513,20260710_101616,,,,,,arming,,,,,,,,,False,0.024178557097911835,0.003357528941705823,0.9992050528526306,-0.14822900295257568,-0.4870055615901947,0.09179414063692093,0.0,0.0,64.0,21.0,0.021,0.0011457853252068162,4.9772137572290376e-05,0.022644709795713425,0.005684133619070053,0.0014070769539102912,-0.00021710993314627558,0.19148628413677216,1.2263392210006714,0.010163790546357632,0.022641334682703018,-0.0002709710388444364,3.3174910640809685e-06,0.0001845639490056783,3.695014715194702,10.0,0.0,0.0,0.0,0.0,0.0,32.766,32.766,0.281,32.766,2.846,2018.3787841796875,809.9749755859375,28.78809356689453,,False,
1783703782.9336689,2026-07-10T10:16:22,214523,20260710_101616,,,,,,arming,,,,,,,,,False,0.022081149742007256,0.0048678964376449585,0.9999991059303284,-0.026986390352249146,0.021377364173531532,0.0216666366904974,1.0,-2.0,65.0,21.0,0.021,0.0012627053074538708,7.734262180747464e-05,0.022641334682703018,0.005958665627986193,0.0013494538143277168,-0.00013915120507590473,0.19137510657310486,1.2245668172836304,0.01123394537717104,0.022641334682703018,-0.0002709710388444364,3.3174910640809685e-06,0.0001845639490056783,3.695014715194702,10.0,0.0,0.0,0.0,0.0,0.0,32.766,32.766,0.281,32.766,2.846,2018.3787841796875,809.9749755859375,28.78809356689453,,False,
1783703782.9438584,2026-07-10T10:16:22,214533,20260710_101616,,,,,,arming,,,,,,,,,False,0.021898379549384117,0.0033287371043115854,0.9988631010055542,-0.05751048028469086,0.08778102695941925,0.1337723731994629,-1.0,1.0,63.0,21.0,0.021,0.0012627053074538708,7.734262180747464e-05,0.022641334682703018,0.005958665627986193,0.0013494538143277168,-0.00013915120507590473,0.19137510657310486,1.2245668172836304,0.01123394537717104,0.022641334682703018,-0.0002709710388444364,3.3174910640809685e-06,0.0001845639490056783,3.695014715194702,10.0,0.0,0.0,0.0,0.0,0.0,32.766,32.766,0.281,32.766,2.846,2018.3787841796875,809.9749755859375,28.78809356689453,,False,
1783703782.9540389,2026-07-10T10:16:22,214543,20260710_101616,,,,,,arming,,,,,,,,,False,0.02435937151312828,0.0033281382638961077,0.9989224672317505,-0.059612635523080826,0.01917121559381485,0.35294318199157715,0.0,2.0,56.0,23.0,0.023,0.0015463355230167508,5.069978578831069e-05,0.022641770541667938,0.006982068996876478,0.001294075627811253,-0.00015342856931965798,0.19224336743354797,1.2168508768081665,0.012327373959124088,0.022641334682703018,-0.0002709710388444364,3.3174910640809685e-06,0.0001845639490056783,3.695014715194702,10.0,0.0,0.0,0.0,0.0,0.0,32.766,32.766,0.281,32.766,2.846,2018.3787841796875,809.9749755859375,28.78809356689453,,False,
1783703782.9642563,2026-07-10T10:16:22,214553,20260710_101616,,,,,,arming,,,,,,,,,False,0.024436553940176964,0.0012346961302682757,0.9983904361724854,0.08618611097335815,-0.13992290198802948,0.1533084362745285,0.0,0.0,56.0,23.0,0.023,0.0015463355230167508,5.069978578831069e-05,0.022641770541667938,0.006982068996876478,0.001294075627811253,-0.00015342856931965798,0.19224336743354797,1.2168508768081665,0.012327373959124088,0.022641334682703018,-0.0002709710388444364,3.3174910640809685e-06,0.0001845639490056783,3.695014715194702,10.0,0.0,0.0,0.0,0.0,0.0,32.766,32.766,0.281,32.766,2.846,2018.3787841796875,809.9749755859375,28.78809356689453,,False,
1783703782.9748776,2026-07-10T10:16:22,214561,20260710_101616,,,,,,arming,,,,,,,,,False,0.023747513070702553,0.001802388345822692,0.9975572228431702,0.040591415017843246,0.4121690094470978,-0.08558108657598495,0.0,0.0,56.0,23.0,0.023,0.0007734607206657529,4.7681733121862635e-05,0.022794604301452637,0.003094855695962906,0.0011274571297690272,0.00042933563236147165,0.1940569430589676,1.256208896636963,0.01476671639829874,0.022798212245106697,0.00021658565674442798,3.412913656575256e-06,0.00018983434711117297,3.7002933025360107,10.0,0.0,0.0,0.0,0.0,0.0,32.766,32.766,0.281,32.766,2.846,2018.3787841796875,809.9749755859375,28.78809356689453,,False,
1783703782.985075,2026-07-10T10:16:22,214575,20260710_101616,,,,,,arming,,,,,,,,,False,0.025547297671437263,0.0033451565541327,0.999851644039154,-0.1366681307554245,0.01922919787466526,-0.09675624966621399,0.0,-1.0,67.0,23.0,0.023,0.001176031306385994,5.310967389959842e-05,0.02280082181096077,0.005133496597409248,0.0007178332889452577,0.00012006543693132699,0.1940569430589676,1.256208896636963,0.01476671639829874,0.022798212245106697,0.00021658565674442798,3.412913656575256e-06,0.00018983434711117297,3.7002933025360107,10.0,0.0,0.0,0.0,0.0,0.0,32.766,32.766,0.281,32.766,2.846,2018.356689453125,809.9766845703125,28.79916763305664,,False,
1783703782.995257,2026-07-10T10:16:22,214583,20260710_101616,,,,,,arming,,,,,,,,,False,0.024022141471505165,0.0027733396273106337,1.000874400138855,0.1806158721446991,0.27967599034309387,0.11260340362787247,0.0,2.0,67.0,23.0,0.023,0.001176031306385994,5.310967389959842e-05,0.02280082181096077,0.005133496597409248,0.0007178332889452577,0.00012006543693132699,0.19605699181556702,1.2350462675094604,0.015761949121952057,0.022798212245106697,0.00021658565674442798,3.412913656575256e-06,0.00018983434711117297,3.7002933025360107,10.0,0.0,0.0,0.0,0.0,0.0,32.766,32.766,0.281,32.766,2.846,2018.356689453125,809.9766845703125,28.79916763305664,,False,
1783703783.0054617,2026-07-10T10:16:23,214598,20260710_101616,,,,,,arming,,,,,,,,,False,0.024171840399503708,0.004104838706552982,1.002594232559204,-0.09917547553777695,0.017719537019729614,0.2921620011329651,0.0,-1.0,59.0,22.0,0.022,0.000720872834790498,4.4354987039696425e-05,0.022460727021098137,0.003175071207806468,0.0005975072854198515,-0.001532387570478022,0.19738787412643433,1.2560102939605713,0.017081230878829956,0.022798212245106697,0.00021658565674442798,3.412913656575256e-06,0.00018983434711117297,3.7002933025360107,10.0,0.0,0.0,0.0,0.0,0.0,32.766,32.766,0.281,32.766,2.846,2018.356689453125,809.9766845703125,28.79916763305664,,False,
1783703783.0156612,2026-07-10T10:16:23,214603,20260710_101616,,,,,,arming,,,,,,,,,False,0.022667113691568375,0.0018953790422528982,1.0010846853256226,0.17791099846363068,-0.22666963934898376,0.030018551275134087,0.0,0.0,71.0,22.0,0.022,0.000720872834790498,4.4354987039696425e-05,0.022460727021098137,0.003175071207806468,0.0005975072854198515,-0.001532387570478022,0.19738787412643433,1.2560102939605713,0.017081230878829956,0.022798212245106697,0.00021658565674442798,3.412913656575256e-06,0.00018983434711117297,3.7002933025360107,10.0,0.0,0.0,0.0,0.0,0.0,32.766,32.766,0.281,32.766,2.846,2018.356689453125,809.9766845703125,28.79916763305664,,False,
1783703783.025911,2026-07-10T10:16:23,214618,20260710_101616,,,,,,arming,,,,,,,,,False,0.021438317373394966,0.003964961972087622,1.0008407831192017,-0.005056651309132576,-0.027026554569602013,0.005891809705644846,0.0,0.0,67.0,22.0,0.022,0.0007871936541050673,5.6410081015201285e-05,0.022434895858168602,0.003377951215952635,0.0005131670041009784,-0.00110526941716671,0.19828854501247406,1.2553584575653076,0.01797228865325451,0.022434895858168602,-0.0011807808186858892,3.3145115594379604e-06,0.0001847279054345563,3.695014715194702,10.0,0.0,0.0,0.0,0.0,0.0,32.766,32.766,0.279,32.766,2.849,2018.356689453125,809.9766845703125,28.79916763305664,,False,
1783703783.0360966,2026-07-10T10:16:23,214623,20260710_101616,,,,,,arming,,,,,,,,,False,0.02172720432281494,0.0052556199952960014,0.9998376369476318,0.21914537250995636,0.5219982862472534,-0.12342362105846405,0.0,0.0,63.0,22.0,0.022,0.0007871936541050673,5.6410081015201285e-05,0.022434895858168602,0.003377951215952635,0.0005131670041009784,-0.00110526941716671,0.19828854501247406,1.2553584575653076,0.01797228865325451,0.022434895858168602,-0.0011807808186858892,3.3145115594379604e-06,0.0001847279054345563,3.695014715194702,10.0,0.0,0.0,0.0,0.0,0.0,32.766,32.766,0.279,32.766,2.849,2018.356689453125,809.9766845703125,28.79916763305664,,False,
1783703783.046386,2026-07-10T10:16:23,214638,20260710_101616,,,,,,arming,,,,,,,,,False,0.023534543812274933,0.003337544621899724,0.999786913394928,-0.003099684137851,0.29412564635276794,-0.15817426145076752,0.0,0.0,63.0,22.0,0.022,0.0008540995768271387,6.80068478686735e-05,0.022414086386561394,0.0033242490608245134,0.0007003424107097089,-0.0010060283821076155,0.19903914630413055,1.249347448348999,0.018067097291350365,0.022434895858168602,-0.0011807808186858892,3.3145115594379604e-06,0.0001847279054345563,3.695014715194702,10.0,0.0,0.0,0.0,0.0,0.0,32.766,32.766,0.279,32.766,2.849,2018.356689453125,809.9766845703125,28.79916763305664,,False,
1783703783.056664,2026-07-10T10:16:23,214643,20260710_101616,,,,,,arming,,,,,,,,,False,0.024212567135691643,0.0038390972185879946,1.0007904767990112,0.08113708347082138,-0.2742791771888733,-0.20773065090179443,0.0,1.0,55.0,25.0,0.025,0.0008540995768271387,6.80068478686735e-05,0.022414086386561394,0.0033242490608245134,0.0007003424107097089,-0.0010060283821076155,0.19903914630413055,1.249347448348999,0.018067097291350365,0.022434895858168602,-0.0011807808186858892,3.3145115594379604e-06,0.0001847279054345563,3.695014715194702,10.0,0.0,0.0,0.0,0.0,0.0,32.766,32.766,0.279,32.766,2.849,2018.356689453125,809.9766845703125,28.79916763305664,,False,
1783703783.0669546,2026-07-10T10:16:23,214658,20260710_101616,,,,,,arming,,,,,,,,,False,0.024957949295639992,0.006146375089883804,1.0004552602767944,0.10326533019542694,-0.22820380330085754,-0.04534609988331795,0.0,1.0,55.0,25.0,0.025,0.0007516246405430138,4.791740502696484e-05,0.0235263854265213,0.0030087195336818695,0.0006027952767908573,0.004562054295092821,0.20150971412658691,1.2521672248840332,0.015257424674928188,0.022434895858168602,-0.0011807808186858892,3.3145115594379604e-06,0.0001847279054345563,3.695014715194702,10.0,0.0,0.0,0.0,0.0,0.0,32.766,32.766,0.279,32.766,2.849,2018.356689453125,809.9766845703125,28.79916763305664,,False,
1783703783.077143,2026-07-10T10:16:23,214663,20260710_101616,,,,,,arming,,,,,,,,,False,0.023075157776474953,0.00448409141972661,1.000680923461914,-0.09402969479560852,0.16682568192481995,-0.11711271852254868,0.0,-1.0,64.0,25.0,0.025,0.0007516246405430138,4.791740502696484e-05,0.0235263854265213,0.0030087195336818695,0.0006027952767908573,0.004562054295092821,0.20150971412658691,1.2521672248840332,0.015257424674928188,0.023572470992803574,0.00457971915602684,3.4130330277548637e-06,0.0001899125927593559,3.7002933025360107,10.0,0.0,0.0,0.0,0.0,0.0,32.766,32.766,0.279,32.766,2.849,2018.2091064453125,809.9899291992188,28.811508178710938,,False,
1783703783.0873542,2026-07-10T10:16:23,214678,20260710_101616,,,,,,arming,,,,,,,,,False,0.023921210318803787,0.0010646231239661574,1.0017889738082886,0.10355976223945618,0.04954575002193451,0.09304176270961761,0.0,-3.0,70.0,25.0,0.025,0.002265379996970296,2.4645381927257404e-05,0.02361712045967579,0.009877629578113556,0.000738582806661725,0.004744275007396936,0.2025851160287857,1.1876540184020996,0.013938828371465206,0.023572470992803574,0.00457971915602684,3.4130330277548637e-06,0.0001899125927593559,3.7002933025360107,10.0,0.0,0.0,0.0,0.0,0.0,32.766,32.766,0.279,32.766,2.849,2018.2091064453125,809.9899291992188,28.811508178710938,,False,
1783703783.0975497,2026-07-10T10:16:23,214683,20260710_101616,,,,,,arming,,,,,,,,,False,0.024828391149640083,0.002866326132789254,0.9998515248298645,-0.05559907481074333,0.40284019708633423,0.08871527761220932,0.0,3.0,53.0,25.0,0.025,0.002265379996970296,2.4645381927257404e-05,0.02361712045967579,0.009877629578113556,0.000738582806661725,0.004744275007396936,0.2025851160287857,1.1876540184020996,0.013938828371465206,0.023572470992803574,0.00457971915602684,3.4130330277548637e-06,0.0001899125927593559,3.7002933025360107,10.0,0.0,0.0,0.0,0.0,0.0,32.766,32.766,0.279,32.766,2.849,2018.2091064453125,809.9899291992188,28.811508178710938,,False,
1783703783.1077323,2026-07-10T10:16:23,214698,20260710_101616,,,,,,arming,,,,,,,,,False,0.023437663912773132,0.003756155725568533,1.0003727674484253,0.12743158638477325,0.009707053191959858,-0.2101675122976303,0.0,1.0,62.0,25.0,0.025,0.0006284455303102732,9.53675862547243e-06,0.024273298680782318,0.0024658669717609882,0.0003350730403326452,0.007853083312511444,0.20429377257823944,1.2549293041229248,0.015009650029242039,0.023572470992803574,0.00457971915602684,3.4130330277548637e-06,0.0001899125927593559,3.7002933025360107,10.0,0.0,0.0,0.0,0.0,0.0,32.766,32.766,0.279,32.766,2.849,2018.2091064453125,809.9899291992188,28.811508178710938,,False,
1783703783.1179125,2026-07-10T10:16:23,214709,20260710_101616,,,,,,arming,,,,,,,,,False,0.02480931021273136,0.003596441587433219,1.0007128715515137,0.292473703622818,0.12196016311645508,0.14443399012088776,1.0,-4.0,78.0,25.0,0.025,0.0006284455303102732,9.53675862547243e-06,0.024273298680782318,0.0024658669717609882,0.0003350730403326452,0.007853083312511444,0.20429377257823944,1.2549293041229248,0.015009650029242039,0.02443307638168335,0.00787921342998743,3.3152527976199053e-06,0.00018470532086212188,3.7002933025360107,10.0,0.0,0.0,0.0,0.0,0.0,32.766,32.766,0.279,32.766,2.849,2018.2091064453125,809.9899291992188,28.811508178710938,,False,
1783703783.1280813,2026-07-10T10:16:23,214718,20260710_101616,,,,,,arming,,,,,,,,,False,0.025508001446723938,0.004671476781368256,0.9998741149902344,-0.02826833911240101,-0.17863793671131134,-0.0456840842962265,0.0,0.0,64.0,25.0,0.025,0.0021301144734025,-0.00037186694680713117,0.02443307638168335,0.009254144504666328,-0.0013358192518353462,0.008068777620792389,0.2207069844007492,1.194567084312439,0.013312315568327904,0.02443307638168335,0.00787921342998743,3.3152527976199053e-06,0.00018470532086212188,3.695014715194702,10.0,0.0,0.0,0.0,0.0,0.0,32.766,32.766,0.277,0.343,2.84,2018.2091064453125,809.9899291992188,28.811508178710938,,False,
1783703783.1382372,2026-07-10T10:16:23,214723,20260710_101616,,,,,,arming,,,,,,,,,False,0.02443758025765419,0.00317968288436532,0.9993818402290344,0.27512863278388977,0.05479438975453377,-0.036796487867832184,-1.0,2.0,60.0,25.0,0.025,0.0021301144734025,-0.00037186694680713117,0.02443307638168335,0.009254144504666328,-0.0013358192518353462,0.008068777620792389,0.2207069844007492,1.194567084312439,0.013312315568327904,0.02443307638168335,0.00787921342998743,3.3152527976199053e-06,0.00018470532086212188,3.695014715194702,10.0,0.0,0.0,0.0,0.0,0.0,32.766,32.766,0.277,0.343,2.84,2018.2091064453125,809.9899291992188,28.811508178710938,,False,
1783703783.1484487,2026-07-10T10:16:23,214738,20260710_101616,,,,,,arming,,,,,,,,,False,0.022216985002160072,0.0038939437363296747,1.00021231174469,-0.1441584825515747,0.09963902831077576,-0.10794351249933243,1.0,254.0,60.0,25.0,0.025,0.001990871038287878,-0.0003577382885850966,0.024600118398666382,0.008662001229822636,-0.001227953121997416,0.008070680312812328,0.2202261984348297,1.2068969011306763,0.012614088132977486,0.02443307638168335,0.00787921342998743,3.3152527976199053e-06,0.00018470532086212188,3.695014715194702,10.0,0.0,0.0,0.0,0.0,0.0,32.766,32.766,0.277,0.343,2.84,2018.2091064453125,809.9899291992188,28.811508178710938,,False,
1783703783.1585932,2026-07-10T10:16:23,214743,20260710_101616,,,,,,arming,,,,,,,,,False,0.023932218551635742,0.0025915950536727905,1.0011632442474365,0.33811166882514954,0.22362476587295532,-0.09013118594884872,-1.0,3.0,60.0,20.0,0.02,0.001990871038287878,-0.0003577382885850966,0.024600118398666382,0.008662001229822636,-0.001227953121997416,0.008070680312812328,0.2202261984348297,1.2068969011306763,0.012614088132977486,0.02443307638168335,0.00787921342998743,3.3152527976199053e-06,0.00018470532086212188,3.695014715194702,10.0,0.0,0.0,0.0,0.0,0.0,32.766,32.766,0.277,0.343,2.84,2018.2091064453125,809.9899291992188,28.811508178710938,,False,
1783703783.1687822,2026-07-10T10:16:23,214760,20260710_101616,,,,,,arming,,,,,,,,,False,0.022324761375784874,0.003540645819157362,1.0018101930618286,0.04594917967915535,0.02818170376121998,0.022692808881402016,0.0,0.0,72.0,20.0,0.02,0.0009819288970902562,-9.739913366502151e-06,0.02275805175304413,0.003907022997736931,0.0002700599143281579,-0.0012856752146035433,0.20805388689041138,1.2471204996109009,0.01166590116918087,0.022746063768863678,-0.0011988887563347816,3.4135607620555675e-06,0.00018984684720635414,3.7002933025360107,10.0,0.0,0.0,0.0,0.0,0.0,32.766,32.766,0.277,0.343,2.84,2018.2091064453125,809.9899291992188,28.811508178710938,,False,
1783703783.178959,2026-07-10T10:16:23,214771,20260710_101616,,,,,,arming,,,,,,,,,False,0.024887744337320328,0.006875655613839626,1.0018335580825806,-0.12740278244018555,-0.6980623006820679,0.02080610767006874,0.0,0.0,66.0,20.0,0.02,0.0009819288970902562,-9.739913366502151e-06,0.02275805175304413,0.003907022997736931,0.0002700599143281579,-0.0012856752146035433,0.20805388689041138,1.2471204996109009,0.01166590116918087,0.022746063768863678,-0.0011988887563347816,3.4135607620555675e-06,0.00018984684720635414,3.7002933025360107,10.0,0.0,0.0,0.0,0.0,0.0,32.766,32.766,0.277,0.343,2.84,2018.2802734375,809.9837036132812,28.817676544189453,,False,
1783703783.1891193,2026-07-10T10:16:23,214781,20260710_101616,,,,,,arming,,,,,,,,,False,0.023763731122016907,0.005234596319496632,1.0007938146591187,0.03208443894982338,0.3219762444496155,0.08962823450565338,1.0,-3.0,71.0,20.0,0.02,0.0020714516285806894,-0.00037319178227335215,0.022734155878424644,0.00864782091230154,-0.0013687021564692259,-0.0011119297705590725,0.22139665484428406,1.208704948425293,0.011344563215970993,0.022746063768863678,-0.0011988887563347816,3.4135607620555675e-06,0.00018984684720635414,3.7002933025360107,10.0,0.0,0.0,0.0,0.0,0.0,32.766,32.766,0.277,0.343,2.84,2018.2802734375,809.9837036132812,28.817676544189453,,False,
1783703783.1992807,2026-07-10T10:16:23,214791,20260710_101616,,,,,,arming,,,,,,,,,False,0.024277716875076294,0.003306922735646367,0.9999555945396423,0.4186355471611023,0.16213588416576385,-0.0806366503238678,-2.0,3.0,48.0,20.0,0.02,0.0020714516285806894,-0.00037319178227335215,0.022734155878424644,0.00864782091230154,-0.0013687021564692259,-0.0011119297705590725,0.22139665484428406,1.208704948425293,0.011344563215970993,0.022746063768863678,-0.0011988887563347816,3.4135607620555675e-06,0.00018984684720635414,3.7002933025360107,10.0,0.0,0.0,0.0,0.0,0.0,32.766,32.766,0.277,0.343,2.84,2018.2802734375,809.9837036132812,28.817676544189453,,False,
1783703783.2094219,2026-07-10T10:16:23,214801,20260710_101616,,,,,,arming,,,,,,,,,False,0.025875834748148918,0.006535162217915058,1.0004833936691284,0.12825149297714233,-0.0521157905459404,-0.08307809382677078,0.0,0.0,57.0,22.0,0.022,0.0009979244787245989,0.0003695486520882696,0.022414499893784523,0.003838789416477084,0.002311639254912734,-0.002449815860018134,0.1930711418390274,1.2544455528259277,0.013362163677811623,0.022746063768863678,-0.0011988887563347816,3.4135607620555675e-06,0.00018984684720635414,3.7002933025360107,10.0,0.0,0.0,0.0,0.0,0.0,32.766,32.766,0.277,0.343,2.84,2018.2802734375,809.9837036132812,28.817676544189453,,False,
1783703783.2195642,2026-07-10T10:16:23,214811,20260710_101616,,,,,,arming,,,,,,,,,False,0.025630222633481026,0.005996190011501312,0.9999803304672241,-0.1357087343931198,-0.14449402689933777,0.044186245650053024,0.0,0.0,63.0,22.0,0.022,0.0009979244787245989,0.0003695486520882696,0.022414499893784523,0.003838789416477084,0.002311639254912734,-0.002449815860018134,0.1930711418390274,1.2544455528259277,0.013362163677811623,0.022367266938090324,-0.0023765261285007,3.3154103675769875e-06,0.00018466133042238653,3.695014715194702,10.0,0.0,0.0,0.0,0.0,0.0,32.766,32.766,0.279,32.766,2.837,2018.2802734375,809.9837036132812,28.817676544189453,,False,
1783703783.2297482,2026-07-10T10:16:23,214821,20260710_101616,,,,,,arming,,,,,,,,,False,0.025806626304984093,0.003839749377220869,1.0013294219970703,-0.017692076042294502,0.08702400326728821,-0.07824438810348511,2.0,-3.0,71.0,22.0,0.022,0.002127863233909011,-0.0003860281140077859,0.022368166595697403,0.009122330695390701,-0.0009145064395852387,-0.0022637781221419573,0.226554274559021,1.2128605842590332,0.011461625806987286,0.022367266938090324,-0.0023765261285007,3.3154103675769875e-06,0.00018466133042238653,3.695014715194702,10.0,0.0,0.0,0.0,0.0,0.0,32.766,32.766,0.279,32.766,2.837,2018.2802734375,809.9837036132812,28.817676544189453,,False,
1783703783.239903,2026-07-10T10:16:23,214831,20260710_101616,,,,,,arming,,,,,,,,,False,0.026839029043912888,0.004415139555931091,0.9998529553413391,0.04750966653227806,-0.2891312837600708,0.08695237338542938,-1.0,3.0,59.0,22.0,0.022,0.002127863233909011,-0.0003860281140077859,0.022368166595697403,0.009122330695390701,-0.0009145064395852387,-0.0022637781221419573,0.226554274559021,1.2128605842590332,0.011461625806987286,0.022367266938090324,-0.0023765261285007,3.3154103675769875e-06,0.00018466133042238653,3.695014715194702,10.0,0.0,0.0,0.0,0.0,0.0,32.766,32.766,0.279,32.766,2.837,2018.2802734375,809.9837036132812,28.817676544189453,,False,
1783703783.2500646,2026-07-10T10:16:23,214841,20260710_101616,,,,,,arming,,,,,,,,,False,0.025469167158007622,0.005373016931116581,0.9968045353889465,0.07211753726005554,0.16677774488925934,-0.1863420158624649,0.0,1.0,54.0,22.0,0.022,0.0005644699558615685,-2.7015479645342566e-05,0.02233455330133438,0.002447461010888219,0.0008517111418768764,-0.0020235369447618723,0.21314416825771332,1.2753862142562866,0.012602383270859718,0.022367266938090324,-0.0023765261285007,3.3154103675769875e-06,0.00018466133042238653,3.695014715194702,10.0,0.0,0.0,0.0,0.0,0.0,32.766,32.766,0.279,32.766,2.837,2018.2802734375,809.9837036132812,28.817676544189453,,False,
1783703783.2602284,2026-07-10T10:16:23,214851,20260710_101616,,,,,,arming,,,,,,,,,False,0.024203237146139145,0.0033926465548574924,1.0021867752075195,-0.01994301937520504,0.29158473014831543,0.06673577427864075,0.0,0.0,60.0,22.0,0.022,0.0005644699558615685,-2.7015479645342566e-05,0.02233455330133438,0.002447461010888219,0.0008517111418768764,-0.0020235369447618723,0.21314416825771332,1.2753862142562866,0.012602383270859718,0.022367266938090324,-0.0023765261285007,3.3154103675769875e-06,0.00018466133042238653,3.695014715194702,10.0,0.0,0.0,0.0,0.0,0.0,32.766,32.766,0.279,32.766,2.837,2018.2802734375,809.9837036132812,28.817676544189453,,False,
1783703783.2704525,2026-07-10T10:16:23,214861,20260710_101616,,,,,,arming,,,,,,,,,False,0.02438843436539173,0.004049839451909065,1.002179503440857,0.27165696024894714,-0.147462397813797,0.28154149651527405,0.0,-1.0,73.0,22.0,0.022,0.0009397177491337061,-2.2829612134955823e-05,0.022146189585328102,0.004564728122204542,0.0010188963497057557,-0.0029429870191961527,0.21336212754249573,1.2623863220214844,0.011835265904664993,0.02211795747280121,-0.002810559468343854,3.4134916404582327e-06,0.00018981198081746697,3.7002933025360107,10.0,0.0,0.0,0.0,0.0,0.0,32.766,32.766,0.279,32.766,2.837,2018.2802734375,809.9837036132812,28.817676544189453,,False,
1783703783.2806509,2026-07-10T10:16:23,214871,20260710_101616,,,,,,arming,,,,,,,,,False,0.024319276213645935,0.004598959349095821,1.00108802318573,0.1666494905948639,-0.10063320398330688,-0.13123463094234467,0.0,2.0,65.0,22.0,0.022,0.0009397177491337061,-2.2829612134955823e-05,0.022146189585328102,0.004564728122204542,0.0010188963497057557,-0.0029429870191961527,0.21336212754249573,1.2623863220214844,0.011835265904664993,0.02211795747280121,-0.002810559468343854,3.4134916404582327e-06,0.00018981198081746697,3.7002933025360107,10.0,0.0,0.0,0.0,0.0,0.0,32.766,32.766,0.279,32.766,2.837,2018.2965087890625,809.982177734375,28.828752517700195,,False,
1783703783.2907963,2026-07-10T10:16:23,214881,20260710_101616,,,,,,arming,,,,,,,,,False,0.024746866896748543,0.0032351550180464983,0.9997509717941284,-0.10993947088718414,-0.1731102019548416,-0.10918312519788742,1.0,-5.0,75.0,22.0,0.022,0.0018936321139335632,-0.0003805450687650591,0.022097649052739143,0.008882922120392323,-0.0006396924727596343,-0.0024174004793167114,0.22800496220588684,1.225867748260498,0.011004561558365822,0.02211795747280121,-0.002810559468343854,3.4134916404582327e-06,0.00018981198081746697,3.7002933025360107,10.0,0.0,0.0,0.0,0.0,0.0,32.766,32.766,0.279,32.766,2.837,2018.2965087890625,809.982177734375,28.828752517700195,,False,
1783703783.3009355,2026-07-10T10:16:23,214891,20260710_101616,,,,,,arming,,,,,,,,,False,0.024378525093197823,0.005442328285425901,0.9991734623908997,-0.15822629630565643,-0.14656677842140198,-0.14443792402744293,-1.0,4.0,55.0,22.0,0.022,0.0018936321139335632,-0.0003805450687650591,0.022097649052739143,0.008882922120392323,-0.0006396924727596343,-0.0024174004793167114,0.22800496220588684,1.225867748260498,0.011004561558365822,0.02211795747280121,-0.002810559468343854,3.4134916404582327e-06,0.00018981198081746697,3.7002933025360107,10.0,0.0,0.0,0.0,0.0,0.0,32.766,32.766,0.279,32.766,2.837,2018.2965087890625,809.982177734375,28.828752517700195,,False,
1783703783.311123,2026-07-10T10:16:23,214901,20260710_101616,,,,,,arming,,,,,,,,,False,0.02300650253891945,0.0019039525650441647,0.9991864562034607,-0.12867240607738495,0.002618900267407298,-0.1613178253173828,0.0,-1.0,55.0,21.0,0.021,0.0008112796931527555,-4.335038101999089e-05,0.02160860225558281,0.004144493956118822,0.0008835898479446769,-0.004623401910066605,0.21519528329372406,1.2689083814620972,0.010552429594099522,0.02211795747280121,-0.002810559468343854,3.4134916404582327e-06,0.00018981198081746697,3.7002933025360107,10.0,0.0,0.0,0.0,0.0,0.0,32.766,32.766,0.279,32.766,2.837,2018.2965087890625,809.982177734375,28.828752517700195,,False,
1783703783.3212874,2026-07-10T10:16:23,214911,20260710_101616,,,,,,arming,,,,,,,,,False,0.022597063332796097,0.003203657455742359,1.0010836124420166,0.04761200398206711,-0.11131077259778976,-0.11901871114969254,0.0,0.0,60.0,21.0,0.021,0.0008112796931527555,-4.335038101999089e-05,0.02160860225558281,0.004144493956118822,0.0008835898479446769,-0.004623401910066605,0.21519528329372406,1.2689083814620972,0.010552429594099522,0.021515313535928726,-0.004782246891409159,3.315233243483817e-06,0.00018463372543919832,3.695014715194702,10.0,0.0,0.0,0.0,0.0,0.0,32.766,32.766,0.28200000000000003,0.34700000000000003,32.766,2018.2965087890625,809.982177734375,28.828752517700195,,False,
1783703783.3315349,2026-07-10T10:16:23,214923,20260710_101616,,,,,,arming,,,,,,,,,False,0.02484307996928692,0.001538025215268135,0.9982573390007019,0.0011283723870292306,-0.019765326753258705,0.038179196417331696,0.0,0.0,63.0,21.0,0.021,0.0008975422824732959,-2.5079019906115718e-05,0.021515313535928726,0.004409752320498228,0.0008358462946489453,-0.0046827527694404125,0.21233558654785156,1.2677682638168335,0.009367126040160656,0.021515313535928726,-0.004782246891409159,3.315233243483817e-06,0.00018463372543919832,3.695014715194702,10.0,0.0,0.0,0.0,0.0,0.0,32.766,32.766,0.28200000000000003,0.34700000000000003,32.766,2018.2965087890625,809.982177734375,28.828752517700195,,False,
1783703783.3417032,2026-07-10T10:16:23,214933,20260710_101616,,,,,,arming,,,,,,,,,False,0.023749105632305145,0.0009418686386197805,0.9994320869445801,0.17465445399284363,0.3474975526332855,-0.10090044140815735,0.0,0.0,63.0,21.0,0.021,0.0008975422824732959,-2.5079019906115718e-05,0.021515313535928726,0.004409752320498228,0.0008358462946489453,-0.0046827527694404125,0.21233558654785156,1.2677682638168335,0.009367126040160656,0.021515313535928726,-0.004782246891409159,3.315233243483817e-06,0.00018463372543919832,3.695014715194702,10.0,0.0,0.0,0.0,0.0,0.0,32.766,32.766,0.28200000000000003,0.34700000000000003,32.766,2018.2965087890625,809.982177734375,28.828752517700195,,False,
1783703783.3519077,2026-07-10T10:16:23,214943,20260710_101616,,,,,,arming,,,,,,,,,False,0.02511148527264595,0.0020480884704738855,1.0019935369491577,0.10563699156045914,-0.24512891471385956,-0.13083578646183014,0.0,0.0,60.0,20.0,0.02,0.0009883047314360738,-1.0660516636562534e-05,0.02142213098704815,0.00476012472063303,0.0005512748030014336,-0.004733082372695208,0.21135622262954712,1.2615255117416382,0.009500301443040371,0.021515313535928726,-0.004782246891409159,3.315233243483817e-06,0.00018463372543919832,3.695014715194702,10.0,0.0,0.0,0.0,0.0,0.0,32.766,32.766,0.28200000000000003,0.34700000000000003,32.766,2018.2965087890625,809.982177734375,28.828752517700195,,False,
1783703783.3620613,2026-07-10T10:16:23,214953,20260710_101616,,,,,,arming,,,,,,,,,False,0.02514020912349224,0.003127166535705328,1.0000160932540894,-0.06347686052322388,-0.09468600898981094,0.18467974662780762,1.0,-2.0,69.0,20.0,0.02,0.0009883047314360738,-1.0660516636562534e-05,0.02142213098704815,0.00476012472063303,0.0005512748030014336,-0.004733082372695208,0.21135622262954712,1.2615255117416382,0.009500301443040371,0.021515313535928726,-0.004782246891409159,3.315233243483817e-06,0.00018463372543919832,3.695014715194702,10.0,0.0,0.0,0.0,0.0,0.0,32.766,32.766,0.28200000000000003,0.34700000000000003,32.766,2018.2965087890625,809.982177734375,28.828752517700195,,False,
1783703783.372269,2026-07-10T10:16:23,214963,20260710_101616,,,,,,arming,,,,,,,,,False,0.02557815983891487,0.0041024996899068356,1.0012211799621582,-0.1406543105840683,0.03883009031414986,-0.03296850994229317,1.0,-2.0,69.0,20.0,0.02,0.0017834051977843046,-0.00039950545760802925,0.020705461502075195,0.008308096788823605,-0.001538783311843872,-0.0074795945547521114,0.2282455414533615,1.232131838798523,0.007855120114982128,0.020630965009331703,-0.007599154487252235,3.413309059396852e-06,0.00018980838649440557,3.7002933025360107,10.0,0.0,0.0,0.0,0.0,0.0,0.28200000000000003,32.766,0.28200000000000003,0.34700000000000003,32.766,2018.356689453125,809.9769897460938,28.83695411682129,,False,
1783703783.3824987,2026-07-10T10:16:23,214975,20260710_101616,,,,,,arming,,,,,,,,,False,0.02463727630674839,0.0036845074500888586,1.0011097192764282,-0.013088698498904705,-0.05467360094189644,0.03466134890913963,0.0,2.0,66.0,20.0,0.02,0.0009966240031644702,0.0004006467352155596,0.02056455984711647,0.005002979189157486,0.002005894435569644,-0.007253041956573725,0.2282455414533615,1.232131838798523,0.007855120114982128,0.020630965009331703,-0.007599154487252235,3.413309059396852e-06,0.00018980838649440557,3.7002933025360107,10.0,0.0,0.0,0.0,0.0,0.0,0.28200000000000003,32.766,0.28200000000000003,0.34700000000000003,32.766,2018.356689453125,809.9769897460938,28.83695411682129,,False,
1783703783.3926637,2026-07-10T10:16:23,214983,20260710_101616,,,,,,arming,,,,,,,,,False,0.02380865067243576,0.0036530313082039356,1.0006382465362549,0.06420861929655075,0.1432775855064392,-0.20202608406543732,0.0,1.0,52.0,20.0,0.02,0.0009966240031644702,0.0004006467352155596,0.02056455984711647,0.005002979189157486,0.002005894435569644,-0.007253041956573725,0.19890065491199493,1.2647764682769775,0.010056601837277412,0.020630965009331703,-0.007599154487252235,3.413309059396852e-06,0.00018980838649440557,3.7002933025360107,10.0,0.0,0.0,0.0,0.0,0.0,0.28200000000000003,32.766,0.28200000000000003,0.34700000000000003,32.766,2018.356689453125,809.9769897460938,28.83695411682129,,False,
1783703783.4028752,2026-07-10T10:16:23,214995,20260710_101616,,,,,,arming,,,,,,,,,False,0.024781547486782074,0.001851267064921558,1.0002927780151367,-0.07434919476509094,-0.031209111213684082,0.09420371055603027,0.0,0.0,53.0,24.0,0.024,0.0005851789610460401,0.00039788897265680134,0.02195684053003788,0.003280274337157607,0.0018190069822594523,0.0010295795509591699,0.19890065491199493,1.2647764682769775,0.010056601837277412,0.020630965009331703,-0.007599154487252235,3.413309059396852e-06,0.00018980838649440557,3.7002933025360107,10.0,0.0,0.0,0.0,0.0,0.0,0.28200000000000003,32.766,0.28200000000000003,0.34700000000000003,32.766,2018.356689453125,809.9769897460938,28.83695411682129,,False,
1783703783.4130225,2026-07-10T10:16:23,215003,20260710_101616,,,,,,arming,,,,,,,,,False,0.023474764078855515,0.005047980230301619,1.0018903017044067,0.06367940455675125,-0.06257934123277664,0.30996057391166687,0.0,0.0,65.0,24.0,0.024,0.0005851789610460401,0.00039788897265680134,0.02195684053003788,0.003280274337157607,0.0018190069822594523,0.0010295795509591699,0.20092952251434326,1.2765318155288696,0.008495397865772247,0.020630965009331703,-0.007599154487252235,3.413309059396852e-06,0.00018980838649440557,3.7002933025360107,10.0,0.0,0.0,0.0,0.0,0.0,0.28200000000000003,32.766,0.28200000000000003,0.34700000000000003,32.766,2018.356689453125,809.9769897460938,28.83695411682129,,False,
1783703783.423179,2026-07-10T10:16:23,215015,20260710_101616,,,,,,arming,,,,,,,,,False,0.022337600588798523,0.0037521766498684883,1.0026278495788574,-0.18005838990211487,0.16318580508232117,0.20930516719818115,0.0,-1.0,72.0,24.0,0.024,0.0009938100120052695,0.0003954619460273534,0.02197972685098648,0.005076191853731871,0.0016366246854886413,0.0013416872825473547,0.20092952251434326,1.2765318155288696,0.008495397865772247,0.02197987586259842,0.0012532677501440048,3.315125923109008e-06,0.00018464149616193026,3.695014715194702,10.0,0.0,0.0,0.0,0.0,0.0,0.28200000000000003,32.766,0.28300000000000003,32.766,2.847,2018.356689453125,809.9769897460938,28.83695411682129,,False,
1783703783.4335392,2026-07-10T10:16:23,215023,20260710_101616,,,,,,arming,,,,,,,,,False,0.02334146946668625,0.003686212934553623,1.001058578491211,-0.10118106007575989,-0.1631966531276703,-0.08522261679172516,0.0,0.0,64.0,24.0,0.024,0.0009938100120052695,0.0003954619460273534,0.02197972685098648,0.005076191853731871,0.0016366246854886413,0.0013416872825473547,0.20088061690330505,1.2612254619598389,0.00866736564785242,0.02197987586259842,0.0012532677501440048,3.315125923109008e-06,0.00018464149616193026,3.695014715194702,10.0,0.0,0.0,0.0,0.0,0.0,0.28200000000000003,32.766,0.28300000000000003,32.766,2.847,2018.356689453125,809.9769897460938,28.83695411682129,,False,
1783703783.443699,2026-07-10T10:16:23,215035,20260710_101616,,,,,,arming,,,,,,,,,False,0.022752264514565468,0.0032152074854820967,0.9996366500854492,-0.04421907290816307,-0.04070537909865379,-0.15283824503421783,0.0,-1.0,69.0,24.0,0.024,0.0013985512778162956,0.0003968376258853823,0.022010046988725662,0.0065614888444542885,0.0015846668975427747,0.0016857115551829338,0.20088061690330505,1.2612254619598389,0.00866736564785242,0.02197987586259842,0.0012532677501440048,3.315125923109008e-06,0.00018464149616193026,3.695014715194702,10.0,0.0,0.0,0.0,0.0,0.0,0.28200000000000003,32.766,0.28300000000000003,32.766,2.847,2018.356689453125,809.9769897460938,28.83695411682129,,False,
1783703783.4539022,2026-07-10T10:16:23,215043,20260710_101616,,,,,,arming,,,,,,,,,False,0.023013247177004814,0.002149766543880105,1.0018699169158936,-0.1479274481534958,0.054713718593120575,0.20458382368087769,0.0,2.0,62.0,18.0,0.018,0.0013985512778162956,0.0003968376258853823,0.022010046988725662,0.0065614888444542885,0.0015846668975427747,0.0016857115551829338,0.20021028816699982,1.2485567331314087,0.008210642263293266,0.02197987586259842,0.0012532677501440048,3.315125923109008e-06,0.00018464149616193026,3.695014715194702,10.0,0.0,0.0,0.0,0.0,0.0,0.28200000000000003,32.766,0.28300000000000003,32.766,2.847,2018.356689453125,809.9769897460938,28.83695411682129,,False,
1783703783.464053,2026-07-10T10:16:23,215055,20260710_101616,,,,,,arming,,,,,,,,,False,0.024313587695360184,0.004672589246183634,1.0020843744277954,-0.18609467148780823,-0.12064038217067719,0.13679249584674835,0.0,2.0,62.0,18.0,0.018,0.00016675384540576488,0.00039047125028446317,0.020294755697250366,0.0010843613417819142,0.00128184724599123,-0.006380337756127119,0.20021028816699982,1.2485567331314087,0.008210642263293266,0.02197987586259842,0.0012532677501440048,3.315125923109008e-06,0.00018464149616193026,3.695014715194702,10.0,0.0,0.0,0.0,0.0,0.0,0.28200000000000003,32.766,0.28300000000000003,32.766,2.847,2018.356689453125,809.9769897460938,28.83695411682129,,False,
1783703783.4742012,2026-07-10T10:16:23,215063,20260710_101616,,,,,,arming,,,,,,,,,False,0.023660387843847275,0.0029950388707220554,1.002503514289856,0.22921285033226013,-0.14392445981502533,0.0882689505815506,0.0,-1.0,63.0,18.0,0.018,0.00016675384540576488,0.00039047125028446317,0.020294755697250366,0.0010843613417819142,0.00128184724599123,-0.006380337756127119,0.20018014311790466,1.2921162843704224,0.008463378995656967,0.020232122391462326,-0.006176767870783806,3.41321333507949e-06,0.00018980119784828275,3.7002933025360107,10.0,0.0,0.0,0.0,0.0,0.0,32.766,32.766,0.28300000000000003,32.766,2.847,2018.3021240234375,809.981689453125,28.848304748535156,,False,
1783703783.4843931,2026-07-10T10:16:23,215075,20260710_101616,,,,,,arming,,,,,,,,,False,0.024903973564505577,0.0034403246827423573,0.9997996091842651,-0.024057570844888687,0.04605990648269653,0.012577795423567295,2.0,-1.0,63.0,18.0,0.018,0.0019249714678153396,-0.0003480017767287791,0.020173534750938416,0.00869849231094122,-0.0019336745608597994,-0.0058886283077299595,0.20018014311790466,1.2921162843704224,0.008463378995656967,0.020232122391462326,-0.006176767870783806,3.41321333507949e-06,0.00018980119784828275,3.7002933025360107,10.0,0.0,0.0,0.0,0.0,0.0,32.766,32.766,0.28300000000000003,32.766,2.847,2018.3021240234375,809.981689453125,28.848304748535156,,False,
1783703783.4945397,2026-07-10T10:16:23,215083,20260710_101616,,,,,,arming,,,,,,,,,False,0.024696171283721924,0.006060658488422632,1.0008411407470703,-0.025374384596943855,0.28588786721229553,-0.07859615236520767,-1.0,-4.0,78.0,18.0,0.018,0.0019249714678153396,-0.0003480017767287791,0.020173534750938416,0.00869849231094122,-0.0019336745608597994,-0.0058886283077299595,0.22521646320819855,1.2363711595535278,0.007037442177534103,0.020232122391462326,-0.006176767870783806,3.41321333507949e-06,0.00018980119784828275,3.7002933025360107,10.0,0.0,0.0,0.0,0.0,0.0,32.766,32.766,0.28300000000000003,32.766,2.847,2018.3021240234375,809.981689453125,28.848304748535156,,False,
1783703783.5047119,2026-07-10T10:16:23,215095,20260710_101616,,,,,,arming,,,,,,,,,False,0.025205029174685478,0.0038849767297506332,1.0013254880905151,-0.07643973082304001,-0.05418997257947922,0.2608467638492584,0.0,0.0,48.0,24.0,0.024,0.0004865637165494263,4.509504378802376e-06,0.021755985915660858,0.002637506229802966,-0.00016419374151155353,0.0031683885026723146,0.22521646320819855,1.2363711595535278,0.007037442177534103,0.020232122391462326,-0.006176767870783806,3.41321333507949e-06,0.00018980119784828275,3.7002933025360107,10.0,0.0,0.0,0.0,0.0,0.0,32.766,32.766,0.28300000000000003,32.766,2.847,2018.3021240234375,809.981689453125,28.848304748535156,,False,
1783703783.5148795,2026-07-10T10:16:23,215103,20260710_101616,,,,,,arming,,,,,,,,,False,0.023166045546531677,0.00523377675563097,1.0014339685440063,0.04549757018685341,0.11592774093151093,0.33676743507385254,0.0,0.0,65.0,24.0,0.024,0.0004865637165494263,4.509504378802376e-06,0.021755985915660858,0.002637506229802966,-0.00016419374151155353,0.0031683885026723146,0.21243931353092194,1.284757375717163,0.007290116045624018,0.020232122391462326,-0.006176767870783806,3.41321333507949e-06,0.00018980119784828275,3.7002933025360107,10.0,0.0,0.0,0.0,0.0,0.0,32.766,32.766,0.28300000000000003,32.766,2.847,2018.3021240234375,809.981689453125,28.848304748535156,,False,
1783703783.5250506,2026-07-10T10:16:23,215115,20260710_101616,,,,,,arming,,,,,,,,,False,0.02389512211084366,0.004642495419830084,1.0014711618423462,-0.14965294301509857,0.3048836290836334,0.2341083288192749,0.0,-4.0,76.0,24.0,0.024,0.0019706517923623323,1.1051500905523426e-06,0.02182270586490631,0.009051546454429626,3.710652163135819e-05,0.003515946213155985,0.21243931353092194,1.284757375717163,0.007290116045624018,0.021822821348905563,0.003442291170358658,3.3150727176689543e-06,0.00018463493324816227,3.695014715194702,10.0,0.0,0.0,0.0,0.0,0.0,32.766,32.766,0.279,0.34400000000000003,2.848,2018.3021240234375,809.981689453125,28.848304748535156,,False,
1783703783.5352056,2026-07-10T10:16:23,215123,20260710_101616,,,,,,arming,,,,,,,,,False,0.023135798051953316,0.00433478644117713,1.0016344785690308,0.0022885166108608246,0.06165217235684395,-0.09409083425998688,0.0,3.0,65.0,24.0,0.024,0.0019706517923623323,1.1051500905523426e-06,0.02182270586490631,0.009051546454429626,3.710652163135819e-05,0.003515946213155985,0.21153858304023743,1.233426809310913,0.008434460498392582,0.021822821348905563,0.003442291170358658,3.3150727176689543e-06,0.00018463493324816227,3.695014715194702,10.0,0.0,0.0,0.0,0.0,0.0,32.766,32.766,0.279,0.34400000000000003,2.848,2018.3021240234375,809.981689453125,28.848304748535156,,False,
1783703783.5453753,2026-07-10T10:16:23,215138,20260710_101616,,,,,,arming,,,,,,,,,False,0.02240881510078907,0.003551675006747246,1.0035400390625,-0.002392051974311471,-0.2580508291721344,-0.13587182760238647,0.0,3.0,65.0,24.0,0.024,0.0011486118892207742,-6.938799401723372e-07,0.021905949339270592,0.00526958703994751,0.00019298828556202352,0.0039469581097364426,0.20970094203948975,1.2597005367279053,0.008632401004433632,0.021822821348905563,0.003442291170358658,3.3150727176689543e-06,0.00018463493324816227,3.695014715194702,10.0,0.0,0.0,0.0,0.0,0.0,32.766,32.766,0.279,0.34400000000000003,2.848,2018.3021240234375,809.981689453125,28.848304748535156,,False,
1783703783.5555818,2026-07-10T10:16:23,215143,20260710_101616,,,,,,arming,,,,,,,,,False,0.024171704426407814,0.0032712100073695183,1.000114917755127,-0.198923721909523,-0.09866219758987427,0.006291990168392658,0.0,1.0,64.0,23.0,0.023,0.0011486118892207742,-6.938799401723372e-07,0.021905949339270592,0.00526958703994751,0.00019298828556202352,0.0039469581097364426,0.20970094203948975,1.2597005367279053,0.008632401004433632,0.021822821348905563,0.003442291170358658,3.3150727176689543e-06,0.00018463493324816227,3.695014715194702,10.0,0.0,0.0,0.0,0.0,0.0,32.766,32.766,0.279,0.34400000000000003,2.848,2018.3021240234375,809.981689453125,28.848304748535156,,False,
1783703783.565735,2026-07-10T10:16:23,215158,20260710_101616,,,,,,arming,,,,,,,,,False,0.024157218635082245,0.004269483499228954,1.000117301940918,0.027616936713457108,0.12744958698749542,-0.2587079107761383,0.0,-3.0,64.0,23.0,0.023,0.0017315198201686144,2.353482386752148e-06,0.02246810682117939,0.0076834759674966335,0.00016056658932939172,0.006531492341309786,0.20756661891937256,1.2427681684494019,0.008346335962414742,0.021822821348905563,0.003442291170358658,3.3150727176689543e-06,0.00018463493324816227,3.695014715194702,10.0,0.0,0.0,0.0,0.0,0.0,32.766,32.766,0.279,0.34400000000000003,2.848,2018.3021240234375,809.981689453125,28.848304748535156,,False,
1783703783.5758884,2026-07-10T10:16:23,215163,20260710_101616,,,,,,arming,,,,,,,,,False,0.023728828877210617,0.005970727186650038,1.000768780708313,0.06438401341438293,0.00387545651756227,0.01675361767411232,0.0,3.0,67.0,23.0,0.023,0.0017315198201686144,2.353482386752148e-06,0.02246810682117939,0.0076834759674966335,0.00016056658932939172,0.006531492341309786,0.20756661891937256,1.2427681684494019,0.008346335962414742,0.02253374457359314,0.006422686856240034,3.413215381442569e-06,0.00018979416927322745,3.7002933025360107,10.0,0.0,0.0,0.0,0.0,0.0,32.766,32.766,0.279,0.34400000000000003,2.848,2018.2857666015625,809.9833984375,28.8563232421875,,False,
1783703783.5860517,2026-07-10T10:16:23,215178,20260710_101616,,,,,,arming,,,,,,,,,False,0.02329491823911667,0.005352673586457968,1.0009009838104248,-0.07995457947254181,0.01393931545317173,0.0010096626356244087,0.0,3.0,67.0,23.0,0.023,0.0007524896063841879,6.9716552388854325e-06,0.02260703593492508,0.003345755161717534,0.0004471612337511033,0.00673566572368145,0.20706793665885925,1.275421380996704,0.006936224177479744,0.02253374457359314,0.006422686856240034,3.413215381442569e-06,0.00018979416927322745,3.7002933025360107,10.0,0.0,0.0,0.0,0.0,0.0,32.766,32.766,0.279,0.34400000000000003,2.848,2018.2857666015625,809.9833984375,28.8563232421875,,False,
1783703783.596254,2026-07-10T10:16:23,215183,20260710_101616,,,,,,arming,,,,,,,,,False,0.023601826280355453,0.003910101018846035,1.0011489391326904,-0.005861518904566765,-0.0016474269796162844,-0.04274589940905571,0.0,0.0,75.0,23.0,0.023,0.0007524896063841879,6.9716552388854325e-06,0.02260703593492508,0.003345755161717534,0.0004471612337511033,0.00673566572368145,0.20706793665885925,1.275421380996704,0.006936224177479744,0.02253374457359314,0.006422686856240034,3.413215381442569e-06,0.00018979416927322745,3.7002933025360107,10.0,0.0,0.0,0.0,0.0,0.0,32.766,32.766,0.279,0.34400000000000003,2.848,2018.2857666015625,809.9833984375,28.8563232421875,,False,
1783703783.606401,2026-07-10T10:16:23,215198,20260710_101616,,,,,,arming,,,,,,,,,False,0.02591814659535885,0.0036504303570836782,1.0017839670181274,0.16150891780853271,0.18430502712726593,0.0787973627448082,0.0,0.0,52.0,23.0,0.023,0.0004250122292432934,7.034930604277179e-06,0.022854097187519073,0.0019390175584703684,0.0005884258425794542,0.0075818393379449844,0.20793437957763672,1.2853721380233765,0.006726222578436136,0.02253374457359314,0.006422686856240034,3.413215381442569e-06,0.00018979416927322745,3.7002933025360107,10.0,0.0,0.0,0.0,0.0,0.0,32.766,32.766,0.279,0.34400000000000003,2.848,2018.2857666015625,809.9833984375,28.8563232421875,,False,
1783703783.6165383,2026-07-10T10:16:23,215209,20260710_101616,,,,,,arming,,,,,,,,,False,0.02512761391699314,0.002970852656289935,1.0018284320831299,-0.06729432195425034,-0.09919839352369308,-0.03115869127213955,0.0,-1.0,52.0,23.0,0.023,0.0004250122292432934,7.034930604277179e-06,0.022854097187519073,0.0019390175584703684,0.0005884258425794542,0.0075818393379449844,0.20793437957763672,1.2853721380233765,0.006726222578436136,0.023010265082120895,0.007902347482740879,3.315084313726402e-06,0.00018462867592461407,3.7002933025360107,10.0,0.0,0.0,0.0,0.0,0.0,32.766,32.766,0.279,0.34400000000000003,2.848,2018.2857666015625,809.9833984375,28.8563232421875,,False,
1783703783.626677,2026-07-10T10:16:23,215218,20260710_101616,,,,,,arming,,,,,,,,,False,0.02351773902773857,0.006817762274295092,1.0010027885437012,-0.15705856680870056,-0.05721437558531761,0.11980282515287399,0.0,0.0,62.0,23.0,0.023,0.0007725589093752205,6.361332452797797e-06,0.023010265082120895,0.003774384967982769,0.0005161903100088239,0.00798992719501257,0.20742623507976532,1.2708351612091064,0.007017366122454405,0.023010265082120895,0.007902347482740879,3.315084313726402e-06,0.00018462867592461407,3.695014715194702,10.0,0.0,0.0,0.0,0.0,0.0,32.766,32.766,0.28700000000000003,0.34600000000000003,2.842,2018.2857666015625,809.9833984375,28.8563232421875,,False,
1783703783.6368146,2026-07-10T10:16:23,215223,20260710_101616,,,,,,arming,,,,,,,,,False,0.02497193031013012,0.004816774278879166,0.9987066388130188,0.26418766379356384,0.07863424718379974,-0.19969674944877625,0.0,0.0,69.0,23.0,0.023,0.0007725589093752205,6.361332452797797e-06,0.023010265082120895,0.003774384967982769,0.0005161903100088239,0.00798992719501257,0.20742623507976532,1.2708351612091064,0.007017366122454405,0.023010265082120895,0.007902347482740879,3.315084313726402e-06,0.00018462867592461407,3.695014715194702,10.0,0.0,0.0,0.0,0.0,0.0,32.766,32.766,0.28700000000000003,0.34600000000000003,2.842,2018.2857666015625,809.9833984375,28.8563232421875,,False,
1783703783.6469493,2026-07-10T10:16:23,215238,20260710_101616,,,,,,arming,,,,,,,,,False,0.02354242093861103,0.003941801842302084,0.9985596537590027,-0.06038198992609978,0.17999818921089172,-0.12106596678495407,1.0,0.0,69.0,23.0,0.023,0.0014827533159404993,-0.00034047485678456724,0.02316974103450775,0.006960593163967133,-0.000680121942423284,0.007966844365000725,0.2196466326713562,1.2470613718032837,0.0064071305096149445,0.023010265082120895,0.007902347482740879,3.315084313726402e-06,0.00018462867592461407,3.695014715194702,10.0,0.0,0.0,0.0,0.0,0.0,32.766,32.766,0.28700000000000003,0.34600000000000003,2.842,2018.2857666015625,809.9833984375,28.8563232421875,,False,
1783703783.65709,2026-07-10T10:16:23,215243,20260710_101616,,,,,,arming,,,,,,,,,False,0.024335691705346107,0.0032077706418931484,0.9990250468254089,0.3957952857017517,-0.24917525053024292,-0.017615705728530884,-1.0,1.0,75.0,24.0,0.024,0.0014827533159404993,-0.00034047485678456724,0.02316974103450775,0.006960593163967133,-0.000680121942423284,0.007966844365000725,0.2196466326713562,1.2470613718032837,0.0064071305096149445,0.023010265082120895,0.007902347482740879,3.315084313726402e-06,0.00018462867592461407,3.695014715194702,10.0,0.0,0.0,0.0,0.0,0.0,32.766,32.766,0.28700000000000003,0.34600000000000003,2.842,2018.2857666015625,809.9833984375,28.8563232421875,,False,
1783703783.6672738,2026-07-10T10:16:23,215259,20260710_101616,,,,,,arming,,,,,,,,,False,0.0229849424213171,0.004979722201824188,0.9986439943313599,-0.03444219008088112,0.2709179222583771,-0.00027854039217345417,-256.0,1.0,65.0,24.0,0.024,0.0007178638479672372,-1.1519083273014985e-05,0.02369333617389202,0.0034716923255473375,0.0007264362066052854,0.009513983502984047,0.20947019755840302,1.2741875648498535,0.008451500907540321,0.023787811398506165,0.009297345764935017,3.4132299333577976e-06,0.00018979593005497009,3.695014715194702,10.0,0.0,0.0,0.0,0.0,0.0,32.766,32.766,0.28700000000000003,0.34600000000000003,2.842,2018.2857666015625,809.9833984375,28.8563232421875,,False,
1783703783.6774168,2026-07-10T10:16:23,215263,20260710_101616,,,,,,arming,,,,,,,,,False,0.02310883440077305,0.002905390691012144,0.9981526732444763,-0.1281900405883789,-0.30943411588668823,-0.199085533618927,0.0,0.0,67.0,24.0,0.024,0.0007178638479672372,-1.1519083273014985e-05,0.02369333617389202,0.0034716923255473375,0.0007264362066052854,0.009513983502984047,0.20947019755840302,1.2741875648498535,0.008451500907540321,0.023787811398506165,0.009297345764935017,3.4132299333577976e-06,0.00018979593005497009,3.7002933025360107,10.0,0.0,0.0,0.0,0.0,0.0,0.281,32.766,0.28700000000000003,0.34600000000000003,2.842,2018.36767578125,809.97607421875,28.865970611572266,,False,
1783703783.6875553,2026-07-10T10:16:23,215278,20260710_101616,,,,,,arming,,,,,,,,,False,0.024274254217743874,0.001093868282623589,0.9985185861587524,-0.17163386940956116,-0.2507779002189636,-0.05780408903956413,0.0,0.0,67.0,24.0,0.024,0.0007890762062743306,3.5687080526258796e-06,0.023880885913968086,0.0036606162320822477,0.0006881242152303457,0.009233498014509678,0.20857760310173035,1.2726454734802246,0.007329555694013834,0.023787811398506165,0.009297345764935017,3.4132299333577976e-06,0.00018979593005497009,3.7002933025360107,10.0,0.0,0.0,0.0,0.0,0.0,0.281,32.766,0.28700000000000003,0.34600000000000003,2.842,2018.36767578125,809.97607421875,28.865970611572266,,False,
1783703783.697701,2026-07-10T10:16:23,215283,20260710_101616,,,,,,arming,,,,,,,,,False,0.023581555113196373,0.0018587090307846665,0.9997284412384033,0.03618193417787552,-0.02807670086622238,0.03813973814249039,0.0,0.0,79.0,24.0,0.024,0.0007890762062743306,3.5687080526258796e-06,0.023880885913968086,0.0036606162320822477,0.0006881242152303457,0.009233498014509678,0.20857760310173035,1.2726454734802246,0.007329555694013834,0.023787811398506165,0.009297345764935017,3.4132299333577976e-06,0.00018979593005497009,3.7002933025360107,10.0,0.0,0.0,0.0,0.0,0.0,0.281,32.766,0.28700000000000003,0.34600000000000003,2.842,2018.36767578125,809.97607421875,28.865970611572266,,False,
1783703783.7078953,2026-07-10T10:16:23,215298,20260710_101616,,,,,,arming,,,,,,,,,False,0.024148598313331604,0.0034052757546305656,0.9997831583023071,-0.0480259545147419,-0.24195852875709534,-0.03311162069439888,0.0,0.0,54.0,23.0,0.023,6.980675243539736e-05,5.358646831155056e-06,0.02360822632908821,0.0006060237064957619,0.0003135381266474724,0.006688269320875406,0.2089383602142334,1.2970556020736694,0.005225644912570715,0.023787811398506165,0.009297345764935017,3.4132299333577976e-06,0.00018979593005497009,3.7002933025360107,10.0,0.0,0.0,0.0,0.0,0.0,0.281,32.766,0.28700000000000003,0.34600000000000003,2.842,2018.36767578125,809.97607421875,28.865970611572266,,False,
1783703783.718168,2026-07-10T10:16:23,215310,20260710_101616,,,,,,arming,,,,,,,,,False,0.02368851751089096,0.004350690171122551,1.0012961626052856,-0.03223331645131111,0.12538224458694458,0.08237911760807037,0.0,-1.0,54.0,23.0,0.023,6.980675243539736e-05,5.358646831155056e-06,0.02360822632908821,0.0006060237064957619,0.0003135381266474724,0.006688269320875406,0.2089383602142334,1.2970556020736694,0.005225644912570715,0.023743480443954468,0.006781591568142176,3.3150927265523933e-06,0.00018463488959241658,3.7002933025360107,10.0,0.0,0.0,0.0,0.0,0.0,0.281,32.766,0.28700000000000003,0.34600000000000003,2.842,2018.36767578125,809.97607421875,28.865970611572266,,False,
1783703783.728474,2026-07-10T10:16:23,215321,20260710_101616,,,,,,arming,,,,,,,,,False,0.02342887781560421,0.0016813386464491487,1.0022062063217163,-0.054657284170389175,-0.15842801332473755,0.03224816173315048,0.0,-256.0,65.0,23.0,0.023,0.00044429596164263785,6.728878815920325e-06,0.023743480443954468,0.002353055402636528,0.00032496528001502156,0.006837093736976385,0.20852485299110413,1.2804396152496338,0.00538327032700181,0.023743480443954468,0.006781591568142176,3.3150927265523933e-06,0.00018463488959241658,3.7002933025360107,10.0,0.0,0.0,0.0,0.0,0.0,0.281,0.32,0.28200000000000003,0.339,2.837,2018.36767578125,809.97607421875,28.865970611572266,,False,
1783703783.7387056,2026-07-10T10:16:23,215331,20260710_101616,,,,,,arming,,,,,,,,,False,0.023803772404789925,0.003560802433639765,1.001717209815979,-0.008374049328267574,-0.01102442480623722,0.12347283214330673,0.0,0.0,70.0,23.0,0.023,0.00044429596164263785,6.728878815920325e-06,0.023743480443954468,0.002353055402636528,0.00032496528001502156,0.006837093736976385,0.20852485299110413,1.2804396152496338,0.00538327032700181,0.023743480443954468,0.006781591568142176,3.3150927265523933e-06,0.00018463488959241658,3.7002933025360107,10.0,0.0,0.0,0.0,0.0,0.0,0.281,0.32,0.28200000000000003,0.339,2.837,2018.36767578125,809.97607421875,28.865970611572266,,False,
1783703783.748919,2026-07-10T10:16:23,215341,20260710_101616,,,,,,arming,,,,,,,,,False,0.02556673251092434,0.0028254552744328976,1.0024243593215942,0.19959186017513275,0.18615251779556274,-0.046939652413129807,1.0,0.0,64.0,23.0,0.023,0.0019543818198144436,-0.0003675135667435825,0.02388305403292179,0.008928053081035614,-0.0016275147208943963,0.007220180239528418,0.22108732163906097,1.2296602725982666,0.0047111110761761665,0.023743480443954468,0.006781591568142176,3.3150927265523933e-06,0.00018463488959241658,3.7002933025360107,10.0,0.0,0.0,0.0,0.0,0.0,0.281,0.32,0.28200000000000003,0.339,2.837,2018.36767578125,809.97607421875,28.865970611572266,,False,
1783703783.759134,2026-07-10T10:16:23,215351,20260710_101616,,,,,,arming,,,,,,,,,False,0.02442011423408985,0.004063921980559826,1.0013755559921265,0.08210582286119461,0.2792471647262573,-0.340870201587677,-1.0,3.0,75.0,23.0,0.023,0.0019543818198144436,-0.0003675135667435825,0.02388305403292179,0.008928053081035614,-0.0016275147208943963,0.007220180239528418,0.22108732163906097,1.2296602725982666,0.0047111110761761665,0.023743480443954468,0.006781591568142176,3.3150927265523933e-06,0.00018463488959241658,3.7002933025360107,10.0,0.0,0.0,0.0,0.0,0.0,0.281,0.32,0.28200000000000003,0.339,2.837,2018.36767578125,809.97607421875,28.865970611572266,,False,
1783703783.7693746,2026-07-10T10:16:23,215361,20260710_101616,,,,,,arming,,,,,,,,,False,0.023799367249011993,0.0017521254485473037,0.9986904263496399,-0.2899550795555115,-0.17941796779632568,-0.06622102856636047,-256.0,3.0,65.0,23.0,0.023,0.0008455106872133911,5.473419150803238e-06,0.02365410327911377,0.00411921227350831,-7.3862676799763e-05,0.00588430417701602,0.20853443443775177,1.2660707235336304,0.006388144567608833,0.02371358312666416,0.005916244816035032,3.4132190194213763e-06,0.00018980463210027665,3.7002933025360107,10.0,0.0,0.0,0.0,0.0,0.0,0.28400000000000003,0.32,0.28200000000000003,0.339,2.837,2018.36767578125,809.97607421875,28.865970611572266,,False,
1783703783.779556,2026-07-10T10:16:23,215371,20260710_101616,,,,,,arming,,,,,,,,,False,0.025188535451889038,0.003974644932895899,1.000935673713684,-0.19584958255290985,0.06848927587270737,0.17010222375392914,0.0,0.0,70.0,23.0,0.023,0.0008455106872133911,5.473419150803238e-06,0.02365410327911377,0.00411921227350831,-7.3862676799763e-05,0.00588430417701602,0.20853443443775177,1.2660707235336304,0.006388144567608833,0.02371358312666416,0.005916244816035032,3.4132190194213763e-06,0.00018980463210027665,3.7002933025360107,10.0,0.0,0.0,0.0,0.0,0.0,0.28400000000000003,0.32,0.28200000000000003,0.339,2.837,2018.323974609375,809.9797973632812,28.874940872192383,,False,
1783703783.7897096,2026-07-10T10:16:23,215381,20260710_101616,,,,,,arming,,,,,,,,,False,0.024650054052472115,0.004733364097774029,0.9995183348655701,0.07816203683614731,-0.28031566739082336,-0.3498270511627197,0.0,0.0,70.0,23.0,0.023,0.0012344068381935358,1.2607743883563671e-05,0.02377287857234478,0.005838385317474604,-0.00019333332602400333,0.005974652711302042,0.2071196287870407,1.2521265745162964,0.0037311185151338577,0.02371358312666416,0.005916244816035032,3.4132190194213763e-06,0.00018980463210027665,3.7002933025360107,10.0,0.0,0.0,0.0,0.0,0.0,0.28400000000000003,0.32,0.28200000000000003,0.339,2.837,2018.323974609375,809.9797973632812,28.874940872192383,,False,
1783703783.799856,2026-07-10T10:16:23,215391,20260710_101616,,,,,,arming,,,,,,,,,False,0.02421554923057556,0.003913259599357843,0.9994248151779175,0.07125778496265411,-0.38975289463996887,0.10074291378259659,0.0,-1.0,73.0,23.0,0.023,0.0012344068381935358,1.2607743883563671e-05,0.02377287857234478,0.005838385317474604,-0.00019333332602400333,0.005974652711302042,0.2071196287870407,1.2521265745162964,0.0037311185151338577,0.02371358312666416,0.005916244816035032,3.4132190194213763e-06,0.00018980463210027665,3.7002933025360107,10.0,0.0,0.0,0.0,0.0,0.0,0.28400000000000003,0.32,0.28200000000000003,0.339,2.837,2018.323974609375,809.9797973632812,28.874940872192383,,False,
1783703783.8099961,2026-07-10T10:16:23,215401,20260710_101616,,,,,,arming,,,,,,,,,False,0.024287251755595207,0.004199578892439604,1.0001906156539917,0.2840100824832916,0.3986004889011383,0.013457415625452995,0.0,1.0,57.0,23.0,0.023,0.00041403810610063374,5.126189535076264e-06,0.023512285202741623,0.002429562620818615,-2.9658995117642917e-05,0.004019377753138542,0.20700353384017944,1.279905915260315,0.003015705617144704,0.02371358312666416,0.005916244816035032,3.4132190194213763e-06,0.00018980463210027665,3.7002933025360107,10.0,0.0,0.0,0.0,0.0,0.0,0.28400000000000003,0.32,0.28200000000000003,0.339,2.837,2018.323974609375,809.9797973632812,28.874940872192383,,False,
1783703783.8201313,2026-07-10T10:16:23,215411,20260710_101616,,,,,,arming,,,,,,,,,False,0.023399386554956436,0.006257588509470224,0.9998268485069275,0.05124624818563461,-0.3916853070259094,0.0934915840625763,0.0,-1.0,55.0,23.0,0.023,0.00041403810610063374,5.126189535076264e-06,0.023512285202741623,0.002429562620818615,-2.9658995117642917e-05,0.004019377753138542,0.20700353384017944,1.279905915260315,0.003015705617144704,0.023592595010995865,0.003969231620430946,3.315090452815639e-06,0.00018463045125827193,3.695014715194702,10.0,0.0,0.0,0.0,0.0,0.0,0.28400000000000003,32.766,0.28300000000000003,32.766,2.832,2018.323974609375,809.9797973632812,28.874940872192383,,False,
1783703783.830274,2026-07-10T10:16:23,215421,20260710_101616,,,,,,arming,,,,,,,,,False,0.02294188365340233,0.004434633534401655,1.0002325773239136,-0.13821707665920258,-0.08293674886226654,0.043977826833724976,0.0,1.0,66.0,23.0,0.023,0.0003910681698471308,-7.932190783321857e-06,0.023593207821249962,0.002368131885305047,9.503738510829862e-06,0.004061382729560137,0.20837658643722534,1.2788842916488647,0.003445541951805353,0.023592595010995865,0.003969231620430946,3.315090452815639e-06,0.00018463045125827193,3.695014715194702,10.0,0.0,0.0,0.0,0.0,0.0,0.28400000000000003,32.766,0.28300000000000003,32.766,2.832,2018.323974609375,809.9797973632812,28.874940872192383,,False,
1783703783.8404148,2026-07-10T10:16:23,215433,20260710_101616,,,,,,arming,,,,,,,,,False,0.023709604516625404,0.003257043194025755,1.001220703125,0.05036138370633125,-0.283197820186615,-0.02899046801030636,1.0,0.0,73.0,23.0,0.023,0.0003910681698471308,-7.932190783321857e-06,0.023593207821249962,0.002368131885305047,9.503738510829862e-06,0.004061382729560137,0.20837658643722534,1.2788842916488647,0.003445541951805353,0.023592595010995865,0.003969231620430946,3.315090452815639e-06,0.00018463045125827193,3.695014715194702,10.0,0.0,0.0,0.0,0.0,0.0,0.28400000000000003,32.766,0.28300000000000003,32.766,2.832,2018.323974609375,809.9797973632812,28.874940872192383,,False,
1783703783.8505483,2026-07-10T10:16:23,215443,20260710_101616,,,,,,arming,,,,,,,,,False,0.02543197199702263,0.0028893938288092613,1.002010703086853,0.0926748737692833,0.11661911755800247,-0.017127705737948418,-1.0,1.0,72.0,23.0,0.023,0.001760873245075345,-0.0003560871700756252,0.023675430566072464,0.008260753005743027,-0.0012397803366184235,0.004157100338488817,0.21857520937919617,1.2353222370147705,0.004576513543725014,0.023592595010995865,0.003969231620430946,3.315090452815639e-06,0.00018463045125827193,3.695014715194702,10.0,0.0,0.0,0.0,0.0,0.0,0.28400000000000003,32.766,0.28300000000000003,32.766,2.832,2018.323974609375,809.9797973632812,28.874940872192383,,False,
1783703783.8606954,2026-07-10T10:16:23,215453,20260710_101616,,,,,,arming,,,,,,,,,False,0.026082951575517654,0.0021238713525235653,1.0013741254806519,0.01730981469154358,0.06634898483753204,0.00667321402579546,-256.0,1.0,71.0,23.0,0.023,0.001760873245075345,-0.0003560871700756252,0.023675430566072464,0.008260753005743027,-0.0012397803366184235,0.004157100338488817,0.21857520937919617,1.2353222370147705,0.004576513543725014,0.023592595010995865,0.003969231620430946,3.315090452815639e-06,0.00018463045125827193,3.695014715194702,10.0,0.0,0.0,0.0,0.0,0.0,0.28400000000000003,32.766,0.28300000000000003,32.766,2.832,2018.323974609375,809.9797973632812,28.874940872192383,,False,
1783703783.8708534,2026-07-10T10:16:23,215463,20260710_101616,,,,,,arming,,,,,,,,,False,0.023646190762519836,0.0022266993764787912,0.9997168779373169,-0.16328659653663635,-0.1988949477672577,-0.1378798633813858,-256.0,1.0,71.0,23.0,0.023,0.0006918770377524197,-1.2418791811796837e-05,0.02347266860306263,0.0035442644730210304,0.00015839045227039605,0.0031279167160391808,0.20730794966220856,1.273105263710022,0.003881915472447872,0.023504532873630524,0.00315766385756433,3.413217882552999e-06,0.0001897935289889574,3.7002933025360107,10.0,0.0,0.0,0.0,0.0,0.0,0.277,32.766,0.28300000000000003,32.766,2.832,2018.2584228515625,809.9855346679688,28.885761260986328,,False,
1783703783.8810024,2026-07-10T10:16:23,215473,20260710_101616,,,,,,arming,,,,,,,,,False,0.024330632761120796,0.0024088050704449415,0.9985755681991577,0.2164442539215088,0.2848473787307739,0.029938144609332085,0.0,0.0,73.0,23.0,0.023,0.0006918770377524197,-1.2418791811796837e-05,0.02347266860306263,0.0035442644730210304,0.00015839045227039605,0.0031279167160391808,0.20730794966220856,1.273105263710022,0.003881915472447872,0.023504532873630524,0.00315766385756433,3.413217882552999e-06,0.0001897935289889574,3.7002933025360107,10.0,0.0,0.0,0.0,0.0,0.0,0.277,32.766,0.28300000000000003,32.766,2.832,2018.2584228515625,809.9855346679688,28.885761260986328,,False,
1783703783.8911474,2026-07-10T10:16:23,215483,20260710_101616,,,,,,arming,,,,,,,,,False,0.02402571029961109,0.0043267603032290936,0.99989253282547,0.2910328209400177,0.10865902900695801,0.0009368672035634518,0.0,0.0,73.0,23.0,0.023,0.000768947065807879,-1.1434107364038937e-05,0.023536890745162964,0.004061788786202669,-7.84570729592815e-05,0.003226543078199029,0.2063525766134262,1.2699137926101685,0.0038417531177401543,0.023504532873630524,0.00315766385756433,3.413217882552999e-06,0.0001897935289889574,3.7002933025360107,10.0,0.0,0.0,0.0,0.0,0.0,0.277,32.766,0.28300000000000003,32.766,2.832,2018.2584228515625,809.9855346679688,28.885761260986328,,False,
1783703783.9013207,2026-07-10T10:16:23,215493,20260710_101616,,,,,,arming,,,,,,,,,False,0.024962296709418297,0.0047913528978824615,1.0011907815933228,0.12385012954473495,-0.06747622042894363,0.14472514390945435,0.0,0.0,54.0,22.0,0.022,0.000768947065807879,-1.1434107364038937e-05,0.023536890745162964,0.004061788786202669,-7.84570729592815e-05,0.003226543078199029,0.2063525766134262,1.2699137926101685,0.0038417531177401543,0.023504532873630524,0.00315766385756433,3.413217882552999e-06,0.0001897935289889574,3.7002933025360107,10.0,0.0,0.0,0.0,0.0,0.0,0.277,32.766,0.28300000000000003,32.766,2.832,2018.2584228515625,809.9855346679688,28.885761260986328,,False,
1783703783.9114678,2026-07-10T10:16:23,215503,20260710_101616,,,,,,arming,,,,,,,,,False,0.022037465125322342,0.003698847722262144,0.9994950890541077,-0.21503901481628418,-0.3618365228176117,-0.08309890329837799,1.0,-3.0,54.0,22.0,0.022,0.0008666468784213066,-1.1315189112792723e-05,0.022914038971066475,0.004560820292681456,-7.110095612006262e-05,-0.0004388555244076997,0.20824623107910156,1.2647980451583862,0.002962615806609392,0.023504532873630524,0.00315766385756433,3.413217882552999e-06,0.0001897935289889574,3.7002933025360107,10.0,0.0,0.0,0.0,0.0,0.0,0.277,32.766,0.28300000000000003,32.766,2.832,2018.2584228515625,809.9855346679688,28.885761260986328,,False,
1783703783.9216034,2026-07-10T10:16:23,215513,20260710_101616,,,,,,arming,,,,,,,,,False,0.023695368319749832,0.003068727906793356,0.9976693391799927,-0.1315874457359314,-0.08299365639686584,-0.10386127978563309,-1.0,3.0,64.0,22.0,0.022,0.0008666468784213066,-1.1315189112792723e-05,0.022914038971066475,0.004560820292681456,-7.110095612006262e-05,-0.0004388555244076997,0.20824623107910156,1.2647980451583862,0.002962615806609392,0.022905070334672928,-0.0005573505186475813,3.3150922718050424e-06,0.0001846347440732643,3.7002933025360107,10.0,0.0,0.0,0.0,0.0,0.0,0.277,32.766,0.281,0.34800000000000003,2.832,2018.2584228515625,809.9855346679688,28.885761260986328,,False,
1783703783.9317446,2026-07-10T10:16:23,215523,20260710_101616,,,,,,arming,,,,,,,,,False,0.024792933836579323,0.002539462875574827,1.0008023977279663,0.10331590473651886,0.0847548395395279,-0.06561731547117233,0.0,0.0,64.0,22.0,0.022,0.000778175366576761,1.8046445120489807e-06,0.022914115339517593,0.003853384405374527,0.00010503444354981184,-0.00032158984686248004,0.2071007490158081,1.273071050643921,0.002289100084453821,0.022905070334672928,-0.0005573505186475813,3.3150922718050424e-06,0.0001846347440732643,3.7002933025360107,10.0,0.0,0.0,0.0,0.0,0.0,0.277,32.766,0.281,0.34800000000000003,2.832,2018.2584228515625,809.9855346679688,28.885761260986328,,False,
1783703783.9418788,2026-07-10T10:16:23,215533,20260710_101616,,,,,,arming,,,,,,,,,False,0.02379012480378151,0.003401918336749077,0.9981667399406433,-0.14076928794384003,-0.15983468294143677,-0.06149454787373543,0.0,0.0,65.0,22.0,0.022,0.000778175366576761,1.8046445120489807e-06,0.022914115339517593,0.003853384405374527,0.00010503444354981184,-0.00032158984686248004,0.2071007490158081,1.273071050643921,0.002289100084453821,0.022905070334672928,-0.0005573505186475813,3.3150922718050424e-06,0.0001846347440732643,3.7002933025360107,10.0,0.0,0.0,0.0,0.0,0.0,0.277,32.766,0.281,0.34800000000000003,2.832,2018.2584228515625,809.9855346679688,28.885761260986328,,False,
1783703783.952012,2026-07-10T10:16:23,215543,20260710_101616,,,,,,arming,,,,,,,,,False,0.024390384554862976,0.004488443955779076,1.0011082887649536,0.21228854358196259,-0.14139237999916077,0.07265131175518036,0.0,0.0,74.0,26.0,0.026,0.0008590025245212018,2.7535800199984806e-06,0.022905750200152397,0.0042566098272800446,-3.7224101106403396e-05,-0.00041596658411435783,0.20754505693912506,1.2699817419052124,0.001955512212589383,0.022905070334672928,-0.0005573505186475813,3.3150922718050424e-06,0.0001846347440732643,3.7002933025360107,10.0,0.0,0.0,0.0,0.0,0.0,0.277,32.766,0.281,0.34800000000000003,2.832,2018.2584228515625,809.9855346679688,28.885761260986328,,False,
1783703783.9621525,2026-07-10T10:16:23,215553,20260710_101616,,,,,,arming,,,,,,,,,False,0.023283064365386963,0.004596829880028963,1.0005533695220947,0.14845973253250122,0.10245142877101898,-0.21589751541614532,0.0,0.0,56.0,26.0,0.026,0.0008590025245212018,2.7535800199984806e-06,0.022905750200152397,0.0042566098272800446,-3.7224101106403396e-05,-0.00041596658411435783,0.20754505693912506,1.2699817419052124,0.001955512212589383,0.022905070334672928,-0.0005573505186475813,3.3150922718050424e-06,0.0001846347440732643,3.7002933025360107,10.0,0.0,0.0,0.0,0.0,0.0,0.277,32.766,0.281,0.34800000000000003,2.832,2018.2584228515625,809.9855346679688,28.885761260986328,,False,
1783703783.9723105,2026-07-10T10:16:23,215563,20260710_101616,,,,,,arming,,,,,,,,,False,0.0216458048671484,0.003839649260044098,1.0028232336044312,0.06951243430376053,-0.3338148891925812,-0.031094543635845184,0.0,-1.0,67.0,26.0,0.026,0.0009249334689229727,-3.3168503250635695e-06,0.024249739944934845,0.004534768871963024,9.721741662360728e-06,0.006043825298547745,0.2106020748615265,1.2682188749313354,0.005026885773986578,0.02431090548634529,0.006085630971938372,3.413244940020377e-06,0.00018981186440214515,3.7002933025360107,10.0,0.0,0.0,0.0,0.0,0.0,0.28300000000000003,32.766,0.281,0.34800000000000003,2.832,2018.241943359375,809.9872436523438,28.894346237182617,,False,
1783703783.9824588,2026-07-10T10:16:23,215575,20260710_101616,,,,,,arming,,,,,,,,,False,0.02226930484175682,0.0039632138796150684,0.9993221163749695,-0.05186385661363602,-0.11115685850381851,0.01818288490176201,0.0,-1.0,67.0,26.0,0.026,0.0013382420875132084,-2.2656458895653486e-06,0.024373609572649002,0.005962972063571215,0.00011456473293947056,0.006453948561102152,0.2106020748615265,1.2682188749313354,0.005026885773986578,0.02431090548634529,0.006085630971938372,3.413244940020377e-06,0.00018981186440214515,3.7002933025360107,10.0,0.0,0.0,0.0,0.0,0.0,0.28300000000000003,32.766,0.281,0.34800000000000003,2.832,2018.241943359375,809.9872436523438,28.894346237182617,,False,
1783703783.992595,2026-07-10T10:16:23,215583,20260710_101616,,,,,,arming,,,,,,,,,False,0.022141078487038612,0.0028022516053169966,0.9997392296791077,0.07945239543914795,-0.16869071125984192,0.06780114024877548,0.0,0.0,66.0,26.0,0.026,0.0013382420875132084,-2.2656458895653486e-06,0.024373609572649002,0.005962972063571215,0.00011456473293947056,0.006453948561102152,0.21171781420707703,1.2573964595794678,0.0043433308601379395,0.02431090548634529,0.006085630971938372,3.413244940020377e-06,0.00018981186440214515,3.7002933025360107,10.0,0.0,0.0,0.0,0.0,0.0,0.28300000000000003,32.766,0.281,0.34800000000000003,2.832,2018.241943359375,809.9872436523438,28.894346237182617,,False,
1783703784.0027385,2026-07-10T10:16:24,215595,20260710_101616,,,,,,arming,,,,,,,,,False,0.023466110229492188,0.003576936898753047,0.9996837973594666,0.08924906700849533,0.3619145452976227,0.19080282747745514,0.0,0.0,65.0,24.0,0.024,4.6466182539006695e-05,-2.975974894070532e-06,0.024289892986416817,0.00015107603394426405,4.478803384699859e-05,0.0053245387971401215,0.21171781420707703,1.2573964595794678,0.0043433308601379395,0.02431090548634529,0.006085630971938372,3.413244940020377e-06,0.00018981186440214515,3.7002933025360107,10.0,0.0,0.0,0.0,0.0,0.0,0.28300000000000003,32.766,0.281,0.34800000000000003,2.832,2018.241943359375,809.9872436523438,28.894346237182617,,False,
1783703784.012885,2026-07-10T10:16:24,215603,20260710_101616,,,,,,arming,,,,,,,,,False,0.023930497467517853,0.00276375119574368,1.001752495765686,0.36559557914733887,0.315569132566452,-0.06202944368124008,0.0,254.0,61.0,24.0,0.024,4.6466182539006695e-05,-2.975974894070532e-06,0.024289892986416817,0.00015107603394426405,4.478803384699859e-05,0.0053245387971401215,0.21224434673786163,1.2985899448394775,0.004512193147093058,0.02431090548634529,0.006085630971938372,3.413244940020377e-06,0.00018981186440214515,3.7002933025360107,10.0,0.0,0.0,0.0,0.0,0.0,0.28300000000000003,32.766,0.281,0.34800000000000003,2.832,2018.241943359375,809.9872436523438,28.894346237182617,,False,
1783703784.0230675,2026-07-10T10:16:24,215615,20260710_101616,,,,,,arming,,,,,,,,,False,0.025938836857676506,0.0036872585769742727,1.0000386238098145,0.006682009901851416,0.42336127161979675,-0.14425721764564514,0.0,-256.0,69.0,24.0,0.024,0.000932724098674953,-1.6984509784379043e-05,0.024399790912866592,0.004031282849609852,-0.00010327432391932234,0.005573979578912258,0.21224434673786163,1.2985899448394775,0.004512193147093058,0.024399790912866592,0.005484188441187143,3.3151036404888146e-06,0.00018464103050064296,3.695014715194702,10.0,0.0,0.0,0.0,0.0,0.0,0.28300000000000003,32.766,0.28,0.34600000000000003,2.843,2018.241943359375,809.9872436523438,28.894346237182617,,False,
1783703784.0332198,2026-07-10T10:16:24,215623,20260710_101616,,,,,,arming,,,,,,,,,False,0.022914331406354904,0.0020428786519914865,1.0013487339019775,0.12518112361431122,-0.318623811006546,-0.0021610786207020283,0.0,0.0,59.0,24.0,0.024,0.000932724098674953,-1.6984509784379043e-05,0.024399790912866592,0.004031282849609852,-0.00010327432391932234,0.005573979578912258,0.2159222662448883,1.2622150182724,0.004915304481983185,0.024399790912866592,0.005484188441187143,3.3151036404888146e-06,0.00018464103050064296,3.695014715194702,10.0,0.0,0.0,0.0,0.0,0.0,0.28300000000000003,32.766,0.28,0.34600000000000003,2.843,2018.241943359375,809.9872436523438,28.894346237182617,,False,
1783703784.043555,2026-07-10T10:16:24,215635,20260710_101616,,,,,,arming,,,,,,,,,False,0.024509470909833908,0.0040405816398561,0.9996756315231323,0.07508154958486557,0.15552739799022675,-0.02629733644425869,0.0,0.0,72.0,24.0,0.024,0.0013613211922347546,-1.4753675714018755e-05,0.024512195959687233,0.005936773959547281,-0.0002623710606712848,0.00578227499499917,0.2159222662448883,1.2622150182724,0.004915304481983185,0.024399790912866592,0.005484188441187143,3.3151036404888146e-06,0.00018464103050064296,3.695014715194702,10.0,0.0,0.0,0.0,0.0,0.0,0.28300000000000003,32.766,0.28,0.34600000000000003,2.843,2018.241943359375,809.9872436523438,28.894346237182617,,False,
1783703784.053717,2026-07-10T10:16:24,215643,20260710_101616,,,,,,arming,,,,,,,,,False,0.023683415725827217,0.005575812887400389,0.9985645413398743,0.11055093258619308,-0.03307001665234566,-0.33560341596603394,0.0,2.0,71.0,22.0,0.022,0.0013613211922347546,-1.4753675714018755e-05,0.024512195959687233,0.005936773959547281,-0.0002623710606712848,0.00578227499499917,0.21681898832321167,1.2482112646102905,0.004710035864263773,0.024399790912866592,0.005484188441187143,3.3151036404888146e-06,0.00018464103050064296,3.695014715194702,10.0,0.0,0.0,0.0,0.0,0.0,0.28300000000000003,32.766,0.28,0.34600000000000003,2.843,2018.241943359375,809.9872436523438,28.894346237182617,,False,
1783703784.0638757,2026-07-10T10:16:24,215655,20260710_101616,,,,,,arming,,,,,,,,,False,0.024092601612210274,0.003311654319986701,0.9991590976715088,-0.009217051789164543,-0.04347509518265724,-0.0873112827539444,0.0,2.0,58.0,22.0,0.022,0.0005070028710179031,-1.901405084936414e-05,0.023531261831521988,0.0024161275941878557,-8.413357136305422e-05,0.00043259619269520044,0.21681898832321167,1.2482112646102905,0.004710035864263773,0.024399790912866592,0.005484188441187143,3.3151036404888146e-06,0.00018464103050064296,3.695014715194702,10.0,0.0,0.0,0.0,0.0,0.0,0.28300000000000003,32.766,0.28,0.34600000000000003,2.843,2018.241943359375,809.9872436523438,28.894346237182617,,False,
1783703784.0740228,2026-07-10T10:16:24,215663,20260710_101616,,,,,,arming,,,,,,,,,False,0.022992946207523346,0.0025886469520628452,1.0023270845413208,0.15017817914485931,-0.17891329526901245,0.09532096982002258,1.0,-4.0,71.0,22.0,0.022,0.0005070028710179031,-1.901405084936414e-05,0.023531261831521988,0.0024161275941878557,-8.413357136305422e-05,0.00043259619269520044,0.21694429218769073,1.274566411972046,0.0035845341626554728,0.023535698652267456,0.00039840623503550887,3.4132331165892538e-06,0.00018981019093189389,3.7002933025360107,10.0,0.0,0.0,0.0,0.0,0.0,32.766,32.766,0.28,0.34600000000000003,2.843,2018.274658203125,809.984130859375,28.90494728088379,,False,
1783703784.0841675,2026-07-10T10:16:24,215675,20260710_101616,,,,,,arming,,,,,,,,,False,0.023228611797094345,0.002596444683149457,1.0014636516571045,0.05272114649415016,0.25003743171691895,-0.11315322667360306,0.0,-4.0,71.0,22.0,0.022,0.0022319110576063395,-0.0004568403528537601,0.023541681468486786,0.009451689198613167,-0.0020511604379862547,0.000680130731780082,0.21694429218769073,1.274566411972046,0.0035845341626554728,0.023535698652267456,0.00039840623503550887,3.4132331165892538e-06,0.00018981019093189389,3.7002933025360107,10.0,0.0,0.0,0.0,0.0,0.0,32.766,32.766,0.28,0.34600000000000003,2.843,2018.274658203125,809.984130859375,28.90494728088379,,False,
1783703784.0943215,2026-07-10T10:16:24,215683,20260710_101616,,,,,,arming,,,,,,,,,False,0.0245199054479599,0.003892796579748392,1.0006604194641113,-0.09517388790845871,-0.05979705601930618,-0.02089068852365017,255.0,0.0,63.0,22.0,0.022,0.0022319110576063395,-0.0004568403528537601,0.023541681468486786,0.009451689198613167,-0.0020511604379862547,0.000680130731780082,0.2301916629076004,1.2256617546081543,0.003071870654821396,0.023535698652267456,0.00039840623503550887,3.4132331165892538e-06,0.00018981019093189389,3.7002933025360107,10.0,0.0,0.0,0.0,0.0,0.0,32.766,32.766,0.28,0.34600000000000003,2.843,2018.274658203125,809.984130859375,28.90494728088379,,False,
1783703784.1044645,2026-07-10T10:16:24,215695,20260710_101616,,,,,,arming,,,,,,,,,False,0.02408471517264843,0.004399946890771389,0.9990860223770142,0.07831692695617676,0.05985293164849281,-0.12064868211746216,0.0,1.0,55.0,23.0,0.023,6.172483699629083e-05,-1.9616174540715292e-05,0.023327885195612907,0.00036244638613425195,-0.00021867129544261843,-0.00035267279599793255,0.2301916629076004,1.2256617546081543,0.003071870654821396,0.023535698652267456,0.00039840623503550887,3.4132331165892538e-06,0.00018981019093189389,3.7002933025360107,10.0,0.0,0.0,0.0,0.0,0.0,32.766,32.766,0.28,0.34600000000000003,2.843,2018.274658203125,809.984130859375,28.90494728088379,,False,
1783703784.1145968,2026-07-10T10:16:24,215703,20260710_101616,,,,,,arming,,,,,,,,,False,0.024036433547735214,0.005059161223471165,0.9983876347541809,0.12519408762454987,0.49443814158439636,-0.03826199471950531,0.0,-3.0,60.0,23.0,0.023,6.172483699629083e-05,-1.9616174540715292e-05,0.023327885195612907,0.00036244638613425195,-0.00021867129544261843,-0.00035267279599793255,0.21613295376300812,1.2940423488616943,0.0037984324153512716,0.023535698652267456,0.00039840623503550887,3.4132331165892538e-06,0.00018981019093189389,3.7002933025360107,10.0,0.0,0.0,0.0,0.0,0.0,32.766,32.766,0.28,0.34600000000000003,2.843,2018.274658203125,809.984130859375,28.90494728088379,,False,
1783703784.1247272,2026-07-10T10:16:24,215715,20260710_101616,,,,,,arming,,,,,,,,,False,0.02175503969192505,0.0032427567057311535,1.0004633665084839,-0.12270919978618622,-0.07593796402215958,-0.14724166691303253,2.0,-1.0,69.0,23.0,0.023,0.0015523333568125963,-0.0007623801939189434,0.023320814594626427,0.006595327518880367,-0.0031605816911906004,-0.0005302123608998954,0.21613295376300812,1.2940423488616943,0.0037984324153512716,0.023321673274040222,-0.0006431770161725581,3.315077265142463e-06,0.00018463451124262065,3.695014715194702,10.0,0.0,0.0,0.0,0.0,0.0,32.766,0.316,0.278,0.341,2.846,2018.274658203125,809.984130859375,28.90494728088379,,False,
1783703784.1348548,2026-07-10T10:16:24,215723,20260710_101616,,,,,,arming,,,,,,,,,False,0.02297898381948471,0.002802435075864196,0.9991611838340759,0.01942775398492813,0.029604336246848106,-0.11682993173599243,0.0,-1.0,69.0,23.0,0.023,0.0015523333568125963,-0.0007623801939189434,0.023320814594626427,0.006595327518880367,-0.0031605816911906004,-0.0005302123608998954,0.239164799451828,1.2433009147644043,0.004283798858523369,0.023321673274040222,-0.0006431770161725581,3.315077265142463e-06,0.00018463451124262065,3.695014715194702,10.0,0.0,0.0,0.0,0.0,0.0,32.766,0.316,0.278,0.341,2.846,2018.274658203125,809.984130859375,28.90494728088379,,False,
1783703784.1449888,2026-07-10T10:16:24,215735,20260710_101616,,,,,,arming,,,,,,,,,False,0.024135960265994072,0.0032556988298892975,1.0003736019134521,0.15511128306388855,0.01610272005200386,-0.259905070066452,-2.0,-1.0,72.0,23.0,0.023,0.0007656596717424691,-2.312322976649739e-05,0.023320602253079414,0.0028542927466332912,-1.811551373975817e-05,-0.00043724701390601695,0.239164799451828,1.2433009147644043,0.004283798858523369,0.023321673274040222,-0.0006431770161725581,3.315077265142463e-06,0.00018463451124262065,3.695014715194702,10.0,0.0,0.0,0.0,0.0,0.0,32.766,0.316,0.278,0.341,2.846,2018.274658203125,809.984130859375,28.90494728088379,,False,
1783703784.1551158,2026-07-10T10:16:24,215743,20260710_101616,,,,,,arming,,,,,,,,,False,0.02432895079255104,0.003639000002294779,1.0005149841308594,0.08587989956140518,-0.08311422914266586,0.10835358500480652,-1.0,0.0,66.0,25.0,0.025,0.0007656596717424691,-2.312322976649739e-05,0.023320602253079414,0.0028542927466332912,-1.811551373975817e-05,-0.00043724701390601695,0.2122194916009903,1.271342158317566,0.005112094804644585,0.023321673274040222,-0.0006431770161725581,3.315077265142463e-06,0.00018463451124262065,3.695014715194702,10.0,0.0,0.0,0.0,0.0,0.0,32.766,0.316,0.278,0.341,2.846,2018.274658203125,809.984130859375,28.90494728088379,,False,
1783703784.1652467,2026-07-10T10:16:24,215755,20260710_101616,,,,,,arming,,,,,,,,,False,0.023176437243819237,0.00468618655577302,1.000685691833496,-0.08672498166561127,-0.03942522034049034,-0.08964856714010239,-256.0,0.0,61.0,25.0,0.025,0.0007678016554564238,0.0003233553725294769,0.024046827107667923,0.0030006987508386374,0.0013717596884816885,0.003183237509801984,0.2122194916009903,1.271342158317566,0.005112094804644585,0.023321673274040222,-0.0006431770161725581,3.315077265142463e-06,0.00018463451124262065,3.695014715194702,10.0,0.0,0.0,0.0,0.0,0.0,32.766,0.316,0.278,0.341,2.846,2018.274658203125,809.984130859375,28.90494728088379,,False,
1783703784.1754034,2026-07-10T10:16:24,215763,20260710_101616,,,,,,arming,,,,,,,,,False,0.0226781964302063,0.003621135139837861,0.9986582398414612,0.057824667543172836,0.4092191159725189,-0.041028011590242386,0.0,0.0,67.0,25.0,0.025,0.0007678016554564238,0.0003233553725294769,0.024046827107667923,0.0030006987508386374,0.0013717596884816885,0.003183237509801984,0.20288041234016418,1.270113468170166,0.006368786562234163,0.024078864604234695,0.003150123870000243,3.413219928916078e-06,0.00018979735614266247,3.7002933025360107,10.0,0.0,0.0,0.0,0.0,0.0,0.28500000000000003,0.316,0.278,0.341,2.846,2018.3021240234375,809.98193359375,28.910987854003906,,False,
1783703784.185579,2026-07-10T10:16:24,215778,20260710_101616,,,,,,arming,,,,,,,,,False,0.025253668427467346,0.004319877363741398,1.0020081996917725,-0.11312562972307205,-0.29951900243759155,-0.13672742247581482,0.0,0.0,67.0,25.0,0.025,0.0008295204606838524,0.000352714880136773,0.024110794067382812,0.0031702949199825525,0.0014902397524565458,0.0031616862397640944,0.20261158049106598,1.2652006149291992,0.007284349761903286,0.024078864604234695,0.003150123870000243,3.413219928916078e-06,0.00018979735614266247,3.7002933025360107,10.0,0.0,0.0,0.0,0.0,0.0,0.28500000000000003,0.316,0.278,0.341,2.846,2018.3021240234375,809.98193359375,28.910987854003906,,False,
1783703784.195723,2026-07-10T10:16:24,215783,20260710_101616,,,,,,arming,,,,,,,,,False,0.02581452578306198,0.004818671848624945,1.000954508781433,0.15203270316123962,0.021579105406999588,-0.16662153601646423,0.0,0.0,62.0,25.0,0.025,0.0008295204606838524,0.000352714880136773,0.024110794067382812,0.0031702949199825525,0.0014902397524565458,0.0031616862397640944,0.20261158049106598,1.2652006149291992,0.007284349761903286,0.024078864604234695,0.003150123870000243,3.413219928916078e-06,0.00018979735614266247,3.7002933025360107,10.0,0.0,0.0,0.0,0.0,0.0,0.28500000000000003,0.316,0.278,0.341,2.846,2018.3021240234375,809.98193359375,28.910987854003906,,False,
1783703784.2058578,2026-07-10T10:16:24,215798,20260710_101616,,,,,,arming,,,,,,,,,False,0.02486303821206093,0.003626896534115076,0.9999354481697083,-0.06175626069307327,0.11593907326459885,-0.1616532951593399,0.0,1.0,58.0,21.0,0.021,0.00046297034714370966,0.0003676656633615494,0.022816063836216927,0.0019519131164997816,0.0016077242325991392,-0.0036154608242213726,0.20178186893463135,1.2782726287841797,0.007359180133789778,0.024078864604234695,0.003150123870000243,3.413219928916078e-06,0.00018979735614266247,3.7002933025360107,10.0,0.0,0.0,0.0,0.0,0.0,0.28500000000000003,0.316,0.278,0.341,2.846,2018.3021240234375,809.98193359375,28.910987854003906,,False,
1783703784.2159956,2026-07-10T10:16:24,215803,20260710_101616,,,,,,arming,,,,,,,,,False,0.024535205215215683,0.0035524736158549786,1.0015941858291626,-0.3075049817562103,-0.3945311903953552,0.12036851048469543,0.0,-2.0,57.0,21.0,0.021,0.00046297034714370966,0.0003676656633615494,0.022816063836216927,0.0019519131164997816,0.0016077242325991392,-0.0036154608242213726,0.20178186893463135,1.2782726287841797,0.007359180133789778,0.024078864604234695,0.003150123870000243,3.413219928916078e-06,0.00018979735614266247,3.7002933025360107,10.0,0.0,0.0,0.0,0.0,0.0,0.28500000000000003,0.316,0.278,0.341,2.846,2018.3021240234375,809.98193359375,28.910987854003906,,False,
1783703784.2261343,2026-07-10T10:16:24,215818,20260710_101616,,,,,,arming,,,,,,,,,False,0.02468223124742508,0.0028422968462109566,1.0001177787780762,-0.1721958965063095,-0.01046381238847971,0.25207510590553284,0.0,-255.0,70.0,21.0,0.021,0.0007837876910343766,0.0003587292449083179,0.02274690382182598,0.003499681828543544,0.0014163486193865538,-0.003405905095860362,0.20014406740665436,1.2725611925125122,0.0075065516866743565,0.02274565026164055,-0.0035324112977832556,3.3150820399896475e-06,0.00018463404558133334,3.7002933025360107,10.0,0.0,0.0,0.0,0.0,0.0,0.28500000000000003,32.766,0.277,0.34500000000000003,32.766,2018.3021240234375,809.98193359375,28.910987854003906,,False,
1783703784.2363205,2026-07-10T10:16:24,215823,20260710_101616,,,,,,arming,,,,,,,,,False,0.023168936371803284,0.003668459365144372,0.9984860420227051,0.17708240449428558,-0.010662662796676159,-0.1641276776790619,0.0,0.0,67.0,21.0,0.021,0.0007837876910343766,0.0003587292449083179,0.02274690382182598,0.003499681828543544,0.0014163486193865538,-0.003405905095860362,0.20014406740665436,1.2725611925125122,0.0075065516866743565,0.02274565026164055,-0.0035324112977832556,3.3150820399896475e-06,0.00018463404558133334,3.7002933025360107,10.0,0.0,0.0,0.0,0.0,0.0,0.28500000000000003,32.766,0.277,0.34500000000000003,32.766,2018.3021240234375,809.98193359375,28.910987854003906,,False,
1783703784.246481,2026-07-10T10:16:24,215838,20260710_101616,,,,,,arming,,,,,,,,,False,0.02267167530953884,0.005391682032495737,1.0008219480514526,-0.08354360610246658,-0.11302019655704498,-0.001564646023325622,0.0,0.0,64.0,21.0,0.021,0.0008580150315538049,0.00038633335498161614,0.022678539156913757,0.0038262212183326483,0.0013973400928080082,-0.003480234183371067,0.20073777437210083,1.2695626020431519,0.00681092357262969,0.02274565026164055,-0.0035324112977832556,3.3150820399896475e-06,0.00018463404558133334,3.7002933025360107,10.0,0.0,0.0,0.0,0.0,0.0,0.28500000000000003,32.766,0.277,0.34500000000000003,32.766,2018.3021240234375,809.98193359375,28.910987854003906,,False,
1783703784.2566187,2026-07-10T10:16:24,215843,20260710_101616,,,,,,arming,,,,,,,,,False,0.023134861141443253,0.005020115990191698,0.9975084662437439,0.3457503616809845,0.26282981038093567,0.009077772498130798,0.0,1.0,64.0,20.0,0.02,0.0008580150315538049,0.00038633335498161614,0.022678539156913757,0.0038262212183326483,0.0013973400928080082,-0.003480234183371067,0.20073777437210083,1.2695626020431519,0.00681092357262969,0.02274565026164055,-0.0035324112977832556,3.3150820399896475e-06,0.00018463404558133334,3.7002933025360107,10.0,0.0,0.0,0.0,0.0,0.0,0.28500000000000003,32.766,0.277,0.34500000000000003,32.766,2018.3021240234375,809.98193359375,28.910987854003906,,False,
1783703784.2668104,2026-07-10T10:16:24,215859,20260710_101616,,,,,,arming,,,,,,,,,False,0.025206847116351128,0.0012394740479066968,0.9988074898719788,0.07382524013519287,-0.1512756645679474,0.11272810399532318,0.0,1.0,62.0,20.0,0.02,0.0008158605196513236,0.00035471643786877394,0.021438224241137505,0.003600479569286108,0.0014162578154355288,-0.00920903030782938,0.20337609946727753,1.2696280479431152,0.006997778546065092,0.02134588547050953,-0.009346622973680496,3.41321333507949e-06,0.00018980195454787463,3.7002933025360107,10.0,0.0,0.0,0.0,0.0,0.0,0.28500000000000003,32.766,0.277,0.34500000000000003,32.766,2018.3021240234375,809.98193359375,28.910987854003906,,False,
1783703784.2769933,2026-07-10T10:16:24,215863,20260710_101616,,,,,,arming,,,,,,,,,False,0.024226492270827293,0.0037740501575171947,1.0007261037826538,-0.16128218173980713,0.05221434310078621,0.030875246971845627,2.0,-3.0,60.0,20.0,0.02,0.0008158605196513236,0.00035471643786877394,0.021438224241137505,0.003600479569286108,0.0014162578154355288,-0.00920903030782938,0.20337609946727753,1.2696280479431152,0.006997778546065092,0.02134588547050953,-0.009346622973680496,3.41321333507949e-06,0.00018980195454787463,3.7002933025360107,10.0,0.0,0.0,0.0,0.0,0.0,32.766,32.766,0.277,0.34500000000000003,32.766,2018.460693359375,809.9675903320312,28.918676376342773,,False,
1783703784.2871299,2026-07-10T10:16:24,215878,20260710_101616,,,,,,arming,,,,,,,,,False,0.02574588917195797,0.005654274486005306,1.0013717412948608,0.16806036233901978,-0.15986692905426025,-0.0081173125654459,255.0,-3.0,60.0,20.0,0.02,0.0007693922962062061,-9.808534287003567e-07,0.0212626401335001,0.003504066960886121,-0.0002651349059306085,-0.009099295362830162,0.21368372440338135,1.2740367650985718,0.008967082016170025,0.02134588547050953,-0.009346622973680496,3.41321333507949e-06,0.00018980195454787463,3.7002933025360107,10.0,0.0,0.0,0.0,0.0,0.0,32.766,32.766,0.277,0.34500000000000003,32.766,2018.460693359375,809.9675903320312,28.918676376342773,,False,
1783703784.2972558,2026-07-10T10:16:24,215883,20260710_101616,,,,,,arming,,,,,,,,,False,0.025403622537851334,0.005389848258346319,0.99989914894104,-0.052541378885507584,-0.27650803327560425,0.08222806453704834,-256.0,3.0,71.0,20.0,0.02,0.0007693922962062061,-9.808534287003567e-07,0.0212626401335001,0.003504066960886121,-0.0002651349059306085,-0.009099295362830162,0.21368372440338135,1.2740367650985718,0.008967082016170025,0.02134588547050953,-0.009346622973680496,3.41321333507949e-06,0.00018980195454787463,3.7002933025360107,10.0,0.0,0.0,0.0,0.0,0.0,32.766,32.766,0.277,0.34500000000000003,32.766,2018.460693359375,809.9675903320312,28.918676376342773,,False,
1783703784.307394,2026-07-10T10:16:24,215898,20260710_101616,,,,,,arming,,,,,,,,,False,0.025106821209192276,0.0034793305676430464,1.0015665292739868,-0.22890101373195648,0.2044205367565155,0.31666526198387146,0.0,0.0,52.0,21.0,0.021,0.0008464398561045527,-2.3912637061584974e-06,0.02104770950973034,0.004155084956437349,8.73684257385321e-05,-0.009047100320458412,0.2136111706495285,1.2740373611450195,0.009324904531240463,0.02134588547050953,-0.009346622973680496,3.41321333507949e-06,0.00018980195454787463,3.7002933025360107,10.0,0.0,0.0,0.0,0.0,0.0,32.766,32.766,0.277,0.34500000000000003,32.766,2018.460693359375,809.9675903320312,28.918676376342773,,False,
1783703784.3175201,2026-07-10T10:16:24,215910,20260710_101616,,,,,,arming,,,,,,,,,False,0.023613769561052322,0.0019584784749895334,1.0002622604370117,0.055857036262750626,-0.06591704487800598,0.18625791370868683,0.0,0.0,57.0,21.0,0.021,0.0008464398561045527,-2.3912637061584974e-06,0.02104770950973034,0.004155084956437349,8.73684257385321e-05,-0.009047100320458412,0.2136111706495285,1.2740373611450195,0.009324904531240463,0.02086932770907879,-0.008933069184422493,3.3150693070638226e-06,0.00018463688320480287,3.695014715194702,10.0,0.0,0.0,0.0,0.0,0.0,32.766,32.766,0.277,0.34500000000000003,32.766,2018.460693359375,809.9675903320312,28.918676376342773,,False,
1783703784.32765,2026-07-10T10:16:24,215918,20260710_101616,,,,,,arming,,,,,,,,,False,0.02186778001487255,0.0027680075727403164,1.0007685422897339,0.009439641609787941,0.19753746688365936,0.07498998194932938,1.0,254.0,72.0,21.0,0.021,0.0016037467867136002,-0.0003679291403386742,0.020868120715022087,0.007371148560196161,-0.0016962732188403606,-0.008839118294417858,0.22336308658123016,1.2506895065307617,0.010216244496405125,0.02086932770907879,-0.008933069184422493,3.3150693070638226e-06,0.00018463688320480287,3.695014715194702,10.0,0.0,0.0,0.0,0.0,0.0,32.766,32.766,0.278,32.766,2.854,2018.460693359375,809.9675903320312,28.918676376342773,,False,
1783703784.3377805,2026-07-10T10:16:24,215923,20260710_101616,,,,,,arming,,,,,,,,,False,0.022909894585609436,0.0030953625682741404,0.9992027878761292,0.15058861672878265,-0.07196632027626038,0.23648260533809662,-1.0,-254.0,62.0,21.0,0.021,0.0016037467867136002,-0.0003679291403386742,0.020868120715022087,0.007371148560196161,-0.0016962732188403606,-0.008839118294417858,0.22336308658123016,1.2506895065307617,0.010216244496405125,0.02086932770907879,-0.008933069184422493,3.3150693070638226e-06,0.00018463688320480287,3.695014715194702,10.0,0.0,0.0,0.0,0.0,0.0,32.766,32.766,0.278,32.766,2.854,2018.460693359375,809.9675903320312,28.918676376342773,,False,
1783703784.347905,2026-07-10T10:16:24,215938,20260710_101616,,,,,,arming,,,,,,,,,False,0.023413345217704773,0.005595685448497534,1.0019294023513794,0.1705249398946762,0.1291152834892273,-0.005472515244036913,-256.0,2.0,61.0,21.0,0.021,0.0008635399281047285,4.702579644799698e-06,0.020697444677352905,0.0038145650178194046,-0.00014426486450247467,-0.008779274299740791,0.21032682061195374,1.2766066789627075,0.012441013939678669,0.02086932770907879,-0.008933069184422493,3.3150693070638226e-06,0.00018463688320480287,3.695014715194702,10.0,0.0,0.0,0.0,0.0,0.0,32.766,32.766,0.278,32.766,2.854,2018.460693359375,809.9675903320312,28.918676376342773,,False,
1783703784.3580356,2026-07-10T10:16:24,215943,20260710_101616,,,,,,arming,,,,,,,,,False,0.02530878409743309,0.004569139331579208,1.0003000497817993,0.23913270235061646,-0.15420030057430267,-0.001833994989283383,0.0,0.0,62.0,23.0,0.023,0.0008635399281047285,4.702579644799698e-06,0.020697444677352905,0.0038145650178194046,-0.00014426486450247467,-0.008779274299740791,0.21032682061195374,1.2766066789627075,0.012441013939678669,0.02086932770907879,-0.008933069184422493,3.3150693070638226e-06,0.00018463688320480287,3.695014715194702,10.0,0.0,0.0,0.0,0.0,0.0,32.766,32.766,0.278,32.766,2.854,2018.460693359375,809.9675903320312,28.918676376342773,,False,
1783703784.3681803,2026-07-10T10:16:24,215960,20260710_101616,,,,,,arming,,,,,,,,,False,0.0230514258146286,0.006178684998303652,1.0021579265594482,0.015706408768892288,-0.122458316385746,0.004667101427912712,0.0,0.0,57.0,23.0,0.023,0.0009259755606763065,1.2279368775125477e-06,0.021532177925109863,0.004146494437009096,0.00012518162839114666,-0.0036825197748839855,0.21251876652240753,1.275073528289795,0.01163205411285162,0.02149643376469612,-0.0035603519063442945,3.4132210657844553e-06,0.00018980918684974313,3.7002933025360107,10.0,0.0,0.0,0.0,0.0,0.0,32.766,32.766,0.278,32.766,2.854,2018.460693359375,809.9675903320312,28.918676376342773,,False,
1783703784.3783326,2026-07-10T10:16:24,215963,20260710_101616,,,,,,arming,,,,,,,,,False,0.02413357049226761,0.004781727679073811,1.000590205192566,-0.09530867636203766,-0.10021078586578369,-0.08620946109294891,0.0,0.0,63.0,23.0,0.023,0.0009259755606763065,1.2279368775125477e-06,0.021532177925109863,0.004146494437009096,0.00012518162839114666,-0.0036825197748839855,0.21251876652240753,1.275073528289795,0.01163205411285162,0.02149643376469612,-0.0035603519063442945,3.4132210657844553e-06,0.00018980918684974313,3.7002933025360107,10.0,0.0,0.0,0.0,0.0,0.0,32.766,32.766,0.278,32.766,2.854,2018.4443359375,809.9688110351562,28.929183959960938,,False,
1783703784.3885036,2026-07-10T10:16:24,215981,20260710_101616,,,,,,arming,,,,,,,,,False,0.024324743077158928,0.003646793542429805,1.0027077198028564,0.20972757041454315,0.277244508266449,-0.05898699536919594,1.0,0.0,63.0,23.0,0.023,0.0021551628597080708,-0.0004162639961577952,0.02146069146692753,0.009259170852601528,-0.0013586014974862337,-0.003353689331561327,0.22566698491573334,1.2380273342132568,0.010073009878396988,0.02149643376469612,-0.0035603519063442945,3.4132210657844553e-06,0.00018980918684974313,3.7002933025360107,10.0,0.0,0.0,0.0,0.0,0.0,32.766,32.766,0.278,32.766,2.854,2018.4443359375,809.9688110351562,28.929183959960938,,False,
1783703784.3986313,2026-07-10T10:16:24,215991,20260710_101616,,,,,,arming,,,,,,,,,False,0.02499980479478836,0.0037853727117180824,1.0013766288757324,-0.11374319344758987,0.001629787147976458,0.19017507135868073,255.0,-3.0,68.0,23.0,0.023,0.0021551628597080708,-0.0004162639961577952,0.02146069146692753,0.009259170852601528,-0.0013586014974862337,-0.003353689331561327,0.22566698491573334,1.2380273342132568,0.010073009878396988,0.02149643376469612,-0.0035603519063442945,3.4132210657844553e-06,0.00018980918684974313,3.7002933025360107,10.0,0.0,0.0,0.0,0.0,0.0,32.766,32.766,0.278,32.766,2.854,2018.4443359375,809.9688110351562,28.929183959960938,,False,
1783703784.4087553,2026-07-10T10:16:24,216001,20260710_101616,,,,,,arming,,,,,,,,,False,0.023496635258197784,0.005950246937572956,1.0005472898483276,0.21019604802131653,0.001381868263706565,0.03847207874059677,0.0,0.0,57.0,23.0,0.023,9.261976083507761e-05,-1.8427987015456893e-05,0.022095371037721634,0.0004469200212042779,0.000384932616725564,0.0007572051836177707,0.21404927968978882,1.303182601928711,0.010036719031631947,0.02149643376469612,-0.0035603519063442945,3.4132210657844553e-06,0.00018980918684974313,3.7002933025360107,10.0,0.0,0.0,0.0,0.0,0.0,32.766,32.766,0.278,32.766,2.854,2018.4443359375,809.9688110351562,28.929183959960938,,False,
1783703784.418881,2026-07-10T10:16:24,216011,20260710_101616,,,,,,arming,,,,,,,,,False,0.023496635258197784,0.005950246937572956,1.0005472898483276,0.21019604802131653,0.001381868263706565,0.03847207874059677,0.0,251.0,59.0,23.0,0.023,9.261976083507761e-05,-1.8427987015456893e-05,0.022095371037721634,0.0004469200212042779,0.000384932616725564,0.0007572051836177707,0.21404927968978882,1.303182601928711,0.010036719031631947,0.022118091583251953,0.0008357550832442939,3.315077265142463e-06,0.00018463765445630997,3.695014715194702,10.0,0.0,0.0,0.0,0.0,0.0,32.766,0.312,0.279,0.34400000000000003,2.842,2018.4443359375,809.9688110351562,28.929183959960938,,False,
1783703784.429021,2026-07-10T10:16:24,216021,20260710_101616,,,,,,arming,,,,,,,,,False,0.02495342493057251,0.002106703817844391,0.9986527562141418,-0.14157314598560333,0.0012997426092624664,-0.03433586284518242,1.0,-256.0,73.0,23.0,0.023,0.0019823212642222643,-0.00041451657307334244,0.022119374945759773,0.008475004695355892,-0.0010640592081472278,0.0010432701092213392,0.22517721354961395,1.2447082996368408,0.009875260293483734,0.022118091583251953,0.0008357550832442939,3.315077265142463e-06,0.00018463765445630997,3.695014715194702,10.0,0.0,0.0,0.0,0.0,0.0,32.766,0.312,0.279,0.34400000000000003,2.842,2018.4443359375,809.9688110351562,28.929183959960938,,False,
1783703784.4391894,2026-07-10T10:16:24,216031,20260710_101616,,,,,,arming,,,,,,,,,False,0.02352171204984188,0.003378822933882475,0.9978491067886353,0.1415865272283554,-0.0656595379114151,0.18830478191375732,-1.0,3.0,70.0,23.0,0.023,0.0019823212642222643,-0.00041451657307334244,0.022119374945759773,0.008475004695355892,-0.0010640592081472278,0.0010432701092213392,0.22517721354961395,1.2447082996368408,0.009875260293483734,0.022118091583251953,0.0008357550832442939,3.315077265142463e-06,0.00018463765445630997,3.695014715194702,10.0,0.0,0.0,0.0,0.0,0.0,32.766,0.312,0.279,0.34400000000000003,2.842,2018.4443359375,809.9688110351562,28.929183959960938,,False,
1783703784.449401,2026-07-10T10:16:24,216041,20260710_101616,,,,,,arming,,,,,,,,,False,0.023779621347784996,0.0017832053126767278,0.9997689127922058,-0.008403769694268703,0.12840093672275543,-0.06544078141450882,-256.0,3.0,62.0,23.0,0.023,0.00083982601063326,-2.6035928385681473e-05,0.022147173061966896,0.003564990358427167,0.00029879549401812255,0.0008720799814909697,0.21143661439418793,1.283347725868225,0.00914382841438055,0.022118091583251953,0.0008357550832442939,3.315077265142463e-06,0.00018463765445630997,3.695014715194702,10.0,0.0,0.0,0.0,0.0,0.0,32.766,0.312,0.279,0.34400000000000003,2.842,2018.4443359375,809.9688110351562,28.929183959960938,,False,
1783703784.4595318,2026-07-10T10:16:24,216051,20260710_101616,,,,,,arming,,,,,,,,,False,0.023505335673689842,0.003916480112820864,1.0014897584915161,0.2349357306957245,0.24240975081920624,-0.2098044604063034,0.0,0.0,59.0,22.0,0.022,0.00083982601063326,-2.6035928385681473e-05,0.022147173061966896,0.003564990358427167,0.00029879549401812255,0.0008720799814909697,0.21143661439418793,1.283347725868225,0.00914382841438055,0.022118091583251953,0.0008357550832442939,3.315077265142463e-06,0.00018463765445630997,3.695014715194702,10.0,0.0,0.0,0.0,0.0,0.0,32.766,0.312,0.279,0.34400000000000003,2.842,2018.4443359375,809.9688110351562,28.929183959960938,,False,
1783703784.469662,2026-07-10T10:16:24,216061,20260710_101616,,,,,,arming,,,,,,,,,False,0.022644149139523506,0.004131913185119629,0.9985142946243286,0.0764654353260994,-0.08677988499403,-0.13720542192459106,1.0,0.0,63.0,22.0,0.022,0.0016256015514954925,-0.0004199317190796137,0.022098364308476448,0.0068962364457547665,-0.0015789762837812304,0.0005011069588363171,0.22423072159290314,1.2579413652420044,0.009455912746489048,0.02210405468940735,0.0004901671782135963,3.413206968616578e-06,0.00018980185268446803,3.7002933025360107,10.0,0.0,0.0,0.0,0.0,0.0,32.766,0.312,0.279,0.34400000000000003,2.842,2018.4443359375,809.9688110351562,28.929183959960938,,False,
1783703784.47979,2026-07-10T10:16:24,216071,20260710_101616,,,,,,arming,,,,,,,,,False,0.02509435825049877,0.004254480358213186,0.9991776347160339,-0.36103618144989014,-0.036597881466150284,0.1492225080728531,-1.0,3.0,63.0,22.0,0.022,0.0016256015514954925,-0.0004199317190796137,0.022098364308476448,0.0068962364457547665,-0.0015789762837812304,0.0005011069588363171,0.22423072159290314,1.2579413652420044,0.009455912746489048,0.02210405468940735,0.0004901671782135963,3.413206968616578e-06,0.00018980185268446803,3.7002933025360107,10.0,0.0,0.0,0.0,0.0,0.0,32.766,0.312,0.279,0.34400000000000003,2.842,2018.3731689453125,809.9751586914062,28.93921661376953,,False,
1783703784.489916,2026-07-10T10:16:24,216081,20260710_101616,,,,,,arming,,,,,,,,,False,0.024015838280320168,0.002196629298850894,0.9996564984321594,-0.032960034906864166,-0.08073678612709045,-0.007138580083847046,-256.0,3.0,63.0,22.0,0.022,6.044235124136321e-05,-2.5730274501256645e-05,0.022114740684628487,-2.544816425142926e-06,0.00017446016136091202,0.0005439500673674047,0.21309682726860046,1.3057721853256226,0.008061552420258522,0.02210405468940735,0.0004901671782135963,3.413206968616578e-06,0.00018980185268446803,3.7002933025360107,10.0,0.0,0.0,0.0,0.0,0.0,32.766,0.312,0.279,0.34400000000000003,2.842,2018.3731689453125,809.9751586914062,28.93921661376953,,False,
1783703784.5000443,2026-07-10T10:16:24,216091,20260710_101616,,,,,,arming,,,,,,,,,False,0.023193079978227615,0.005243084393441677,1.0006927251815796,-0.2120528668165207,0.25186461210250854,-0.2529534101486206,0.0,1.0,69.0,22.0,0.022,6.044235124136321e-05,-2.5730274501256645e-05,0.022114740684628487,-2.544816425142926e-06,0.00017446016136091202,0.0005439500673674047,0.21309682726860046,1.3057721853256226,0.008061552420258522,0.02210405468940735,0.0004901671782135963,3.413206968616578e-06,0.00018980185268446803,3.7002933025360107,10.0,0.0,0.0,0.0,0.0,0.0,32.766,0.312,0.279,0.34400000000000003,2.842,2018.3731689453125,809.9751586914062,28.93921661376953,,False,
1783703784.5101728,2026-07-10T10:16:24,216101,20260710_101616,,,,,,arming,,,,,,,,,False,0.02310541458427906,0.006859179586172104,1.0015791654586792,0.16155372560024261,0.07127813994884491,-0.025216663256287575,0.0,255.0,53.0,24.0,0.024,0.0004095215699635446,-2.477309863024857e-05,0.02292991429567337,0.0017695073038339615,6.061863314243965e-05,0.004738503601402044,0.20955026149749756,1.2956193685531616,0.009655061177909374,0.02210405468940735,0.0004901671782135963,3.413206968616578e-06,0.00018980185268446803,3.7002933025360107,10.0,0.0,0.0,0.0,0.0,0.0,32.766,0.312,0.279,0.34400000000000003,2.842,2018.3731689453125,809.9751586914062,28.93921661376953,,False,
1783703784.5203495,2026-07-10T10:16:24,216113,20260710_101616,,,,,,arming,,,,,,,,,False,0.025246979668736458,0.00282638194039464,1.0020922422409058,-0.11799126118421555,0.14261385798454285,0.03775164484977722,0.0,254.0,63.0,24.0,0.024,0.0004095215699635446,-2.477309863024857e-05,0.02292991429567337,0.0017695073038339615,6.061863314243965e-05,0.004738503601402044,0.20955026149749756,1.2956193685531616,0.009655061177909374,0.02302752062678337,0.005012534558773041,3.315077265142463e-06,0.00018463759624864906,3.7002933025360107,10.0,0.0,0.0,0.0,0.0,0.0,32.766,32.766,0.281,32.766,2.871,2018.3731689453125,809.9751586914062,28.93921661376953,,False,
1783703784.5305018,2026-07-10T10:16:24,216123,20260710_101616,,,,,,arming,,,,,,,,,False,0.02648692950606346,0.0038591702468693256,0.9996762275695801,-0.1234283372759819,-0.31481504440307617,0.06428174674510956,0.0,-254.0,73.0,24.0,0.024,0.001145562739111483,-2.4152464902726933e-05,0.023028094321489334,0.004931050352752209,0.00044976803474128246,0.005067283287644386,0.21003924310207367,1.2671706676483154,0.010206346400082111,0.02302752062678337,0.005012534558773041,3.315077265142463e-06,0.00018463759624864906,3.7002933025360107,10.0,0.0,0.0,0.0,0.0,0.0,32.766,32.766,0.281,32.766,2.871,2018.3731689453125,809.9751586914062,28.93921661376953,,False,
1783703784.5406444,2026-07-10T10:16:24,216133,20260710_101616,,,,,,arming,,,,,,,,,False,0.026860790327191353,0.0029997569508850574,0.9975644946098328,-0.05085620656609535,-0.050683435052633286,-0.08421768248081207,0.0,2.0,60.0,24.0,0.024,0.001145562739111483,-2.4152464902726933e-05,0.023028094321489334,0.004931050352752209,0.00044976803474128246,0.005067283287644386,0.21003924310207367,1.2671706676483154,0.010206346400082111,0.02302752062678337,0.005012534558773041,3.315077265142463e-06,0.00018463759624864906,3.7002933025360107,10.0,0.0,0.0,0.0,0.0,0.0,32.766,32.766,0.281,32.766,2.871,2018.3731689453125,809.9751586914062,28.93921661376953,,False,
1783703784.550811,2026-07-10T10:16:24,216143,20260710_101616,,,,,,arming,,,,,,,,,False,0.025488272309303284,0.0031953342258930206,1.001339077949524,-0.1193881630897522,0.1473090648651123,-0.1536719799041748,0.0,254.0,58.0,20.0,0.02,3.8020036299712956e-05,-3.134943108307198e-05,0.02313453145325184,0.0006082424661144614,0.0003562410711310804,0.005248847883194685,0.20779241621494293,1.3036127090454102,0.010857855901122093,0.02302752062678337,0.005012534558773041,3.315077265142463e-06,0.00018463759624864906,3.7002933025360107,10.0,0.0,0.0,0.0,0.0,0.0,32.766,32.766,0.281,32.766,2.871,2018.3731689453125,809.9751586914062,28.93921661376953,,False,
1783703784.560965,2026-07-10T10:16:24,216153,20260710_101616,,,,,,arming,,,,,,,,,False,0.02509959414601326,0.002840681467205286,1.000110149383545,-0.14469803869724274,-0.22411443293094635,4.523667666944675e-05,0.0,-2.0,64.0,20.0,0.02,3.8020036299712956e-05,-3.134943108307198e-05,0.02313453145325184,0.0006082424661144614,0.0003562410711310804,0.005248847883194685,0.20779241621494293,1.3036127090454102,0.010857855901122093,0.02302752062678337,0.005012534558773041,3.315077265142463e-06,0.00018463759624864906,3.7002933025360107,10.0,0.0,0.0,0.0,0.0,0.0,32.766,32.766,0.281,32.766,2.871,2018.3731689453125,809.9751586914062,28.93921661376953,,False,
1783703784.5711617,2026-07-10T10:16:24,216163,20260710_101616,,,,,,arming,,,,,,,,,False,0.02302035689353943,0.002441653748974204,1.0001585483551025,-0.024278517812490463,0.2169501781463623,0.05392570048570633,0.0,-2.0,64.0,20.0,0.02,0.0007538102217949927,-2.188230791944079e-05,0.021869488060474396,0.004242715425789356,0.00028142164228484035,-0.001202762476168573,0.2082391083240509,1.279922604560852,0.009976856410503387,0.0218577291816473,-0.0012483526952564716,3.413206968616578e-06,0.00018980387540068477,3.7002933025360107,10.0,0.0,0.0,0.0,0.0,0.0,32.766,32.766,0.281,32.766,2.871,2018.241943359375,809.9872436523438,28.9483699798584,,False,
1783703784.5813177,2026-07-10T10:16:24,216173,20260710_101616,,,,,,arming,,,,,,,,,False,0.025211486965417862,0.002842799760401249,0.999743640422821,0.14832913875579834,0.039174634963274,-0.057970382273197174,1.0,0.0,63.0,20.0,0.02,0.0007538102217949927,-2.188230791944079e-05,0.021869488060474396,0.004242715425789356,0.00028142164228484035,-0.001202762476168573,0.2082391083240509,1.279922604560852,0.009976856410503387,0.0218577291816473,-0.0012483526952564716,3.413206968616578e-06,0.00018980387540068477,3.7002933025360107,10.0,0.0,0.0,0.0,0.0,0.0,32.766,32.766,0.281,32.766,2.871,2018.241943359375,809.9872436523438,28.9483699798584,,False,
1783703784.5914729,2026-07-10T10:16:24,216183,20260710_101616,,,,,,arming,,,,,,,,,False,0.02295880764722824,0.002124886028468609,1.0003198385238647,0.15436609089374542,-0.002733847824856639,0.14205023646354675,255.0,-3.0,73.0,20.0,0.02,0.001814636285416782,-0.0003689535951707512,0.021843863651156425,0.00880384724587202,-0.0014032721519470215,-0.0011222448665648699,0.21912647783756256,1.2447400093078613,0.010086828842759132,0.0218577291816473,-0.0012483526952564716,3.413206968616578e-06,0.00018980387540068477,3.7002933025360107,10.0,0.0,0.0,0.0,0.0,0.0,32.766,32.766,0.281,32.766,2.871,2018.241943359375,809.9872436523438,28.9483699798584,,False,
1783703784.6016781,2026-07-10T10:16:24,216193,20260710_101616,,,,,,arming,,,,,,,,,False,0.022131936624646187,0.0039318157359957695,0.9989840388298035,-0.11969000101089478,-0.289100706577301,0.12971830368041992,0.0,0.0,51.0,22.0,0.022,0.001814636285416782,-0.0003689535951707512,0.021843863651156425,0.00880384724587202,-0.0014032721519470215,-0.0011222448665648699,0.21912647783756256,1.2447400093078613,0.010086828842759132,0.0218577291816473,-0.0012483526952564716,3.413206968616578e-06,0.00018980387540068477,3.7002933025360107,10.0,0.0,0.0,0.0,0.0,0.0,32.766,32.766,0.281,32.766,2.871,2018.241943359375,809.9872436523438,28.9483699798584,,False,
1783703784.6118882,2026-07-10T10:16:24,216203,20260710_101616,,,,,,arming,,,,,,,,,False,0.022920381277799606,0.004000964108854532,0.9986100792884827,0.31751149892807007,0.20812997221946716,0.12689423561096191,0.0,255.0,53.0,22.0,0.022,7.164554699556902e-05,-2.8584396204678342e-05,0.02190883830189705,0.0010606171563267708,-9.282527025789022e-05,-0.0006611153949052095,0.20866182446479797,1.3012281656265259,0.010162558406591415,0.0218577291816473,-0.0012483526952564716,3.413206968616578e-06,0.00018980387540068477,3.7002933025360107,10.0,0.0,0.0,0.0,0.0,0.0,32.766,32.766,0.281,32.766,2.871,2018.241943359375,809.9872436523438,28.9483699798584,,False,
1783703784.6220372,2026-07-10T10:16:24,216213,20260710_101616,,,,,,arming,,,,,,,,,False,0.02465660311281681,0.003000413766130805,1.0002381801605225,-0.2023424208164215,-0.12926888465881348,-0.04683821648359299,0.0,-256.0,64.0,22.0,0.022,7.164554699556902e-05,-2.8584396204678342e-05,0.02190883830189705,0.0010606171563267708,-9.282527025789022e-05,-0.0006611153949052095,0.20866182446479797,1.3012281656265259,0.010162558406591415,0.02189442701637745,-0.0008767814724706113,3.3150563467643224e-06,0.00018463328888174146,3.7002933025360107,10.0,0.0,0.0,0.0,0.0,0.0,32.766,32.766,0.28300000000000003,0.343,2.825,2018.241943359375,809.9872436523438,28.9483699798584,,False,
1783703784.6321821,2026-07-10T10:16:24,216223,20260710_101616,,,,,,arming,,,,,,,,,False,0.022651756182312965,0.0025130666326731443,1.0003437995910645,-0.16164302825927734,0.23220409452915192,0.21260789036750793,0.0,0.0,69.0,22.0,0.022,0.00043793238000944257,-3.4169202990597114e-05,0.02189442701637745,0.0025372053496539593,-7.748227653792128e-05,-0.0008203144534491003,0.20865951478481293,1.2864350080490112,0.010422652587294579,0.02189442701637745,-0.0008767814724706113,3.3150563467643224e-06,0.00018463328888174146,3.7002933025360107,10.0,0.0,0.0,0.0,0.0,0.0,32.766,32.766,0.28300000000000003,0.343,2.825,2018.241943359375,809.9872436523438,28.9483699798584,,False,
1783703784.6423504,2026-07-10T10:16:24,216235,20260710_101616,,,,,,arming,,,,,,,,,False,0.022376446053385735,0.0018784033600240946,1.0011073350906372,0.08741423487663269,0.0010031870333477855,0.03173723444342613,0.0,0.0,58.0,22.0,0.022,0.00049149728147313,-3.705537528730929e-05,0.02187870442867279,0.0027496556285768747,-0.00024603380006738007,-0.0007068648701533675,0.20865951478481293,1.2864350080490112,0.010422652587294579,0.02189442701637745,-0.0008767814724706113,3.3150563467643224e-06,0.00018463328888174146,3.7002933025360107,10.0,0.0,0.0,0.0,0.0,0.0,32.766,32.766,0.28300000000000003,0.343,2.825,2018.241943359375,809.9872436523438,28.9483699798584,,False,
1783703784.6524925,2026-07-10T10:16:24,216243,20260710_101616,,,,,,arming,,,,,,,,,False,0.02138417400419712,0.00035286712227389216,1.0003435611724854,0.18248482048511505,0.0025292327627539635,-0.21134348213672638,0.0,0.0,51.0,24.0,0.024,0.00049149728147313,-3.705537528730929e-05,0.02187870442867279,0.0027496556285768747,-0.00024603380006738007,-0.0007068648701533675,0.20676276087760925,1.2822684049606323,0.009746808558702469,0.02189442701637745,-0.0008767814724706113,3.3150563467643224e-06,0.00018463328888174146,3.7002933025360107,10.0,0.0,0.0,0.0,0.0,0.0,32.766,32.766,0.28300000000000003,0.343,2.825,2018.241943359375,809.9872436523438,28.9483699798584,,False,
1783703784.6626616,2026-07-10T10:16:24,216255,20260710_101616,,,,,,arming,,,,,,,,,False,0.023699041455984116,0.0023104343563318253,1.0007697343826294,0.04992951452732086,0.3468198776245117,0.2214549034833908,0.0,0.0,66.0,24.0,0.024,0.0005283060017973185,-4.998355871066451e-05,0.022794364020228386,0.0025854557752609253,-0.0007653767243027687,0.003910633735358715,0.20676276087760925,1.2822684049606323,0.009746808558702469,0.02189442701637745,-0.0008767814724706113,3.3150563467643224e-06,0.00018463328888174146,3.7002933025360107,10.0,0.0,0.0,0.0,0.0,0.0,32.766,32.766,0.28300000000000003,0.343,2.825,2018.241943359375,809.9872436523438,28.9483699798584,,False,
1783703784.6728005,2026-07-10T10:16:24,216263,20260710_101616,,,,,,arming,,,,,,,,,False,0.022740280255675316,0.004251135513186455,1.0008128881454468,-0.06989005208015442,-0.08295199275016785,-0.14236006140708923,0.0,0.0,65.0,24.0,0.024,0.0005283060017973185,-4.998355871066451e-05,0.022794364020228386,0.0025854557752609253,-0.0007653767243027687,0.003910633735358715,0.20686843991279602,1.2805129289627075,0.008993100374937057,0.022834045812487602,0.0039678905159235,3.4132222026528325e-06,0.00018981637549586594,3.7002933025360107,10.0,0.0,0.0,0.0,0.0,0.0,32.766,32.766,0.28300000000000003,0.343,2.825,2018.241943359375,809.9869995117188,28.96200942993164,,False,
1783703784.6829336,2026-07-10T10:16:24,216275,20260710_101616,,,,,,arming,,,,,,,,,False,0.024125950410962105,0.0033292234875261784,0.9996143579483032,0.19832760095596313,0.11264358460903168,0.20631462335586548,0.0,0.0,65.0,24.0,0.024,0.0022266798187047243,-5.073708962299861e-05,0.022873789072036743,0.009892778471112251,-0.0007430710247717798,0.004080548882484436,0.20686843991279602,1.2805129289627075,0.008993100374937057,0.022834045812487602,0.0039678905159235,3.4132222026528325e-06,0.00018981637549586594,3.7002933025360107,10.0,0.0,0.0,0.0,0.0,0.0,32.766,32.766,0.28300000000000003,0.343,2.825,2018.241943359375,809.9869995117188,28.96200942993164,,False,
1783703784.6930935,2026-07-10T10:16:24,216283,20260710_101616,,,,,,arming,,,,,,,,,False,0.023812400177121162,0.003099972615018487,1.0011357069015503,0.20099201798439026,-0.24870705604553223,0.01872817985713482,0.0,-4.0,71.0,24.0,0.024,0.0022266798187047243,-5.073708962299861e-05,0.022873789072036743,0.009892778471112251,-0.0007430710247717798,0.004080548882484436,0.20407670736312866,1.223635196685791,0.009672040119767189,0.022834045812487602,0.0039678905159235,3.4132222026528325e-06,0.00018981637549586594,3.7002933025360107,10.0,0.0,0.0,0.0,0.0,0.0,32.766,32.766,0.28300000000000003,0.343,2.825,2018.241943359375,809.9869995117188,28.96200942993164,,False,
1783703784.7032259,2026-07-10T10:16:24,216295,20260710_101616,,,,,,arming,,,,,,,,,False,0.021639559417963028,0.004193645436316729,1.0001280307769775,0.20601624250411987,0.15981999039649963,0.07766542583703995,0.0,255.0,55.0,25.0,0.025,0.00045742280781269073,-4.93526276841294e-05,0.02384527400135994,0.0020983018912374973,-0.0007362658507190645,0.008866887539625168,0.20407670736312866,1.223635196685791,0.009672040119767189,0.022834045812487602,0.0039678905159235,3.4132222026528325e-06,0.00018981637549586594,3.7002933025360107,10.0,0.0,0.0,0.0,0.0,0.0,32.766,32.766,0.28300000000000003,0.343,2.825,2018.241943359375,809.9869995117188,28.96200942993164,,False,
1783703784.7133873,2026-07-10T10:16:24,216303,20260710_101616,,,,,,arming,,,,,,,,,False,0.02388208732008934,0.0037526024971157312,0.9981534481048584,-0.055498622357845306,-0.39024409651756287,0.029173284769058228,0.0,-256.0,54.0,25.0,0.025,0.00045742280781269073,-4.93526276841294e-05,0.02384527400135994,0.0020983018912374973,-0.0007362658507190645,0.008866887539625168,0.20414043962955475,1.2820994853973389,0.010193598456680775,0.022834045812487602,0.0039678905159235,3.4132222026528325e-06,0.00018981637549586594,3.7002933025360107,10.0,0.0,0.0,0.0,0.0,0.0,32.766,32.766,0.28300000000000003,0.343,2.825,2018.241943359375,809.9869995117188,28.96200942993164,,False,
1783703784.7235322,2026-07-10T10:16:24,216315,20260710_101616,,,,,,arming,,,,,,,,,False,0.02491926960647106,0.004681294783949852,0.9978864789009094,0.06018182635307312,0.17781899869441986,0.16861402988433838,0.0,255.0,66.0,25.0,0.025,0.0008442821563221514,-5.365229299059138e-05,0.024022286757826805,0.0037058405578136444,-0.0006238031783141196,0.008730909787118435,0.20414043962955475,1.2820994853973389,0.010193598456680775,0.02402220293879509,0.008677997626364231,3.315081357868621e-06,0.00018464239838067442,3.695014715194702,10.0,0.0,0.0,0.0,0.0,0.0,32.766,32.766,0.277,32.766,2.869,2018.241943359375,809.9869995117188,28.96200942993164,,False,
1783703784.7336717,2026-07-10T10:16:24,216323,20260710_101616,,,,,,arming,,,,,,,,,False,0.025395328179001808,0.004558492451906204,0.9996329545974731,-0.008655508048832417,-0.21351385116577148,-0.04368922486901283,0.0,-256.0,77.0,25.0,0.025,0.0008442821563221514,-5.365229299059138e-05,0.024022286757826805,0.0037058405578136444,-0.0006238031783141196,0.008730909787118435,0.2043950855731964,1.2697300910949707,0.010024918243288994,0.02402220293879509,0.008677997626364231,3.315081357868621e-06,0.00018464239838067442,3.695014715194702,10.0,0.0,0.0,0.0,0.0,0.0,32.766,32.766,0.277,32.766,2.869,2018.241943359375,809.9869995117188,28.96200942993164,,False,
1783703784.743802,2026-07-10T10:16:24,216335,20260710_101616,,,,,,arming,,,,,,,,,False,0.02200368233025074,0.0029905636329203844,1.0008463859558105,0.35857340693473816,0.09962732344865799,-0.044516671448946,1.0,0.0,66.0,25.0,0.025,0.002019416308030486,-0.0004526437260210514,0.02419213391840458,0.009004523977637291,-0.002157085109502077,0.0085905771702528,0.2043950855731964,1.2697300910949707,0.010024918243288994,0.02402220293879509,0.008677997626364231,3.315081357868621e-06,0.00018464239838067442,3.695014715194702,10.0,0.0,0.0,0.0,0.0,0.0,32.766,32.766,0.277,32.766,2.869,2018.241943359375,809.9869995117188,28.96200942993164,,False,
1783703784.7539294,2026-07-10T10:16:24,216343,20260710_101616,,,,,,arming,,,,,,,,,False,0.023471616208553314,0.005849168170243502,1.002656102180481,-0.07206730544567108,0.07001788169145584,0.057558026164770126,-1.0,-253.0,69.0,25.0,0.025,0.002019416308030486,-0.0004526437260210514,0.02419213391840458,0.009004523977637291,-0.002157085109502077,0.0085905771702528,0.2169620841741562,1.231813669204712,0.011504383757710457,0.02402220293879509,0.008677997626364231,3.315081357868621e-06,0.00018464239838067442,3.695014715194702,10.0,0.0,0.0,0.0,0.0,0.0,32.766,32.766,0.277,32.766,2.869,2018.241943359375,809.9869995117188,28.96200942993164,,False,
1783703784.7640872,2026-07-10T10:16:24,216355,20260710_101616,,,,,,arming,,,,,,,,,False,0.024179551750421524,0.004636309575289488,1.0010887384414673,0.1463737040758133,0.0589287206530571,0.17177844047546387,-256.0,3.0,62.0,25.0,0.025,0.000404160819016397,-5.5181448260555044e-05,0.024729100987315178,0.0016777787823230028,-0.0001692647929303348,0.01068857405334711,0.2169620841741562,1.231813669204712,0.011504383757710457,0.02402220293879509,0.008677997626364231,3.315081357868621e-06,0.00018464239838067442,3.695014715194702,10.0,0.0,0.0,0.0,0.0,0.0,32.766,32.766,0.277,32.766,2.869,2018.241943359375,809.9869995117188,28.96200942993164,,False,
1783703784.774252,2026-07-10T10:16:24,216363,20260710_101616,,,,,,arming,,,,,,,,,False,0.025997387245297432,0.0020328888203948736,0.999411940574646,-0.04961100593209267,0.28004366159439087,-0.2555261254310608,0.0,-1.0,62.0,25.0,0.025,0.000404160819016397,-5.5181448260555044e-05,0.024729100987315178,0.0016777787823230028,-0.0001692647929303348,0.01068857405334711,0.20385713875293732,1.281559944152832,0.011010301299393177,0.024836614727973938,0.010769477114081383,3.413224931136938e-06,0.00018980113964062184,3.7002933025360107,10.0,0.0,0.0,0.0,0.0,0.0,0.28400000000000003,32.766,0.277,32.766,2.869,2018.2255859375,809.9884033203125,28.968746185302734,,False,
1783703784.7844098,2026-07-10T10:16:24,216375,20260710_101616,,,,,,arming,,,,,,,,,False,0.022803595289587975,0.002393161877989769,0.9994297623634338,0.019676001742482185,0.20335979759693146,0.25025272369384766,1.0,-1.0,62.0,25.0,0.025,0.0017494920175522566,-0.0003931695537175983,0.024943487718701363,0.007791279349476099,-0.0017372277798131108,0.010762618854641914,0.20385713875293732,1.281559944152832,0.011010301299393177,0.024836614727973938,0.010769477114081383,3.413224931136938e-06,0.00018980113964062184,3.7002933025360107,10.0,0.0,0.0,0.0,0.0,0.0,0.28400000000000003,32.766,0.277,32.766,2.869,2018.2255859375,809.9884033203125,28.968746185302734,,False,
1783703784.7945335,2026-07-10T10:16:24,216383,20260710_101616,,,,,,arming,,,,,,,,,False,0.024215884506702423,0.0026131493505090475,1.0021005868911743,0.19877396523952484,-0.3480737507343292,0.11901921033859253,255.0,-3.0,71.0,25.0,0.025,0.0017494920175522566,-0.0003931695537175983,0.024943487718701363,0.007791279349476099,-0.0017372277798131108,0.010762618854641914,0.21382799744606018,1.2357343435287476,0.009732935577630997,0.024836614727973938,0.010769477114081383,3.413224931136938e-06,0.00018980113964062184,3.7002933025360107,10.0,0.0,0.0,0.0,0.0,0.0,0.28400000000000003,32.766,0.277,32.766,2.869,2018.2255859375,809.9884033203125,28.968746185302734,,False,
1783703784.804657,2026-07-10T10:16:24,216395,20260710_101616,,,,,,arming,,,,,,,,,False,0.0262113269418478,0.001994543708860874,1.002523422241211,0.17541272938251495,0.0035534538328647614,0.00026469145086593926,0.0,1.0,54.0,24.0,0.024,0.00036119751166552305,-5.824583422509022e-05,0.024668674916028976,0.001651620026677847,-0.0004082071245647967,0.00843940582126379,0.21382799744606018,1.2357343435287476,0.009732935577630997,0.024836614727973938,0.010769477114081383,3.413224931136938e-06,0.00018980113964062184,3.7002933025360107,10.0,0.0,0.0,0.0,0.0,0.0,0.28400000000000003,32.766,0.277,32.766,2.869,2018.2255859375,809.9884033203125,28.968746185302734,,False,
1783703784.8148122,2026-07-10T10:16:24,216403,20260710_101616,,,,,,arming,,,,,,,,,False,0.023877790197730064,0.002106304280459881,1.0004934072494507,-0.001409930526278913,0.08048547804355621,-0.17692232131958008,0.0,0.0,50.0,24.0,0.024,0.00036119751166552305,-5.824583422509022e-05,0.024668674916028976,0.001651620026677847,-0.0004082071245647967,0.00843940582126379,0.20404161512851715,1.280846118927002,0.01191261038184166,0.024836614727973938,0.010769477114081383,3.413224931136938e-06,0.00018980113964062184,3.7002933025360107,10.0,0.0,0.0,0.0,0.0,0.0,0.28400000000000003,32.766,0.277,32.766,2.869,2018.2255859375,809.9884033203125,28.968746185302734,,False,
1783703784.824935,2026-07-10T10:16:24,216415,20260710_101616,,,,,,arming,,,,,,,,,False,0.02415747195482254,0.004667565692216158,0.9996070265769958,0.22370293736457825,0.20168021321296692,-0.0369919054210186,0.0,254.0,62.0,24.0,0.024,0.0010159118101000786,-6.384827429428697e-05,0.02484147436916828,0.004835211671888828,-0.0006437505362555385,0.008706821128726006,0.20404161512851715,1.280846118927002,0.01191261038184166,0.024841057136654854,0.008651978336274624,3.315091134936665e-06,0.00018462901061866432,3.7002933025360107,10.0,0.0,0.0,0.0,0.0,0.0,0.28400000000000003,0.315,0.281,32.766,2.84,2018.2255859375,809.9884033203125,28.968746185302734,,False,
1783703784.8350902,2026-07-10T10:16:24,216423,20260710_101616,,,,,,arming,,,,,,,,,False,0.025459373369812965,0.0040205069817602634,0.9985833764076233,0.18866059184074402,-0.07158222794532776,-0.019292056560516357,0.0,-255.0,73.0,24.0,0.024,0.0010159118101000786,-6.384827429428697e-05,0.02484147436916828,0.004835211671888828,-0.0006437505362555385,0.008706821128726006,0.2042742222547531,1.2570689916610718,0.010267517529428005,0.024841057136654854,0.008651978336274624,3.315091134936665e-06,0.00018462901061866432,3.7002933025360107,10.0,0.0,0.0,0.0,0.0,0.0,0.28400000000000003,0.315,0.281,32.766,2.84,2018.2255859375,809.9884033203125,28.968746185302734,,False,
1783703784.8452199,2026-07-10T10:16:24,216435,20260710_101616,,,,,,arming,,,,,,,,,False,0.025200175121426582,0.00318259303458035,1.000758409500122,-0.1336466372013092,-0.06407707184553146,0.15532761812210083,1.0,1.0,60.0,24.0,0.024,0.0015681881923228502,-0.0003690228913910687,0.025014348328113556,0.0074856216087937355,-0.0018292150925844908,0.008596168830990791,0.2042742222547531,1.2570689916610718,0.010267517529428005,0.024841057136654854,0.008651978336274624,3.315091134936665e-06,0.00018462901061866432,3.7002933025360107,10.0,0.0,0.0,0.0,0.0,0.0,0.28400000000000003,0.315,0.281,32.766,2.84,2018.2255859375,809.9884033203125,28.968746185302734,,False,
1783703784.8553855,2026-07-10T10:16:24,216443,20260710_101616,,,,,,arming,,,,,,,,,False,0.025929739698767662,0.002338649472221732,0.9995071291923523,0.03495461121201515,-0.10067825019359589,0.1104515865445137,-1.0,-253.0,69.0,25.0,0.025,0.0015681881923228502,-0.0003690228913910687,0.025014348328113556,0.0074856216087937355,-0.0018292150925844908,0.008596168830990791,0.21565639972686768,1.2376385927200317,0.010296965017914772,0.024841057136654854,0.008651978336274624,3.315091134936665e-06,0.00018462901061866432,3.7002933025360107,10.0,0.0,0.0,0.0,0.0,0.0,0.28400000000000003,0.315,0.281,32.766,2.84,2018.2255859375,809.9884033203125,28.968746185302734,,False,
1783703784.8655396,2026-07-10T10:16:24,216458,20260710_101616,,,,,,arming,,,,,,,,,False,0.025289025157690048,0.003425857052206993,1.002194881439209,-0.052142832428216934,-0.421436607837677,0.03230687230825424,-256.0,3.0,66.0,25.0,0.025,0.000658610078971833,-6.312144250841811e-05,0.02518741972744465,0.0036597794387489557,-0.0005226226057857275,0.00869496539235115,0.20395691692829132,1.2686811685562134,0.012931039556860924,0.024841057136654854,0.008651978336274624,3.315091134936665e-06,0.00018462901061866432,3.7002933025360107,10.0,0.0,0.0,0.0,0.0,0.0,0.28400000000000003,0.315,0.281,32.766,2.84,2018.2255859375,809.9884033203125,28.968746185302734,,False,
1783703784.875687,2026-07-10T10:16:24,216463,20260710_101616,,,,,,arming,,,,,,,,,False,0.024313926696777344,0.003834316274151206,1.0031859874725342,0.1594868153333664,-0.19143052399158478,0.18478748202323914,0.0,0.0,62.0,25.0,0.025,0.000658610078971833,-6.312144250841811e-05,0.02518741972744465,0.0036597794387489557,-0.0005226226057857275,0.00869496539235115,0.20395691692829132,1.2686811685562134,0.012931039556860924,0.025275809690356255,0.0088953310623765,3.4132365271943854e-06,0.00018979462038259953,3.7002933025360107,10.0,0.0,0.0,0.0,0.0,0.0,32.766,0.315,0.281,32.766,2.84,2018.0833740234375,810.0009155273438,28.981651306152344,,False,
1783703784.885854,2026-07-10T10:16:24,216478,20260710_101616,,,,,,arming,,,,,,,,,False,0.024101143702864647,0.0061147017404437065,1.001843810081482,0.039837796241045,-0.28845664858818054,-0.16405174136161804,0.0,0.0,62.0,25.0,0.025,0.0007374294800683856,-7.406887743854895e-05,0.025367433205246925,0.004183773882687092,-0.00047899753553792834,0.009341870434582233,0.20343613624572754,1.2708253860473633,0.012422430329024792,0.025275809690356255,0.0088953310623765,3.4132365271943854e-06,0.00018979462038259953,3.7002933025360107,10.0,0.0,0.0,0.0,0.0,0.0,32.766,0.315,0.281,32.766,2.84,2018.0833740234375,810.0009155273438,28.981651306152344,,False,
1783703784.8959842,2026-07-10T10:16:24,216483,20260710_101616,,,,,,arming,,,,,,,,,False,0.02512654848396778,0.003347056219354272,0.9984822869300842,0.19864575564861298,0.1408727765083313,-0.03756537660956383,0.0,0.0,76.0,25.0,0.025,0.0007374294800683856,-7.406887743854895e-05,0.025367433205246925,0.004183773882687092,-0.00047899753553792834,0.009341870434582233,0.20343613624572754,1.2708253860473633,0.012422430329024792,0.025275809690356255,0.0088953310623765,3.4132365271943854e-06,0.00018979462038259953,3.7002933025360107,10.0,0.0,0.0,0.0,0.0,0.0,32.766,0.315,0.281,32.766,2.84,2018.0833740234375,810.0009155273438,28.981651306152344,,False,
1783703784.9061189,2026-07-10T10:16:24,216498,20260710_101616,,,,,,arming,,,,,,,,,False,0.02446788176894188,0.0024850231129676104,0.9999096989631653,0.13120195269584656,0.2255716621875763,0.21141904592514038,0.0,1.0,56.0,24.0,0.024,4.2326013499405235e-05,-7.832632400095463e-05,0.02488945797085762,0.0011642344761639833,-0.0003081625036429614,0.005874804221093655,0.20548726618289948,1.2977933883666992,0.011223760433495045,0.025275809690356255,0.0088953310623765,3.4132365271943854e-06,0.00018979462038259953,3.7002933025360107,10.0,0.0,0.0,0.0,0.0,0.0,32.766,0.315,0.281,32.766,2.84,2018.0833740234375,810.0009155273438,28.981651306152344,,False,
1783703784.9162478,2026-07-10T10:16:24,216503,20260710_101616,,,,,,arming,,,,,,,,,False,0.024513209238648415,0.002893842989578843,1.0005422830581665,0.24496199190616608,0.06895113736391068,0.06352228671312332,0.0,254.0,53.0,24.0,0.024,4.2326013499405235e-05,-7.832632400095463e-05,0.02488945797085762,0.0011642344761639833,-0.0003081625036429614,0.005874804221093655,0.20548726618289948,1.2977933883666992,0.011223760433495045,0.025275809690356255,0.0088953310623765,3.4132365271943854e-06,0.00018979462038259953,3.7002933025360107,10.0,0.0,0.0,0.0,0.0,0.0,32.766,0.315,0.281,32.766,2.84,2018.0833740234375,810.0009155273438,28.981651306152344,,False,
1783703784.9265106,2026-07-10T10:16:24,216518,20260710_101616,,,,,,arming,,,,,,,,,False,0.02510710060596466,0.0021846923045814037,1.0010461807250977,-0.09013047069311142,0.104410320520401,-0.22723062336444855,0.0,-256.0,61.0,24.0,0.024,0.0007085295510478318,-8.689343667356297e-05,0.02500849962234497,0.004341586027294397,-0.0004937956109642982,0.005974833853542805,0.20765966176986694,1.2736458778381348,0.012077716179192066,0.02500849962234497,0.005878622643649578,3.3151056868518936e-06,0.00018462973821442574,3.7002933025360107,10.0,0.0,0.0,0.0,0.0,0.0,32.766,32.766,0.28300000000000003,0.343,2.84,2018.0833740234375,810.0009155273438,28.981651306152344,,False,
1783703784.9366424,2026-07-10T10:16:24,216523,20260710_101616,,,,,,arming,,,,,,,,,False,0.02414330095052719,0.0026309906970709562,1.0002089738845825,0.06578262150287628,-0.35988208651542664,0.18976740539073944,0.0,0.0,75.0,24.0,0.024,0.0007085295510478318,-8.689343667356297e-05,0.02500849962234497,0.004341586027294397,-0.0004937956109642982,0.005974833853542805,0.20765966176986694,1.2736458778381348,0.012077716179192066,0.02500849962234497,0.005878622643649578,3.3151056868518936e-06,0.00018462973821442574,3.7002933025360107,10.0,0.0,0.0,0.0,0.0,0.0,32.766,32.766,0.28300000000000003,0.343,2.84,2018.0833740234375,810.0009155273438,28.981651306152344,,False,
1783703784.946826,2026-07-10T10:16:24,216538,20260710_101616,,,,,,arming,,,,,,,,,False,0.02400019019842148,0.004312132019549608,1.000859260559082,-0.11529023945331573,-0.3829466700553894,-0.18311050534248352,1.0,0.0,71.0,24.0,0.024,0.001712466706521809,-0.0004177290538791567,0.025126691907644272,0.00892771314829588,-0.0021627782844007015,0.006115386262536049,0.21846219897270203,1.242489218711853,0.012970566749572754,0.02500849962234497,0.005878622643649578,3.3151056868518936e-06,0.00018462973821442574,3.7002933025360107,10.0,0.0,0.0,0.0,0.0,0.0,32.766,32.766,0.28300000000000003,0.343,2.84,2018.0833740234375,810.0009155273438,28.981651306152344,,False,
1783703784.9569826,2026-07-10T10:16:24,216543,20260710_101616,,,,,,arming,,,,,,,,,False,0.023527761921286583,0.005250812042504549,1.0023822784423828,-0.06056901067495346,0.051809415221214294,0.046077556908130646,-1.0,3.0,63.0,22.0,0.022,0.001712466706521809,-0.0004177290538791567,0.025126691907644272,0.00892771314829588,-0.0021627782844007015,0.006115386262536049,0.21846219897270203,1.242489218711853,0.012970566749572754,0.02500849962234497,0.005878622643649578,3.3151056868518936e-06,0.00018462973821442574,3.7002933025360107,10.0,0.0,0.0,0.0,0.0,0.0,32.766,32.766,0.28300000000000003,0.343,2.84,2018.0833740234375,810.0009155273438,28.981651306152344,,False,
1783703784.9671133,2026-07-10T10:16:24,216559,20260710_101616,,,,,,arming,,,,,,,,,False,0.02220691367983818,0.006999918259680271,1.0010639429092407,-0.006837517488747835,-0.07720822095870972,-0.029842687770724297,-256.0,3.0,63.0,22.0,0.022,0.0007593049085699022,-8.132150105666369e-05,0.0238936897367239,0.00428067846223712,-0.0002233492850791663,2.7373607736080885e-05,0.20582813024520874,1.280717372894287,0.012764045037329197,0.023894647136330605,6.770352774765342e-05,3.4132190194213763e-06,0.00018980003369506449,3.7002933025360107,10.0,0.0,0.0,0.0,0.0,0.0,32.766,32.766,0.28300000000000003,0.343,2.84,2018.0833740234375,810.0009155273438,28.981651306152344,,False,
1783703784.9772472,2026-07-10T10:16:24,216563,20260710_101616,,,,,,arming,,,,,,,,,False,0.025145452469587326,0.0036446303129196167,1.0008991956710815,-0.07380522787570953,-0.0027327321004122496,-0.20086725056171417,0.0,0.0,72.0,22.0,0.022,0.0007593049085699022,-8.132150105666369e-05,0.0238936897367239,0.00428067846223712,-0.0002233492850791663,2.7373607736080885e-05,0.20582813024520874,1.280717372894287,0.012764045037329197,0.023894647136330605,6.770352774765342e-05,3.4132190194213763e-06,0.00018980003369506449,3.7002933025360107,10.0,0.0,0.0,0.0,0.0,0.0,0.28700000000000003,32.766,0.28300000000000003,0.343,2.84,2018.159912109375,809.9945678710938,28.99245262145996,,False,
1783703784.9873867,2026-07-10T10:16:24,216578,20260710_101616,,,,,,arming,,,,,,,,,False,0.025894438847899437,0.0043604131788015366,1.0009889602661133,0.04333364591002464,-0.13823966681957245,-0.10100074857473373,1.0,0.0,72.0,22.0,0.022,0.0017855204641819,-0.0004184429708402604,0.02389470301568508,0.008890378288924694,-0.0014425666304305196,0.00022645630815532058,0.21581622958183289,1.2478166818618774,0.01210943516343832,0.023894647136330605,6.770352774765342e-05,3.4132190194213763e-06,0.00018980003369506449,3.7002933025360107,10.0,0.0,0.0,0.0,0.0,0.0,0.28700000000000003,32.766,0.28300000000000003,0.343,2.84,2018.159912109375,809.9945678710938,28.99245262145996,,False,
1783703784.9975176,2026-07-10T10:16:24,216583,20260710_101616,,,,,,arming,,,,,,,,,False,0.024438098073005676,0.004383424296975136,1.0010377168655396,0.12304593622684479,-0.0603170171380043,-0.06680576503276825,255.0,-3.0,72.0,22.0,0.022,0.0017855204641819,-0.0004184429708402604,0.02389470301568508,0.008890378288924694,-0.0014425666304305196,0.00022645630815532058,0.21581622958183289,1.2478166818618774,0.01210943516343832,0.023894647136330605,6.770352774765342e-05,3.4132190194213763e-06,0.00018980003369506449,3.7002933025360107,10.0,0.0,0.0,0.0,0.0,0.0,0.28700000000000003,32.766,0.28300000000000003,0.343,2.84,2018.159912109375,809.9945678710938,28.99245262145996,,False,
1783703785.0076475,2026-07-10T10:16:25,216598,20260710_101616,,,,,,arming,,,,,,,,,False,0.022505324333906174,0.0034690476022660732,1.0007120370864868,0.11074911057949066,0.16887909173965454,0.09584996104240417,0.0,1.0,55.0,26.0,0.026,0.00038818607572466135,-8.838826761348173e-05,0.024808546528220177,0.0024133864790201187,0.00023083708947524428,0.005257152020931244,0.20348915457725525,1.3000237941741943,0.011733746156096458,0.023894647136330605,6.770352774765342e-05,3.4132190194213763e-06,0.00018980003369506449,3.7002933025360107,10.0,0.0,0.0,0.0,0.0,0.0,0.28700000000000003,32.766,0.28300000000000003,0.343,2.84,2018.159912109375,809.9945678710938,28.99245262145996,,False,
1783703785.0177774,2026-07-10T10:16:25,216610,20260710_101616,,,,,,arming,,,,,,,,,False,0.022243890911340714,0.006585877854377031,0.9994322061538696,-0.0315922312438488,0.029005983844399452,-0.24321813881397247,0.0,254.0,50.0,26.0,0.026,0.00038818607572466135,-8.838826761348173e-05,0.024808546528220177,0.0024133864790201187,0.00023083708947524428,0.005257152020931244,0.20348915457725525,1.3000237941741943,0.011733746156096458,0.02491522766649723,0.005194524303078651,3.3150963645312004e-06,0.00018462767184246331,3.695014715194702,10.0,0.0,0.0,0.0,0.0,0.0,0.28700000000000003,32.766,0.28300000000000003,0.343,2.84,2018.159912109375,809.9945678710938,28.99245262145996,,False,
1783703785.0279186,2026-07-10T10:16:25,216618,20260710_101616,,,,,,arming,,,,,,,,,False,0.022733470425009727,0.005721911787986755,0.999640941619873,-0.1774214655160904,0.18944744765758514,0.03301915526390076,1.0,-1.0,66.0,26.0,0.026,0.0012810422340407968,-0.0003979150496888906,0.024914851412177086,0.0061432477086782455,-0.0008977761608548462,0.0053092436864972115,0.2128840684890747,1.268244981765747,0.009639871306717396,0.02491522766649723,0.005194524303078651,3.3150963645312004e-06,0.00018462767184246331,3.695014715194702,10.0,0.0,0.0,0.0,0.0,0.0,0.28700000000000003,32.766,0.28200000000000003,0.34900000000000003,2.843,2018.159912109375,809.9945678710938,28.99245262145996,,False,
1783703785.0380588,2026-07-10T10:16:25,216623,20260710_101616,,,,,,arming,,,,,,,,,False,0.02387848123908043,0.004619859158992767,0.9999719262123108,0.03555671498179436,-0.1555469036102295,0.03463860601186752,-1.0,-254.0,66.0,26.0,0.026,0.0012810422340407968,-0.0003979150496888906,0.024914851412177086,0.0061432477086782455,-0.0008977761608548462,0.0053092436864972115,0.2128840684890747,1.268244981765747,0.009639871306717396,0.02491522766649723,0.005194524303078651,3.3150963645312004e-06,0.00018462767184246331,3.695014715194702,10.0,0.0,0.0,0.0,0.0,0.0,0.28700000000000003,32.766,0.28200000000000003,0.34900000000000003,2.843,2018.159912109375,809.9945678710938,28.99245262145996,,False,
1783703785.0482168,2026-07-10T10:16:25,216638,20260710_101616,,,,,,arming,,,,,,,,,False,0.023508485406637192,0.004316754173487425,0.9996901154518127,-0.015450071543455124,-0.020908204838633537,0.13701418042182922,-256.0,2.0,69.0,26.0,0.026,0.001508123823441565,-0.00010674353688955307,0.025024717673659325,0.007003710605204105,0.0007116055930964649,0.005333540495485067,0.20146328210830688,1.2598371505737305,0.00965808890759945,0.02491522766649723,0.005194524303078651,3.3150963645312004e-06,0.00018462767184246331,3.695014715194702,10.0,0.0,0.0,0.0,0.0,0.0,0.28700000000000003,32.766,0.28200000000000003,0.34900000000000003,2.843,2018.159912109375,809.9945678710938,28.99245262145996,,False,
1783703785.0585828,2026-07-10T10:16:25,216643,20260710_101616,,,,,,arming,,,,,,,,,False,0.024889204651117325,0.0029216199181973934,1.0010457038879395,-0.025097107514739037,0.0077088624238967896,-0.11069454997777939,1.0,-256.0,76.0,27.0,0.027,0.001508123823441565,-0.00010674353688955307,0.025024717673659325,0.007003710605204105,0.0007116055930964649,0.005333540495485067,0.20146328210830688,1.2598371505737305,0.00965808890759945,0.02491522766649723,0.005194524303078651,3.3150963645312004e-06,0.00018462767184246331,3.695014715194702,10.0,0.0,0.0,0.0,0.0,0.0,0.28700000000000003,32.766,0.28200000000000003,0.34900000000000003,2.843,2018.159912109375,809.9945678710938,28.99245262145996,,False,
1783703785.0687265,2026-07-10T10:16:25,216661,20260710_101616,,,,,,arming,,,,,,,,,False,0.025966474786400795,0.00162409374024719,0.99944669008255,-0.00661722756922245,0.35832470655441284,-0.19191674888134003,255.0,0.0,65.0,27.0,0.027,0.0006194573361426592,-0.0001157943916041404,0.026001648977398872,0.002619514474645257,0.0006390205817297101,0.009625055827200413,0.20099221169948578,1.2925435304641724,0.010675598867237568,0.026097767055034637,0.009530511684715748,3.413246076888754e-06,0.00018978910520672798,3.7002933025360107,10.0,0.0,0.0,0.0,0.0,0.0,32.766,32.766,0.28200000000000003,0.34900000000000003,2.843,2018.159912109375,809.9945678710938,28.99245262145996,,False,
1783703785.0788653,2026-07-10T10:16:25,216671,20260710_101616,,,,,,arming,,,,,,,,,False,0.02370445244014263,0.00488352682441473,1.0005429983139038,-0.30170947313308716,0.09786831587553024,0.17427504062652588,0.0,1.0,75.0,27.0,0.027,0.0006194573361426592,-0.0001157943916041404,0.026001648977398872,0.002619514474645257,0.0006390205817297101,0.009625055827200413,0.20099221169948578,1.2925435304641724,0.010675598867237568,0.026097767055034637,0.009530511684715748,3.413246076888754e-06,0.00018978910520672798,3.7002933025360107,10.0,0.0,0.0,0.0,0.0,0.0,32.766,32.766,0.28200000000000003,0.34900000000000003,2.843,2018.3731689453125,809.9754638671875,28.999774932861328,,False,
1783703785.0890355,2026-07-10T10:16:25,216681,20260710_101616,,,,,,arming,,,,,,,,,False,0.022302161902189255,0.0037668889854103327,1.0008721351623535,-0.13947691023349762,0.02976045198738575,-0.09814669191837311,0.0,1.0,75.0,27.0,0.027,0.0005868701846338809,-0.00011956650268984959,0.02619464136660099,0.002552641090005636,0.00044012186117470264,0.00968123972415924,0.20222795009613037,1.2932438850402832,0.010256478562951088,0.026097767055034637,0.009530511684715748,3.413246076888754e-06,0.00018978910520672798,3.7002933025360107,10.0,0.0,0.0,0.0,0.0,0.0,32.766,32.766,0.28200000000000003,0.34900000000000003,2.843,2018.3731689453125,809.9754638671875,28.999774932861328,,False,
1783703785.099169,2026-07-10T10:16:25,216691,20260710_101616,,,,,,arming,,,,,,,,,False,0.024934979155659676,0.0032769436948001385,1.000046968460083,-0.11856196075677872,-0.05204438790678978,-5.532145587494597e-05,0.0,-1.0,74.0,27.0,0.027,0.0005868701846338809,-0.00011956650268984959,0.02619464136660099,0.002552641090005636,0.00044012186117470264,0.00968123972415924,0.20222795009613037,1.2932438850402832,0.010256478562951088,0.026097767055034637,0.009530511684715748,3.413246076888754e-06,0.00018978910520672798,3.7002933025360107,10.0,0.0,0.0,0.0,0.0,0.0,32.766,32.766,0.28200000000000003,0.34900000000000003,2.843,2018.3731689453125,809.9754638671875,28.999774932861328,,False,
1783703785.1093664,2026-07-10T10:16:25,216701,20260710_101616,,,,,,arming,,,,,,,,,False,0.02444056048989296,0.0042406897991895676,1.0001258850097656,0.04349078983068466,-0.005678101908415556,0.13829991221427917,0.0,1.0,57.0,24.0,0.024,0.00035028019919991493,-0.0001103911708923988,0.025365177541971207,0.0012956446735188365,0.0005744576337747276,0.004454219713807106,0.200090691447258,1.3003636598587036,0.0102956248447299,0.026097767055034637,0.009530511684715748,3.413246076888754e-06,0.00018978910520672798,3.7002933025360107,10.0,0.0,0.0,0.0,0.0,0.0,32.766,32.766,0.28200000000000003,0.34900000000000003,2.843,2018.3731689453125,809.9754638671875,28.999774932861328,,False,
1783703785.1195242,2026-07-10T10:16:25,216711,20260710_101616,,,,,,arming,,,,,,,,,False,0.026146577671170235,0.00374988722614944,1.0012474060058594,-0.06850846111774445,0.14540459215641022,-0.0688900575041771,1.0,252.0,53.0,24.0,0.024,0.00035028019919991493,-0.0001103911708923988,0.025365177541971207,0.0012956446735188365,0.0005744576337747276,0.004454219713807106,0.200090691447258,1.3003636598587036,0.0102956248447299,0.025457406416535378,0.004443817771971226,3.3151077332149725e-06,0.00018462493608240038,3.7002933025360107,10.0,0.0,0.0,0.0,0.0,0.0,32.766,32.766,0.281,32.766,2.85,2018.3731689453125,809.9754638671875,28.999774932861328,,False,
1783703785.1297097,2026-07-10T10:16:25,216721,20260710_101616,,,,,,arming,,,,,,,,,False,0.024312317371368408,0.00433140154927969,1.0010595321655273,0.17405354976654053,0.04231816902756691,0.08130554109811783,0.0,-256.0,64.0,24.0,0.024,0.001474825432524085,-0.00038785606739111245,0.025457406416535378,0.006842968985438347,-0.0006896721315570176,0.004592602141201496,0.21015113592147827,1.2576725482940674,0.011670251376926899,0.025457406416535378,0.004443817771971226,3.3151077332149725e-06,0.00018462493608240038,3.7002933025360107,10.0,0.0,0.0,0.0,0.0,0.0,32.766,32.766,0.281,32.766,2.85,2018.3731689453125,809.9754638671875,28.999774932861328,,False,
1783703785.139884,2026-07-10T10:16:25,216731,20260710_101616,,,,,,arming,,,,,,,,,False,0.025280795991420746,0.0025320788845419884,1.0024076700210571,-0.3841269910335541,-0.32322919368743896,0.15170226991176605,-1.0,3.0,62.0,24.0,0.024,0.001474825432524085,-0.00038785606739111245,0.025457406416535378,0.006842968985438347,-0.0006896721315570176,0.004592602141201496,0.21015113592147827,1.2576725482940674,0.011670251376926899,0.025457406416535378,0.004443817771971226,3.3151077332149725e-06,0.00018462493608240038,3.7002933025360107,10.0,0.0,0.0,0.0,0.0,0.0,32.766,32.766,0.281,32.766,2.85,2018.3731689453125,809.9754638671875,28.999774932861328,,False,
1783703785.150023,2026-07-10T10:16:25,216741,20260710_101616,,,,,,arming,,,,,,,,,False,0.0239330492913723,0.0014747611712664366,1.0012108087539673,-0.18308834731578827,-0.5175705552101135,-0.06432165205478668,-255.0,3.0,66.0,24.0,0.024,0.0011469937162473798,-0.00037755974335595965,0.025559641420841217,0.0053274966776371,-0.0005497372476384044,0.004945618566125631,0.20937994122505188,1.2716518640518188,0.01127659436315298,0.025457406416535378,0.004443817771971226,3.3151077332149725e-06,0.00018462493608240038,3.7002933025360107,10.0,0.0,0.0,0.0,0.0,0.0,32.766,32.766,0.281,32.766,2.85,2018.3731689453125,809.9754638671875,28.999774932861328,,False,
1783703785.160157,2026-07-10T10:16:25,216751,20260710_101616,,,,,,arming,,,,,,,,,False,0.02472941018640995,0.004048032686114311,0.9987602233886719,0.21631981432437897,-0.008488032035529613,0.007464573252946138,-1.0,0.0,66.0,23.0,0.023,0.0011469937162473798,-0.00037755974335595965,0.025559641420841217,0.0053274966776371,-0.0005497372476384044,0.004945618566125631,0.20937994122505188,1.2716518640518188,0.01127659436315298,0.025457406416535378,0.004443817771971226,3.3151077332149725e-06,0.00018462493608240038,3.7002933025360107,10.0,0.0,0.0,0.0,0.0,0.0,32.766,32.766,0.281,32.766,2.85,2018.3731689453125,809.9754638671875,28.999774932861328,,False,
1783703785.1703405,2026-07-10T10:16:25,216763,20260710_101616,,,,,,arming,,,,,,,,,False,0.026803068816661835,0.0045576333068311214,1.0021989345550537,-0.00021919872961007059,0.30334359407424927,0.06755859404802322,-255.0,0.0,66.0,23.0,0.023,0.00112726422958076,-0.0003648479760158807,0.024544956162571907,0.00509615009650588,-0.0007759803556837142,-8.840126611175947e-06,0.20437529683113098,1.2800185680389404,0.012341794557869434,0.02454475685954094,-0.00014821425429545343,3.4132303881051484e-06,0.00018979079322889447,3.7002933025360107,10.0,0.0,0.0,0.0,0.0,0.0,32.766,32.766,0.281,32.766,2.85,2018.3404541015625,809.9785766601562,29.008544921875,,False,
1783703785.1805136,2026-07-10T10:16:25,216773,20260710_101616,,,,,,arming,,,,,,,,,False,0.02508089318871498,0.003410894190892577,1.001814842224121,-0.031082764267921448,0.20835000276565552,0.022838596254587173,-256.0,2.0,71.0,23.0,0.023,0.00112726422958076,-0.0003648479760158807,0.024544956162571907,0.00509615009650588,-0.0007759803556837142,-8.840126611175947e-06,0.20437529683113098,1.2800185680389404,0.012341794557869434,0.02454475685954094,-0.00014821425429545343,3.4132303881051484e-06,0.00018979079322889447,3.7002933025360107,10.0,0.0,0.0,0.0,0.0,0.0,32.766,32.766,0.281,32.766,2.85,2018.3404541015625,809.9785766601562,29.008544921875,,False,
1783703785.1907122,2026-07-10T10:16:25,216783,20260710_101616,,,,,,arming,,,,,,,,,False,0.024036886170506477,0.003959765657782555,1.0004507303237915,0.15623459219932556,-0.05056672915816307,0.004080831538885832,0.0,-1.0,74.0,23.0,0.023,0.0008538215770386159,-0.00010912621655734256,0.024548202753067017,0.004020055755972862,0.0006365025765262544,0.00021858442050870508,0.19564594328403473,1.2873367071151733,0.012027790769934654,0.02454475685954094,-0.00014821425429545343,3.4132303881051484e-06,0.00018979079322889447,3.7002933025360107,10.0,0.0,0.0,0.0,0.0,0.0,32.766,32.766,0.281,32.766,2.85,2018.3404541015625,809.9785766601562,29.008544921875,,False,
1783703785.2008984,2026-07-10T10:16:25,216793,20260710_101616,,,,,,arming,,,,,,,,,False,0.025145892053842545,0.0036810629535466433,1.000864863395691,-0.11550373584032059,-0.19295701384544373,0.20943069458007812,0.0,2.0,59.0,24.0,0.024,0.0008538215770386159,-0.00010912621655734256,0.024548202753067017,0.004020055755972862,0.0006365025765262544,0.00021858442050870508,0.19564594328403473,1.2873367071151733,0.012027790769934654,0.02454475685954094,-0.00014821425429545343,3.4132303881051484e-06,0.00018979079322889447,3.7002933025360107,10.0,0.0,0.0,0.0,0.0,0.0,32.766,32.766,0.281,32.766,2.85,2018.3404541015625,809.9785766601562,29.008544921875,,False,
1783703785.2111375,2026-07-10T10:16:25,216803,20260710_101616,,,,,,arming,,,,,,,,,False,0.025950271636247635,0.004833599552512169,1.0015020370483398,0.041698794811964035,0.21297821402549744,-0.005021888762712479,1.0,-5.0,58.0,24.0,0.024,0.00011713470303220674,-0.00011494507634779438,0.02431783452630043,0.00034220379893667996,0.000612345989793539,-0.0007940717041492462,0.19603602588176727,1.3161214590072632,0.011158272624015808,0.02454475685954094,-0.00014821425429545343,3.4132303881051484e-06,0.00018979079322889447,3.7002933025360107,10.0,0.0,0.0,0.0,0.0,0.0,32.766,32.766,0.281,32.766,2.85,2018.3404541015625,809.9785766601562,29.008544921875,,False,
1783703785.2215466,2026-07-10T10:16:25,216813,20260710_101616,,,,,,arming,,,,,,,,,False,0.02412381023168564,0.0042825317941606045,1.0000226497650146,-0.007587413303554058,0.16619884967803955,0.24392829835414886,-1.0,2.0,66.0,24.0,0.024,0.00011713470303220674,-0.00011494507634779438,0.02431783452630043,0.00034220379893667996,0.000612345989793539,-0.0007940717041492462,0.19603602588176727,1.3161214590072632,0.011158272624015808,0.024308938533067703,-0.0006220123614184558,3.315093636047095e-06,0.00018462214211467654,3.7002933025360107,10.0,0.0,0.0,0.0,0.0,0.0,32.766,0.319,0.277,32.766,2.854,2018.3404541015625,809.9785766601562,29.008544921875,,False,
1783703785.2322488,2026-07-10T10:16:25,216823,20260710_101616,,,,,,arming,,,,,,,,,False,0.02524702064692974,0.0029745055362582207,0.9999706745147705,0.14256960153579712,0.0873509868979454,-0.016505049541592598,0.0,1.0,66.0,24.0,0.024,0.000822263362351805,-0.00011897701187990606,0.024312954396009445,0.0041066789999604225,0.0007578604272566736,-0.0004552780301310122,0.19501154124736786,1.28711998462677,0.011611009947955608,0.024308938533067703,-0.0006220123614184558,3.315093636047095e-06,0.00018462214211467654,3.7002933025360107,10.0,0.0,0.0,0.0,0.0,0.0,32.766,0.319,0.277,32.766,2.854,2018.3404541015625,809.9785766601562,29.008544921875,,False,
1783703785.2424543,2026-07-10T10:16:25,216835,20260710_101616,,,,,,arming,,,,,,,,,False,0.02442277781665325,0.003113066079095006,1.0007120370864868,0.21500128507614136,0.06282971799373627,-0.012686674483120441,0.0,1.0,75.0,24.0,0.024,0.0006165746599435806,-0.00011761887435568497,0.024305373430252075,0.003096086671575904,0.0006872843950986862,-0.0003789570473600179,0.19501154124736786,1.28711998462677,0.011611009947955608,0.024308938533067703,-0.0006220123614184558,3.315093636047095e-06,0.00018462214211467654,3.7002933025360107,10.0,0.0,0.0,0.0,0.0,0.0,32.766,0.319,0.277,32.766,2.854,2018.3404541015625,809.9785766601562,29.008544921875,,False,
1783703785.2599678,2026-07-10T10:16:25,216838,20260710_101616,,,,,,arming,,,,,,,,,False,0.02442277781665325,0.003113066079095006,1.0007120370864868,0.21500128507614136,0.06282971799373627,-0.012686674483120441,0.0,1.0,75.0,24.0,0.024,0.0006165746599435806,-0.00011761887435568497,0.024305373430252075,0.003096086671575904,0.0006872843950986862,-0.0003789570473600179,0.19647787511348724,1.2934447526931763,0.011671733111143112,0.024308938533067703,-0.0006220123614184558,3.315093636047095e-06,0.00018462214211467654,3.7002933025360107,10.0,0.0,0.0,0.0,0.0,0.0,32.766,0.319,0.277,32.766,2.854,2018.3404541015625,809.9785766601562,29.008544921875,,False,
1783703785.2702346,2026-07-10T10:16:25,216843,20260710_101616,,,,,,arming,,,,,,,,,False,0.02587040886282921,0.003117248183116317,1.0005227327346802,-0.13793142139911652,-0.3201102912425995,0.1722467988729477,0.0,0.0,53.0,26.0,0.026,0.0006165746599435806,-0.00011761887435568497,0.024305373430252075,0.003096086671575904,0.0006872843950986862,-0.0003789570473600179,0.19647787511348724,1.2934447526931763,0.011671733111143112,0.024308938533067703,-0.0006220123614184558,3.315093636047095e-06,0.00018462214211467654,3.7002933025360107,10.0,0.0,0.0,0.0,0.0,0.0,32.766,0.319,0.277,32.766,2.854,2018.3404541015625,809.9785766601562,29.008544921875,,False,
1783703785.2804673,2026-07-10T10:16:25,216858,20260710_101616,,,,,,arming,,,,,,,,,False,0.024456031620502472,0.0021911049261689186,0.9992989897727966,-0.055756788700819016,0.3379698693752289,-0.278198778629303,0.0,0.0,53.0,26.0,0.026,0.0006697418284602463,-0.00010681853746064007,0.025040801614522934,0.003559290198609233,0.0006054451805539429,0.0033259945921599865,0.1975177824497223,1.2911239862442017,0.012539961375296116,0.024308938533067703,-0.0006220123614184558,3.315093636047095e-06,0.00018462214211467654,3.7002933025360107,10.0,0.0,0.0,0.0,0.0,0.0,32.766,0.319,0.277,32.766,2.854,2018.3404541015625,809.9785766601562,29.008544921875,,False,
1783703785.290735,2026-07-10T10:16:25,216858,20260710_101616,,,,,,arming,,,,,,,,,False,0.024456031620502472,0.0021911049261689186,0.9992989897727966,-0.055756788700819016,0.3379698693752289,-0.278198778629303,0.0,0.0,53.0,26.0,0.026,0.0006697418284602463,-0.00010681853746064007,0.025040801614522934,0.003559290198609233,0.0006054451805539429,0.0033259945921599865,0.1975177824497223,1.2911239862442017,0.012539961375296116,0.024308938533067703,-0.0006220123614184558,3.315093636047095e-06,0.00018462214211467654,3.7002933025360107,10.0,0.0,0.0,0.0,0.0,0.0,32.766,0.319,0.277,32.766,2.854,2018.3404541015625,809.9785766601562,29.008544921875,,False,
1783703785.3009832,2026-07-10T10:16:25,216859,20260710_101616,,,,,,arming,,,,,,,,,False,0.024456031620502472,0.0021911049261689186,0.9992989897727966,-0.055756788700819016,0.3379698693752289,-0.278198778629303,0.0,0.0,53.0,26.0,0.026,0.0006697418284602463,-0.00010681853746064007,0.025040801614522934,0.003559290198609233,0.0006054451805539429,0.0033259945921599865,0.1975177824497223,1.2911239862442017,0.012539961375296116,0.025073891505599022,0.003205142682418227,3.413241529415245e-06,0.00018979667220264673,3.7002933025360107,10.0,0.0,0.0,0.0,0.0,0.0,32.766,0.319,0.277,32.766,2.854,2018.3404541015625,809.9785766601562,29.008544921875,,False,
1783703785.3115306,2026-07-10T10:16:25,216861,20260710_101616,,,,,,arming,,,,,,,,,False,0.022878771647810936,0.005273571703583002,1.0015310049057007,-0.17973357439041138,-0.10645724833011627,-0.0719490647315979,0.0,0.0,53.0,26.0,0.026,0.0006697418284602463,-0.00010681853746064007,0.025040801614522934,0.003559290198609233,0.0006054451805539429,0.0033259945921599865,0.1975177824497223,1.2911239862442017,0.012539961375296116,0.025073891505599022,0.003205142682418227,3.413241529415245e-06,0.00018979667220264673,3.7002933025360107,10.0,0.0,0.0,0.0,0.0,0.0,32.766,0.319,0.277,32.766,2.854,2018.3404541015625,809.9785766601562,29.008544921875,,False,
1783703785.3219292,2026-07-10T10:16:25,216883,20260710_101616,,,,,,arming,,,,,,,,,False,0.025666268542408943,0.0024158761370927095,1.0016894340515137,0.02051783911883831,0.12941958010196686,-0.05604099482297897,0.0,0.0,74.0,26.0,0.026,0.0007440110202878714,-9.468363714404404e-05,0.025107955560088158,0.003777644596993923,0.0007193988421931863,0.003520767670124769,0.19580808281898499,1.2878403663635254,0.01128593273460865,0.025073891505599022,0.003205142682418227,3.413241529415245e-06,0.00018979667220264673,3.7002933025360107,10.0,0.0,0.0,0.0,0.0,0.0,32.766,0.319,0.277,32.766,2.854,2018.31298828125,809.9805908203125,29.017404556274414,,False,
1783703785.3322475,2026-07-10T10:16:25,216891,20260710_101616,,,,,,arming,,,,,,,,,False,0.023374296724796295,0.0015413580695167184,1.0004758834838867,0.02441398613154888,0.04387528449296951,-0.19118660688400269,0.0,0.0,74.0,26.0,0.026,0.0007440110202878714,-9.468363714404404e-05,0.025107955560088158,0.003777644596993923,0.0007193988421931863,0.003520767670124769,0.19580808281898499,1.2878403663635254,0.01128593273460865,0.025073891505599022,0.003205142682418227,3.413241529415245e-06,0.00018979667220264673,3.7002933025360107,10.0,0.0,0.0,0.0,0.0,0.0,32.766,0.319,0.277,32.766,2.854,2018.31298828125,809.9805908203125,29.017404556274414,,False,
1783703785.3426895,2026-07-10T10:16:25,216911,20260710_101616,,,,,,arming,,,,,,,,,False,0.023497875779867172,0.004227230325341225,0.9984821081161499,0.027061251923441887,-0.11787030100822449,0.13283714652061462,0.0,-1.0,64.0,24.0,0.024,0.00017387217667419463,-9.779040556168184e-05,0.024677233770489693,0.0007552483002655208,0.0005870744935236871,0.0014089519390836358,0.1980237364768982,1.311120629310608,0.011086046695709229,0.024705972522497177,0.0013410026440396905,3.315099320388981e-06,0.00018463109154254198,3.695014715194702,10.0,0.0,0.0,0.0,0.0,0.0,32.766,32.766,0.28500000000000003,32.766,2.835,2018.31298828125,809.9805908203125,29.017404556274414,,False,
1783703785.3529935,2026-07-10T10:16:25,216933,20260710_101616,,,,,,arming,,,,,,,,,False,0.023349815979599953,0.004928098060190678,1.0003657341003418,-0.1601429581642151,0.2332133948802948,0.011117924936115742,0.0,1.0,71.0,24.0,0.024,0.0006908777868375182,-0.0001066616823663935,0.024706026539206505,0.0033544101752340794,0.00043239619117230177,0.0013953304151073098,0.19839218258857727,1.2891697883605957,0.010531465522944927,0.024705972522497177,0.0013410026440396905,3.315099320388981e-06,0.00018463109154254198,3.695014715194702,10.0,0.0,0.0,0.0,0.0,0.0,32.766,32.766,0.28500000000000003,32.766,2.835,2018.31298828125,809.9805908203125,29.017404556274414,,False,
1783703785.3633366,2026-07-10T10:16:25,216938,20260710_101616,,,,,,arming,,,,,,,,,False,0.023349815979599953,0.004928098060190678,1.0003657341003418,-0.1601429581642151,0.2332133948802948,0.011117924936115742,0.0,1.0,71.0,24.0,0.024,0.0006728823645971715,-0.00010934627789538354,0.024738384410738945,0.0033997788559645414,0.0006843964220024645,0.0016336077824234962,0.19928394258022308,1.2919247150421143,0.01082649827003479,0.024705972522497177,0.0013410026440396905,3.315099320388981e-06,0.00018463109154254198,3.695014715194702,10.0,0.0,0.0,0.0,0.0,0.0,32.766,32.766,0.28500000000000003,32.766,2.835,2018.31298828125,809.9805908203125,29.017404556274414,,False,
1783703785.3736632,2026-07-10T10:16:25,216953,20260710_101616,,,,,,arming,,,,,,,,,False,0.026359176263213158,0.00230453466065228,1.0000802278518677,0.14876267313957214,0.2156148999929428,0.07785923779010773,0.0,0.0,62.0,22.0,0.022,0.0006728823645971715,-0.00010934627789538354,0.024738384410738945,0.0033997788559645414,0.0006843964220024645,0.0016336077824234962,0.19928394258022308,1.2919247150421143,0.01082649827003479,0.024705972522497177,0.0013410026440396905,3.315099320388981e-06,0.00018463109154254198,3.695014715194702,10.0,0.0,0.0,0.0,0.0,0.0,32.766,32.766,0.28500000000000003,32.766,2.835,2018.31298828125,809.9805908203125,29.017404556274414,,False,
1783703785.3839812,2026-07-10T10:16:25,216963,20260710_101616,,,,,,arming,,,,,,,,,False,0.024323368445038795,0.0016183573752641678,0.9997953772544861,0.05241779237985611,0.3599032461643219,-0.045305151492357254,0.0,0.0,70.0,22.0,0.022,0.0007673241198062897,-9.037725976668298e-05,0.0235757939517498,0.003918545786291361,0.0008329844567924738,-0.0038629742339253426,0.19693581759929657,1.290181040763855,0.012752805836498737,0.02353747934103012,-0.0038967521395534277,3.413228114368394e-06,0.00018980097956955433,3.7002933025360107,10.0,0.0,0.0,0.0,0.0,0.0,0.28200000000000003,32.766,0.28500000000000003,32.766,2.835,2018.2091064453125,809.9899291992188,29.03089714050293,,False,
1783703785.3947136,2026-07-10T10:16:25,216983,20260710_101616,,,,,,arming,,,,,,,,,False,0.024783771485090256,0.003034118330106139,0.9982096552848816,-0.05630858615040779,0.0641782134771347,0.1777109056711197,0.0,0.0,63.0,22.0,0.022,0.0008516223169863224,-7.621903205290437e-05,0.023499421775341034,0.004431207198649645,0.000555698003154248,-0.0038114937487989664,0.1977129727602005,1.2851682901382446,0.012887803837656975,0.02353747934103012,-0.0038967521395534277,3.413228114368394e-06,0.00018980097956955433,3.7002933025360107,10.0,0.0,0.0,0.0,0.0,0.0,0.28200000000000003,32.766,0.28500000000000003,32.766,2.835,2018.2091064453125,809.9899291992188,29.03089714050293,,False,
1783703785.4052067,2026-07-10T10:16:25,216995,20260710_101616,,,,,,arming,,,,,,,,,False,0.023967452347278595,0.0026359129697084427,0.9984979033470154,0.04034610837697983,-0.013133772648870945,-0.06274827569723129,0.0,1.0,54.0,22.0,0.022,0.000562668195925653,-7.315422408282757e-05,0.02281268872320652,0.0028606427367776632,0.00040556403109803796,-0.007258376572281122,0.1977129727602005,1.2851682901382446,0.012887803837656975,0.02353747934103012,-0.0038967521395534277,3.413228114368394e-06,0.00018980097956955433,3.7002933025360107,10.0,0.0,0.0,0.0,0.0,0.0,0.28200000000000003,32.766,0.28500000000000003,32.766,2.835,2018.2091064453125,809.9899291992188,29.03089714050293,,False,
1783703785.4188151,2026-07-10T10:16:25,217010,20260710_101616,,,,,,arming,,,,,,,,,False,0.02400713600218296,0.00035940742236562073,1.0017368793487549,0.15158741176128387,0.21371342241764069,-0.09623799473047256,0.0,0.0,56.0,22.0,0.022,0.000562668195925653,-7.315422408282757e-05,0.02281268872320652,0.0028606427367776632,0.00040556403109803796,-0.007258376572281122,0.19723820686340332,1.2939714193344116,0.01555897668004036,0.02266804687678814,-0.00716069620102644,3.3150840863527264e-06,0.00018463947344571352,3.7002933025360107,10.0,0.0,0.0,0.0,0.0,0.0,0.28200000000000003,32.766,0.28500000000000003,32.766,2.835,2018.2091064453125,809.9899291992188,29.03089714050293,,False,
1783703785.4290547,2026-07-10T10:16:25,217021,20260710_101616,,,,,,arming,,,,,,,,,False,0.028068330138921738,0.0047812736593186855,1.000393033027649,0.10520422458648682,0.07202371209859848,-0.235922709107399,0.0,0.0,71.0,22.0,0.022,0.000622833555098623,-6.862877489766106e-05,0.02266804687678814,0.0031573516316711903,-8.161789992300328e-06,-0.007091433275490999,0.19908744096755981,1.2907580137252808,0.015373488888144493,0.02266804687678814,-0.00716069620102644,3.3150840863527264e-06,0.00018463947344571352,3.7002933025360107,10.0,0.0,0.0,0.0,0.0,0.0,0.28200000000000003,32.766,0.28200000000000003,0.35100000000000003,2.842,2018.2091064453125,809.9899291992188,29.03089714050293,,False,
1783703785.4393039,2026-07-10T10:16:25,217031,20260710_101616,,,,,,arming,,,,,,,,,False,0.026087768375873566,0.0038931872695684433,1.0022274255752563,-0.015462680719792843,-0.2070426493883133,-0.04618418589234352,1.0,252.0,65.0,22.0,0.022,0.000622833555098623,-6.862877489766106e-05,0.02266804687678814,0.0031573516316711903,-8.161789992300328e-06,-0.007091433275490999,0.19908744096755981,1.2907580137252808,0.015373488888144493,0.02266804687678814,-0.00716069620102644,3.3150840863527264e-06,0.00018463947344571352,3.7002933025360107,10.0,0.0,0.0,0.0,0.0,0.0,0.28200000000000003,32.766,0.28200000000000003,0.35100000000000003,2.842,2018.2091064453125,809.9899291992188,29.03089714050293,,False,
1783703785.4495542,2026-07-10T10:16:25,217041,20260710_101616,,,,,,arming,,,,,,,,,False,0.025180915370583534,0.004516417160630226,1.0048130750656128,0.19692541658878326,0.06850375980138779,-0.06480666249990463,255.0,-4.0,80.0,22.0,0.022,0.0005744239897467196,-6.613563164137304e-05,0.022545278072357178,0.003267441876232624,0.00016122634406201541,-0.0067432476207613945,0.1985926628112793,1.2926591634750366,0.014032396487891674,0.02266804687678814,-0.00716069620102644,3.3150840863527264e-06,0.00018463947344571352,3.7002933025360107,10.0,0.0,0.0,0.0,0.0,0.0,0.28200000000000003,32.766,0.28200000000000003,0.35100000000000003,2.842,2018.2091064453125,809.9899291992188,29.03089714050293,,False,
1783703785.4597383,2026-07-10T10:16:25,217051,20260710_101616,,,,,,arming,,,,,,,,,False,0.022992275655269623,0.0023519492242485285,1.0031850337982178,-0.11951645463705063,-0.18014520406723022,0.14708848297595978,0.0,1.0,70.0,21.0,0.021,0.0005744239897467196,-6.613563164137304e-05,0.022545278072357178,0.003267441876232624,0.00016122634406201541,-0.0067432476207613945,0.1985926628112793,1.2926591634750366,0.014032396487891674,0.02266804687678814,-0.00716069620102644,3.3150840863527264e-06,0.00018463947344571352,3.7002933025360107,10.0,0.0,0.0,0.0,0.0,0.0,0.28200000000000003,32.766,0.28200000000000003,0.35100000000000003,2.842,2018.2091064453125,809.9899291992188,29.03089714050293,,False,
1783703785.469914,2026-07-10T10:16:25,217061,20260710_101616,,,,,,arming,,,,,,,,,False,0.023137889802455902,0.003556912299245596,1.0005334615707397,-0.03330053389072418,0.34021034836769104,-0.1767944097518921,0.0,1.0,63.0,21.0,0.021,0.0005487372982315719,-6.66796913719736e-05,0.021742437034845352,0.003351842286065221,0.00027716803015209734,-0.00916202086955309,0.1997220516204834,1.2939867973327637,0.01487716194242239,0.0216522254049778,-0.008954709395766258,3.413186959733139e-06,0.00018979946617037058,3.7002933025360107,10.0,0.0,0.0,0.0,0.0,0.0,0.28600000000000003,32.766,0.28200000000000003,0.35100000000000003,2.842,2018.2091064453125,809.9899291992188,29.03089714050293,,False,
1783703785.4800954,2026-07-10T10:16:25,217071,20260710_101616,,,,,,arming,,,,,,,,,False,0.023824915289878845,0.003724807407706976,0.9994232058525085,-0.1873611956834793,-0.43526995182037354,0.07668311893939972,0.0,0.0,64.0,21.0,0.021,0.0005487372982315719,-6.66796913719736e-05,0.021742437034845352,0.003351842286065221,0.00027716803015209734,-0.00916202086955309,0.1997220516204834,1.2939867973327637,0.01487716194242239,0.0216522254049778,-0.008954709395766258,3.413186959733139e-06,0.00018979946617037058,3.7002933025360107,10.0,0.0,0.0,0.0,0.0,0.0,0.28600000000000003,32.766,0.28200000000000003,0.35100000000000003,2.842,2018.2965087890625,809.9822998046875,29.034923553466797,,False,
1783703785.4903238,2026-07-10T10:16:25,217083,20260710_101616,,,,,,arming,,,,,,,,,False,0.02502806857228279,0.002801067428663373,1.0007175207138062,-0.11903320252895355,-0.13451331853866577,0.0854954868555069,0.0,0.0,71.0,21.0,0.021,0.0006165719241835177,-6.241825030883774e-05,0.02156376652419567,0.0034529613330960274,0.00019160142983309925,-0.008811329491436481,0.1981573849916458,1.2894785404205322,0.01561637781560421,0.0216522254049778,-0.008954709395766258,3.413186959733139e-06,0.00018979946617037058,3.7002933025360107,10.0,0.0,0.0,0.0,0.0,0.0,0.28600000000000003,32.766,0.28200000000000003,0.35100000000000003,2.842,2018.2965087890625,809.9822998046875,29.034923553466797,,False,
1783703785.5005279,2026-07-10T10:16:25,217093,20260710_101616,,,,,,arming,,,,,,,,,False,0.024685131385922432,0.0009771374752745032,1.0005807876586914,-0.15539033710956573,0.06748958677053452,0.21274292469024658,0.0,1.0,59.0,22.0,0.022,0.0006165719241835177,-6.241825030883774e-05,0.02156376652419567,0.0034529613330960274,0.00019160142983309925,-0.008811329491436481,0.1981573849916458,1.2894785404205322,0.01561637781560421,0.0216522254049778,-0.008954709395766258,3.413186959733139e-06,0.00018979946617037058,3.7002933025360107,10.0,0.0,0.0,0.0,0.0,0.0,0.28600000000000003,32.766,0.28200000000000003,0.35100000000000003,2.842,2018.2965087890625,809.9822998046875,29.034923553466797,,False,
1783703785.5107558,2026-07-10T10:16:25,217103,20260710_101616,,,,,,arming,,,,,,,,,False,0.023838326334953308,0.002034055069088936,0.9994363784790039,0.03457847610116005,0.09182384610176086,0.16335782408714294,0.0,252.0,58.0,22.0,0.022,0.00028523153741844,-6.083442713133991e-05,0.02165081724524498,0.0018931165104731917,7.733995153103024e-05,-0.007353098597377539,0.1951400637626648,1.3039811849594116,0.014937938190996647,0.0216522254049778,-0.008954709395766258,3.413186959733139e-06,0.00018979946617037058,3.7002933025360107,10.0,0.0,0.0,0.0,0.0,0.0,0.28600000000000003,32.766,0.28200000000000003,0.35100000000000003,2.842,2018.2965087890625,809.9822998046875,29.034923553466797,,False,
1783703785.5209305,2026-07-10T10:16:25,217111,20260710_101616,,,,,,arming,,,,,,,,,False,0.023838326334953308,0.002034055069088936,0.9994363784790039,0.03457847610116005,0.09182384610176086,0.16335782408714294,0.0,252.0,58.0,22.0,0.022,0.00028523153741844,-6.083442713133991e-05,0.02165081724524498,0.0018931165104731917,7.733995153103024e-05,-0.007353098597377539,0.1951400637626648,1.3039811849594116,0.014937938190996647,0.021505888551473618,-0.0074647837318480015,3.315071126053226e-06,0.0001846370578277856,3.7002933025360107,10.0,0.0,0.0,0.0,0.0,0.0,0.28600000000000003,0.319,0.28200000000000003,0.35000000000000003,32.766,2018.2965087890625,809.9822998046875,29.034923553466797,,False,
1783703785.5311077,2026-07-10T10:16:25,217123,20260710_101616,,,,,,arming,,,,,,,,,False,0.023045774549245834,0.0045251380652189255,1.0001317262649536,0.1939586102962494,0.4106660485267639,-0.11048010736703873,0.0,0.0,66.0,22.0,0.022,0.000911146926227957,-5.480795880430378e-05,0.021511094644665718,0.004765096586197615,-0.0002150621439795941,-0.007259012665599585,0.19476766884326935,1.2843154668807983,0.016125427559018135,0.021505888551473618,-0.0074647837318480015,3.315071126053226e-06,0.0001846370578277856,3.7002933025360107,10.0,0.0,0.0,0.0,0.0,0.0,0.28600000000000003,0.319,0.28200000000000003,0.35000000000000003,32.766,2018.2965087890625,809.9822998046875,29.034923553466797,,False,
1783703785.5413063,2026-07-10T10:16:25,217131,20260710_101616,,,,,,arming,,,,,,,,,False,0.02405424416065216,0.0028567032422870398,0.9986852407455444,0.05311904847621918,0.02928781881928444,-0.026156900450587273,0.0,0.0,66.0,22.0,0.022,0.000911146926227957,-5.480795880430378e-05,0.021511094644665718,0.004765096586197615,-0.0002150621439795941,-0.007259012665599585,0.19476766884326935,1.2843154668807983,0.016125427559018135,0.021505888551473618,-0.0074647837318480015,3.315071126053226e-06,0.0001846370578277856,3.7002933025360107,10.0,0.0,0.0,0.0,0.0,0.0,0.28600000000000003,0.319,0.28200000000000003,0.35000000000000003,32.766,2018.2965087890625,809.9822998046875,29.034923553466797,,False,
1783703785.551582,2026-07-10T10:16:25,217143,20260710_101616,,,,,,arming,,,,,,,,,False,0.025989782065153122,0.0017865479458123446,1.0025556087493896,-0.19354504346847534,-0.12378879636526108,0.12251252681016922,0.0,0.0,65.0,20.0,0.02,0.0006090091774240136,-5.767068068962544e-05,0.021368272602558136,0.0029111728072166443,-0.00021913270757067949,-0.007178157102316618,0.195468470454216,1.2954397201538086,0.01592588610947132,0.021505888551473618,-0.0074647837318480015,3.315071126053226e-06,0.0001846370578277856,3.7002933025360107,10.0,0.0,0.0,0.0,0.0,0.0,0.28600000000000003,0.319,0.28200000000000003,0.35000000000000003,32.766,2018.2965087890625,809.9822998046875,29.034923553466797,,False,
1783703785.56183,2026-07-10T10:16:25,217153,20260710_101616,,,,,,arming,,,,,,,,,False,0.02506272867321968,0.002198515459895134,1.0009315013885498,-0.11605361104011536,-0.08810366690158844,-0.25291502475738525,3.0,253.0,60.0,20.0,0.02,0.0006090091774240136,-5.767068068962544e-05,0.021368272602558136,0.0029111728072166443,-0.00021913270757067949,-0.007178157102316618,0.195468470454216,1.2954397201538086,0.01592588610947132,0.021505888551473618,-0.0074647837318480015,3.315071126053226e-06,0.0001846370578277856,3.7002933025360107,10.0,0.0,0.0,0.0,0.0,0.0,0.28600000000000003,0.319,0.28200000000000003,0.35000000000000003,32.766,2018.2965087890625,809.9822998046875,29.034923553466797,,False,
1783703785.5721254,2026-07-10T10:16:25,217163,20260710_101616,,,,,,arming,,,,,,,,,False,0.02504119649529457,0.001980517990887165,0.999704897403717,-0.04553293436765671,0.012405745685100555,-0.010865884833037853,-3.0,2.0,60.0,20.0,0.02,0.0016311842482537031,-0.0010550332954153419,0.020626045763492584,0.007895845919847488,-0.0051248264499008656,-0.009819092229008675,0.23030361533164978,1.2593170404434204,0.014134365133941174,0.0205282773822546,-0.009890166111290455,3.4132001474063145e-06,0.0001898032205644995,3.7002933025360107,10.0,0.0,0.0,0.0,0.0,0.0,32.766,0.319,0.28200000000000003,0.35000000000000003,32.766,2018.4114990234375,809.9718017578125,29.042686462402344,,False,
1783703785.5824559,2026-07-10T10:16:25,217175,20260710_101616,,,,,,arming,,,,,,,,,False,0.021760238334536552,0.0022582542151212692,0.9995295405387878,-0.05019504204392433,0.25960612297058105,-0.03218568488955498,-255.0,2.0,60.0,20.0,0.02,0.0018695190083235502,-0.00035631138598546386,0.020441262051463127,0.008900757879018784,-0.001873397035524249,-0.00969831831753254,0.23030361533164978,1.2593170404434204,0.014134365133941174,0.0205282773822546,-0.009890166111290455,3.4132001474063145e-06,0.0001898032205644995,3.7002933025360107,10.0,0.0,0.0,0.0,0.0,0.0,32.766,0.319,0.28200000000000003,0.35000000000000003,32.766,2018.4114990234375,809.9718017578125,29.042686462402344,,False,
1783703785.5926554,2026-07-10T10:16:25,217183,20260710_101616,,,,,,arming,,,,,,,,,False,0.023297760635614395,0.003630331251770258,1.001352071762085,-0.04161887243390083,-0.06489431113004684,-0.058231666684150696,255.0,-3.0,69.0,20.0,0.02,0.0018695190083235502,-0.00035631138598546386,0.020441262051463127,0.008900757879018784,-0.001873397035524249,-0.00969831831753254,0.20274187624454498,1.254154920578003,0.01456622127443552,0.0205282773822546,-0.009890166111290455,3.4132001474063145e-06,0.0001898032205644995,3.7002933025360107,10.0,0.0,0.0,0.0,0.0,0.0,32.766,0.319,0.28200000000000003,0.35000000000000003,32.766,2018.4114990234375,809.9718017578125,29.042686462402344,,False,
1783703785.6028628,2026-07-10T10:16:25,217195,20260710_101616,,,,,,arming,,,,,,,,,False,0.023008983582258224,0.002536591375246644,1.0011450052261353,0.12299969047307968,-0.14809593558311462,-0.00879900623112917,0.0,1.0,60.0,19.0,0.019,0.00029495282797142863,-3.634139648056589e-05,0.019720660522580147,0.001029906328767538,-0.0003146606613881886,-0.012280043214559555,0.20274187624454498,1.254154920578003,0.01456622127443552,0.0205282773822546,-0.009890166111290455,3.4132001474063145e-06,0.0001898032205644995,3.7002933025360107,10.0,0.0,0.0,0.0,0.0,0.0,32.766,0.319,0.28200000000000003,0.35000000000000003,32.766,2018.4114990234375,809.9718017578125,29.042686462402344,,False,
1783703785.61308,2026-07-10T10:16:25,217203,20260710_101616,,,,,,arming,,,,,,,,,False,0.025777244940400124,0.0012328289449214935,0.9997544288635254,-0.06950578838586807,0.4298611283302307,-0.006974469870328903,3.0,251.0,60.0,19.0,0.019,0.00029495282797142863,-3.634139648056589e-05,0.019720660522580147,0.001029906328767538,-0.0003146606613881886,-0.012280043214559555,0.18983010947704315,1.310117244720459,0.013458971865475178,0.0205282773822546,-0.009890166111290455,3.4132001474063145e-06,0.0001898032205644995,3.7002933025360107,10.0,0.0,0.0,0.0,0.0,0.0,32.766,0.319,0.28200000000000003,0.35000000000000003,32.766,2018.4114990234375,809.9718017578125,29.042686462402344,,False,
1783703785.6232557,2026-07-10T10:16:25,217211,20260710_101616,,,,,,arming,,,,,,,,,False,0.02523910440504551,0.006442120298743248,1.00146484375,0.30539992451667786,-0.13767342269420624,0.01465358305722475,3.0,251.0,60.0,19.0,0.019,0.00029495282797142863,-3.634139648056589e-05,0.019720660522580147,0.001029906328767538,-0.0003146606613881886,-0.012280043214559555,0.18983010947704315,1.310117244720459,0.013458971865475178,0.019480949267745018,-0.012287416495382786,3.315027470307541e-06,0.00018462636217009276,3.695014715194702,10.0,0.0,0.0,0.0,0.0,0.0,32.766,32.766,0.277,0.342,2.836,2018.4114990234375,809.9718017578125,29.042686462402344,,False,
1783703785.6334407,2026-07-10T10:16:25,217223,20260710_101616,,,,,,arming,,,,,,,,,False,0.024325678125023842,0.005733744241297245,0.9997676014900208,0.08343812823295593,-0.19118820130825043,-0.08039256930351257,0.0,0.0,68.0,19.0,0.019,0.0008723697392269969,-3.91209359804634e-05,0.01949288882315159,0.003732116427272558,-0.0003370588819961995,-0.01206559780985117,0.18872828781604767,1.2888675928115845,0.014044150710105896,0.019480949267745018,-0.012287416495382786,3.315027470307541e-06,0.00018462636217009276,3.695014715194702,10.0,0.0,0.0,0.0,0.0,0.0,32.766,32.766,0.277,0.342,2.836,2018.4114990234375,809.9718017578125,29.042686462402344,,False,
1783703785.6435838,2026-07-10T10:16:25,217235,20260710_101616,,,,,,arming,,,,,,,,,False,0.02539433352649212,0.002761208452284336,0.9994214177131653,0.0025070980191230774,0.1361599862575531,-0.028688564896583557,0.0,0.0,64.0,19.0,0.019,0.0009518263395875692,-4.071803778060712e-05,0.01925366185605526,0.004198573995381594,0.0001413455611327663,-0.011900714598596096,0.18872828781604767,1.2888675928115845,0.014044150710105896,0.019480949267745018,-0.012287416495382786,3.315027470307541e-06,0.00018462636217009276,3.695014715194702,10.0,0.0,0.0,0.0,0.0,0.0,32.766,32.766,0.277,0.342,2.836,2018.4114990234375,809.9718017578125,29.042686462402344,,False,
1783703785.6537197,2026-07-10T10:16:25,217243,20260710_101616,,,,,,arming,,,,,,,,,False,0.024440372362732887,0.0016478114994242787,1.0003559589385986,-0.13883568346500397,0.05083927512168884,0.35622650384902954,0.0,0.0,62.0,22.0,0.022,0.0009518263395875692,-4.071803778060712e-05,0.01925366185605526,0.004198573995381594,0.0001413455611327663,-0.011900714598596096,0.19141322374343872,1.285417914390564,0.013546423055231571,0.019480949267745018,-0.012287416495382786,3.315027470307541e-06,0.00018462636217009276,3.695014715194702,10.0,0.0,0.0,0.0,0.0,0.0,32.766,32.766,0.277,0.342,2.836,2018.4114990234375,809.9718017578125,29.042686462402344,,False,
1783703785.6638541,2026-07-10T10:16:25,217255,20260710_101616,,,,,,arming,,,,,,,,,False,0.024665402248501778,0.0034123242367058992,1.0015603303909302,0.17238084971904755,-0.12838299572467804,0.060574572533369064,0.0,0.0,62.0,22.0,0.022,0.0010202578268945217,-4.636371886590496e-05,0.02021661214530468,0.004596971906721592,-0.000131654815049842,-0.006117711775004864,0.19141322374343872,1.285417914390564,0.013546423055231571,0.019480949267745018,-0.012287416495382786,3.315027470307541e-06,0.00018462636217009276,3.695014715194702,10.0,0.0,0.0,0.0,0.0,0.0,32.766,32.766,0.277,0.342,2.836,2018.4114990234375,809.9718017578125,29.042686462402344,,False,
1783703785.6739824,2026-07-10T10:16:25,217263,20260710_101616,,,,,,arming,,,,,,,,,False,0.019146542996168137,0.005526113323867321,1.0015052556991577,-0.021207062527537346,0.3404972553253174,0.04302046820521355,0.0,0.0,63.0,22.0,0.022,0.0010202578268945217,-4.636371886590496e-05,0.02021661214530468,0.004596971906721592,-0.000131654815049842,-0.006117711775004864,0.19104862213134766,1.2828564643859863,0.013902222737669945,0.020156318321824074,-0.006044268608093262,3.413183549128007e-06,0.0001898047630675137,3.7002933025360107,10.0,0.0,0.0,0.0,0.0,0.0,32.766,32.766,0.277,0.342,2.836,2018.31298828125,809.9808349609375,29.054767608642578,,False,
1783703785.6841192,2026-07-10T10:16:25,217275,20260710_101616,,,,,,arming,,,,,,,,,False,0.023347314447164536,0.003863699035719037,1.0008530616760254,-0.1471920758485794,-0.010856629349291325,-0.16202768683433533,1.0,0.0,63.0,22.0,0.022,0.0017378090415149927,-0.0003934334381483495,0.020096590742468834,0.007411774713546038,-0.0015349520836025476,-0.0057939402759075165,0.19104862213134766,1.2828564643859863,0.013902222737669945,0.020156318321824074,-0.006044268608093262,3.413183549128007e-06,0.0001898047630675137,3.7002933025360107,10.0,0.0,0.0,0.0,0.0,0.0,32.766,32.766,0.277,0.342,2.836,2018.31298828125,809.9808349609375,29.054767608642578,,False,
1783703785.6942677,2026-07-10T10:16:25,217283,20260710_101616,,,,,,arming,,,,,,,,,False,0.0248680729418993,0.0026004451792687178,0.9993842244148254,0.01814153976738453,-0.14535275101661682,-0.2518013119697571,255.0,-2.0,70.0,22.0,0.022,0.0017378090415149927,-0.0003934334381483495,0.020096590742468834,0.007411774713546038,-0.0015349520836025476,-0.0057939402759075165,0.202704057097435,1.2567006349563599,0.014341327361762524,0.020156318321824074,-0.006044268608093262,3.413183549128007e-06,0.0001898047630675137,3.7002933025360107,10.0,0.0,0.0,0.0,0.0,0.0,32.766,32.766,0.277,0.342,2.836,2018.31298828125,809.9808349609375,29.054767608642578,,False,
1783703785.7045023,2026-07-10T10:16:25,217295,20260710_101616,,,,,,arming,,,,,,,,,False,0.02317734621465206,0.0033603771589696407,1.0008236169815063,0.06948068737983704,-0.10132566839456558,-0.07735009491443634,0.0,1.0,58.0,24.0,0.024,0.0006258106441237032,-6.206905527506024e-05,0.021708428859710693,0.002055615885183215,4.681980863097124e-05,0.003306353697553277,0.202704057097435,1.2567006349563599,0.014341327361762524,0.020156318321824074,-0.006044268608093262,3.413183549128007e-06,0.0001898047630675137,3.7002933025360107,10.0,0.0,0.0,0.0,0.0,0.0,32.766,32.766,0.277,0.342,2.836,2018.31298828125,809.9808349609375,29.054767608642578,,False,
1783703785.71474,2026-07-10T10:16:25,217303,20260710_101616,,,,,,arming,,,,,,,,,False,0.022614844143390656,0.004611099138855934,1.0011895895004272,-0.016030343249440193,0.42018407583236694,0.09957503527402878,0.0,0.0,57.0,24.0,0.024,0.0006258106441237032,-6.206905527506024e-05,0.021708428859710693,0.002055615885183215,4.681980863097124e-05,0.003306353697553277,0.18906685709953308,1.2969839572906494,0.011657938361167908,0.020156318321824074,-0.006044268608093262,3.413183549128007e-06,0.0001898047630675137,3.7002933025360107,10.0,0.0,0.0,0.0,0.0,0.0,32.766,32.766,0.277,0.342,2.836,2018.31298828125,809.9808349609375,29.054767608642578,,False,
1783703785.724893,2026-07-10T10:16:25,217311,20260710_101616,,,,,,arming,,,,,,,,,False,0.023765789344906807,0.004551142919808626,0.9999150037765503,-0.04869876429438591,-0.01143254991620779,0.07271187752485275,0.0,0.0,57.0,24.0,0.024,0.0006258106441237032,-6.206905527506024e-05,0.021708428859710693,0.002055615885183215,4.681980863097124e-05,0.003306353697553277,0.18906685709953308,1.2969839572906494,0.011657938361167908,0.021776918321847916,0.0035000427160412073,3.315074081911007e-06,0.00018463432206772268,3.7002933025360107,10.0,0.0,0.0,0.0,0.0,0.0,32.766,32.766,0.28200000000000003,0.34500000000000003,2.842,2018.31298828125,809.9808349609375,29.054767608642578,,False,
1783703785.735038,2026-07-10T10:16:25,217323,20260710_101616,,,,,,arming,,,,,,,,,False,0.023167148232460022,0.003692139172926545,0.9997230768203735,0.04526807740330696,-0.10068688541650772,0.09247881919145584,0.0,-253.0,68.0,24.0,0.024,0.0012855767272412777,-5.874919588677585e-05,0.021777449175715446,0.005004890728741884,0.00020177899568807334,0.0035581737756729126,0.18701361119747162,1.2712870836257935,0.012037347070872784,0.021776918321847916,0.0035000427160412073,3.315074081911007e-06,0.00018463432206772268,3.7002933025360107,10.0,0.0,0.0,0.0,0.0,0.0,32.766,32.766,0.28200000000000003,0.34500000000000003,2.842,2018.31298828125,809.9808349609375,29.054767608642578,,False,
1783703785.7451787,2026-07-10T10:16:25,217335,20260710_101616,,,,,,arming,,,,,,,,,False,0.02406587079167366,0.004668937064707279,0.999512255191803,-0.07302328199148178,-0.22365157306194305,-0.20792119204998016,0.0,3.0,60.0,24.0,0.024,0.0005911093321628869,-6.927684444235638e-05,0.02185368910431862,0.0017174138920381665,0.00033456500386819243,0.003619702998548746,0.18701361119747162,1.2712870836257935,0.012037347070872784,0.021776918321847916,0.0035000427160412073,3.315074081911007e-06,0.00018463432206772268,3.7002933025360107,10.0,0.0,0.0,0.0,0.0,0.0,32.766,32.766,0.28200000000000003,0.34500000000000003,2.842,2018.31298828125,809.9808349609375,29.054767608642578,,False,
1783703785.7554235,2026-07-10T10:16:25,217343,20260710_101616,,,,,,arming,,,,,,,,,False,0.023099444806575775,0.003382043680176139,1.0012792348861694,0.03634883090853691,-0.22280408442020416,-0.0010921078501269221,0.0,-256.0,60.0,22.0,0.022,0.0005911093321628869,-6.927684444235638e-05,0.02185368910431862,0.0017174138920381665,0.00033456500386819243,0.003619702998548746,0.1862526535987854,1.2962005138397217,0.012992181815207005,0.021776918321847916,0.0035000427160412073,3.315074081911007e-06,0.00018463432206772268,3.7002933025360107,10.0,0.0,0.0,0.0,0.0,0.0,32.766,32.766,0.28200000000000003,0.34500000000000003,2.842,2018.31298828125,809.9808349609375,29.054767608642578,,False,
1783703785.765559,2026-07-10T10:16:25,217358,20260710_101616,,,,,,arming,,,,,,,,,False,0.024361370131373405,0.0036606083158403635,1.004096508026123,-0.10108447819948196,-0.05250248312950134,0.21037954092025757,0.0,0.0,56.0,22.0,0.022,0.0009244926040992141,-7.10335370968096e-05,0.021991660818457603,0.0033036000095307827,0.0004646650340873748,0.004156318958848715,0.18548192083835602,1.28517484664917,0.013130729086697102,0.021776918321847916,0.0035000427160412073,3.315074081911007e-06,0.00018463432206772268,3.7002933025360107,10.0,0.0,0.0,0.0,0.0,0.0,32.766,32.766,0.28200000000000003,0.34500000000000003,2.842,2018.31298828125,809.9808349609375,29.054767608642578,,False,
1783703785.7756946,2026-07-10T10:16:25,217363,20260710_101616,,,,,,arming,,,,,,,,,False,0.02216145768761635,0.0017002649838104844,1.0008289813995361,0.2813388705253601,-0.09389811009168625,-0.21335992217063904,0.0,0.0,60.0,22.0,0.022,0.0009244926040992141,-7.10335370968096e-05,0.021991660818457603,0.0033036000095307827,0.0004646650340873748,0.004156318958848715,0.18548192083835602,1.28517484664917,0.013130729086697102,0.02203524485230446,0.004481082782149315,3.4132151540688938e-06,0.00018980192544404417,3.7002933025360107,10.0,0.0,0.0,0.0,0.0,0.0,32.766,32.766,0.28200000000000003,0.34500000000000003,2.842,2018.3787841796875,809.9749755859375,29.06359100341797,,False,
1783703785.7858338,2026-07-10T10:16:25,217378,20260710_101616,,,,,,arming,,,,,,,,,False,0.022256487980484962,0.0008779199561104178,1.0007206201553345,0.15410679578781128,0.1876678764820099,-0.12061842530965805,0.0,0.0,60.0,22.0,0.022,0.0012699590297415853,-7.260761049110442e-05,0.022080937400460243,0.004707472398877144,0.0003015570400748402,0.004650268703699112,0.18641787767410278,1.2731178998947144,0.015244172886013985,0.02203524485230446,0.004481082782149315,3.4132151540688938e-06,0.00018980192544404417,3.7002933025360107,10.0,0.0,0.0,0.0,0.0,0.0,32.766,32.766,0.28200000000000003,0.34500000000000003,2.842,2018.3787841796875,809.9749755859375,29.06359100341797,,False,
1783703785.7959728,2026-07-10T10:16:25,217383,20260710_101616,,,,,,arming,,,,,,,,,False,0.024704113602638245,0.004665309097617865,1.003173828125,-0.22763553261756897,-0.05166695639491081,0.041348494589328766,0.0,-1.0,65.0,22.0,0.022,0.0012699590297415853,-7.260761049110442e-05,0.022080937400460243,0.004707472398877144,0.0003015570400748402,0.004650268703699112,0.18641787767410278,1.2731178998947144,0.015244172886013985,0.02203524485230446,0.004481082782149315,3.4132151540688938e-06,0.00018980192544404417,3.7002933025360107,10.0,0.0,0.0,0.0,0.0,0.0,32.766,32.766,0.28200000000000003,0.34500000000000003,2.842,2018.3787841796875,809.9749755859375,29.06359100341797,,False,
1783703785.8061342,2026-07-10T10:16:25,217398,20260710_101616,,,,,,arming,,,,,,,,,False,0.024512233212590218,0.0053365277126431465,1.0024577379226685,0.0581713430583477,-0.16961966454982758,-0.14157997071743011,0.0,1.0,53.0,24.0,0.024,0.0005785239045508206,-7.486833055736497e-05,0.022959811612963676,0.0014105173759162426,0.00022556958720088005,0.009180624969303608,0.18539965152740479,1.294437289237976,0.015266044065356255,0.02203524485230446,0.004481082782149315,3.4132151540688938e-06,0.00018980192544404417,3.7002933025360107,10.0,0.0,0.0,0.0,0.0,0.0,32.766,32.766,0.28200000000000003,0.34500000000000003,2.842,2018.3787841796875,809.9749755859375,29.06359100341797,,False,
1783703785.8163028,2026-07-10T10:16:25,217403,20260710_101616,,,,,,arming,,,,,,,,,False,0.023160122334957123,0.0046310811303555965,1.0022400617599487,-0.11256536841392517,0.06229317560791969,0.05058497190475464,0.0,0.0,59.0,24.0,0.024,0.0005785239045508206,-7.486833055736497e-05,0.022959811612963676,0.0014105173759162426,0.00022556958720088005,0.009180624969303608,0.18539965152740479,1.294437289237976,0.015266044065356255,0.02203524485230446,0.004481082782149315,3.4132151540688938e-06,0.00018980192544404417,3.7002933025360107,10.0,0.0,0.0,0.0,0.0,0.0,32.766,32.766,0.28200000000000003,0.34500000000000003,2.842,2018.3787841796875,809.9749755859375,29.06359100341797,,False,
1783703785.8264756,2026-07-10T10:16:25,217418,20260710_101616,,,,,,arming,,,,,,,,,False,0.024205712601542473,0.0065208845771849155,1.0002529621124268,0.00914816465228796,0.0439830906689167,-0.05001233518123627,0.0,255.0,65.0,24.0,0.024,0.0008937427774071693,-7.708314660703763e-05,0.023148398846387863,0.0029797088354825974,0.0005578795680776238,0.009645176120102406,0.18602780997753143,1.2816542387008667,0.01359767746180296,0.02314816601574421,0.009599117562174797,3.3150929539260687e-06,0.00018463347805663943,3.695014715194702,10.0,0.0,0.0,0.0,0.0,0.0,32.766,32.766,0.28400000000000003,0.34400000000000003,2.837,2018.3787841796875,809.9749755859375,29.06359100341797,,False,
1783703785.836612,2026-07-10T10:16:25,217423,20260710_101616,,,,,,arming,,,,,,,,,False,0.022679254412651062,0.005573953967541456,1.00039541721344,0.20320753753185272,0.19149725139141083,0.054118331521749496,0.0,-256.0,69.0,24.0,0.024,0.0008937427774071693,-7.708314660703763e-05,0.023148398846387863,0.0029797088354825974,0.0005578795680776238,0.009645176120102406,0.18602780997753143,1.2816542387008667,0.01359767746180296,0.02314816601574421,0.009599117562174797,3.3150929539260687e-06,0.00018463347805663943,3.695014715194702,10.0,0.0,0.0,0.0,0.0,0.0,32.766,32.766,0.28400000000000003,0.34400000000000003,2.837,2018.3787841796875,809.9749755859375,29.06359100341797,,False,
1783703785.8467607,2026-07-10T10:16:25,217438,20260710_101616,,,,,,arming,,,,,,,,,False,0.022946298122406006,0.003383783856406808,1.0024127960205078,0.09004679322242737,0.2283722162246704,0.07847419381141663,2.0,0.0,62.0,24.0,0.024,0.0018634734442457557,-0.0007084517856128514,0.023342039436101913,0.0074233077466487885,-0.002010210882872343,0.009809015318751335,0.2104460597038269,1.2462106943130493,0.012859556823968887,0.02314816601574421,0.009599117562174797,3.3150929539260687e-06,0.00018463347805663943,3.695014715194702,10.0,0.0,0.0,0.0,0.0,0.0,32.766,32.766,0.28400000000000003,0.34400000000000003,2.837,2018.3787841796875,809.9749755859375,29.06359100341797,,False,
1783703785.8568969,2026-07-10T10:16:25,217443,20260710_101616,,,,,,arming,,,,,,,,,False,0.024146465584635735,0.0013168369187042117,1.000025749206543,0.06145554035902023,-0.26187482476234436,-0.29481932520866394,-2.0,-252.0,57.0,25.0,0.025,0.0018634734442457557,-0.0007084517856128514,0.023342039436101913,0.0074233077466487885,-0.002010210882872343,0.009809015318751335,0.2104460597038269,1.2462106943130493,0.012859556823968887,0.02314816601574421,0.009599117562174797,3.3150929539260687e-06,0.00018463347805663943,3.695014715194702,10.0,0.0,0.0,0.0,0.0,0.0,32.766,32.766,0.28400000000000003,0.34400000000000003,2.837,2018.3787841796875,809.9749755859375,29.06359100341797,,False,
1783703785.8670285,2026-07-10T10:16:25,217459,20260710_101616,,,,,,arming,,,,,,,,,False,0.023711176589131355,0.002595951547846198,0.9999061822891235,-0.18388240039348602,-0.03209312632679939,0.013476355001330376,-255.0,4.0,64.0,25.0,0.025,0.0014562265714630485,-0.00038931859307922423,0.024277327582240105,0.0054000611416995525,-0.0007071640575304627,0.013558966107666492,0.19895324110984802,1.259498953819275,0.01282287947833538,0.02441309206187725,0.013471723534166813,3.4132335713366047e-06,0.0001897978800116107,3.695014715194702,10.0,0.0,0.0,0.0,0.0,0.0,32.766,32.766,0.28400000000000003,0.34400000000000003,2.837,2018.3787841796875,809.9749755859375,29.06359100341797,,False,
1783703785.8771615,2026-07-10T10:16:25,217463,20260710_101616,,,,,,arming,,,,,,,,,False,0.02228573150932789,0.0028857793658971786,1.0015060901641846,-0.002851153491064906,0.19252939522266388,0.08325543999671936,-1.0,0.0,60.0,25.0,0.025,0.0014562265714630485,-0.00038931859307922423,0.024277327582240105,0.0054000611416995525,-0.0007071640575304627,0.013558966107666492,0.19895324110984802,1.259498953819275,0.01282287947833538,0.02441309206187725,0.013471723534166813,3.4132335713366047e-06,0.0001897978800116107,3.7002933025360107,10.0,0.0,0.0,0.0,0.0,0.0,32.766,32.766,0.28400000000000003,0.34400000000000003,2.837,2018.31298828125,809.9805908203125,29.07301902770996,,False,
1783703785.8873074,2026-07-10T10:16:25,217478,20260710_101616,,,,,,arming,,,,,,,,,False,0.023386286571621895,0.003166420152410865,0.9999793767929077,-0.09248478710651398,0.09876562654972076,-0.1018611416220665,0.0,1.0,60.0,25.0,0.025,0.001125654554925859,-9.275360207539052e-05,0.024552011862397194,0.0035271316301077604,0.0005714757135137916,0.013739688321948051,0.18838092684745789,1.2703231573104858,0.013740690425038338,0.02441309206187725,0.013471723534166813,3.4132335713366047e-06,0.0001897978800116107,3.7002933025360107,10.0,0.0,0.0,0.0,0.0,0.0,32.766,32.766,0.28400000000000003,0.34400000000000003,2.837,2018.31298828125,809.9805908203125,29.07301902770996,,False,
1783703785.897453,2026-07-10T10:16:25,217483,20260710_101616,,,,,,arming,,,,,,,,,False,0.022232521325349808,0.0031617002096027136,1.0001394748687744,-0.09183509647846222,0.014502976089715958,-0.13814318180084229,0.0,1.0,65.0,25.0,0.025,0.001125654554925859,-9.275360207539052e-05,0.024552011862397194,0.0035271316301077604,0.0005714757135137916,0.013739688321948051,0.18838092684745789,1.2703231573104858,0.013740690425038338,0.02441309206187725,0.013471723534166813,3.4132335713366047e-06,0.0001897978800116107,3.7002933025360107,10.0,0.0,0.0,0.0,0.0,0.0,32.766,32.766,0.28400000000000003,0.34400000000000003,2.837,2018.31298828125,809.9805908203125,29.07301902770996,,False,
1783703785.9075823,2026-07-10T10:16:25,217498,20260710_101616,,,,,,arming,,,,,,,,,False,0.022480100393295288,0.003582329023629427,1.0002403259277344,0.0022665783762931824,0.13122616708278656,0.03944488614797592,0.0,2.0,48.0,20.0,0.02,0.00030125066405162215,-8.448733569821343e-05,0.022758014500141144,-0.0005051572807133198,0.0005304182413965464,0.0029789439868181944,0.18748097121715546,1.3003836870193481,0.013048513792455196,0.02441309206187725,0.013471723534166813,3.4132335713366047e-06,0.0001897978800116107,3.7002933025360107,10.0,0.0,0.0,0.0,0.0,0.0,32.766,32.766,0.28400000000000003,0.34400000000000003,2.837,2018.31298828125,809.9805908203125,29.07301902770996,,False,
1783703785.9177053,2026-07-10T10:16:25,217510,20260710_101616,,,,,,arming,,,,,,,,,False,0.02466685324907303,0.00538986548781395,1.0000272989273071,-0.03712017461657524,0.03515532612800598,-0.05699276179075241,0.0,-1.0,53.0,20.0,0.02,0.00030125066405162215,-8.448733569821343e-05,0.022758014500141144,-0.0005051572807133198,0.0005304182413965464,0.0029789439868181944,0.18748097121715546,1.3003836870193481,0.013048513792455196,0.02281920798122883,0.0029775379225611687,3.31506794282177e-06,0.0001846245868364349,3.7002933025360107,10.0,0.0,0.0,0.0,0.0,0.0,32.766,32.766,0.28400000000000003,0.34400000000000003,2.837,2018.31298828125,809.9805908203125,29.07301902770996,,False,
1783703785.9278314,2026-07-10T10:16:25,217518,20260710_101616,,,,,,arming,,,,,,,,,False,0.023760441690683365,0.004402504302561283,0.9979056119918823,-0.16908571124076843,-0.034001272171735764,-0.061650656163692474,0.0,0.0,72.0,20.0,0.02,0.0005796661134809256,-7.934243330964819e-05,0.02281920798122883,0.0010584874544292688,0.0007590498425997794,0.0030045604798942804,0.18756118416786194,1.2866055965423584,0.014497604221105576,0.02281920798122883,0.0029775379225611687,3.31506794282177e-06,0.0001846245868364349,3.7002933025360107,10.0,0.0,0.0,0.0,0.0,0.0,32.766,32.766,0.28,32.766,2.837,2018.31298828125,809.9805908203125,29.07301902770996,,False,
1783703785.9379559,2026-07-10T10:16:25,217523,20260710_101616,,,,,,arming,,,,,,,,,False,0.024128273129463196,0.002662660786882043,1.0003321170806885,0.21981649100780487,0.36289629340171814,-0.02208160236477852,0.0,0.0,72.0,20.0,0.02,0.0005796661134809256,-7.934243330964819e-05,0.02281920798122883,0.0010584874544292688,0.0007590498425997794,0.0030045604798942804,0.18756118416786194,1.2866055965423584,0.014497604221105576,0.02281920798122883,0.0029775379225611687,3.31506794282177e-06,0.0001846245868364349,3.7002933025360107,10.0,0.0,0.0,0.0,0.0,0.0,32.766,32.766,0.28,32.766,2.837,2018.31298828125,809.9805908203125,29.07301902770996,,False,
1783703785.9480805,2026-07-10T10:16:25,217538,20260710_101616,,,,,,arming,,,,,,,,,False,0.024179784581065178,0.003006577491760254,1.0004137754440308,0.09354843944311142,-0.09749939292669296,0.43800315260887146,0.0,0.0,59.0,20.0,0.02,0.00030021145357750356,-7.609304157085717e-05,0.02287752367556095,-0.0001061639777617529,0.0006970700924284756,0.0029310632962733507,0.1878357231616974,1.293887972831726,0.013285981491208076,0.02281920798122883,0.0029775379225611687,3.31506794282177e-06,0.0001846245868364349,3.7002933025360107,10.0,0.0,0.0,0.0,0.0,0.0,32.766,32.766,0.28,32.766,2.837,2018.31298828125,809.9805908203125,29.07301902770996,,False,
1783703785.9582014,2026-07-10T10:16:25,217543,20260710_101616,,,,,,arming,,,,,,,,,False,0.023988885805010796,0.004995543044060469,1.0021544694900513,0.017127368599176407,-0.16299977898597717,0.008407756686210632,0.0,255.0,55.0,20.0,0.02,0.00030021145357750356,-7.609304157085717e-05,0.02287752367556095,-0.0001061639777617529,0.0006970700924284756,0.0029310632962733507,0.1878357231616974,1.293887972831726,0.013285981491208076,0.02281920798122883,0.0029775379225611687,3.31506794282177e-06,0.0001846245868364349,3.7002933025360107,10.0,0.0,0.0,0.0,0.0,0.0,32.766,32.766,0.28,32.766,2.837,2018.31298828125,809.9805908203125,29.07301902770996,,False,
1783703785.9683547,2026-07-10T10:16:25,217560,20260710_101616,,,,,,arming,,,,,,,,,False,0.024761658161878586,0.004303374793380499,1.0024162530899048,0.0675319954752922,0.13426850736141205,0.11943450570106506,0.0,-1.0,62.0,20.0,0.02,0.0006149163818918169,-6.751912587787956e-05,0.02168162353336811,0.0016698765102773905,0.0008602950838394463,-0.0026794022414833307,0.1886589229106903,1.2822614908218384,0.01370507013052702,0.021656138822436333,-0.002462574979290366,3.4131965094275074e-06,0.00018980023742187768,3.7002933025360107,10.0,0.0,0.0,0.0,0.0,0.0,32.766,32.766,0.28,32.766,2.837,2018.31298828125,809.9805908203125,29.07301902770996,,False,
1783703785.9785035,2026-07-10T10:16:25,217571,20260710_101616,,,,,,arming,,,,,,,,,False,0.024100614711642265,0.005088037345558405,1.0024205446243286,0.13899394869804382,0.1475427746772766,0.0025156063493341208,0.0,0.0,62.0,20.0,0.02,0.0006149163818918169,-6.751912587787956e-05,0.02168162353336811,0.0016698765102773905,0.0008602950838394463,-0.0026794022414833307,0.1886589229106903,1.2822614908218384,0.01370507013052702,0.021656138822436333,-0.002462574979290366,3.4131965094275074e-06,0.00018980023742187768,3.7002933025360107,10.0,0.0,0.0,0.0,0.0,0.0,32.766,32.766,0.28,32.766,2.837,2018.3623046875,809.9761352539062,29.08047103881836,,False,
1783703785.9886386,2026-07-10T10:16:25,217581,20260710_101616,,,,,,arming,,,,,,,,,False,0.021953638643026352,0.0027537490241229534,0.9999343752861023,-0.19634409248828888,-0.13633635640144348,-0.12933242321014404,0.0,0.0,62.0,20.0,0.02,0.0006537418812513351,-4.9291978939436376e-05,0.021633056923747063,0.0022501416970044374,0.0009268146241083741,-0.0021989832166582346,0.19019216299057007,1.2774944305419922,0.014116177335381508,0.021656138822436333,-0.002462574979290366,3.4131965094275074e-06,0.00018980023742187768,3.7002933025360107,10.0,0.0,0.0,0.0,0.0,0.0,32.766,32.766,0.28,32.766,2.837,2018.3623046875,809.9761352539062,29.08047103881836,,False,
1783703785.9988277,2026-07-10T10:16:25,217591,20260710_101616,,,,,,arming,,,,,,,,,False,0.023055758327245712,0.0024497138801962137,0.9997105002403259,0.12925779819488525,0.07379788905382156,-0.004207441117614508,0.0,0.0,49.0,20.0,0.02,0.0006537418812513351,-4.9291978939436376e-05,0.021633056923747063,0.0022501416970044374,0.0009268146241083741,-0.0021989832166582346,0.19019216299057007,1.2774944305419922,0.014116177335381508,0.021656138822436333,-0.002462574979290366,3.4131965094275074e-06,0.00018980023742187768,3.7002933025360107,10.0,0.0,0.0,0.0,0.0,0.0,32.766,32.766,0.28,32.766,2.837,2018.3623046875,809.9761352539062,29.08047103881836,,False,
1783703786.0089839,2026-07-10T10:16:26,217601,20260710_101616,,,,,,arming,,,,,,,,,False,0.027849668636918068,0.002905743895098567,1.0023281574249268,-0.25238046050071716,-0.0715215727686882,0.04095703735947609,0.0,0.0,57.0,23.0,0.023,0.0006887553026899695,-3.0375800633919425e-05,0.022195808589458466,0.0023182895965874195,0.0009993234416469932,0.001157707767561078,0.1908177137374878,1.274579644203186,0.012899210676550865,0.021656138822436333,-0.002462574979290366,3.4131965094275074e-06,0.00018980023742187768,3.7002933025360107,10.0,0.0,0.0,0.0,0.0,0.0,32.766,32.766,0.28,32.766,2.837,2018.3623046875,809.9761352539062,29.08047103881836,,False,
1783703786.0191422,2026-07-10T10:16:26,217611,20260710_101616,,,,,,arming,,,,,,,,,False,0.027849668636918068,0.002905743895098567,1.0023281574249268,-0.25238046050071716,-0.0715215727686882,0.04095703735947609,0.0,0.0,57.0,23.0,0.023,0.0006887553026899695,-3.0375800633919425e-05,0.022195808589458466,0.0023182895965874195,0.0009993234416469932,0.001157707767561078,0.1908177137374878,1.274579644203186,0.012899210676550865,0.02222040295600891,0.0013086183462291956,3.315080221000244e-06,0.00018464450840838253,3.7002933025360107,10.0,0.0,0.0,0.0,0.0,0.0,32.766,32.766,0.28,0.343,2.81,2018.3623046875,809.9761352539062,29.08047103881836,,False,
1783703786.02932,2026-07-10T10:16:26,217621,20260710_101616,,,,,,arming,,,,,,,,,False,0.02423359826207161,0.0027912254445254803,0.9978581070899963,-0.1519795060157776,0.14063683152198792,-0.05613334849476814,1.0,-4.0,75.0,23.0,0.023,0.002137941075488925,-0.00038483363459818065,0.02221916988492012,0.009553022682666779,-0.0009125627693720162,0.0013798113213852048,0.20209234952926636,1.2230348587036133,0.014609914273023605,0.02222040295600891,0.0013086183462291956,3.315080221000244e-06,0.00018464450840838253,3.7002933025360107,10.0,0.0,0.0,0.0,0.0,0.0,32.766,32.766,0.28,0.343,2.81,2018.3623046875,809.9761352539062,29.08047103881836,,False,
1783703786.0395062,2026-07-10T10:16:26,217631,20260710_101616,,,,,,arming,,,,,,,,,False,0.0270378477871418,0.005672161933034658,1.0002838373184204,0.011088818311691284,0.13221897184848785,0.14846238493919373,-1.0,-253.0,75.0,23.0,0.023,0.002137941075488925,-0.00038483363459818065,0.02221916988492012,0.009553022682666779,-0.0009125627693720162,0.0013798113213852048,0.20209234952926636,1.2230348587036133,0.014609914273023605,0.02222040295600891,0.0013086183462291956,3.315080221000244e-06,0.00018464450840838253,3.7002933025360107,10.0,0.0,0.0,0.0,0.0,0.0,32.766,32.766,0.28,0.343,2.81,2018.3623046875,809.9761352539062,29.08047103881836,,False,
1783703786.0496879,2026-07-10T10:16:26,217641,20260710_101616,,,,,,arming,,,,,,,,,False,0.02543455921113491,0.003916249610483646,1.0010137557983398,0.06894871592521667,-0.046878039836883545,0.09103444218635559,1.0,-3.0,75.0,23.0,0.023,0.0020159739069640636,-0.0003731097385752946,0.022255754098296165,0.008790308609604836,-0.0009965914068743587,0.0012711109593510628,0.19975073635578156,1.226670265197754,0.014772085472941399,0.02222040295600891,0.0013086183462291956,3.315080221000244e-06,0.00018464450840838253,3.7002933025360107,10.0,0.0,0.0,0.0,0.0,0.0,32.766,32.766,0.28,0.343,2.81,2018.3623046875,809.9761352539062,29.08047103881836,,False,
1783703786.0598552,2026-07-10T10:16:26,217651,20260710_101616,,,,,,arming,,,,,,,,,False,0.025455357506871223,0.004243845120072365,0.9983838200569153,-0.11414015293121338,0.25702282786369324,0.2472561001777649,-1.0,-254.0,75.0,22.0,0.022,0.0020159739069640636,-0.0003731097385752946,0.022255754098296165,0.008790308609604836,-0.0009965914068743587,0.0012711109593510628,0.19975073635578156,1.226670265197754,0.014772085472941399,0.02222040295600891,0.0013086183462291956,3.315080221000244e-06,0.00018464450840838253,3.7002933025360107,10.0,0.0,0.0,0.0,0.0,0.0,32.766,32.766,0.28,0.343,2.81,2018.3623046875,809.9761352539062,29.08047103881836,,False,
1783703786.0699987,2026-07-10T10:16:26,217661,20260710_101616,,,,,,arming,,,,,,,,,False,0.025712711736559868,0.0030538293067365885,0.9999653100967407,-0.1522977352142334,0.11677427589893341,-0.07734173536300659,-256.0,2.0,62.0,22.0,0.022,0.0013546630507335067,-3.899011790053919e-05,0.02217673510313034,0.005841318517923355,0.0008121395367197692,0.0009230697178281844,0.1894625723361969,1.253987193107605,0.016212332993745804,0.022185493260622025,0.0006903421599417925,3.413194235690753e-06,0.00018979884043801576,3.7002933025360107,10.0,0.0,0.0,0.0,0.0,0.0,32.766,32.766,0.28,0.343,2.81,2018.3623046875,809.9761352539062,29.08047103881836,,False,
1783703786.0801437,2026-07-10T10:16:26,217671,20260710_101616,,,,,,arming,,,,,,,,,False,0.02372460812330246,0.003951310645788908,0.9988263249397278,0.16046997904777527,-0.0704946294426918,-0.056155409663915634,0.0,1.0,66.0,22.0,0.022,0.0013546630507335067,-3.899011790053919e-05,0.02217673510313034,0.005841318517923355,0.0008121395367197692,0.0009230697178281844,0.1894625723361969,1.253987193107605,0.016212332993745804,0.022185493260622025,0.0006903421599417925,3.413194235690753e-06,0.00018979884043801576,3.7002933025360107,10.0,0.0,0.0,0.0,0.0,0.0,32.766,32.766,0.28,0.343,2.81,2018.406005859375,809.9725341796875,29.086273193359375,,False,
1783703786.090306,2026-07-10T10:16:26,217681,20260710_101616,,,,,,arming,,,,,,,,,False,0.0247386172413826,0.004132421687245369,0.9997062683105469,0.004755029454827309,0.2789241671562195,-0.04267147183418274,1.0,253.0,66.0,22.0,0.022,0.001931641367264092,-0.0003746245929505676,0.022193938493728638,0.008728668093681335,-0.0007848780951462686,0.0008426429121755064,0.20046871900558472,1.2319486141204834,0.0178416445851326,0.022185493260622025,0.0006903421599417925,3.413194235690753e-06,0.00018979884043801576,3.7002933025360107,10.0,0.0,0.0,0.0,0.0,0.0,32.766,32.766,0.28,0.343,2.81,2018.406005859375,809.9725341796875,29.086273193359375,,False,
1783703786.1004946,2026-07-10T10:16:26,217693,20260710_101616,,,,,,arming,,,,,,,,,False,0.026711242273449898,0.0033880583941936493,1.0010793209075928,0.04974751174449921,0.19776055216789246,0.06599987298250198,-1.0,1.0,51.0,26.0,0.026,0.001931641367264092,-0.0003746245929505676,0.022193938493728638,0.008728668093681335,-0.0007848780951462686,0.0008426429121755064,0.20046871900558472,1.2319486141204834,0.0178416445851326,0.022185493260622025,0.0006903421599417925,3.413194235690753e-06,0.00018979884043801576,3.7002933025360107,10.0,0.0,0.0,0.0,0.0,0.0,32.766,32.766,0.28,0.343,2.81,2018.406005859375,809.9725341796875,29.086273193359375,,False,
1783703786.1106398,2026-07-10T10:16:26,217703,20260710_101616,,,,,,arming,,,,,,,,,False,0.023372096940875053,0.0010395055869594216,0.9995537996292114,0.030935147777199745,-0.294427752494812,0.19981956481933594,0.0,0.0,55.0,26.0,0.026,0.0005840064259245992,0.0002355321339564398,0.023840973153710365,0.0024139496963471174,0.0022028316743671894,0.009331397712230682,0.18057937920093536,1.2785089015960693,0.017736919224262238,0.022185493260622025,0.0006903421599417925,3.413194235690753e-06,0.00018979884043801576,3.7002933025360107,10.0,0.0,0.0,0.0,0.0,0.0,32.766,32.766,0.28,0.343,2.81,2018.406005859375,809.9725341796875,29.086273193359375,,False,
1783703786.1207993,2026-07-10T10:16:26,217713,20260710_101616,,,,,,arming,,,,,,,,,False,0.023568959906697273,0.0005764038651250303,0.9974991679191589,-0.13075169920921326,-0.18534530699253082,-0.1730240434408188,2.0,-4.0,76.0,26.0,0.026,0.0005840064259245992,0.0002355321339564398,0.023840973153710365,0.0024139496963471174,0.0022028316743671894,0.009331397712230682,0.18057937920093536,1.2785089015960693,0.017736919224262238,0.024028275161981583,0.00923641212284565,3.3150868148368318e-06,0.00018462548905517906,3.7002933025360107,10.0,0.0,0.0,0.0,0.0,0.0,32.766,32.766,0.28300000000000003,32.766,2.857,2018.406005859375,809.9725341796875,29.086273193359375,,False,
1783703786.1309562,2026-07-10T10:16:26,217723,20260710_101616,,,,,,arming,,,,,,,,,False,0.025892548263072968,0.0037293920759111643,1.0019664764404297,-0.08684348315000534,0.3354465663433075,-0.013715562410652637,-1.0,-253.0,76.0,26.0,0.026,0.0018391263438388705,-0.00037640039226971567,0.024029891937971115,0.008482510223984718,-0.0010624374262988567,0.009326109662652016,0.20189493894577026,1.2359576225280762,0.018920421600341797,0.024028275161981583,0.00923641212284565,3.3150868148368318e-06,0.00018462548905517906,3.7002933025360107,10.0,0.0,0.0,0.0,0.0,0.0,32.766,32.766,0.28300000000000003,32.766,2.857,2018.406005859375,809.9725341796875,29.086273193359375,,False,
1783703786.1411092,2026-07-10T10:16:26,217733,20260710_101616,,,,,,arming,,,,,,,,,False,0.027029570192098618,0.0033228148240596056,1.0026295185089111,0.1755983829498291,0.271632581949234,-0.04654799401760101,0.0,-3.0,66.0,26.0,0.026,0.0018391263438388705,-0.00037640039226971567,0.024029891937971115,0.008482510223984718,-0.0010624374262988567,0.009326109662652016,0.20189493894577026,1.2359576225280762,0.018920421600341797,0.024028275161981583,0.00923641212284565,3.3150868148368318e-06,0.00018462548905517906,3.7002933025360107,10.0,0.0,0.0,0.0,0.0,0.0,32.766,32.766,0.28300000000000003,32.766,2.857,2018.406005859375,809.9725341796875,29.086273193359375,,False,
1783703786.1513038,2026-07-10T10:16:26,217743,20260710_101616,,,,,,arming,,,,,,,,,False,0.026517784222960472,0.0023783687502145767,1.0015298128128052,-0.17129431664943695,-0.6197454333305359,-0.0036546383053064346,1.0,0.0,62.0,21.0,0.021,0.0017640573205426335,-6.91581517457962e-05,0.02422334998846054,0.008181662298738956,0.0002322425862075761,0.009482666850090027,0.18982809782028198,1.2375518083572388,0.018279995769262314,0.024028275161981583,0.00923641212284565,3.3150868148368318e-06,0.00018462548905517906,3.7002933025360107,10.0,0.0,0.0,0.0,0.0,0.0,32.766,32.766,0.28300000000000003,32.766,2.857,2018.406005859375,809.9725341796875,29.086273193359375,,False,
1783703786.1615086,2026-07-10T10:16:26,217753,20260710_101616,,,,,,arming,,,,,,,,,False,0.02405603975057602,0.003963420167565346,0.9980454444885254,-0.23735438287258148,0.16487964987754822,-0.01125301606953144,-1.0,3.0,67.0,21.0,0.021,0.0017640573205426335,-6.91581517457962e-05,0.02422334998846054,0.008181662298738956,0.0002322425862075761,0.009482666850090027,0.18982809782028198,1.2375518083572388,0.018279995769262314,0.024028275161981583,0.00923641212284565,3.3150868148368318e-06,0.00018462548905517906,3.7002933025360107,10.0,0.0,0.0,0.0,0.0,0.0,32.766,32.766,0.28300000000000003,32.766,2.857,2018.406005859375,809.9725341796875,29.086273193359375,,False,
1783703786.1716619,2026-07-10T10:16:26,217763,20260710_101616,,,,,,arming,,,,,,,,,False,0.02406940422952175,0.005285877268761396,0.9988519549369812,0.32080137729644775,0.08908431977033615,-0.039576075971126556,0.0,0.0,73.0,21.0,0.021,0.0008533741347491741,-6.255308107938617e-05,0.023016683757305145,0.004105964209884405,0.00018460840510670096,0.0032715178094804287,0.18913942575454712,1.2770402431488037,0.017746707424521446,0.02304864674806595,0.0030242796055972576,3.413191734580323e-06,0.00018978401203639805,3.7002933025360107,10.0,0.0,0.0,0.0,0.0,0.0,32.766,32.766,0.28300000000000003,32.766,2.857,2018.4443359375,809.9688720703125,29.096635818481445,,False,
1783703786.1818237,2026-07-10T10:16:26,217773,20260710_101616,,,,,,arming,,,,,,,,,False,0.024034544825553894,0.005335180088877678,1.0002106428146362,0.11436095833778381,-0.24648186564445496,0.1336042433977127,0.0,255.0,73.0,21.0,0.021,0.0008533741347491741,-6.255308107938617e-05,0.023016683757305145,0.004105964209884405,0.00018460840510670096,0.0032715178094804287,0.18913942575454712,1.2770402431488037,0.017746707424521446,0.02304864674806595,0.0030242796055972576,3.413191734580323e-06,0.00018978401203639805,3.7002933025360107,10.0,0.0,0.0,0.0,0.0,0.0,32.766,32.766,0.28300000000000003,32.766,2.857,2018.4443359375,809.9688720703125,29.096635818481445,,False,
1783703786.1920002,2026-07-10T10:16:26,217783,20260710_101616,,,,,,arming,,,,,,,,,False,0.024837473407387733,0.006664663553237915,1.0016231536865234,0.13290008902549744,-0.17556880414485931,-0.01166398823261261,-1.0,-255.0,67.0,21.0,0.021,0.001155925914645195,-6.784328434150666e-05,0.023078951984643936,0.005488679278641939,0.0003986698866356164,0.0029975012876093388,0.19067418575286865,1.264165997505188,0.018919317051768303,0.02304864674806595,0.0030242796055972576,3.413191734580323e-06,0.00018978401203639805,3.7002933025360107,10.0,0.0,0.0,0.0,0.0,0.0,32.766,32.766,0.28300000000000003,32.766,2.857,2018.4443359375,809.9688720703125,29.096635818481445,,False,
1783703786.2021627,2026-07-10T10:16:26,217793,20260710_101616,,,,,,arming,,,,,,,,,False,0.023238634690642357,0.004715151619166136,0.9989821910858154,0.1682751625776291,0.29728928208351135,0.02433769963681698,0.0,0.0,53.0,23.0,0.023,0.001155925914645195,-6.784328434150666e-05,0.023078951984643936,0.005488679278641939,0.0003986698866356164,0.0029975012876093388,0.19067418575286865,1.264165997505188,0.018919317051768303,0.02304864674806595,0.0030242796055972576,3.413191734580323e-06,0.00018978401203639805,3.7002933025360107,10.0,0.0,0.0,0.0,0.0,0.0,32.766,32.766,0.28300000000000003,32.766,2.857,2018.4443359375,809.9688720703125,29.096635818481445,,False,
1783703786.212333,2026-07-10T10:16:26,217803,20260710_101616,,,,,,arming,,,,,,,,,False,0.024147411808371544,0.004860705696046352,1.0015209913253784,0.32898807525634766,0.05668522045016289,0.03579205647110939,0.0,0.0,64.0,23.0,0.023,0.000886795693077147,0.00022957619512453675,0.023081276565790176,0.004191702231764793,0.0021757022477686405,0.002940821461379528,0.18150679767131805,1.2775424718856812,0.017842233180999756,0.02304864674806595,0.0030242796055972576,3.413191734580323e-06,0.00018978401203639805,3.7002933025360107,10.0,0.0,0.0,0.0,0.0,0.0,32.766,32.766,0.28300000000000003,32.766,2.857,2018.4443359375,809.9688720703125,29.096635818481445,,False,
1783703786.2225006,2026-07-10T10:16:26,217815,20260710_101616,,,,,,arming,,,,,,,,,False,0.02425495907664299,0.0034740257542580366,1.0064829587936401,-0.16961327195167542,0.11272384971380234,-0.3081350028514862,0.0,0.0,64.0,23.0,0.023,0.000972698675468564,0.00027624546783044934,0.02313876897096634,0.0044525498524308205,0.0024648825637996197,0.002982605015859008,0.18150679767131805,1.2775424718856812,0.017842233180999756,0.02313876897096634,0.002874925499781966,3.3150829494843492e-06,0.00018462516891304404,3.695014715194702,10.0,0.0,0.0,0.0,0.0,0.0,32.766,32.766,0.28,32.766,2.85,2018.4443359375,809.9688720703125,29.096635818481445,,False,
1783703786.232651,2026-07-10T10:16:26,217823,20260710_101616,,,,,,arming,,,,,,,,,False,0.02280544675886631,0.0036095334216952324,0.9984211921691895,0.10605763643980026,0.12287295609712601,-0.06926178932189941,0.0,0.0,68.0,23.0,0.023,0.000972698675468564,0.00027624546783044934,0.02313876897096634,0.0044525498524308205,0.0024648825637996197,0.002982605015859008,0.1842513233423233,1.2739518880844116,0.019131233915686607,0.02313876897096634,0.002874925499781966,3.3150829494843492e-06,0.00018462516891304404,3.695014715194702,10.0,0.0,0.0,0.0,0.0,0.0,32.766,32.766,0.28,32.766,2.85,2018.4443359375,809.9688720703125,29.096635818481445,,False,
1783703786.2428334,2026-07-10T10:16:26,217835,20260710_101616,,,,,,arming,,,,,,,,,False,0.023130251094698906,0.0050761280581355095,0.9976989030838013,-0.09464468061923981,-0.30931028723716736,0.0687747374176979,2.0,-3.0,68.0,23.0,0.023,0.0019747246988117695,-0.00036842908593825996,0.02320842444896698,0.008981293067336082,-0.0007658443064428866,0.0036596551071852446,0.1842513233423233,1.2739518880844116,0.019131233915686607,0.02313876897096634,0.002874925499781966,3.3150829494843492e-06,0.00018462516891304404,3.695014715194702,10.0,0.0,0.0,0.0,0.0,0.0,32.766,32.766,0.28,32.766,2.85,2018.4443359375,809.9688720703125,29.096635818481445,,False,
1783703786.253005,2026-07-10T10:16:26,217843,20260710_101616,,,,,,arming,,,,,,,,,False,0.02499787136912346,0.0027774132322520018,1.0007439851760864,-0.007913281209766865,0.09451714903116226,-0.03672698140144348,-1.0,3.0,67.0,24.0,0.024,0.0019747246988117695,-0.00036842908593825996,0.02320842444896698,0.008981293067336082,-0.0007658443064428866,0.0036596551071852446,0.20925213396549225,1.2356609106063843,0.016977736726403236,0.02313876897096634,0.002874925499781966,3.3150829494843492e-06,0.00018462516891304404,3.695014715194702,10.0,0.0,0.0,0.0,0.0,0.0,32.766,32.766,0.28,32.766,2.85,2018.4443359375,809.9688720703125,29.096635818481445,,False,
1783703786.2631755,2026-07-10T10:16:26,217855,20260710_101616,,,,,,arming,,,,,,,,,False,0.0249369814991951,0.0018385755829513073,1.0012375116348267,0.12553630769252777,-0.03883889690041542,0.08948788046836853,0.0,0.0,67.0,24.0,0.024,0.0009919577278196812,-3.907706923200749e-05,0.023631365969777107,0.0040953150019049644,0.0008128341287374496,0.005043930374085903,0.20925213396549225,1.2356609106063843,0.016977736726403236,0.02313876897096634,0.002874925499781966,3.3150829494843492e-06,0.00018462516891304404,3.695014715194702,10.0,0.0,0.0,0.0,0.0,0.0,32.766,32.766,0.28,32.766,2.85,2018.4443359375,809.9688720703125,29.096635818481445,,False,
1783703786.2734025,2026-07-10T10:16:26,217863,20260710_101616,,,,,,arming,,,,,,,,,False,0.02457300014793873,0.003030859399586916,1.0010969638824463,0.13222329318523407,-0.06742522120475769,0.37868812680244446,0.0,0.0,73.0,24.0,0.024,0.0009919577278196812,-3.907706923200749e-05,0.023631365969777107,0.0040953150019049644,0.0008128341287374496,0.005043930374085903,0.19460086524486542,1.2744141817092896,0.017429523169994354,0.02368209883570671,0.0050035095773637295,3.413222430026508e-06,0.00018979738524649292,3.7002933025360107,10.0,0.0,0.0,0.0,0.0,0.0,0.28600000000000003,32.766,0.28,32.766,2.85,2018.3404541015625,809.9783935546875,29.11115264892578,,False,
1783703786.2835915,2026-07-10T10:16:26,217875,20260710_101616,,,,,,arming,,,,,,,,,False,0.02351926825940609,0.0045600649900734425,1.001330018043518,0.04405125975608826,-0.02542022429406643,-0.0972437635064125,1.0,-3.0,75.0,24.0,0.024,0.002029026858508587,-0.00037984803202562034,0.02373313531279564,0.008980524726212025,-0.0010021163616329432,0.005390630103647709,0.19460086524486542,1.2744141817092896,0.017429523169994354,0.02368209883570671,0.0050035095773637295,3.413222430026508e-06,0.00018979738524649292,3.7002933025360107,10.0,0.0,0.0,0.0,0.0,0.0,0.28600000000000003,32.766,0.28,32.766,2.85,2018.3404541015625,809.9783935546875,29.11115264892578,,False,
1783703786.293805,2026-07-10T10:16:26,217883,20260710_101616,,,,,,arming,,,,,,,,,False,0.023086324334144592,0.003764522960409522,1.001130223274231,0.1130344420671463,0.15829907357692719,-0.1937987506389618,-1.0,3.0,51.0,24.0,0.024,0.002029026858508587,-0.00037984803202562034,0.02373313531279564,0.008980524726212025,-0.0010021163616329432,0.005390630103647709,0.2066868543624878,1.2399836778640747,0.01975572481751442,0.02368209883570671,0.0050035095773637295,3.413222430026508e-06,0.00018979738524649292,3.7002933025360107,10.0,0.0,0.0,0.0,0.0,0.0,0.28600000000000003,32.766,0.28,32.766,2.85,2018.3404541015625,809.9783935546875,29.11115264892578,,False,
1783703786.3039746,2026-07-10T10:16:26,217895,20260710_101616,,,,,,arming,,,,,,,,,False,0.024348977953195572,0.0034286684822291136,1.0013092756271362,0.23568910360336304,0.35404330492019653,-0.3929952085018158,0.0,0.0,47.0,24.0,0.024,0.0010181679390370846,-4.0449263906339183e-05,0.023918338119983673,0.0039934734813869,0.000653366616461426,0.006202043499797583,0.2066868543624878,1.2399836778640747,0.01975572481751442,0.02368209883570671,0.0050035095773637295,3.413222430026508e-06,0.00018979738524649292,3.7002933025360107,10.0,0.0,0.0,0.0,0.0,0.0,0.28600000000000003,32.766,0.28,32.766,2.85,2018.3404541015625,809.9783935546875,29.11115264892578,,False,
1783703786.3141737,2026-07-10T10:16:26,217903,20260710_101616,,,,,,arming,,,,,,,,,False,0.023513149470090866,0.003583597019314766,1.0023894309997559,0.08442560583353043,0.0074374438263475895,0.3132040202617645,0.0,0.0,62.0,24.0,0.024,0.0010181679390370846,-4.0449263906339183e-05,0.023918338119983673,0.0039934734813869,0.000653366616461426,0.006202043499797583,0.19564245641231537,1.2774583101272583,0.018267570063471794,0.02368209883570671,0.0050035095773637295,3.413222430026508e-06,0.00018979738524649292,3.7002933025360107,10.0,0.0,0.0,0.0,0.0,0.0,0.28600000000000003,32.766,0.28,32.766,2.85,2018.3404541015625,809.9783935546875,29.11115264892578,,False,
1783703786.3244054,2026-07-10T10:16:26,217915,20260710_101616,,,,,,arming,,,,,,,,,False,0.02313818596303463,0.004372277297079563,1.0007045269012451,0.24121420085430145,0.24847804009914398,-0.09988304227590561,0.0,2.0,63.0,24.0,0.024,0.00033049628837034106,-4.1467956179985777e-05,0.02404499426484108,0.0006827202741988003,0.0006385482265613973,0.006422390230000019,0.19564245641231537,1.2774583101272583,0.018267570063471794,0.024044154211878777,0.006327427923679352,3.315087951705209e-06,0.00018463347805663943,3.7002933025360107,10.0,0.0,0.0,0.0,0.0,0.0,0.28600000000000003,32.766,0.28200000000000003,0.339,2.848,2018.3404541015625,809.9783935546875,29.11115264892578,,False,
1783703786.3345711,2026-07-10T10:16:26,217923,20260710_101616,,,,,,arming,,,,,,,,,False,0.023136932402849197,0.0056958734057843685,0.9981260895729065,-0.08838752657175064,0.0537884421646595,0.04622173309326172,0.0,-1.0,69.0,24.0,0.024,0.00033049628837034106,-4.1467956179985777e-05,0.02404499426484108,0.0006827202741988003,0.0006385482265613973,0.006422390230000019,0.19677238166332245,1.3007493019104004,0.017739519476890564,0.024044154211878777,0.006327427923679352,3.315087951705209e-06,0.00018463347805663943,3.7002933025360107,10.0,0.0,0.0,0.0,0.0,0.0,0.28600000000000003,32.766,0.28200000000000003,0.339,2.848,2018.3404541015625,809.9783935546875,29.11115264892578,,False,
1783703786.3447344,2026-07-10T10:16:26,217935,20260710_101616,,,,,,arming,,,,,,,,,False,0.024800943210721016,0.005169332027435303,1.0003105401992798,0.09945256263017654,0.2067670226097107,-0.12433063238859177,0.0,0.0,73.0,24.0,0.024,0.0006973720155656338,-3.837890471913852e-05,0.02417575567960739,0.002403663005679846,0.0009074944537132978,0.006515841465443373,0.19677238166332245,1.3007493019104004,0.017739519476890564,0.024044154211878777,0.006327427923679352,3.315087951705209e-06,0.00018463347805663943,3.7002933025360107,10.0,0.0,0.0,0.0,0.0,0.0,0.28600000000000003,32.766,0.28200000000000003,0.339,2.848,2018.3404541015625,809.9783935546875,29.11115264892578,,False,
1783703786.3549018,2026-07-10T10:16:26,217943,20260710_101616,,,,,,takeoff,,,,,,,,,False,0.027087338268756866,0.002788892947137356,1.0031100511550903,-0.06228504329919815,0.12571704387664795,0.035476215183734894,0.0,-1.0,73.0,23.0,0.023,0.0006973720155656338,-3.837890471913852e-05,0.02417575567960739,0.002403663005679846,0.0009074944537132978,0.006515841465443373,0.19760559499263763,1.2841650247573853,0.01717987470328808,0.024044154211878777,0.006327427923679352,3.315087951705209e-06,0.00018463347805663943,3.7002933025360107,10.0,0.0,0.0,0.0,0.0,0.0,0.28600000000000003,32.766,0.28200000000000003,0.339,2.848,2018.3404541015625,809.9783935546875,29.11115264892578,,False,takeoff
1783703786.36509,2026-07-10T10:16:26,217958,20260710_101616,,,,,,takeoff,,,,,,,,,False,0.02512265369296074,0.0016166282584890723,0.9994179606437683,0.020082615315914154,0.043107494711875916,-0.0671573057770729,0.0,-256.0,67.0,23.0,0.023,0.001073926337994635,-3.612058935686946e-05,0.02379598468542099,0.0045200553722679615,0.0008963994914665818,0.004518930334597826,0.19686421751976013,1.2699151039123535,0.017449554055929184,0.024044154211878777,0.006327427923679352,3.315087951705209e-06,0.00018463347805663943,3.7002933025360107,10.0,0.0,0.0,0.0,0.0,0.0,0.28600000000000003,32.766,0.28200000000000003,0.339,2.848,2018.3404541015625,809.9783935546875,29.11115264892578,,False,
1783703786.3753214,2026-07-10T10:16:26,217963,20260710_101616,,,,,,takeoff,,,,,,,,,False,0.02225714921951294,0.0028761704452335835,0.9993636608123779,-0.01906883530318737,-0.2964828908443451,-0.059732671827077866,0.0,-1.0,70.0,23.0,0.023,0.001073926337994635,-3.612058935686946e-05,0.02379598468542099,0.0045200553722679615,0.0008963994914665818,0.004518930334597826,0.19686421751976013,1.2699151039123535,0.017449554055929184,0.023840775713324547,0.004329204559326172,3.4132292512367712e-06,0.00018980499589815736,3.7002933025360107,10.0,0.0,0.0,0.0,0.0,0.0,0.28400000000000003,32.766,0.28200000000000003,0.339,2.848,2018.351318359375,809.9773559570312,29.11669921875,,False,
1783703786.3855522,2026-07-10T10:16:26,217978,20260710_101616,,,,,,takeoff,,,,,,,,,False,0.02247087098658085,0.004226875025779009,1.0007929801940918,-0.1925155073404312,0.3142608404159546,0.11782684177160263,0.0,0.0,72.0,23.0,0.023,0.0014479504898190498,-3.588238178053871e-05,0.02388453111052513,0.006060170475393534,0.0006716454518027604,0.004433405585587025,0.1986728012561798,1.2578599452972412,0.01770637556910515,0.023840775713324547,0.004329204559326172,3.4132292512367712e-06,0.00018980499589815736,3.7002933025360107,10.0,0.0,0.0,0.0,0.0,0.0,0.28400000000000003,32.766,0.28200000000000003,0.339,2.848,2018.351318359375,809.9773559570312,29.11669921875,,False,
1783703786.3957374,2026-07-10T10:16:26,217983,20260710_101616,,,,,,takeoff,,,,,,,,,False,0.02322504110634327,0.004997292999178171,1.0009527206420898,0.0699983611702919,-0.3053201138973236,0.22752875089645386,0.0,1.0,57.0,23.0,0.023,0.0014479504898190498,-3.588238178053871e-05,0.02388453111052513,0.006060170475393534,0.0006716454518027604,0.004433405585587025,0.1986728012561798,1.2578599452972412,0.01770637556910515,0.023840775713324547,0.004329204559326172,3.4132292512367712e-06,0.00018980499589815736,3.7002933025360107,10.0,0.0,0.0,0.0,0.0,0.0,0.28400000000000003,32.766,0.28200000000000003,0.339,2.848,2018.351318359375,809.9773559570312,29.11669921875,,False,
1783703786.4059155,2026-07-10T10:16:26,217998,20260710_101616,,,,,,takeoff,,,,,,,,,False,0.02459745667874813,0.0042396048083901405,1.0017824172973633,0.21843203902244568,-0.18849696218967438,0.10673730820417404,0.0,0.0,53.0,23.0,0.023,0.0010914336889982224,-3.800545891863294e-05,0.02355882152915001,0.004131424240767956,0.0008386645349673927,0.0025469809770584106,0.19779899716377258,1.2690743207931519,0.020894259214401245,0.023840775713324547,0.004329204559326172,3.4132292512367712e-06,0.00018980499589815736,3.7002933025360107,10.0,0.0,0.0,0.0,0.0,0.0,0.28400000000000003,32.766,0.28200000000000003,0.339,2.848,2018.351318359375,809.9773559570312,29.11669921875,,False,
1783703786.4160895,2026-07-10T10:16:26,218003,20260710_101616,,,,,,takeoff,,,,,,,,,False,0.023437444120645523,0.005499161314219236,1.0022494792938232,-0.030441105365753174,0.22258219122886658,-0.007687341421842575,0.0,-1.0,68.0,23.0,0.023,0.0010914336889982224,-3.800545891863294e-05,0.02355882152915001,0.004131424240767956,0.0008386645349673927,0.0025469809770584106,0.19779899716377258,1.2690743207931519,0.020894259214401245,0.023840775713324547,0.004329204559326172,3.4132292512367712e-06,0.00018980499589815736,3.7002933025360107,10.0,0.0,0.0,0.0,0.0,0.0,0.28400000000000003,32.766,0.28200000000000003,0.339,2.848,2018.351318359375,809.9773559570312,29.11669921875,,False,
1783703786.426412,2026-07-10T10:16:26,218018,20260710_101616,,,,,,takeoff,,,,,,,,,False,0.02620786987245083,0.004448226187378168,0.9998987317085266,0.12463004887104034,0.41439586877822876,-0.16640311479568481,1.0,-1.0,65.0,23.0,0.023,0.0017282846383750439,-0.00040008858195506036,0.023613642901182175,0.0069444747641682625,-0.0006086621433496475,0.002996084513142705,0.21097561717033386,1.2496062517166138,0.021479325369000435,0.023614229634404182,0.0028670919127762318,3.315093181299744e-06,0.00018463401647750288,3.7002933025360107,10.0,0.0,0.0,0.0,0.0,0.0,0.28400000000000003,32.766,0.28,0.34900000000000003,32.766,2018.351318359375,809.9773559570312,29.11669921875,,False,
1783703786.4366217,2026-07-10T10:16:26,218023,20260710_101616,,,,,,takeoff,,,,,,,,,False,0.02688080072402954,0.00404738262295723,1.0004520416259766,0.18735447525978088,0.1199895516037941,0.07942305505275726,0.0,0.0,68.0,23.0,0.023,0.0017282846383750439,-0.00040008858195506036,0.023613642901182175,0.0069444747641682625,-0.0006086621433496475,0.002996084513142705,0.21097561717033386,1.2496062517166138,0.021479325369000435,0.023614229634404182,0.0028670919127762318,3.315093181299744e-06,0.00018463401647750288,3.7002933025360107,10.0,0.0,0.0,0.0,0.0,0.0,0.28400000000000003,32.766,0.28,0.34900000000000003,32.766,2018.351318359375,809.9773559570312,29.11669921875,,False,
1783703786.4468076,2026-07-10T10:16:26,218038,20260710_101616,,,,,,takeoff,,,,,,,,,False,0.023606643080711365,0.003744097426533699,0.9993305802345276,0.0351937860250473,-0.5437934398651123,0.07787220925092697,1.0,-1.0,76.0,23.0,0.023,0.002074305433779955,-0.000751917832531035,0.023671487346291542,0.008696891367435455,-0.0020745890215039253,0.0029758394230157137,0.223312646150589,1.2377408742904663,0.020750101655721664,0.023614229634404182,0.0028670919127762318,3.315093181299744e-06,0.00018463401647750288,3.7002933025360107,10.0,0.0,0.0,0.0,0.0,0.0,0.28400000000000003,32.766,0.28,0.34900000000000003,32.766,2018.351318359375,809.9773559570312,29.11669921875,,False,
1783703786.4569726,2026-07-10T10:16:26,218043,20260710_101616,,,,,,takeoff,,,,,,,,,False,0.023318802937865257,0.0036046928726136684,0.9992462396621704,-0.047879286110401154,0.36228275299072266,-0.06356729567050934,-2.0,3.0,70.0,22.0,0.022,0.002074305433779955,-0.000751917832531035,0.023671487346291542,0.008696891367435455,-0.0020745890215039253,0.0029758394230157137,0.223312646150589,1.2377408742904663,0.020750101655721664,0.023614229634404182,0.0028670919127762318,3.315093181299744e-06,0.00018463401647750288,3.7002933025360107,10.0,0.0,0.0,0.0,0.0,0.0,0.28400000000000003,32.766,0.28,0.34900000000000003,32.766,2018.351318359375,809.9773559570312,29.11669921875,,False,
1783703786.4671319,2026-07-10T10:16:26,218059,20260710_101616,,,,,,takeoff,,,,,,,,,False,0.02380407229065895,0.003129182383418083,1.0028021335601807,-0.1687757521867752,0.1685732901096344,0.04709247499704361,0.0,1.0,70.0,22.0,0.022,0.0006897927960380912,-6.0555204981938004e-05,0.02300868183374405,0.0021981915924698114,0.0010910958517342806,-0.0004135859489906579,0.1998789757490158,1.2878252267837524,0.023719388991594315,0.023005779832601547,-0.0002228121302323416,3.4132053770008497e-06,0.0001897932670544833,3.7002933025360107,10.0,0.0,0.0,0.0,0.0,0.0,0.28400000000000003,32.766,0.28,0.34900000000000003,32.766,2018.351318359375,809.9773559570312,29.11669921875,,False,
1783703786.4773376,2026-07-10T10:16:26,218063,20260710_101616,,,,,,takeoff,,,,,,,,,False,0.025046462193131447,0.0033407295122742653,1.000044345855713,0.3792419135570526,-0.0014040766982361674,-0.23768742382526398,0.0,-2.0,69.0,22.0,0.022,0.0006897927960380912,-6.0555204981938004e-05,0.02300868183374405,0.0021981915924698114,0.0010910958517342806,-0.0004135859489906579,0.1998789757490158,1.2878252267837524,0.023719388991594315,0.023005779832601547,-0.0002228121302323416,3.4132053770008497e-06,0.0001897932670544833,3.7002933025360107,10.0,0.0,0.0,0.0,0.0,0.0,32.766,32.766,0.28,0.34900000000000003,32.766,2018.2037353515625,809.9905395507812,29.128707885742188,,False,
1783703786.4875817,2026-07-10T10:16:26,218078,20260710_101616,,,,,,takeoff,,,,,,,,,False,0.024311203509569168,0.003770731156691909,1.0017039775848389,0.16303260624408722,0.4979458749294281,-0.08102000504732132,0.0,-2.0,69.0,22.0,0.022,0.0009807173628360033,-8.819537470117211e-05,0.023006338626146317,0.0036064274609088898,0.0008426618878729641,-0.00010809725790750235,0.20314183831214905,1.273945689201355,0.021892908960580826,0.023005779832601547,-0.0002228121302323416,3.4132053770008497e-06,0.0001897932670544833,3.7002933025360107,10.0,0.0,0.0,0.0,0.0,0.0,32.766,32.766,0.28,0.34900000000000003,32.766,2018.2037353515625,809.9905395507812,29.128707885742188,,False,
1783703786.497747,2026-07-10T10:16:26,218091,20260710_101616,,,,,,takeoff,,,,,,,,,False,0.024419447407126427,0.0037247464060783386,1.0010559558868408,-0.25029051303863525,0.04283371567726135,0.050763413310050964,0.0,0.0,52.0,22.0,0.022,0.0009807173628360033,-8.819537470117211e-05,0.023006338626146317,0.0036064274609088898,0.0008426618878729641,-0.00010809725790750235,0.20314183831214905,1.273945689201355,0.021892908960580826,0.023005779832601547,-0.0002228121302323416,3.4132053770008497e-06,0.0001897932670544833,3.7002933025360107,10.0,0.0,0.0,0.0,0.0,0.0,32.766,32.766,0.28,0.34900000000000003,32.766,2018.2037353515625,809.9905395507812,29.128707885742188,,False,
1783703786.5079098,2026-07-10T10:16:26,218098,20260710_101616,,,,,,takeoff,,,,,,,,,False,0.024419447407126427,0.0037247464060783386,1.0010559558868408,-0.25029051303863525,0.04283371567726135,0.050763413310050964,0.0,0.0,60.0,18.0,0.018,0.0010922751389443874,-6.410597416106611e-05,0.0208598542958498,0.004118622280657291,0.0009545047068968415,-0.01116548664867878,0.2031351923942566,1.270787239074707,0.021553346887230873,0.023005779832601547,-0.0002228121302323416,3.4132053770008497e-06,0.0001897932670544833,3.7002933025360107,10.0,0.0,0.0,0.0,0.0,0.0,32.766,32.766,0.28,0.34900000000000003,32.766,2018.2037353515625,809.9905395507812,29.128707885742188,,False,
1783703786.5180707,2026-07-10T10:16:26,218110,20260710_101616,,,,,,takeoff,,,,,,,,,False,0.025093918666243553,0.002375243231654167,1.0018270015716553,-0.10551143437623978,0.05162211135029793,0.13947314023971558,0.0,0.0,69.0,18.0,0.018,0.0010922751389443874,-6.410597416106611e-05,0.0208598542958498,0.004118622280657291,0.0009545047068968415,-0.01116548664867878,0.2031351923942566,1.270787239074707,0.021553346887230873,0.020640308037400246,-0.010864948853850365,3.3150570288853487e-06,0.00018463254673406482,3.695014715194702,10.0,0.0,0.0,0.0,0.0,0.0,32.766,32.766,0.28,0.34900000000000003,32.766,2018.2037353515625,809.9905395507812,29.128707885742188,,False,
1783703786.528244,2026-07-10T10:16:26,218121,20260710_101616,,,,,,takeoff,,,,,,,,,False,0.02383922040462494,0.003701907116919756,0.9989449977874756,0.12140348553657532,-0.06857224553823471,0.02161543443799019,0.0,0.0,60.0,18.0,0.018,0.0011803248198702931,-4.532401726464741e-05,0.020640308037400246,0.004648438189178705,0.0008148017222993076,-0.01076184120029211,0.20126760005950928,1.268769383430481,0.02158728986978531,0.020640308037400246,-0.010864948853850365,3.3150570288853487e-06,0.00018463254673406482,3.695014715194702,10.0,0.0,0.0,0.0,0.0,0.0,32.766,32.766,0.28300000000000003,0.34800000000000003,2.831,2018.2037353515625,809.9905395507812,29.128707885742188,,False,
1783703786.5384326,2026-07-10T10:16:26,218123,20260710_101616,,,,,,takeoff,,,,,,,,,False,0.02383922040462494,0.003701907116919756,0.9989449977874756,0.12140348553657532,-0.06857224553823471,0.02161543443799019,0.0,0.0,72.0,18.0,0.018,0.0011803248198702931,-4.532401726464741e-05,0.020640308037400246,0.004648438189178705,0.0008148017222993076,-0.01076184120029211,0.20126760005950928,1.268769383430481,0.02158728986978531,0.020640308037400246,-0.010864948853850365,3.3150570288853487e-06,0.00018463254673406482,3.695014715194702,10.0,0.0,0.0,0.0,0.0,0.0,32.766,32.766,0.28300000000000003,0.34800000000000003,2.831,2018.2037353515625,809.9905395507812,29.128707885742188,,False,
1783703786.5487258,2026-07-10T10:16:26,218141,20260710_101616,,,,,,takeoff,,,,,,,,,False,0.025548191741108894,0.0013085199752822518,1.0017131567001343,-0.13774482905864716,0.25954657793045044,-0.03330964222550392,1.0,0.0,72.0,18.0,0.018,0.002311366144567728,-0.00041218538535758853,0.020423030480742455,0.009685867466032505,-0.0011426083510741591,-0.010775255039334297,0.21498794853687286,1.232346773147583,0.022951599210500717,0.020640308037400246,-0.010864948853850365,3.3150570288853487e-06,0.00018463254673406482,3.695014715194702,10.0,0.0,0.0,0.0,0.0,0.0,32.766,32.766,0.28300000000000003,0.34800000000000003,2.831,2018.2037353515625,809.9905395507812,29.128707885742188,,False,
1783703786.558914,2026-07-10T10:16:26,218151,20260710_101616,,,,,,takeoff,,,,,,,,,False,0.02580585516989231,0.0026229671202600002,1.002109408378601,-0.0655590146780014,0.04596344381570816,0.2636604607105255,-1.0,3.0,71.0,22.0,0.022,0.002311366144567728,-0.00041218538535758853,0.020423030480742455,0.009685867466032505,-0.0011426083510741591,-0.010775255039334297,0.21498794853687286,1.232346773147583,0.022951599210500717,0.020640308037400246,-0.010864948853850365,3.3150570288853487e-06,0.00018463254673406482,3.695014715194702,10.0,0.0,0.0,0.0,0.0,0.0,32.766,32.766,0.28300000000000003,0.34800000000000003,2.831,2018.2037353515625,809.9905395507812,29.128707885742188,,False,
1783703786.5690932,2026-07-10T10:16:26,218161,20260710_101616,,,,,,takeoff,,,,,,,,,False,0.02580585516989231,0.0026229671202600002,1.002109408378601,-0.0655590146780014,0.04596344381570816,0.2636604607105255,0.0,0.0,63.0,22.0,0.022,0.0011942745186388493,-3.5454166209092364e-05,0.020908381789922714,0.004686094354838133,0.0003434576210565865,-0.007092065177857876,0.20070500671863556,1.2721425294876099,0.022478986531496048,0.02083863690495491,-0.0069671738892793655,3.413192644075025e-06,0.0001898024493129924,3.7002933025360107,10.0,0.0,0.0,0.0,0.0,0.0,32.766,32.766,0.28300000000000003,0.34800000000000003,2.831,2018.2037353515625,809.9905395507812,29.128707885742188,,False,
1783703786.5793529,2026-07-10T10:16:26,218171,20260710_101616,,,,,,takeoff,,,,,,,,,False,0.02454935386776924,0.0019208721350878477,0.9994980692863464,0.15258021652698517,-0.13958831131458282,0.2794025242328644,2.0,-2.0,71.0,22.0,0.022,0.0011942745186388493,-3.5454166209092364e-05,0.020908381789922714,0.004686094354838133,0.0003434576210565865,-0.007092065177857876,0.20070500671863556,1.2721425294876099,0.022478986531496048,0.02083863690495491,-0.0069671738892793655,3.413192644075025e-06,0.0001898024493129924,3.7002933025360107,10.0,0.0,0.0,0.0,0.0,0.0,32.766,32.766,0.28300000000000003,0.34800000000000003,2.831,2018.2965087890625,809.9822998046875,29.135316848754883,,False,
1783703786.5895498,2026-07-10T10:16:26,218181,20260710_101616,,,,,,takeoff,,,,,,,,,False,0.02496105432510376,0.0027714029420167208,0.9992916584014893,-0.08184019476175308,-0.021901438012719154,-0.00783789623528719,-2.0,1.0,73.0,22.0,0.022,0.0014691549586132169,-4.649517359212041e-05,0.02077513560652733,0.006034862250089645,0.00023960955149959773,-0.0067769684828817844,0.19858035445213318,1.2669446468353271,0.02299276739358902,0.02083863690495491,-0.0069671738892793655,3.413192644075025e-06,0.0001898024493129924,3.7002933025360107,10.0,0.0,0.0,0.0,0.0,0.0,32.766,32.766,0.28300000000000003,0.34800000000000003,2.831,2018.2965087890625,809.9822998046875,29.135316848754883,,False,
1783703786.5998003,2026-07-10T10:16:26,218191,20260710_101616,,,,,,takeoff,,,,,,,,,False,0.02435532584786415,0.005041480530053377,0.9968665242195129,-0.028158150613307953,-0.0245528444647789,-0.09735778719186783,0.0,1.0,61.0,22.0,0.022,0.0014691549586132169,-4.649517359212041e-05,0.02077513560652733,0.006034862250089645,0.00023960955149959773,-0.0067769684828817844,0.19858035445213318,1.2669446468353271,0.02299276739358902,0.02083863690495491,-0.0069671738892793655,3.413192644075025e-06,0.0001898024493129924,3.7002933025360107,10.0,0.0,0.0,0.0,0.0,0.0,32.766,32.766,0.28300000000000003,0.34800000000000003,2.831,2018.2965087890625,809.9822998046875,29.135316848754883,,False,
1783703786.6099803,2026-07-10T10:16:26,218201,20260710_101616,,,,,,takeoff,,,,,,,,,False,0.024011192843317986,0.004664474632591009,0.9987589716911316,0.3061864674091339,0.1611824929714203,0.1081044152379036,0.0,0.0,55.0,22.0,0.022,0.0011326285311952233,-5.043061901233159e-05,0.021223610267043114,0.004557284526526928,6.744920392520726e-05,-0.00380959315225482,0.19955630600452423,1.2786180973052979,0.023497184738516808,0.02083863690495491,-0.0069671738892793655,3.413192644075025e-06,0.0001898024493129924,3.7002933025360107,10.0,0.0,0.0,0.0,0.0,0.0,32.766,32.766,0.28300000000000003,0.34800000000000003,2.831,2018.2965087890625,809.9822998046875,29.135316848754883,,False,
1783703786.6201663,2026-07-10T10:16:26,218213,20260710_101616,,,,,,takeoff,,,,,,,,,False,0.024745510891079903,0.002568985801190138,0.9991429448127747,0.08916738629341125,-0.060027044266462326,0.1352887600660324,0.0,0.0,67.0,22.0,0.022,0.0011326285311952233,-5.043061901233159e-05,0.021223610267043114,0.004557284526526928,6.744920392520726e-05,-0.00380959315225482,0.19955630600452423,1.2786180973052979,0.023497184738516808,0.021142536774277687,-0.0043378835543990135,3.31506544171134e-06,0.0001846285886131227,3.7002933025360107,10.0,0.0,0.0,0.0,0.0,0.0,32.766,32.766,0.28,32.766,2.841,2018.2965087890625,809.9822998046875,29.135316848754883,,False,
1783703786.6304088,2026-07-10T10:16:26,218223,20260710_101616,,,,,,takeoff,,,,,,,,,False,0.025488317012786865,0.0027147135697305202,0.997810423374176,0.18954746425151825,0.27055224776268005,0.27538686990737915,-1.0,0.0,70.0,22.0,0.022,0.0022301464341580868,-0.0007784056942909956,0.021142536774277687,0.00928801391273737,-0.0028958271723240614,-0.004148471634835005,0.223734512925148,1.24473237991333,0.02335255965590477,0.021142536774277687,-0.0043378835543990135,3.31506544171134e-06,0.0001846285886131227,3.7002933025360107,10.0,0.0,0.0,0.0,0.0,0.0,32.766,32.766,0.28,32.766,2.841,2018.2965087890625,809.9822998046875,29.135316848754883,,False,
1783703786.6406174,2026-07-10T10:16:26,218233,20260710_101616,,,,,,takeoff,,,,,,,,,False,0.02597546949982643,0.0020252405665814877,0.9976233243942261,0.07293657213449478,-0.07746880501508713,0.006952580530196428,-1.0,3.0,68.0,22.0,0.022,0.0022301464341580868,-0.0007784056942909956,0.021142536774277687,0.00928801391273737,-0.0028958271723240614,-0.004148471634835005,0.223734512925148,1.24473237991333,0.02335255965590477,0.021142536774277687,-0.0043378835543990135,3.31506544171134e-06,0.0001846285886131227,3.7002933025360107,10.0,0.0,0.0,0.0,0.0,0.0,32.766,32.766,0.28,32.766,2.841,2018.2965087890625,809.9822998046875,29.135316848754883,,False,
1783703786.65083,2026-07-10T10:16:26,218243,20260710_101616,,,,,,takeoff,,,,,,,,,False,0.02631410025060177,0.0018922709859907627,0.9989795088768005,-0.0011598019627854228,0.20198611915111542,-0.022507362067699432,0.0,0.0,58.0,22.0,0.022,0.0011024187551811337,-6.538528396049514e-05,0.021069446578621864,0.004088408313691616,0.00021962652681395411,-0.004391786642372608,0.19852088391780853,1.2858871221542358,0.025639694184064865,0.021142536774277687,-0.0043378835543990135,3.31506544171134e-06,0.0001846285886131227,3.7002933025360107,10.0,0.0,0.0,0.0,0.0,0.0,32.766,32.766,0.28,32.766,2.841,2018.2965087890625,809.9822998046875,29.135316848754883,,False,
1783703786.6610327,2026-07-10T10:16:26,218253,20260710_101616,,,,,,takeoff,,,,,,,,,False,0.02307986468076706,0.001559294294565916,1.0008463859558105,0.06591199338436127,-0.1863798052072525,0.053363654762506485,0.0,-1.0,59.0,22.0,0.022,0.0011024187551811337,-6.538528396049514e-05,0.021069446578621864,0.004088408313691616,0.00021962652681395411,-0.004391786642372608,0.19852088391780853,1.2858871221542358,0.025639694184064865,0.021142536774277687,-0.0043378835543990135,3.31506544171134e-06,0.0001846285886131227,3.7002933025360107,10.0,0.0,0.0,0.0,0.0,0.0,32.766,32.766,0.28,32.766,2.841,2018.2965087890625,809.9822998046875,29.135316848754883,,False,
1783703786.671218,2026-07-10T10:16:26,218261,20260710_101616,,,,,,takeoff,,,,,,,,,False,0.022443756461143494,-1.2598712601175066e-05,1.0013786554336548,0.20302289724349976,0.46436241269111633,-0.15288980305194855,0.0,-1.0,59.0,22.0,0.022,0.0014431726885959506,-6.785180448787287e-05,0.021385272964835167,0.005883786361664534,-8.100428385660052e-05,-0.0026908405125141144,0.1979411244392395,1.2747738361358643,0.02587786316871643,0.021359171718358994,-0.002659655176103115,3.4131910524592968e-06,0.00018979486776515841,3.7002933025360107,10.0,0.0,0.0,0.0,0.0,0.0,32.766,32.766,0.28,32.766,2.841,2018.2965087890625,809.9822998046875,29.135316848754883,,False,
1783703786.6814256,2026-07-10T10:16:26,218275,20260710_101616,,,,,,takeoff,,,,,,,,,False,0.023175349459052086,0.0031905164942145348,0.9994736909866333,-0.1202550083398819,0.13847921788692474,-0.08697742968797684,0.0,0.0,64.0,22.0,0.022,0.001127632916904986,-7.096776971593499e-05,0.021335666999220848,0.004090191330760717,-0.0005746725364588201,-0.0023829566780477762,0.1979411244392395,1.2747738361358643,0.02587786316871643,0.021359171718358994,-0.002659655176103115,3.4131910524592968e-06,0.00018979486776515841,3.7002933025360107,10.0,0.0,0.0,0.0,0.0,0.0,32.766,32.766,0.28,32.766,2.841,2018.269287109375,809.9848022460938,29.143646240234375,,False,
1783703786.6916063,2026-07-10T10:16:26,218283,20260710_101616,,,,,,takeoff,,,,,,,,,False,0.025023143738508224,0.004997354466468096,1.0025622844696045,0.10667005926370621,0.30323466658592224,0.0842602327466011,0.0,0.0,64.0,22.0,0.022,0.001127632916904986,-7.096776971593499e-05,0.021335666999220848,0.004090191330760717,-0.0005746725364588201,-0.0023829566780477762,0.1983983963727951,1.2856299877166748,0.025983121246099472,0.021359171718358994,-0.002659655176103115,3.4131910524592968e-06,0.00018979486776515841,3.7002933025360107,10.0,0.0,0.0,0.0,0.0,0.0,32.766,32.766,0.28,32.766,2.841,2018.269287109375,809.9848022460938,29.143646240234375,,False,
1783703786.7032938,2026-07-10T10:16:26,218295,20260710_101616,,,,,,takeoff,,,,,,,,,False,0.024159729480743408,0.004433077294379473,1.000302791595459,-0.13733963668346405,-0.1958802342414856,0.28716975450515747,0.0,0.0,58.0,21.0,0.021,0.0007982226088643074,-7.108785939635709e-05,0.021165553480386734,0.0026391446590423584,-0.0004029885458294302,-0.002774118212983012,0.1983983963727951,1.2856299877166748,0.025983121246099472,0.021359171718358994,-0.002659655176103115,3.4131910524592968e-06,0.00018979486776515841,3.7002933025360107,10.0,0.0,0.0,0.0,0.0,0.0,32.766,32.766,0.28,32.766,2.841,2018.269287109375,809.9848022460938,29.143646240234375,,False,
1783703786.713485,2026-07-10T10:16:26,218303,20260710_101616,,,,,,takeoff,,,,,,,,,False,0.023551587015390396,0.002318690298125148,0.9999696016311646,0.12714728713035583,0.31853824853897095,0.12142705917358398,0.0,-1.0,66.0,21.0,0.021,0.0007982226088643074,-7.108785939635709e-05,0.021165553480386734,0.0026391446590423584,-0.0004029885458294302,-0.002774118212983012,0.19688434898853302,1.2944691181182861,0.027332380414009094,0.021359171718358994,-0.002659655176103115,3.4131910524592968e-06,0.00018979486776515841,3.7002933025360107,10.0,0.0,0.0,0.0,0.0,0.0,32.766,32.766,0.28,32.766,2.841,2018.269287109375,809.9848022460938,29.143646240234375,,False,
1783703786.7236686,2026-07-10T10:16:26,218315,20260710_101616,,,,,,takeoff,,,,,,,,,False,0.022749703377485275,0.00463423365727067,0.9985783100128174,-0.11241403967142105,-0.13499048352241516,0.08350510150194168,0.0,0.0,63.0,21.0,0.021,0.001166546018794179,-7.243329309858382e-05,0.02111121639609337,0.00422287592664361,-0.0004309045325499028,-0.002691230271011591,0.19688434898853302,1.2944691181182861,0.027332380414009094,0.02111121639609337,-0.0027835441287606955,3.315067488074419e-06,0.00018463042215444148,3.7002933025360107,10.0,0.0,0.0,0.0,0.0,0.0,32.766,32.766,0.279,32.766,2.85,2018.269287109375,809.9848022460938,29.143646240234375,,False,
1783703786.7338412,2026-07-10T10:16:26,218323,20260710_101616,,,,,,takeoff,,,,,,,,,False,0.025507351383566856,0.00454352330416441,0.9976245760917664,0.007979095913469791,-0.03174688294529915,-0.07454223185777664,0.0,-3.0,73.0,21.0,0.021,0.001166546018794179,-7.243329309858382e-05,0.02111121639609337,0.00422287592664361,-0.0004309045325499028,-0.002691230271011591,0.19667956233024597,1.2821499109268188,0.030707774683833122,0.02111121639609337,-0.0027835441287606955,3.315067488074419e-06,0.00018463042215444148,3.7002933025360107,10.0,0.0,0.0,0.0,0.0,0.0,32.766,32.766,0.279,32.766,2.85,2018.269287109375,809.9848022460938,29.143646240234375,,False,
1783703786.7440052,2026-07-10T10:16:26,218335,20260710_101616,,,,,,takeoff,,,,,,,,,False,0.025267185643315315,0.0011866005370393395,0.9977447986602783,-0.03145856782793999,-0.22255359590053558,-0.09082870930433273,0.0,1.0,67.0,21.0,0.021,0.001774114789441228,-6.92191970301792e-05,0.021057454869151115,0.0067739542573690414,-0.0001994768244912848,-0.0029761202167719603,0.19667956233024597,1.2821499109268188,0.030707774683833122,0.02111121639609337,-0.0027835441287606955,3.315067488074419e-06,0.00018463042215444148,3.7002933025360107,10.0,0.0,0.0,0.0,0.0,0.0,32.766,32.766,0.279,32.766,2.85,2018.269287109375,809.9848022460938,29.143646240234375,,False,
1783703786.7541761,2026-07-10T10:16:26,218343,20260710_101616,,,,,,takeoff,,,,,,,,,False,0.024715421721339226,0.0026055395137518644,1.000314474105835,0.16336843371391296,-0.30947282910346985,0.26044678688049316,1.0,0.0,67.0,23.0,0.023,0.001774114789441228,-6.92191970301792e-05,0.021057454869151115,0.0067739542573690414,-0.0001994768244912848,-0.0029761202167719603,0.1937684267759323,1.2624609470367432,0.03263780102133751,0.02111121639609337,-0.0027835441287606955,3.315067488074419e-06,0.00018463042215444148,3.7002933025360107,10.0,0.0,0.0,0.0,0.0,0.0,32.766,32.766,0.279,32.766,2.85,2018.269287109375,809.9848022460938,29.143646240234375,,False,
1783703786.76448,2026-07-10T10:16:26,218358,20260710_101616,,,,,,takeoff,,,,,,,,,False,0.023159686475992203,0.005181401036679745,0.999055027961731,0.19801582396030426,0.3978075385093689,-0.13134992122650146,255.0,0.0,58.0,23.0,0.023,0.001053383108228445,-7.224989531096071e-05,0.02184908464550972,0.0034923951607197523,-0.00035043570096604526,0.0009754219208844006,0.19210395216941833,1.2926608324050903,0.03361586481332779,0.02111121639609337,-0.0027835441287606955,3.315067488074419e-06,0.00018463042215444148,3.7002933025360107,10.0,0.0,0.0,0.0,0.0,0.0,32.766,32.766,0.279,32.766,2.85,2018.269287109375,809.9848022460938,29.143646240234375,,False,
1783703786.7746346,2026-07-10T10:16:26,218363,20260710_101616,,,,,,takeoff,,,,,,,,,False,0.021926160901784897,0.0038044617976993322,1.0005018711090088,-0.027967840433120728,-0.1169138178229332,-0.08298271149396896,0.0,0.0,61.0,23.0,0.023,0.001053383108228445,-7.224989531096071e-05,0.02184908464550972,0.0034923951607197523,-0.00035043570096604526,0.0009754219208844006,0.19210395216941833,1.2926608324050903,0.03361586481332779,0.02185874991118908,0.0008795514004305005,3.4132017390220426e-06,0.00018979205924551934,3.7002933025360107,10.0,0.0,0.0,0.0,0.0,0.0,0.275,32.766,0.279,32.766,2.85,2018.4168701171875,809.9714965820312,29.14750862121582,,False,
1783703786.7848063,2026-07-10T10:16:26,218378,20260710_101616,,,,,,takeoff,,,,,,,,,False,0.02269226685166359,0.004841448739171028,1.0010813474655151,-0.02028256095945835,-0.00872068852186203,-0.06951961666345596,1.0,-2.0,67.0,23.0,0.023,0.0017099964898079634,-0.00039031216874718666,0.021868715062737465,0.006114225834608078,-0.0015223949449136853,0.0010321767767891288,0.20278000831604004,1.2679097652435303,0.03327396884560585,0.02185874991118908,0.0008795514004305005,3.4132017390220426e-06,0.00018979205924551934,3.7002933025360107,10.0,0.0,0.0,0.0,0.0,0.0,0.275,32.766,0.279,32.766,2.85,2018.4168701171875,809.9714965820312,29.14750862121582,,False,
1783703786.795016,2026-07-10T10:16:26,218383,20260710_101616,,,,,,takeoff,,,,,,,,,False,0.02547997236251831,0.004135152790695429,0.9994489550590515,0.08461298048496246,0.0009731778409332037,-0.20112940669059753,255.0,-2.0,67.0,23.0,0.023,0.0017099964898079634,-0.00039031216874718666,0.021868715062737465,0.006114225834608078,-0.0015223949449136853,0.0010321767767891288,0.20278000831604004,1.2679097652435303,0.03327396884560585,0.02185874991118908,0.0008795514004305005,3.4132017390220426e-06,0.00018979205924551934,3.7002933025360107,10.0,0.0,0.0,0.0,0.0,0.0,0.275,32.766,0.279,32.766,2.85,2018.4168701171875,809.9714965820312,29.14750862121582,,False,
1783703786.8051953,2026-07-10T10:16:26,218398,20260710_101616,,,,,,takeoff,,,,,,,,,False,0.026383046060800552,0.003914615139365196,0.9983985424041748,-0.1521318405866623,0.14308467507362366,0.16772311925888062,0.0,2.0,60.0,25.0,0.025,0.0007185389404185116,-8.022710244404152e-05,0.023225758224725723,0.0015415606321766973,0.0001437238825019449,0.008030290715396404,0.19025112688541412,1.3029063940048218,0.03182794526219368,0.02185874991118908,0.0008795514004305005,3.4132017390220426e-06,0.00018979205924551934,3.7002933025360107,10.0,0.0,0.0,0.0,0.0,0.0,0.275,32.766,0.279,32.766,2.85,2018.4168701171875,809.9714965820312,29.14750862121582,,False,
1783703786.8154116,2026-07-10T10:16:26,218409,20260710_101616,,,,,,takeoff,,,,,,,,,False,0.024814246222376823,0.00018779092351906002,0.9992667436599731,-0.022656261920928955,0.08366568386554718,0.12095114588737488,0.0,255.0,60.0,25.0,0.025,0.0007185389404185116,-8.022710244404152e-05,0.023225758224725723,0.0015415606321766973,0.0001437238825019449,0.008030290715396404,0.19025112688541412,1.3029063940048218,0.03182794526219368,0.023385394364595413,0.007827379740774632,3.3150909075629897e-06,0.0001846250524977222,3.7002933025360107,10.0,0.0,0.0,0.0,0.0,0.0,0.275,32.766,0.279,32.766,2.85,2018.4168701171875,809.9714965820312,29.14750862121582,,False,
1783703786.8255956,2026-07-10T10:16:26,218418,20260710_101616,,,,,,takeoff,,,,,,,,,False,0.02477843686938286,0.003085611155256629,0.9986515641212463,0.0561911016702652,-0.011371003463864326,0.053070783615112305,0.0,0.0,71.0,25.0,0.025,0.0010391202522441745,-7.923806697363034e-05,0.023385394364595413,0.0033430203329771757,-0.00011502388952067122,0.007904254831373692,0.18999704718589783,1.289552092552185,0.032790664583444595,0.023385394364595413,0.007827379740774632,3.3150909075629897e-06,0.0001846250524977222,3.695014715194702,10.0,0.0,0.0,0.0,0.0,0.0,0.275,32.766,0.28,32.766,2.848,2018.4168701171875,809.9714965820312,29.14750862121582,,False,
1783703786.8357697,2026-07-10T10:16:26,218423,20260710_101616,,,,,,takeoff,,,,,,,,,False,0.02396664395928383,0.004423696082085371,1.0017106533050537,0.20699156820774078,0.0030635481234639883,-0.016713835299015045,1.0,-2.0,64.0,25.0,0.025,0.0010391202522441745,-7.923806697363034e-05,0.023385394364595413,0.0033430203329771757,-0.00011502388952067122,0.007904254831373692,0.18999704718589783,1.289552092552185,0.032790664583444595,0.023385394364595413,0.007827379740774632,3.3150909075629897e-06,0.0001846250524977222,3.695014715194702,10.0,0.0,0.0,0.0,0.0,0.0,0.275,32.766,0.28,32.766,2.848,2018.4168701171875,809.9714965820312,29.14750862121582,,False,
1783703786.8459451,2026-07-10T10:16:26,218438,20260710_101616,,,,,,takeoff,,,,,,,,,False,0.022414926439523697,0.005870245397090912,1.000915765762329,0.038686446845531464,0.2538624107837677,0.023087847977876663,-1.0,-2.0,65.0,25.0,0.025,0.001303108874708414,-8.790376887191087e-05,0.023546159267425537,0.004475779831409454,7.600768003612757e-05,0.008068185299634933,0.19100730121135712,1.280691385269165,0.03288250043988228,0.023385394364595413,0.007827379740774632,3.3150909075629897e-06,0.0001846250524977222,3.695014715194702,10.0,0.0,0.0,0.0,0.0,0.0,0.275,32.766,0.28,32.766,2.848,2018.4168701171875,809.9714965820312,29.14750862121582,,False,
1783703786.85612,2026-07-10T10:16:26,218443,20260710_101616,,,,,,takeoff,,,,,,,,,False,0.02562362141907215,0.00485974969342351,1.0003552436828613,0.33626073598861694,0.11878238618373871,-0.14562396705150604,0.0,3.0,65.0,22.0,0.022,0.001303108874708414,-8.790376887191087e-05,0.023546159267425537,0.004475779831409454,7.600768003612757e-05,0.008068185299634933,0.19100730121135712,1.280691385269165,0.03288250043988228,0.023385394364595413,0.007827379740774632,3.3150909075629897e-06,0.0001846250524977222,3.695014715194702,10.0,0.0,0.0,0.0,0.0,0.0,0.275,32.766,0.28,32.766,2.848,2018.4168701171875,809.9714965820312,29.14750862121582,,False,
1783703786.8662868,2026-07-10T10:16:26,218458,20260710_101616,,,,,,takeoff,,,,,,,,,False,0.02617178112268448,0.004169024061411619,1.0019742250442505,-0.20759989321231842,0.16529865562915802,-0.18169334530830383,0.0,3.0,60.0,22.0,0.022,0.0007101051742210984,-9.252114250557497e-05,0.023036500439047813,0.0018165989313274622,0.0004092736926395446,0.005093051586300135,0.1927579641342163,1.299242377281189,0.03414065018296242,0.023385394364595413,0.007827379740774632,3.3150909075629897e-06,0.0001846250524977222,3.695014715194702,10.0,0.0,0.0,0.0,0.0,0.0,0.275,32.766,0.28,32.766,2.848,2018.4168701171875,809.9714965820312,29.14750862121582,,False,
1783703786.8764522,2026-07-10T10:16:26,218463,20260710_101616,,,,,,takeoff,,,,,,,,,False,0.025745246559381485,0.004158872179687023,1.0038789510726929,0.23047992587089539,0.4681558907032013,-0.062479518353939056,0.0,0.0,60.0,22.0,0.022,0.0007101051742210984,-9.252114250557497e-05,0.023036500439047813,0.0018165989313274622,0.0004092736926395446,0.005093051586300135,0.1927579641342163,1.299242377281189,0.03414065018296242,0.02308863215148449,0.005282504949718714,3.4132165183109464e-06,0.00018979338346980512,3.7002933025360107,10.0,0.0,0.0,0.0,0.0,0.0,0.28400000000000003,32.766,0.28,32.766,2.848,2018.23095703125,809.988037109375,29.163013458251953,,False,
1783703786.8866458,2026-07-10T10:16:26,218478,20260710_101616,,,,,,takeoff,,,,,,,,,False,0.02774238772690296,0.004417006392031908,1.0023419857025146,0.050111256539821625,-0.03406253457069397,0.2765381634235382,0.0,0.0,60.0,22.0,0.022,0.0007527627749368548,-8.288300887215883e-05,0.02314397506415844,0.0024619370233267546,0.0005761124193668365,0.005735278129577637,0.19159722328186035,1.2918634414672852,0.033200155943632126,0.02308863215148449,0.005282504949718714,3.4132165183109464e-06,0.00018979338346980512,3.7002933025360107,10.0,0.0,0.0,0.0,0.0,0.0,0.28400000000000003,32.766,0.28,32.766,2.848,2018.23095703125,809.988037109375,29.163013458251953,,False,
1783703786.8968272,2026-07-10T10:16:26,218483,20260710_101616,,,,,,takeoff,,,,,,,,,False,0.025134405121207237,0.0032972085755318403,0.998588502407074,-0.1133822426199913,0.05321599170565605,0.14697761833667755,0.0,0.0,69.0,22.0,0.022,0.0007527627749368548,-8.288300887215883e-05,0.02314397506415844,0.0024619370233267546,0.0005761124193668365,0.005735278129577637,0.19159722328186035,1.2918634414672852,0.033200155943632126,0.02308863215148449,0.005282504949718714,3.4132165183109464e-06,0.00018979338346980512,3.7002933025360107,10.0,0.0,0.0,0.0,0.0,0.0,0.28400000000000003,32.766,0.28,32.766,2.848,2018.23095703125,809.988037109375,29.163013458251953,,False,
1783703786.9070108,2026-07-10T10:16:26,218498,20260710_101616,,,,,,takeoff,,,,,,,,,False,0.02383256144821644,0.0039728619158267975,0.9988760352134705,-0.11181145906448364,0.0954771637916565,-0.05461009964346886,0.0,1.0,64.0,24.0,0.024,0.0004451691056601703,-8.338020415976644e-05,0.023577701300382614,0.0014432078460231423,0.0006034182733856142,0.00738951051607728,0.1912906914949417,1.3014417886734009,0.0351572260260582,0.02308863215148449,0.005282504949718714,3.4132165183109464e-06,0.00018979338346980512,3.7002933025360107,10.0,0.0,0.0,0.0,0.0,0.0,0.28400000000000003,32.766,0.28,32.766,2.848,2018.23095703125,809.988037109375,29.163013458251953,,False,
1783703786.9171913,2026-07-10T10:16:26,218509,20260710_101616,,,,,,takeoff,,,,,,,,,False,0.022579193115234375,0.005177839659154415,1.0019769668579102,-0.13260160386562347,-0.12273148447275162,-0.06303084641695023,1.0,251.0,61.0,24.0,0.024,0.0004451691056601703,-8.338020415976644e-05,0.023577701300382614,0.0014432078460231423,0.0006034182733856142,0.00738951051607728,0.1912906914949417,1.3014417886734009,0.0351572260260582,0.023727498948574066,0.007329525891691446,3.3150922718050424e-06,0.00018463164451532066,3.7002933025360107,10.0,0.0,0.0,0.0,0.0,0.0,0.28400000000000003,32.766,0.28,32.766,2.848,2018.23095703125,809.988037109375,29.163013458251953,,False,
1783703786.9275901,2026-07-10T10:16:26,218521,20260710_101616,,,,,,takeoff,,,,,,,,,False,0.02296612784266472,0.0035223416052758694,0.9971113801002502,-0.18371139466762543,-0.06792593747377396,0.06034474819898605,0.0,-256.0,69.0,24.0,0.024,0.0020528894383460283,-0.00039694877341389656,0.023727498948574066,0.008681070990860462,-0.0006861124420538545,0.007517393212765455,0.2016322761774063,1.244255542755127,0.03533206135034561,0.023727498948574066,0.007329525891691446,3.3150922718050424e-06,0.00018463164451532066,3.7002933025360107,10.0,0.0,0.0,0.0,0.0,0.0,0.28400000000000003,32.766,0.28500000000000003,32.766,32.766,2018.23095703125,809.988037109375,29.163013458251953,,False,
1783703786.937758,2026-07-10T10:16:26,218531,20260710_101616,,,,,,takeoff,,,,,,,,,False,0.025266021490097046,0.0036314695607870817,1.0016932487487793,0.07110461592674255,-0.0515311174094677,0.12521813809871674,-1.0,3.0,70.0,24.0,0.024,0.0020528894383460283,-0.00039694877341389656,0.023727498948574066,0.008681070990860462,-0.0006861124420538545,0.007517393212765455,0.2016322761774063,1.244255542755127,0.03533206135034561,0.023727498948574066,0.007329525891691446,3.3150922718050424e-06,0.00018463164451532066,3.7002933025360107,10.0,0.0,0.0,0.0,0.0,0.0,0.28400000000000003,32.766,0.28500000000000003,32.766,32.766,2018.23095703125,809.988037109375,29.163013458251953,,False,
1783703786.947926,2026-07-10T10:16:26,218541,20260710_101616,,,,,,takeoff,,,,,,,,,False,0.024920979514718056,0.003211854724213481,1.001213788986206,0.021920619532465935,0.20559906959533691,-0.13582049310207367,-255.0,3.0,64.0,24.0,0.024,0.0019673644565045834,-0.0003835638926830143,0.023883718997240067,0.00800363440066576,-0.0006629974232055247,0.007244357373565435,0.2008722573518753,1.248561978340149,0.03639250248670578,0.023727498948574066,0.007329525891691446,3.3150922718050424e-06,0.00018463164451532066,3.7002933025360107,10.0,0.0,0.0,0.0,0.0,0.0,0.28400000000000003,32.766,0.28500000000000003,32.766,32.766,2018.23095703125,809.988037109375,29.163013458251953,,False,
1783703786.9580917,2026-07-10T10:16:26,218551,20260710_101616,,,,,,takeoff,,,,,,,,,False,0.0215449295938015,0.0036490901838988066,0.9973820447921753,0.010658254846930504,0.061408258974552155,0.13502608239650726,-1.0,-251.0,65.0,20.0,0.02,0.0019673644565045834,-0.0003835638926830143,0.023883718997240067,0.00800363440066576,-0.0006629974232055247,0.007244357373565435,0.2008722573518753,1.248561978340149,0.03639250248670578,0.023727498948574066,0.007329525891691446,3.3150922718050424e-06,0.00018463164451532066,3.7002933025360107,10.0,0.0,0.0,0.0,0.0,0.0,0.28400000000000003,32.766,0.28500000000000003,32.766,32.766,2018.23095703125,809.988037109375,29.163013458251953,,False,
1783703786.9682624,2026-07-10T10:16:26,218560,20260710_101616,,,,,,takeoff,,,,,,,,,False,0.0215449295938015,0.0036490901838988066,0.9973820447921753,0.010658254846930504,0.061408258974552155,0.13502608239650726,-256.0,5.0,60.0,20.0,0.02,0.0010659178951755166,-8.779601193964481e-05,0.02234465256333351,0.0037648873403668404,0.0007130122976377606,-0.0005938431713730097,0.19064243137836456,1.2794488668441772,0.03678193315863609,0.02233763597905636,-0.000893864780664444,3.413186959733139e-06,0.00018979313608724624,3.7002933025360107,10.0,0.0,0.0,0.0,0.0,0.0,0.28400000000000003,32.766,0.28500000000000003,32.766,32.766,2018.23095703125,809.988037109375,29.163013458251953,,False,
1783703786.9785287,2026-07-10T10:16:26,218571,20260710_101616,,,,,,takeoff,,,,,,,,,False,0.02238471806049347,0.00357564608566463,1.0010006427764893,0.16006653010845184,-0.2401311993598938,0.09337497502565384,0.0,0.0,63.0,20.0,0.02,0.0010659178951755166,-8.779601193964481e-05,0.02234465256333351,0.0037648873403668404,0.0007130122976377606,-0.0005938431713730097,0.19064243137836456,1.2794488668441772,0.03678193315863609,0.02233763597905636,-0.000893864780664444,3.413186959733139e-06,0.00018979313608724624,3.7002933025360107,10.0,0.0,0.0,0.0,0.0,0.0,32.766,32.766,0.28500000000000003,32.766,32.766,2018.3895263671875,809.9741821289062,29.16925621032715,,False,
1783703786.988686,2026-07-10T10:16:26,218581,20260710_101616,,,,,,takeoff,,,,,,,,,False,0.022236816585063934,0.005373136140406132,0.998952329158783,0.200038880109787,0.03075072169303894,0.12513503432273865,0.0,0.0,63.0,20.0,0.02,0.0011401320807635784,-7.387190998997539e-05,0.022329263389110565,0.0036837533116340637,0.0006485037738457322,-0.0008649363880977035,0.18888607621192932,1.2740403413772583,0.03772149607539177,0.02233763597905636,-0.000893864780664444,3.413186959733139e-06,0.00018979313608724624,3.7002933025360107,10.0,0.0,0.0,0.0,0.0,0.0,32.766,32.766,0.28500000000000003,32.766,32.766,2018.3895263671875,809.9741821289062,29.16925621032715,,False,
1783703786.9988418,2026-07-10T10:16:26,218591,20260710_101616,,,,,,takeoff,,,,,,,,,False,0.02619265764951706,0.00531342625617981,0.9990453720092773,0.19660457968711853,0.1072680652141571,-0.0068281712010502815,0.0,0.0,68.0,20.0,0.02,0.0011401320807635784,-7.387190998997539e-05,0.022329263389110565,0.0036837533116340637,0.0006485037738457322,-0.0008649363880977035,0.18888607621192932,1.2740403413772583,0.03772149607539177,0.02233763597905636,-0.000893864780664444,3.413186959733139e-06,0.00018979313608724624,3.7002933025360107,10.0,0.0,0.0,0.0,0.0,0.0,32.766,32.766,0.28500000000000003,32.766,32.766,2018.3895263671875,809.9741821289062,29.16925621032715,,False,
1783703787.008999,2026-07-10T10:16:27,218601,20260710_101616,,,,,,takeoff,,,,,,,,,False,0.025615746155381203,0.002491495804861188,1.0009582042694092,0.1566157042980194,0.014716475270688534,0.2052410989999771,0.0,1.0,60.0,21.0,0.021,0.0008487577433697879,-7.34760906198062e-05,0.021750392392277718,0.002067703055217862,0.000821126566734165,-0.003837299533188343,0.19182312488555908,1.2865275144577026,0.03796393424272537,0.02233763597905636,-0.000893864780664444,3.413186959733139e-06,0.00018979313608724624,3.7002933025360107,10.0,0.0,0.0,0.0,0.0,0.0,32.766,32.766,0.28500000000000003,32.766,32.766,2018.3895263671875,809.9741821289062,29.16925621032715,,False,
1783703787.019156,2026-07-10T10:16:27,218611,20260710_101616,,,,,,takeoff,,,,,,,,,False,0.02224140428006649,0.0033510487992316484,1.0016682147979736,0.27201879024505615,-0.037188611924648285,0.12746277451515198,0.0,-1.0,61.0,21.0,0.021,0.0008487577433697879,-7.34760906198062e-05,0.021750392392277718,0.002067703055217862,0.000821126566734165,-0.003837299533188343,0.19182312488555908,1.2865275144577026,0.03796393424272537,0.02167382277548313,-0.0038301264867186546,3.3150629406009102e-06,0.0001846308005042374,3.7002933025360107,10.0,0.0,0.0,0.0,0.0,0.0,32.766,0.311,0.28200000000000003,32.766,2.84,2018.3895263671875,809.9741821289062,29.16925621032715,,False,
1783703787.0293882,2026-07-10T10:16:27,218623,20260710_101616,,,,,,takeoff,,,,,,,,,False,0.022123146802186966,0.0029813710134476423,1.0014837980270386,-0.1583913117647171,-0.0043417103588581085,-0.13811202347278595,0.0,0.0,70.0,21.0,0.021,0.0011828375281766057,-7.614951027790084e-05,0.02167382277548313,0.004005724564194679,0.0008043691050261259,-0.0037392843514680862,0.19298876821994781,1.2740837335586548,0.03966666758060455,0.02167382277548313,-0.0038301264867186546,3.3150629406009102e-06,0.0001846308005042374,3.7002933025360107,10.0,0.0,0.0,0.0,0.0,0.0,32.766,0.311,0.28200000000000003,32.766,2.84,2018.3895263671875,809.9741821289062,29.16925621032715,,False,
1783703787.0395763,2026-07-10T10:16:27,218633,20260710_101616,,,,,,takeoff,,,,,,,,,False,0.023439940065145493,0.0042075649835169315,1.0024988651275635,0.19138364493846893,0.049760397523641586,-0.04617155343294144,0.0,0.0,61.0,21.0,0.021,0.0011828375281766057,-7.614951027790084e-05,0.02167382277548313,0.004005724564194679,0.0008043691050261259,-0.0037392843514680862,0.19298876821994781,1.2740837335586548,0.03966666758060455,0.02167382277548313,-0.0038301264867186546,3.3150629406009102e-06,0.0001846308005042374,3.7002933025360107,10.0,0.0,0.0,0.0,0.0,0.0,32.766,0.311,0.28200000000000003,32.766,2.84,2018.3895263671875,809.9741821289062,29.16925621032715,,False,
1783703787.0497825,2026-07-10T10:16:27,218643,20260710_101616,,,,,,takeoff,,,,,,,,,False,0.024470601230859756,0.0023541469126939774,1.0012338161468506,-0.08017732948064804,-0.08849456906318665,0.0965609923005104,0.0,0.0,62.0,23.0,0.023,0.0012628617696464062,-6.0507394664455205e-05,0.02160256914794445,0.004049772396683693,0.0007762453751638532,-0.0033726959954947233,0.19387267529964447,1.2707568407058716,0.04006979987025261,0.02167382277548313,-0.0038301264867186546,3.3150629406009102e-06,0.0001846308005042374,3.7002933025360107,10.0,0.0,0.0,0.0,0.0,0.0,32.766,0.311,0.28200000000000003,32.766,2.84,2018.3895263671875,809.9741821289062,29.16925621032715,,False,
1783703787.0599632,2026-07-10T10:16:27,218653,20260710_101616,,,,,,takeoff,,,,,,,,,False,0.02564668469130993,0.004012684803456068,0.9976499676704407,-0.09741607308387756,-0.20149554312229156,-0.13467739522457123,0.0,0.0,59.0,23.0,0.023,0.0012628617696464062,-6.0507394664455205e-05,0.02160256914794445,0.004049772396683693,0.0007762453751638532,-0.0033726959954947233,0.19387267529964447,1.2707568407058716,0.04006979987025261,0.02167382277548313,-0.0038301264867186546,3.3150629406009102e-06,0.0001846308005042374,3.7002933025360107,10.0,0.0,0.0,0.0,0.0,0.0,32.766,0.311,0.28200000000000003,32.766,2.84,2018.3895263671875,809.9741821289062,29.16925621032715,,False,
1783703787.0701387,2026-07-10T10:16:27,218661,20260710_101616,,,,,,takeoff,,,,,,,,,False,0.02378161996603012,0.005030855070799589,0.997698962688446,-0.06454229354858398,0.003705299226567149,-0.11953394114971161,0.0,0.0,59.0,23.0,0.023,0.0013353977119550109,-4.644774890039116e-05,0.022150132805109024,0.004390368703752756,0.0007389127276837826,-0.0001488004345446825,0.19423389434814453,1.2698694467544556,0.04046132415533066,0.022147463634610176,-0.0004922706866636872,3.413224931136938e-06,0.00018981385801453143,3.7002933025360107,10.0,0.0,0.0,0.0,0.0,0.0,0.281,0.311,0.28200000000000003,32.766,2.84,2018.3895263671875,809.9741821289062,29.16925621032715,,False,
1783703787.080323,2026-07-10T10:16:27,218673,20260710_101616,,,,,,takeoff,,,,,,,,,False,0.022651998326182365,0.004719462711364031,0.9996569752693176,0.16930228471755981,-0.03427248075604439,-0.14846555888652802,0.0,0.0,61.0,23.0,0.023,0.0013353977119550109,-4.644774890039116e-05,0.022150132805109024,0.004390368703752756,0.0007389127276837826,-0.0001488004345446825,0.19423389434814453,1.2698694467544556,0.04046132415533066,0.022147463634610176,-0.0004922706866636872,3.413224931136938e-06,0.00018981385801453143,3.7002933025360107,10.0,0.0,0.0,0.0,0.0,0.0,0.281,0.311,0.28200000000000003,32.766,2.84,2018.318603515625,809.9801635742188,29.17850112915039,,False,
1783703787.090529,2026-07-10T10:16:27,218683,20260710_101616,,,,,,takeoff,,,,,,,,,False,0.023381544277071953,0.003520335303619504,0.9976333379745483,0.07282018661499023,-0.08184769749641418,0.10922064632177353,0.0,-3.0,69.0,23.0,0.023,0.002527309814468026,-5.238789162831381e-05,0.022139979526400566,0.009916413575410843,0.0008992607472464442,-0.0005378383211791515,0.1934804469347,1.2315973043441772,0.03837282583117485,0.022147463634610176,-0.0004922706866636872,3.413224931136938e-06,0.00018981385801453143,3.7002933025360107,10.0,0.0,0.0,0.0,0.0,0.0,0.281,0.311,0.28200000000000003,32.766,2.84,2018.318603515625,809.9801635742188,29.17850112915039,,False,
1783703787.1006908,2026-07-10T10:16:27,218693,20260710_101616,,,,,,takeoff,,,,,,,,,False,0.022871365770697594,0.0036531288642436266,0.997580349445343,0.040374722331762314,0.15849803388118744,-0.04127386584877968,0.0,0.0,52.0,25.0,0.025,0.002527309814468026,-5.238789162831381e-05,0.022139979526400566,0.009916413575410843,0.0008992607472464442,-0.0005378383211791515,0.1934804469347,1.2315973043441772,0.03837282583117485,0.022147463634610176,-0.0004922706866636872,3.413224931136938e-06,0.00018981385801453143,3.7002933025360107,10.0,0.0,0.0,0.0,0.0,0.0,0.281,0.311,0.28200000000000003,32.766,2.84,2018.318603515625,809.9801635742188,29.17850112915039,,False,
1783703787.1108568,2026-07-10T10:16:27,218703,20260710_101616,,,,,,takeoff,,,,,,,,,False,0.02335358038544655,0.003965386655181646,0.9985522031784058,-0.17601585388183594,-0.4514644145965576,-0.08548040688037872,0.0,0.0,64.0,25.0,0.025,0.0013189803576096892,-5.5912274547154084e-05,0.023366596549749374,0.004003438632935286,0.0009677488123998046,0.005726482253521681,0.1960630565881729,1.2750955820083618,0.038052063435316086,0.022147463634610176,-0.0004922706866636872,3.413224931136938e-06,0.00018981385801453143,3.7002933025360107,10.0,0.0,0.0,0.0,0.0,0.0,0.281,0.311,0.28200000000000003,32.766,2.84,2018.318603515625,809.9801635742188,29.17850112915039,,False,
1783703787.1210306,2026-07-10T10:16:27,218713,20260710_101616,,,,,,takeoff,,,,,,,,,False,0.02549709565937519,0.004641423933207989,0.9995822906494141,0.006501117255538702,0.007174051832407713,0.13923220336437225,0.0,-1.0,70.0,25.0,0.025,0.0013189803576096892,-5.5912274547154084e-05,0.023366596549749374,0.004003438632935286,0.0009677488123998046,0.005726482253521681,0.1960630565881729,1.2750955820083618,0.038052063435316086,0.02347794733941555,0.00534040667116642,3.315090452815639e-06,0.00018464343156665564,3.695014715194702,10.0,0.0,0.0,0.0,0.0,0.0,0.281,32.766,0.279,0.35100000000000003,2.855,2018.318603515625,809.9801635742188,29.17850112915039,,False,
1783703787.1312413,2026-07-10T10:16:27,218723,20260710_101616,,,,,,takeoff,,,,,,,,,False,0.025051450356841087,0.004632557742297649,1.000502586364746,0.29534992575645447,0.20543287694454193,-0.04053784906864166,0.0,-255.0,70.0,25.0,0.025,0.0017126877792179585,-5.7712419220479205e-05,0.023477546870708466,0.005632747430354357,0.0009390577906742692,0.005439656786620617,0.19662216305732727,1.262926697731018,0.037798814475536346,0.02347794733941555,0.00534040667116642,3.315090452815639e-06,0.00018464343156665564,3.695014715194702,10.0,0.0,0.0,0.0,0.0,0.0,0.281,32.766,0.279,0.35100000000000003,2.855,2018.318603515625,809.9801635742188,29.17850112915039,,False,
1783703787.1415045,2026-07-10T10:16:27,218735,20260710_101616,,,,,,takeoff,,,,,,,,,False,0.02802165411412716,0.003943535499274731,1.0016275644302368,0.2564733326435089,-0.13220380246639252,-0.01753939874470234,0.0,1.0,68.0,25.0,0.025,0.0004953986499458551,-8.470856846543029e-05,0.023590080440044403,0.0004071008588653058,0.0009974336717277765,0.005572651978582144,0.19662216305732727,1.262926697731018,0.037798814475536346,0.02347794733941555,0.00534040667116642,3.315090452815639e-06,0.00018464343156665564,3.695014715194702,10.0,0.0,0.0,0.0,0.0,0.0,0.281,32.766,0.279,0.35100000000000003,2.855,2018.318603515625,809.9801635742188,29.17850112915039,,False,
1783703787.1516838,2026-07-10T10:16:27,218743,20260710_101616,,,,,,takeoff,,,,,,,,,False,0.025513045489788055,0.004069779068231583,1.000563383102417,0.062302540987730026,-0.07016673684120178,0.12421108782291412,0.0,0.0,55.0,20.0,0.02,0.0004953986499458551,-8.470856846543029e-05,0.023590080440044403,0.0004071008588653058,0.0009974336717277765,0.005572651978582144,0.19982792437076569,1.3023433685302734,0.03853709250688553,0.02347794733941555,0.00534040667116642,3.315090452815639e-06,0.00018464343156665564,3.695014715194702,10.0,0.0,0.0,0.0,0.0,0.0,0.281,32.766,0.279,0.35100000000000003,2.855,2018.318603515625,809.9801635742188,29.17850112915039,,False,
1783703787.1618552,2026-07-10T10:16:27,218755,20260710_101616,,,,,,takeoff,,,,,,,,,False,0.023946689441800117,0.0024521287996321917,1.0000425577163696,-0.015266891568899155,0.23848046362400055,-0.06919628381729126,0.0,0.0,63.0,20.0,0.02,0.001267190440557897,-7.557617936981842e-05,0.022136515006422997,0.004443615674972534,0.00100945052690804,-0.0016341963782906532,0.19982792437076569,1.3023433685302734,0.03853709250688553,0.02347794733941555,0.00534040667116642,3.315090452815639e-06,0.00018464343156665564,3.695014715194702,10.0,0.0,0.0,0.0,0.0,0.0,0.281,32.766,0.279,0.35100000000000003,2.855,2018.318603515625,809.9801635742188,29.17850112915039,,False,
1783703787.1720297,2026-07-10T10:16:27,218763,20260710_101616,,,,,,takeoff,,,,,,,,,False,0.02243816666305065,0.0028582497034221888,1.0021448135375977,-0.25041311979293823,-0.32076048851013184,-0.01894604042172432,0.0,0.0,62.0,20.0,0.02,0.001267190440557897,-7.557617936981842e-05,0.022136515006422997,0.004443615674972534,0.00100945052690804,-0.0016341963782906532,0.20236508548259735,1.2779043912887573,0.03899252042174339,0.022120555862784386,-0.0016616224311292171,3.413214244574192e-06,0.00018980464665219188,3.7002933025360107,10.0,0.0,0.0,0.0,0.0,0.0,0.28600000000000003,32.766,0.279,0.35100000000000003,2.855,2018.2802734375,809.9837036132812,29.189960479736328,,False,
1783703787.1822133,2026-07-10T10:16:27,218775,20260710_101616,,,,,,takeoff,,,,,,,,,False,0.022557826712727547,0.005239443387836218,1.00005304813385,-0.021392952650785446,-0.2717992663383484,-0.2732037305831909,1.0,0.0,62.0,20.0,0.02,0.0023841476067900658,-0.0004480787320062518,0.02210390754044056,0.009109933860599995,-0.0008625995251350105,-0.0014149057678878307,0.20236508548259735,1.2779043912887573,0.03899252042174339,0.022120555862784386,-0.0016616224311292171,3.413214244574192e-06,0.00018980464665219188,3.7002933025360107,10.0,0.0,0.0,0.0,0.0,0.0,0.28600000000000003,32.766,0.279,0.35100000000000003,2.855,2018.2802734375,809.9837036132812,29.189960479736328,,False,
1783703787.192497,2026-07-10T10:16:27,218783,20260710_101616,,,,,,takeoff,,,,,,,,,False,0.02322581596672535,0.0035492933820933104,1.0014393329620361,0.10301949828863144,0.22174306213855743,-0.01008756086230278,255.0,-3.0,65.0,20.0,0.02,0.0023841476067900658,-0.0004480787320062518,0.02210390754044056,0.009109933860599995,-0.0008625995251350105,-0.0014149057678878307,0.21354089677333832,1.2427808046340942,0.0392780639231205,0.022120555862784386,-0.0016616224311292171,3.413214244574192e-06,0.00018980464665219188,3.7002933025360107,10.0,0.0,0.0,0.0,0.0,0.0,0.28600000000000003,32.766,0.279,0.35100000000000003,2.855,2018.2802734375,809.9837036132812,29.189960479736328,,False,
1783703787.2026742,2026-07-10T10:16:27,218795,20260710_101616,,,,,,takeoff,,,,,,,,,False,0.023164426907896996,0.0021000730339437723,1.0009492635726929,-0.05092369019985199,0.0049118963070213795,-0.03403998911380768,0.0,0.0,47.0,24.0,0.024,0.0004988700384274125,-7.687520701438189e-05,0.022911570966243744,0.0004255693929735571,0.0008731824345886707,0.0031541925854980946,0.21354089677333832,1.2427808046340942,0.0392780639231205,0.022120555862784386,-0.0016616224311292171,3.413214244574192e-06,0.00018980464665219188,3.7002933025360107,10.0,0.0,0.0,0.0,0.0,0.0,0.28600000000000003,32.766,0.279,0.35100000000000003,2.855,2018.2802734375,809.9837036132812,29.189960479736328,,False,
1783703787.2128484,2026-07-10T10:16:27,218803,20260710_101616,,,,,,takeoff,,,,,,,,,False,0.025232277810573578,0.0019702324643731117,0.999396562576294,-0.07490412145853043,-0.24304039776325226,0.05756215751171112,0.0,255.0,58.0,24.0,0.024,0.0004988700384274125,-7.687520701438189e-05,0.022911570966243744,0.0004255693929735571,0.0008731824345886707,0.0031541925854980946,0.20147913694381714,1.3076108694076538,0.037991687655448914,0.022120555862784386,-0.0016616224311292171,3.413214244574192e-06,0.00018980464665219188,3.7002933025360107,10.0,0.0,0.0,0.0,0.0,0.0,0.28600000000000003,32.766,0.279,0.35100000000000003,2.855,2018.2802734375,809.9837036132812,29.189960479736328,,False,
1783703787.2230277,2026-07-10T10:16:27,218815,20260710_101616,,,,,,takeoff,,,,,,,,,False,0.02339305356144905,0.00408353703096509,1.0000571012496948,-0.11456534266471863,-0.1503824144601822,0.042091354727745056,0.0,-1.0,73.0,24.0,0.024,0.0011862320825457573,-8.005227573448792e-05,0.022977739572525024,0.00366022577509284,0.0005460588145069778,0.003282140474766493,0.20147913694381714,1.3076108694076538,0.037991687655448914,0.022977516055107117,0.0032239877618849277,3.3150738545373315e-06,0.00018463583546690643,3.7002933025360107,10.0,0.0,0.0,0.0,0.0,0.0,0.28600000000000003,32.766,0.281,0.343,2.85,2018.2802734375,809.9837036132812,29.189960479736328,,False,
1783703787.2332826,2026-07-10T10:16:27,218823,20260710_101616,,,,,,takeoff,,,,,,,,,False,0.021662915125489235,0.004806821700185537,0.9996008276939392,-0.07126270979642868,0.0032516324426978827,0.05471786484122276,0.0,-256.0,73.0,24.0,0.024,0.0011862320825457573,-8.005227573448792e-05,0.022977739572525024,0.00366022577509284,0.0005460588145069778,0.003282140474766493,0.20009967684745789,1.2863078117370605,0.03897044435143471,0.022977516055107117,0.0032239877618849277,3.3150738545373315e-06,0.00018463583546690643,3.7002933025360107,10.0,0.0,0.0,0.0,0.0,0.0,0.28600000000000003,32.766,0.281,0.343,2.85,2018.2802734375,809.9837036132812,29.189960479736328,,False,
1783703787.2435389,2026-07-10T10:16:27,218835,20260710_101616,,,,,,takeoff,,,,,,,,,False,0.025236839428544044,0.0048536378890275955,1.000805139541626,-0.09085795283317566,-0.21300555765628815,-0.3325962424278259,1.0,0.0,67.0,24.0,0.024,0.0019044495420530438,-0.0004331651143729687,0.023042937740683556,0.006571108940988779,-0.0008573499508202076,0.003280183533206582,0.20009967684745789,1.2863078117370605,0.03897044435143471,0.022977516055107117,0.0032239877618849277,3.3150738545373315e-06,0.00018463583546690643,3.7002933025360107,10.0,0.0,0.0,0.0,0.0,0.0,0.28600000000000003,32.766,0.281,0.343,2.85,2018.2802734375,809.9837036132812,29.189960479736328,,False,
1783703787.253751,2026-07-10T10:16:27,218843,20260710_101616,,,,,,takeoff,,,,,,,,,False,0.024281827732920647,0.005336263217031956,1.0017659664154053,0.11194949597120285,-0.20265038311481476,-0.04378809779882431,-1.0,-254.0,70.0,24.0,0.024,0.0019044495420530438,-0.0004331651143729687,0.023042937740683556,0.006571108940988779,-0.0008573499508202076,0.003280183533206582,0.20943422615528107,1.2653324604034424,0.03902038559317589,0.022977516055107117,0.0032239877618849277,3.3150738545373315e-06,0.00018463583546690643,3.7002933025360107,10.0,0.0,0.0,0.0,0.0,0.0,0.28600000000000003,32.766,0.281,0.343,2.85,2018.2802734375,809.9837036132812,29.189960479736328,,False,
1783703787.2639425,2026-07-10T10:16:27,218855,20260710_101616,,,,,,takeoff,,,,,,,,,False,0.02504539303481579,0.0027113647665828466,0.9991851449012756,-0.10703690350055695,0.1295277178287506,0.05365480110049248,-256.0,2.0,65.0,24.0,0.024,0.0011896369978785515,-7.911109423730522e-05,0.023533131927251816,0.0034461847972124815,0.000991079374216497,0.005538101773709059,0.20943422615528107,1.2653324604034424,0.03902038559317589,0.022977516055107117,0.0032239877618849277,3.3150738545373315e-06,0.00018463583546690643,3.7002933025360107,10.0,0.0,0.0,0.0,0.0,0.0,0.28600000000000003,32.766,0.281,0.343,2.85,2018.2802734375,809.9837036132812,29.189960479736328,,False,
1783703787.2741618,2026-07-10T10:16:27,218863,20260710_101616,,,,,,takeoff,,,,,,,,,False,0.02332417666912079,0.0027888379991054535,0.9998021125793457,0.22275976836681366,0.22992978990077972,0.10091354697942734,0.0,1.0,67.0,24.0,0.024,0.0011896369978785515,-7.911109423730522e-05,0.023533131927251816,0.0034461847972124815,0.000991079374216497,0.005538101773709059,0.1979847103357315,1.2918297052383423,0.03844546899199486,0.02358844503760338,0.005437652114778757,3.413226522752666e-06,0.0001898045011330396,3.7002933025360107,10.0,0.0,0.0,0.0,0.0,0.0,32.766,32.766,0.281,0.343,2.85,2018.269287109375,809.9844970703125,29.195396423339844,,False,
1783703787.2844648,2026-07-10T10:16:27,218878,20260710_101616,,,,,,takeoff,,,,,,,,,False,0.023632725700736046,0.004246458411216736,1.0001630783081055,0.005392417311668396,0.5098826885223389,0.038147348910570145,1.0,1.0,67.0,24.0,0.024,0.00216363905929029,-0.000434251909609884,0.023645712062716484,0.007774269208312035,-0.0007866185042075813,0.005544533021748066,0.21111632883548737,1.254740595817566,0.03903358802199364,0.02358844503760338,0.005437652114778757,3.413226522752666e-06,0.0001898045011330396,3.7002933025360107,10.0,0.0,0.0,0.0,0.0,0.0,32.766,32.766,0.281,0.343,2.85,2018.269287109375,809.9844970703125,29.195396423339844,,False,
1783703787.2946565,2026-07-10T10:16:27,218883,20260710_101616,,,,,,takeoff,,,,,,,,,False,0.025301724672317505,0.003382535185664892,0.9994485974311829,-0.1278330683708191,-0.24163316190242767,0.12043550610542297,255.0,-4.0,69.0,24.0,0.024,0.00216363905929029,-0.000434251909609884,0.023645712062716484,0.007774269208312035,-0.0007866185042075813,0.005544533021748066,0.21111632883548737,1.254740595817566,0.03903358802199364,0.02358844503760338,0.005437652114778757,3.413226522752666e-06,0.0001898045011330396,3.7002933025360107,10.0,0.0,0.0,0.0,0.0,0.0,32.766,32.766,0.281,0.343,2.85,2018.269287109375,809.9844970703125,29.195396423339844,,False,
1783703787.3048313,2026-07-10T10:16:27,218898,20260710_101616,,,,,,takeoff,,,,,,,,,False,0.025178680196404457,0.001433245255611837,0.9977579712867737,0.013971598818898201,-0.06118642911314964,0.07116809487342834,0.0,255.0,49.0,21.0,0.021,0.0008052800549194217,-0.00010381083120591938,0.02258441597223282,0.0018448883201926947,0.0006986683583818376,-0.0005994084640406072,0.2004983276128769,1.298344612121582,0.04035908356308937,0.02358844503760338,0.005437652114778757,3.413226522752666e-06,0.0001898045011330396,3.7002933025360107,10.0,0.0,0.0,0.0,0.0,0.0,32.766,32.766,0.281,0.343,2.85,2018.269287109375,809.9844970703125,29.195396423339844,,False,
1783703787.3150063,2026-07-10T10:16:27,218903,20260710_101616,,,,,,takeoff,,,,,,,,,False,0.026727868244051933,0.0008969383197836578,1.0002145767211914,-0.15197721123695374,0.2792000472545624,-0.040592025965452194,0.0,-256.0,58.0,21.0,0.021,0.0008052800549194217,-0.00010381083120591938,0.02258441597223282,0.0018448883201926947,0.0006986683583818376,-0.0005994084640406072,0.2004983276128769,1.298344612121582,0.04035908356308937,0.02358844503760338,0.005437652114778757,3.413226522752666e-06,0.0001898045011330396,3.7002933025360107,10.0,0.0,0.0,0.0,0.0,0.0,32.766,32.766,0.281,0.343,2.85,2018.269287109375,809.9844970703125,29.195396423339844,,False,
1783703787.3251736,2026-07-10T10:16:27,218918,20260710_101616,,,,,,takeoff,,,,,,,,,False,0.024542678147554398,0.003174092620611191,1.0024268627166748,-0.05714897811412811,0.03829357773065567,-0.22332417964935303,0.0,0.0,71.0,21.0,0.021,0.0008484117570333183,-9.406560275238007e-05,0.022570643573999405,0.002503077732399106,0.0002572799567133188,-0.0006583531503565609,0.19913411140441895,1.2922290563583374,0.04101216048002243,0.022570643573999405,-0.0007155238417908549,3.3150656690850155e-06,0.0001846323284553364,3.7002933025360107,10.0,0.0,0.0,0.0,0.0,0.0,32.766,0.315,0.28400000000000003,0.34900000000000003,2.857,2018.269287109375,809.9844970703125,29.195396423339844,,False,
1783703787.3354816,2026-07-10T10:16:27,218923,20260710_101616,,,,,,takeoff,,,,,,,,,False,0.02374655194580555,0.004099329933524132,0.9997889399528503,0.01415618322789669,-0.02345385029911995,-0.15791575610637665,0.0,0.0,71.0,21.0,0.021,0.0008484117570333183,-9.406560275238007e-05,0.022570643573999405,0.002503077732399106,0.0002572799567133188,-0.0006583531503565609,0.19913411140441895,1.2922290563583374,0.04101216048002243,0.022570643573999405,-0.0007155238417908549,3.3150656690850155e-06,0.0001846323284553364,3.7002933025360107,10.0,0.0,0.0,0.0,0.0,0.0,32.766,0.315,0.28400000000000003,0.34900000000000003,2.857,2018.269287109375,809.9844970703125,29.195396423339844,,False,
1783703787.3456485,2026-07-10T10:16:27,218938,20260710_101616,,,,,,takeoff,,,,,,,,,False,0.02302810736000538,0.0017048713052645326,1.0009275674819946,-0.0510464608669281,-0.2778049409389496,0.003156528575345874,1.0,0.0,63.0,21.0,0.021,0.0022459733299911022,-0.0004405873769428581,0.02256094478070736,0.008805696852505207,-0.0013291366631165147,-0.0003895812842529267,0.21206049621105194,1.2456990480422974,0.038835618644952774,0.022570643573999405,-0.0007155238417908549,3.3150656690850155e-06,0.0001846323284553364,3.7002933025360107,10.0,0.0,0.0,0.0,0.0,0.0,32.766,0.315,0.28400000000000003,0.34900000000000003,2.857,2018.269287109375,809.9844970703125,29.195396423339844,,False,
1783703787.3558211,2026-07-10T10:16:27,218943,20260710_101616,accel_decel_climb_down_y,accel_decel_with_climb,outbound,1,"{""accel_mps2"": 0.5, ""peak_speed_mps"": 0.375, ""cruise_s"": 0.5, ""axis"": ""y"", ""climb_start_m"": 0.9, ""climb_end_m"": 0.3}",landing,0.0,0.0,0.0,0.8999997138977051,0.0,1.1920928955078125e-06,0.0,0.8999997138977051,True,0.022896084934473038,0.0047347331419587135,1.0006282329559326,0.20378610491752625,0.32597699761390686,-0.22891059517860413,-1.0,-253.0,70.0,24.0,0.024,0.0022459733299911022,-0.0004405873769428581,0.02256094478070736,0.008805696852505207,-0.0013291366631165147,-0.0003895812842529267,0.21206049621105194,1.2456990480422974,0.038835618644952774,0.022570643573999405,-0.0007155238417908549,3.3150656690850155e-06,0.0001846323284553364,3.7002933025360107,10.0,0.0,0.0,0.0,0.0,0.0,32.766,0.315,0.28400000000000003,0.34900000000000003,2.857,2018.269287109375,809.9844970703125,29.195396423339844,geofence_hard_land,True,land
1783703787.3660774,2026-07-10T10:16:27,218959,20260710_101616,accel_decel_climb_down_y,accel_decel_with_climb,outbound,1,"{""accel_mps2"": 0.5, ""peak_speed_mps"": 0.375, ""cruise_s"": 0.5, ""axis"": ""y"", ""climb_start_m"": 0.9, ""climb_end_m"": 0.3}",landing,0.0,0.0,0.0,0.8999997138977051,0.0,1.1920928955078125e-06,0.0,0.8999997138977051,True,0.01916917786002159,0.004197009839117527,0.9993552565574646,-0.059084489941596985,-0.5636483430862427,-0.11856617778539658,-256.0,3.0,64.0,24.0,0.024,0.0012057647109031677,-9.595820301910862e-05,0.023192308843135834,0.0037091851700097322,0.00024353017215617,0.002838741522282362,0.20155981183052063,1.2799371480941772,0.03780168294906616,0.023220568895339966,0.0027346189599484205,3.4132090149796568e-06,0.00018980384629685432,3.7002933025360107,10.0,0.0,0.0,0.0,0.0,0.0,32.766,0.315,0.28400000000000003,0.34900000000000003,2.857,2018.269287109375,809.9844970703125,29.195396423339844,geofence_hard_land,True,
1783703787.376896,2026-07-10T10:16:27,218963,20260710_101616,accel_decel_climb_down_y,accel_decel_with_climb,outbound,1,"{""accel_mps2"": 0.5, ""peak_speed_mps"": 0.375, ""cruise_s"": 0.5, ""axis"": ""y"", ""climb_start_m"": 0.9, ""climb_end_m"": 0.3}",landing,0.0,0.0,0.0,0.8999997138977051,0.0,1.1920928955078125e-06,0.0,0.8999997138977051,True,0.02136310003697872,0.004016601946204901,1.0008575916290283,-0.010618986561894417,0.2504555881023407,-0.07217701524496078,0.0,0.0,69.0,24.0,0.024,0.0012057647109031677,-9.595820301910862e-05,0.023192308843135834,0.0037091851700097322,0.00024353017215617,0.002838741522282362,0.20155981183052063,1.2799371480941772,0.03780168294906616,0.023220568895339966,0.0027346189599484205,3.4132090149796568e-06,0.00018980384629685432,3.7002933025360107,10.0,0.0,0.0,0.0,0.0,0.0,0.28700000000000003,0.315,0.28400000000000003,0.34900000000000003,2.857,2018.3021240234375,809.9817504882812,29.205080032348633,geofence_hard_land,True,
1783703787.3871257,2026-07-10T10:16:27,218978,20260710_101616,accel_decel_climb_down_y,accel_decel_with_climb,outbound,1,"{""accel_mps2"": 0.5, ""peak_speed_mps"": 0.375, ""cruise_s"": 0.5, ""axis"": ""y"", ""climb_start_m"": 0.9, ""climb_end_m"": 0.3}",landing,0.0,0.0,0.0,0.8999997138977051,0.0,1.1920928955078125e-06,0.0,0.8999997138977051,True,0.024916870519518852,0.0020486016292124987,1.0007201433181763,0.10082849860191345,-0.44072258472442627,-0.013863333500921726,0.0,0.0,69.0,24.0,0.024,0.0012759196106344461,-9.017992852022871e-05,0.02324921078979969,0.0034305874723941088,0.00028649589512497187,0.0029150850605219603,0.2012871503829956,1.279718041419983,0.03691229969263077,0.023220568895339966,0.0027346189599484205,3.4132090149796568e-06,0.00018980384629685432,3.7002933025360107,10.0,0.0,0.0,0.0,0.0,0.0,0.28700000000000003,0.315,0.28400000000000003,0.34900000000000003,2.857,2018.3021240234375,809.9817504882812,29.205080032348633,geofence_hard_land,True,
1783703787.3974235,2026-07-10T10:16:27,218991,20260710_101616,accel_decel_climb_down_y,accel_decel_with_climb,outbound,1,"{""accel_mps2"": 0.5, ""peak_speed_mps"": 0.375, ""cruise_s"": 0.5, ""axis"": ""y"", ""climb_start_m"": 0.9, ""climb_end_m"": 0.3}",landing,0.0,0.0,0.0,0.8999997138977051,0.0,1.1920928955078125e-06,0.0,0.8999997138977051,True,0.026134885847568512,0.00214487686753273,1.0009806156158447,-0.01583649031817913,0.13601529598236084,-0.13155551254749298,0.0,0.0,74.0,24.0,0.024,0.0012759196106344461,-9.017992852022871e-05,0.02324921078979969,0.0034305874723941088,0.00028649589512497187,0.0029150850605219603,0.2012871503829956,1.279718041419983,0.03691229969263077,0.023220568895339966,0.0027346189599484205,3.4132090149796568e-06,0.00018980384629685432,3.7002933025360107,10.0,0.0,0.0,0.0,0.0,0.0,0.28700000000000003,0.315,0.28400000000000003,0.34900000000000003,2.857,2018.3021240234375,809.9817504882812,29.205080032348633,geofence_hard_land,True,
1783703787.4076846,2026-07-10T10:16:27,218998,20260710_101616,accel_decel_climb_down_y,accel_decel_with_climb,outbound,1,"{""accel_mps2"": 0.5, ""peak_speed_mps"": 0.375, ""cruise_s"": 0.5, ""axis"": ""y"", ""climb_start_m"": 0.9, ""climb_end_m"": 0.3}",landing,0.0,0.0,0.0,0.8999997138977051,0.0,1.1920928955078125e-06,0.0,0.8999997138977051,True,0.026134885847568512,0.00214487686753273,1.0009806156158447,-0.01583649031817913,0.13601529598236084,-0.13155551254749298,0.0,255.0,56.0,24.0,0.024,0.0012070261873304844,-9.349942411063239e-05,0.023606032133102417,0.0031527425162494183,0.00010545900295255706,0.004663909785449505,0.20002907514572144,1.284993290901184,0.03821404278278351,0.023220568895339966,0.0027346189599484205,3.4132090149796568e-06,0.00018980384629685432,3.7002933025360107,10.0,0.0,0.0,0.0,0.0,0.0,0.28700000000000003,0.315,0.28400000000000003,0.34900000000000003,2.857,2018.3021240234375,809.9817504882812,29.205080032348633,geofence_hard_land,True,
1783703787.4179106,2026-07-10T10:16:27,219011,20260710_101616,accel_decel_climb_down_y,accel_decel_with_climb,outbound,1,"{""accel_mps2"": 0.5, ""peak_speed_mps"": 0.375, ""cruise_s"": 0.5, ""axis"": ""y"", ""climb_start_m"": 0.9, ""climb_end_m"": 0.3}",landing,0.0,0.0,0.0,0.8999997138977051,0.0,1.1920928955078125e-06,0.0,0.8999997138977051,True,0.025321045890450478,0.005065232515335083,0.9997163414955139,-0.08667156845331192,-0.4748922288417816,0.05466308072209358,0.0,-256.0,53.0,24.0,0.024,0.0012070261873304844,-9.349942411063239e-05,0.023606032133102417,0.0031527425162494183,0.00010545900295255706,0.004663909785449505,0.20002907514572144,1.284993290901184,0.03821404278278351,0.023701230064034462,0.004713156260550022,3.3150943181681214e-06,0.00018464155436959118,3.7002933025360107,10.0,0.0,0.0,0.0,0.0,0.0,0.28700000000000003,32.766,0.28,0.35000000000000003,2.852,2018.3021240234375,809.9817504882812,29.205080032348633,geofence_hard_land,True,
1783703787.4281023,2026-07-10T10:16:27,219021,20260710_101616,accel_decel_climb_down_y,accel_decel_with_climb,outbound,1,"{""accel_mps2"": 0.5, ""peak_speed_mps"": 0.375, ""cruise_s"": 0.5, ""axis"": ""y"", ""climb_start_m"": 0.9, ""climb_end_m"": 0.3}",landing,0.0,0.0,0.0,0.8999997138977051,0.0,1.1920928955078125e-06,0.0,0.8999997138977051,True,0.024571403861045837,0.0035191646311432123,0.9988107681274414,-0.046142708510160446,-0.2630332112312317,-0.02058720588684082,1.0,-2.0,70.0,24.0,0.024,0.0019312690710648894,-0.0004498949565459043,0.023700373247265816,0.006652842275798321,-0.001395164174027741,0.004798536188900471,0.21224983036518097,1.2652522325515747,0.03750523552298546,0.023701230064034462,0.004713156260550022,3.3150943181681214e-06,0.00018464155436959118,3.7002933025360107,10.0,0.0,0.0,0.0,0.0,0.0,0.28700000000000003,32.766,0.28,0.35000000000000003,2.852,2018.3021240234375,809.9817504882812,29.205080032348633,geofence_hard_land,True,
1783703787.4384778,2026-07-10T10:16:27,219031,20260710_101616,accel_decel_climb_down_y,accel_decel_with_climb,outbound,1,"{""accel_mps2"": 0.5, ""peak_speed_mps"": 0.375, ""cruise_s"": 0.5, ""axis"": ""y"", ""climb_start_m"": 0.9, ""climb_end_m"": 0.3}",landing,0.0,0.0,0.0,0.8999997138977051,0.0,1.1920928955078125e-06,0.0,0.8999997138977051,True,0.02481047250330448,0.0027813443448394537,0.9988224506378174,0.20095090568065643,-0.2834812104701996,0.0517008975148201,-1.0,-254.0,70.0,24.0,0.024,0.0019312690710648894,-0.0004498949565459043,0.023700373247265816,0.006652842275798321,-0.001395164174027741,0.004798536188900471,0.21224983036518097,1.2652522325515747,0.03750523552298546,0.023701230064034462,0.004713156260550022,3.3150943181681214e-06,0.00018464155436959118,3.7002933025360107,10.0,0.0,0.0,0.0,0.0,0.0,0.28700000000000003,32.766,0.28,0.35000000000000003,2.852,2018.3021240234375,809.9817504882812,29.205080032348633,geofence_hard_land,True,
1783703787.4486868,2026-07-10T10:16:27,219041,20260710_101616,accel_decel_climb_down_y,accel_decel_with_climb,outbound,1,"{""accel_mps2"": 0.5, ""peak_speed_mps"": 0.375, ""cruise_s"": 0.5, ""axis"": ""y"", ""climb_start_m"": 0.9, ""climb_end_m"": 0.3}",landing,0.0,0.0,0.0,0.8999997138977051,0.0,1.1920928955078125e-06,0.0,0.8999997138977051,True,0.02355056442320347,0.0019164099358022213,0.9990164637565613,-0.18777477741241455,-0.02756727859377861,-0.10578416287899017,-256.0,2.0,63.0,24.0,0.024,0.0012004696764051914,-7.966428529471159e-05,0.023800643160939217,0.003337089903652668,0.00027847805176861584,0.004712625872343779,0.19752931594848633,1.2921875715255737,0.03743920847773552,0.023701230064034462,0.004713156260550022,3.3150943181681214e-06,0.00018464155436959118,3.7002933025360107,10.0,0.0,0.0,0.0,0.0,0.0,0.28700000000000003,32.766,0.28,0.35000000000000003,2.852,2018.3021240234375,809.9817504882812,29.205080032348633,geofence_hard_land,True,
1783703787.458879,2026-07-10T10:16:27,219051,20260710_101616,accel_decel_climb_down_y,accel_decel_with_climb,outbound,1,"{""accel_mps2"": 0.5, ""peak_speed_mps"": 0.375, ""cruise_s"": 0.5, ""axis"": ""y"", ""climb_start_m"": 0.9, ""climb_end_m"": 0.3}",landing,0.0,0.0,0.0,0.8999997138977051,0.0,1.1920928955078125e-06,0.0,0.8999997138977051,True,0.025201009586453438,0.002532883081585169,0.9989641904830933,-0.04674467816948891,-0.022467369213700294,0.10999554395675659,0.0,0.0,67.0,27.0,0.027,0.0012004696764051914,-7.966428529471159e-05,0.023800643160939217,0.003337089903652668,0.00027847805176861584,0.004712625872343779,0.19752931594848633,1.2921875715255737,0.03743920847773552,0.023701230064034462,0.004713156260550022,3.3150943181681214e-06,0.00018464155436959118,3.7002933025360107,10.0,0.0,0.0,0.0,0.0,0.0,0.28700000000000003,32.766,0.28,0.35000000000000003,2.852,2018.3021240234375,809.9817504882812,29.205080032348633,geofence_hard_land,True,
1783703787.46908,2026-07-10T10:16:27,219061,20260710_101616,accel_decel_climb_down_y,accel_decel_with_climb,outbound,1,"{""accel_mps2"": 0.5, ""peak_speed_mps"": 0.375, ""cruise_s"": 0.5, ""axis"": ""y"", ""climb_start_m"": 0.9, ""climb_end_m"": 0.3}",landing,0.0,0.0,0.0,0.8999997138977051,0.0,1.1920928955078125e-06,0.0,0.8999997138977051,True,0.025201009586453438,0.002532883081585169,0.9989641904830933,-0.04674467816948891,-0.022467369213700294,0.10999554395675659,0.0,0.0,62.0,27.0,0.027,0.0012448191409930587,-8.098972466541454e-05,0.025291835889220238,0.0035042129456996918,3.223064777557738e-05,0.011208728887140751,0.19550006091594696,1.2925136089324951,0.0372440442442894,0.02540368027985096,0.011072587221860886,3.413255399209447e-06,0.0001898135815281421,3.7002933025360107,10.0,0.0,0.0,0.0,0.0,0.0,32.766,32.766,0.28,0.35000000000000003,2.852,2018.3021240234375,809.9817504882812,29.205080032348633,geofence_hard_land,True,
1783703787.4792771,2026-07-10T10:16:27,219071,20260710_101616,accel_decel_climb_down_y,accel_decel_with_climb,outbound,1,"{""accel_mps2"": 0.5, ""peak_speed_mps"": 0.375, ""cruise_s"": 0.5, ""axis"": ""y"", ""climb_start_m"": 0.9, ""climb_end_m"": 0.3}",landing,0.0,0.0,0.0,0.8999997138977051,0.0,1.1920928955078125e-06,0.0,0.8999997138977051,True,0.024642273783683777,0.004362666048109531,1.0015177726745605,0.042564887553453445,0.2690739631652832,-0.009001587517559528,0.0,0.0,66.0,27.0,0.027,0.0012448191409930587,-8.098972466541454e-05,0.025291835889220238,0.0035042129456996918,3.223064777557738e-05,0.011208728887140751,0.19550006091594696,1.2925136089324951,0.0372440442442894,0.02540368027985096,0.011072587221860886,3.413255399209447e-06,0.0001898135815281421,3.7002933025360107,10.0,0.0,0.0,0.0,0.0,0.0,32.766,32.766,0.28,0.35000000000000003,2.852,2018.2965087890625,809.9821166992188,29.21600914001465,geofence_hard_land,True,
1783703787.4895113,2026-07-10T10:16:27,219083,20260710_101616,accel_decel_climb_down_y,accel_decel_with_climb,outbound,1,"{""accel_mps2"": 0.5, ""peak_speed_mps"": 0.375, ""cruise_s"": 0.5, ""axis"": ""y"", ""climb_start_m"": 0.9, ""climb_end_m"": 0.3}",landing,0.0,0.0,0.0,0.8999997138977051,0.0,1.1920928955078125e-06,0.0,0.8999997138977051,True,0.023748252540826797,0.0034558079205453396,1.0008735656738281,-0.17496556043624878,0.15630044043064117,-0.13625386357307434,0.0,-1.0,73.0,27.0,0.027,0.0016464843647554517,-8.093391807051376e-05,0.025515133515000343,0.0054525951854884624,0.00012452903320081532,0.01123962551355362,0.19523070752620697,1.2792785167694092,0.03813498839735985,0.02540368027985096,0.011072587221860886,3.413255399209447e-06,0.0001898135815281421,3.7002933025360107,10.0,0.0,0.0,0.0,0.0,0.0,32.766,32.766,0.28,0.35000000000000003,2.852,2018.2965087890625,809.9821166992188,29.21600914001465,geofence_hard_land,True,
1783703787.4996955,2026-07-10T10:16:27,219093,20260710_101616,accel_decel_climb_down_y,accel_decel_with_climb,outbound,1,"{""accel_mps2"": 0.5, ""peak_speed_mps"": 0.375, ""cruise_s"": 0.5, ""axis"": ""y"", ""climb_start_m"": 0.9, ""climb_end_m"": 0.3}",landing,0.0,0.0,0.0,0.8999997138977051,0.0,1.1920928955078125e-06,0.0,0.8999997138977051,True,0.025464018806815147,0.002827073447406292,0.999052882194519,-0.0023515706416219473,-0.15262383222579956,0.06695390492677689,0.0,0.0,56.0,25.0,0.025,0.0016464843647554517,-8.093391807051376e-05,0.025515133515000343,0.0054525951854884624,0.00012452903320081532,0.01123962551355362,0.19523070752620697,1.2792785167694092,0.03813498839735985,0.02540368027985096,0.011072587221860886,3.413255399209447e-06,0.0001898135815281421,3.7002933025360107,10.0,0.0,0.0,0.0,0.0,0.0,32.766,32.766,0.28,0.35000000000000003,2.852,2018.2965087890625,809.9821166992188,29.21600914001465,geofence_hard_land,True,
1783703787.5098836,2026-07-10T10:16:27,219103,20260710_101616,accel_decel_climb_down_y,accel_decel_with_climb,outbound,1,"{""accel_mps2"": 0.5, ""peak_speed_mps"": 0.375, ""cruise_s"": 0.5, ""axis"": ""y"", ""climb_start_m"": 0.9, ""climb_end_m"": 0.3}",landing,0.0,0.0,0.0,0.8999997138977051,0.0,1.1920928955078125e-06,0.0,0.8999997138977051,True,0.024644356220960617,0.002493011998012662,1.0004709959030151,0.07600613683462143,-0.009086443111300468,0.16840237379074097,0.0,0.0,55.0,25.0,0.025,0.0012561606708914042,-8.025921124499291e-05,0.02542550303041935,0.0037087411619722843,0.0001914134918479249,0.009827147237956524,0.19433802366256714,1.2908544540405273,0.03813375160098076,0.02540368027985096,0.011072587221860886,3.413255399209447e-06,0.0001898135815281421,3.7002933025360107,10.0,0.0,0.0,0.0,0.0,0.0,32.766,32.766,0.28,0.35000000000000003,2.852,2018.2965087890625,809.9821166992188,29.21600914001465,geofence_hard_land,True,
1783703787.5200653,2026-07-10T10:16:27,219113,20260710_101616,accel_decel_climb_down_y,accel_decel_with_climb,outbound,1,"{""accel_mps2"": 0.5, ""peak_speed_mps"": 0.375, ""cruise_s"": 0.5, ""axis"": ""y"", ""climb_start_m"": 0.9, ""climb_end_m"": 0.3}",landing,0.0,0.0,0.0,0.8999997138977051,0.0,1.1920928955078125e-06,0.0,0.8999997138977051,True,0.02396859973669052,0.0026032780297100544,0.99932461977005,0.17842571437358856,0.13580963015556335,0.17705237865447998,0.0,0.0,66.0,25.0,0.025,0.0012561606708914042,-8.025921124499291e-05,0.02542550303041935,0.0037087411619722843,0.0001914134918479249,0.009827147237956524,0.19433802366256714,1.2908544540405273,0.03813375160098076,0.025621969252824783,0.009751132689416409,3.31511932927242e-06,0.00018464621098246425,3.7002933025360107,10.0,0.0,0.0,0.0,0.0,0.0,32.766,32.766,0.28200000000000003,0.34900000000000003,2.836,2018.2965087890625,809.9821166992188,29.21600914001465,geofence_hard_land,True,
1783703787.5302732,2026-07-10T10:16:27,219123,20260710_101616,accel_decel_climb_down_y,accel_decel_with_climb,outbound,1,"{""accel_mps2"": 0.5, ""peak_speed_mps"": 0.375, ""cruise_s"": 0.5, ""axis"": ""y"", ""climb_start_m"": 0.9, ""climb_end_m"": 0.3}",landing,0.0,0.0,0.0,0.8999997138977051,0.0,1.1920928955078125e-06,0.0,0.8999997138977051,True,0.023877514526247978,0.0036125241313129663,1.0003019571304321,-0.18372908234596252,-0.04024610295891762,0.13298404216766357,0.0,255.0,66.0,25.0,0.025,0.0013352094683796167,-7.749373617116362e-05,0.025621969252824783,0.004140976816415787,6.136033334769309e-05,0.009846932254731655,0.1928606480360031,1.2879514694213867,0.038096971809864044,0.025621969252824783,0.009751132689416409,3.31511932927242e-06,0.00018464621098246425,3.7002933025360107,10.0,0.0,0.0,0.0,0.0,0.0,32.766,32.766,0.28200000000000003,0.34900000000000003,2.836,2018.2965087890625,809.9821166992188,29.21600914001465,geofence_hard_land,True,
1783703787.54049,2026-07-10T10:16:27,219131,20260710_101616,accel_decel_climb_down_y,accel_decel_with_climb,outbound,1,"{""accel_mps2"": 0.5, ""peak_speed_mps"": 0.375, ""cruise_s"": 0.5, ""axis"": ""y"", ""climb_start_m"": 0.9, ""climb_end_m"": 0.3}",landing,0.0,0.0,0.0,0.8999997138977051,0.0,1.1920928955078125e-06,0.0,0.8999997138977051,True,0.025277286767959595,0.0030203619971871376,0.9994049668312073,0.09411220997571945,0.0961160883307457,0.1520686000585556,0.0,255.0,66.0,25.0,0.025,0.0013352094683796167,-7.749373617116362e-05,0.025621969252824783,0.004140976816415787,6.136033334769309e-05,0.009846932254731655,0.1928606480360031,1.2879514694213867,0.038096971809864044,0.025621969252824783,0.009751132689416409,3.31511932927242e-06,0.00018464621098246425,3.7002933025360107,10.0,0.0,0.0,0.0,0.0,0.0,32.766,32.766,0.28200000000000003,0.34900000000000003,2.836,2018.2965087890625,809.9821166992188,29.21600914001465,geofence_hard_land,True,
1783703787.550702,2026-07-10T10:16:27,219143,20260710_101616,accel_decel_climb_down_y,accel_decel_with_climb,outbound,1,"{""accel_mps2"": 0.5, ""peak_speed_mps"": 0.375, ""cruise_s"": 0.5, ""axis"": ""y"", ""climb_start_m"": 0.9, ""climb_end_m"": 0.3}",landing,0.0,0.0,0.0,0.8999997138977051,0.0,1.1920928955078125e-06,0.0,0.8999997138977051,True,0.026205360889434814,0.003860602155327797,0.9995211958885193,-0.03236473351716995,-0.26168471574783325,-0.022402849048376083,-1.0,-254.0,74.0,23.0,0.023,0.0024580229073762894,-0.0004813397245015949,0.02581566572189331,0.008940697647631168,-0.0017495695501565933,0.0098616573959589,0.2042740285396576,1.2532509565353394,0.039253875613212585,0.025621969252824783,0.009751132689416409,3.31511932927242e-06,0.00018464621098246425,3.7002933025360107,10.0,0.0,0.0,0.0,0.0,0.0,32.766,32.766,0.28200000000000003,0.34900000000000003,2.836,2018.2965087890625,809.9821166992188,29.21600914001465,geofence_hard_land,True,
1783703787.560939,2026-07-10T10:16:27,219153,20260710_101616,accel_decel_climb_down_y,accel_decel_with_climb,outbound,1,"{""accel_mps2"": 0.5, ""peak_speed_mps"": 0.375, ""cruise_s"": 0.5, ""axis"": ""y"", ""climb_start_m"": 0.9, ""climb_end_m"": 0.3}",landing,0.0,0.0,0.0,0.8999997138977051,0.0,1.1920928955078125e-06,0.0,0.8999997138977051,True,0.024771345779299736,0.0032958711963146925,1.001044750213623,-0.02026253752410412,-0.09333066642284393,0.15993928909301758,-256.0,2.0,67.0,23.0,0.023,0.0024580229073762894,-0.0004813397245015949,0.02581566572189331,0.008940697647631168,-0.0017495695501565933,0.0098616573959589,0.2042740285396576,1.2532509565353394,0.039253875613212585,0.025621969252824783,0.009751132689416409,3.31511932927242e-06,0.00018464621098246425,3.7002933025360107,10.0,0.0,0.0,0.0,0.0,0.0,32.766,32.766,0.28200000000000003,0.34900000000000003,2.836,2018.2965087890625,809.9821166992188,29.21600914001465,geofence_hard_land,True,
1783703787.5711417,2026-07-10T10:16:27,219163,20260710_101616,accel_decel_climb_down_y,accel_decel_with_climb,outbound,1,"{""accel_mps2"": 0.5, ""peak_speed_mps"": 0.375, ""cruise_s"": 0.5, ""axis"": ""y"", ""climb_start_m"": 0.9, ""climb_end_m"": 0.3}",landing,0.0,0.0,0.0,0.8999997138977051,0.0,1.1920928955078125e-06,0.0,0.8999997138977051,True,0.023885969072580338,0.005540213081985712,0.9983587265014648,0.1961284875869751,0.05149974301457405,0.12651212513446808,-256.0,2.0,67.0,23.0,0.023,0.0011831079609692097,-6.657695485046133e-05,0.024788275361061096,0.0035586575977504253,6.320328975562006e-05,0.004025097005069256,0.1908537745475769,1.2965164184570312,0.04094682261347771,0.024828702211380005,0.0039739347994327545,3.4132251585106133e-06,0.0001898007612908259,3.7002933025360107,10.0,0.0,0.0,0.0,0.0,0.0,0.28200000000000003,32.766,0.28200000000000003,0.34900000000000003,2.836,2018.3623046875,809.9762573242188,29.22305679321289,geofence_hard_land,True,
1783703787.5814595,2026-07-10T10:16:27,219175,20260710_101616,accel_decel_climb_down_y,accel_decel_with_climb,outbound,1,"{""accel_mps2"": 0.5, ""peak_speed_mps"": 0.375, ""cruise_s"": 0.5, ""axis"": ""y"", ""climb_start_m"": 0.9, ""climb_end_m"": 0.3}",landing,0.0,0.0,0.0,0.8999997138977051,0.0,1.1920928955078125e-06,0.0,0.8999997138977051,True,0.02502528205513954,0.0054886722937226295,1.0004969835281372,0.23286503553390503,0.054799679666757584,0.15511326491832733,0.0,-3.0,73.0,23.0,0.023,0.0011334798764437437,-8.093074575299397e-05,0.024875953793525696,0.0032125553116202354,0.0002564523892942816,0.004041597247123718,0.1908537745475769,1.2965164184570312,0.04094682261347771,0.024828702211380005,0.0039739347994327545,3.4132251585106133e-06,0.0001898007612908259,3.7002933025360107,10.0,0.0,0.0,0.0,0.0,0.0,0.28200000000000003,32.766,0.28200000000000003,0.34900000000000003,2.836,2018.3623046875,809.9762573242188,29.22305679321289,geofence_hard_land,True,
1783703787.5916417,2026-07-10T10:16:27,219183,20260710_101616,accel_decel_climb_down_y,accel_decel_with_climb,outbound,1,"{""accel_mps2"": 0.5, ""peak_speed_mps"": 0.375, ""cruise_s"": 0.5, ""axis"": ""y"", ""climb_start_m"": 0.9, ""climb_end_m"": 0.3}",landing,0.0,0.0,0.0,0.8999997138977051,0.0,1.1920928955078125e-06,0.0,0.8999997138977051,True,0.02490215376019478,0.005750950425863266,0.9994216561317444,0.1955614984035492,0.27233457565307617,-0.1978321373462677,0.0,3.0,71.0,23.0,0.023,0.0011334798764437437,-8.093074575299397e-05,0.024875953793525696,0.0032125553116202354,0.0002564523892942816,0.004041597247123718,0.1918659508228302,1.3001495599746704,0.04200184717774391,0.024828702211380005,0.0039739347994327545,3.4132251585106133e-06,0.0001898007612908259,3.7002933025360107,10.0,0.0,0.0,0.0,0.0,0.0,0.28200000000000003,32.766,0.28200000000000003,0.34900000000000003,2.836,2018.3623046875,809.9762573242188,29.22305679321289,geofence_hard_land,True,
1783703787.6018136,2026-07-10T10:16:27,219195,20260710_101616,accel_decel_climb_down_y,accel_decel_with_climb,outbound,1,"{""accel_mps2"": 0.5, ""peak_speed_mps"": 0.375, ""cruise_s"": 0.5, ""axis"": ""y"", ""climb_start_m"": 0.9, ""climb_end_m"": 0.3}",landing,0.0,0.0,0.0,0.8999997138977051,0.0,1.1920928955078125e-06,0.0,0.8999997138977051,True,0.02523309364914894,0.005091947503387928,0.9977961778640747,0.10716630518436432,-0.10355842858552933,0.07907197624444962,0.0,0.0,55.0,24.0,0.024,0.00080223532859236,-8.290047844639048e-05,0.024547051638364792,0.0019942389335483313,0.000622985593508929,0.001922001363709569,0.1918659508228302,1.3001495599746704,0.04200184717774391,0.024828702211380005,0.0039739347994327545,3.4132251585106133e-06,0.0001898007612908259,3.7002933025360107,10.0,0.0,0.0,0.0,0.0,0.0,0.28200000000000003,32.766,0.28200000000000003,0.34900000000000003,2.836,2018.3623046875,809.9762573242188,29.22305679321289,geofence_hard_land,True,
1783703787.6119883,2026-07-10T10:16:27,219203,20260710_101616,accel_decel_climb_down_y,accel_decel_with_climb,outbound,1,"{""accel_mps2"": 0.5, ""peak_speed_mps"": 0.375, ""cruise_s"": 0.5, ""axis"": ""y"", ""climb_start_m"": 0.9, ""climb_end_m"": 0.3}",landing,0.0,0.0,0.0,0.8999997138977051,0.0,1.1920928955078125e-06,0.0,0.8999997138977051,True,0.024814514443278313,0.005088668782263994,0.9999228715896606,0.08808767050504684,0.27180200815200806,-0.0872233510017395,0.0,0.0,52.0,24.0,0.024,0.00080223532859236,-8.290047844639048e-05,0.024547051638364792,0.0019942389335483313,0.000622985593508929,0.001922001363709569,0.19489817321300507,1.3074498176574707,0.04077083617448807,0.024828702211380005,0.0039739347994327545,3.4132251585106133e-06,0.0001898007612908259,3.7002933025360107,10.0,0.0,0.0,0.0,0.0,0.0,0.28200000000000003,32.766,0.28200000000000003,0.34900000000000003,2.836,2018.3623046875,809.9762573242188,29.22305679321289,geofence_hard_land,True,
1783703787.6221719,2026-07-10T10:16:27,219215,20260710_101616,accel_decel_climb_down_y,accel_decel_with_climb,outbound,1,"{""accel_mps2"": 0.5, ""peak_speed_mps"": 0.375, ""cruise_s"": 0.5, ""axis"": ""y"", ""climb_start_m"": 0.9, ""climb_end_m"": 0.3}",landing,0.0,0.0,0.0,0.8999997138977051,0.0,1.1920928955078125e-06,0.0,0.8999997138977051,True,0.026044821366667747,0.0036308355629444122,1.0002163648605347,-0.09125454723834991,-0.18208687007427216,0.07374939322471619,0.0,0.0,67.0,24.0,0.024,0.0008470428874716163,-6.756417860742658e-05,0.02458309195935726,0.002462346339598298,0.0009002743754535913,0.0017993622459471226,0.19489817321300507,1.3074498176574707,0.04077083617448807,0.02458309195935726,0.001739840372465551,3.3150897706946125e-06,0.0001846339291660115,3.7002933025360107,10.0,0.0,0.0,0.0,0.0,0.0,0.28200000000000003,32.766,0.278,0.34700000000000003,2.852,2018.3623046875,809.9762573242188,29.22305679321289,geofence_hard_land,True,
1783703787.632447,2026-07-10T10:16:27,219223,20260710_101616,accel_decel_climb_down_y,accel_decel_with_climb,outbound,1,"{""accel_mps2"": 0.5, ""peak_speed_mps"": 0.375, ""cruise_s"": 0.5, ""axis"": ""y"", ""climb_start_m"": 0.9, ""climb_end_m"": 0.3}",landing,0.0,0.0,0.0,0.8999997138977051,0.0,1.1920928955078125e-06,0.0,0.8999997138977051,True,0.024684645235538483,0.004854475613683462,0.9986573457717896,0.016633639112114906,0.009702089242637157,0.023466113954782486,0.0,0.0,70.0,24.0,0.024,0.0008470428874716163,-6.756417860742658e-05,0.02458309195935726,0.002462346339598298,0.0009002743754535913,0.0017993622459471226,0.1955680549144745,1.3024334907531738,0.041431233286857605,0.02458309195935726,0.001739840372465551,3.3150897706946125e-06,0.0001846339291660115,3.7002933025360107,10.0,0.0,0.0,0.0,0.0,0.0,0.28200000000000003,32.766,0.278,0.34700000000000003,2.852,2018.3623046875,809.9762573242188,29.22305679321289,geofence_hard_land,True,
1783703787.6426551,2026-07-10T10:16:27,219235,20260710_101616,accel_decel_climb_down_y,accel_decel_with_climb,outbound,1,"{""accel_mps2"": 0.5, ""peak_speed_mps"": 0.375, ""cruise_s"": 0.5, ""axis"": ""y"", ""climb_start_m"": 0.9, ""climb_end_m"": 0.3}",landing,0.0,0.0,0.0,0.8999997138977051,0.0,1.1920928955078125e-06,0.0,0.8999997138977051,True,0.025332458317279816,0.004046793095767498,1.0009146928787231,0.009581420570611954,0.048560913652181625,0.09337983280420303,0.0,0.0,63.0,24.0,0.024,0.0016181202372536063,-7.153952174121514e-05,0.024619264528155327,0.006068395916372538,0.0010141327511519194,0.0017601152649149299,0.1955680549144745,1.3024334907531738,0.041431233286857605,0.02458309195935726,0.001739840372465551,3.3150897706946125e-06,0.0001846339291660115,3.7002933025360107,10.0,0.0,0.0,0.0,0.0,0.0,0.28200000000000003,32.766,0.278,0.34700000000000003,2.852,2018.3623046875,809.9762573242188,29.22305679321289,geofence_hard_land,True,
1783703787.6528647,2026-07-10T10:16:27,219243,20260710_101616,accel_decel_climb_down_y,accel_decel_with_climb,outbound,1,"{""accel_mps2"": 0.5, ""peak_speed_mps"": 0.375, ""cruise_s"": 0.5, ""axis"": ""y"", ""climb_start_m"": 0.9, ""climb_end_m"": 0.3}",landing,0.0,0.0,0.0,0.8999997138977051,0.0,1.1920928955078125e-06,0.0,0.8999997138977051,True,0.024885185062885284,0.002183926058933139,1.002162218093872,-0.20905695855617523,0.17257361114025116,-0.10828510671854019,0.0,-256.0,72.0,21.0,0.021,0.0016181202372536063,-7.153952174121514e-05,0.024619264528155327,0.006068395916372538,0.0010141327511519194,0.0017601152649149299,0.19462326169013977,1.2774688005447388,0.04168873280286789,0.02458309195935726,0.001739840372465551,3.3150897706946125e-06,0.0001846339291660115,3.7002933025360107,10.0,0.0,0.0,0.0,0.0,0.0,0.28200000000000003,32.766,0.278,0.34700000000000003,2.852,2018.3623046875,809.9762573242188,29.22305679321289,geofence_hard_land,True,
1783703787.6631002,2026-07-10T10:16:27,219255,20260710_101616,accel_decel_climb_down_y,accel_decel_with_climb,outbound,1,"{""accel_mps2"": 0.5, ""peak_speed_mps"": 0.375, ""cruise_s"": 0.5, ""axis"": ""y"", ""climb_start_m"": 0.9, ""climb_end_m"": 0.3}",landing,0.0,0.0,0.0,0.8999997138977051,0.0,1.1920928955078125e-06,0.0,0.8999997138977051,True,0.024558378383517265,0.006721054203808308,1.001133918762207,0.19431522488594055,-0.002555391751229763,0.18782851099967957,0.0,0.0,62.0,21.0,0.021,0.001259386888705194,-6.70585359330289e-05,0.02307700179517269,0.004527101293206215,0.0009163266513496637,-0.0053847371600568295,0.19462326169013977,1.2774688005447388,0.04168873280286789,0.02458309195935726,0.001739840372465551,3.3150897706946125e-06,0.0001846339291660115,3.7002933025360107,10.0,0.0,0.0,0.0,0.0,0.0,0.28200000000000003,32.766,0.278,0.34700000000000003,2.852,2018.3623046875,809.9762573242188,29.22305679321289,geofence_hard_land,True,
1783703787.6734805,2026-07-10T10:16:27,219263,20260710_101616,accel_decel_climb_down_y,accel_decel_with_climb,outbound,1,"{""accel_mps2"": 0.5, ""peak_speed_mps"": 0.375, ""cruise_s"": 0.5, ""axis"": ""y"", ""climb_start_m"": 0.9, ""climb_end_m"": 0.3}",landing,0.0,0.0,0.0,0.8999997138977051,0.0,1.1920928955078125e-06,0.0,0.8999997138977051,True,0.0233270563185215,0.006250061094760895,1.0001516342163086,-0.15613627433776855,0.14035454392433167,0.03791008144617081,1.0,-2.0,71.0,21.0,0.021,0.001259386888705194,-6.70585359330289e-05,0.02307700179517269,0.004527101293206215,0.0009163266513496637,-0.0053847371600568295,0.19403070211410522,1.2886866331100464,0.04088335484266281,0.023023530840873718,-0.005418060347437859,3.413214699321543e-06,0.00018980599998030812,3.7002933025360107,10.0,0.0,0.0,0.0,0.0,0.0,0.281,32.766,0.278,0.34700000000000003,2.852,2018.3021240234375,809.981689453125,29.23420524597168,geofence_hard_land,True,
1783703787.6836832,2026-07-10T10:16:27,219275,20260710_101616,accel_decel_climb_down_y,accel_decel_with_climb,outbound,1,"{""accel_mps2"": 0.5, ""peak_speed_mps"": 0.375, ""cruise_s"": 0.5, ""axis"": ""y"", ""climb_start_m"": 0.9, ""climb_end_m"": 0.3}",landing,0.0,0.0,0.0,0.8999997138977051,0.0,1.1920928955078125e-06,0.0,0.8999997138977051,True,0.02405600994825363,0.003559425240382552,1.0002660751342773,-0.014370943419635296,-0.2863605320453644,-0.05241939797997475,0.0,-2.0,71.0,21.0,0.021,0.0022801044397056103,-0.0004554139159154147,0.02296898327767849,0.00870031863451004,-0.0002450008469168097,-0.0052344040013849735,0.19403070211410522,1.2886866331100464,0.04088335484266281,0.023023530840873718,-0.005418060347437859,3.413214699321543e-06,0.00018980599998030812,3.7002933025360107,10.0,0.0,0.0,0.0,0.0,0.0,0.281,32.766,0.278,0.34700000000000003,2.852,2018.3021240234375,809.981689453125,29.23420524597168,geofence_hard_land,True,
1783703787.6939404,2026-07-10T10:16:27,219283,20260710_101616,accel_decel_climb_down_y,accel_decel_with_climb,outbound,1,"{""accel_mps2"": 0.5, ""peak_speed_mps"": 0.375, ""cruise_s"": 0.5, ""axis"": ""y"", ""climb_start_m"": 0.9, ""climb_end_m"": 0.3}",landing,0.0,0.0,0.0,0.8999997138977051,0.0,1.1920928955078125e-06,0.0,0.8999997138977051,True,0.023141393437981606,0.00468967342749238,0.9992113709449768,-0.08504103124141693,0.32418185472488403,-0.024983257055282593,255.0,-1.0,75.0,21.0,0.021,0.0022801044397056103,-0.0004554139159154147,0.02296898327767849,0.00870031863451004,-0.0002450008469168097,-0.0052344040013849735,0.2052340805530548,1.257660150527954,0.04169827327132225,0.023023530840873718,-0.005418060347437859,3.413214699321543e-06,0.00018980599998030812,3.7002933025360107,10.0,0.0,0.0,0.0,0.0,0.0,0.281,32.766,0.278,0.34700000000000003,2.852,2018.3021240234375,809.981689453125,29.23420524597168,geofence_hard_land,True,
1783703787.7041988,2026-07-10T10:16:27,219295,20260710_101616,accel_decel_climb_down_y,accel_decel_with_climb,outbound,1,"{""accel_mps2"": 0.5, ""peak_speed_mps"": 0.375, ""cruise_s"": 0.5, ""axis"": ""y"", ""climb_start_m"": 0.9, ""climb_end_m"": 0.3}",landing,0.0,0.0,0.0,0.8999997138977051,0.0,1.1920928955078125e-06,0.0,0.8999997138977051,True,0.022254578769207,0.004097608849406242,1.0017503499984741,0.11526116728782654,0.1118919774889946,0.14353950321674347,0.0,255.0,57.0,23.0,0.023,0.0011493555502966046,-0.00010973470489261672,0.022930238395929337,0.0035590268671512604,0.0013273993972688913,-0.004872170742601156,0.2052340805530548,1.257660150527954,0.04169827327132225,0.023023530840873718,-0.005418060347437859,3.413214699321543e-06,0.00018980599998030812,3.7002933025360107,10.0,0.0,0.0,0.0,0.0,0.0,0.281,32.766,0.278,0.34700000000000003,2.852,2018.3021240234375,809.981689453125,29.23420524597168,geofence_hard_land,True,
1783703787.7144675,2026-07-10T10:16:27,219303,20260710_101616,accel_decel_climb_down_y,accel_decel_with_climb,outbound,1,"{""accel_mps2"": 0.5, ""peak_speed_mps"": 0.375, ""cruise_s"": 0.5, ""axis"": ""y"", ""climb_start_m"": 0.9, ""climb_end_m"": 0.3}",landing,0.0,0.0,0.0,0.8999997138977051,0.0,1.1920928955078125e-06,0.0,0.8999997138977051,True,0.02340896986424923,0.0035163196735084057,0.9979798793792725,-0.018683167174458504,-0.260794073343277,-0.11917226761579514,0.0,-256.0,50.0,23.0,0.023,0.0011493555502966046,-0.00010973470489261672,0.022930238395929337,0.0035590268671512604,0.0013273993972688913,-0.004872170742601156,0.1947067528963089,1.293264389038086,0.04053087905049324,0.023023530840873718,-0.005418060347437859,3.413214699321543e-06,0.00018980599998030812,3.7002933025360107,10.0,0.0,0.0,0.0,0.0,0.0,0.281,32.766,0.278,0.34700000000000003,2.852,2018.3021240234375,809.981689453125,29.23420524597168,geofence_hard_land,True,
1783703787.724693,2026-07-10T10:16:27,219318,20260710_101616,accel_decel_climb_down_y,accel_decel_with_climb,outbound,1,"{""accel_mps2"": 0.5, ""peak_speed_mps"": 0.375, ""cruise_s"": 0.5, ""axis"": ""y"", ""climb_start_m"": 0.9, ""climb_end_m"": 0.3}",landing,0.0,0.0,0.0,0.8999997138977051,0.0,1.1920928955078125e-06,0.0,0.8999997138977051,True,0.02482781931757927,0.002853311598300934,0.9995149374008179,0.1323670595884323,-0.12766429781913757,0.2367846816778183,0.0,0.0,72.0,23.0,0.023,0.0012208616826683283,-8.175678522093222e-05,0.022833365947008133,0.0036697154864668846,0.0014288527891039848,-0.004919381812214851,0.19436299800872803,1.294490933418274,0.04094739258289337,0.022833365947008133,-0.005005872342735529,3.3150688523164717e-06,0.00018463138258084655,3.7002933025360107,10.0,0.0,0.0,0.0,0.0,0.0,0.281,32.766,0.28300000000000003,0.34600000000000003,2.852,2018.3021240234375,809.981689453125,29.23420524597168,geofence_hard_land,True,
1783703787.7348747,2026-07-10T10:16:27,219323,20260710_101616,accel_decel_climb_down_y,accel_decel_with_climb,outbound,1,"{""accel_mps2"": 0.5, ""peak_speed_mps"": 0.375, ""cruise_s"": 0.5, ""axis"": ""y"", ""climb_start_m"": 0.9, ""climb_end_m"": 0.3}",landing,0.0,0.0,0.0,0.8999997138977051,0.0,1.1920928955078125e-06,0.0,0.8999997138977051,True,0.024857454001903534,0.005066901911050081,0.9991273880004883,0.14330211281776428,0.27717575430870056,0.1461113542318344,0.0,0.0,67.0,23.0,0.023,0.0012208616826683283,-8.175678522093222e-05,0.022833365947008133,0.0036697154864668846,0.0014288527891039848,-0.004919381812214851,0.19436299800872803,1.294490933418274,0.04094739258289337,0.022833365947008133,-0.005005872342735529,3.3150688523164717e-06,0.00018463138258084655,3.7002933025360107,10.0,0.0,0.0,0.0,0.0,0.0,0.281,32.766,0.28300000000000003,0.34600000000000003,2.852,2018.3021240234375,809.981689453125,29.23420524597168,geofence_hard_land,True,
1783703787.7450504,2026-07-10T10:16:27,219338,20260710_101616,accel_decel_climb_down_y,accel_decel_with_climb,outbound,1,"{""accel_mps2"": 0.5, ""peak_speed_mps"": 0.375, ""cruise_s"": 0.5, ""axis"": ""y"", ""climb_start_m"": 0.9, ""climb_end_m"": 0.3}",landing,0.0,0.0,0.0,0.8999997138977051,0.0,1.1920928955078125e-06,0.0,0.8999997138977051,True,0.022640502080321312,0.005581622943282127,1.000334620475769,0.13197074830532074,-0.057641271501779556,0.026604361832141876,1.0,0.0,68.0,23.0,0.023,0.0023346340749412775,-0.0004528950958047062,0.02273423969745636,0.0085741076618433,-0.00017094430222641677,-0.004935817327350378,0.20873597264289856,1.2547675371170044,0.04296812415122986,0.022833365947008133,-0.005005872342735529,3.3150688523164717e-06,0.00018463138258084655,3.7002933025360107,10.0,0.0,0.0,0.0,0.0,0.0,0.281,32.766,0.28300000000000003,0.34600000000000003,2.852,2018.3021240234375,809.981689453125,29.23420524597168,geofence_hard_land,True,
1783703787.755224,2026-07-10T10:16:27,219343,20260710_101616,accel_decel_climb_down_y,accel_decel_with_climb,outbound,1,"{""accel_mps2"": 0.5, ""peak_speed_mps"": 0.375, ""cruise_s"": 0.5, ""axis"": ""y"", ""climb_start_m"": 0.9, ""climb_end_m"": 0.3}",landing,0.0,0.0,0.0,0.8999997138977051,0.0,1.1920928955078125e-06,0.0,0.8999997138977051,True,0.023683927953243256,0.003120290581136942,1.0008518695831299,-0.06950492411851883,0.18023107945919037,0.10115647315979004,-1.0,-253.0,70.0,22.0,0.022,0.0023346340749412775,-0.0004528950958047062,0.02273423969745636,0.0085741076618433,-0.00017094430222641677,-0.004935817327350378,0.20873597264289856,1.2547675371170044,0.04296812415122986,0.022833365947008133,-0.005005872342735529,3.3150688523164717e-06,0.00018463138258084655,3.7002933025360107,10.0,0.0,0.0,0.0,0.0,0.0,0.281,32.766,0.28300000000000003,0.34600000000000003,2.852,2018.3021240234375,809.981689453125,29.23420524597168,geofence_hard_land,True,
1783703787.7654717,2026-07-10T10:16:27,219359,20260710_101616,accel_decel_climb_down_y,accel_decel_with_climb,outbound,1,"{""accel_mps2"": 0.5, ""peak_speed_mps"": 0.375, ""cruise_s"": 0.5, ""axis"": ""y"", ""climb_start_m"": 0.9, ""climb_end_m"": 0.3}",landing,0.0,0.0,0.0,0.8999997138977051,0.0,1.1920928955078125e-06,0.0,0.8999997138977051,True,0.02446821518242359,0.0035748446825891733,1.002205491065979,-0.12516027688980103,-0.1517501175403595,0.13014450669288635,-255.0,3.0,55.0,22.0,0.022,0.0022219624370336533,-0.0004526723932940513,0.02232246845960617,0.007773019373416901,-9.062320168595761e-05,-0.006244577933102846,0.20983895659446716,1.2580808401107788,0.043222133070230484,0.02226109430193901,-0.006203375291079283,3.4132071959902532e-06,0.00018979853484779596,3.7002933025360107,10.0,0.0,0.0,0.0,0.0,0.0,0.281,32.766,0.28300000000000003,0.34600000000000003,2.852,2018.3021240234375,809.981689453125,29.23420524597168,geofence_hard_land,True,
1783703787.775639,2026-07-10T10:16:27,219363,20260710_101616,accel_decel_climb_down_y,accel_decel_with_climb,outbound,1,"{""accel_mps2"": 0.5, ""peak_speed_mps"": 0.375, ""cruise_s"": 0.5, ""axis"": ""y"", ""climb_start_m"": 0.9, ""climb_end_m"": 0.3}",landing,0.0,0.0,0.0,0.8999997138977051,0.0,1.1920928955078125e-06,0.0,0.8999997138977051,True,0.0249844491481781,0.003094669198617339,0.9997124075889587,0.19820186495780945,-0.09193630516529083,-0.05754123255610466,-1.0,2.0,74.0,22.0,0.022,0.0022219624370336533,-0.0004526723932940513,0.02232246845960617,0.007773019373416901,-9.062320168595761e-05,-0.006244577933102846,0.20983895659446716,1.2580808401107788,0.043222133070230484,0.02226109430193901,-0.006203375291079283,3.4132071959902532e-06,0.00018979853484779596,3.7002933025360107,10.0,0.0,0.0,0.0,0.0,0.0,32.766,32.766,0.28300000000000003,0.34600000000000003,2.852,2018.488037109375,809.9652099609375,29.238452911376953,geofence_hard_land,True,
1783703787.7858095,2026-07-10T10:16:27,219378,20260710_101616,accel_decel_climb_down_y,accel_decel_with_climb,outbound,1,"{""accel_mps2"": 0.5, ""peak_speed_mps"": 0.375, ""cruise_s"": 0.5, ""axis"": ""y"", ""climb_start_m"": 0.9, ""climb_end_m"": 0.3}",landing,0.0,0.0,0.0,0.8999997138977051,0.0,1.1920928955078125e-06,0.0,0.8999997138977051,True,0.023534409701824188,0.004003066103905439,1.0010290145874023,-0.20265677571296692,-0.13083942234516144,0.10290892422199249,-255.0,2.0,74.0,22.0,0.022,0.0021272713784128428,-0.00045079822302795947,0.02220507152378559,0.007267775014042854,-0.0001893512817332521,-0.005990422330796719,0.21155984699726105,1.2624675035476685,0.04353693127632141,0.02226109430193901,-0.006203375291079283,3.4132071959902532e-06,0.00018979853484779596,3.7002933025360107,10.0,0.0,0.0,0.0,0.0,0.0,32.766,32.766,0.28300000000000003,0.34600000000000003,2.852,2018.488037109375,809.9652099609375,29.238452911376953,geofence_hard_land,True,
1783703787.7959826,2026-07-10T10:16:27,219383,20260710_101616,accel_decel_climb_down_y,accel_decel_with_climb,outbound,1,"{""accel_mps2"": 0.5, ""peak_speed_mps"": 0.375, ""cruise_s"": 0.5, ""axis"": ""y"", ""climb_start_m"": 0.9, ""climb_end_m"": 0.3}",landing,0.0,0.0,0.0,0.8999997138977051,0.0,1.1920928955078125e-06,0.0,0.8999997138977051,True,0.02353617735207081,0.005730900913476944,1.0029879808425903,0.12086361646652222,0.16963467001914978,0.033669084310531616,255.0,-2.0,70.0,22.0,0.022,0.0021272713784128428,-0.00045079822302795947,0.02220507152378559,0.007267775014042854,-0.0001893512817332521,-0.005990422330796719,0.21155984699726105,1.2624675035476685,0.04353693127632141,0.02226109430193901,-0.006203375291079283,3.4132071959902532e-06,0.00018979853484779596,3.7002933025360107,10.0,0.0,0.0,0.0,0.0,0.0,32.766,32.766,0.28300000000000003,0.34600000000000003,2.852,2018.488037109375,809.9652099609375,29.238452911376953,geofence_hard_land,True,
1783703787.8061485,2026-07-10T10:16:27,219398,20260710_101616,accel_decel_climb_down_y,accel_decel_with_climb,outbound,1,"{""accel_mps2"": 0.5, ""peak_speed_mps"": 0.375, ""cruise_s"": 0.5, ""axis"": ""y"", ""climb_start_m"": 0.9, ""climb_end_m"": 0.3}",landing,0.0,0.0,0.0,0.8999997138977051,0.0,1.1920928955078125e-06,0.0,0.8999997138977051,True,0.02436693385243416,0.002622908679768443,1.0018620491027832,0.34052062034606934,0.014218099415302277,0.1689809113740921,0.0,0.0,54.0,20.0,0.02,0.0008601617300882936,-0.00012279459042474627,0.021198322996497154,0.0015613946598023176,0.0014638443244621158,-0.010217077098786831,0.20126467943191528,1.3033376932144165,0.04467690736055374,0.02226109430193901,-0.006203375291079283,3.4132071959902532e-06,0.00018979853484779596,3.7002933025360107,10.0,0.0,0.0,0.0,0.0,0.0,32.766,32.766,0.28300000000000003,0.34600000000000003,2.852,2018.488037109375,809.9652099609375,29.238452911376953,geofence_hard_land,True,
1783703787.8163779,2026-07-10T10:16:27,219410,20260710_101616,accel_decel_climb_down_y,accel_decel_with_climb,outbound,1,"{""accel_mps2"": 0.5, ""peak_speed_mps"": 0.375, ""cruise_s"": 0.5, ""axis"": ""y"", ""climb_start_m"": 0.9, ""climb_end_m"": 0.3}",landing,0.0,0.0,0.0,0.8999997138977051,0.0,1.1920928955078125e-06,0.0,0.8999997138977051,True,0.023320088163018227,0.0050248014740645885,0.9988638758659363,-0.3710572421550751,-0.3883037269115448,-0.00607811426743865,0.0,0.0,52.0,20.0,0.02,0.0008601617300882936,-0.00012279459042474627,0.021198322996497154,0.0015613946598023176,0.0014638443244621158,-0.010217077098786831,0.20126467943191528,1.3033376932144165,0.04467690736055374,0.02099614031612873,-0.010179177857935429,3.3150533909065416e-06,0.00018463062588125467,3.695014715194702,10.0,0.0,0.0,0.0,0.0,0.0,32.766,32.766,0.28300000000000003,0.34600000000000003,2.852,2018.488037109375,809.9652099609375,29.238452911376953,geofence_hard_land,True,
1783703787.826561,2026-07-10T10:16:27,219418,20260710_101616,accel_decel_climb_down_y,accel_decel_with_climb,outbound,1,"{""accel_mps2"": 0.5, ""peak_speed_mps"": 0.375, ""cruise_s"": 0.5, ""axis"": ""y"", ""climb_start_m"": 0.9, ""climb_end_m"": 0.3}",landing,0.0,0.0,0.0,0.8999997138977051,0.0,1.1920928955078125e-06,0.0,0.8999997138977051,True,0.021075520664453506,0.0043168822303414345,0.9982092380523682,0.3071494996547699,-0.09981925785541534,-0.1892714500427246,0.0,0.0,70.0,20.0,0.02,0.0008932497585192323,-9.336830407846719e-05,0.02099614031612873,0.0016855440335348248,0.0015582903288304806,-0.010137967765331268,0.2007116675376892,1.3054131269454956,0.04612301290035248,0.02099614031612873,-0.010179177857935429,3.3150533909065416e-06,0.00018463062588125467,3.695014715194702,10.0,0.0,0.0,0.0,0.0,0.0,32.766,32.766,0.28400000000000003,0.34400000000000003,2.849,2018.488037109375,809.9652099609375,29.238452911376953,geofence_hard_land,True,
1783703787.8367417,2026-07-10T10:16:27,219423,20260710_101616,accel_decel_climb_down_y,accel_decel_with_climb,outbound,1,"{""accel_mps2"": 0.5, ""peak_speed_mps"": 0.375, ""cruise_s"": 0.5, ""axis"": ""y"", ""climb_start_m"": 0.9, ""climb_end_m"": 0.3}",landing,0.0,0.0,0.0,0.8999997138977051,0.0,1.1920928955078125e-06,0.0,0.8999997138977051,True,0.021297138184309006,0.004110779147595167,1.0019491910934448,-0.15863476693630219,0.03920042887330055,0.041796211153268814,1.0,252.0,65.0,20.0,0.02,0.0008932497585192323,-9.336830407846719e-05,0.02099614031612873,0.0016855440335348248,0.0015582903288304806,-0.010137967765331268,0.2007116675376892,1.3054131269454956,0.04612301290035248,0.02099614031612873,-0.010179177857935429,3.3150533909065416e-06,0.00018463062588125467,3.695014715194702,10.0,0.0,0.0,0.0,0.0,0.0,32.766,32.766,0.28400000000000003,0.34400000000000003,2.849,2018.488037109375,809.9652099609375,29.238452911376953,geofence_hard_land,True,
1783703787.8469183,2026-07-10T10:16:27,219438,20260710_101616,accel_decel_climb_down_y,accel_decel_with_climb,outbound,1,"{""accel_mps2"": 0.5, ""peak_speed_mps"": 0.375, ""cruise_s"": 0.5, ""axis"": ""y"", ""climb_start_m"": 0.9, ""climb_end_m"": 0.3}",landing,0.0,0.0,0.0,0.8999997138977051,0.0,1.1920928955078125e-06,0.0,0.8999997138977051,True,0.022738201543688774,0.003671561134979129,1.002288579940796,0.30363479256629944,-0.09274831414222717,-0.12934891879558563,0.0,-4.0,67.0,20.0,0.02,0.002348904497921467,-0.00044817195157520473,0.02079729363322258,0.007523342035710812,1.3134936125425156e-05,-0.009963227435946465,0.21460215747356415,1.2595621347427368,0.04587667062878609,0.02099614031612873,-0.010179177857935429,3.3150533909065416e-06,0.00018463062588125467,3.695014715194702,10.0,0.0,0.0,0.0,0.0,0.0,32.766,32.766,0.28400000000000003,0.34400000000000003,2.849,2018.488037109375,809.9652099609375,29.238452911376953,geofence_hard_land,True,
1783703787.857093,2026-07-10T10:16:27,219443,20260710_101616,accel_decel_climb_down_y,accel_decel_with_climb,outbound,1,"{""accel_mps2"": 0.5, ""peak_speed_mps"": 0.375, ""cruise_s"": 0.5, ""axis"": ""y"", ""climb_start_m"": 0.9, ""climb_end_m"": 0.3}",landing,0.0,0.0,0.0,0.8999997138977051,0.0,1.1920928955078125e-06,0.0,0.8999997138977051,True,0.025091776624321938,0.003327597863972187,1.0020488500595093,-0.0025568343698978424,0.16580162942409515,-0.1087864562869072,-1.0,4.0,65.0,27.0,0.027,0.002348904497921467,-0.00044817195157520473,0.02079729363322258,0.007523342035710812,1.3134936125425156e-05,-0.009963227435946465,0.21460215747356415,1.2595621347427368,0.04587667062878609,0.02099614031612873,-0.010179177857935429,3.3150533909065416e-06,0.00018463062588125467,3.695014715194702,10.0,0.0,0.0,0.0,0.0,0.0,32.766,32.766,0.28400000000000003,0.34400000000000003,2.849,2018.488037109375,809.9652099609375,29.238452911376953,geofence_hard_land,True,
1783703787.8672693,2026-07-10T10:16:27,219459,20260710_101616,accel_decel_climb_down_y,accel_decel_with_climb,outbound,1,"{""accel_mps2"": 0.5, ""peak_speed_mps"": 0.375, ""cruise_s"": 0.5, ""axis"": ""y"", ""climb_start_m"": 0.9, ""climb_end_m"": 0.3}",landing,0.0,0.0,0.0,0.8999997138977051,0.0,1.1920928955078125e-06,0.0,0.8999997138977051,True,0.023704852908849716,0.0030211866833269596,1.0006837844848633,-0.011874095536768436,-0.32981231808662415,0.20351697504520416,-256.0,4.0,59.0,27.0,0.027,0.0011777020990848541,-0.00010724712774390355,0.023321975022554398,0.0022363055031746626,0.0014348099939525127,0.0034420224837958813,0.20351944863796234,1.2953826189041138,0.04515034705400467,0.023356890305876732,0.0034822539892047644,3.4132233395212097e-06,0.0001898022455861792,3.695014715194702,10.0,0.0,0.0,0.0,0.0,0.0,32.766,32.766,0.28400000000000003,0.34400000000000003,2.849,2018.488037109375,809.9652099609375,29.238452911376953,geofence_hard_land,True,
1783703787.8775203,2026-07-10T10:16:27,219471,20260710_101616,accel_decel_climb_down_y,accel_decel_with_climb,outbound,1,"{""accel_mps2"": 0.5, ""peak_speed_mps"": 0.375, ""cruise_s"": 0.5, ""axis"": ""y"", ""climb_start_m"": 0.9, ""climb_end_m"": 0.3}",landing,0.0,0.0,0.0,0.8999997138977051,0.0,1.1920928955078125e-06,0.0,0.8999997138977051,True,0.025380520150065422,0.005350209306925535,1.000832438468933,0.1637101173400879,-0.1199425458908081,-0.2971719205379486,0.0,0.0,69.0,27.0,0.027,0.0011777020990848541,-0.00010724712774390355,0.023321975022554398,0.0022363055031746626,0.0014348099939525127,0.0034420224837958813,0.20351944863796234,1.2953826189041138,0.04515034705400467,0.023356890305876732,0.0034822539892047644,3.4132233395212097e-06,0.0001898022455861792,3.7002933025360107,10.0,0.0,0.0,0.0,0.0,0.0,32.766,32.766,0.28400000000000003,0.34400000000000003,2.849,2018.23095703125,809.9881591796875,29.252803802490234,geofence_hard_land,True,
1783703787.8877106,2026-07-10T10:16:27,219481,20260710_101616,accel_decel_climb_down_y,accel_decel_with_climb,outbound,1,"{""accel_mps2"": 0.5, ""peak_speed_mps"": 0.375, ""cruise_s"": 0.5, ""axis"": ""y"", ""climb_start_m"": 0.9, ""climb_end_m"": 0.3}",landing,0.0,0.0,0.0,0.8999997138977051,0.0,1.1920928955078125e-06,0.0,0.8999997138977051,True,0.024176014587283134,0.0027698089834302664,1.0012741088867188,-0.039455611258745193,0.06373699009418488,0.14995722472667694,0.0,0.0,69.0,27.0,0.027,0.0012254456523805857,-7.774467667331919e-05,0.023392558097839355,0.002599904779344797,0.001629514154046774,0.0035924038384109735,0.20503169298171997,1.2929071187973022,0.044967856258153915,0.023356890305876732,0.0034822539892047644,3.4132233395212097e-06,0.0001898022455861792,3.7002933025360107,10.0,0.0,0.0,0.0,0.0,0.0,32.766,32.766,0.28400000000000003,0.34400000000000003,2.849,2018.23095703125,809.9881591796875,29.252803802490234,geofence_hard_land,True,
1783703787.8979318,2026-07-10T10:16:27,219491,20260710_101616,accel_decel_climb_down_y,accel_decel_with_climb,outbound,1,"{""accel_mps2"": 0.5, ""peak_speed_mps"": 0.375, ""cruise_s"": 0.5, ""axis"": ""y"", ""climb_start_m"": 0.9, ""climb_end_m"": 0.3}",landing,0.0,0.0,0.0,0.8999997138977051,0.0,1.1920928955078125e-06,0.0,0.8999997138977051,True,0.02385842800140381,0.0027986185159534216,1.0015462636947632,-0.14907188713550568,-0.3485817611217499,-0.1928432136774063,0.0,0.0,69.0,27.0,0.027,0.0012254456523805857,-7.774467667331919e-05,0.023392558097839355,0.002599904779344797,0.001629514154046774,0.0035924038384109735,0.20503169298171997,1.2929071187973022,0.044967856258153915,0.023356890305876732,0.0034822539892047644,3.4132233395212097e-06,0.0001898022455861792,3.7002933025360107,10.0,0.0,0.0,0.0,0.0,0.0,32.766,32.766,0.28400000000000003,0.34400000000000003,2.849,2018.23095703125,809.9881591796875,29.252803802490234,geofence_hard_land,True,
1783703787.9081192,2026-07-10T10:16:27,219501,20260710_101616,accel_decel_climb_down_y,accel_decel_with_climb,outbound,1,"{""accel_mps2"": 0.5, ""peak_speed_mps"": 0.375, ""cruise_s"": 0.5, ""axis"": ""y"", ""climb_start_m"": 0.9, ""climb_end_m"": 0.3}",landing,0.0,0.0,0.0,0.8999997138977051,0.0,1.1920928955078125e-06,0.0,0.8999997138977051,True,0.026260031387209892,0.004929062910377979,0.9983109831809998,-0.03659586235880852,-0.28064170479774475,0.3404652774333954,0.0,0.0,56.0,22.0,0.022,0.0004907432594336569,-7.860436016926542e-05,0.022837955504655838,-0.0003951088583562523,0.0015351655893027782,0.0005533192888833582,0.20710594952106476,1.317307472229004,0.04422379285097122,0.023356890305876732,0.0034822539892047644,3.4132233395212097e-06,0.0001898022455861792,3.7002933025360107,10.0,0.0,0.0,0.0,0.0,0.0,32.766,32.766,0.28400000000000003,0.34400000000000003,2.849,2018.23095703125,809.9881591796875,29.252803802490234,geofence_hard_land,True,
1783703787.9182973,2026-07-10T10:16:27,219511,20260710_101616,accel_decel_climb_down_y,accel_decel_with_climb,outbound,1,"{""accel_mps2"": 0.5, ""peak_speed_mps"": 0.375, ""cruise_s"": 0.5, ""axis"": ""y"", ""climb_start_m"": 0.9, ""climb_end_m"": 0.3}",landing,0.0,0.0,0.0,0.8999997138977051,0.0,1.1920928955078125e-06,0.0,0.8999997138977051,True,0.026260031387209892,0.004929062910377979,0.9983109831809998,-0.03659586235880852,-0.28064170479774475,0.3404652774333954,0.0,255.0,54.0,22.0,0.022,0.0004907432594336569,-7.860436016926542e-05,0.022837955504655838,-0.0003951088583562523,0.0015351655893027782,0.0005533192888833582,0.20710594952106476,1.317307472229004,0.04422379285097122,0.02285126969218254,0.00049223453970626,3.3150759009004105e-06,0.0001846409577410668,3.7002933025360107,10.0,0.0,0.0,0.0,0.0,0.0,32.766,32.766,0.279,32.766,2.857,2018.23095703125,809.9881591796875,29.252803802490234,geofence_hard_land,True,
1783703787.928597,2026-07-10T10:16:27,219521,20260710_101616,accel_decel_climb_down_y,accel_decel_with_climb,outbound,1,"{""accel_mps2"": 0.5, ""peak_speed_mps"": 0.375, ""cruise_s"": 0.5, ""axis"": ""y"", ""climb_start_m"": 0.9, ""climb_end_m"": 0.3}",landing,0.0,0.0,0.0,0.8999997138977051,0.0,1.1920928955078125e-06,0.0,0.8999997138977051,True,0.027053378522396088,0.007629236672073603,0.9999585151672363,0.033494092524051666,0.2915659248828888,-0.25900188088417053,0.0,-1.0,69.0,22.0,0.022,0.0011695341672748327,-9.350201435154304e-05,0.022851573303341866,0.0030050661880522966,0.0013805401977151632,0.0005387778510339558,0.2098669409751892,1.2948740720748901,0.044563595205545425,0.02285126969218254,0.00049223453970626,3.3150759009004105e-06,0.0001846409577410668,3.7002933025360107,10.0,0.0,0.0,0.0,0.0,0.0,32.766,32.766,0.279,32.766,2.857,2018.23095703125,809.9881591796875,29.252803802490234,geofence_hard_land,True,
1783703787.9387896,2026-07-10T10:16:27,219531,20260710_101616,accel_decel_climb_down_y,accel_decel_with_climb,outbound,1,"{""accel_mps2"": 0.5, ""peak_speed_mps"": 0.375, ""cruise_s"": 0.5, ""axis"": ""y"", ""climb_start_m"": 0.9, ""climb_end_m"": 0.3}",landing,0.0,0.0,0.0,0.8999997138977051,0.0,1.1920928955078125e-06,0.0,0.8999997138977051,True,0.026857811957597733,0.005337781272828579,0.9997723698616028,-0.14510607719421387,-0.034068867564201355,0.06274809688329697,0.0,-1.0,63.0,22.0,0.022,0.0011695341672748327,-9.350201435154304e-05,0.022851573303341866,0.0030050661880522966,0.0013805401977151632,0.0005387778510339558,0.2098669409751892,1.2948740720748901,0.044563595205545425,0.02285126969218254,0.00049223453970626,3.3150759009004105e-06,0.0001846409577410668,3.7002933025360107,10.0,0.0,0.0,0.0,0.0,0.0,32.766,32.766,0.279,32.766,2.857,2018.23095703125,809.9881591796875,29.252803802490234,geofence_hard_land,True,
1783703787.9489646,2026-07-10T10:16:27,219541,20260710_101616,accel_decel_climb_down_y,accel_decel_with_climb,outbound,1,"{""accel_mps2"": 0.5, ""peak_speed_mps"": 0.375, ""cruise_s"": 0.5, ""axis"": ""y"", ""climb_start_m"": 0.9, ""climb_end_m"": 0.3}",landing,0.0,0.0,0.0,0.8999997138977051,0.0,1.1920928955078125e-06,0.0,0.8999997138977051,True,0.025582319125533104,0.0027819296810775995,1.0006507635116577,0.12152004987001419,0.1098373755812645,0.1015249565243721,1.0,-1.0,77.0,22.0,0.022,0.002115370240062475,-0.0004423308710101992,0.02285858988761902,0.007774906232953072,0.00021915000979788601,0.00043479661690071225,0.22054465115070343,1.2635544538497925,0.04428252577781677,0.02285126969218254,0.00049223453970626,3.3150759009004105e-06,0.0001846409577410668,3.7002933025360107,10.0,0.0,0.0,0.0,0.0,0.0,32.766,32.766,0.279,32.766,2.857,2018.23095703125,809.9881591796875,29.252803802490234,geofence_hard_land,True,
1783703787.959134,2026-07-10T10:16:27,219551,20260710_101616,accel_decel_climb_down_y,accel_decel_with_climb,outbound,1,"{""accel_mps2"": 0.5, ""peak_speed_mps"": 0.375, ""cruise_s"": 0.5, ""axis"": ""y"", ""climb_start_m"": 0.9, ""climb_end_m"": 0.3}",landing,0.0,0.0,0.0,0.8999997138977051,0.0,1.1920928955078125e-06,0.0,0.8999997138977051,True,0.024538105353713036,0.003370854537934065,1.0007823705673218,0.2084113359451294,0.023178737610578537,-0.05458645895123482,-1.0,-252.0,66.0,25.0,0.025,0.002115370240062475,-0.0004423308710101992,0.02285858988761902,0.007774906232953072,0.00021915000979788601,0.00043479661690071225,0.22054465115070343,1.2635544538497925,0.04428252577781677,0.02285126969218254,0.00049223453970626,3.3150759009004105e-06,0.0001846409577410668,3.7002933025360107,10.0,0.0,0.0,0.0,0.0,0.0,32.766,32.766,0.279,32.766,2.857,2018.23095703125,809.9881591796875,29.252803802490234,geofence_hard_land,True,
1783703787.9693666,2026-07-10T10:16:27,219561,20260710_101616,accel_decel_climb_down_y,accel_decel_with_climb,outbound,1,"{""accel_mps2"": 0.5, ""peak_speed_mps"": 0.375, ""cruise_s"": 0.5, ""axis"": ""y"", ""climb_start_m"": 0.9, ""climb_end_m"": 0.3}",landing,0.0,0.0,0.0,0.8999997138977051,0.0,1.1920928955078125e-06,0.0,0.8999997138977051,True,0.024538105353713036,0.003370854537934065,1.0007823705673218,0.2084113359451294,0.023178737610578537,-0.05458645895123482,-256.0,4.0,57.0,25.0,0.025,0.0007917226175777614,-0.0001172267075162381,0.023812798783183098,0.002071037655696273,0.001628721714951098,0.005049921106547117,0.20985516905784607,1.3084605932235718,0.046151161193847656,0.023863747715950012,0.005082019604742527,3.413214699321543e-06,0.00018980247841682285,3.7002933025360107,10.0,0.0,0.0,0.0,0.0,0.0,0.28600000000000003,32.766,0.279,32.766,2.857,2018.23095703125,809.9881591796875,29.252803802490234,geofence_hard_land,True,
1783703787.9796267,2026-07-10T10:16:27,219573,20260710_101616,accel_decel_climb_down_y,accel_decel_with_climb,outbound,1,"{""accel_mps2"": 0.5, ""peak_speed_mps"": 0.375, ""cruise_s"": 0.5, ""axis"": ""y"", ""climb_start_m"": 0.9, ""climb_end_m"": 0.3}",landing,0.0,0.0,0.0,0.8999997138977051,0.0,1.1920928955078125e-06,0.0,0.8999997138977051,True,0.024067386984825134,0.002490310464054346,0.9991405010223389,-0.06381645053625107,0.18605008721351624,0.01704440452158451,0.0,-1.0,67.0,25.0,0.025,0.0007917226175777614,-0.0001172267075162381,0.023812798783183098,0.002071037655696273,0.001628721714951098,0.005049921106547117,0.20985516905784607,1.3084605932235718,0.046151161193847656,0.023863747715950012,0.005082019604742527,3.413214699321543e-06,0.00018980247841682285,3.7002933025360107,10.0,0.0,0.0,0.0,0.0,0.0,0.28600000000000003,32.766,0.279,32.766,2.857,2018.241943359375,809.9869384765625,29.258974075317383,geofence_hard_land,True,
1783703787.9897993,2026-07-10T10:16:27,219583,20260710_101616,accel_decel_climb_down_y,accel_decel_with_climb,outbound,1,"{""accel_mps2"": 0.5, ""peak_speed_mps"": 0.375, ""cruise_s"": 0.5, ""axis"": ""y"", ""climb_start_m"": 0.9, ""climb_end_m"": 0.3}",landing,0.0,0.0,0.0,0.8999997138977051,0.0,1.1920928955078125e-06,0.0,0.8999997138977051,True,0.02322547882795334,0.0031689435709267855,0.9992814064025879,-0.02294335700571537,-0.11333810538053513,-0.026051225140690804,255.0,0.0,63.0,25.0,0.025,0.00113856780808419,-0.00010850701801246032,0.023915357887744904,0.003502414794638753,0.001657827408052981,0.005144757684320211,0.2096446007490158,1.2944531440734863,0.04846782609820366,0.023863747715950012,0.005082019604742527,3.413214699321543e-06,0.00018980247841682285,3.7002933025360107,10.0,0.0,0.0,0.0,0.0,0.0,0.28600000000000003,32.766,0.279,32.766,2.857,2018.241943359375,809.9869384765625,29.258974075317383,geofence_hard_land,True,
1783703787.9999688,2026-07-10T10:16:27,219593,20260710_101616,accel_decel_climb_down_y,accel_decel_with_climb,outbound,1,"{""accel_mps2"": 0.5, ""peak_speed_mps"": 0.375, ""cruise_s"": 0.5, ""axis"": ""y"", ""climb_start_m"": 0.9, ""climb_end_m"": 0.3}",landing,0.0,0.0,0.0,0.8999997138977051,0.0,1.1920928955078125e-06,0.0,0.8999997138977051,True,0.023017223924398422,0.004534089006483555,0.999634861946106,-0.24205154180526733,0.09387768059968948,0.32878562808036804,0.0,0.0,61.0,20.0,0.02,0.00113856780808419,-0.00010850701801246032,0.023915357887744904,0.003502414794638753,0.001657827408052981,0.005144757684320211,0.2096446007490158,1.2944531440734863,0.04846782609820366,0.023863747715950012,0.005082019604742527,3.413214699321543e-06,0.00018980247841682285,3.7002933025360107,10.0,0.0,0.0,0.0,0.0,0.0,0.28600000000000003,32.766,0.279,32.766,2.857,2018.241943359375,809.9869384765625,29.258974075317383,geofence_hard_land,True,
1783703788.0101392,2026-07-10T10:16:28,219603,20260710_101616,accel_decel_climb_down_y,accel_decel_with_climb,outbound,1,"{""accel_mps2"": 0.5, ""peak_speed_mps"": 0.375, ""cruise_s"": 0.5, ""axis"": ""y"", ""climb_start_m"": 0.9, ""climb_end_m"": 0.3}",landing,0.0,0.0,0.0,0.8999997138977051,0.0,1.1920928955078125e-06,0.0,0.8999997138977051,True,0.023412829264998436,0.004377969540655613,1.001397728919983,0.1884775608778,0.0009146544034592807,-0.04021557793021202,0.0,0.0,57.0,20.0,0.02,0.0011796941980719566,0.00024775811471045017,0.022294890135526657,0.0036349103320389986,0.002973507158458233,-0.003948792349547148,0.19776830077171326,1.2919267416000366,0.04732682183384895,0.023863747715950012,0.005082019604742527,3.413214699321543e-06,0.00018980247841682285,3.7002933025360107,10.0,0.0,0.0,0.0,0.0,0.0,0.28600000000000003,32.766,0.279,32.766,2.857,2018.241943359375,809.9869384765625,29.258974075317383,geofence_hard_land,True,
1783703788.0203803,2026-07-10T10:16:28,219613,20260710_101616,accel_decel_climb_down_y,accel_decel_with_climb,outbound,1,"{""accel_mps2"": 0.5, ""peak_speed_mps"": 0.375, ""cruise_s"": 0.5, ""axis"": ""y"", ""climb_start_m"": 0.9, ""climb_end_m"": 0.3}",landing,0.0,0.0,0.0,0.8999997138977051,0.0,1.1920928955078125e-06,0.0,0.8999997138977051,True,0.02478877641260624,0.003172574331983924,0.9999826550483704,0.029590725898742676,-0.376030296087265,0.0735919252038002,0.0,0.0,67.0,20.0,0.02,0.0011796941980719566,0.00024775811471045017,0.022294890135526657,0.0036349103320389986,0.002973507158458233,-0.003948792349547148,0.19776830077171326,1.2919267416000366,0.04732682183384895,0.022216854616999626,-0.0038800956681370735,3.3150697618111735e-06,0.00018463912419974804,3.7002933025360107,10.0,0.0,0.0,0.0,0.0,0.0,0.28600000000000003,32.766,0.28500000000000003,0.34800000000000003,2.844,2018.241943359375,809.9869384765625,29.258974075317383,geofence_hard_land,True,
1783703788.0305734,2026-07-10T10:16:28,219623,20260710_101616,accel_decel_climb_down_y,accel_decel_with_climb,outbound,1,"{""accel_mps2"": 0.5, ""peak_speed_mps"": 0.375, ""cruise_s"": 0.5, ""axis"": ""y"", ""climb_start_m"": 0.9, ""climb_end_m"": 0.3}",landing,0.0,0.0,0.0,0.8999997138977051,0.0,1.1920928955078125e-06,0.0,0.8999997138977051,True,0.024362575262784958,0.005534928757697344,1.0002772808074951,0.12904396653175354,0.05675878748297691,-0.0545184500515461,3.0,253.0,62.0,20.0,0.02,0.0012537019792944193,0.0003088745870627463,0.022216854616999626,0.0037807615008205175,0.0031300934497267008,-0.0037850881926715374,0.19908665120601654,1.2891207933425903,0.047135237604379654,0.022216854616999626,-0.0038800956681370735,3.3150697618111735e-06,0.00018463912419974804,3.7002933025360107,10.0,0.0,0.0,0.0,0.0,0.0,0.28600000000000003,32.766,0.28500000000000003,0.34800000000000003,2.844,2018.241943359375,809.9869384765625,29.258974075317383,geofence_hard_land,True,
1783703788.0407572,2026-07-10T10:16:28,219633,20260710_101616,accel_decel_climb_down_y,accel_decel_with_climb,outbound,1,"{""accel_mps2"": 0.5, ""peak_speed_mps"": 0.375, ""cruise_s"": 0.5, ""axis"": ""y"", ""climb_start_m"": 0.9, ""climb_end_m"": 0.3}",landing,0.0,0.0,0.0,0.8999997138977051,0.0,1.1920928955078125e-06,0.0,0.8999997138977051,True,0.024023165926337242,0.004386405926197767,0.9994852542877197,-0.042180683463811874,-0.18490108847618103,0.19374410808086395,254.0,-3.0,69.0,20.0,0.02,0.0012537019792944193,0.0003088745870627463,0.022216854616999626,0.0037807615008205175,0.0031300934497267008,-0.0037850881926715374,0.19908665120601654,1.2891207933425903,0.047135237604379654,0.022216854616999626,-0.0038800956681370735,3.3150697618111735e-06,0.00018463912419974804,3.7002933025360107,10.0,0.0,0.0,0.0,0.0,0.0,0.28600000000000003,32.766,0.28500000000000003,0.34800000000000003,2.844,2018.241943359375,809.9869384765625,29.258974075317383,geofence_hard_land,True,
1783703788.0509672,2026-07-10T10:16:28,219643,20260710_101616,accel_decel_climb_down_y,accel_decel_with_climb,outbound,1,"{""accel_mps2"": 0.5, ""peak_speed_mps"": 0.375, ""cruise_s"": 0.5, ""axis"": ""y"", ""climb_start_m"": 0.9, ""climb_end_m"": 0.3}",landing,0.0,0.0,0.0,0.8999997138977051,0.0,1.1920928955078125e-06,0.0,0.8999997138977051,True,0.023893054574728012,0.004048813134431839,0.9988401532173157,0.0158576387912035,0.16358497738838196,0.13742373883724213,0.0,1.0,66.0,23.0,0.023,0.001540805329568684,-9.295948984799907e-05,0.02215339057147503,0.00492313364520669,0.001386157819069922,-0.0036392095498740673,0.2139693647623062,1.2837270498275757,0.04742708057165146,0.022216854616999626,-0.0038800956681370735,3.3150697618111735e-06,0.00018463912419974804,3.7002933025360107,10.0,0.0,0.0,0.0,0.0,0.0,0.28600000000000003,32.766,0.28500000000000003,0.34800000000000003,2.844,2018.241943359375,809.9869384765625,29.258974075317383,geofence_hard_land,True,
1783703788.0611622,2026-07-10T10:16:28,219653,20260710_101616,accel_decel_climb_down_y,accel_decel_with_climb,outbound,1,"{""accel_mps2"": 0.5, ""peak_speed_mps"": 0.375, ""cruise_s"": 0.5, ""axis"": ""y"", ""climb_start_m"": 0.9, ""climb_end_m"": 0.3}",landing,0.0,0.0,0.0,0.8999997138977051,0.0,1.1920928955078125e-06,0.0,0.8999997138977051,True,0.023250702768564224,0.0028081967029720545,1.0010063648223877,3.41657578246668e-05,-0.18785521388053894,-0.27478572726249695,0.0,1.0,56.0,23.0,0.023,0.001540805329568684,-9.295948984799907e-05,0.02215339057147503,0.00492313364520669,0.001386157819069922,-0.0036392095498740673,0.2139693647623062,1.2837270498275757,0.04742708057165146,0.022216854616999626,-0.0038800956681370735,3.3150697618111735e-06,0.00018463912419974804,3.7002933025360107,10.0,0.0,0.0,0.0,0.0,0.0,0.28600000000000003,32.766,0.28500000000000003,0.34800000000000003,2.844,2018.241943359375,809.9869384765625,29.258974075317383,geofence_hard_land,True,
1783703788.0714104,2026-07-10T10:16:28,219663,20260710_101616,accel_decel_climb_down_y,accel_decel_with_climb,outbound,1,"{""accel_mps2"": 0.5, ""peak_speed_mps"": 0.375, ""cruise_s"": 0.5, ""axis"": ""y"", ""climb_start_m"": 0.9, ""climb_end_m"": 0.3}",landing,0.0,0.0,0.0,0.8999997138977051,0.0,1.1920928955078125e-06,0.0,0.8999997138977051,True,0.024558957666158676,0.003560473909601569,1.0001622438430786,-0.016574719920754433,-0.17804738879203796,0.052787795662879944,0.0,0.0,64.0,23.0,0.023,0.0012051798403263092,-9.230440628016368e-05,0.02245079167187214,0.003305736929178238,0.0013781161978840828,-0.0019745356403291225,0.21416610479354858,1.2979257106781006,0.047407932579517365,0.022431552410125732,-0.001954929204657674,3.4132012842746917e-06,0.00018980394816026092,3.7002933025360107,10.0,0.0,0.0,0.0,0.0,0.0,32.766,32.766,0.28500000000000003,0.34800000000000003,2.844,2018.2965087890625,809.9822387695312,29.266277313232422,geofence_hard_land,True,
1783703788.0816312,2026-07-10T10:16:28,219675,20260710_101616,accel_decel_climb_down_y,accel_decel_with_climb,outbound,1,"{""accel_mps2"": 0.5, ""peak_speed_mps"": 0.375, ""cruise_s"": 0.5, ""axis"": ""y"", ""climb_start_m"": 0.9, ""climb_end_m"": 0.3}",landing,0.0,0.0,0.0,0.8999997138977051,0.0,1.1920928955078125e-06,0.0,0.8999997138977051,True,0.023093748837709427,0.00392935099080205,1.0000877380371094,-0.04554561525583267,-0.0355437733232975,-0.01630648784339428,0.0,0.0,64.0,23.0,0.023,0.0012737637152895331,-6.58102217130363e-05,0.022413166239857674,0.003563891863450408,0.0013176772044971585,-0.001804040395654738,0.21416610479354858,1.2979257106781006,0.047407932579517365,0.022431552410125732,-0.001954929204657674,3.4132012842746917e-06,0.00018980394816026092,3.7002933025360107,10.0,0.0,0.0,0.0,0.0,0.0,32.766,32.766,0.28500000000000003,0.34800000000000003,2.844,2018.2965087890625,809.9822387695312,29.266277313232422,geofence_hard_land,True,
1783703788.0918057,2026-07-10T10:16:28,219683,20260710_101616,accel_decel_climb_down_y,accel_decel_with_climb,outbound,1,"{""accel_mps2"": 0.5, ""peak_speed_mps"": 0.375, ""cruise_s"": 0.5, ""axis"": ""y"", ""climb_start_m"": 0.9, ""climb_end_m"": 0.3}",landing,0.0,0.0,0.0,0.8999997138977051,0.0,1.1920928955078125e-06,0.0,0.8999997138977051,True,0.023775657638907433,0.002735743299126625,1.001279592514038,-0.12236357480287552,-0.37399163842201233,0.05916963890194893,0.0,0.0,73.0,23.0,0.023,0.0012737637152895331,-6.58102217130363e-05,0.022413166239857674,0.003563891863450408,0.0013176772044971585,-0.001804040395654738,0.21239915490150452,1.2978458404541016,0.04633248597383499,0.022431552410125732,-0.001954929204657674,3.4132012842746917e-06,0.00018980394816026092,3.7002933025360107,10.0,0.0,0.0,0.0,0.0,0.0,32.766,32.766,0.28500000000000003,0.34800000000000003,2.844,2018.2965087890625,809.9822387695312,29.266277313232422,geofence_hard_land,True,
1783703788.101984,2026-07-10T10:16:28,219695,20260710_101616,accel_decel_climb_down_y,accel_decel_with_climb,outbound,1,"{""accel_mps2"": 0.5, ""peak_speed_mps"": 0.375, ""cruise_s"": 0.5, ""axis"": ""y"", ""climb_start_m"": 0.9, ""climb_end_m"": 0.3}",landing,0.0,0.0,0.0,0.8999997138977051,0.0,1.1920928955078125e-06,0.0,0.8999997138977051,True,0.025434549897909164,0.003508717752993107,0.9997917413711548,0.02574058435857296,0.06287924945354462,0.05422823876142502,0.0,0.0,60.0,22.0,0.022,0.0013500475324690342,-3.9636764995520934e-05,0.022216305136680603,0.003814245341345668,0.0012161056511104107,-0.002468203427270055,0.21239915490150452,1.2978458404541016,0.04633248597383499,0.022431552410125732,-0.001954929204657674,3.4132012842746917e-06,0.00018980394816026092,3.7002933025360107,10.0,0.0,0.0,0.0,0.0,0.0,32.766,32.766,0.28500000000000003,0.34800000000000003,2.844,2018.2965087890625,809.9822387695312,29.266277313232422,geofence_hard_land,True,
1783703788.1121602,2026-07-10T10:16:28,219703,20260710_101616,accel_decel_climb_down_y,accel_decel_with_climb,outbound,1,"{""accel_mps2"": 0.5, ""peak_speed_mps"": 0.375, ""cruise_s"": 0.5, ""axis"": ""y"", ""climb_start_m"": 0.9, ""climb_end_m"": 0.3}",landing,0.0,0.0,0.0,0.8999997138977051,0.0,1.1920928955078125e-06,0.0,0.8999997138977051,True,0.02241731807589531,0.004211350344121456,1.0006968975067139,0.12445282191038132,-0.47351518273353577,-0.19248180091381073,1.0,254.0,60.0,22.0,0.022,0.0013500475324690342,-3.9636764995520934e-05,0.022216305136680603,0.003814245341345668,0.0012161056511104107,-0.002468203427270055,0.21034149825572968,1.2975200414657593,0.04584290832281113,0.022431552410125732,-0.001954929204657674,3.4132012842746917e-06,0.00018980394816026092,3.7002933025360107,10.0,0.0,0.0,0.0,0.0,0.0,32.766,32.766,0.28500000000000003,0.34800000000000003,2.844,2018.2965087890625,809.9822387695312,29.266277313232422,geofence_hard_land,True,
1783703788.122406,2026-07-10T10:16:28,219715,20260710_101616,accel_decel_climb_down_y,accel_decel_with_climb,outbound,1,"{""accel_mps2"": 0.5, ""peak_speed_mps"": 0.375, ""cruise_s"": 0.5, ""axis"": ""y"", ""climb_start_m"": 0.9, ""climb_end_m"": 0.3}",landing,0.0,0.0,0.0,0.8999997138977051,0.0,1.1920928955078125e-06,0.0,0.8999997138977051,True,0.02178838849067688,0.0038669821806252003,1.0010920763015747,0.04524598270654678,0.2198767215013504,0.34343916177749634,-1.0,-255.0,70.0,22.0,0.022,0.0016554798930883408,-6.143517384771258e-05,0.022169949486851692,0.00490384129807353,0.0011078784009441733,-0.0023209573701024055,0.21034149825572968,1.2975200414657593,0.04584290832281113,0.0221672635525465,-0.002489532111212611,3.3150790841318667e-06,0.00018464501772541553,3.7002933025360107,10.0,0.0,0.0,0.0,0.0,0.0,32.766,32.766,0.28,0.34700000000000003,2.841,2018.2965087890625,809.9822387695312,29.266277313232422,geofence_hard_land,True,
1783703788.132603,2026-07-10T10:16:28,219723,20260710_101616,accel_decel_climb_down_y,accel_decel_with_climb,outbound,1,"{""accel_mps2"": 0.5, ""peak_speed_mps"": 0.375, ""cruise_s"": 0.5, ""axis"": ""y"", ""climb_start_m"": 0.9, ""climb_end_m"": 0.3}",landing,0.0,0.0,0.0,0.8999997138977051,0.0,1.1920928955078125e-06,0.0,0.8999997138977051,True,0.02349262312054634,0.003886576509103179,1.0023462772369385,0.03136787563562393,-0.36534959077835083,-0.23241624236106873,0.0,1.0,64.0,22.0,0.022,0.0016554798930883408,-6.143517384771258e-05,0.022169949486851692,0.00490384129807353,0.0011078784009441733,-0.0023209573701024055,0.21245962381362915,1.2883507013320923,0.044102009385824203,0.0221672635525465,-0.002489532111212611,3.3150790841318667e-06,0.00018464501772541553,3.7002933025360107,10.0,0.0,0.0,0.0,0.0,0.0,32.766,32.766,0.28,0.34700000000000003,2.841,2018.2965087890625,809.9822387695312,29.266277313232422,geofence_hard_land,True,
1783703788.1428018,2026-07-10T10:16:28,219735,20260710_101616,accel_decel_climb_down_y,accel_decel_with_climb,outbound,1,"{""accel_mps2"": 0.5, ""peak_speed_mps"": 0.375, ""cruise_s"": 0.5, ""axis"": ""y"", ""climb_start_m"": 0.9, ""climb_end_m"": 0.3}",landing,0.0,0.0,0.0,0.8999997138977051,0.0,1.1920928955078125e-06,0.0,0.8999997138977051,True,0.025086961686611176,0.003667698474600911,1.0029951333999634,0.1605025976896286,0.13488167524337769,0.06619343906641006,255.0,1.0,64.0,22.0,0.022,0.0008680663304403424,0.00027732845046557486,0.022127648815512657,0.0011229590745642781,0.002567086135968566,-0.001922853640280664,0.21245962381362915,1.2883507013320923,0.044102009385824203,0.0221672635525465,-0.002489532111212611,3.3150790841318667e-06,0.00018464501772541553,3.7002933025360107,10.0,0.0,0.0,0.0,0.0,0.0,32.766,32.766,0.28,0.34700000000000003,2.841,2018.2965087890625,809.9822387695312,29.266277313232422,geofence_hard_land,True,
1783703788.1529927,2026-07-10T10:16:28,219743,20260710_101616,accel_decel_climb_down_y,accel_decel_with_climb,outbound,1,"{""accel_mps2"": 0.5, ""peak_speed_mps"": 0.375, ""cruise_s"": 0.5, ""axis"": ""y"", ""climb_start_m"": 0.9, ""climb_end_m"": 0.3}",landing,0.0,0.0,0.0,0.8999997138977051,0.0,1.1920928955078125e-06,0.0,0.8999997138977051,True,0.023629076778888702,0.004360985942184925,1.0021300315856934,0.005818416364490986,-0.285762220621109,-0.06724570691585541,0.0,0.0,65.0,23.0,0.023,0.0008680663304403424,0.00027732845046557486,0.022127648815512657,0.0011229590745642781,0.002567086135968566,-0.001922853640280664,0.2020372599363327,1.3170720338821411,0.04444023221731186,0.0221672635525465,-0.002489532111212611,3.3150790841318667e-06,0.00018464501772541553,3.7002933025360107,10.0,0.0,0.0,0.0,0.0,0.0,32.766,32.766,0.28,0.34700000000000003,2.841,2018.2965087890625,809.9822387695312,29.266277313232422,geofence_hard_land,True,
1783703788.1631732,2026-07-10T10:16:28,219755,20260710_101616,accel_decel_climb_down_y,accel_decel_with_climb,outbound,1,"{""accel_mps2"": 0.5, ""peak_speed_mps"": 0.375, ""cruise_s"": 0.5, ""axis"": ""y"", ""climb_start_m"": 0.9, ""climb_end_m"": 0.3}",landing,0.0,0.0,0.0,0.8999997138977051,0.0,1.1920928955078125e-06,0.0,0.8999997138977051,True,0.02179027535021305,0.004676508717238903,0.9998376965522766,-0.11773650348186493,-0.017507852986454964,-0.0009151603444479406,0.0,0.0,60.0,23.0,0.023,0.0012181156780570745,0.0002834829210769385,0.02247695066034794,0.0027772998437285423,0.0024723256938159466,0.0004188182938378304,0.2020372599363327,1.3170720338821411,0.04444023221731186,0.0221672635525465,-0.002489532111212611,3.3150790841318667e-06,0.00018464501772541553,3.7002933025360107,10.0,0.0,0.0,0.0,0.0,0.0,32.766,32.766,0.28,0.34700000000000003,2.841,2018.2965087890625,809.9822387695312,29.266277313232422,geofence_hard_land,True,
1783703788.1734655,2026-07-10T10:16:28,219763,20260710_101616,accel_decel_climb_down_y,accel_decel_with_climb,outbound,1,"{""accel_mps2"": 0.5, ""peak_speed_mps"": 0.375, ""cruise_s"": 0.5, ""axis"": ""y"", ""climb_start_m"": 0.9, ""climb_end_m"": 0.3}",landing,0.0,0.0,0.0,0.8999997138977051,0.0,1.1920928955078125e-06,0.0,0.8999997138977051,True,0.021548250690102577,0.004662137478590012,0.999090850353241,-0.018788615241646767,-0.10695844888687134,0.030038390308618546,0.0,0.0,63.0,23.0,0.023,0.0012181156780570745,0.0002834829210769385,0.02247695066034794,0.0027772998437285423,0.0024723256938159466,0.0004188182938378304,0.2057780623435974,1.3040961027145386,0.04416633024811745,0.022481171414256096,0.00035534650669433177,3.4132131077058148e-06,0.00018980723689310253,3.7002933025360107,10.0,0.0,0.0,0.0,0.0,0.0,0.276,32.766,0.28,0.34700000000000003,2.841,2018.36767578125,809.9760131835938,29.27687644958496,geofence_hard_land,True,
1783703788.1836486,2026-07-10T10:16:28,219775,20260710_101616,accel_decel_climb_down_y,accel_decel_with_climb,outbound,1,"{""accel_mps2"": 0.5, ""peak_speed_mps"": 0.375, ""cruise_s"": 0.5, ""axis"": ""y"", ""climb_start_m"": 0.9, ""climb_end_m"": 0.3}",landing,0.0,0.0,0.0,0.8999997138977051,0.0,1.1920928955078125e-06,0.0,0.8999997138977051,True,0.02469024620950222,0.004849630407989025,0.9983975291252136,0.07112386077642441,0.018849777057766914,0.16155347228050232,0.0,0.0,63.0,23.0,0.023,0.0015911790542304516,0.00028576806653290987,0.02248547039926052,0.004022474866360426,0.002493900479748845,0.0004028654075227678,0.2057780623435974,1.3040961027145386,0.04416633024811745,0.022481171414256096,0.00035534650669433177,3.4132131077058148e-06,0.00018980723689310253,3.7002933025360107,10.0,0.0,0.0,0.0,0.0,0.0,0.276,32.766,0.28,0.34700000000000003,2.841,2018.36767578125,809.9760131835938,29.27687644958496,geofence_hard_land,True,
1783703788.193859,2026-07-10T10:16:28,219783,20260710_101616,accel_decel_climb_down_y,accel_decel_with_climb,outbound,1,"{""accel_mps2"": 0.5, ""peak_speed_mps"": 0.375, ""cruise_s"": 0.5, ""axis"": ""y"", ""climb_start_m"": 0.9, ""climb_end_m"": 0.3}",landing,0.0,0.0,0.0,0.8999997138977051,0.0,1.1920928955078125e-06,0.0,0.8999997138977051,True,0.025172049179673195,0.0037477430887520313,0.9979566335678101,-0.07011479884386063,0.011631247587502003,-0.024990106001496315,0.0,-1.0,65.0,23.0,0.023,0.0015911790542304516,0.00028576806653290987,0.02248547039926052,0.004022474866360426,0.002493900479748845,0.0004028654075227678,0.2076420933008194,1.292154312133789,0.04471997916698456,0.022481171414256096,0.00035534650669433177,3.4132131077058148e-06,0.00018980723689310253,3.7002933025360107,10.0,0.0,0.0,0.0,0.0,0.0,0.276,32.766,0.28,0.34700000000000003,2.841,2018.36767578125,809.9760131835938,29.27687644958496,geofence_hard_land,True,
1783703788.2040358,2026-07-10T10:16:28,219795,20260710_101616,accel_decel_climb_down_y,accel_decel_with_climb,outbound,1,"{""accel_mps2"": 0.5, ""peak_speed_mps"": 0.375, ""cruise_s"": 0.5, ""axis"": ""y"", ""climb_start_m"": 0.9, ""climb_end_m"": 0.3}",landing,0.0,0.0,0.0,0.8999997138977051,0.0,1.1920928955078125e-06,0.0,0.8999997138977051,True,0.021583806723356247,0.0016202537808567286,0.9990341663360596,-0.23617355525493622,0.12397070974111557,-0.03373446315526962,0.0,0.0,57.0,22.0,0.022,0.0012347853044047952,0.0002893962955567986,0.022280851379036903,0.0026483943220227957,0.0023669088259339333,-0.0009976939763873816,0.2076420933008194,1.292154312133789,0.04471997916698456,0.022481171414256096,0.00035534650669433177,3.4132131077058148e-06,0.00018980723689310253,3.7002933025360107,10.0,0.0,0.0,0.0,0.0,0.0,0.276,32.766,0.28,0.34700000000000003,2.841,2018.36767578125,809.9760131835938,29.27687644958496,geofence_hard_land,True,
1783703788.2142072,2026-07-10T10:16:28,219803,20260710_101616,accel_decel_climb_down_y,accel_decel_with_climb,outbound,1,"{""accel_mps2"": 0.5, ""peak_speed_mps"": 0.375, ""cruise_s"": 0.5, ""axis"": ""y"", ""climb_start_m"": 0.9, ""climb_end_m"": 0.3}",landing,0.0,0.0,0.0,0.8999997138977051,0.0,1.1920928955078125e-06,0.0,0.8999997138977051,True,0.02398468181490898,0.0038875809404999018,0.9999143481254578,0.16468273103237152,-0.02543138712644577,-0.011248130351305008,2.0,253.0,57.0,22.0,0.022,0.0012347853044047952,0.0002893962955567986,0.022280851379036903,0.0026483943220227957,0.0023669088259339333,-0.0009976939763873816,0.20928576588630676,1.3020656108856201,0.04637821018695831,0.022481171414256096,0.00035534650669433177,3.4132131077058148e-06,0.00018980723689310253,3.7002933025360107,10.0,0.0,0.0,0.0,0.0,0.0,0.276,32.766,0.28,0.34700000000000003,2.841,2018.36767578125,809.9760131835938,29.27687644958496,geofence_hard_land,True,
1783703788.2243931,2026-07-10T10:16:28,219818,20260710_101616,accel_decel_climb_down_y,accel_decel_with_climb,outbound,1,"{""accel_mps2"": 0.5, ""peak_speed_mps"": 0.375, ""cruise_s"": 0.5, ""axis"": ""y"", ""climb_start_m"": 0.9, ""climb_end_m"": 0.3}",landing,0.0,0.0,0.0,0.8999997138977051,0.0,1.1920928955078125e-06,0.0,0.8999997138977051,True,0.024129459634423256,0.0031377084087580442,1.0012860298156738,0.12384393811225891,0.03808363527059555,0.12291757762432098,-1.0,-255.0,73.0,22.0,0.022,0.0018844681326299906,-9.367565508000553e-05,0.022265195846557617,0.005224977619946003,0.00040653496398590505,-0.0009627646068111062,0.22076788544654846,1.2819470167160034,0.046625927090644836,0.022262059152126312,-0.0011334423907101154,3.3150799936265685e-06,0.000184638483915478,3.7002933025360107,10.0,0.0,0.0,0.0,0.0,0.0,0.276,32.766,0.28200000000000003,0.35000000000000003,2.832,2018.36767578125,809.9760131835938,29.27687644958496,geofence_hard_land,True,
1783703788.2345736,2026-07-10T10:16:28,219823,20260710_101616,accel_decel_climb_down_y,accel_decel_with_climb,outbound,1,"{""accel_mps2"": 0.5, ""peak_speed_mps"": 0.375, ""cruise_s"": 0.5, ""axis"": ""y"", ""climb_start_m"": 0.9, ""climb_end_m"": 0.3}",landing,0.0,0.0,0.0,0.8999997138977051,0.0,1.1920928955078125e-06,0.0,0.8999997138977051,True,0.025057220831513405,0.005480397958308458,1.0012599229812622,-0.16222062706947327,0.14541202783584595,-0.030148902907967567,0.0,2.0,63.0,22.0,0.022,0.0018844681326299906,-9.367565508000553e-05,0.022265195846557617,0.005224977619946003,0.00040653496398590505,-0.0009627646068111062,0.22076788544654846,1.2819470167160034,0.046625927090644836,0.022262059152126312,-0.0011334423907101154,3.3150799936265685e-06,0.000184638483915478,3.7002933025360107,10.0,0.0,0.0,0.0,0.0,0.0,0.276,32.766,0.28200000000000003,0.35000000000000003,2.832,2018.36767578125,809.9760131835938,29.27687644958496,geofence_hard_land,True,
1783703788.2447915,2026-07-10T10:16:28,219838,20260710_101616,accel_decel_climb_down_y,accel_decel_with_climb,outbound,1,"{""accel_mps2"": 0.5, ""peak_speed_mps"": 0.375, ""cruise_s"": 0.5, ""axis"": ""y"", ""climb_start_m"": 0.9, ""climb_end_m"": 0.3}",landing,0.0,0.0,0.0,0.8999997138977051,0.0,1.1920928955078125e-06,0.0,0.8999997138977051,True,0.024515708908438683,0.004347357898950577,1.002034306526184,0.4537046551704407,0.12110000103712082,-0.012408067472279072,0.0,2.0,61.0,22.0,0.022,0.001209603389725089,-8.904145943233743e-05,0.02225160039961338,0.002278831321746111,0.0005158361745998263,-0.0006022360175848007,0.22087925672531128,1.302243947982788,0.04737478494644165,0.022262059152126312,-0.0011334423907101154,3.3150799936265685e-06,0.000184638483915478,3.7002933025360107,10.0,0.0,0.0,0.0,0.0,0.0,0.276,32.766,0.28200000000000003,0.35000000000000003,2.832,2018.36767578125,809.9760131835938,29.27687644958496,geofence_hard_land,True,
1783703788.2549717,2026-07-10T10:16:28,219843,20260710_101616,accel_decel_climb_down_y,accel_decel_with_climb,outbound,1,"{""accel_mps2"": 0.5, ""peak_speed_mps"": 0.375, ""cruise_s"": 0.5, ""axis"": ""y"", ""climb_start_m"": 0.9, ""climb_end_m"": 0.3}",landing,0.0,0.0,0.0,0.8999997138977051,0.0,1.1920928955078125e-06,0.0,0.8999997138977051,True,0.023426136001944542,0.004226442892104387,1.0010565519332886,0.15630747377872467,0.0715605616569519,-0.12196078896522522,0.0,2.0,61.0,21.0,0.021,0.001209603389725089,-8.904145943233743e-05,0.02225160039961338,0.002278831321746111,0.0005158361745998263,-0.0006022360175848007,0.22087925672531128,1.302243947982788,0.04737478494644165,0.022262059152126312,-0.0011334423907101154,3.3150799936265685e-06,0.000184638483915478,3.7002933025360107,10.0,0.0,0.0,0.0,0.0,0.0,0.276,32.766,0.28200000000000003,0.35000000000000003,2.832,2018.36767578125,809.9760131835938,29.27687644958496,geofence_hard_land,True,
1783703788.2651472,2026-07-10T10:16:28,219858,20260710_101616,accel_decel_climb_down_y,accel_decel_with_climb,outbound,1,"{""accel_mps2"": 0.5, ""peak_speed_mps"": 0.375, ""cruise_s"": 0.5, ""axis"": ""y"", ""climb_start_m"": 0.9, ""climb_end_m"": 0.3}",landing,0.0,0.0,0.0,0.8999997138977051,0.0,1.1920928955078125e-06,0.0,0.8999997138977051,True,0.02184484712779522,0.003924479708075523,0.999997079372406,-0.058929722756147385,0.21199582517147064,0.20228011906147003,0.0,2.0,59.0,21.0,0.021,0.0015156448353081942,-0.00010048111289506778,0.021699579432606697,0.0037334058433771133,0.0004970827139914036,-0.0028647305443882942,0.22507967054843903,1.2881813049316406,0.04618092626333237,0.022262059152126312,-0.0011334423907101154,3.3150799936265685e-06,0.000184638483915478,3.7002933025360107,10.0,0.0,0.0,0.0,0.0,0.0,0.276,32.766,0.28200000000000003,0.35000000000000003,2.832,2018.36767578125,809.9760131835938,29.27687644958496,geofence_hard_land,True,
1783703788.2753677,2026-07-10T10:16:28,219863,20260710_101616,accel_decel_climb_down_y,accel_decel_with_climb,outbound,1,"{""accel_mps2"": 0.5, ""peak_speed_mps"": 0.375, ""cruise_s"": 0.5, ""axis"": ""y"", ""climb_start_m"": 0.9, ""climb_end_m"": 0.3}",landing,0.0,0.0,0.0,0.8999997138977051,0.0,1.1920928955078125e-06,0.0,0.8999997138977051,True,0.024048514664173126,0.003973521292209625,1.0000083446502686,0.17556481063365936,-0.1432269662618637,-0.05703779682517052,0.0,0.0,57.0,21.0,0.021,0.0015156448353081942,-0.00010048111289506778,0.021699579432606697,0.0037334058433771133,0.0004970827139914036,-0.0028647305443882942,0.22507967054843903,1.2881813049316406,0.04618092626333237,0.02167118899524212,-0.0028980751521885395,3.4131951451854547e-06,0.0001898031187010929,3.7002933025360107,10.0,0.0,0.0,0.0,0.0,0.0,32.766,32.766,0.28200000000000003,0.35000000000000003,2.832,2018.2965087890625,809.982177734375,29.287017822265625,geofence_hard_land,True,
1783703788.2855704,2026-07-10T10:16:28,219878,20260710_101616,accel_decel_climb_down_y,accel_decel_with_climb,outbound,1,"{""accel_mps2"": 0.5, ""peak_speed_mps"": 0.375, ""cruise_s"": 0.5, ""axis"": ""y"", ""climb_start_m"": 0.9, ""climb_end_m"": 0.3}",landing,0.0,0.0,0.0,0.8999997138977051,0.0,1.1920928955078125e-06,0.0,0.8999997138977051,True,0.02297048456966877,0.003251101355999708,0.9978986978530884,-0.2135104238986969,0.1466686725616455,-0.055785443633794785,1.0,0.0,57.0,21.0,0.021,0.002193029969930649,-0.0004214855143800378,0.021641774103045464,0.00657721608877182,-0.00098368339240551,-0.0028414407279342413,0.2358766794204712,1.266801118850708,0.047357358038425446,0.02167118899524212,-0.0028980751521885395,3.4131951451854547e-06,0.0001898031187010929,3.7002933025360107,10.0,0.0,0.0,0.0,0.0,0.0,32.766,32.766,0.28200000000000003,0.35000000000000003,2.832,2018.2965087890625,809.982177734375,29.287017822265625,geofence_hard_land,True,
1783703788.295748,2026-07-10T10:16:28,219883,20260710_101616,accel_decel_climb_down_y,accel_decel_with_climb,outbound,1,"{""accel_mps2"": 0.5, ""peak_speed_mps"": 0.375, ""cruise_s"": 0.5, ""axis"": ""y"", ""climb_start_m"": 0.9, ""climb_end_m"": 0.3}",landing,0.0,0.0,0.0,0.8999997138977051,0.0,1.1920928955078125e-06,0.0,0.8999997138977051,True,0.024998022243380547,0.0023338908795267344,1.0001814365386963,0.03674065321683884,0.1761898696422577,-0.09898518025875092,255.0,-2.0,66.0,21.0,0.021,0.002193029969930649,-0.0004214855143800378,0.021641774103045464,0.00657721608877182,-0.00098368339240551,-0.0028414407279342413,0.2358766794204712,1.266801118850708,0.047357358038425446,0.02167118899524212,-0.0028980751521885395,3.4131951451854547e-06,0.0001898031187010929,3.7002933025360107,10.0,0.0,0.0,0.0,0.0,0.0,32.766,32.766,0.28200000000000003,0.35000000000000003,2.832,2018.2965087890625,809.982177734375,29.287017822265625,geofence_hard_land,True,
1783703788.3059173,2026-07-10T10:16:28,219898,20260710_101616,accel_decel_climb_down_y,accel_decel_with_climb,outbound,1,"{""accel_mps2"": 0.5, ""peak_speed_mps"": 0.375, ""cruise_s"": 0.5, ""axis"": ""y"", ""climb_start_m"": 0.9, ""climb_end_m"": 0.3}",landing,0.0,0.0,0.0,0.8999997138977051,0.0,1.1920928955078125e-06,0.0,0.8999997138977051,True,0.024344254285097122,0.003461848245933652,0.9992437958717346,-0.19340018928050995,-0.10244355350732803,-0.024543216452002525,0.0,1.0,57.0,22.0,0.022,0.0008714093128219247,-9.300385136157274e-05,0.02176578901708126,0.0005481081898324192,0.00028892242698930204,-0.0020404416136443615,0.22366108000278473,1.311842441558838,0.047420136630535126,0.02167118899524212,-0.0028980751521885395,3.4131951451854547e-06,0.0001898031187010929,3.7002933025360107,10.0,0.0,0.0,0.0,0.0,0.0,32.766,32.766,0.28200000000000003,0.35000000000000003,2.832,2018.2965087890625,809.982177734375,29.287017822265625,geofence_hard_land,True,
1783703788.316088,2026-07-10T10:16:28,219909,20260710_101616,accel_decel_climb_down_y,accel_decel_with_climb,outbound,1,"{""accel_mps2"": 0.5, ""peak_speed_mps"": 0.375, ""cruise_s"": 0.5, ""axis"": ""y"", ""climb_start_m"": 0.9, ""climb_end_m"": 0.3}",landing,0.0,0.0,0.0,0.8999997138977051,0.0,1.1920928955078125e-06,0.0,0.8999997138977051,True,0.02412150613963604,0.004119542893022299,0.9998612403869629,-0.18971601128578186,-0.1880652755498886,0.1863451898097992,0.0,0.0,57.0,22.0,0.022,0.0008714093128219247,-9.300385136157274e-05,0.02176578901708126,0.0005481081898324192,0.00028892242698930204,-0.0020404416136443615,0.22366108000278473,1.311842441558838,0.047420136630535126,0.021725062280893326,-0.0020200267899781466,3.315060212116805e-06,0.00018463480228092521,3.7002933025360107,10.0,0.0,0.0,0.0,0.0,0.0,32.766,32.766,0.28200000000000003,0.35000000000000003,2.832,2018.2965087890625,809.982177734375,29.287017822265625,geofence_hard_land,True,
1783703788.3262618,2026-07-10T10:16:28,219918,20260710_101616,accel_decel_climb_down_y,accel_decel_with_climb,outbound,1,"{""accel_mps2"": 0.5, ""peak_speed_mps"": 0.375, ""cruise_s"": 0.5, ""axis"": ""y"", ""climb_start_m"": 0.9, ""climb_end_m"": 0.3}",landing,0.0,0.0,0.0,0.8999997138977051,0.0,1.1920928955078125e-06,0.0,0.8999997138977051,True,0.02191993035376072,0.004330750089138746,1.0014259815216064,0.04984704777598381,0.22044235467910767,0.03927787020802498,0.0,254.0,61.0,22.0,0.022,0.0015137182781472802,-9.035034599946812e-05,0.02172638289630413,0.003655501874163747,0.000267776136752218,-0.001987289637327194,0.22080548107624054,1.289405107498169,0.048250339925289154,0.021725062280893326,-0.0020200267899781466,3.315060212116805e-06,0.00018463480228092521,3.695014715194702,10.0,0.0,0.0,0.0,0.0,0.0,32.766,32.766,0.28,32.766,2.857,2018.2965087890625,809.982177734375,29.287017822265625,geofence_hard_land,True,
1783703788.336546,2026-07-10T10:16:28,219923,20260710_101616,accel_decel_climb_down_y,accel_decel_with_climb,outbound,1,"{""accel_mps2"": 0.5, ""peak_speed_mps"": 0.375, ""cruise_s"": 0.5, ""axis"": ""y"", ""climb_start_m"": 0.9, ""climb_end_m"": 0.3}",landing,0.0,0.0,0.0,0.8999997138977051,0.0,1.1920928955078125e-06,0.0,0.8999997138977051,True,0.02129443921148777,0.0036658113822340965,1.0002208948135376,-0.2866016924381256,-0.3788496255874634,-0.09341319650411606,1.0,-2.0,68.0,22.0,0.022,0.0015137182781472802,-9.035034599946812e-05,0.02172638289630413,0.003655501874163747,0.000267776136752218,-0.001987289637327194,0.22080548107624054,1.289405107498169,0.048250339925289154,0.021725062280893326,-0.0020200267899781466,3.315060212116805e-06,0.00018463480228092521,3.695014715194702,10.0,0.0,0.0,0.0,0.0,0.0,32.766,32.766,0.28,32.766,2.857,2018.2965087890625,809.982177734375,29.287017822265625,geofence_hard_land,True,
1783703788.346719,2026-07-10T10:16:28,219938,20260710_101616,accel_decel_climb_down_y,accel_decel_with_climb,outbound,1,"{""accel_mps2"": 0.5, ""peak_speed_mps"": 0.375, ""cruise_s"": 0.5, ""axis"": ""y"", ""climb_start_m"": 0.9, ""climb_end_m"": 0.3}",landing,0.0,0.0,0.0,0.8999997138977051,0.0,1.1920928955078125e-06,0.0,0.8999997138977051,True,0.02280072495341301,0.0036044572480022907,0.9994502663612366,0.02115360088646412,-0.04145494103431702,0.05288077890872955,255.0,-2.0,60.0,22.0,0.022,0.0011715710861608386,-9.346702427137643e-05,0.021693874150514603,0.001507896464318037,0.0003028702631127089,-0.0018083843169733882,0.2187071293592453,1.3026710748672485,0.04731032997369766,0.021725062280893326,-0.0020200267899781466,3.315060212116805e-06,0.00018463480228092521,3.695014715194702,10.0,0.0,0.0,0.0,0.0,0.0,32.766,32.766,0.28,32.766,2.857,2018.2965087890625,809.982177734375,29.287017822265625,geofence_hard_land,True,
1783703788.3569162,2026-07-10T10:16:28,219943,20260710_101616,accel_decel_climb_down_y,accel_decel_with_climb,outbound,1,"{""accel_mps2"": 0.5, ""peak_speed_mps"": 0.375, ""cruise_s"": 0.5, ""axis"": ""y"", ""climb_start_m"": 0.9, ""climb_end_m"": 0.3}",landing,0.0,0.0,0.0,0.8999997138977051,0.0,1.1920928955078125e-06,0.0,0.8999997138977051,True,0.023985784500837326,0.0040423087775707245,1.0001821517944336,0.36494749784469604,0.08964376896619797,-0.05680190771818161,0.0,0.0,63.0,22.0,0.022,0.0011715710861608386,-9.346702427137643e-05,0.021693874150514603,0.001507896464318037,0.0003028702631127089,-0.0018083843169733882,0.2187071293592453,1.3026710748672485,0.04731032997369766,0.021725062280893326,-0.0020200267899781466,3.315060212116805e-06,0.00018463480228092521,3.695014715194702,10.0,0.0,0.0,0.0,0.0,0.0,32.766,32.766,0.28,32.766,2.857,2018.2965087890625,809.982177734375,29.287017822265625,geofence_hard_land,True,
1783703788.3671181,2026-07-10T10:16:28,219960,20260710_101616,accel_decel_climb_down_y,accel_decel_with_climb,outbound,1,"{""accel_mps2"": 0.5, ""peak_speed_mps"": 0.375, ""cruise_s"": 0.5, ""axis"": ""y"", ""climb_start_m"": 0.9, ""climb_end_m"": 0.3}",landing,0.0,0.0,0.0,0.8999997138977051,0.0,1.1920928955078125e-06,0.0,0.8999997138977051,True,0.02373475208878517,0.0038869467098265886,1.001983642578125,0.02948484756052494,0.27553561329841614,0.07607801258563995,0.0,0.0,66.0,22.0,0.022,0.0011996702523902059,-8.735383016755804e-05,0.021791277453303337,0.0015967617509886622,0.000347588153090328,-0.0011473363265395164,0.2199806272983551,1.3002007007598877,0.047316137701272964,0.021780885756015778,-0.0009707128047011793,3.4132031032640953e-06,0.00018980442837346345,3.7002933025360107,10.0,0.0,0.0,0.0,0.0,0.0,32.766,32.766,0.28,32.766,2.857,2018.2965087890625,809.982177734375,29.287017822265625,geofence_hard_land,True,
1783703788.3774693,2026-07-10T10:16:28,219971,20260710_101616,accel_decel_climb_down_y,accel_decel_with_climb,outbound,1,"{""accel_mps2"": 0.5, ""peak_speed_mps"": 0.375, ""cruise_s"": 0.5, ""axis"": ""y"", ""climb_start_m"": 0.9, ""climb_end_m"": 0.3}",landing,0.0,0.0,0.0,0.8999997138977051,0.0,1.1920928955078125e-06,0.0,0.8999997138977051,True,0.026964619755744934,0.004056877922266722,1.0014533996582031,0.13724491000175476,-0.35369637608528137,0.18316596746444702,0.0,1.0,63.0,22.0,0.022,0.0011996702523902059,-8.735383016755804e-05,0.021791277453303337,0.0015967617509886622,0.000347588153090328,-0.0011473363265395164,0.2199806272983551,1.3002007007598877,0.047316137701272964,0.021780885756015778,-0.0009707128047011793,3.4132031032640953e-06,0.00018980442837346345,3.7002933025360107,10.0,0.0,0.0,0.0,0.0,0.0,32.766,32.766,0.28,32.766,2.857,2018.3895263671875,809.97412109375,29.294048309326172,geofence_hard_land,True,
1783703788.387678,2026-07-10T10:16:28,219981,20260710_101616,accel_decel_climb_down_y,accel_decel_with_climb,outbound,1,"{""accel_mps2"": 0.5, ""peak_speed_mps"": 0.375, ""cruise_s"": 0.5, ""axis"": ""y"", ""climb_start_m"": 0.9, ""climb_end_m"": 0.3}",landing,0.0,0.0,0.0,0.8999997138977051,0.0,1.1920928955078125e-06,0.0,0.8999997138977051,True,0.025363808497786522,0.0026136809028685093,1.002023458480835,0.005489807575941086,-0.2331756353378296,0.09036514908075333,1.0,1.0,63.0,22.0,0.022,0.0020853427704423666,-0.00040391809307038784,0.021775059401988983,0.006029123906046152,-0.001251968671567738,-0.0008144202874973416,0.2325066179037094,1.2675131559371948,0.04642919450998306,0.021780885756015778,-0.0009707128047011793,3.4132031032640953e-06,0.00018980442837346345,3.7002933025360107,10.0,0.0,0.0,0.0,0.0,0.0,32.766,32.766,0.28,32.766,2.857,2018.3895263671875,809.97412109375,29.294048309326172,geofence_hard_land,True,
1783703788.397881,2026-07-10T10:16:28,219991,20260710_101616,accel_decel_climb_down_y,accel_decel_with_climb,outbound,1,"{""accel_mps2"": 0.5, ""peak_speed_mps"": 0.375, ""cruise_s"": 0.5, ""axis"": ""y"", ""climb_start_m"": 0.9, ""climb_end_m"": 0.3}",landing,0.0,0.0,0.0,0.8999997138977051,0.0,1.1920928955078125e-06,0.0,0.8999997138977051,True,0.025029877200722694,0.003590593347325921,1.0028266906738281,-0.0021374572534114122,0.2164624035358429,0.14829480648040771,255.0,-4.0,69.0,22.0,0.022,0.0020853427704423666,-0.00040391809307038784,0.021775059401988983,0.006029123906046152,-0.001251968671567738,-0.0008144202874973416,0.2325066179037094,1.2675131559371948,0.04642919450998306,0.021780885756015778,-0.0009707128047011793,3.4132031032640953e-06,0.00018980442837346345,3.7002933025360107,10.0,0.0,0.0,0.0,0.0,0.0,32.766,32.766,0.28,32.766,2.857,2018.3895263671875,809.97412109375,29.294048309326172,geofence_hard_land,True,
1783703788.4081001,2026-07-10T10:16:28,220001,20260710_101616,accel_decel_climb_down_y,accel_decel_with_climb,outbound,1,"{""accel_mps2"": 0.5, ""peak_speed_mps"": 0.375, ""cruise_s"": 0.5, ""axis"": ""y"", ""climb_start_m"": 0.9, ""climb_end_m"": 0.3}",landing,0.0,0.0,0.0,0.8999997138977051,0.0,1.1920928955078125e-06,0.0,0.8999997138977051,True,0.024774150922894478,0.005112761631608009,1.0018365383148193,0.1322735995054245,0.023791899904608727,-0.017684269696474075,0.0,0.0,57.0,21.0,0.021,0.0011726851807907224,-9.085576311917976e-05,0.021440302953124046,0.0021230943966656923,0.00011351069406373426,-0.002101989695802331,0.22147293388843536,1.3035287857055664,0.048441432416439056,0.021780885756015778,-0.0009707128047011793,3.4132031032640953e-06,0.00018980442837346345,3.7002933025360107,10.0,0.0,0.0,0.0,0.0,0.0,32.766,32.766,0.28,32.766,2.857,2018.3895263671875,809.97412109375,29.294048309326172,geofence_hard_land,True,
1783703788.4183264,2026-07-10T10:16:28,220011,20260710_101616,accel_decel_climb_down_y,accel_decel_with_climb,outbound,1,"{""accel_mps2"": 0.5, ""peak_speed_mps"": 0.375, ""cruise_s"": 0.5, ""axis"": ""y"", ""climb_start_m"": 0.9, ""climb_end_m"": 0.3}",landing,0.0,0.0,0.0,0.8999997138977051,0.0,1.1920928955078125e-06,0.0,0.8999997138977051,True,0.024774150922894478,0.005112761631608009,1.0018365383148193,0.1322735995054245,0.023791899904608727,-0.017684269696474075,0.0,1.0,61.0,21.0,0.021,0.0011726851807907224,-9.085576311917976e-05,0.021440302953124046,0.0021230943966656923,0.00011351069406373426,-0.002101989695802331,0.22147293388843536,1.3035287857055664,0.048441432416439056,0.021403444930911064,-0.0016467581735923886,3.3150579383800505e-06,0.00018463388551026583,3.7002933025360107,10.0,0.0,0.0,0.0,0.0,0.0,32.766,32.766,0.278,0.34700000000000003,32.766,2018.3895263671875,809.97412109375,29.294048309326172,geofence_hard_land,True,
1783703788.4285033,2026-07-10T10:16:28,220021,20260710_101616,accel_decel_climb_down_y,accel_decel_with_climb,outbound,1,"{""accel_mps2"": 0.5, ""peak_speed_mps"": 0.375, ""cruise_s"": 0.5, ""axis"": ""y"", ""climb_start_m"": 0.9, ""climb_end_m"": 0.3}",landing,0.0,0.0,0.0,0.8999997138977051,0.0,1.1920928955078125e-06,0.0,0.8999997138977051,True,0.024030093103647232,0.0033946121111512184,1.0014028549194336,-0.11000847816467285,0.24513474106788635,-0.06062893196940422,0.0,-1.0,66.0,21.0,0.021,0.0011543689761310816,-9.214389137923717e-05,0.02140396274626255,0.002302718348801136,0.000161023810505867,-0.0016180911334231496,0.2214120775461197,1.3010590076446533,0.049674566835165024,0.021403444930911064,-0.0016467581735923886,3.3150579383800505e-06,0.00018463388551026583,3.7002933025360107,10.0,0.0,0.0,0.0,0.0,0.0,32.766,32.766,0.278,0.34700000000000003,32.766,2018.3895263671875,809.97412109375,29.294048309326172,geofence_hard_land,True,
1783703788.4386861,2026-07-10T10:16:28,220031,20260710_101616,accel_decel_climb_down_y,accel_decel_with_climb,outbound,1,"{""accel_mps2"": 0.5, ""peak_speed_mps"": 0.375, ""cruise_s"": 0.5, ""axis"": ""y"", ""climb_start_m"": 0.9, ""climb_end_m"": 0.3}",landing,0.0,0.0,0.0,0.8999997138977051,0.0,1.1920928955078125e-06,0.0,0.8999997138977051,True,0.02368975058197975,0.005109948106110096,1.0025538206100464,0.20149119198322296,-0.021843627095222473,-0.023016802966594696,0.0,-1.0,66.0,21.0,0.021,0.0011543689761310816,-9.214389137923717e-05,0.02140396274626255,0.002302718348801136,0.000161023810505867,-0.0016180911334231496,0.2214120775461197,1.3010590076446533,0.049674566835165024,0.021403444930911064,-0.0016467581735923886,3.3150579383800505e-06,0.00018463388551026583,3.7002933025360107,10.0,0.0,0.0,0.0,0.0,0.0,32.766,32.766,0.278,0.34700000000000003,32.766,2018.3895263671875,809.97412109375,29.294048309326172,geofence_hard_land,True,
1783703788.4488657,2026-07-10T10:16:28,220041,20260710_101616,accel_decel_climb_down_y,accel_decel_with_climb,outbound,1,"{""accel_mps2"": 0.5, ""peak_speed_mps"": 0.375, ""cruise_s"": 0.5, ""axis"": ""y"", ""climb_start_m"": 0.9, ""climb_end_m"": 0.3}",landing,0.0,0.0,0.0,0.8999997138977051,0.0,1.1920928955078125e-06,0.0,0.8999997138977051,True,0.023890230804681778,0.0022137609776109457,0.999596118927002,0.016622308641672134,-0.2840881943702698,-0.08070366084575653,255.0,-1.0,59.0,21.0,0.021,0.0011361978249624372,0.00018966104835271835,0.021376734599471092,0.002198738045990467,0.0014221802121028304,-0.001196881989017129,0.2097189873456955,1.3007962703704834,0.04987213760614395,0.021403444930911064,-0.0016467581735923886,3.3150579383800505e-06,0.00018463388551026583,3.7002933025360107,10.0,0.0,0.0,0.0,0.0,0.0,32.766,32.766,0.278,0.34700000000000003,32.766,2018.3895263671875,809.97412109375,29.294048309326172,geofence_hard_land,True,
1783703788.4590418,2026-07-10T10:16:28,220051,20260710_101616,accel_decel_climb_down_y,accel_decel_with_climb,outbound,1,"{""accel_mps2"": 0.5, ""peak_speed_mps"": 0.375, ""cruise_s"": 0.5, ""axis"": ""y"", ""climb_start_m"": 0.9, ""climb_end_m"": 0.3}",landing,0.0,0.0,0.0,0.8999997138977051,0.0,1.1920928955078125e-06,0.0,0.8999997138977051,True,0.025547262281179428,0.0030899278353899717,1.001656413078308,-0.032589390873909,0.1292695850133896,0.09400004148483276,0.0,0.0,58.0,24.0,0.024,0.0011361978249624372,0.00018966104835271835,0.021376734599471092,0.002198738045990467,0.0014221802121028304,-0.001196881989017129,0.2097189873456955,1.3007962703704834,0.04987213760614395,0.021403444930911064,-0.0016467581735923886,3.3150579383800505e-06,0.00018463388551026583,3.7002933025360107,10.0,0.0,0.0,0.0,0.0,0.0,32.766,32.766,0.278,0.34700000000000003,32.766,2018.3895263671875,809.97412109375,29.294048309326172,geofence_hard_land,True,
1783703788.4692135,2026-07-10T10:16:28,220061,20260710_101616,accel_decel_climb_down_y,accel_decel_with_climb,outbound,1,"{""accel_mps2"": 0.5, ""peak_speed_mps"": 0.375, ""cruise_s"": 0.5, ""axis"": ""y"", ""climb_start_m"": 0.9, ""climb_end_m"": 0.3}",landing,0.0,0.0,0.0,0.8999997138977051,0.0,1.1920928955078125e-06,0.0,0.8999997138977051,True,0.024855436757206917,0.004586885683238506,1.001326084136963,0.04149055853486061,-0.22375981509685516,0.12650586664676666,0.0,0.0,67.0,24.0,0.024,0.0011596042895689607,0.00021395027579274029,0.022503357380628586,0.002334549790248275,0.0013567908899858594,0.004523767624050379,0.21102455258369446,1.3011854887008667,0.04932506009936333,0.022549625486135483,0.004664474166929722,3.41321833730035e-06,0.00018980524328071624,3.7002933025360107,10.0,0.0,0.0,0.0,0.0,0.0,0.289,32.766,0.278,0.34700000000000003,32.766,2018.3895263671875,809.97412109375,29.294048309326172,geofence_hard_land,True,
1783703788.4794755,2026-07-10T10:16:28,220073,20260710_101616,accel_decel_climb_down_y,accel_decel_with_climb,outbound,1,"{""accel_mps2"": 0.5, ""peak_speed_mps"": 0.375, ""cruise_s"": 0.5, ""axis"": ""y"", ""climb_start_m"": 0.9, ""climb_end_m"": 0.3}",landing,0.0,0.0,0.0,0.8999997138977051,0.0,1.1920928955078125e-06,0.0,0.8999997138977051,True,0.02253544144332409,0.0033315287437289953,0.9996243715286255,0.021945105865597725,0.18332505226135254,-0.12248439341783524,2.0,0.0,64.0,24.0,0.024,0.0011596042895689607,0.00021395027579274029,0.022503357380628586,0.002334549790248275,0.0013567908899858594,0.004523767624050379,0.21102455258369446,1.3011854887008667,0.04932506009936333,0.022549625486135483,0.004664474166929722,3.41321833730035e-06,0.00018980524328071624,3.7002933025360107,10.0,0.0,0.0,0.0,0.0,0.0,0.289,32.766,0.278,0.34700000000000003,32.766,2018.3731689453125,809.9755249023438,29.30098533630371,geofence_hard_land,True,
1783703788.4896517,2026-07-10T10:16:28,220083,20260710_101616,accel_decel_climb_down_y,accel_decel_with_climb,outbound,1,"{""accel_mps2"": 0.5, ""peak_speed_mps"": 0.375, ""cruise_s"": 0.5, ""axis"": ""y"", ""climb_start_m"": 0.9, ""climb_end_m"": 0.3}",landing,0.0,0.0,0.0,0.8999997138977051,0.0,1.1920928955078125e-06,0.0,0.8999997138977051,True,0.02405417151749134,0.0023673803079873323,1.0012714862823486,-0.16226990520954132,0.1525062769651413,0.0650763288140297,0.0,-2.0,71.0,24.0,0.024,0.0017997390823438764,-0.0004191897460259497,0.022598104551434517,0.00560724688693881,-0.0017321428749710321,0.004858804866671562,0.23179392516613007,1.280124306678772,0.05044892802834511,0.022549625486135483,0.004664474166929722,3.41321833730035e-06,0.00018980524328071624,3.7002933025360107,10.0,0.0,0.0,0.0,0.0,0.0,0.289,32.766,0.278,0.34700000000000003,32.766,2018.3731689453125,809.9755249023438,29.30098533630371,geofence_hard_land,True,
1783703788.4998305,2026-07-10T10:16:28,220091,20260710_101616,accel_decel_climb_down_y,accel_decel_with_climb,outbound,1,"{""accel_mps2"": 0.5, ""peak_speed_mps"": 0.375, ""cruise_s"": 0.5, ""axis"": ""y"", ""climb_start_m"": 0.9, ""climb_end_m"": 0.3}",landing,0.0,0.0,0.0,0.8999997138977051,0.0,1.1920928955078125e-06,0.0,0.8999997138977051,True,0.022906921803951263,0.003867884399369359,0.999959409236908,0.11722517758607864,-0.37406352162361145,0.12434649467468262,0.0,-2.0,71.0,24.0,0.024,0.0017997390823438764,-0.0004191897460259497,0.022598104551434517,0.00560724688693881,-0.0017321428749710321,0.004858804866671562,0.23179392516613007,1.280124306678772,0.05044892802834511,0.022549625486135483,0.004664474166929722,3.41321833730035e-06,0.00018980524328071624,3.7002933025360107,10.0,0.0,0.0,0.0,0.0,0.0,0.289,32.766,0.278,0.34700000000000003,32.766,2018.3731689453125,809.9755249023438,29.30098533630371,geofence_hard_land,True,
1783703788.5100026,2026-07-10T10:16:28,220103,20260710_101616,accel_decel_climb_down_y,accel_decel_with_climb,outbound,1,"{""accel_mps2"": 0.5, ""peak_speed_mps"": 0.375, ""cruise_s"": 0.5, ""axis"": ""y"", ""climb_start_m"": 0.9, ""climb_end_m"": 0.3}",landing,0.0,0.0,0.0,0.8999997138977051,0.0,1.1920928955078125e-06,0.0,0.8999997138977051,True,0.022854475304484367,0.004670135211199522,1.0021249055862427,0.02606220170855522,0.35988709330558777,0.10053329914808273,0.0,0.0,58.0,23.0,0.023,0.0011341564822942019,-0.00010732527880463749,0.022831082344055176,0.0020660690497606993,-0.000324797147186473,0.005682771559804678,0.21962156891822815,1.30507493019104,0.05047304928302765,0.022549625486135483,0.004664474166929722,3.41321833730035e-06,0.00018980524328071624,3.7002933025360107,10.0,0.0,0.0,0.0,0.0,0.0,0.289,32.766,0.278,0.34700000000000003,32.766,2018.3731689453125,809.9755249023438,29.30098533630371,geofence_hard_land,True,
1783703788.520177,2026-07-10T10:16:28,220113,20260710_101616,accel_decel_climb_down_y,accel_decel_with_climb,outbound,1,"{""accel_mps2"": 0.5, ""peak_speed_mps"": 0.375, ""cruise_s"": 0.5, ""axis"": ""y"", ""climb_start_m"": 0.9, ""climb_end_m"": 0.3}",landing,0.0,0.0,0.0,0.8999997138977051,0.0,1.1920928955078125e-06,0.0,0.8999997138977051,True,0.024913940578699112,0.004514426924288273,1.0014902353286743,-0.20379756391048431,-0.02774490788578987,0.03927425295114517,1.0,-3.0,72.0,23.0,0.023,0.0011341564822942019,-0.00010732527880463749,0.022831082344055176,0.0020660690497606993,-0.000324797147186473,0.005682771559804678,0.21962156891822815,1.30507493019104,0.05047304928302765,0.02294693887233734,0.005924006458371878,3.315073172416305e-06,0.00018463390006218106,3.7002933025360107,10.0,0.0,0.0,0.0,0.0,0.0,0.289,32.766,0.28400000000000003,0.34800000000000003,32.766,2018.3731689453125,809.9755249023438,29.30098533630371,geofence_hard_land,True,
1783703788.5304492,2026-07-10T10:16:28,220123,20260710_101616,accel_decel_climb_down_y,accel_decel_with_climb,outbound,1,"{""accel_mps2"": 0.5, ""peak_speed_mps"": 0.375, ""cruise_s"": 0.5, ""axis"": ""y"", ""climb_start_m"": 0.9, ""climb_end_m"": 0.3}",landing,0.0,0.0,0.0,0.8999997138977051,0.0,1.1920928955078125e-06,0.0,0.8999997138977051,True,0.02472362294793129,0.003728030249476433,1.0010933876037598,0.08411688357591629,-0.22437027096748352,0.020933350548148155,-1.0,-252.0,72.0,23.0,0.023,0.0020570168271660805,-0.00040730685577727854,0.02294721081852913,0.006343369837850332,-0.0016353694954887033,0.005982995964586735,0.23046518862247467,1.2713665962219238,0.05048101022839546,0.02294693887233734,0.005924006458371878,3.315073172416305e-06,0.00018463390006218106,3.7002933025360107,10.0,0.0,0.0,0.0,0.0,0.0,0.289,32.766,0.28400000000000003,0.34800000000000003,32.766,2018.3731689453125,809.9755249023438,29.30098533630371,geofence_hard_land,True,
1783703788.5406303,2026-07-10T10:16:28,220133,20260710_101616,accel_decel_climb_down_y,accel_decel_with_climb,outbound,1,"{""accel_mps2"": 0.5, ""peak_speed_mps"": 0.375, ""cruise_s"": 0.5, ""axis"": ""y"", ""climb_start_m"": 0.9, ""climb_end_m"": 0.3}",landing,0.0,0.0,0.0,0.8999997138977051,0.0,1.1920928955078125e-06,0.0,0.8999997138977051,True,0.024854358285665512,0.004120836965739727,0.9992899298667908,0.10174442827701569,-0.01295226626098156,-0.22481587529182434,-255.0,4.0,61.0,23.0,0.023,0.0020570168271660805,-0.00040730685577727854,0.02294721081852913,0.006343369837850332,-0.0016353694954887033,0.005982995964586735,0.23046518862247467,1.2713665962219238,0.05048101022839546,0.02294693887233734,0.005924006458371878,3.315073172416305e-06,0.00018463390006218106,3.7002933025360107,10.0,0.0,0.0,0.0,0.0,0.0,0.289,32.766,0.28400000000000003,0.34800000000000003,32.766,2018.3731689453125,809.9755249023438,29.30098533630371,geofence_hard_land,True,
1783703788.55086,2026-07-10T10:16:28,220143,20260710_101616,accel_decel_climb_down_y,accel_decel_with_climb,outbound,1,"{""accel_mps2"": 0.5, ""peak_speed_mps"": 0.375, ""cruise_s"": 0.5, ""axis"": ""y"", ""climb_start_m"": 0.9, ""climb_end_m"": 0.3}",landing,0.0,0.0,0.0,0.8999997138977051,0.0,1.1920928955078125e-06,0.0,0.8999997138977051,True,0.022588273510336876,0.003551604924723506,0.998943030834198,0.005372003186494112,-0.059022609144449234,-0.03609740734100342,-1.0,-253.0,68.0,25.0,0.025,0.0019744487944990396,-0.00039594894042238593,0.023082450032234192,0.006112020928412676,-0.0014624337200075388,0.006321668159216642,0.22819828987121582,1.276451587677002,0.050474971532821655,0.02294693887233734,0.005924006458371878,3.315073172416305e-06,0.00018463390006218106,3.7002933025360107,10.0,0.0,0.0,0.0,0.0,0.0,0.289,32.766,0.28400000000000003,0.34800000000000003,32.766,2018.3731689453125,809.9755249023438,29.30098533630371,geofence_hard_land,True,
1783703788.5610428,2026-07-10T10:16:28,220153,20260710_101616,accel_decel_climb_down_y,accel_decel_with_climb,outbound,1,"{""accel_mps2"": 0.5, ""peak_speed_mps"": 0.375, ""cruise_s"": 0.5, ""axis"": ""y"", ""climb_start_m"": 0.9, ""climb_end_m"": 0.3}",landing,0.0,0.0,0.0,0.8999997138977051,0.0,1.1920928955078125e-06,0.0,0.8999997138977051,True,0.022404398769140244,0.005208611022680998,0.9997841715812683,0.10521245747804642,-0.18627259135246277,0.20091481506824493,-256.0,3.0,63.0,25.0,0.025,0.0019744487944990396,-0.00039594894042238593,0.023082450032234192,0.006112020928412676,-0.0014624337200075388,0.006321668159216642,0.22819828987121582,1.276451587677002,0.050474971532821655,0.02294693887233734,0.005924006458371878,3.315073172416305e-06,0.00018463390006218106,3.7002933025360107,10.0,0.0,0.0,0.0,0.0,0.0,0.289,32.766,0.28400000000000003,0.34800000000000003,32.766,2018.3731689453125,809.9755249023438,29.30098533630371,geofence_hard_land,True,
1783703788.571229,2026-07-10T10:16:28,220163,20260710_101616,accel_decel_climb_down_y,accel_decel_with_climb,outbound,1,"{""accel_mps2"": 0.5, ""peak_speed_mps"": 0.375, ""cruise_s"": 0.5, ""axis"": ""y"", ""climb_start_m"": 0.9, ""climb_end_m"": 0.3}",landing,0.0,0.0,0.0,0.8999997138977051,0.0,1.1920928955078125e-06,0.0,0.8999997138977051,True,0.0264973733574152,0.004788174759596586,0.9977919459342957,0.10161653906106949,0.3124125003814697,0.04987099766731262,-256.0,3.0,63.0,25.0,0.025,0.0010970424627885222,-0.00011041257675969973,0.024050479754805565,0.0016624080017209053,-6.144428334664553e-05,0.010215156711637974,0.2172013819217682,1.3089780807495117,0.048601869493722916,0.024152636528015137,0.01017417386174202,3.4132197015424026e-06,0.000189800193766132,3.7002933025360107,10.0,0.0,0.0,0.0,0.0,0.0,0.28400000000000003,32.766,0.28400000000000003,0.34800000000000003,32.766,2018.2965087890625,809.9819946289062,29.313213348388672,geofence_hard_land,True,
1783703788.5814831,2026-07-10T10:16:28,220175,20260710_101616,accel_decel_climb_down_y,accel_decel_with_climb,outbound,1,"{""accel_mps2"": 0.5, ""peak_speed_mps"": 0.375, ""cruise_s"": 0.5, ""axis"": ""y"", ""climb_start_m"": 0.9, ""climb_end_m"": 0.3}",landing,0.0,0.0,0.0,0.8999997138977051,0.0,1.1920928955078125e-06,0.0,0.8999997138977051,True,0.024369655176997185,0.002587266732007265,0.996301531791687,0.11157713085412979,-0.1094617024064064,0.08640626072883606,0.0,0.0,63.0,25.0,0.025,0.002003698842599988,-0.00011054475180571899,0.024254251271486282,0.006255344487726688,0.00014342115900944918,0.01001826860010624,0.2172013819217682,1.3089780807495117,0.048601869493722916,0.024152636528015137,0.01017417386174202,3.4132197015424026e-06,0.000189800193766132,3.7002933025360107,10.0,0.0,0.0,0.0,0.0,0.0,0.28400000000000003,32.766,0.28400000000000003,0.34800000000000003,32.766,2018.2965087890625,809.9819946289062,29.313213348388672,geofence_hard_land,True,
1783703788.5916698,2026-07-10T10:16:28,220183,20260710_101616,accel_decel_climb_down_y,accel_decel_with_climb,outbound,1,"{""accel_mps2"": 0.5, ""peak_speed_mps"": 0.375, ""cruise_s"": 0.5, ""axis"": ""y"", ""climb_start_m"": 0.9, ""climb_end_m"": 0.3}",landing,0.0,0.0,0.0,0.8999997138977051,0.0,1.1920928955078125e-06,0.0,0.8999997138977051,True,0.022411461919546127,0.004603789187967777,1.0002268552780151,-0.06639571487903595,-0.04138515144586563,-0.028892287984490395,0.0,-3.0,66.0,25.0,0.025,0.002003698842599988,-0.00011054475180571899,0.024254251271486282,0.006255344487726688,0.00014342115900944918,0.01001826860010624,0.21870112419128418,1.2746013402938843,0.05081555247306824,0.024152636528015137,0.01017417386174202,3.4132197015424026e-06,0.000189800193766132,3.7002933025360107,10.0,0.0,0.0,0.0,0.0,0.0,0.28400000000000003,32.766,0.28400000000000003,0.34800000000000003,32.766,2018.2965087890625,809.9819946289062,29.313213348388672,geofence_hard_land,True,
1783703788.6018455,2026-07-10T10:16:28,220195,20260710_101616,accel_decel_climb_down_y,accel_decel_with_climb,outbound,1,"{""accel_mps2"": 0.5, ""peak_speed_mps"": 0.375, ""cruise_s"": 0.5, ""axis"": ""y"", ""climb_start_m"": 0.9, ""climb_end_m"": 0.3}",landing,0.0,0.0,0.0,0.8999997138977051,0.0,1.1920928955078125e-06,0.0,0.8999997138977051,True,0.024476969614624977,0.004371819086372852,0.9992268681526184,-0.20304115116596222,-0.1423337161540985,0.010942880064249039,0.0,0.0,50.0,23.0,0.023,0.0011231332318857312,-0.00010509363346500322,0.023832814767956734,0.001825956511311233,0.0001728407951304689,0.006562864873558283,0.21870112419128418,1.2746013402938843,0.05081555247306824,0.024152636528015137,0.01017417386174202,3.4132197015424026e-06,0.000189800193766132,3.7002933025360107,10.0,0.0,0.0,0.0,0.0,0.0,0.28400000000000003,32.766,0.28400000000000003,0.34800000000000003,32.766,2018.2965087890625,809.9819946289062,29.313213348388672,geofence_hard_land,True,
1783703788.6120214,2026-07-10T10:16:28,220203,20260710_101616,accel_decel_climb_down_y,accel_decel_with_climb,outbound,1,"{""accel_mps2"": 0.5, ""peak_speed_mps"": 0.375, ""cruise_s"": 0.5, ""axis"": ""y"", ""climb_start_m"": 0.9, ""climb_end_m"": 0.3}",landing,0.0,0.0,0.0,0.8999997138977051,0.0,1.1920928955078125e-06,0.0,0.8999997138977051,True,0.025830429047346115,0.002839831868186593,1.0004442930221558,-0.11417217552661896,0.37832707166671753,0.30175715684890747,0.0,0.0,55.0,23.0,0.023,0.0011231332318857312,-0.00010509363346500322,0.023832814767956734,0.001825956511311233,0.0001728407951304689,0.006562864873558283,0.21719475090503693,1.3093477487564087,0.050423797219991684,0.024152636528015137,0.01017417386174202,3.4132197015424026e-06,0.000189800193766132,3.7002933025360107,10.0,0.0,0.0,0.0,0.0,0.0,0.28400000000000003,32.766,0.28400000000000003,0.34800000000000003,32.766,2018.2965087890625,809.9819946289062,29.313213348388672,geofence_hard_land,True,
1783703788.6222022,2026-07-10T10:16:28,220215,20260710_101616,accel_decel_climb_down_y,accel_decel_with_climb,outbound,1,"{""accel_mps2"": 0.5, ""peak_speed_mps"": 0.375, ""cruise_s"": 0.5, ""axis"": ""y"", ""climb_start_m"": 0.9, ""climb_end_m"": 0.3}",landing,0.0,0.0,0.0,0.8999997138977051,0.0,1.1920928955078125e-06,0.0,0.8999997138977051,True,0.023880470544099808,0.0014922767877578735,1.00118887424469,0.1997508853673935,-0.021783336997032166,-0.29848575592041016,0.0,-1.0,66.0,23.0,0.023,0.0014429446309804916,-0.00010909228876698762,0.02396293729543686,0.003648647340014577,-6.53201141176396e-07,0.006532047409564257,0.21719475090503693,1.3093477487564087,0.050423797219991684,0.023962855339050293,0.006474089343100786,3.3150836316053756e-06,0.00018463634478393942,3.7002933025360107,10.0,0.0,0.0,0.0,0.0,0.0,0.28400000000000003,32.766,0.281,0.34600000000000003,2.845,2018.2965087890625,809.9819946289062,29.313213348388672,geofence_hard_land,True,
1783703788.6324747,2026-07-10T10:16:28,220223,20260710_101616,accel_decel_climb_down_y,accel_decel_with_climb,outbound,1,"{""accel_mps2"": 0.5, ""peak_speed_mps"": 0.375, ""cruise_s"": 0.5, ""axis"": ""y"", ""climb_start_m"": 0.9, ""climb_end_m"": 0.3}",landing,0.0,0.0,0.0,0.8999997138977051,0.0,1.1920928955078125e-06,0.0,0.8999997138977051,True,0.023358449339866638,0.003705846145749092,0.9993595480918884,0.20834968984127045,-0.159923255443573,0.10514459013938904,0.0,-255.0,66.0,23.0,0.023,0.0014429446309804916,-0.00010909228876698762,0.02396293729543686,0.003648647340014577,-6.53201141176396e-07,0.006532047409564257,0.2162330448627472,1.294677734375,0.05016056075692177,0.023962855339050293,0.006474089343100786,3.3150836316053756e-06,0.00018463634478393942,3.7002933025360107,10.0,0.0,0.0,0.0,0.0,0.0,0.28400000000000003,32.766,0.281,0.34600000000000003,2.845,2018.2965087890625,809.9819946289062,29.313213348388672,geofence_hard_land,True,
1783703788.6426713,2026-07-10T10:16:28,220235,20260710_101616,accel_decel_climb_down_y,accel_decel_with_climb,outbound,1,"{""accel_mps2"": 0.5, ""peak_speed_mps"": 0.375, ""cruise_s"": 0.5, ""axis"": ""y"", ""climb_start_m"": 0.9, ""climb_end_m"": 0.3}",landing,0.0,0.0,0.0,0.8999997138977051,0.0,1.1920928955078125e-06,0.0,0.8999997138977051,True,0.02649511955678463,0.004212863277643919,1.0015774965286255,-0.03639762103557587,-0.240754172205925,-0.06821063905954361,1.0,1.0,61.0,23.0,0.023,0.0019847354851663113,-0.00040341101703234017,0.02409600466489792,0.006257418543100357,-0.0016142083331942558,0.00668478524312377,0.2162330448627472,1.294677734375,0.05016056075692177,0.023962855339050293,0.006474089343100786,3.3150836316053756e-06,0.00018463634478393942,3.7002933025360107,10.0,0.0,0.0,0.0,0.0,0.0,0.28400000000000003,32.766,0.281,0.34600000000000003,2.845,2018.2965087890625,809.9819946289062,29.313213348388672,geofence_hard_land,True,
1783703788.6528535,2026-07-10T10:16:28,220243,20260710_101616,accel_decel_climb_down_y,accel_decel_with_climb,outbound,1,"{""accel_mps2"": 0.5, ""peak_speed_mps"": 0.375, ""cruise_s"": 0.5, ""axis"": ""y"", ""climb_start_m"": 0.9, ""climb_end_m"": 0.3}",landing,0.0,0.0,0.0,0.8999997138977051,0.0,1.1920928955078125e-06,0.0,0.8999997138977051,True,0.025042101740837097,0.0064736842177808285,1.0014864206314087,0.25034597516059875,0.7566498517990112,0.024944720789790154,-1.0,-254.0,71.0,25.0,0.025,0.0019847354851663113,-0.00040341101703234017,0.02409600466489792,0.006257418543100357,-0.0016142083331942558,0.00668478524312377,0.22910873591899872,1.275385856628418,0.04947105422616005,0.023962855339050293,0.006474089343100786,3.3150836316053756e-06,0.00018463634478393942,3.7002933025360107,10.0,0.0,0.0,0.0,0.0,0.0,0.28400000000000003,32.766,0.281,0.34600000000000003,2.845,2018.2965087890625,809.9819946289062,29.313213348388672,geofence_hard_land,True,
1783703788.6630485,2026-07-10T10:16:28,220255,20260710_101616,accel_decel_climb_down_y,accel_decel_with_climb,outbound,1,"{""accel_mps2"": 0.5, ""peak_speed_mps"": 0.375, ""cruise_s"": 0.5, ""axis"": ""y"", ""climb_start_m"": 0.9, ""climb_end_m"": 0.3}",landing,0.0,0.0,0.0,0.8999997138977051,0.0,1.1920928955078125e-06,0.0,0.8999997138977051,True,0.02453984133899212,0.004651668947190046,0.9997337460517883,-0.11669156700372696,-0.05149443820118904,-0.15618056058883667,-256.0,2.0,63.0,25.0,0.025,0.0010787586215883493,-0.00012245538528077304,0.024633284658193588,0.001988016301766038,0.00010741945152403787,0.008923914283514023,0.22910873591899872,1.275385856628418,0.04947105422616005,0.023962855339050293,0.006474089343100786,3.3150836316053756e-06,0.00018463634478393942,3.7002933025360107,10.0,0.0,0.0,0.0,0.0,0.0,0.28400000000000003,32.766,0.281,0.34600000000000003,2.845,2018.2965087890625,809.9819946289062,29.313213348388672,geofence_hard_land,True,
1783703788.6733057,2026-07-10T10:16:28,220263,20260710_101616,accel_decel_climb_down_y,accel_decel_with_climb,outbound,1,"{""accel_mps2"": 0.5, ""peak_speed_mps"": 0.375, ""cruise_s"": 0.5, ""axis"": ""y"", ""climb_start_m"": 0.9, ""climb_end_m"": 0.3}",landing,0.0,0.0,0.0,0.8999997138977051,0.0,1.1920928955078125e-06,0.0,0.8999997138977051,True,0.024926163256168365,0.0032081177923828363,0.9996803998947144,0.040045469999313354,-0.17701800167560577,-0.11534690856933594,0.0,0.0,66.0,25.0,0.025,0.0010787586215883493,-0.00012245538528077304,0.024633284658193588,0.001988016301766038,0.00010741945152403787,0.008923914283514023,0.2188766598701477,1.3077139854431152,0.04947058856487274,0.02472192607820034,0.00875326432287693,3.413230615478824e-06,0.00018979802553076297,3.7002933025360107,10.0,0.0,0.0,0.0,0.0,0.0,32.766,32.766,0.281,0.34600000000000003,2.845,2018.3623046875,809.9762573242188,29.321434020996094,geofence_hard_land,True,
1783703788.6834967,2026-07-10T10:16:28,220275,20260710_101616,accel_decel_climb_down_y,accel_decel_with_climb,outbound,1,"{""accel_mps2"": 0.5, ""peak_speed_mps"": 0.375, ""cruise_s"": 0.5, ""axis"": ""y"", ""climb_start_m"": 0.9, ""climb_end_m"": 0.3}",landing,0.0,0.0,0.0,0.8999997138977051,0.0,1.1920928955078125e-06,0.0,0.8999997138977051,True,0.023991478607058525,0.001604336081072688,1.000491976737976,-0.05322956666350365,-0.10527477413415909,0.10619263350963593,1.0,0.0,66.0,25.0,0.025,0.0019478152971714735,-0.00040900387102738023,0.02481049671769142,0.006326556205749512,-0.0012555781286209822,0.008858411572873592,0.2188766598701477,1.3077139854431152,0.04947058856487274,0.02472192607820034,0.00875326432287693,3.413230615478824e-06,0.00018979802553076297,3.7002933025360107,10.0,0.0,0.0,0.0,0.0,0.0,32.766,32.766,0.281,0.34600000000000003,2.845,2018.3623046875,809.9762573242188,29.321434020996094,geofence_hard_land,True,
1783703788.6936677,2026-07-10T10:16:28,220283,20260710_101616,accel_decel_climb_down_y,accel_decel_with_climb,outbound,1,"{""accel_mps2"": 0.5, ""peak_speed_mps"": 0.375, ""cruise_s"": 0.5, ""axis"": ""y"", ""climb_start_m"": 0.9, ""climb_end_m"": 0.3}",landing,0.0,0.0,0.0,0.8999997138977051,0.0,1.1920928955078125e-06,0.0,0.8999997138977051,True,0.024756044149398804,0.005334485322237015,0.9996664524078369,0.23270462453365326,-0.05434555187821388,-0.02991335839033127,255.0,-3.0,73.0,25.0,0.025,0.0019478152971714735,-0.00040900387102738023,0.02481049671769142,0.006326556205749512,-0.0012555781286209822,0.008858411572873592,0.22888197004795074,1.276006817817688,0.04768920689821243,0.02472192607820034,0.00875326432287693,3.413230615478824e-06,0.00018979802553076297,3.7002933025360107,10.0,0.0,0.0,0.0,0.0,0.0,32.766,32.766,0.281,0.34600000000000003,2.845,2018.3623046875,809.9762573242188,29.321434020996094,geofence_hard_land,True,
1783703788.703841,2026-07-10T10:16:28,220295,20260710_101616,accel_decel_climb_down_y,accel_decel_with_climb,outbound,1,"{""accel_mps2"": 0.5, ""peak_speed_mps"": 0.375, ""cruise_s"": 0.5, ""axis"": ""y"", ""climb_start_m"": 0.9, ""climb_end_m"": 0.3}",landing,0.0,0.0,0.0,0.8999997138977051,0.0,1.1920928955078125e-06,0.0,0.8999997138977051,True,0.025133732706308365,0.0029794136062264442,0.9992237091064453,-0.014859993942081928,-0.02120518498122692,-0.04925556853413582,0.0,3.0,51.0,26.0,0.026,0.0004977278294973075,-0.00012949669326189905,0.02542709745466709,-0.0008193666581064463,9.385761950397864e-05,0.01129413116723299,0.22888197004795074,1.276006817817688,0.04768920689821243,0.02472192607820034,0.00875326432287693,3.413230615478824e-06,0.00018979802553076297,3.7002933025360107,10.0,0.0,0.0,0.0,0.0,0.0,32.766,32.766,0.281,0.34600000000000003,2.845,2018.3623046875,809.9762573242188,29.321434020996094,geofence_hard_land,True,
1783703788.7140336,2026-07-10T10:16:28,220303,20260710_101616,accel_decel_climb_down_y,accel_decel_with_climb,outbound,1,"{""accel_mps2"": 0.5, ""peak_speed_mps"": 0.375, ""cruise_s"": 0.5, ""axis"": ""y"", ""climb_start_m"": 0.9, ""climb_end_m"": 0.3}",landing,0.0,0.0,0.0,0.8999997138977051,0.0,1.1920928955078125e-06,0.0,0.8999997138977051,True,0.025566481053829193,0.0009195067104883492,1.0005078315734863,-0.11971919983625412,-0.009624478407204151,-0.339430570602417,0.0,255.0,56.0,26.0,0.026,0.0004977278294973075,-0.00012949669326189905,0.02542709745466709,-0.0008193666581064463,9.385761950397864e-05,0.01129413116723299,0.21806217730045319,1.3329838514328003,0.048304859548807144,0.02472192607820034,0.00875326432287693,3.413230615478824e-06,0.00018979802553076297,3.7002933025360107,10.0,0.0,0.0,0.0,0.0,0.0,32.766,32.766,0.281,0.34600000000000003,2.845,2018.3623046875,809.9762573242188,29.321434020996094,geofence_hard_land,True,
1783703788.7242336,2026-07-10T10:16:28,220315,20260710_101616,accel_decel_climb_down_y,accel_decel_with_climb,outbound,1,"{""accel_mps2"": 0.5, ""peak_speed_mps"": 0.375, ""cruise_s"": 0.5, ""axis"": ""y"", ""climb_start_m"": 0.9, ""climb_end_m"": 0.3}",landing,0.0,0.0,0.0,0.8999997138977051,0.0,1.1920928955078125e-06,0.0,0.8999997138977051,True,0.02597670629620552,0.0042348457500338554,1.0007776021957397,0.2078106701374054,-0.011053383350372314,-0.0745178833603859,0.0,0.0,70.0,26.0,0.026,0.0007779697771184146,-0.00013101990043651313,0.02565416879951954,0.0009887865744531155,-0.00025300277047790587,0.011340421624481678,0.21806217730045319,1.3329838514328003,0.048304859548807144,0.02565416879951954,0.011315501295030117,3.3150943181681214e-06,0.00018462988373357803,3.7002933025360107,10.0,0.0,0.0,0.0,0.0,0.0,32.766,32.766,0.28,32.766,2.851,2018.3623046875,809.9762573242188,29.321434020996094,geofence_hard_land,True,
1783703788.7344327,2026-07-10T10:16:28,220323,20260710_101616,accel_decel_climb_down_y,accel_decel_with_climb,outbound,1,"{""accel_mps2"": 0.5, ""peak_speed_mps"": 0.375, ""cruise_s"": 0.5, ""axis"": ""y"", ""climb_start_m"": 0.9, ""climb_end_m"": 0.3}",landing,0.0,0.0,0.0,0.8999997138977051,0.0,1.1920928955078125e-06,0.0,0.8999997138977051,True,0.025649109855294228,0.005025298800319433,0.9993218779563904,0.08894634991884232,-0.20801249146461487,-0.1143556460738182,0.0,255.0,70.0,26.0,0.026,0.0007779697771184146,-0.00013101990043651313,0.02565416879951954,0.0009887865744531155,-0.00025300277047790587,0.011340421624481678,0.21848459541797638,1.322077751159668,0.04745190218091011,0.02565416879951954,0.011315501295030117,3.3150943181681214e-06,0.00018462988373357803,3.7002933025360107,10.0,0.0,0.0,0.0,0.0,0.0,32.766,32.766,0.28,32.766,2.851,2018.3623046875,809.9762573242188,29.321434020996094,geofence_hard_land,True,
1783703788.7446105,2026-07-10T10:16:28,220338,20260710_101616,accel_decel_climb_down_y,accel_decel_with_climb,outbound,1,"{""accel_mps2"": 0.5, ""peak_speed_mps"": 0.375, ""cruise_s"": 0.5, ""axis"": ""y"", ""climb_start_m"": 0.9, ""climb_end_m"": 0.3}",landing,0.0,0.0,0.0,0.8999997138977051,0.0,1.1920928955078125e-06,0.0,0.8999997138977051,True,0.021845556795597076,0.003941904753446579,1.000830054283142,0.1368533968925476,-0.0044428459368646145,0.010109410621225834,1.0,-1.0,62.0,26.0,0.026,0.0015715544577687979,-0.0004068527778144926,0.025881841778755188,0.005206937436014414,-0.0014112963108345866,0.011391669511795044,0.2306889295578003,1.2922598123550415,0.046797014772892,0.02565416879951954,0.011315501295030117,3.3150943181681214e-06,0.00018462988373357803,3.7002933025360107,10.0,0.0,0.0,0.0,0.0,0.0,32.766,32.766,0.28,32.766,2.851,2018.3623046875,809.9762573242188,29.321434020996094,geofence_hard_land,True,
1783703788.754795,2026-07-10T10:16:28,220343,20260710_101616,accel_decel_climb_down_y,accel_decel_with_climb,outbound,1,"{""accel_mps2"": 0.5, ""peak_speed_mps"": 0.375, ""cruise_s"": 0.5, ""axis"": ""y"", ""climb_start_m"": 0.9, ""climb_end_m"": 0.3}",landing,0.0,0.0,0.0,0.8999997138977051,0.0,1.1920928955078125e-06,0.0,0.8999997138977051,True,0.02202933095395565,0.002997954608872533,1.0028126239776611,0.2075357586145401,-0.004948129877448082,-0.12155666947364807,-1.0,-255.0,67.0,24.0,0.024,0.0015715544577687979,-0.0004068527778144926,0.025881841778755188,0.005206937436014414,-0.0014112963108345866,0.011391669511795044,0.2306889295578003,1.2922598123550415,0.046797014772892,0.02565416879951954,0.011315501295030117,3.3150943181681214e-06,0.00018462988373357803,3.7002933025360107,10.0,0.0,0.0,0.0,0.0,0.0,32.766,32.766,0.28,32.766,2.851,2018.3623046875,809.9762573242188,29.321434020996094,geofence_hard_land,True,
1783703788.7649698,2026-07-10T10:16:28,220358,20260710_101616,accel_decel_climb_down_y,accel_decel_with_climb,outbound,1,"{""accel_mps2"": 0.5, ""peak_speed_mps"": 0.375, ""cruise_s"": 0.5, ""axis"": ""y"", ""climb_start_m"": 0.9, ""climb_end_m"": 0.3}",landing,0.0,0.0,0.0,0.8999997138977051,0.0,1.1920928955078125e-06,0.0,0.8999997138977051,True,0.02203642576932907,0.0038082159589976072,0.9994583129882812,0.018252896144986153,-0.18104007840156555,-0.19395014643669128,0.0,1.0,64.0,24.0,0.024,0.001028989558108151,-0.00013739499263465405,0.025293627753853798,0.001980068627744913,-0.00011121620627818629,0.00798815954476595,0.22220653295516968,1.3148785829544067,0.04652337729930878,0.02565416879951954,0.011315501295030117,3.3150943181681214e-06,0.00018462988373357803,3.7002933025360107,10.0,0.0,0.0,0.0,0.0,0.0,32.766,32.766,0.28,32.766,2.851,2018.3623046875,809.9762573242188,29.321434020996094,geofence_hard_land,True,
1783703788.7751396,2026-07-10T10:16:28,220363,20260710_101616,accel_decel_climb_down_y,accel_decel_with_climb,outbound,1,"{""accel_mps2"": 0.5, ""peak_speed_mps"": 0.375, ""cruise_s"": 0.5, ""axis"": ""y"", ""climb_start_m"": 0.9, ""climb_end_m"": 0.3}",landing,0.0,0.0,0.0,0.8999997138977051,0.0,1.1920928955078125e-06,0.0,0.8999997138977051,True,0.020229391753673553,0.0041628144681453705,0.9978998899459839,0.09682457894086838,0.32099518179893494,-0.26647189259529114,0.0,0.0,73.0,24.0,0.024,0.001028989558108151,-0.00013739499263465405,0.025293627753853798,0.001980068627744913,-0.00011121620627818629,0.00798815954476595,0.22220653295516968,1.3148785829544067,0.04652337729930878,0.025373108685016632,0.007864199578762054,3.4132283417420695e-06,0.00018979782180394977,3.7002933025360107,10.0,0.0,0.0,0.0,0.0,0.0,32.766,32.766,0.28,32.766,2.851,2018.2474365234375,809.9864501953125,29.331153869628906,geofence_hard_land,True,
1783703788.7853389,2026-07-10T10:16:28,220378,20260710_101616,accel_decel_climb_down_y,accel_decel_with_climb,outbound,1,"{""accel_mps2"": 0.5, ""peak_speed_mps"": 0.375, ""cruise_s"": 0.5, ""axis"": ""y"", ""climb_start_m"": 0.9, ""climb_end_m"": 0.3}",landing,0.0,0.0,0.0,0.8999997138977051,0.0,1.1920928955078125e-06,0.0,0.8999997138977051,True,0.023478416725993156,0.004658068530261517,0.9988919496536255,-0.02153667062520981,0.2304506003856659,0.20366419851779938,0.0,0.0,73.0,24.0,0.024,0.0018505764892324805,-0.00013911644055042416,0.0254519060254097,0.005539017263799906,-7.849415123928338e-05,0.007687211036682129,0.22278040647506714,1.2807952165603638,0.04398961365222931,0.025373108685016632,0.007864199578762054,3.4132283417420695e-06,0.00018979782180394977,3.7002933025360107,10.0,0.0,0.0,0.0,0.0,0.0,32.766,32.766,0.28,32.766,2.851,2018.2474365234375,809.9864501953125,29.331153869628906,geofence_hard_land,True,
1783703788.7955272,2026-07-10T10:16:28,220383,20260710_101616,accel_decel_climb_down_y,accel_decel_with_climb,outbound,1,"{""accel_mps2"": 0.5, ""peak_speed_mps"": 0.375, ""cruise_s"": 0.5, ""axis"": ""y"", ""climb_start_m"": 0.9, ""climb_end_m"": 0.3}",landing,0.0,0.0,0.0,0.8999997138977051,0.0,1.1920928955078125e-06,0.0,0.8999997138977051,True,0.023403028026223183,0.0031481198966503143,0.997331976890564,0.18309210240840912,0.12123028188943863,-0.15033793449401855,0.0,-3.0,74.0,24.0,0.024,0.0018505764892324805,-0.00013911644055042416,0.0254519060254097,0.005539017263799906,-7.849415123928338e-05,0.007687211036682129,0.22278040647506714,1.2807952165603638,0.04398961365222931,0.025373108685016632,0.007864199578762054,3.4132283417420695e-06,0.00018979782180394977,3.7002933025360107,10.0,0.0,0.0,0.0,0.0,0.0,32.766,32.766,0.28,32.766,2.851,2018.2474365234375,809.9864501953125,29.331153869628906,geofence_hard_land,True,
1783703788.8056939,2026-07-10T10:16:28,220398,20260710_101616,accel_decel_climb_down_y,accel_decel_with_climb,outbound,1,"{""accel_mps2"": 0.5, ""peak_speed_mps"": 0.375, ""cruise_s"": 0.5, ""axis"": ""y"", ""climb_start_m"": 0.9, ""climb_end_m"": 0.3}",landing,0.0,0.0,0.0,0.8999997138977051,0.0,1.1920928955078125e-06,0.0,0.8999997138977051,True,0.024519557133316994,0.004048056900501251,0.9992323517799377,-0.049958765506744385,-0.06119588017463684,0.08292058110237122,0.0,0.0,49.0,21.0,0.021,0.0011014691554009914,-0.000135646594571881,0.023632675409317017,0.0016417406732216477,-2.0585814127116464e-05,-0.0029373804572969675,0.22525396943092346,1.3100100755691528,0.04425862804055214,0.025373108685016632,0.007864199578762054,3.4132283417420695e-06,0.00018979782180394977,3.7002933025360107,10.0,0.0,0.0,0.0,0.0,0.0,32.766,32.766,0.28,32.766,2.851,2018.2474365234375,809.9864501953125,29.331153869628906,geofence_hard_land,True,
1783703788.8158674,2026-07-10T10:16:28,220409,20260710_101616,accel_decel_climb_down_y,accel_decel_with_climb,outbound,1,"{""accel_mps2"": 0.5, ""peak_speed_mps"": 0.375, ""cruise_s"": 0.5, ""axis"": ""y"", ""climb_start_m"": 0.9, ""climb_end_m"": 0.3}",landing,0.0,0.0,0.0,0.8999997138977051,0.0,1.1920928955078125e-06,0.0,0.8999997138977051,True,0.02506227046251297,0.0025700496044009924,1.0025345087051392,0.062401071190834045,0.14676699042320251,0.05897407606244087,0.0,0.0,56.0,21.0,0.021,0.0011014691554009914,-0.000135646594571881,0.023632675409317017,0.0016417406732216477,-2.0585814127116464e-05,-0.0029373804572969675,0.22525396943092346,1.3100100755691528,0.04425862804055214,0.023575514554977417,-0.002693160204216838,3.3150738545373315e-06,0.00018463410378899425,3.7002933025360107,10.0,0.0,0.0,0.0,0.0,0.0,32.766,32.766,0.28,32.766,2.851,2018.2474365234375,809.9864501953125,29.331153869628906,geofence_hard_land,True,
1783703788.8260384,2026-07-10T10:16:28,220418,20260710_101616,accel_decel_climb_down_y,accel_decel_with_climb,outbound,1,"{""accel_mps2"": 0.5, ""peak_speed_mps"": 0.375, ""cruise_s"": 0.5, ""axis"": ""y"", ""climb_start_m"": 0.9, ""climb_end_m"": 0.3}",landing,0.0,0.0,0.0,0.8999997138977051,0.0,1.1920928955078125e-06,0.0,0.8999997138977051,True,0.025142932310700417,0.004295548424124718,1.0014598369598389,-0.04728587716817856,-0.22831866145133972,0.05898069962859154,0.0,0.0,69.0,21.0,0.021,0.0011376598849892616,-0.0001370145328110084,0.023575514554977417,0.002015552716329694,-0.00014504171849694103,-0.002648495137691498,0.22508415579795837,1.3062361478805542,0.04406443238258362,0.023575514554977417,-0.002693160204216838,3.3150738545373315e-06,0.00018463410378899425,3.7002933025360107,10.0,0.0,0.0,0.0,0.0,0.0,32.766,32.766,0.28200000000000003,0.34500000000000003,2.86,2018.2474365234375,809.9864501953125,29.331153869628906,geofence_hard_land,True,
1783703788.8362103,2026-07-10T10:16:28,220423,20260710_101616,accel_decel_climb_down_y,accel_decel_with_climb,outbound,1,"{""accel_mps2"": 0.5, ""peak_speed_mps"": 0.375, ""cruise_s"": 0.5, ""axis"": ""y"", ""climb_start_m"": 0.9, ""climb_end_m"": 0.3}",landing,0.0,0.0,0.0,0.8999997138977051,0.0,1.1920928955078125e-06,0.0,0.8999997138977051,True,0.023836445063352585,0.0022273275535553694,1.0001816749572754,0.13225220143795013,0.26391229033470154,-0.030552633106708527,0.0,0.0,69.0,21.0,0.021,0.0011376598849892616,-0.0001370145328110084,0.023575514554977417,0.002015552716329694,-0.00014504171849694103,-0.002648495137691498,0.22508415579795837,1.3062361478805542,0.04406443238258362,0.023575514554977417,-0.002693160204216838,3.3150738545373315e-06,0.00018463410378899425,3.7002933025360107,10.0,0.0,0.0,0.0,0.0,0.0,32.766,32.766,0.28200000000000003,0.34500000000000003,2.86,2018.2474365234375,809.9864501953125,29.331153869628906,geofence_hard_land,True,
1783703788.8464103,2026-07-10T10:16:28,220438,20260710_101616,accel_decel_climb_down_y,accel_decel_with_climb,outbound,1,"{""accel_mps2"": 0.5, ""peak_speed_mps"": 0.375, ""cruise_s"": 0.5, ""axis"": ""y"", ""climb_start_m"": 0.9, ""climb_end_m"": 0.3}",landing,0.0,0.0,0.0,0.8999997138977051,0.0,1.1920928955078125e-06,0.0,0.8999997138977051,True,0.025296103209257126,0.0021345969289541245,1.0006814002990723,0.11223433911800385,0.3481510877609253,0.008019519969820976,0.0,0.0,68.0,21.0,0.021,0.0020787182729691267,-0.00013688007311429828,0.02352486550807953,0.006769111845642328,-0.00029721902683377266,-0.002460908843204379,0.22371160984039307,1.2689253091812134,0.04398748651146889,0.023575514554977417,-0.002693160204216838,3.3150738545373315e-06,0.00018463410378899425,3.7002933025360107,10.0,0.0,0.0,0.0,0.0,0.0,32.766,32.766,0.28200000000000003,0.34500000000000003,2.86,2018.2474365234375,809.9864501953125,29.331153869628906,geofence_hard_land,True,
1783703788.8565888,2026-07-10T10:16:28,220443,20260710_101616,accel_decel_climb_down_y,accel_decel_with_climb,outbound,1,"{""accel_mps2"": 0.5, ""peak_speed_mps"": 0.375, ""cruise_s"": 0.5, ""axis"": ""y"", ""climb_start_m"": 0.9, ""climb_end_m"": 0.3}",landing,0.0,0.0,0.0,0.8999997138977051,0.0,1.1920928955078125e-06,0.0,0.8999997138977051,True,0.02519955486059189,0.005017207469791174,0.9998536705970764,0.060893360525369644,0.11892396211624146,-0.08388147503137589,0.0,-254.0,72.0,22.0,0.022,0.0020787182729691267,-0.00013688007311429828,0.02352486550807953,0.006769111845642328,-0.00029721902683377266,-0.002460908843204379,0.22371160984039307,1.2689253091812134,0.04398748651146889,0.023575514554977417,-0.002693160204216838,3.3150738545373315e-06,0.00018463410378899425,3.7002933025360107,10.0,0.0,0.0,0.0,0.0,0.0,32.766,32.766,0.28200000000000003,0.34500000000000003,2.86,2018.2474365234375,809.9864501953125,29.331153869628906,geofence_hard_land,True,
1783703788.866777,2026-07-10T10:16:28,220460,20260710_101616,accel_decel_climb_down_y,accel_decel_with_climb,outbound,1,"{""accel_mps2"": 0.5, ""peak_speed_mps"": 0.375, ""cruise_s"": 0.5, ""axis"": ""y"", ""climb_start_m"": 0.9, ""climb_end_m"": 0.3}",landing,0.0,0.0,0.0,0.8999997138977051,0.0,1.1920928955078125e-06,0.0,0.8999997138977051,True,0.02213416062295437,0.0027407275047153234,1.000481367111206,0.22349794209003448,-0.11024078726768494,0.09674859791994095,0.0,2.0,65.0,22.0,0.022,0.0015018392587080598,-0.00013607292203232646,0.022813154384493828,0.0038967872969806194,-0.00034648453583940864,-0.0055501582100987434,0.22371986508369446,1.2901698350906372,0.04408444091677666,0.022758370265364647,-0.005490360781550407,3.4132083328586305e-06,0.00018980572349391878,3.7002933025360107,10.0,0.0,0.0,0.0,0.0,0.0,32.766,32.766,0.28200000000000003,0.34500000000000003,2.86,2018.2474365234375,809.9864501953125,29.331153869628906,geofence_hard_land,True,
1783703788.8769536,2026-07-10T10:16:28,220463,20260710_101616,accel_decel_climb_down_y,accel_decel_with_climb,outbound,1,"{""accel_mps2"": 0.5, ""peak_speed_mps"": 0.375, ""cruise_s"": 0.5, ""axis"": ""y"", ""climb_start_m"": 0.9, ""climb_end_m"": 0.3}",landing,0.0,0.0,0.0,0.8999997138977051,0.0,1.1920928955078125e-06,0.0,0.8999997138977051,True,0.024486685171723366,0.0026962978299707174,1.0031304359436035,-0.10921631753444672,0.40102800726890564,0.18879877030849457,0.0,1.0,78.0,22.0,0.022,0.0015018392587080598,-0.00013607292203232646,0.022813154384493828,0.0038967872969806194,-0.00034648453583940864,-0.0055501582100987434,0.22371986508369446,1.2901698350906372,0.04408444091677666,0.022758370265364647,-0.005490360781550407,3.4132083328586305e-06,0.00018980572349391878,3.7002933025360107,10.0,0.0,0.0,0.0,0.0,0.0,0.28600000000000003,32.766,0.28200000000000003,0.34500000000000003,2.86,2018.23095703125,809.98779296875,29.34087371826172,geofence_hard_land,True,
1783703788.8871279,2026-07-10T10:16:28,220478,20260710_101616,accel_decel_climb_down_y,accel_decel_with_climb,outbound,1,"{""accel_mps2"": 0.5, ""peak_speed_mps"": 0.375, ""cruise_s"": 0.5, ""axis"": ""y"", ""climb_start_m"": 0.9, ""climb_end_m"": 0.3}",landing,0.0,0.0,0.0,0.8999997138977051,0.0,1.1920928955078125e-06,0.0,0.8999997138977051,True,0.02393663115799427,0.002219069516286254,0.9998235106468201,0.14856328070163727,0.27025869488716125,0.17322802543640137,0.0,1.0,78.0,22.0,0.022,0.0012046635383740067,-0.0001411301054758951,0.02270626090466976,0.0022624533157795668,-0.000573768571484834,-0.005126466508954763,0.22431111335754395,1.3015838861465454,0.0459839291870594,0.022758370265364647,-0.005490360781550407,3.4132083328586305e-06,0.00018980572349391878,3.7002933025360107,10.0,0.0,0.0,0.0,0.0,0.0,0.28600000000000003,32.766,0.28200000000000003,0.34500000000000003,2.86,2018.23095703125,809.98779296875,29.34087371826172,geofence_hard_land,True,
1783703788.8973036,2026-07-10T10:16:28,220483,20260710_101616,accel_decel_climb_down_y,accel_decel_with_climb,outbound,1,"{""accel_mps2"": 0.5, ""peak_speed_mps"": 0.375, ""cruise_s"": 0.5, ""axis"": ""y"", ""climb_start_m"": 0.9, ""climb_end_m"": 0.3}",landing,0.0,0.0,0.0,0.8999997138977051,0.0,1.1920928955078125e-06,0.0,0.8999997138977051,True,0.025731483474373817,0.0037240961100906134,1.0004751682281494,0.042971424758434296,-0.0346619114279747,-0.09770835191011429,0.0,0.0,74.0,22.0,0.022,0.0012046635383740067,-0.0001411301054758951,0.02270626090466976,0.0022624533157795668,-0.000573768571484834,-0.005126466508954763,0.22431111335754395,1.3015838861465454,0.0459839291870594,0.022758370265364647,-0.005490360781550407,3.4132083328586305e-06,0.00018980572349391878,3.7002933025360107,10.0,0.0,0.0,0.0,0.0,0.0,0.28600000000000003,32.766,0.28200000000000003,0.34500000000000003,2.86,2018.23095703125,809.98779296875,29.34087371826172,geofence_hard_land,True,
1783703788.9076796,2026-07-10T10:16:28,220501,20260710_101616,accel_decel_climb_down_y,accel_decel_with_climb,outbound,1,"{""accel_mps2"": 0.5, ""peak_speed_mps"": 0.375, ""cruise_s"": 0.5, ""axis"": ""y"", ""climb_start_m"": 0.9, ""climb_end_m"": 0.3}",landing,0.0,0.0,0.0,0.8999997138977051,0.0,1.1920928955078125e-06,0.0,0.8999997138977051,True,0.025136109441518784,0.0019535464234650135,1.0008550882339478,0.023885486647486687,-0.7191283106803894,-0.06973034143447876,0.0,0.0,49.0,23.0,0.023,0.001250734319910407,-0.00015561711916234344,0.02277388423681259,0.0027461948338896036,-0.000750547565985471,-0.00418919138610363,0.22560666501522064,1.297587513923645,0.045586101710796356,0.022758370265364647,-0.005490360781550407,3.4132083328586305e-06,0.00018980572349391878,3.7002933025360107,10.0,0.0,0.0,0.0,0.0,0.0,0.28600000000000003,32.766,0.28200000000000003,0.34500000000000003,2.86,2018.23095703125,809.98779296875,29.34087371826172,geofence_hard_land,True,
1783703788.917907,2026-07-10T10:16:28,220511,20260710_101616,accel_decel_climb_down_y,accel_decel_with_climb,outbound,1,"{""accel_mps2"": 0.5, ""peak_speed_mps"": 0.375, ""cruise_s"": 0.5, ""axis"": ""y"", ""climb_start_m"": 0.9, ""climb_end_m"": 0.3}",landing,0.0,0.0,0.0,0.8999997138977051,0.0,1.1920928955078125e-06,0.0,0.8999997138977051,True,0.025136109441518784,0.0019535464234650135,1.0008550882339478,0.023885486647486687,-0.7191283106803894,-0.06973034143447876,0.0,0.0,51.0,23.0,0.023,0.001250734319910407,-0.00015561711916234344,0.02277388423681259,0.0027461948338896036,-0.000750547565985471,-0.00418919138610363,0.22560666501522064,1.297587513923645,0.045586101710796356,0.0226912759244442,-0.004092437215149403,3.315081812615972e-06,0.00018464722961653024,3.7002933025360107,10.0,0.0,0.0,0.0,0.0,0.0,0.28600000000000003,32.766,0.28,0.34400000000000003,2.827,2018.23095703125,809.98779296875,29.34087371826172,geofence_hard_land,True,
1783703788.9281018,2026-07-10T10:16:28,220521,20260710_101616,accel_decel_climb_down_y,accel_decel_with_climb,outbound,1,"{""accel_mps2"": 0.5, ""peak_speed_mps"": 0.375, ""cruise_s"": 0.5, ""axis"": ""y"", ""climb_start_m"": 0.9, ""climb_end_m"": 0.3}",landing,0.0,0.0,0.0,0.8999997138977051,0.0,1.1920928955078125e-06,0.0,0.8999997138977051,True,0.024033071473240852,0.005108315031975508,0.9989105463027954,0.06527259945869446,0.05041809752583504,0.04744044318795204,0.0,0.0,66.0,23.0,0.023,0.0013118545757606626,-0.000173058666405268,0.0226912759244442,0.0033144967164844275,-0.0010246342280879617,-0.0040224469266831875,0.22589603066444397,1.2985916137695312,0.045576535165309906,0.0226912759244442,-0.004092437215149403,3.315081812615972e-06,0.00018464722961653024,3.7002933025360107,10.0,0.0,0.0,0.0,0.0,0.0,0.28600000000000003,32.766,0.28,0.34400000000000003,2.827,2018.23095703125,809.98779296875,29.34087371826172,geofence_hard_land,True,
1783703788.9382982,2026-07-10T10:16:28,220531,20260710_101616,accel_decel_climb_down_y,accel_decel_with_climb,outbound,1,"{""accel_mps2"": 0.5, ""peak_speed_mps"": 0.375, ""cruise_s"": 0.5, ""axis"": ""y"", ""climb_start_m"": 0.9, ""climb_end_m"": 0.3}",landing,0.0,0.0,0.0,0.8999997138977051,0.0,1.1920928955078125e-06,0.0,0.8999997138977051,True,0.021668149158358574,0.0073096975684165955,0.9983425736427307,-0.019889960065484047,-0.3774740397930145,-0.08621733635663986,0.0,255.0,68.0,23.0,0.023,0.0013118545757606626,-0.000173058666405268,0.0226912759244442,0.0033144967164844275,-0.0010246342280879617,-0.0040224469266831875,0.22589603066444397,1.2985916137695312,0.045576535165309906,0.0226912759244442,-0.004092437215149403,3.315081812615972e-06,0.00018464722961653024,3.7002933025360107,10.0,0.0,0.0,0.0,0.0,0.0,0.28600000000000003,32.766,0.28,0.34400000000000003,2.827,2018.23095703125,809.98779296875,29.34087371826172,geofence_hard_land,True,
1783703788.9485607,2026-07-10T10:16:28,220541,20260710_101616,accel_decel_climb_down_y,accel_decel_with_climb,outbound,1,"{""accel_mps2"": 0.5, ""peak_speed_mps"": 0.375, ""cruise_s"": 0.5, ""axis"": ""y"", ""climb_start_m"": 0.9, ""climb_end_m"": 0.3}",landing,0.0,0.0,0.0,0.8999997138977051,0.0,1.1920928955078125e-06,0.0,0.8999997138977051,True,0.024408971890807152,0.004250671714544296,1.0,0.058206707239151,-0.2796955704689026,-0.04995570704340935,0.0,-1.0,76.0,23.0,0.023,0.0012606160016730428,-0.00016197051445487887,0.0226130373775959,0.0029607352335006,-0.0006798712420277297,-0.00401414604857564,0.2245774120092392,1.2993993759155273,0.04663212224841118,0.0226912759244442,-0.004092437215149403,3.315081812615972e-06,0.00018464722961653024,3.7002933025360107,10.0,0.0,0.0,0.0,0.0,0.0,0.28600000000000003,32.766,0.28,0.34400000000000003,2.827,2018.23095703125,809.98779296875,29.34087371826172,geofence_hard_land,True,
1783703788.9587543,2026-07-10T10:16:28,220551,20260710_101616,accel_decel_climb_down_y,accel_decel_with_climb,outbound,1,"{""accel_mps2"": 0.5, ""peak_speed_mps"": 0.375, ""cruise_s"": 0.5, ""axis"": ""y"", ""climb_start_m"": 0.9, ""climb_end_m"": 0.3}",landing,0.0,0.0,0.0,0.8999997138977051,0.0,1.1920928955078125e-06,0.0,0.8999997138977051,True,0.024604128673672676,0.0037073949351906776,0.9978368282318115,0.04626375436782837,0.4488278925418854,-0.09307441860437393,0.0,255.0,72.0,25.0,0.025,0.0012606160016730428,-0.00016197051445487887,0.0226130373775959,0.0029607352335006,-0.0006798712420277297,-0.00401414604857564,0.2245774120092392,1.2993993759155273,0.04663212224841118,0.0226912759244442,-0.004092437215149403,3.315081812615972e-06,0.00018464722961653024,3.7002933025360107,10.0,0.0,0.0,0.0,0.0,0.0,0.28600000000000003,32.766,0.28,0.34400000000000003,2.827,2018.23095703125,809.98779296875,29.34087371826172,geofence_hard_land,True,
1783703788.9689403,2026-07-10T10:16:28,220561,20260710_101616,accel_decel_climb_down_y,accel_decel_with_climb,outbound,1,"{""accel_mps2"": 0.5, ""peak_speed_mps"": 0.375, ""cruise_s"": 0.5, ""axis"": ""y"", ""climb_start_m"": 0.9, ""climb_end_m"": 0.3}",landing,0.0,0.0,0.0,0.8999997138977051,0.0,1.1920928955078125e-06,0.0,0.8999997138977051,True,0.02450212650001049,0.004460338968783617,0.9983705282211304,-0.046918030828237534,-0.03525206446647644,-0.08106014877557755,1.0,-1.0,73.0,25.0,0.025,0.0018830016488209367,-0.000503673916682601,0.02357420325279236,0.005672803148627281,-0.0019528386183083057,0.0008309249533340335,0.23547588288784027,1.2780487537384033,0.04724863916635513,0.02358173206448555,0.0005512050120159984,3.413235390326008e-06,0.0001898069167509675,3.7002933025360107,10.0,0.0,0.0,0.0,0.0,0.0,32.766,32.766,0.28,0.34400000000000003,2.827,2018.23095703125,809.98779296875,29.34087371826172,geofence_hard_land,True,
1783703788.979123,2026-07-10T10:16:28,220571,20260710_101616,accel_decel_climb_down_y,accel_decel_with_climb,outbound,1,"{""accel_mps2"": 0.5, ""peak_speed_mps"": 0.375, ""cruise_s"": 0.5, ""axis"": ""y"", ""climb_start_m"": 0.9, ""climb_end_m"": 0.3}",landing,0.0,0.0,0.0,0.8999997138977051,0.0,1.1920928955078125e-06,0.0,0.8999997138977051,True,0.023392006754875183,0.004651820287108421,0.9997636675834656,-0.038973644375801086,0.07484598457813263,0.06252386420965195,0.0,0.0,73.0,25.0,0.025,0.0018830016488209367,-0.000503673916682601,0.02357420325279236,0.005672803148627281,-0.0019528386183083057,0.0008309249533340335,0.23547588288784027,1.2780487537384033,0.04724863916635513,0.02358173206448555,0.0005512050120159984,3.413235390326008e-06,0.0001898069167509675,3.7002933025360107,10.0,0.0,0.0,0.0,0.0,0.0,32.766,32.766,0.28,0.34400000000000003,2.827,2018.351318359375,809.9774780273438,29.348012924194336,geofence_hard_land,True,
1783703788.9893827,2026-07-10T10:16:28,220583,20260710_101616,accel_decel_climb_down_y,accel_decel_with_climb,outbound,1,"{""accel_mps2"": 0.5, ""peak_speed_mps"": 0.375, ""cruise_s"": 0.5, ""axis"": ""y"", ""climb_start_m"": 0.9, ""climb_end_m"": 0.3}",landing,0.0,0.0,0.0,0.8999997138977051,0.0,1.1920928955078125e-06,0.0,0.8999997138977051,True,0.023795755580067635,0.002615726087242365,1.000773310661316,0.08900196850299835,0.15857122838497162,-0.12898807227611542,-256.0,0.0,74.0,25.0,0.025,0.0019069568952545524,-0.00016909465193748474,0.023589402437210083,0.0057098157703876495,-0.00021844942239113152,0.0005886605358682573,0.22150997817516327,1.2775017023086548,0.04720982536673546,0.02358173206448555,0.0005512050120159984,3.413235390326008e-06,0.0001898069167509675,3.7002933025360107,10.0,0.0,0.0,0.0,0.0,0.0,32.766,32.766,0.28,0.34400000000000003,2.827,2018.351318359375,809.9774780273438,29.348012924194336,geofence_hard_land,True,
1783703788.999576,2026-07-10T10:16:28,220593,20260710_101616,accel_decel_climb_down_y,accel_decel_with_climb,outbound,1,"{""accel_mps2"": 0.5, ""peak_speed_mps"": 0.375, ""cruise_s"": 0.5, ""axis"": ""y"", ""climb_start_m"": 0.9, ""climb_end_m"": 0.3}",landing,0.0,0.0,0.0,0.8999997138977051,0.0,1.1920928955078125e-06,0.0,0.8999997138977051,True,0.022181617096066475,0.003566169645637274,1.002002239227295,0.01933739334344864,-0.33024272322654724,0.022400159388780594,0.0,0.0,52.0,26.0,0.026,0.0019069568952545524,-0.00016909465193748474,0.023589402437210083,0.0057098157703876495,-0.00021844942239113152,0.0005886605358682573,0.22150997817516327,1.2775017023086548,0.04720982536673546,0.02358173206448555,0.0005512050120159984,3.413235390326008e-06,0.0001898069167509675,3.7002933025360107,10.0,0.0,0.0,0.0,0.0,0.0,32.766,32.766,0.28,0.34400000000000003,2.827,2018.351318359375,809.9774780273438,29.348012924194336,geofence_hard_land,True,
1783703789.0097547,2026-07-10T10:16:29,220603,20260710_101616,accel_decel_climb_down_y,accel_decel_with_climb,outbound,1,"{""accel_mps2"": 0.5, ""peak_speed_mps"": 0.375, ""cruise_s"": 0.5, ""axis"": ""y"", ""climb_start_m"": 0.9, ""climb_end_m"": 0.3}",landing,0.0,0.0,0.0,0.8999997138977051,0.0,1.1920928955078125e-06,0.0,0.8999997138977051,True,0.024259749799966812,0.004111800342798233,1.0007933378219604,0.17229409515857697,0.19459427893161774,-0.12678131461143494,0.0,0.0,55.0,26.0,0.026,0.0012136718723922968,-0.00018041531438939273,0.024632005020976067,0.002262072404846549,-0.0003314311907161027,0.006101681385189295,0.22190983593463898,1.3000239133834839,0.04714875668287277,0.02358173206448555,0.0005512050120159984,3.413235390326008e-06,0.0001898069167509675,3.7002933025360107,10.0,0.0,0.0,0.0,0.0,0.0,32.766,32.766,0.28,0.34400000000000003,2.827,2018.351318359375,809.9774780273438,29.348012924194336,geofence_hard_land,True,
1783703789.0199392,2026-07-10T10:16:29,220613,20260710_101616,accel_decel_climb_down_y,accel_decel_with_climb,outbound,1,"{""accel_mps2"": 0.5, ""peak_speed_mps"": 0.375, ""cruise_s"": 0.5, ""axis"": ""y"", ""climb_start_m"": 0.9, ""climb_end_m"": 0.3}",landing,0.0,0.0,0.0,0.8999997138977051,0.0,1.1920928955078125e-06,0.0,0.8999997138977051,True,0.024331768974661827,0.0033500248100608587,0.9996814131736755,0.1792835295200348,-0.4303670823574066,0.023490242660045624,0.0,0.0,66.0,26.0,0.026,0.0012136718723922968,-0.00018041531438939273,0.024632005020976067,0.002262072404846549,-0.0003314311907161027,0.006101681385189295,0.22190983593463898,1.3000239133834839,0.04714875668287277,0.02475700154900551,0.006297070998698473,3.3151065963465953e-06,0.0001846411032602191,3.7002933025360107,10.0,0.0,0.0,0.0,0.0,0.0,32.766,32.766,0.28200000000000003,0.34600000000000003,2.853,2018.351318359375,809.9774780273438,29.348012924194336,geofence_hard_land,True,
1783703789.030122,2026-07-10T10:16:29,220623,20260710_101616,accel_decel_climb_down_y,accel_decel_with_climb,outbound,1,"{""accel_mps2"": 0.5, ""peak_speed_mps"": 0.375, ""cruise_s"": 0.5, ""axis"": ""y"", ""climb_start_m"": 0.9, ""climb_end_m"": 0.3}",landing,0.0,0.0,0.0,0.8999997138977051,0.0,1.1920928955078125e-06,0.0,0.8999997138977051,True,0.02258361503481865,0.00299261137843132,1.0016413927078247,-0.08279528468847275,0.3535732328891754,0.05195644125342369,0.0,0.0,65.0,26.0,0.026,0.0012591760605573654,-0.0001864574005594477,0.02475700154900551,0.002372954273596406,-0.0002786692639347166,0.00635153753682971,0.22161617875099182,1.301169991493225,0.04660976678133011,0.02475700154900551,0.006297070998698473,3.3151065963465953e-06,0.0001846411032602191,3.7002933025360107,10.0,0.0,0.0,0.0,0.0,0.0,32.766,32.766,0.28200000000000003,0.34600000000000003,2.853,2018.351318359375,809.9774780273438,29.348012924194336,geofence_hard_land,True,
1783703789.040374,2026-07-10T10:16:29,220633,20260710_101616,accel_decel_climb_down_y,accel_decel_with_climb,outbound,1,"{""accel_mps2"": 0.5, ""peak_speed_mps"": 0.375, ""cruise_s"": 0.5, ""axis"": ""y"", ""climb_start_m"": 0.9, ""climb_end_m"": 0.3}",landing,0.0,0.0,0.0,0.8999997138977051,0.0,1.1920928955078125e-06,0.0,0.8999997138977051,True,0.023181980475783348,0.004706117790192366,1.0003809928894043,0.04850485920906067,-0.2307754009962082,-0.05076053738594055,0.0,0.0,67.0,26.0,0.026,0.0012591760605573654,-0.0001864574005594477,0.02475700154900551,0.002372954273596406,-0.0002786692639347166,0.00635153753682971,0.22161617875099182,1.301169991493225,0.04660976678133011,0.02475700154900551,0.006297070998698473,3.3151065963465953e-06,0.0001846411032602191,3.7002933025360107,10.0,0.0,0.0,0.0,0.0,0.0,32.766,32.766,0.28200000000000003,0.34600000000000003,2.853,2018.351318359375,809.9774780273438,29.348012924194336,geofence_hard_land,True,
1783703789.0505872,2026-07-10T10:16:29,220643,20260710_101616,accel_decel_climb_down_y,accel_decel_with_climb,outbound,1,"{""accel_mps2"": 0.5, ""peak_speed_mps"": 0.375, ""cruise_s"": 0.5, ""axis"": ""y"", ""climb_start_m"": 0.9, ""climb_end_m"": 0.3}",landing,0.0,0.0,0.0,0.8999997138977051,0.0,1.1920928955078125e-06,0.0,0.8999997138977051,True,0.025436177849769592,0.0040945131331682205,1.0001869201660156,-0.07990431040525436,0.09568466991186142,0.033834073692560196,1.0,253.0,71.0,24.0,0.024,0.0013085929676890373,-0.0001930845173774287,0.024885792285203934,0.002495537279173732,-0.0003879485884681344,0.006584037560969591,0.22159439325332642,1.2972335815429688,0.04606940969824791,0.02475700154900551,0.006297070998698473,3.3151065963465953e-06,0.0001846411032602191,3.7002933025360107,10.0,0.0,0.0,0.0,0.0,0.0,32.766,32.766,0.28200000000000003,0.34600000000000003,2.853,2018.351318359375,809.9774780273438,29.348012924194336,geofence_hard_land,True,
1783703789.0607803,2026-07-10T10:16:29,220653,20260710_101616,accel_decel_climb_down_y,accel_decel_with_climb,outbound,1,"{""accel_mps2"": 0.5, ""peak_speed_mps"": 0.375, ""cruise_s"": 0.5, ""axis"": ""y"", ""climb_start_m"": 0.9, ""climb_end_m"": 0.3}",landing,0.0,0.0,0.0,0.8999997138977051,0.0,1.1920928955078125e-06,0.0,0.8999997138977051,True,0.02530359849333763,0.002733619650825858,1.0022053718566895,0.044934097677469254,0.03763580694794655,0.06613130867481232,255.0,-3.0,47.0,24.0,0.024,0.0013085929676890373,-0.0001930845173774287,0.024885792285203934,0.002495537279173732,-0.0003879485884681344,0.006584037560969591,0.22159439325332642,1.2972335815429688,0.04606940969824791,0.02475700154900551,0.006297070998698473,3.3151065963465953e-06,0.0001846411032602191,3.7002933025360107,10.0,0.0,0.0,0.0,0.0,0.0,32.766,32.766,0.28200000000000003,0.34600000000000003,2.853,2018.351318359375,809.9774780273438,29.348012924194336,geofence_hard_land,True,
1783703789.0709846,2026-07-10T10:16:29,220663,20260710_101616,accel_decel_climb_down_y,accel_decel_with_climb,outbound,1,"{""accel_mps2"": 0.5, ""peak_speed_mps"": 0.375, ""cruise_s"": 0.5, ""axis"": ""y"", ""climb_start_m"": 0.9, ""climb_end_m"": 0.3}",landing,0.0,0.0,0.0,0.8999997138977051,0.0,1.1920928955078125e-06,0.0,0.8999997138977051,True,0.024475375190377235,0.003979834262281656,0.9999089241027832,0.2681092917919159,-0.059762142598629,0.22962071001529694,255.0,-3.0,47.0,24.0,0.024,0.001659704023040831,-0.00018518058641348034,0.024636685848236084,0.0040703509002923965,-0.00021651694260071963,0.004902965854853392,0.2201831042766571,1.2860453128814697,0.0462028831243515,0.024686742573976517,0.005011708941310644,3.4132299333577976e-06,0.00018980959430336952,3.7002933025360107,10.0,0.0,0.0,0.0,0.0,0.0,32.766,32.766,0.28200000000000003,0.34600000000000003,2.853,2018.3021240234375,809.9814453125,29.355390548706055,geofence_hard_land,True,
1783703789.0811887,2026-07-10T10:16:29,220673,20260710_101616,accel_decel_climb_down_y,accel_decel_with_climb,outbound,1,"{""accel_mps2"": 0.5, ""peak_speed_mps"": 0.375, ""cruise_s"": 0.5, ""axis"": ""y"", ""climb_start_m"": 0.9, ""climb_end_m"": 0.3}",landing,0.0,0.0,0.0,0.8999997138977051,0.0,1.1920928955078125e-06,0.0,0.8999997138977051,True,0.02369743213057518,0.0025819246657192707,0.9975836277008057,-0.09749066829681396,-0.2846813201904297,0.07545316964387894,0.0,1.0,72.0,24.0,0.024,0.001659704023040831,-0.00018518058641348034,0.024636685848236084,0.0040703509002923965,-0.00021651694260071963,0.004902965854853392,0.2201831042766571,1.2860453128814697,0.0462028831243515,0.024686742573976517,0.005011708941310644,3.4132299333577976e-06,0.00018980959430336952,3.7002933025360107,10.0,0.0,0.0,0.0,0.0,0.0,32.766,32.766,0.28200000000000003,0.34600000000000003,2.853,2018.3021240234375,809.9814453125,29.355390548706055,geofence_hard_land,True,
1783703789.0915658,2026-07-10T10:16:29,220683,20260710_101616,accel_decel_climb_down_y,accel_decel_with_climb,outbound,1,"{""accel_mps2"": 0.5, ""peak_speed_mps"": 0.375, ""cruise_s"": 0.5, ""axis"": ""y"", ""climb_start_m"": 0.9, ""climb_end_m"": 0.3}",landing,0.0,0.0,0.0,0.8999997138977051,0.0,1.1920928955078125e-06,0.0,0.8999997138977051,True,0.023296382278203964,0.0023775072768330574,0.9988164901733398,-0.057111479341983795,-0.22193661332130432,0.1347442865371704,0.0,0.0,68.0,24.0,0.024,0.0012664699461311102,-0.00018859464034903795,0.02473832294344902,0.0024136060383170843,-0.00030403363052755594,0.005073078442364931,0.22064796090126038,1.2995103597640991,0.047471314668655396,0.024686742573976517,0.005011708941310644,3.4132299333577976e-06,0.00018980959430336952,3.7002933025360107,10.0,0.0,0.0,0.0,0.0,0.0,32.766,32.766,0.28200000000000003,0.34600000000000003,2.853,2018.3021240234375,809.9814453125,29.355390548706055,geofence_hard_land,True,
1783703789.101753,2026-07-10T10:16:29,220695,20260710_101616,accel_decel_climb_down_y,accel_decel_with_climb,outbound,1,"{""accel_mps2"": 0.5, ""peak_speed_mps"": 0.375, ""cruise_s"": 0.5, ""axis"": ""y"", ""climb_start_m"": 0.9, ""climb_end_m"": 0.3}",landing,0.0,0.0,0.0,0.8999997138977051,0.0,1.1920928955078125e-06,0.0,0.8999997138977051,True,0.025317156687378883,0.004311846569180489,1.001551628112793,0.03504268825054169,-0.19294987618923187,-0.012421262450516224,0.0,0.0,59.0,24.0,0.024,0.0013233056524768472,-0.0001953021710505709,0.024478059262037277,0.002680759644135833,-0.0005284502985887229,0.0029598341789096594,0.22064796090126038,1.2995103597640991,0.047471314668655396,0.024686742573976517,0.005011708941310644,3.4132299333577976e-06,0.00018980959430336952,3.7002933025360107,10.0,0.0,0.0,0.0,0.0,0.0,32.766,32.766,0.28200000000000003,0.34600000000000003,2.853,2018.3021240234375,809.9814453125,29.355390548706055,geofence_hard_land,True,
1783703789.111935,2026-07-10T10:16:29,220703,20260710_101616,accel_decel_climb_down_y,accel_decel_with_climb,outbound,1,"{""accel_mps2"": 0.5, ""peak_speed_mps"": 0.375, ""cruise_s"": 0.5, ""axis"": ""y"", ""climb_start_m"": 0.9, ""climb_end_m"": 0.3}",landing,0.0,0.0,0.0,0.8999997138977051,0.0,1.1920928955078125e-06,0.0,0.8999997138977051,True,0.023691771551966667,0.00389758194796741,1.0021843910217285,0.30395570397377014,0.19754460453987122,-0.12166618555784225,0.0,0.0,58.0,24.0,0.024,0.0013233056524768472,-0.0001953021710505709,0.024478059262037277,0.002680759644135833,-0.0005284502985887229,0.0029598341789096594,0.2194545865058899,1.299308180809021,0.04644698277115822,0.024686742573976517,0.005011708941310644,3.4132299333577976e-06,0.00018980959430336952,3.7002933025360107,10.0,0.0,0.0,0.0,0.0,0.0,32.766,32.766,0.28200000000000003,0.34600000000000003,2.853,2018.3021240234375,809.9814453125,29.355390548706055,geofence_hard_land,True,
1783703789.1221182,2026-07-10T10:16:29,220715,20260710_101616,accel_decel_climb_down_y,accel_decel_with_climb,outbound,1,"{""accel_mps2"": 0.5, ""peak_speed_mps"": 0.375, ""cruise_s"": 0.5, ""axis"": ""y"", ""climb_start_m"": 0.9, ""climb_end_m"": 0.3}",landing,0.0,0.0,0.0,0.8999997138977051,0.0,1.1920928955078125e-06,0.0,0.8999997138977051,True,0.021915335208177567,0.004304018337279558,0.9998002648353577,-0.04326890408992767,-0.31605565547943115,0.03450540825724602,0.0,1.0,67.0,24.0,0.024,0.0008823897805996239,-0.00019736555987037718,0.02454119361937046,0.0007226727902889252,-0.0003934892301913351,0.0033234660513699055,0.2194545865058899,1.299308180809021,0.04644698277115822,0.02454112283885479,0.0032628329936414957,3.3150984108942794e-06,0.00018465248285792768,3.7002933025360107,10.0,0.0,0.0,0.0,0.0,0.0,32.766,32.766,0.277,0.34500000000000003,2.83,2018.3021240234375,809.9814453125,29.355390548706055,geofence_hard_land,True,
1783703789.1323016,2026-07-10T10:16:29,220723,20260710_101616,accel_decel_climb_down_y,accel_decel_with_climb,outbound,1,"{""accel_mps2"": 0.5, ""peak_speed_mps"": 0.375, ""cruise_s"": 0.5, ""axis"": ""y"", ""climb_start_m"": 0.9, ""climb_end_m"": 0.3}",landing,0.0,0.0,0.0,0.8999997138977051,0.0,1.1920928955078125e-06,0.0,0.8999997138977051,True,0.025095881894230843,0.003916705492883921,0.9991864562034607,-0.12563298642635345,0.028730861842632294,0.12418331205844879,0.0,0.0,67.0,24.0,0.024,0.0008823897805996239,-0.00019736555987037718,0.02454119361937046,0.0007226727902889252,-0.0003934892301913351,0.0033234660513699055,0.2211461067199707,1.3144809007644653,0.045622486621141434,0.02454112283885479,0.0032628329936414957,3.3150984108942794e-06,0.00018465248285792768,3.7002933025360107,10.0,0.0,0.0,0.0,0.0,0.0,32.766,32.766,0.277,0.34500000000000003,2.83,2018.3021240234375,809.9814453125,29.355390548706055,geofence_hard_land,True,
1783703789.1425784,2026-07-10T10:16:29,220735,20260710_101616,accel_decel_climb_down_y,accel_decel_with_climb,outbound,1,"{""accel_mps2"": 0.5, ""peak_speed_mps"": 0.375, ""cruise_s"": 0.5, ""axis"": ""y"", ""climb_start_m"": 0.9, ""climb_end_m"": 0.3}",landing,0.0,0.0,0.0,0.8999997138977051,0.0,1.1920928955078125e-06,0.0,0.8999997138977051,True,0.024024035781621933,0.005291977897286415,0.998260498046875,0.1658191829919815,0.0573665052652359,-0.1301933377981186,1.0,0.0,72.0,24.0,0.024,0.002581030363216996,-0.0006216581095941365,0.024610459804534912,0.008246931247413158,-0.0021583682391792536,0.0032859088387340307,0.2211461067199707,1.3144809007644653,0.045622486621141434,0.02454112283885479,0.0032628329936414957,3.3150984108942794e-06,0.00018465248285792768,3.7002933025360107,10.0,0.0,0.0,0.0,0.0,0.0,32.766,32.766,0.277,0.34500000000000003,2.83,2018.3021240234375,809.9814453125,29.355390548706055,geofence_hard_land,True,
1783703789.1527832,2026-07-10T10:16:29,220743,20260710_101616,accel_decel_climb_down_y,accel_decel_with_climb,outbound,1,"{""accel_mps2"": 0.5, ""peak_speed_mps"": 0.375, ""cruise_s"": 0.5, ""axis"": ""y"", ""climb_start_m"": 0.9, ""climb_end_m"": 0.3}",landing,0.0,0.0,0.0,0.8999997138977051,0.0,1.1920928955078125e-06,0.0,0.8999997138977051,True,0.02233094349503517,0.004645146429538727,0.9987409710884094,0.21191458404064178,0.059903789311647415,-0.18169333040714264,-1.0,3.0,51.0,23.0,0.023,0.002581030363216996,-0.0006216581095941365,0.024610459804534912,0.008246931247413158,-0.0021583682391792536,0.0032859088387340307,0.23160430788993835,1.260667085647583,0.046203333884477615,0.02454112283885479,0.0032628329936414957,3.3150984108942794e-06,0.00018465248285792768,3.7002933025360107,10.0,0.0,0.0,0.0,0.0,0.0,32.766,32.766,0.277,0.34500000000000003,2.83,2018.3021240234375,809.9814453125,29.355390548706055,geofence_hard_land,True,
1783703789.162978,2026-07-10T10:16:29,220755,20260710_101616,accel_decel_climb_down_y,accel_decel_with_climb,outbound,1,"{""accel_mps2"": 0.5, ""peak_speed_mps"": 0.375, ""cruise_s"": 0.5, ""axis"": ""y"", ""climb_start_m"": 0.9, ""climb_end_m"": 0.3}",landing,0.0,0.0,0.0,0.8999997138977051,0.0,1.1920928955078125e-06,0.0,0.8999997138977051,True,0.023882925510406494,0.001746063120663166,0.9998894333839417,0.4086991846561432,0.31397679448127747,-0.1349467933177948,-1.0,-1.0,64.0,23.0,0.023,0.0016730104107409716,0.00018074532272294164,0.023977359756827354,0.003961951471865177,0.0015581207117065787,-0.00021897991246078163,0.23160430788993835,1.260667085647583,0.046203333884477615,0.02454112283885479,0.0032628329936414957,3.3150984108942794e-06,0.00018465248285792768,3.7002933025360107,10.0,0.0,0.0,0.0,0.0,0.0,32.766,32.766,0.277,0.34500000000000003,2.83,2018.3021240234375,809.9814453125,29.355390548706055,geofence_hard_land,True,
1783703789.1731668,2026-07-10T10:16:29,220764,20260710_101616,accel_decel_climb_down_y,accel_decel_with_climb,outbound,1,"{""accel_mps2"": 0.5, ""peak_speed_mps"": 0.375, ""cruise_s"": 0.5, ""axis"": ""y"", ""climb_start_m"": 0.9, ""climb_end_m"": 0.3}",landing,0.0,0.0,0.0,0.8999997138977051,0.0,1.1920928955078125e-06,0.0,0.8999997138977051,True,0.023332051932811737,0.001937397988513112,1.0006181001663208,-0.035989005118608475,-0.10614394396543503,0.046693239361047745,3.0,-1.0,70.0,23.0,0.023,0.0016730104107409716,0.00018074532272294164,0.023977359756827354,0.003961951471865177,0.0015581207117065787,-0.00021897991246078163,0.2066500037908554,1.287468671798706,0.04548508673906326,0.02397533319890499,-0.0002828171709552407,3.4132176551793236e-06,0.00018981059838552028,3.7002933025360107,10.0,0.0,0.0,0.0,0.0,0.0,0.28500000000000003,32.766,0.277,0.34500000000000003,2.83,2018.2802734375,809.98388671875,29.36181640625,geofence_hard_land,True,
1783703789.1834936,2026-07-10T10:16:29,220778,20260710_101616,accel_decel_climb_down_y,accel_decel_with_climb,outbound,1,"{""accel_mps2"": 0.5, ""peak_speed_mps"": 0.375, ""cruise_s"": 0.5, ""axis"": ""y"", ""climb_start_m"": 0.9, ""climb_end_m"": 0.3}",landing,0.0,0.0,0.0,0.8999997138977051,0.0,1.1920928955078125e-06,0.0,0.8999997138977051,True,0.02405237779021263,0.004400097765028477,1.0005567073822021,0.07053108513355255,0.4818284809589386,-0.06801588088274002,-2.0,-255.0,70.0,23.0,0.023,0.0016185189597308636,-0.0001990452001336962,0.023980244994163513,0.0035431706346571445,-0.0003817533724941313,-5.831942689837888e-05,0.22110840678215027,1.2896084785461426,0.045479193329811096,0.02397533319890499,-0.0002828171709552407,3.4132176551793236e-06,0.00018981059838552028,3.7002933025360107,10.0,0.0,0.0,0.0,0.0,0.0,0.28500000000000003,32.766,0.277,0.34500000000000003,2.83,2018.2802734375,809.98388671875,29.36181640625,geofence_hard_land,True,
1783703789.1937165,2026-07-10T10:16:29,220783,20260710_101616,accel_decel_climb_down_y,accel_decel_with_climb,outbound,1,"{""accel_mps2"": 0.5, ""peak_speed_mps"": 0.375, ""cruise_s"": 0.5, ""axis"": ""y"", ""climb_start_m"": 0.9, ""climb_end_m"": 0.3}",landing,0.0,0.0,0.0,0.8999997138977051,0.0,1.1920928955078125e-06,0.0,0.8999997138977051,True,0.023977773264050484,0.0034386483021080494,0.999606192111969,0.208525151014328,0.07456357032060623,-0.04674675688147545,0.0,3.0,70.0,23.0,0.023,0.0016185189597308636,-0.0001990452001336962,0.023980244994163513,0.0035431706346571445,-0.0003817533724941313,-5.831942689837888e-05,0.22110840678215027,1.2896084785461426,0.045479193329811096,0.02397533319890499,-0.0002828171709552407,3.4132176551793236e-06,0.00018981059838552028,3.7002933025360107,10.0,0.0,0.0,0.0,0.0,0.0,0.28500000000000003,32.766,0.277,0.34500000000000003,2.83,2018.2802734375,809.98388671875,29.36181640625,geofence_hard_land,True,
1783703789.203912,2026-07-10T10:16:29,220798,20260710_101616,accel_decel_climb_down_y,accel_decel_with_climb,outbound,1,"{""accel_mps2"": 0.5, ""peak_speed_mps"": 0.375, ""cruise_s"": 0.5, ""axis"": ""y"", ""climb_start_m"": 0.9, ""climb_end_m"": 0.3}",landing,0.0,0.0,0.0,0.8999997138977051,0.0,1.1920928955078125e-06,0.0,0.8999997138977051,True,0.025714414194226265,0.004637630190700293,1.0013195276260376,0.11992044001817703,0.13740158081054688,0.00279655447229743,0.0,0.0,54.0,24.0,0.024,0.0005315760499797761,-0.00021038349950686097,0.023989219218492508,-0.0009771035984158516,-0.0004055769240949303,6.24506501480937e-05,0.22244885563850403,1.3178297281265259,0.04527531564235687,0.02397533319890499,-0.0002828171709552407,3.4132176551793236e-06,0.00018981059838552028,3.7002933025360107,10.0,0.0,0.0,0.0,0.0,0.0,0.28500000000000003,32.766,0.277,0.34500000000000003,2.83,2018.2802734375,809.98388671875,29.36181640625,geofence_hard_land,True,
1783703789.2140968,2026-07-10T10:16:29,220803,20260710_101616,accel_decel_climb_down_y,accel_decel_with_climb,outbound,1,"{""accel_mps2"": 0.5, ""peak_speed_mps"": 0.375, ""cruise_s"": 0.5, ""axis"": ""y"", ""climb_start_m"": 0.9, ""climb_end_m"": 0.3}",landing,0.0,0.0,0.0,0.8999997138977051,0.0,1.1920928955078125e-06,0.0,0.8999997138977051,True,0.025148067623376846,0.00398456584662199,1.0004688501358032,0.047418802976608276,0.16864357888698578,0.14681673049926758,0.0,254.0,57.0,24.0,0.024,0.0005315760499797761,-0.00021038349950686097,0.023989219218492508,-0.0009771035984158516,-0.0004055769240949303,6.24506501480937e-05,0.22244885563850403,1.3178297281265259,0.04527531564235687,0.02397533319890499,-0.0002828171709552407,3.4132176551793236e-06,0.00018981059838552028,3.7002933025360107,10.0,0.0,0.0,0.0,0.0,0.0,0.28500000000000003,32.766,0.277,0.34500000000000003,2.83,2018.2802734375,809.98388671875,29.36181640625,geofence_hard_land,True,
1783703789.224319,2026-07-10T10:16:29,220818,20260710_101616,accel_decel_climb_down_y,accel_decel_with_climb,outbound,1,"{""accel_mps2"": 0.5, ""peak_speed_mps"": 0.375, ""cruise_s"": 0.5, ""axis"": ""y"", ""climb_start_m"": 0.9, ""climb_end_m"": 0.3}",landing,0.0,0.0,0.0,0.8999997138977051,0.0,1.1920928955078125e-06,0.0,0.8999997138977051,True,0.02199704572558403,0.0029318148735910654,1.0023151636123657,0.1133180484175682,-0.24748452007770538,0.08555707335472107,0.0,0.0,63.0,24.0,0.024,0.001266552833840251,-0.0002107419859385118,0.023996027186512947,0.002597969025373459,-0.0003193951561115682,0.0003608252154663205,0.2233724296092987,1.2906430959701538,0.045044444501399994,0.023996027186512947,0.0003034738474525511,3.3150738545373315e-06,0.0001846382365329191,3.7002933025360107,10.0,0.0,0.0,0.0,0.0,0.0,0.28500000000000003,32.766,0.279,0.34500000000000003,2.838,2018.2802734375,809.98388671875,29.36181640625,geofence_hard_land,True,
1783703789.2345273,2026-07-10T10:16:29,220823,20260710_101616,accel_decel_climb_down_y,accel_decel_with_climb,outbound,1,"{""accel_mps2"": 0.5, ""peak_speed_mps"": 0.375, ""cruise_s"": 0.5, ""axis"": ""y"", ""climb_start_m"": 0.9, ""climb_end_m"": 0.3}",landing,0.0,0.0,0.0,0.8999997138977051,0.0,1.1920928955078125e-06,0.0,0.8999997138977051,True,0.022585397586226463,0.0022057397291064262,0.9974381327629089,0.21394938230514526,0.339152991771698,-0.1414642632007599,0.0,-1.0,75.0,24.0,0.024,0.001266552833840251,-0.0002107419859385118,0.023996027186512947,0.002597969025373459,-0.0003193951561115682,0.0003608252154663205,0.2233724296092987,1.2906430959701538,0.045044444501399994,0.023996027186512947,0.0003034738474525511,3.3150738545373315e-06,0.0001846382365329191,3.7002933025360107,10.0,0.0,0.0,0.0,0.0,0.0,0.28500000000000003,32.766,0.279,0.34500000000000003,2.838,2018.2802734375,809.98388671875,29.36181640625,geofence_hard_land,True,
1783703789.2447484,2026-07-10T10:16:29,220838,20260710_101616,accel_decel_climb_down_y,accel_decel_with_climb,outbound,1,"{""accel_mps2"": 0.5, ""peak_speed_mps"": 0.375, ""cruise_s"": 0.5, ""axis"": ""y"", ""climb_start_m"": 0.9, ""climb_end_m"": 0.3}",landing,0.0,0.0,0.0,0.8999997138977051,0.0,1.1920928955078125e-06,0.0,0.8999997138977051,True,0.025642365217208862,0.003428843803703785,0.9997055530548096,-0.11380872130393982,0.09595485031604767,-0.08301960676908493,0.0,-1.0,75.0,24.0,0.024,0.001245143823325634,-0.00021162726625334471,0.024005403742194176,0.0022673471830785275,-0.0005334989982657135,0.00033946469193324447,0.2252962291240692,1.2899059057235718,0.0448538213968277,0.023996027186512947,0.0003034738474525511,3.3150738545373315e-06,0.0001846382365329191,3.7002933025360107,10.0,0.0,0.0,0.0,0.0,0.0,0.28500000000000003,32.766,0.279,0.34500000000000003,2.838,2018.2802734375,809.98388671875,29.36181640625,geofence_hard_land,True,
1783703789.2549548,2026-07-10T10:16:29,220843,20260710_101616,accel_decel_climb_down_y,accel_decel_with_climb,outbound,1,"{""accel_mps2"": 0.5, ""peak_speed_mps"": 0.375, ""cruise_s"": 0.5, ""axis"": ""y"", ""climb_start_m"": 0.9, ""climb_end_m"": 0.3}",landing,0.0,0.0,0.0,0.8999997138977051,0.0,1.1920928955078125e-06,0.0,0.8999997138977051,True,0.024394698441028595,0.004715180955827236,1.0013597011566162,-0.09362399578094482,-0.1572858989238739,0.21908842027187347,0.0,1.0,59.0,23.0,0.023,0.001245143823325634,-0.00021162726625334471,0.024005403742194176,0.0022673471830785275,-0.0005334989982657135,0.00033946469193324447,0.2252962291240692,1.2899059057235718,0.0448538213968277,0.023996027186512947,0.0003034738474525511,3.3150738545373315e-06,0.0001846382365329191,3.7002933025360107,10.0,0.0,0.0,0.0,0.0,0.0,0.28500000000000003,32.766,0.279,0.34500000000000003,2.838,2018.2802734375,809.98388671875,29.36181640625,geofence_hard_land,True,
1783703789.2651353,2026-07-10T10:16:29,220858,20260710_101616,accel_decel_climb_down_y,accel_decel_with_climb,outbound,1,"{""accel_mps2"": 0.5, ""peak_speed_mps"": 0.375, ""cruise_s"": 0.5, ""axis"": ""y"", ""climb_start_m"": 0.9, ""climb_end_m"": 0.3}",landing,0.0,0.0,0.0,0.8999997138977051,0.0,1.1920928955078125e-06,0.0,0.8999997138977051,True,0.025660529732704163,0.005946837365627289,1.0014371871948242,0.0071738059632480145,0.12185464054346085,0.1535337269306183,0.0,1.0,59.0,23.0,0.023,0.0012108603259548545,-0.00020526051230262965,0.023574762046337128,0.002488543279469013,-0.0003480376908555627,-0.0015189619734883308,0.22425474226474762,1.2894952297210693,0.04484453424811363,0.023996027186512947,0.0003034738474525511,3.3150738545373315e-06,0.0001846382365329191,3.7002933025360107,10.0,0.0,0.0,0.0,0.0,0.0,0.28500000000000003,32.766,0.279,0.34500000000000003,2.838,2018.2802734375,809.98388671875,29.36181640625,geofence_hard_land,True,
1783703789.2753487,2026-07-10T10:16:29,220863,20260710_101616,accel_decel_climb_down_y,accel_decel_with_climb,outbound,1,"{""accel_mps2"": 0.5, ""peak_speed_mps"": 0.375, ""cruise_s"": 0.5, ""axis"": ""y"", ""climb_start_m"": 0.9, ""climb_end_m"": 0.3}",landing,0.0,0.0,0.0,0.8999997138977051,0.0,1.1920928955078125e-06,0.0,0.8999997138977051,True,0.024197261780500412,0.00421668216586113,1.001676082611084,-0.039821673184633255,-0.3147830367088318,-0.1718536615371704,0.0,0.0,65.0,23.0,0.023,0.0012108603259548545,-0.00020526051230262965,0.023574762046337128,0.002488543279469013,-0.0003480376908555627,-0.0015189619734883308,0.22425474226474762,1.2894952297210693,0.04484453424811363,0.02356048673391342,-0.001397151267156005,3.4132172004319727e-06,0.00018980390450451523,3.7002933025360107,10.0,0.0,0.0,0.0,0.0,0.0,32.766,32.766,0.279,0.34500000000000003,2.838,2018.351318359375,809.9771728515625,29.368955612182617,geofence_hard_land,True,
1783703789.2855685,2026-07-10T10:16:29,220878,20260710_101616,accel_decel_climb_down_y,accel_decel_with_climb,outbound,1,"{""accel_mps2"": 0.5, ""peak_speed_mps"": 0.375, ""cruise_s"": 0.5, ""axis"": ""y"", ""climb_start_m"": 0.9, ""climb_end_m"": 0.3}",landing,0.0,0.0,0.0,0.8999997138977051,0.0,1.1920928955078125e-06,0.0,0.8999997138977051,True,0.025080876424908638,0.0008931560441851616,1.001901626586914,-0.30103594064712524,-0.4409806430339813,-0.06985123455524445,1.0,0.0,65.0,23.0,0.023,0.0022003173362463713,-0.0005278275930322707,0.02354716695845127,0.007071456406265497,-0.0016141318483278155,-0.0011461469111964107,0.23255299031734467,1.2582451105117798,0.04580272361636162,0.02356048673391342,-0.001397151267156005,3.4132172004319727e-06,0.00018980390450451523,3.7002933025360107,10.0,0.0,0.0,0.0,0.0,0.0,32.766,32.766,0.279,0.34500000000000003,2.838,2018.351318359375,809.9771728515625,29.368955612182617,geofence_hard_land,True,
1783703789.296333,2026-07-10T10:16:29,220883,20260710_101616,accel_decel_climb_down_y,accel_decel_with_climb,outbound,1,"{""accel_mps2"": 0.5, ""peak_speed_mps"": 0.375, ""cruise_s"": 0.5, ""axis"": ""y"", ""climb_start_m"": 0.9, ""climb_end_m"": 0.3}",landing,0.0,0.0,0.0,0.8999997138977051,0.0,1.1920928955078125e-06,0.0,0.8999997138977051,True,0.024679305031895638,0.0019210929749533534,0.9990624785423279,0.12195466458797455,-0.09203939139842987,-0.17703311145305634,-1.0,-253.0,75.0,23.0,0.023,0.0022003173362463713,-0.0005278275930322707,0.02354716695845127,0.007071456406265497,-0.0016141318483278155,-0.0011461469111964107,0.23255299031734467,1.2582451105117798,0.04580272361636162,0.02356048673391342,-0.001397151267156005,3.4132172004319727e-06,0.00018980390450451523,3.7002933025360107,10.0,0.0,0.0,0.0,0.0,0.0,32.766,32.766,0.279,0.34500000000000003,2.838,2018.351318359375,809.9771728515625,29.368955612182617,geofence_hard_land,True,
1783703789.306564,2026-07-10T10:16:29,220898,20260710_101616,accel_decel_climb_down_y,accel_decel_with_climb,outbound,1,"{""accel_mps2"": 0.5, ""peak_speed_mps"": 0.375, ""cruise_s"": 0.5, ""axis"": ""y"", ""climb_start_m"": 0.9, ""climb_end_m"": 0.3}",landing,0.0,0.0,0.0,0.8999997138977051,0.0,1.1920928955078125e-06,0.0,0.8999997138977051,True,0.022855767980217934,0.0035429950803518295,0.9987754225730896,0.12537537515163422,-0.37747451663017273,-0.07783365249633789,0.0,1.0,55.0,25.0,0.025,0.0008376482292078435,-0.00019835786952171475,0.024163778871297836,0.0010894698789343238,-0.0004768649523612112,0.0022525584790855646,0.21890689432621002,1.3068041801452637,0.04467891901731491,0.02356048673391342,-0.001397151267156005,3.4132172004319727e-06,0.00018980390450451523,3.7002933025360107,10.0,0.0,0.0,0.0,0.0,0.0,32.766,32.766,0.279,0.34500000000000003,2.838,2018.351318359375,809.9771728515625,29.368955612182617,geofence_hard_land,True,
1783703789.3167825,2026-07-10T10:16:29,220909,20260710_101616,accel_decel_climb_down_y,accel_decel_with_climb,outbound,1,"{""accel_mps2"": 0.5, ""peak_speed_mps"": 0.375, ""cruise_s"": 0.5, ""axis"": ""y"", ""climb_start_m"": 0.9, ""climb_end_m"": 0.3}",landing,0.0,0.0,0.0,0.8999997138977051,0.0,1.1920928955078125e-06,0.0,0.8999997138977051,True,0.023537583649158478,0.0028652758337557316,0.9981446266174316,0.0014691955875605345,-0.11647297441959381,0.0475241094827652,0.0,254.0,55.0,25.0,0.025,0.0008376482292078435,-0.00019835786952171475,0.024163778871297836,0.0010894698789343238,-0.0004768649523612112,0.0022525584790855646,0.21890689432621002,1.3068041801452637,0.04467891901731491,0.024207353591918945,0.0019214655039831996,3.3150872695841826e-06,0.00018463219748809934,3.7002933025360107,10.0,0.0,0.0,0.0,0.0,0.0,32.766,32.766,0.279,0.34500000000000003,2.838,2018.351318359375,809.9771728515625,29.368955612182617,geofence_hard_land,True,
1783703789.3270526,2026-07-10T10:16:29,220918,20260710_101616,accel_decel_climb_down_y,accel_decel_with_climb,outbound,1,"{""accel_mps2"": 0.5, ""peak_speed_mps"": 0.375, ""cruise_s"": 0.5, ""axis"": ""y"", ""climb_start_m"": 0.9, ""climb_end_m"": 0.3}",landing,0.0,0.0,0.0,0.8999997138977051,0.0,1.1920928955078125e-06,0.0,0.8999997138977051,True,0.021888991817831993,0.0050427294336259365,0.9988336563110352,-0.03722123056650162,0.16278603672981262,0.06853491067886353,0.0,-256.0,68.0,25.0,0.025,0.001479748054407537,-0.00020006021077279001,0.024207353591918945,0.003821789287030697,-0.0005754530429840088,0.002005605725571513,0.21857546269893646,1.2870185375213623,0.044150859117507935,0.024207353591918945,0.0019214655039831996,3.3150872695841826e-06,0.00018463219748809934,3.7002933025360107,10.0,0.0,0.0,0.0,0.0,0.0,32.766,32.766,0.28300000000000003,0.34400000000000003,32.766,2018.351318359375,809.9771728515625,29.368955612182617,geofence_hard_land,True,
1783703789.3373256,2026-07-10T10:16:29,220923,20260710_101616,accel_decel_climb_down_y,accel_decel_with_climb,outbound,1,"{""accel_mps2"": 0.5, ""peak_speed_mps"": 0.375, ""cruise_s"": 0.5, ""axis"": ""y"", ""climb_start_m"": 0.9, ""climb_end_m"": 0.3}",landing,0.0,0.0,0.0,0.8999997138977051,0.0,1.1920928955078125e-06,0.0,0.8999997138977051,True,0.02286398410797119,0.00538604287430644,1.0011529922485352,0.08647892624139786,-0.12321681529283524,0.05841529741883278,0.0,0.0,64.0,25.0,0.025,0.001479748054407537,-0.00020006021077279001,0.024207353591918945,0.003821789287030697,-0.0005754530429840088,0.002005605725571513,0.21857546269893646,1.2870185375213623,0.044150859117507935,0.024207353591918945,0.0019214655039831996,3.3150872695841826e-06,0.00018463219748809934,3.7002933025360107,10.0,0.0,0.0,0.0,0.0,0.0,32.766,32.766,0.28300000000000003,0.34400000000000003,32.766,2018.351318359375,809.9771728515625,29.368955612182617,geofence_hard_land,True,
1783703789.3476017,2026-07-10T10:16:29,220941,20260710_101616,accel_decel_climb_down_y,accel_decel_with_climb,outbound,1,"{""accel_mps2"": 0.5, ""peak_speed_mps"": 0.375, ""cruise_s"": 0.5, ""axis"": ""y"", ""climb_start_m"": 0.9, ""climb_end_m"": 0.3}",landing,0.0,0.0,0.0,0.8999997138977051,0.0,1.1920928955078125e-06,0.0,0.8999997138977051,True,0.02434672601521015,0.0026785333175212145,0.9988824725151062,0.007451828569173813,-0.4621749818325043,-0.11234920471906662,0.0,2.0,72.0,25.0,0.025,0.0008570016943849623,-0.00019746558973565698,0.024248700588941574,0.000696459726896137,-0.0002747918479144573,0.002029761206358671,0.21599000692367554,1.3066248893737793,0.04422838240861893,0.024207353591918945,0.0019214655039831996,3.3150872695841826e-06,0.00018463219748809934,3.7002933025360107,10.0,0.0,0.0,0.0,0.0,0.0,32.766,32.766,0.28300000000000003,0.34400000000000003,32.766,2018.351318359375,809.9771728515625,29.368955612182617,geofence_hard_land,True,
1783703789.357819,2026-07-10T10:16:29,220943,20260710_101616,accel_decel_climb_down_y,accel_decel_with_climb,outbound,1,"{""accel_mps2"": 0.5, ""peak_speed_mps"": 0.375, ""cruise_s"": 0.5, ""axis"": ""y"", ""climb_start_m"": 0.9, ""climb_end_m"": 0.3}",landing,0.0,0.0,0.0,0.8999997138977051,0.0,1.1920928955078125e-06,0.0,0.8999997138977051,True,0.02434672601521015,0.0026785333175212145,0.9988824725151062,0.007451828569173813,-0.4621749818325043,-0.11234920471906662,0.0,0.0,57.0,20.0,0.02,0.0008570016943849623,-0.00019746558973565698,0.024248700588941574,0.000696459726896137,-0.0002747918479144573,0.002029761206358671,0.21599000692367554,1.3066248893737793,0.04422838240861893,0.024207353591918945,0.0019214655039831996,3.3150872695841826e-06,0.00018463219748809934,3.7002933025360107,10.0,0.0,0.0,0.0,0.0,0.0,32.766,32.766,0.28300000000000003,0.34400000000000003,32.766,2018.351318359375,809.9771728515625,29.368955612182617,geofence_hard_land,True,
1783703789.368022,2026-07-10T10:16:29,220961,20260710_101616,accel_decel_climb_down_y,accel_decel_with_climb,outbound,1,"{""accel_mps2"": 0.5, ""peak_speed_mps"": 0.375, ""cruise_s"": 0.5, ""axis"": ""y"", ""climb_start_m"": 0.9, ""climb_end_m"": 0.3}",landing,0.0,0.0,0.0,0.8999997138977051,0.0,1.1920928955078125e-06,0.0,0.8999997138977051,True,0.023773496970534325,0.0031302636489272118,1.000436544418335,0.1296675205230713,0.11888369172811508,-0.17353680729866028,0.0,0.0,61.0,20.0,0.02,0.0009085938800126314,-0.00019483864889480174,0.022429218515753746,0.0010463615180924535,-0.0003425376780796796,-0.007022088393568993,0.21314823627471924,1.3036770820617676,0.04365864023566246,0.02235947735607624,-0.00694953603670001,3.4132103792217094e-06,0.0001898079935926944,3.7002933025360107,10.0,0.0,0.0,0.0,0.0,0.0,32.766,32.766,0.28300000000000003,0.34400000000000003,32.766,2018.351318359375,809.9771728515625,29.368955612182617,geofence_hard_land,True,
1783703789.3782277,2026-07-10T10:16:29,220971,20260710_101616,accel_decel_climb_down_y,accel_decel_with_climb,outbound,1,"{""accel_mps2"": 0.5, ""peak_speed_mps"": 0.375, ""cruise_s"": 0.5, ""axis"": ""y"", ""climb_start_m"": 0.9, ""climb_end_m"": 0.3}",landing,0.0,0.0,0.0,0.8999997138977051,0.0,1.1920928955078125e-06,0.0,0.8999997138977051,True,0.02421124093234539,0.006300904788076878,1.001662254333496,0.09027145057916641,-0.10816193372011185,0.05780705064535141,1.0,-3.0,60.0,20.0,0.02,0.0009085938800126314,-0.00019483864889480174,0.022429218515753746,0.0010463615180924535,-0.0003425376780796796,-0.007022088393568993,0.21314823627471924,1.3036770820617676,0.04365864023566246,0.02235947735607624,-0.00694953603670001,3.4132103792217094e-06,0.0001898079935926944,3.7002933025360107,10.0,0.0,0.0,0.0,0.0,0.0,32.766,32.766,0.28300000000000003,0.34400000000000003,32.766,2018.3787841796875,809.9746704101562,29.377246856689453,geofence_hard_land,True,
1783703789.3884275,2026-07-10T10:16:29,220981,20260710_101616,accel_decel_climb_down_y,accel_decel_with_climb,outbound,1,"{""accel_mps2"": 0.5, ""peak_speed_mps"": 0.375, ""cruise_s"": 0.5, ""axis"": ""y"", ""climb_start_m"": 0.9, ""climb_end_m"": 0.3}",landing,0.0,0.0,0.0,0.8999997138977051,0.0,1.1920928955078125e-06,0.0,0.8999997138977051,True,0.023600857704877853,0.006390267983078957,1.0000419616699219,0.21317952871322632,0.05763912945985794,-0.14334489405155182,255.0,-3.0,60.0,20.0,0.02,0.0018817797536030412,-0.00018593257118482143,0.022294025868177414,0.005535868462175131,-0.00024247210239991546,-0.006693633738905191,0.2113126516342163,1.2698590755462646,0.04174678400158882,0.02235947735607624,-0.00694953603670001,3.4132103792217094e-06,0.0001898079935926944,3.7002933025360107,10.0,0.0,0.0,0.0,0.0,0.0,32.766,32.766,0.28300000000000003,0.34400000000000003,32.766,2018.3787841796875,809.9746704101562,29.377246856689453,geofence_hard_land,True,
1783703789.3986108,2026-07-10T10:16:29,220991,20260710_101616,accel_decel_climb_down_y,accel_decel_with_climb,outbound,1,"{""accel_mps2"": 0.5, ""peak_speed_mps"": 0.375, ""cruise_s"": 0.5, ""axis"": ""y"", ""climb_start_m"": 0.9, ""climb_end_m"": 0.3}",landing,0.0,0.0,0.0,0.8999997138977051,0.0,1.1920928955078125e-06,0.0,0.8999997138977051,True,0.023650942370295525,0.003467873204499483,0.9983735084533691,0.23512841761112213,0.04599045589566231,-0.03635236248373985,0.0,3.0,61.0,20.0,0.02,0.0018817797536030412,-0.00018593257118482143,0.022294025868177414,0.005535868462175131,-0.00024247210239991546,-0.006693633738905191,0.2113126516342163,1.2698590755462646,0.04174678400158882,0.02235947735607624,-0.00694953603670001,3.4132103792217094e-06,0.0001898079935926944,3.7002933025360107,10.0,0.0,0.0,0.0,0.0,0.0,32.766,32.766,0.28300000000000003,0.34400000000000003,32.766,2018.3787841796875,809.9746704101562,29.377246856689453,geofence_hard_land,True,
1783703789.4087884,2026-07-10T10:16:29,221001,20260710_101616,accel_decel_climb_down_y,accel_decel_with_climb,outbound,1,"{""accel_mps2"": 0.5, ""peak_speed_mps"": 0.375, ""cruise_s"": 0.5, ""axis"": ""y"", ""climb_start_m"": 0.9, ""climb_end_m"": 0.3}",landing,0.0,0.0,0.0,0.8999997138977051,0.0,1.1920928955078125e-06,0.0,0.8999997138977051,True,0.024037659168243408,0.0030843892600387335,0.9992507100105286,0.11404379457235336,0.05060388147830963,0.22693276405334473,0.0,1.0,61.0,21.0,0.021,0.0005885217105969787,-0.00019859948952216655,0.021666495129466057,-0.0003304914280306548,0.0001649222249398008,-0.009150815196335316,0.21372997760772705,1.313148021697998,0.03959052264690399,0.02235947735607624,-0.00694953603670001,3.4132103792217094e-06,0.0001898079935926944,3.7002933025360107,10.0,0.0,0.0,0.0,0.0,0.0,32.766,32.766,0.28300000000000003,0.34400000000000003,32.766,2018.3787841796875,809.9746704101562,29.377246856689453,geofence_hard_land,True,
1783703789.4189734,2026-07-10T10:16:29,221011,20260710_101616,accel_decel_climb_down_y,accel_decel_with_climb,outbound,1,"{""accel_mps2"": 0.5, ""peak_speed_mps"": 0.375, ""cruise_s"": 0.5, ""axis"": ""y"", ""climb_start_m"": 0.9, ""climb_end_m"": 0.3}",landing,0.0,0.0,0.0,0.8999997138977051,0.0,1.1920928955078125e-06,0.0,0.8999997138977051,True,0.02353064715862274,0.0021782424300909042,0.9999092221260071,0.20282317698001862,-0.2704192101955414,-0.0871470496058464,0.0,-1.0,69.0,21.0,0.021,0.0005885217105969787,-0.00019859948952216655,0.021666495129466057,-0.0003304914280306548,0.0001649222249398008,-0.009150815196335316,0.21372997760772705,1.313148021697998,0.03959052264690399,0.021482206881046295,-0.009333625435829163,3.3150574836326996e-06,0.00018463237211108208,3.7002933025360107,10.0,0.0,0.0,0.0,0.0,0.0,32.766,32.766,0.277,0.352,2.844,2018.3787841796875,809.9746704101562,29.377246856689453,geofence_hard_land,True,
1783703789.429216,2026-07-10T10:16:29,221021,20260710_101616,accel_decel_climb_down_y,accel_decel_with_climb,outbound,1,"{""accel_mps2"": 0.5, ""peak_speed_mps"": 0.375, ""cruise_s"": 0.5, ""axis"": ""y"", ""climb_start_m"": 0.9, ""climb_end_m"": 0.3}",landing,0.0,0.0,0.0,0.8999997138977051,0.0,1.1920928955078125e-06,0.0,0.8999997138977051,True,0.023753151297569275,0.003760314080864191,0.9994704127311707,0.11590960621833801,0.10776279866695404,0.10422620177268982,0.0,0.0,68.0,21.0,0.021,0.0009146034135483205,-0.00020210715592838824,0.021482206881046295,0.001323746400885284,2.296874299645424e-05,-0.009305980987846851,0.21720965206623077,1.2985821962356567,0.04115254059433937,0.021482206881046295,-0.009333625435829163,3.3150574836326996e-06,0.00018463237211108208,3.7002933025360107,10.0,0.0,0.0,0.0,0.0,0.0,32.766,32.766,0.277,0.352,2.844,2018.3787841796875,809.9746704101562,29.377246856689453,geofence_hard_land,True,
1783703789.4394732,2026-07-10T10:16:29,221033,20260710_101616,accel_decel_climb_down_y,accel_decel_with_climb,outbound,1,"{""accel_mps2"": 0.5, ""peak_speed_mps"": 0.375, ""cruise_s"": 0.5, ""axis"": ""y"", ""climb_start_m"": 0.9, ""climb_end_m"": 0.3}",landing,0.0,0.0,0.0,0.8999997138977051,0.0,1.1920928955078125e-06,0.0,0.8999997138977051,True,0.023842433467507362,0.0035290662199258804,0.9971356391906738,0.11529812216758728,0.439493328332901,-0.2078242003917694,0.0,0.0,65.0,21.0,0.021,0.0009146034135483205,-0.00020210715592838824,0.021482206881046295,0.001323746400885284,2.296874299645424e-05,-0.009305980987846851,0.21720965206623077,1.2985821962356567,0.04115254059433937,0.021482206881046295,-0.009333625435829163,3.3150574836326996e-06,0.00018463237211108208,3.7002933025360107,10.0,0.0,0.0,0.0,0.0,0.0,32.766,32.766,0.277,0.352,2.844,2018.3787841796875,809.9746704101562,29.377246856689453,geofence_hard_land,True,
1783703789.4496505,2026-07-10T10:16:29,221043,20260710_101616,accel_decel_climb_down_y,accel_decel_with_climb,outbound,1,"{""accel_mps2"": 0.5, ""peak_speed_mps"": 0.375, ""cruise_s"": 0.5, ""axis"": ""y"", ""climb_start_m"": 0.9, ""climb_end_m"": 0.3}",landing,0.0,0.0,0.0,0.8999997138977051,0.0,1.1920928955078125e-06,0.0,0.8999997138977051,True,0.02507433108985424,0.003097967244684696,0.9978109002113342,0.15479129552841187,-0.1562890261411667,0.11694641411304474,0.0,2.0,59.0,27.0,0.027,0.0012495997361838818,-0.0001976021594600752,0.021296430379152298,0.002890521427616477,-9.15051277843304e-05,-0.009321189485490322,0.2177259474992752,1.2865784168243408,0.04058917239308357,0.021482206881046295,-0.009333625435829163,3.3150574836326996e-06,0.00018463237211108208,3.7002933025360107,10.0,0.0,0.0,0.0,0.0,0.0,32.766,32.766,0.277,0.352,2.844,2018.3787841796875,809.9746704101562,29.377246856689453,geofence_hard_land,True,
1783703789.459832,2026-07-10T10:16:29,221053,20260710_101616,accel_decel_climb_down_y,accel_decel_with_climb,outbound,1,"{""accel_mps2"": 0.5, ""peak_speed_mps"": 0.375, ""cruise_s"": 0.5, ""axis"": ""y"", ""climb_start_m"": 0.9, ""climb_end_m"": 0.3}",landing,0.0,0.0,0.0,0.8999997138977051,0.0,1.1920928955078125e-06,0.0,0.8999997138977051,True,0.026745107024908066,0.004448162857443094,0.9997068643569946,0.2496429830789566,-0.07453759014606476,-0.2248811274766922,0.0,255.0,59.0,27.0,0.027,0.0012495997361838818,-0.0001976021594600752,0.021296430379152298,0.002890521427616477,-9.15051277843304e-05,-0.009321189485490322,0.2177259474992752,1.2865784168243408,0.04058917239308357,0.021482206881046295,-0.009333625435829163,3.3150574836326996e-06,0.00018463237211108208,3.7002933025360107,10.0,0.0,0.0,0.0,0.0,0.0,32.766,32.766,0.277,0.352,2.844,2018.3787841796875,809.9746704101562,29.377246856689453,geofence_hard_land,True,
1783703789.470007,2026-07-10T10:16:29,221061,20260710_101616,accel_decel_climb_down_y,accel_decel_with_climb,outbound,1,"{""accel_mps2"": 0.5, ""peak_speed_mps"": 0.375, ""cruise_s"": 0.5, ""axis"": ""y"", ""climb_start_m"": 0.9, ""climb_end_m"": 0.3}",landing,0.0,0.0,0.0,0.8999997138977051,0.0,1.1920928955078125e-06,0.0,0.8999997138977051,True,0.02507682517170906,0.005999939050525427,1.0014618635177612,0.11030774563550949,0.10474396497011185,0.061120402067899704,0.0,255.0,59.0,27.0,0.027,0.0008451094618067145,-0.00021825350995641202,0.023600347340106964,0.0013112409505993128,-0.00026667810743674636,0.0021551477257162333,0.2205468863248825,1.2968515157699585,0.03941125050187111,0.02362203598022461,0.002144250785931945,3.413228114368394e-06,0.00018980423919856548,3.7002933025360107,10.0,0.0,0.0,0.0,0.0,0.0,32.766,32.766,0.277,0.352,2.844,2018.3787841796875,809.9746704101562,29.377246856689453,geofence_hard_land,True,
1783703789.4801881,2026-07-10T10:16:29,221073,20260710_101616,accel_decel_climb_down_y,accel_decel_with_climb,outbound,1,"{""accel_mps2"": 0.5, ""peak_speed_mps"": 0.375, ""cruise_s"": 0.5, ""axis"": ""y"", ""climb_start_m"": 0.9, ""climb_end_m"": 0.3}",landing,0.0,0.0,0.0,0.8999997138977051,0.0,1.1920928955078125e-06,0.0,0.8999997138977051,True,0.02244548685848713,0.0027811313048005104,1.0012662410736084,0.14069929718971252,0.18962232768535614,0.041087910532951355,0.0,-1.0,63.0,27.0,0.027,0.0008451094618067145,-0.00021825350995641202,0.023600347340106964,0.0013112409505993128,-0.00026667810743674636,0.0021551477257162333,0.2205468863248825,1.2968515157699585,0.03941125050187111,0.02362203598022461,0.002144250785931945,3.413228114368394e-06,0.00018980423919856548,3.7002933025360107,10.0,0.0,0.0,0.0,0.0,0.0,32.766,32.766,0.277,0.352,2.844,2018.39501953125,809.9734497070312,29.387149810791016,geofence_hard_land,True,
1783703789.4905345,2026-07-10T10:16:29,221083,20260710_101616,accel_decel_climb_down_y,accel_decel_with_climb,outbound,1,"{""accel_mps2"": 0.5, ""peak_speed_mps"": 0.375, ""cruise_s"": 0.5, ""axis"": ""y"", ""climb_start_m"": 0.9, ""climb_end_m"": 0.3}",landing,0.0,0.0,0.0,0.8999997138977051,0.0,1.1920928955078125e-06,0.0,0.8999997138977051,True,0.02410963550209999,0.0034016077406704426,1.0009006261825562,-0.2326521873474121,0.09829805791378021,-0.0469370074570179,0.0,2.0,65.0,27.0,0.027,0.0014145951718091965,-0.00023019032960291952,0.02364441752433777,0.0043192170560359955,-8.421055099461228e-05,0.002372870920225978,0.22305674850940704,1.276363730430603,0.03924771398305893,0.02362203598022461,0.002144250785931945,3.413228114368394e-06,0.00018980423919856548,3.7002933025360107,10.0,0.0,0.0,0.0,0.0,0.0,32.766,32.766,0.277,0.352,2.844,2018.39501953125,809.9734497070312,29.387149810791016,geofence_hard_land,True,
1783703789.5007317,2026-07-10T10:16:29,221093,20260710_101616,accel_decel_climb_down_y,accel_decel_with_climb,outbound,1,"{""accel_mps2"": 0.5, ""peak_speed_mps"": 0.375, ""cruise_s"": 0.5, ""axis"": ""y"", ""climb_start_m"": 0.9, ""climb_end_m"": 0.3}",landing,0.0,0.0,0.0,0.8999997138977051,0.0,1.1920928955078125e-06,0.0,0.8999997138977051,True,0.02270527184009552,0.0026566542219370604,0.998884379863739,0.21591077744960785,-0.2302941232919693,-0.15880507230758667,0.0,0.0,57.0,25.0,0.025,0.0014145951718091965,-0.00023019032960291952,0.02364441752433777,0.0043192170560359955,-8.421055099461228e-05,0.002372870920225978,0.22305674850940704,1.276363730430603,0.03924771398305893,0.02362203598022461,0.002144250785931945,3.413228114368394e-06,0.00018980423919856548,3.7002933025360107,10.0,0.0,0.0,0.0,0.0,0.0,32.766,32.766,0.277,0.352,2.844,2018.39501953125,809.9734497070312,29.387149810791016,geofence_hard_land,True,
1783703789.510954,2026-07-10T10:16:29,221103,20260710_101616,accel_decel_climb_down_y,accel_decel_with_climb,outbound,1,"{""accel_mps2"": 0.5, ""peak_speed_mps"": 0.375, ""cruise_s"": 0.5, ""axis"": ""y"", ""climb_start_m"": 0.9, ""climb_end_m"": 0.3}",landing,0.0,0.0,0.0,0.8999997138977051,0.0,1.1920928955078125e-06,0.0,0.8999997138977051,True,0.02522086910903454,0.003468182636424899,0.9994407296180725,-0.015917029231786728,-0.2121785581111908,0.06142454594373703,0.0,1.0,57.0,25.0,0.025,0.0008364997338503599,-0.00022794392134528607,0.02425558678805828,0.0015589217655360699,-0.00020490901079028845,0.005530701484531164,0.22223636507987976,1.2924071550369263,0.03898676857352257,0.02362203598022461,0.002144250785931945,3.413228114368394e-06,0.00018980423919856548,3.7002933025360107,10.0,0.0,0.0,0.0,0.0,0.0,32.766,32.766,0.277,0.352,2.844,2018.39501953125,809.9734497070312,29.387149810791016,geofence_hard_land,True,
1783703789.521182,2026-07-10T10:16:29,221113,20260710_101616,accel_decel_climb_down_y,accel_decel_with_climb,outbound,1,"{""accel_mps2"": 0.5, ""peak_speed_mps"": 0.375, ""cruise_s"": 0.5, ""axis"": ""y"", ""climb_start_m"": 0.9, ""climb_end_m"": 0.3}",landing,0.0,0.0,0.0,0.8999997138977051,0.0,1.1920928955078125e-06,0.0,0.8999997138977051,True,0.02607106603682041,0.002716794377192855,1.0001299381256104,0.33035069704055786,0.10617724061012268,0.41947662830352783,0.0,-3.0,67.0,25.0,0.025,0.0008364997338503599,-0.00022794392134528607,0.02425558678805828,0.0015589217655360699,-0.00020490901079028845,0.005530701484531164,0.22223636507987976,1.2924071550369263,0.03898676857352257,0.024364741519093513,0.005409860052168369,3.3151015941257356e-06,0.00018463250307831913,3.7002933025360107,10.0,0.0,0.0,0.0,0.0,0.0,32.766,32.766,0.28300000000000003,0.34600000000000003,2.849,2018.39501953125,809.9734497070312,29.387149810791016,geofence_hard_land,True,
1783703789.5314028,2026-07-10T10:16:29,221123,20260710_101616,accel_decel_climb_down_y,accel_decel_with_climb,outbound,1,"{""accel_mps2"": 0.5, ""peak_speed_mps"": 0.375, ""cruise_s"": 0.5, ""axis"": ""y"", ""climb_start_m"": 0.9, ""climb_end_m"": 0.3}",landing,0.0,0.0,0.0,0.8999997138977051,0.0,1.1920928955078125e-06,0.0,0.8999997138977051,True,0.023887166753411293,0.004329224582761526,1.0007013082504272,-0.07882528007030487,-0.394426554441452,-0.04943736642599106,0.0,1.0,62.0,25.0,0.025,0.0013868482783436775,-0.0002343236410524696,0.02436640113592148,0.004399857949465513,-0.0004085149266757071,0.005438402760773897,0.2232239544391632,1.2719097137451172,0.038370221853256226,0.024364741519093513,0.005409860052168369,3.3151015941257356e-06,0.00018463250307831913,3.7002933025360107,10.0,0.0,0.0,0.0,0.0,0.0,32.766,32.766,0.28300000000000003,0.34600000000000003,2.849,2018.39501953125,809.9734497070312,29.387149810791016,geofence_hard_land,True,
1783703789.5416167,2026-07-10T10:16:29,221135,20260710_101616,accel_decel_climb_down_y,accel_decel_with_climb,outbound,1,"{""accel_mps2"": 0.5, ""peak_speed_mps"": 0.375, ""cruise_s"": 0.5, ""axis"": ""y"", ""climb_start_m"": 0.9, ""climb_end_m"": 0.3}",landing,0.0,0.0,0.0,0.8999997138977051,0.0,1.1920928955078125e-06,0.0,0.8999997138977051,True,0.0231117345392704,0.0032599749974906445,0.9983144402503967,0.011170406825840473,-0.2672363221645355,0.09781651198863983,0.0,0.0,62.0,25.0,0.025,0.0011169669451192021,-0.00023942043480928987,0.02447815053164959,0.0032386519014835358,-0.0005075964145362377,0.005579842254519463,0.2232239544391632,1.2719097137451172,0.038370221853256226,0.024364741519093513,0.005409860052168369,3.3151015941257356e-06,0.00018463250307831913,3.7002933025360107,10.0,0.0,0.0,0.0,0.0,0.0,32.766,32.766,0.28300000000000003,0.34600000000000003,2.849,2018.39501953125,809.9734497070312,29.387149810791016,geofence_hard_land,True,
1783703789.5518365,2026-07-10T10:16:29,221143,20260710_101616,accel_decel_climb_down_y,accel_decel_with_climb,outbound,1,"{""accel_mps2"": 0.5, ""peak_speed_mps"": 0.375, ""cruise_s"": 0.5, ""axis"": ""y"", ""climb_start_m"": 0.9, ""climb_end_m"": 0.3}",landing,0.0,0.0,0.0,0.8999997138977051,0.0,1.1920928955078125e-06,0.0,0.8999997138977051,True,0.023499008268117905,0.005457976832985878,1.0008759498596191,-0.015184946358203888,0.21913374960422516,0.1184876337647438,0.0,0.0,60.0,21.0,0.021,0.0011169669451192021,-0.00023942043480928987,0.02447815053164959,0.0032386519014835358,-0.0005075964145362377,0.005579842254519463,0.2260635942220688,1.2829846143722534,0.04010702297091484,0.024364741519093513,0.005409860052168369,3.3151015941257356e-06,0.00018463250307831913,3.7002933025360107,10.0,0.0,0.0,0.0,0.0,0.0,32.766,32.766,0.28300000000000003,0.34600000000000003,2.849,2018.39501953125,809.9734497070312,29.387149810791016,geofence_hard_land,True,
1783703789.562038,2026-07-10T10:16:29,221153,20260710_101616,accel_decel_climb_down_y,accel_decel_with_climb,outbound,1,"{""accel_mps2"": 0.5, ""peak_speed_mps"": 0.375, ""cruise_s"": 0.5, ""axis"": ""y"", ""climb_start_m"": 0.9, ""climb_end_m"": 0.3}",disarmed,0.0,0.0,0.0,0.8999997138977051,0.0,1.1920928955078125e-06,0.0,0.8999997138977051,True,0.02346152253448963,0.0036446687299758196,1.0028291940689087,0.05365654453635216,-0.12321197241544724,-0.14157167077064514,0.0,0.0,74.0,21.0,0.021,0.0011169669451192021,-0.00023942043480928987,0.02447815053164959,0.0032386519014835358,-0.0005075964145362377,0.005579842254519463,0.2260635942220688,1.2829846143722534,0.04010702297091484,0.024364741519093513,0.005409860052168369,3.3151015941257356e-06,0.00018463250307831913,3.7002933025360107,10.0,0.0,0.0,0.0,0.0,0.0,32.766,32.766,0.28300000000000003,0.34600000000000003,2.849,2018.39501953125,809.9734497070312,29.387149810791016,geofence_hard_land,True,
1783703789.5722437,2026-07-10T10:16:29,221153,20260710_101616,accel_decel_climb_down_y,accel_decel_with_climb,outbound,1,"{""accel_mps2"": 0.5, ""peak_speed_mps"": 0.375, ""cruise_s"": 0.5, ""axis"": ""y"", ""climb_start_m"": 0.9, ""climb_end_m"": 0.3}",disarmed,0.0,0.0,0.0,0.8999997138977051,0.0,1.1920928955078125e-06,0.0,0.8999997138977051,True,0.02346152253448963,0.0036446687299758196,1.0028291940689087,0.05365654453635216,-0.12321197241544724,-0.14157167077064514,0.0,0.0,74.0,21.0,0.021,0.0011169669451192021,-0.00023942043480928987,0.02447815053164959,0.0032386519014835358,-0.0005075964145362377,0.005579842254519463,0.2260635942220688,1.2829846143722534,0.04010702297091484,0.024364741519093513,0.005409860052168369,3.3151015941257356e-06,0.00018463250307831913,3.7002933025360107,10.0,0.0,0.0,0.0,0.0,0.0,32.766,32.766,0.28300000000000003,0.34600000000000003,2.849,2018.39501953125,809.9734497070312,29.387149810791016,geofence_hard_land,True,
1783703789.582446,2026-07-10T10:16:29,221153,20260710_101616,accel_decel_climb_down_y,accel_decel_with_climb,outbound,1,"{""accel_mps2"": 0.5, ""peak_speed_mps"": 0.375, ""cruise_s"": 0.5, ""axis"": ""y"", ""climb_start_m"": 0.9, ""climb_end_m"": 0.3}",disarmed,0.0,0.0,0.0,0.8999997138977051,0.0,1.1920928955078125e-06,0.0,0.8999997138977051,True,0.02346152253448963,0.0036446687299758196,1.0028291940689087,0.05365654453635216,-0.12321197241544724,-0.14157167077064514,0.0,0.0,74.0,21.0,0.021,0.0011169669451192021,-0.00023942043480928987,0.02447815053164959,0.0032386519014835358,-0.0005075964145362377,0.005579842254519463,0.2260635942220688,1.2829846143722534,0.04010702297091484,0.024364741519093513,0.005409860052168369,3.3151015941257356e-06,0.00018463250307831913,3.7002933025360107,10.0,0.0,0.0,0.0,0.0,0.0,32.766,32.766,0.28300000000000003,0.34600000000000003,2.849,2018.39501953125,809.9734497070312,29.387149810791016,geofence_hard_land,True,
1783703789.5926418,2026-07-10T10:16:29,221153,20260710_101616,accel_decel_climb_down_y,accel_decel_with_climb,outbound,1,"{""accel_mps2"": 0.5, ""peak_speed_mps"": 0.375, ""cruise_s"": 0.5, ""axis"": ""y"", ""climb_start_m"": 0.9, ""climb_end_m"": 0.3}",disarmed,0.0,0.0,0.0,0.8999997138977051,0.0,1.1920928955078125e-06,0.0,0.8999997138977051,True,0.02346152253448963,0.0036446687299758196,1.0028291940689087,0.05365654453635216,-0.12321197241544724,-0.14157167077064514,0.0,0.0,74.0,21.0,0.021,0.0011169669451192021,-0.00023942043480928987,0.02447815053164959,0.0032386519014835358,-0.0005075964145362377,0.005579842254519463,0.2260635942220688,1.2829846143722534,0.04010702297091484,0.024364741519093513,0.005409860052168369,3.3151015941257356e-06,0.00018463250307831913,3.7002933025360107,10.0,0.0,0.0,0.0,0.0,0.0,32.766,32.766,0.28300000000000003,0.34600000000000003,2.849,2018.39501953125,809.9734497070312,29.387149810791016,geofence_hard_land,True,
1783703789.6028452,2026-07-10T10:16:29,221153,20260710_101616,accel_decel_climb_down_y,accel_decel_with_climb,outbound,1,"{""accel_mps2"": 0.5, ""peak_speed_mps"": 0.375, ""cruise_s"": 0.5, ""axis"": ""y"", ""climb_start_m"": 0.9, ""climb_end_m"": 0.3}",disarmed,0.0,0.0,0.0,0.8999997138977051,0.0,1.1920928955078125e-06,0.0,0.8999997138977051,True,0.02346152253448963,0.0036446687299758196,1.0028291940689087,0.05365654453635216,-0.12321197241544724,-0.14157167077064514,0.0,0.0,74.0,21.0,0.021,0.0011169669451192021,-0.00023942043480928987,0.02447815053164959,0.0032386519014835358,-0.0005075964145362377,0.005579842254519463,0.2260635942220688,1.2829846143722534,0.04010702297091484,0.024364741519093513,0.005409860052168369,3.3151015941257356e-06,0.00018463250307831913,3.7002933025360107,10.0,0.0,0.0,0.0,0.0,0.0,32.766,32.766,0.28300000000000003,0.34600000000000003,2.849,2018.39501953125,809.9734497070312,29.387149810791016,geofence_hard_land,True,
1783703789.613025,2026-07-10T10:16:29,221153,20260710_101616,accel_decel_climb_down_y,accel_decel_with_climb,outbound,1,"{""accel_mps2"": 0.5, ""peak_speed_mps"": 0.375, ""cruise_s"": 0.5, ""axis"": ""y"", ""climb_start_m"": 0.9, ""climb_end_m"": 0.3}",disarmed,0.0,0.0,0.0,0.8999997138977051,0.0,1.1920928955078125e-06,0.0,0.8999997138977051,True,0.02346152253448963,0.0036446687299758196,1.0028291940689087,0.05365654453635216,-0.12321197241544724,-0.14157167077064514,0.0,0.0,74.0,21.0,0.021,0.0011169669451192021,-0.00023942043480928987,0.02447815053164959,0.0032386519014835358,-0.0005075964145362377,0.005579842254519463,0.2260635942220688,1.2829846143722534,0.04010702297091484,0.024364741519093513,0.005409860052168369,3.3151015941257356e-06,0.00018463250307831913,3.7002933025360107,10.0,0.0,0.0,0.0,0.0,0.0,32.766,32.766,0.28300000000000003,0.34600000000000003,2.849,2018.39501953125,809.9734497070312,29.387149810791016,geofence_hard_land,True,
1783703789.623196,2026-07-10T10:16:29,221153,20260710_101616,accel_decel_climb_down_y,accel_decel_with_climb,outbound,1,"{""accel_mps2"": 0.5, ""peak_speed_mps"": 0.375, ""cruise_s"": 0.5, ""axis"": ""y"", ""climb_start_m"": 0.9, ""climb_end_m"": 0.3}",disarmed,0.0,0.0,0.0,0.8999997138977051,0.0,1.1920928955078125e-06,0.0,0.8999997138977051,True,0.02346152253448963,0.0036446687299758196,1.0028291940689087,0.05365654453635216,-0.12321197241544724,-0.14157167077064514,0.0,0.0,74.0,21.0,0.021,0.0011169669451192021,-0.00023942043480928987,0.02447815053164959,0.0032386519014835358,-0.0005075964145362377,0.005579842254519463,0.2260635942220688,1.2829846143722534,0.04010702297091484,0.024364741519093513,0.005409860052168369,3.3151015941257356e-06,0.00018463250307831913,3.7002933025360107,10.0,0.0,0.0,0.0,0.0,0.0,32.766,32.766,0.28300000000000003,0.34600000000000003,2.849,2018.39501953125,809.9734497070312,29.387149810791016,geofence_hard_land,True,
1783703789.6333706,2026-07-10T10:16:29,221153,20260710_101616,accel_decel_climb_down_y,accel_decel_with_climb,outbound,1,"{""accel_mps2"": 0.5, ""peak_speed_mps"": 0.375, ""cruise_s"": 0.5, ""axis"": ""y"", ""climb_start_m"": 0.9, ""climb_end_m"": 0.3}",disarmed,0.0,0.0,0.0,0.8999997138977051,0.0,1.1920928955078125e-06,0.0,0.8999997138977051,True,0.02346152253448963,0.0036446687299758196,1.0028291940689087,0.05365654453635216,-0.12321197241544724,-0.14157167077064514,0.0,0.0,74.0,21.0,0.021,0.0011169669451192021,-0.00023942043480928987,0.02447815053164959,0.0032386519014835358,-0.0005075964145362377,0.005579842254519463,0.2260635942220688,1.2829846143722534,0.04010702297091484,0.024364741519093513,0.005409860052168369,3.3151015941257356e-06,0.00018463250307831913,3.7002933025360107,10.0,0.0,0.0,0.0,0.0,0.0,32.766,32.766,0.28300000000000003,0.34600000000000003,2.849,2018.39501953125,809.9734497070312,29.387149810791016,geofence_hard_land,True,
1783703789.6435876,2026-07-10T10:16:29,221153,20260710_101616,accel_decel_climb_down_y,accel_decel_with_climb,outbound,1,"{""accel_mps2"": 0.5, ""peak_speed_mps"": 0.375, ""cruise_s"": 0.5, ""axis"": ""y"", ""climb_start_m"": 0.9, ""climb_end_m"": 0.3}",disarmed,0.0,0.0,0.0,0.8999997138977051,0.0,1.1920928955078125e-06,0.0,0.8999997138977051,True,0.02346152253448963,0.0036446687299758196,1.0028291940689087,0.05365654453635216,-0.12321197241544724,-0.14157167077064514,0.0,0.0,74.0,21.0,0.021,0.0011169669451192021,-0.00023942043480928987,0.02447815053164959,0.0032386519014835358,-0.0005075964145362377,0.005579842254519463,0.2260635942220688,1.2829846143722534,0.04010702297091484,0.024364741519093513,0.005409860052168369,3.3151015941257356e-06,0.00018463250307831913,3.7002933025360107,10.0,0.0,0.0,0.0,0.0,0.0,32.766,32.766,0.28300000000000003,0.34600000000000003,2.849,2018.39501953125,809.9734497070312,29.387149810791016,geofence_hard_land,True,
1783703789.6538074,2026-07-10T10:16:29,221153,20260710_101616,accel_decel_climb_down_y,accel_decel_with_climb,outbound,1,"{""accel_mps2"": 0.5, ""peak_speed_mps"": 0.375, ""cruise_s"": 0.5, ""axis"": ""y"", ""climb_start_m"": 0.9, ""climb_end_m"": 0.3}",disarmed,0.0,0.0,0.0,0.8999997138977051,0.0,1.1920928955078125e-06,0.0,0.8999997138977051,True,0.02346152253448963,0.0036446687299758196,1.0028291940689087,0.05365654453635216,-0.12321197241544724,-0.14157167077064514,0.0,0.0,74.0,21.0,0.021,0.0011169669451192021,-0.00023942043480928987,0.02447815053164959,0.0032386519014835358,-0.0005075964145362377,0.005579842254519463,0.2260635942220688,1.2829846143722534,0.04010702297091484,0.024364741519093513,0.005409860052168369,3.3151015941257356e-06,0.00018463250307831913,3.7002933025360107,10.0,0.0,0.0,0.0,0.0,0.0,32.766,32.766,0.28300000000000003,0.34600000000000003,2.849,2018.39501953125,809.9734497070312,29.387149810791016,geofence_hard_land,True,
1783703789.6640413,2026-07-10T10:16:29,221153,20260710_101616,accel_decel_climb_down_y,accel_decel_with_climb,outbound,1,"{""accel_mps2"": 0.5, ""peak_speed_mps"": 0.375, ""cruise_s"": 0.5, ""axis"": ""y"", ""climb_start_m"": 0.9, ""climb_end_m"": 0.3}",disarmed,0.0,0.0,0.0,0.8999997138977051,0.0,1.1920928955078125e-06,0.0,0.8999997138977051,True,0.02346152253448963,0.0036446687299758196,1.0028291940689087,0.05365654453635216,-0.12321197241544724,-0.14157167077064514,0.0,0.0,74.0,21.0,0.021,0.0011169669451192021,-0.00023942043480928987,0.02447815053164959,0.0032386519014835358,-0.0005075964145362377,0.005579842254519463,0.2260635942220688,1.2829846143722534,0.04010702297091484,0.024364741519093513,0.005409860052168369,3.3151015941257356e-06,0.00018463250307831913,3.7002933025360107,10.0,0.0,0.0,0.0,0.0,0.0,32.766,32.766,0.28300000000000003,0.34600000000000003,2.849,2018.39501953125,809.9734497070312,29.387149810791016,geofence_hard_land,True,
1783703789.674267,2026-07-10T10:16:29,221153,20260710_101616,accel_decel_climb_down_y,accel_decel_with_climb,outbound,1,"{""accel_mps2"": 0.5, ""peak_speed_mps"": 0.375, ""cruise_s"": 0.5, ""axis"": ""y"", ""climb_start_m"": 0.9, ""climb_end_m"": 0.3}",disarmed,0.0,0.0,0.0,0.8999997138977051,0.0,1.1920928955078125e-06,0.0,0.8999997138977051,True,0.02346152253448963,0.0036446687299758196,1.0028291940689087,0.05365654453635216,-0.12321197241544724,-0.14157167077064514,0.0,0.0,74.0,21.0,0.021,0.0011169669451192021,-0.00023942043480928987,0.02447815053164959,0.0032386519014835358,-0.0005075964145362377,0.005579842254519463,0.2260635942220688,1.2829846143722534,0.04010702297091484,0.024364741519093513,0.005409860052168369,3.3151015941257356e-06,0.00018463250307831913,3.7002933025360107,10.0,0.0,0.0,0.0,0.0,0.0,32.766,32.766,0.28300000000000003,0.34600000000000003,2.849,2018.39501953125,809.9734497070312,29.387149810791016,geofence_hard_land,True,
1783703789.6844757,2026-07-10T10:16:29,221153,20260710_101616,accel_decel_climb_down_y,accel_decel_with_climb,outbound,1,"{""accel_mps2"": 0.5, ""peak_speed_mps"": 0.375, ""cruise_s"": 0.5, ""axis"": ""y"", ""climb_start_m"": 0.9, ""climb_end_m"": 0.3}",disarmed,0.0,0.0,0.0,0.8999997138977051,0.0,1.1920928955078125e-06,0.0,0.8999997138977051,True,0.02346152253448963,0.0036446687299758196,1.0028291940689087,0.05365654453635216,-0.12321197241544724,-0.14157167077064514,0.0,0.0,74.0,21.0,0.021,0.0011169669451192021,-0.00023942043480928987,0.02447815053164959,0.0032386519014835358,-0.0005075964145362377,0.005579842254519463,0.2260635942220688,1.2829846143722534,0.04010702297091484,0.024364741519093513,0.005409860052168369,3.3151015941257356e-06,0.00018463250307831913,3.7002933025360107,10.0,0.0,0.0,0.0,0.0,0.0,32.766,32.766,0.28300000000000003,0.34600000000000003,2.849,2018.39501953125,809.9734497070312,29.387149810791016,geofence_hard_land,True,
1783703789.6946778,2026-07-10T10:16:29,221153,20260710_101616,accel_decel_climb_down_y,accel_decel_with_climb,outbound,1,"{""accel_mps2"": 0.5, ""peak_speed_mps"": 0.375, ""cruise_s"": 0.5, ""axis"": ""y"", ""climb_start_m"": 0.9, ""climb_end_m"": 0.3}",disarmed,0.0,0.0,0.0,0.8999997138977051,0.0,1.1920928955078125e-06,0.0,0.8999997138977051,True,0.02346152253448963,0.0036446687299758196,1.0028291940689087,0.05365654453635216,-0.12321197241544724,-0.14157167077064514,0.0,0.0,74.0,21.0,0.021,0.0011169669451192021,-0.00023942043480928987,0.02447815053164959,0.0032386519014835358,-0.0005075964145362377,0.005579842254519463,0.2260635942220688,1.2829846143722534,0.04010702297091484,0.024364741519093513,0.005409860052168369,3.3151015941257356e-06,0.00018463250307831913,3.7002933025360107,10.0,0.0,0.0,0.0,0.0,0.0,32.766,32.766,0.28300000000000003,0.34600000000000003,2.849,2018.39501953125,809.9734497070312,29.387149810791016,geofence_hard_land,True,
1783703789.7058535,2026-07-10T10:16:29,221153,20260710_101616,accel_decel_climb_down_y,accel_decel_with_climb,outbound,1,"{""accel_mps2"": 0.5, ""peak_speed_mps"": 0.375, ""cruise_s"": 0.5, ""axis"": ""y"", ""climb_start_m"": 0.9, ""climb_end_m"": 0.3}",disarmed,0.0,0.0,0.0,0.8999997138977051,0.0,1.1920928955078125e-06,0.0,0.8999997138977051,True,0.02346152253448963,0.0036446687299758196,1.0028291940689087,0.05365654453635216,-0.12321197241544724,-0.14157167077064514,0.0,0.0,74.0,21.0,0.021,0.0011169669451192021,-0.00023942043480928987,0.02447815053164959,0.0032386519014835358,-0.0005075964145362377,0.005579842254519463,0.2260635942220688,1.2829846143722534,0.04010702297091484,0.024364741519093513,0.005409860052168369,3.3151015941257356e-06,0.00018463250307831913,3.7002933025360107,10.0,0.0,0.0,0.0,0.0,0.0,32.766,32.766,0.28300000000000003,0.34600000000000003,2.849,2018.39501953125,809.9734497070312,29.387149810791016,geofence_hard_land,True,
1783703789.716079,2026-07-10T10:16:29,221153,20260710_101616,accel_decel_climb_down_y,accel_decel_with_climb,outbound,1,"{""accel_mps2"": 0.5, ""peak_speed_mps"": 0.375, ""cruise_s"": 0.5, ""axis"": ""y"", ""climb_start_m"": 0.9, ""climb_end_m"": 0.3}",disarmed,0.0,0.0,0.0,0.8999997138977051,0.0,1.1920928955078125e-06,0.0,0.8999997138977051,True,0.02346152253448963,0.0036446687299758196,1.0028291940689087,0.05365654453635216,-0.12321197241544724,-0.14157167077064514,0.0,0.0,74.0,21.0,0.021,0.0011169669451192021,-0.00023942043480928987,0.02447815053164959,0.0032386519014835358,-0.0005075964145362377,0.005579842254519463,0.2260635942220688,1.2829846143722534,0.04010702297091484,0.024364741519093513,0.005409860052168369,3.3151015941257356e-06,0.00018463250307831913,3.7002933025360107,10.0,0.0,0.0,0.0,0.0,0.0,32.766,32.766,0.28300000000000003,0.34600000000000003,2.849,2018.39501953125,809.9734497070312,29.387149810791016,geofence_hard_land,True,
1783703789.7263215,2026-07-10T10:16:29,221153,20260710_101616,accel_decel_climb_down_y,accel_decel_with_climb,outbound,1,"{""accel_mps2"": 0.5, ""peak_speed_mps"": 0.375, ""cruise_s"": 0.5, ""axis"": ""y"", ""climb_start_m"": 0.9, ""climb_end_m"": 0.3}",disarmed,0.0,0.0,0.0,0.8999997138977051,0.0,1.1920928955078125e-06,0.0,0.8999997138977051,True,0.02346152253448963,0.0036446687299758196,1.0028291940689087,0.05365654453635216,-0.12321197241544724,-0.14157167077064514,0.0,0.0,74.0,21.0,0.021,0.0011169669451192021,-0.00023942043480928987,0.02447815053164959,0.0032386519014835358,-0.0005075964145362377,0.005579842254519463,0.2260635942220688,1.2829846143722534,0.04010702297091484,0.024364741519093513,0.005409860052168369,3.3151015941257356e-06,0.00018463250307831913,3.7002933025360107,10.0,0.0,0.0,0.0,0.0,0.0,32.766,32.766,0.28300000000000003,0.34600000000000003,2.849,2018.39501953125,809.9734497070312,29.387149810791016,geofence_hard_land,True,
1783703789.7365701,2026-07-10T10:16:29,221153,20260710_101616,accel_decel_climb_down_y,accel_decel_with_climb,outbound,1,"{""accel_mps2"": 0.5, ""peak_speed_mps"": 0.375, ""cruise_s"": 0.5, ""axis"": ""y"", ""climb_start_m"": 0.9, ""climb_end_m"": 0.3}",disarmed,0.0,0.0,0.0,0.8999997138977051,0.0,1.1920928955078125e-06,0.0,0.8999997138977051,True,0.02346152253448963,0.0036446687299758196,1.0028291940689087,0.05365654453635216,-0.12321197241544724,-0.14157167077064514,0.0,0.0,74.0,21.0,0.021,0.0011169669451192021,-0.00023942043480928987,0.02447815053164959,0.0032386519014835358,-0.0005075964145362377,0.005579842254519463,0.2260635942220688,1.2829846143722534,0.04010702297091484,0.024364741519093513,0.005409860052168369,3.3151015941257356e-06,0.00018463250307831913,3.7002933025360107,10.0,0.0,0.0,0.0,0.0,0.0,32.766,32.766,0.28300000000000003,0.34600000000000003,2.849,2018.39501953125,809.9734497070312,29.387149810791016,geofence_hard_land,True,
1783703789.7468555,2026-07-10T10:16:29,221153,20260710_101616,accel_decel_climb_down_y,accel_decel_with_climb,outbound,1,"{""accel_mps2"": 0.5, ""peak_speed_mps"": 0.375, ""cruise_s"": 0.5, ""axis"": ""y"", ""climb_start_m"": 0.9, ""climb_end_m"": 0.3}",disarmed,0.0,0.0,0.0,0.8999997138977051,0.0,1.1920928955078125e-06,0.0,0.8999997138977051,True,0.02346152253448963,0.0036446687299758196,1.0028291940689087,0.05365654453635216,-0.12321197241544724,-0.14157167077064514,0.0,0.0,74.0,21.0,0.021,0.0011169669451192021,-0.00023942043480928987,0.02447815053164959,0.0032386519014835358,-0.0005075964145362377,0.005579842254519463,0.2260635942220688,1.2829846143722534,0.04010702297091484,0.024364741519093513,0.005409860052168369,3.3151015941257356e-06,0.00018463250307831913,3.7002933025360107,10.0,0.0,0.0,0.0,0.0,0.0,32.766,32.766,0.28300000000000003,0.34600000000000003,2.849,2018.39501953125,809.9734497070312,29.387149810791016,geofence_hard_land,True,
1783703789.757092,2026-07-10T10:16:29,221153,20260710_101616,accel_decel_climb_down_y,accel_decel_with_climb,outbound,1,"{""accel_mps2"": 0.5, ""peak_speed_mps"": 0.375, ""cruise_s"": 0.5, ""axis"": ""y"", ""climb_start_m"": 0.9, ""climb_end_m"": 0.3}",disarmed,0.0,0.0,0.0,0.8999997138977051,0.0,1.1920928955078125e-06,0.0,0.8999997138977051,True,0.02346152253448963,0.0036446687299758196,1.0028291940689087,0.05365654453635216,-0.12321197241544724,-0.14157167077064514,0.0,0.0,74.0,21.0,0.021,0.0011169669451192021,-0.00023942043480928987,0.02447815053164959,0.0032386519014835358,-0.0005075964145362377,0.005579842254519463,0.2260635942220688,1.2829846143722534,0.04010702297091484,0.024364741519093513,0.005409860052168369,3.3151015941257356e-06,0.00018463250307831913,3.7002933025360107,10.0,0.0,0.0,0.0,0.0,0.0,32.766,32.766,0.28300000000000003,0.34600000000000003,2.849,2018.39501953125,809.9734497070312,29.387149810791016,geofence_hard_land,True,
1783703789.7673218,2026-07-10T10:16:29,221153,20260710_101616,accel_decel_climb_down_y,accel_decel_with_climb,outbound,1,"{""accel_mps2"": 0.5, ""peak_speed_mps"": 0.375, ""cruise_s"": 0.5, ""axis"": ""y"", ""climb_start_m"": 0.9, ""climb_end_m"": 0.3}",disarmed,0.0,0.0,0.0,0.8999997138977051,0.0,1.1920928955078125e-06,0.0,0.8999997138977051,True,0.02346152253448963,0.0036446687299758196,1.0028291940689087,0.05365654453635216,-0.12321197241544724,-0.14157167077064514,0.0,0.0,74.0,21.0,0.021,0.0011169669451192021,-0.00023942043480928987,0.02447815053164959,0.0032386519014835358,-0.0005075964145362377,0.005579842254519463,0.2260635942220688,1.2829846143722534,0.04010702297091484,0.024364741519093513,0.005409860052168369,3.3151015941257356e-06,0.00018463250307831913,3.7002933025360107,10.0,0.0,0.0,0.0,0.0,0.0,32.766,32.766,0.28300000000000003,0.34600000000000003,2.849,2018.39501953125,809.9734497070312,29.387149810791016,geofence_hard_land,True,
1783703789.7775524,2026-07-10T10:16:29,221153,20260710_101616,accel_decel_climb_down_y,accel_decel_with_climb,outbound,1,"{""accel_mps2"": 0.5, ""peak_speed_mps"": 0.375, ""cruise_s"": 0.5, ""axis"": ""y"", ""climb_start_m"": 0.9, ""climb_end_m"": 0.3}",disarmed,0.0,0.0,0.0,0.8999997138977051,0.0,1.1920928955078125e-06,0.0,0.8999997138977051,True,0.02346152253448963,0.0036446687299758196,1.0028291940689087,0.05365654453635216,-0.12321197241544724,-0.14157167077064514,0.0,0.0,74.0,21.0,0.021,0.0011169669451192021,-0.00023942043480928987,0.02447815053164959,0.0032386519014835358,-0.0005075964145362377,0.005579842254519463,0.2260635942220688,1.2829846143722534,0.04010702297091484,0.024364741519093513,0.005409860052168369,3.3151015941257356e-06,0.00018463250307831913,3.7002933025360107,10.0,0.0,0.0,0.0,0.0,0.0,32.766,32.766,0.28300000000000003,0.34600000000000003,2.849,2018.39501953125,809.9734497070312,29.387149810791016,geofence_hard_land,True,
1783703789.7877328,2026-07-10T10:16:29,221153,20260710_101616,accel_decel_climb_down_y,accel_decel_with_climb,outbound,1,"{""accel_mps2"": 0.5, ""peak_speed_mps"": 0.375, ""cruise_s"": 0.5, ""axis"": ""y"", ""climb_start_m"": 0.9, ""climb_end_m"": 0.3}",disarmed,0.0,0.0,0.0,0.8999997138977051,0.0,1.1920928955078125e-06,0.0,0.8999997138977051,True,0.02346152253448963,0.0036446687299758196,1.0028291940689087,0.05365654453635216,-0.12321197241544724,-0.14157167077064514,0.0,0.0,74.0,21.0,0.021,0.0011169669451192021,-0.00023942043480928987,0.02447815053164959,0.0032386519014835358,-0.0005075964145362377,0.005579842254519463,0.2260635942220688,1.2829846143722534,0.04010702297091484,0.024364741519093513,0.005409860052168369,3.3151015941257356e-06,0.00018463250307831913,3.7002933025360107,10.0,0.0,0.0,0.0,0.0,0.0,32.766,32.766,0.28300000000000003,0.34600000000000003,2.849,2018.39501953125,809.9734497070312,29.387149810791016,geofence_hard_land,True,
1783703789.797908,2026-07-10T10:16:29,221153,20260710_101616,accel_decel_climb_down_y,accel_decel_with_climb,outbound,1,"{""accel_mps2"": 0.5, ""peak_speed_mps"": 0.375, ""cruise_s"": 0.5, ""axis"": ""y"", ""climb_start_m"": 0.9, ""climb_end_m"": 0.3}",disarmed,0.0,0.0,0.0,0.8999997138977051,0.0,1.1920928955078125e-06,0.0,0.8999997138977051,True,0.02346152253448963,0.0036446687299758196,1.0028291940689087,0.05365654453635216,-0.12321197241544724,-0.14157167077064514,0.0,0.0,74.0,21.0,0.021,0.0011169669451192021,-0.00023942043480928987,0.02447815053164959,0.0032386519014835358,-0.0005075964145362377,0.005579842254519463,0.2260635942220688,1.2829846143722534,0.04010702297091484,0.024364741519093513,0.005409860052168369,3.3151015941257356e-06,0.00018463250307831913,3.7002933025360107,10.0,0.0,0.0,0.0,0.0,0.0,32.766,32.766,0.28300000000000003,0.34600000000000003,2.849,2018.39501953125,809.9734497070312,29.387149810791016,geofence_hard_land,True,
1783703789.808082,2026-07-10T10:16:29,221153,20260710_101616,accel_decel_climb_down_y,accel_decel_with_climb,outbound,1,"{""accel_mps2"": 0.5, ""peak_speed_mps"": 0.375, ""cruise_s"": 0.5, ""axis"": ""y"", ""climb_start_m"": 0.9, ""climb_end_m"": 0.3}",disarmed,0.0,0.0,0.0,0.8999997138977051,0.0,1.1920928955078125e-06,0.0,0.8999997138977051,True,0.02346152253448963,0.0036446687299758196,1.0028291940689087,0.05365654453635216,-0.12321197241544724,-0.14157167077064514,0.0,0.0,74.0,21.0,0.021,0.0011169669451192021,-0.00023942043480928987,0.02447815053164959,0.0032386519014835358,-0.0005075964145362377,0.005579842254519463,0.2260635942220688,1.2829846143722534,0.04010702297091484,0.024364741519093513,0.005409860052168369,3.3151015941257356e-06,0.00018463250307831913,3.7002933025360107,10.0,0.0,0.0,0.0,0.0,0.0,32.766,32.766,0.28300000000000003,0.34600000000000003,2.849,2018.39501953125,809.9734497070312,29.387149810791016,geofence_hard_land,True,
1783703789.8182554,2026-07-10T10:16:29,221153,20260710_101616,accel_decel_climb_down_y,accel_decel_with_climb,outbound,1,"{""accel_mps2"": 0.5, ""peak_speed_mps"": 0.375, ""cruise_s"": 0.5, ""axis"": ""y"", ""climb_start_m"": 0.9, ""climb_end_m"": 0.3}",disarmed,0.0,0.0,0.0,0.8999997138977051,0.0,1.1920928955078125e-06,0.0,0.8999997138977051,True,0.02346152253448963,0.0036446687299758196,1.0028291940689087,0.05365654453635216,-0.12321197241544724,-0.14157167077064514,0.0,0.0,74.0,21.0,0.021,0.0011169669451192021,-0.00023942043480928987,0.02447815053164959,0.0032386519014835358,-0.0005075964145362377,0.005579842254519463,0.2260635942220688,1.2829846143722534,0.04010702297091484,0.024364741519093513,0.005409860052168369,3.3151015941257356e-06,0.00018463250307831913,3.7002933025360107,10.0,0.0,0.0,0.0,0.0,0.0,32.766,32.766,0.28300000000000003,0.34600000000000003,2.849,2018.39501953125,809.9734497070312,29.387149810791016,geofence_hard_land,True,
1783703789.8284323,2026-07-10T10:16:29,221153,20260710_101616,accel_decel_climb_down_y,accel_decel_with_climb,outbound,1,"{""accel_mps2"": 0.5, ""peak_speed_mps"": 0.375, ""cruise_s"": 0.5, ""axis"": ""y"", ""climb_start_m"": 0.9, ""climb_end_m"": 0.3}",disarmed,0.0,0.0,0.0,0.8999997138977051,0.0,1.1920928955078125e-06,0.0,0.8999997138977051,True,0.02346152253448963,0.0036446687299758196,1.0028291940689087,0.05365654453635216,-0.12321197241544724,-0.14157167077064514,0.0,0.0,74.0,21.0,0.021,0.0011169669451192021,-0.00023942043480928987,0.02447815053164959,0.0032386519014835358,-0.0005075964145362377,0.005579842254519463,0.2260635942220688,1.2829846143722534,0.04010702297091484,0.024364741519093513,0.005409860052168369,3.3151015941257356e-06,0.00018463250307831913,3.7002933025360107,10.0,0.0,0.0,0.0,0.0,0.0,32.766,32.766,0.28300000000000003,0.34600000000000003,2.849,2018.39501953125,809.9734497070312,29.387149810791016,geofence_hard_land,True,
1783703789.838608,2026-07-10T10:16:29,221153,20260710_101616,accel_decel_climb_down_y,accel_decel_with_climb,outbound,1,"{""accel_mps2"": 0.5, ""peak_speed_mps"": 0.375, ""cruise_s"": 0.5, ""axis"": ""y"", ""climb_start_m"": 0.9, ""climb_end_m"": 0.3}",disarmed,0.0,0.0,0.0,0.8999997138977051,0.0,1.1920928955078125e-06,0.0,0.8999997138977051,True,0.02346152253448963,0.0036446687299758196,1.0028291940689087,0.05365654453635216,-0.12321197241544724,-0.14157167077064514,0.0,0.0,74.0,21.0,0.021,0.0011169669451192021,-0.00023942043480928987,0.02447815053164959,0.0032386519014835358,-0.0005075964145362377,0.005579842254519463,0.2260635942220688,1.2829846143722534,0.04010702297091484,0.024364741519093513,0.005409860052168369,3.3151015941257356e-06,0.00018463250307831913,3.7002933025360107,10.0,0.0,0.0,0.0,0.0,0.0,32.766,32.766,0.28300000000000003,0.34600000000000003,2.849,2018.39501953125,809.9734497070312,29.387149810791016,geofence_hard_land,True,
1783703789.848803,2026-07-10T10:16:29,221153,20260710_101616,accel_decel_climb_down_y,accel_decel_with_climb,outbound,1,"{""accel_mps2"": 0.5, ""peak_speed_mps"": 0.375, ""cruise_s"": 0.5, ""axis"": ""y"", ""climb_start_m"": 0.9, ""climb_end_m"": 0.3}",disarmed,0.0,0.0,0.0,0.8999997138977051,0.0,1.1920928955078125e-06,0.0,0.8999997138977051,True,0.02346152253448963,0.0036446687299758196,1.0028291940689087,0.05365654453635216,-0.12321197241544724,-0.14157167077064514,0.0,0.0,74.0,21.0,0.021,0.0011169669451192021,-0.00023942043480928987,0.02447815053164959,0.0032386519014835358,-0.0005075964145362377,0.005579842254519463,0.2260635942220688,1.2829846143722534,0.04010702297091484,0.024364741519093513,0.005409860052168369,3.3151015941257356e-06,0.00018463250307831913,3.7002933025360107,10.0,0.0,0.0,0.0,0.0,0.0,32.766,32.766,0.28300000000000003,0.34600000000000003,2.849,2018.39501953125,809.9734497070312,29.387149810791016,geofence_hard_land,True,
1783703789.8589745,2026-07-10T10:16:29,221153,20260710_101616,accel_decel_climb_down_y,accel_decel_with_climb,outbound,1,"{""accel_mps2"": 0.5, ""peak_speed_mps"": 0.375, ""cruise_s"": 0.5, ""axis"": ""y"", ""climb_start_m"": 0.9, ""climb_end_m"": 0.3}",disarmed,0.0,0.0,0.0,0.8999997138977051,0.0,1.1920928955078125e-06,0.0,0.8999997138977051,True,0.02346152253448963,0.0036446687299758196,1.0028291940689087,0.05365654453635216,-0.12321197241544724,-0.14157167077064514,0.0,0.0,74.0,21.0,0.021,0.0011169669451192021,-0.00023942043480928987,0.02447815053164959,0.0032386519014835358,-0.0005075964145362377,0.005579842254519463,0.2260635942220688,1.2829846143722534,0.04010702297091484,0.024364741519093513,0.005409860052168369,3.3151015941257356e-06,0.00018463250307831913,3.7002933025360107,10.0,0.0,0.0,0.0,0.0,0.0,32.766,32.766,0.28300000000000003,0.34600000000000003,2.849,2018.39501953125,809.9734497070312,29.387149810791016,geofence_hard_land,True,
1783703789.869161,2026-07-10T10:16:29,221153,20260710_101616,accel_decel_climb_down_y,accel_decel_with_climb,outbound,1,"{""accel_mps2"": 0.5, ""peak_speed_mps"": 0.375, ""cruise_s"": 0.5, ""axis"": ""y"", ""climb_start_m"": 0.9, ""climb_end_m"": 0.3}",disarmed,0.0,0.0,0.0,0.8999997138977051,0.0,1.1920928955078125e-06,0.0,0.8999997138977051,True,0.02346152253448963,0.0036446687299758196,1.0028291940689087,0.05365654453635216,-0.12321197241544724,-0.14157167077064514,0.0,0.0,74.0,21.0,0.021,0.0011169669451192021,-0.00023942043480928987,0.02447815053164959,0.0032386519014835358,-0.0005075964145362377,0.005579842254519463,0.2260635942220688,1.2829846143722534,0.04010702297091484,0.024364741519093513,0.005409860052168369,3.3151015941257356e-06,0.00018463250307831913,3.7002933025360107,10.0,0.0,0.0,0.0,0.0,0.0,32.766,32.766,0.28300000000000003,0.34600000000000003,2.849,2018.39501953125,809.9734497070312,29.387149810791016,geofence_hard_land,True,
1783703789.8793402,2026-07-10T10:16:29,221153,20260710_101616,accel_decel_climb_down_y,accel_decel_with_climb,outbound,1,"{""accel_mps2"": 0.5, ""peak_speed_mps"": 0.375, ""cruise_s"": 0.5, ""axis"": ""y"", ""climb_start_m"": 0.9, ""climb_end_m"": 0.3}",disarmed,0.0,0.0,0.0,0.8999997138977051,0.0,1.1920928955078125e-06,0.0,0.8999997138977051,True,0.02346152253448963,0.0036446687299758196,1.0028291940689087,0.05365654453635216,-0.12321197241544724,-0.14157167077064514,0.0,0.0,74.0,21.0,0.021,0.0011169669451192021,-0.00023942043480928987,0.02447815053164959,0.0032386519014835358,-0.0005075964145362377,0.005579842254519463,0.2260635942220688,1.2829846143722534,0.04010702297091484,0.024364741519093513,0.005409860052168369,3.3151015941257356e-06,0.00018463250307831913,3.7002933025360107,10.0,0.0,0.0,0.0,0.0,0.0,32.766,32.766,0.28300000000000003,0.34600000000000003,2.849,2018.39501953125,809.9734497070312,29.387149810791016,geofence_hard_land,True,
1783703789.8895836,2026-07-10T10:16:29,221153,20260710_101616,accel_decel_climb_down_y,accel_decel_with_climb,outbound,1,"{""accel_mps2"": 0.5, ""peak_speed_mps"": 0.375, ""cruise_s"": 0.5, ""axis"": ""y"", ""climb_start_m"": 0.9, ""climb_end_m"": 0.3}",disarmed,0.0,0.0,0.0,0.8999997138977051,0.0,1.1920928955078125e-06,0.0,0.8999997138977051,True,0.02346152253448963,0.0036446687299758196,1.0028291940689087,0.05365654453635216,-0.12321197241544724,-0.14157167077064514,0.0,0.0,74.0,21.0,0.021,0.0011169669451192021,-0.00023942043480928987,0.02447815053164959,0.0032386519014835358,-0.0005075964145362377,0.005579842254519463,0.2260635942220688,1.2829846143722534,0.04010702297091484,0.024364741519093513,0.005409860052168369,3.3151015941257356e-06,0.00018463250307831913,3.7002933025360107,10.0,0.0,0.0,0.0,0.0,0.0,32.766,32.766,0.28300000000000003,0.34600000000000003,2.849,2018.39501953125,809.9734497070312,29.387149810791016,geofence_hard_land,True,
1783703789.8999465,2026-07-10T10:16:29,221153,20260710_101616,accel_decel_climb_down_y,accel_decel_with_climb,outbound,1,"{""accel_mps2"": 0.5, ""peak_speed_mps"": 0.375, ""cruise_s"": 0.5, ""axis"": ""y"", ""climb_start_m"": 0.9, ""climb_end_m"": 0.3}",disarmed,0.0,0.0,0.0,0.8999997138977051,0.0,1.1920928955078125e-06,0.0,0.8999997138977051,True,0.02346152253448963,0.0036446687299758196,1.0028291940689087,0.05365654453635216,-0.12321197241544724,-0.14157167077064514,0.0,0.0,74.0,21.0,0.021,0.0011169669451192021,-0.00023942043480928987,0.02447815053164959,0.0032386519014835358,-0.0005075964145362377,0.005579842254519463,0.2260635942220688,1.2829846143722534,0.04010702297091484,0.024364741519093513,0.005409860052168369,3.3151015941257356e-06,0.00018463250307831913,3.7002933025360107,10.0,0.0,0.0,0.0,0.0,0.0,32.766,32.766,0.28300000000000003,0.34600000000000003,2.849,2018.39501953125,809.9734497070312,29.387149810791016,geofence_hard_land,True,
1783703789.9103155,2026-07-10T10:16:29,221153,20260710_101616,accel_decel_climb_down_y,accel_decel_with_climb,outbound,1,"{""accel_mps2"": 0.5, ""peak_speed_mps"": 0.375, ""cruise_s"": 0.5, ""axis"": ""y"", ""climb_start_m"": 0.9, ""climb_end_m"": 0.3}",disarmed,0.0,0.0,0.0,0.8999997138977051,0.0,1.1920928955078125e-06,0.0,0.8999997138977051,True,0.02346152253448963,0.0036446687299758196,1.0028291940689087,0.05365654453635216,-0.12321197241544724,-0.14157167077064514,0.0,0.0,74.0,21.0,0.021,0.0011169669451192021,-0.00023942043480928987,0.02447815053164959,0.0032386519014835358,-0.0005075964145362377,0.005579842254519463,0.2260635942220688,1.2829846143722534,0.04010702297091484,0.024364741519093513,0.005409860052168369,3.3151015941257356e-06,0.00018463250307831913,3.7002933025360107,10.0,0.0,0.0,0.0,0.0,0.0,32.766,32.766,0.28300000000000003,0.34600000000000003,2.849,2018.39501953125,809.9734497070312,29.387149810791016,geofence_hard_land,True,
1783703789.9207838,2026-07-10T10:16:29,221153,20260710_101616,accel_decel_climb_down_y,accel_decel_with_climb,outbound,1,"{""accel_mps2"": 0.5, ""peak_speed_mps"": 0.375, ""cruise_s"": 0.5, ""axis"": ""y"", ""climb_start_m"": 0.9, ""climb_end_m"": 0.3}",disarmed,0.0,0.0,0.0,0.8999997138977051,0.0,1.1920928955078125e-06,0.0,0.8999997138977051,True,0.02346152253448963,0.0036446687299758196,1.0028291940689087,0.05365654453635216,-0.12321197241544724,-0.14157167077064514,0.0,0.0,74.0,21.0,0.021,0.0011169669451192021,-0.00023942043480928987,0.02447815053164959,0.0032386519014835358,-0.0005075964145362377,0.005579842254519463,0.2260635942220688,1.2829846143722534,0.04010702297091484,0.024364741519093513,0.005409860052168369,3.3151015941257356e-06,0.00018463250307831913,3.7002933025360107,10.0,0.0,0.0,0.0,0.0,0.0,32.766,32.766,0.28300000000000003,0.34600000000000003,2.849,2018.39501953125,809.9734497070312,29.387149810791016,geofence_hard_land,True,
1783703789.931213,2026-07-10T10:16:29,221153,20260710_101616,accel_decel_climb_down_y,accel_decel_with_climb,outbound,1,"{""accel_mps2"": 0.5, ""peak_speed_mps"": 0.375, ""cruise_s"": 0.5, ""axis"": ""y"", ""climb_start_m"": 0.9, ""climb_end_m"": 0.3}",disarmed,0.0,0.0,0.0,0.8999997138977051,0.0,1.1920928955078125e-06,0.0,0.8999997138977051,True,0.02346152253448963,0.0036446687299758196,1.0028291940689087,0.05365654453635216,-0.12321197241544724,-0.14157167077064514,0.0,0.0,74.0,21.0,0.021,0.0011169669451192021,-0.00023942043480928987,0.02447815053164959,0.0032386519014835358,-0.0005075964145362377,0.005579842254519463,0.2260635942220688,1.2829846143722534,0.04010702297091484,0.024364741519093513,0.005409860052168369,3.3151015941257356e-06,0.00018463250307831913,3.7002933025360107,10.0,0.0,0.0,0.0,0.0,0.0,32.766,32.766,0.28300000000000003,0.34600000000000003,2.849,2018.39501953125,809.9734497070312,29.387149810791016,geofence_hard_land,True,
1783703789.9415677,2026-07-10T10:16:29,221153,20260710_101616,accel_decel_climb_down_y,accel_decel_with_climb,outbound,1,"{""accel_mps2"": 0.5, ""peak_speed_mps"": 0.375, ""cruise_s"": 0.5, ""axis"": ""y"", ""climb_start_m"": 0.9, ""climb_end_m"": 0.3}",disarmed,0.0,0.0,0.0,0.8999997138977051,0.0,1.1920928955078125e-06,0.0,0.8999997138977051,True,0.02346152253448963,0.0036446687299758196,1.0028291940689087,0.05365654453635216,-0.12321197241544724,-0.14157167077064514,0.0,0.0,74.0,21.0,0.021,0.0011169669451192021,-0.00023942043480928987,0.02447815053164959,0.0032386519014835358,-0.0005075964145362377,0.005579842254519463,0.2260635942220688,1.2829846143722534,0.04010702297091484,0.024364741519093513,0.005409860052168369,3.3151015941257356e-06,0.00018463250307831913,3.7002933025360107,10.0,0.0,0.0,0.0,0.0,0.0,32.766,32.766,0.28300000000000003,0.34600000000000003,2.849,2018.39501953125,809.9734497070312,29.387149810791016,geofence_hard_land,True,
1783703789.9519362,2026-07-10T10:16:29,221153,20260710_101616,accel_decel_climb_down_y,accel_decel_with_climb,outbound,1,"{""accel_mps2"": 0.5, ""peak_speed_mps"": 0.375, ""cruise_s"": 0.5, ""axis"": ""y"", ""climb_start_m"": 0.9, ""climb_end_m"": 0.3}",disarmed,0.0,0.0,0.0,0.8999997138977051,0.0,1.1920928955078125e-06,0.0,0.8999997138977051,True,0.02346152253448963,0.0036446687299758196,1.0028291940689087,0.05365654453635216,-0.12321197241544724,-0.14157167077064514,0.0,0.0,74.0,21.0,0.021,0.0011169669451192021,-0.00023942043480928987,0.02447815053164959,0.0032386519014835358,-0.0005075964145362377,0.005579842254519463,0.2260635942220688,1.2829846143722534,0.04010702297091484,0.024364741519093513,0.005409860052168369,3.3151015941257356e-06,0.00018463250307831913,3.7002933025360107,10.0,0.0,0.0,0.0,0.0,0.0,32.766,32.766,0.28300000000000003,0.34600000000000003,2.849,2018.39501953125,809.9734497070312,29.387149810791016,geofence_hard_land,True,
1783703789.9622028,2026-07-10T10:16:29,221153,20260710_101616,accel_decel_climb_down_y,accel_decel_with_climb,outbound,1,"{""accel_mps2"": 0.5, ""peak_speed_mps"": 0.375, ""cruise_s"": 0.5, ""axis"": ""y"", ""climb_start_m"": 0.9, ""climb_end_m"": 0.3}",disarmed,0.0,0.0,0.0,0.8999997138977051,0.0,1.1920928955078125e-06,0.0,0.8999997138977051,True,0.02346152253448963,0.0036446687299758196,1.0028291940689087,0.05365654453635216,-0.12321197241544724,-0.14157167077064514,0.0,0.0,74.0,21.0,0.021,0.0011169669451192021,-0.00023942043480928987,0.02447815053164959,0.0032386519014835358,-0.0005075964145362377,0.005579842254519463,0.2260635942220688,1.2829846143722534,0.04010702297091484,0.024364741519093513,0.005409860052168369,3.3151015941257356e-06,0.00018463250307831913,3.7002933025360107,10.0,0.0,0.0,0.0,0.0,0.0,32.766,32.766,0.28300000000000003,0.34600000000000003,2.849,2018.39501953125,809.9734497070312,29.387149810791016,geofence_hard_land,True,
1783703789.9723897,2026-07-10T10:16:29,221153,20260710_101616,accel_decel_climb_down_y,accel_decel_with_climb,outbound,1,"{""accel_mps2"": 0.5, ""peak_speed_mps"": 0.375, ""cruise_s"": 0.5, ""axis"": ""y"", ""climb_start_m"": 0.9, ""climb_end_m"": 0.3}",disarmed,0.0,0.0,0.0,0.8999997138977051,0.0,1.1920928955078125e-06,0.0,0.8999997138977051,True,0.02346152253448963,0.0036446687299758196,1.0028291940689087,0.05365654453635216,-0.12321197241544724,-0.14157167077064514,0.0,0.0,74.0,21.0,0.021,0.0011169669451192021,-0.00023942043480928987,0.02447815053164959,0.0032386519014835358,-0.0005075964145362377,0.005579842254519463,0.2260635942220688,1.2829846143722534,0.04010702297091484,0.024364741519093513,0.005409860052168369,3.3151015941257356e-06,0.00018463250307831913,3.7002933025360107,10.0,0.0,0.0,0.0,0.0,0.0,32.766,32.766,0.28300000000000003,0.34600000000000003,2.849,2018.39501953125,809.9734497070312,29.387149810791016,geofence_hard_land,True,
1783703789.9825726,2026-07-10T10:16:29,221153,20260710_101616,accel_decel_climb_down_y,accel_decel_with_climb,outbound,1,"{""accel_mps2"": 0.5, ""peak_speed_mps"": 0.375, ""cruise_s"": 0.5, ""axis"": ""y"", ""climb_start_m"": 0.9, ""climb_end_m"": 0.3}",disarmed,0.0,0.0,0.0,0.8999997138977051,0.0,1.1920928955078125e-06,0.0,0.8999997138977051,True,0.02346152253448963,0.0036446687299758196,1.0028291940689087,0.05365654453635216,-0.12321197241544724,-0.14157167077064514,0.0,0.0,74.0,21.0,0.021,0.0011169669451192021,-0.00023942043480928987,0.02447815053164959,0.0032386519014835358,-0.0005075964145362377,0.005579842254519463,0.2260635942220688,1.2829846143722534,0.04010702297091484,0.024364741519093513,0.005409860052168369,3.3151015941257356e-06,0.00018463250307831913,3.7002933025360107,10.0,0.0,0.0,0.0,0.0,0.0,32.766,32.766,0.28300000000000003,0.34600000000000003,2.849,2018.39501953125,809.9734497070312,29.387149810791016,geofence_hard_land,True,
1783703789.9927766,2026-07-10T10:16:29,221153,20260710_101616,accel_decel_climb_down_y,accel_decel_with_climb,outbound,1,"{""accel_mps2"": 0.5, ""peak_speed_mps"": 0.375, ""cruise_s"": 0.5, ""axis"": ""y"", ""climb_start_m"": 0.9, ""climb_end_m"": 0.3}",disarmed,0.0,0.0,0.0,0.8999997138977051,0.0,1.1920928955078125e-06,0.0,0.8999997138977051,True,0.02346152253448963,0.0036446687299758196,1.0028291940689087,0.05365654453635216,-0.12321197241544724,-0.14157167077064514,0.0,0.0,74.0,21.0,0.021,0.0011169669451192021,-0.00023942043480928987,0.02447815053164959,0.0032386519014835358,-0.0005075964145362377,0.005579842254519463,0.2260635942220688,1.2829846143722534,0.04010702297091484,0.024364741519093513,0.005409860052168369,3.3151015941257356e-06,0.00018463250307831913,3.7002933025360107,10.0,0.0,0.0,0.0,0.0,0.0,32.766,32.766,0.28300000000000003,0.34600000000000003,2.849,2018.39501953125,809.9734497070312,29.387149810791016,geofence_hard_land,True,
1783703790.0029414,2026-07-10T10:16:30,221153,20260710_101616,accel_decel_climb_down_y,accel_decel_with_climb,outbound,1,"{""accel_mps2"": 0.5, ""peak_speed_mps"": 0.375, ""cruise_s"": 0.5, ""axis"": ""y"", ""climb_start_m"": 0.9, ""climb_end_m"": 0.3}",disarmed,0.0,0.0,0.0,0.8999997138977051,0.0,1.1920928955078125e-06,0.0,0.8999997138977051,True,0.02346152253448963,0.0036446687299758196,1.0028291940689087,0.05365654453635216,-0.12321197241544724,-0.14157167077064514,0.0,0.0,74.0,21.0,0.021,0.0011169669451192021,-0.00023942043480928987,0.02447815053164959,0.0032386519014835358,-0.0005075964145362377,0.005579842254519463,0.2260635942220688,1.2829846143722534,0.04010702297091484,0.024364741519093513,0.005409860052168369,3.3151015941257356e-06,0.00018463250307831913,3.7002933025360107,10.0,0.0,0.0,0.0,0.0,0.0,32.766,32.766,0.28300000000000003,0.34600000000000003,2.849,2018.39501953125,809.9734497070312,29.387149810791016,geofence_hard_land,True,
1783703790.0131023,2026-07-10T10:16:30,221153,20260710_101616,accel_decel_climb_down_y,accel_decel_with_climb,outbound,1,"{""accel_mps2"": 0.5, ""peak_speed_mps"": 0.375, ""cruise_s"": 0.5, ""axis"": ""y"", ""climb_start_m"": 0.9, ""climb_end_m"": 0.3}",disarmed,0.0,0.0,0.0,0.8999997138977051,0.0,1.1920928955078125e-06,0.0,0.8999997138977051,True,0.02346152253448963,0.0036446687299758196,1.0028291940689087,0.05365654453635216,-0.12321197241544724,-0.14157167077064514,0.0,0.0,74.0,21.0,0.021,0.0011169669451192021,-0.00023942043480928987,0.02447815053164959,0.0032386519014835358,-0.0005075964145362377,0.005579842254519463,0.2260635942220688,1.2829846143722534,0.04010702297091484,0.024364741519093513,0.005409860052168369,3.3151015941257356e-06,0.00018463250307831913,3.7002933025360107,10.0,0.0,0.0,0.0,0.0,0.0,32.766,32.766,0.28300000000000003,0.34600000000000003,2.849,2018.39501953125,809.9734497070312,29.387149810791016,geofence_hard_land,True,
1783703790.0232582,2026-07-10T10:16:30,221153,20260710_101616,accel_decel_climb_down_y,accel_decel_with_climb,outbound,1,"{""accel_mps2"": 0.5, ""peak_speed_mps"": 0.375, ""cruise_s"": 0.5, ""axis"": ""y"", ""climb_start_m"": 0.9, ""climb_end_m"": 0.3}",disarmed,0.0,0.0,0.0,0.8999997138977051,0.0,1.1920928955078125e-06,0.0,0.8999997138977051,True,0.02346152253448963,0.0036446687299758196,1.0028291940689087,0.05365654453635216,-0.12321197241544724,-0.14157167077064514,0.0,0.0,74.0,21.0,0.021,0.0011169669451192021,-0.00023942043480928987,0.02447815053164959,0.0032386519014835358,-0.0005075964145362377,0.005579842254519463,0.2260635942220688,1.2829846143722534,0.04010702297091484,0.024364741519093513,0.005409860052168369,3.3151015941257356e-06,0.00018463250307831913,3.7002933025360107,10.0,0.0,0.0,0.0,0.0,0.0,32.766,32.766,0.28300000000000003,0.34600000000000003,2.849,2018.39501953125,809.9734497070312,29.387149810791016,geofence_hard_land,True,
1783703790.033413,2026-07-10T10:16:30,221153,20260710_101616,accel_decel_climb_down_y,accel_decel_with_climb,outbound,1,"{""accel_mps2"": 0.5, ""peak_speed_mps"": 0.375, ""cruise_s"": 0.5, ""axis"": ""y"", ""climb_start_m"": 0.9, ""climb_end_m"": 0.3}",disarmed,0.0,0.0,0.0,0.8999997138977051,0.0,1.1920928955078125e-06,0.0,0.8999997138977051,True,0.02346152253448963,0.0036446687299758196,1.0028291940689087,0.05365654453635216,-0.12321197241544724,-0.14157167077064514,0.0,0.0,74.0,21.0,0.021,0.0011169669451192021,-0.00023942043480928987,0.02447815053164959,0.0032386519014835358,-0.0005075964145362377,0.005579842254519463,0.2260635942220688,1.2829846143722534,0.04010702297091484,0.024364741519093513,0.005409860052168369,3.3151015941257356e-06,0.00018463250307831913,3.7002933025360107,10.0,0.0,0.0,0.0,0.0,0.0,32.766,32.766,0.28300000000000003,0.34600000000000003,2.849,2018.39501953125,809.9734497070312,29.387149810791016,geofence_hard_land,True,
1783703790.043583,2026-07-10T10:16:30,221153,20260710_101616,accel_decel_climb_down_y,accel_decel_with_climb,outbound,1,"{""accel_mps2"": 0.5, ""peak_speed_mps"": 0.375, ""cruise_s"": 0.5, ""axis"": ""y"", ""climb_start_m"": 0.9, ""climb_end_m"": 0.3}",disarmed,0.0,0.0,0.0,0.8999997138977051,0.0,1.1920928955078125e-06,0.0,0.8999997138977051,True,0.02346152253448963,0.0036446687299758196,1.0028291940689087,0.05365654453635216,-0.12321197241544724,-0.14157167077064514,0.0,0.0,74.0,21.0,0.021,0.0011169669451192021,-0.00023942043480928987,0.02447815053164959,0.0032386519014835358,-0.0005075964145362377,0.005579842254519463,0.2260635942220688,1.2829846143722534,0.04010702297091484,0.024364741519093513,0.005409860052168369,3.3151015941257356e-06,0.00018463250307831913,3.7002933025360107,10.0,0.0,0.0,0.0,0.0,0.0,32.766,32.766,0.28300000000000003,0.34600000000000003,2.849,2018.39501953125,809.9734497070312,29.387149810791016,geofence_hard_land,True,
1783703790.0537758,2026-07-10T10:16:30,221153,20260710_101616,accel_decel_climb_down_y,accel_decel_with_climb,outbound,1,"{""accel_mps2"": 0.5, ""peak_speed_mps"": 0.375, ""cruise_s"": 0.5, ""axis"": ""y"", ""climb_start_m"": 0.9, ""climb_end_m"": 0.3}",disarmed,0.0,0.0,0.0,0.8999997138977051,0.0,1.1920928955078125e-06,0.0,0.8999997138977051,True,0.02346152253448963,0.0036446687299758196,1.0028291940689087,0.05365654453635216,-0.12321197241544724,-0.14157167077064514,0.0,0.0,74.0,21.0,0.021,0.0011169669451192021,-0.00023942043480928987,0.02447815053164959,0.0032386519014835358,-0.0005075964145362377,0.005579842254519463,0.2260635942220688,1.2829846143722534,0.04010702297091484,0.024364741519093513,0.005409860052168369,3.3151015941257356e-06,0.00018463250307831913,3.7002933025360107,10.0,0.0,0.0,0.0,0.0,0.0,32.766,32.766,0.28300000000000003,0.34600000000000003,2.849,2018.39501953125,809.9734497070312,29.387149810791016,geofence_hard_land,True,
1783703790.063948,2026-07-10T10:16:30,221153,20260710_101616,accel_decel_climb_down_y,accel_decel_with_climb,outbound,1,"{""accel_mps2"": 0.5, ""peak_speed_mps"": 0.375, ""cruise_s"": 0.5, ""axis"": ""y"", ""climb_start_m"": 0.9, ""climb_end_m"": 0.3}",disarmed,0.0,0.0,0.0,0.8999997138977051,0.0,1.1920928955078125e-06,0.0,0.8999997138977051,True,0.02346152253448963,0.0036446687299758196,1.0028291940689087,0.05365654453635216,-0.12321197241544724,-0.14157167077064514,0.0,0.0,74.0,21.0,0.021,0.0011169669451192021,-0.00023942043480928987,0.02447815053164959,0.0032386519014835358,-0.0005075964145362377,0.005579842254519463,0.2260635942220688,1.2829846143722534,0.04010702297091484,0.024364741519093513,0.005409860052168369,3.3151015941257356e-06,0.00018463250307831913,3.7002933025360107,10.0,0.0,0.0,0.0,0.0,0.0,32.766,32.766,0.28300000000000003,0.34600000000000003,2.849,2018.39501953125,809.9734497070312,29.387149810791016,geofence_hard_land,True,
1783703790.0741427,2026-07-10T10:16:30,221153,20260710_101616,accel_decel_climb_down_y,accel_decel_with_climb,outbound,1,"{""accel_mps2"": 0.5, ""peak_speed_mps"": 0.375, ""cruise_s"": 0.5, ""axis"": ""y"", ""climb_start_m"": 0.9, ""climb_end_m"": 0.3}",disarmed,0.0,0.0,0.0,0.8999997138977051,0.0,1.1920928955078125e-06,0.0,0.8999997138977051,True,0.02346152253448963,0.0036446687299758196,1.0028291940689087,0.05365654453635216,-0.12321197241544724,-0.14157167077064514,0.0,0.0,74.0,21.0,0.021,0.0011169669451192021,-0.00023942043480928987,0.02447815053164959,0.0032386519014835358,-0.0005075964145362377,0.005579842254519463,0.2260635942220688,1.2829846143722534,0.04010702297091484,0.024364741519093513,0.005409860052168369,3.3151015941257356e-06,0.00018463250307831913,3.7002933025360107,10.0,0.0,0.0,0.0,0.0,0.0,32.766,32.766,0.28300000000000003,0.34600000000000003,2.849,2018.39501953125,809.9734497070312,29.387149810791016,geofence_hard_land,True,
1783703790.0843456,2026-07-10T10:16:30,221153,20260710_101616,accel_decel_climb_down_y,accel_decel_with_climb,outbound,1,"{""accel_mps2"": 0.5, ""peak_speed_mps"": 0.375, ""cruise_s"": 0.5, ""axis"": ""y"", ""climb_start_m"": 0.9, ""climb_end_m"": 0.3}",disarmed,0.0,0.0,0.0,0.8999997138977051,0.0,1.1920928955078125e-06,0.0,0.8999997138977051,True,0.02346152253448963,0.0036446687299758196,1.0028291940689087,0.05365654453635216,-0.12321197241544724,-0.14157167077064514,0.0,0.0,74.0,21.0,0.021,0.0011169669451192021,-0.00023942043480928987,0.02447815053164959,0.0032386519014835358,-0.0005075964145362377,0.005579842254519463,0.2260635942220688,1.2829846143722534,0.04010702297091484,0.024364741519093513,0.005409860052168369,3.3151015941257356e-06,0.00018463250307831913,3.7002933025360107,10.0,0.0,0.0,0.0,0.0,0.0,32.766,32.766,0.28300000000000003,0.34600000000000003,2.849,2018.39501953125,809.9734497070312,29.387149810791016,geofence_hard_land,True,
1783703790.0945308,2026-07-10T10:16:30,221153,20260710_101616,accel_decel_climb_down_y,accel_decel_with_climb,outbound,1,"{""accel_mps2"": 0.5, ""peak_speed_mps"": 0.375, ""cruise_s"": 0.5, ""axis"": ""y"", ""climb_start_m"": 0.9, ""climb_end_m"": 0.3}",disarmed,0.0,0.0,0.0,0.8999997138977051,0.0,1.1920928955078125e-06,0.0,0.8999997138977051,True,0.02346152253448963,0.0036446687299758196,1.0028291940689087,0.05365654453635216,-0.12321197241544724,-0.14157167077064514,0.0,0.0,74.0,21.0,0.021,0.0011169669451192021,-0.00023942043480928987,0.02447815053164959,0.0032386519014835358,-0.0005075964145362377,0.005579842254519463,0.2260635942220688,1.2829846143722534,0.04010702297091484,0.024364741519093513,0.005409860052168369,3.3151015941257356e-06,0.00018463250307831913,3.7002933025360107,10.0,0.0,0.0,0.0,0.0,0.0,32.766,32.766,0.28300000000000003,0.34600000000000003,2.849,2018.39501953125,809.9734497070312,29.387149810791016,geofence_hard_land,True,
1783703790.1046925,2026-07-10T10:16:30,221153,20260710_101616,accel_decel_climb_down_y,accel_decel_with_climb,outbound,1,"{""accel_mps2"": 0.5, ""peak_speed_mps"": 0.375, ""cruise_s"": 0.5, ""axis"": ""y"", ""climb_start_m"": 0.9, ""climb_end_m"": 0.3}",disarmed,0.0,0.0,0.0,0.8999997138977051,0.0,1.1920928955078125e-06,0.0,0.8999997138977051,True,0.02346152253448963,0.0036446687299758196,1.0028291940689087,0.05365654453635216,-0.12321197241544724,-0.14157167077064514,0.0,0.0,74.0,21.0,0.021,0.0011169669451192021,-0.00023942043480928987,0.02447815053164959,0.0032386519014835358,-0.0005075964145362377,0.005579842254519463,0.2260635942220688,1.2829846143722534,0.04010702297091484,0.024364741519093513,0.005409860052168369,3.3151015941257356e-06,0.00018463250307831913,3.7002933025360107,10.0,0.0,0.0,0.0,0.0,0.0,32.766,32.766,0.28300000000000003,0.34600000000000003,2.849,2018.39501953125,809.9734497070312,29.387149810791016,geofence_hard_land,True,
1783703790.1148808,2026-07-10T10:16:30,221153,20260710_101616,accel_decel_climb_down_y,accel_decel_with_climb,outbound,1,"{""accel_mps2"": 0.5, ""peak_speed_mps"": 0.375, ""cruise_s"": 0.5, ""axis"": ""y"", ""climb_start_m"": 0.9, ""climb_end_m"": 0.3}",disarmed,0.0,0.0,0.0,0.8999997138977051,0.0,1.1920928955078125e-06,0.0,0.8999997138977051,True,0.02346152253448963,0.0036446687299758196,1.0028291940689087,0.05365654453635216,-0.12321197241544724,-0.14157167077064514,0.0,0.0,74.0,21.0,0.021,0.0011169669451192021,-0.00023942043480928987,0.02447815053164959,0.0032386519014835358,-0.0005075964145362377,0.005579842254519463,0.2260635942220688,1.2829846143722534,0.04010702297091484,0.024364741519093513,0.005409860052168369,3.3151015941257356e-06,0.00018463250307831913,3.7002933025360107,10.0,0.0,0.0,0.0,0.0,0.0,32.766,32.766,0.28300000000000003,0.34600000000000003,2.849,2018.39501953125,809.9734497070312,29.387149810791016,geofence_hard_land,True,
1783703790.1250644,2026-07-10T10:16:30,221153,20260710_101616,accel_decel_climb_down_y,accel_decel_with_climb,outbound,1,"{""accel_mps2"": 0.5, ""peak_speed_mps"": 0.375, ""cruise_s"": 0.5, ""axis"": ""y"", ""climb_start_m"": 0.9, ""climb_end_m"": 0.3}",disarmed,0.0,0.0,0.0,0.8999997138977051,0.0,1.1920928955078125e-06,0.0,0.8999997138977051,True,0.02346152253448963,0.0036446687299758196,1.0028291940689087,0.05365654453635216,-0.12321197241544724,-0.14157167077064514,0.0,0.0,74.0,21.0,0.021,0.0011169669451192021,-0.00023942043480928987,0.02447815053164959,0.0032386519014835358,-0.0005075964145362377,0.005579842254519463,0.2260635942220688,1.2829846143722534,0.04010702297091484,0.024364741519093513,0.005409860052168369,3.3151015941257356e-06,0.00018463250307831913,3.7002933025360107,10.0,0.0,0.0,0.0,0.0,0.0,32.766,32.766,0.28300000000000003,0.34600000000000003,2.849,2018.39501953125,809.9734497070312,29.387149810791016,geofence_hard_land,True,
1783703790.1352632,2026-07-10T10:16:30,221153,20260710_101616,accel_decel_climb_down_y,accel_decel_with_climb,outbound,1,"{""accel_mps2"": 0.5, ""peak_speed_mps"": 0.375, ""cruise_s"": 0.5, ""axis"": ""y"", ""climb_start_m"": 0.9, ""climb_end_m"": 0.3}",disarmed,0.0,0.0,0.0,0.8999997138977051,0.0,1.1920928955078125e-06,0.0,0.8999997138977051,True,0.02346152253448963,0.0036446687299758196,1.0028291940689087,0.05365654453635216,-0.12321197241544724,-0.14157167077064514,0.0,0.0,74.0,21.0,0.021,0.0011169669451192021,-0.00023942043480928987,0.02447815053164959,0.0032386519014835358,-0.0005075964145362377,0.005579842254519463,0.2260635942220688,1.2829846143722534,0.04010702297091484,0.024364741519093513,0.005409860052168369,3.3151015941257356e-06,0.00018463250307831913,3.7002933025360107,10.0,0.0,0.0,0.0,0.0,0.0,32.766,32.766,0.28300000000000003,0.34600000000000003,2.849,2018.39501953125,809.9734497070312,29.387149810791016,geofence_hard_land,True,
1783703790.1454527,2026-07-10T10:16:30,221153,20260710_101616,accel_decel_climb_down_y,accel_decel_with_climb,outbound,1,"{""accel_mps2"": 0.5, ""peak_speed_mps"": 0.375, ""cruise_s"": 0.5, ""axis"": ""y"", ""climb_start_m"": 0.9, ""climb_end_m"": 0.3}",disarmed,0.0,0.0,0.0,0.8999997138977051,0.0,1.1920928955078125e-06,0.0,0.8999997138977051,True,0.02346152253448963,0.0036446687299758196,1.0028291940689087,0.05365654453635216,-0.12321197241544724,-0.14157167077064514,0.0,0.0,74.0,21.0,0.021,0.0011169669451192021,-0.00023942043480928987,0.02447815053164959,0.0032386519014835358,-0.0005075964145362377,0.005579842254519463,0.2260635942220688,1.2829846143722534,0.04010702297091484,0.024364741519093513,0.005409860052168369,3.3151015941257356e-06,0.00018463250307831913,3.7002933025360107,10.0,0.0,0.0,0.0,0.0,0.0,32.766,32.766,0.28300000000000003,0.34600000000000003,2.849,2018.39501953125,809.9734497070312,29.387149810791016,geofence_hard_land,True,
1783703790.1556513,2026-07-10T10:16:30,221153,20260710_101616,accel_decel_climb_down_y,accel_decel_with_climb,outbound,1,"{""accel_mps2"": 0.5, ""peak_speed_mps"": 0.375, ""cruise_s"": 0.5, ""axis"": ""y"", ""climb_start_m"": 0.9, ""climb_end_m"": 0.3}",disarmed,0.0,0.0,0.0,0.8999997138977051,0.0,1.1920928955078125e-06,0.0,0.8999997138977051,True,0.02346152253448963,0.0036446687299758196,1.0028291940689087,0.05365654453635216,-0.12321197241544724,-0.14157167077064514,0.0,0.0,74.0,21.0,0.021,0.0011169669451192021,-0.00023942043480928987,0.02447815053164959,0.0032386519014835358,-0.0005075964145362377,0.005579842254519463,0.2260635942220688,1.2829846143722534,0.04010702297091484,0.024364741519093513,0.005409860052168369,3.3151015941257356e-06,0.00018463250307831913,3.7002933025360107,10.0,0.0,0.0,0.0,0.0,0.0,32.766,32.766,0.28300000000000003,0.34600000000000003,2.849,2018.39501953125,809.9734497070312,29.387149810791016,geofence_hard_land,True,
1783703790.165877,2026-07-10T10:16:30,221153,20260710_101616,accel_decel_climb_down_y,accel_decel_with_climb,outbound,1,"{""accel_mps2"": 0.5, ""peak_speed_mps"": 0.375, ""cruise_s"": 0.5, ""axis"": ""y"", ""climb_start_m"": 0.9, ""climb_end_m"": 0.3}",disarmed,0.0,0.0,0.0,0.8999997138977051,0.0,1.1920928955078125e-06,0.0,0.8999997138977051,True,0.02346152253448963,0.0036446687299758196,1.0028291940689087,0.05365654453635216,-0.12321197241544724,-0.14157167077064514,0.0,0.0,74.0,21.0,0.021,0.0011169669451192021,-0.00023942043480928987,0.02447815053164959,0.0032386519014835358,-0.0005075964145362377,0.005579842254519463,0.2260635942220688,1.2829846143722534,0.04010702297091484,0.024364741519093513,0.005409860052168369,3.3151015941257356e-06,0.00018463250307831913,3.7002933025360107,10.0,0.0,0.0,0.0,0.0,0.0,32.766,32.766,0.28300000000000003,0.34600000000000003,2.849,2018.39501953125,809.9734497070312,29.387149810791016,geofence_hard_land,True,
1783703790.176068,2026-07-10T10:16:30,221153,20260710_101616,accel_decel_climb_down_y,accel_decel_with_climb,outbound,1,"{""accel_mps2"": 0.5, ""peak_speed_mps"": 0.375, ""cruise_s"": 0.5, ""axis"": ""y"", ""climb_start_m"": 0.9, ""climb_end_m"": 0.3}",disarmed,0.0,0.0,0.0,0.8999997138977051,0.0,1.1920928955078125e-06,0.0,0.8999997138977051,True,0.02346152253448963,0.0036446687299758196,1.0028291940689087,0.05365654453635216,-0.12321197241544724,-0.14157167077064514,0.0,0.0,74.0,21.0,0.021,0.0011169669451192021,-0.00023942043480928987,0.02447815053164959,0.0032386519014835358,-0.0005075964145362377,0.005579842254519463,0.2260635942220688,1.2829846143722534,0.04010702297091484,0.024364741519093513,0.005409860052168369,3.3151015941257356e-06,0.00018463250307831913,3.7002933025360107,10.0,0.0,0.0,0.0,0.0,0.0,32.766,32.766,0.28300000000000003,0.34600000000000003,2.849,2018.39501953125,809.9734497070312,29.387149810791016,geofence_hard_land,True,
1783703790.1862698,2026-07-10T10:16:30,221153,20260710_101616,accel_decel_climb_down_y,accel_decel_with_climb,outbound,1,"{""accel_mps2"": 0.5, ""peak_speed_mps"": 0.375, ""cruise_s"": 0.5, ""axis"": ""y"", ""climb_start_m"": 0.9, ""climb_end_m"": 0.3}",disarmed,0.0,0.0,0.0,0.8999997138977051,0.0,1.1920928955078125e-06,0.0,0.8999997138977051,True,0.02346152253448963,0.0036446687299758196,1.0028291940689087,0.05365654453635216,-0.12321197241544724,-0.14157167077064514,0.0,0.0,74.0,21.0,0.021,0.0011169669451192021,-0.00023942043480928987,0.02447815053164959,0.0032386519014835358,-0.0005075964145362377,0.005579842254519463,0.2260635942220688,1.2829846143722534,0.04010702297091484,0.024364741519093513,0.005409860052168369,3.3151015941257356e-06,0.00018463250307831913,3.7002933025360107,10.0,0.0,0.0,0.0,0.0,0.0,32.766,32.766,0.28300000000000003,0.34600000000000003,2.849,2018.39501953125,809.9734497070312,29.387149810791016,geofence_hard_land,True,
1783703790.1965475,2026-07-10T10:16:30,221153,20260710_101616,accel_decel_climb_down_y,accel_decel_with_climb,outbound,1,"{""accel_mps2"": 0.5, ""peak_speed_mps"": 0.375, ""cruise_s"": 0.5, ""axis"": ""y"", ""climb_start_m"": 0.9, ""climb_end_m"": 0.3}",disarmed,0.0,0.0,0.0,0.8999997138977051,0.0,1.1920928955078125e-06,0.0,0.8999997138977051,True,0.02346152253448963,0.0036446687299758196,1.0028291940689087,0.05365654453635216,-0.12321197241544724,-0.14157167077064514,0.0,0.0,74.0,21.0,0.021,0.0011169669451192021,-0.00023942043480928987,0.02447815053164959,0.0032386519014835358,-0.0005075964145362377,0.005579842254519463,0.2260635942220688,1.2829846143722534,0.04010702297091484,0.024364741519093513,0.005409860052168369,3.3151015941257356e-06,0.00018463250307831913,3.7002933025360107,10.0,0.0,0.0,0.0,0.0,0.0,32.766,32.766,0.28300000000000003,0.34600000000000003,2.849,2018.39501953125,809.9734497070312,29.387149810791016,geofence_hard_land,True,
1783703790.206866,2026-07-10T10:16:30,221153,20260710_101616,accel_decel_climb_down_y,accel_decel_with_climb,outbound,1,"{""accel_mps2"": 0.5, ""peak_speed_mps"": 0.375, ""cruise_s"": 0.5, ""axis"": ""y"", ""climb_start_m"": 0.9, ""climb_end_m"": 0.3}",disarmed,0.0,0.0,0.0,0.8999997138977051,0.0,1.1920928955078125e-06,0.0,0.8999997138977051,True,0.02346152253448963,0.0036446687299758196,1.0028291940689087,0.05365654453635216,-0.12321197241544724,-0.14157167077064514,0.0,0.0,74.0,21.0,0.021,0.0011169669451192021,-0.00023942043480928987,0.02447815053164959,0.0032386519014835358,-0.0005075964145362377,0.005579842254519463,0.2260635942220688,1.2829846143722534,0.04010702297091484,0.024364741519093513,0.005409860052168369,3.3151015941257356e-06,0.00018463250307831913,3.7002933025360107,10.0,0.0,0.0,0.0,0.0,0.0,32.766,32.766,0.28300000000000003,0.34600000000000003,2.849,2018.39501953125,809.9734497070312,29.387149810791016,geofence_hard_land,True,
1783703790.2188332,2026-07-10T10:16:30,221153,20260710_101616,accel_decel_climb_down_y,accel_decel_with_climb,outbound,1,"{""accel_mps2"": 0.5, ""peak_speed_mps"": 0.375, ""cruise_s"": 0.5, ""axis"": ""y"", ""climb_start_m"": 0.9, ""climb_end_m"": 0.3}",disarmed,0.0,0.0,0.0,0.8999997138977051,0.0,1.1920928955078125e-06,0.0,0.8999997138977051,True,0.02346152253448963,0.0036446687299758196,1.0028291940689087,0.05365654453635216,-0.12321197241544724,-0.14157167077064514,0.0,0.0,74.0,21.0,0.021,0.0011169669451192021,-0.00023942043480928987,0.02447815053164959,0.0032386519014835358,-0.0005075964145362377,0.005579842254519463,0.2260635942220688,1.2829846143722534,0.04010702297091484,0.024364741519093513,0.005409860052168369,3.3151015941257356e-06,0.00018463250307831913,3.7002933025360107,10.0,0.0,0.0,0.0,0.0,0.0,32.766,32.766,0.28300000000000003,0.34600000000000003,2.849,2018.39501953125,809.9734497070312,29.387149810791016,geofence_hard_land,True,
1783703790.229303,2026-07-10T10:16:30,221153,20260710_101616,accel_decel_climb_down_y,accel_decel_with_climb,outbound,1,"{""accel_mps2"": 0.5, ""peak_speed_mps"": 0.375, ""cruise_s"": 0.5, ""axis"": ""y"", ""climb_start_m"": 0.9, ""climb_end_m"": 0.3}",disarmed,0.0,0.0,0.0,0.8999997138977051,0.0,1.1920928955078125e-06,0.0,0.8999997138977051,True,0.02346152253448963,0.0036446687299758196,1.0028291940689087,0.05365654453635216,-0.12321197241544724,-0.14157167077064514,0.0,0.0,74.0,21.0,0.021,0.0011169669451192021,-0.00023942043480928987,0.02447815053164959,0.0032386519014835358,-0.0005075964145362377,0.005579842254519463,0.2260635942220688,1.2829846143722534,0.04010702297091484,0.024364741519093513,0.005409860052168369,3.3151015941257356e-06,0.00018463250307831913,3.7002933025360107,10.0,0.0,0.0,0.0,0.0,0.0,32.766,32.766,0.28300000000000003,0.34600000000000003,2.849,2018.39501953125,809.9734497070312,29.387149810791016,geofence_hard_land,True,
1783703790.2396748,2026-07-10T10:16:30,221153,20260710_101616,accel_decel_climb_down_y,accel_decel_with_climb,outbound,1,"{""accel_mps2"": 0.5, ""peak_speed_mps"": 0.375, ""cruise_s"": 0.5, ""axis"": ""y"", ""climb_start_m"": 0.9, ""climb_end_m"": 0.3}",disarmed,0.0,0.0,0.0,0.8999997138977051,0.0,1.1920928955078125e-06,0.0,0.8999997138977051,True,0.02346152253448963,0.0036446687299758196,1.0028291940689087,0.05365654453635216,-0.12321197241544724,-0.14157167077064514,0.0,0.0,74.0,21.0,0.021,0.0011169669451192021,-0.00023942043480928987,0.02447815053164959,0.0032386519014835358,-0.0005075964145362377,0.005579842254519463,0.2260635942220688,1.2829846143722534,0.04010702297091484,0.024364741519093513,0.005409860052168369,3.3151015941257356e-06,0.00018463250307831913,3.7002933025360107,10.0,0.0,0.0,0.0,0.0,0.0,32.766,32.766,0.28300000000000003,0.34600000000000003,2.849,2018.39501953125,809.9734497070312,29.387149810791016,geofence_hard_land,True,
1783703790.2500012,2026-07-10T10:16:30,221153,20260710_101616,accel_decel_climb_down_y,accel_decel_with_climb,outbound,1,"{""accel_mps2"": 0.5, ""peak_speed_mps"": 0.375, ""cruise_s"": 0.5, ""axis"": ""y"", ""climb_start_m"": 0.9, ""climb_end_m"": 0.3}",disarmed,0.0,0.0,0.0,0.8999997138977051,0.0,1.1920928955078125e-06,0.0,0.8999997138977051,True,0.02346152253448963,0.0036446687299758196,1.0028291940689087,0.05365654453635216,-0.12321197241544724,-0.14157167077064514,0.0,0.0,74.0,21.0,0.021,0.0011169669451192021,-0.00023942043480928987,0.02447815053164959,0.0032386519014835358,-0.0005075964145362377,0.005579842254519463,0.2260635942220688,1.2829846143722534,0.04010702297091484,0.024364741519093513,0.005409860052168369,3.3151015941257356e-06,0.00018463250307831913,3.7002933025360107,10.0,0.0,0.0,0.0,0.0,0.0,32.766,32.766,0.28300000000000003,0.34600000000000003,2.849,2018.39501953125,809.9734497070312,29.387149810791016,geofence_hard_land,True,
1783703790.260283,2026-07-10T10:16:30,221153,20260710_101616,accel_decel_climb_down_y,accel_decel_with_climb,outbound,1,"{""accel_mps2"": 0.5, ""peak_speed_mps"": 0.375, ""cruise_s"": 0.5, ""axis"": ""y"", ""climb_start_m"": 0.9, ""climb_end_m"": 0.3}",disarmed,0.0,0.0,0.0,0.8999997138977051,0.0,1.1920928955078125e-06,0.0,0.8999997138977051,True,0.02346152253448963,0.0036446687299758196,1.0028291940689087,0.05365654453635216,-0.12321197241544724,-0.14157167077064514,0.0,0.0,74.0,21.0,0.021,0.0011169669451192021,-0.00023942043480928987,0.02447815053164959,0.0032386519014835358,-0.0005075964145362377,0.005579842254519463,0.2260635942220688,1.2829846143722534,0.04010702297091484,0.024364741519093513,0.005409860052168369,3.3151015941257356e-06,0.00018463250307831913,3.7002933025360107,10.0,0.0,0.0,0.0,0.0,0.0,32.766,32.766,0.28300000000000003,0.34600000000000003,2.849,2018.39501953125,809.9734497070312,29.387149810791016,geofence_hard_land,True,
1783703790.270559,2026-07-10T10:16:30,221153,20260710_101616,accel_decel_climb_down_y,accel_decel_with_climb,outbound,1,"{""accel_mps2"": 0.5, ""peak_speed_mps"": 0.375, ""cruise_s"": 0.5, ""axis"": ""y"", ""climb_start_m"": 0.9, ""climb_end_m"": 0.3}",disarmed,0.0,0.0,0.0,0.8999997138977051,0.0,1.1920928955078125e-06,0.0,0.8999997138977051,True,0.02346152253448963,0.0036446687299758196,1.0028291940689087,0.05365654453635216,-0.12321197241544724,-0.14157167077064514,0.0,0.0,74.0,21.0,0.021,0.0011169669451192021,-0.00023942043480928987,0.02447815053164959,0.0032386519014835358,-0.0005075964145362377,0.005579842254519463,0.2260635942220688,1.2829846143722534,0.04010702297091484,0.024364741519093513,0.005409860052168369,3.3151015941257356e-06,0.00018463250307831913,3.7002933025360107,10.0,0.0,0.0,0.0,0.0,0.0,32.766,32.766,0.28300000000000003,0.34600000000000003,2.849,2018.39501953125,809.9734497070312,29.387149810791016,geofence_hard_land,True,
1783703790.280818,2026-07-10T10:16:30,221153,20260710_101616,accel_decel_climb_down_y,accel_decel_with_climb,outbound,1,"{""accel_mps2"": 0.5, ""peak_speed_mps"": 0.375, ""cruise_s"": 0.5, ""axis"": ""y"", ""climb_start_m"": 0.9, ""climb_end_m"": 0.3}",disarmed,0.0,0.0,0.0,0.8999997138977051,0.0,1.1920928955078125e-06,0.0,0.8999997138977051,True,0.02346152253448963,0.0036446687299758196,1.0028291940689087,0.05365654453635216,-0.12321197241544724,-0.14157167077064514,0.0,0.0,74.0,21.0,0.021,0.0011169669451192021,-0.00023942043480928987,0.02447815053164959,0.0032386519014835358,-0.0005075964145362377,0.005579842254519463,0.2260635942220688,1.2829846143722534,0.04010702297091484,0.024364741519093513,0.005409860052168369,3.3151015941257356e-06,0.00018463250307831913,3.7002933025360107,10.0,0.0,0.0,0.0,0.0,0.0,32.766,32.766,0.28300000000000003,0.34600000000000003,2.849,2018.39501953125,809.9734497070312,29.387149810791016,geofence_hard_land,True,
1783703790.2910519,2026-07-10T10:16:30,221153,20260710_101616,accel_decel_climb_down_y,accel_decel_with_climb,outbound,1,"{""accel_mps2"": 0.5, ""peak_speed_mps"": 0.375, ""cruise_s"": 0.5, ""axis"": ""y"", ""climb_start_m"": 0.9, ""climb_end_m"": 0.3}",disarmed,0.0,0.0,0.0,0.8999997138977051,0.0,1.1920928955078125e-06,0.0,0.8999997138977051,True,0.02346152253448963,0.0036446687299758196,1.0028291940689087,0.05365654453635216,-0.12321197241544724,-0.14157167077064514,0.0,0.0,74.0,21.0,0.021,0.0011169669451192021,-0.00023942043480928987,0.02447815053164959,0.0032386519014835358,-0.0005075964145362377,0.005579842254519463,0.2260635942220688,1.2829846143722534,0.04010702297091484,0.024364741519093513,0.005409860052168369,3.3151015941257356e-06,0.00018463250307831913,3.7002933025360107,10.0,0.0,0.0,0.0,0.0,0.0,32.766,32.766,0.28300000000000003,0.34600000000000003,2.849,2018.39501953125,809.9734497070312,29.387149810791016,geofence_hard_land,True,
1783703790.3012226,2026-07-10T10:16:30,221153,20260710_101616,accel_decel_climb_down_y,accel_decel_with_climb,outbound,1,"{""accel_mps2"": 0.5, ""peak_speed_mps"": 0.375, ""cruise_s"": 0.5, ""axis"": ""y"", ""climb_start_m"": 0.9, ""climb_end_m"": 0.3}",disarmed,0.0,0.0,0.0,0.8999997138977051,0.0,1.1920928955078125e-06,0.0,0.8999997138977051,True,0.02346152253448963,0.0036446687299758196,1.0028291940689087,0.05365654453635216,-0.12321197241544724,-0.14157167077064514,0.0,0.0,74.0,21.0,0.021,0.0011169669451192021,-0.00023942043480928987,0.02447815053164959,0.0032386519014835358,-0.0005075964145362377,0.005579842254519463,0.2260635942220688,1.2829846143722534,0.04010702297091484,0.024364741519093513,0.005409860052168369,3.3151015941257356e-06,0.00018463250307831913,3.7002933025360107,10.0,0.0,0.0,0.0,0.0,0.0,32.766,32.766,0.28300000000000003,0.34600000000000003,2.849,2018.39501953125,809.9734497070312,29.387149810791016,geofence_hard_land,True,
1783703790.3114057,2026-07-10T10:16:30,221153,20260710_101616,accel_decel_climb_down_y,accel_decel_with_climb,outbound,1,"{""accel_mps2"": 0.5, ""peak_speed_mps"": 0.375, ""cruise_s"": 0.5, ""axis"": ""y"", ""climb_start_m"": 0.9, ""climb_end_m"": 0.3}",disarmed,0.0,0.0,0.0,0.8999997138977051,0.0,1.1920928955078125e-06,0.0,0.8999997138977051,True,0.02346152253448963,0.0036446687299758196,1.0028291940689087,0.05365654453635216,-0.12321197241544724,-0.14157167077064514,0.0,0.0,74.0,21.0,0.021,0.0011169669451192021,-0.00023942043480928987,0.02447815053164959,0.0032386519014835358,-0.0005075964145362377,0.005579842254519463,0.2260635942220688,1.2829846143722534,0.04010702297091484,0.024364741519093513,0.005409860052168369,3.3151015941257356e-06,0.00018463250307831913,3.7002933025360107,10.0,0.0,0.0,0.0,0.0,0.0,32.766,32.766,0.28300000000000003,0.34600000000000003,2.849,2018.39501953125,809.9734497070312,29.387149810791016,geofence_hard_land,True,
1783703790.3215697,2026-07-10T10:16:30,221153,20260710_101616,accel_decel_climb_down_y,accel_decel_with_climb,outbound,1,"{""accel_mps2"": 0.5, ""peak_speed_mps"": 0.375, ""cruise_s"": 0.5, ""axis"": ""y"", ""climb_start_m"": 0.9, ""climb_end_m"": 0.3}",disarmed,0.0,0.0,0.0,0.8999997138977051,0.0,1.1920928955078125e-06,0.0,0.8999997138977051,True,0.02346152253448963,0.0036446687299758196,1.0028291940689087,0.05365654453635216,-0.12321197241544724,-0.14157167077064514,0.0,0.0,74.0,21.0,0.021,0.0011169669451192021,-0.00023942043480928987,0.02447815053164959,0.0032386519014835358,-0.0005075964145362377,0.005579842254519463,0.2260635942220688,1.2829846143722534,0.04010702297091484,0.024364741519093513,0.005409860052168369,3.3151015941257356e-06,0.00018463250307831913,3.7002933025360107,10.0,0.0,0.0,0.0,0.0,0.0,32.766,32.766,0.28300000000000003,0.34600000000000003,2.849,2018.39501953125,809.9734497070312,29.387149810791016,geofence_hard_land,True,
1783703790.331733,2026-07-10T10:16:30,221153,20260710_101616,accel_decel_climb_down_y,accel_decel_with_climb,outbound,1,"{""accel_mps2"": 0.5, ""peak_speed_mps"": 0.375, ""cruise_s"": 0.5, ""axis"": ""y"", ""climb_start_m"": 0.9, ""climb_end_m"": 0.3}",disarmed,0.0,0.0,0.0,0.8999997138977051,0.0,1.1920928955078125e-06,0.0,0.8999997138977051,True,0.02346152253448963,0.0036446687299758196,1.0028291940689087,0.05365654453635216,-0.12321197241544724,-0.14157167077064514,0.0,0.0,74.0,21.0,0.021,0.0011169669451192021,-0.00023942043480928987,0.02447815053164959,0.0032386519014835358,-0.0005075964145362377,0.005579842254519463,0.2260635942220688,1.2829846143722534,0.04010702297091484,0.024364741519093513,0.005409860052168369,3.3151015941257356e-06,0.00018463250307831913,3.7002933025360107,10.0,0.0,0.0,0.0,0.0,0.0,32.766,32.766,0.28300000000000003,0.34600000000000003,2.849,2018.39501953125,809.9734497070312,29.387149810791016,geofence_hard_land,True,
1783703790.341901,2026-07-10T10:16:30,221153,20260710_101616,accel_decel_climb_down_y,accel_decel_with_climb,outbound,1,"{""accel_mps2"": 0.5, ""peak_speed_mps"": 0.375, ""cruise_s"": 0.5, ""axis"": ""y"", ""climb_start_m"": 0.9, ""climb_end_m"": 0.3}",disarmed,0.0,0.0,0.0,0.8999997138977051,0.0,1.1920928955078125e-06,0.0,0.8999997138977051,True,0.02346152253448963,0.0036446687299758196,1.0028291940689087,0.05365654453635216,-0.12321197241544724,-0.14157167077064514,0.0,0.0,74.0,21.0,0.021,0.0011169669451192021,-0.00023942043480928987,0.02447815053164959,0.0032386519014835358,-0.0005075964145362377,0.005579842254519463,0.2260635942220688,1.2829846143722534,0.04010702297091484,0.024364741519093513,0.005409860052168369,3.3151015941257356e-06,0.00018463250307831913,3.7002933025360107,10.0,0.0,0.0,0.0,0.0,0.0,32.766,32.766,0.28300000000000003,0.34600000000000003,2.849,2018.39501953125,809.9734497070312,29.387149810791016,geofence_hard_land,True,
1783703790.3520696,2026-07-10T10:16:30,221153,20260710_101616,accel_decel_climb_down_y,accel_decel_with_climb,outbound,1,"{""accel_mps2"": 0.5, ""peak_speed_mps"": 0.375, ""cruise_s"": 0.5, ""axis"": ""y"", ""climb_start_m"": 0.9, ""climb_end_m"": 0.3}",disarmed,0.0,0.0,0.0,0.8999997138977051,0.0,1.1920928955078125e-06,0.0,0.8999997138977051,True,0.02346152253448963,0.0036446687299758196,1.0028291940689087,0.05365654453635216,-0.12321197241544724,-0.14157167077064514,0.0,0.0,74.0,21.0,0.021,0.0011169669451192021,-0.00023942043480928987,0.02447815053164959,0.0032386519014835358,-0.0005075964145362377,0.005579842254519463,0.2260635942220688,1.2829846143722534,0.04010702297091484,0.024364741519093513,0.005409860052168369,3.3151015941257356e-06,0.00018463250307831913,3.7002933025360107,10.0,0.0,0.0,0.0,0.0,0.0,32.766,32.766,0.28300000000000003,0.34600000000000003,2.849,2018.39501953125,809.9734497070312,29.387149810791016,geofence_hard_land,True,
1783703790.3622565,2026-07-10T10:16:30,221153,20260710_101616,accel_decel_climb_down_y,accel_decel_with_climb,outbound,1,"{""accel_mps2"": 0.5, ""peak_speed_mps"": 0.375, ""cruise_s"": 0.5, ""axis"": ""y"", ""climb_start_m"": 0.9, ""climb_end_m"": 0.3}",disarmed,0.0,0.0,0.0,0.8999997138977051,0.0,1.1920928955078125e-06,0.0,0.8999997138977051,True,0.02346152253448963,0.0036446687299758196,1.0028291940689087,0.05365654453635216,-0.12321197241544724,-0.14157167077064514,0.0,0.0,74.0,21.0,0.021,0.0011169669451192021,-0.00023942043480928987,0.02447815053164959,0.0032386519014835358,-0.0005075964145362377,0.005579842254519463,0.2260635942220688,1.2829846143722534,0.04010702297091484,0.024364741519093513,0.005409860052168369,3.3151015941257356e-06,0.00018463250307831913,3.7002933025360107,10.0,0.0,0.0,0.0,0.0,0.0,32.766,32.766,0.28300000000000003,0.34600000000000003,2.849,2018.39501953125,809.9734497070312,29.387149810791016,geofence_hard_land,True,
1783703790.3724627,2026-07-10T10:16:30,221153,20260710_101616,accel_decel_climb_down_y,accel_decel_with_climb,outbound,1,"{""accel_mps2"": 0.5, ""peak_speed_mps"": 0.375, ""cruise_s"": 0.5, ""axis"": ""y"", ""climb_start_m"": 0.9, ""climb_end_m"": 0.3}",disarmed,0.0,0.0,0.0,0.8999997138977051,0.0,1.1920928955078125e-06,0.0,0.8999997138977051,True,0.02346152253448963,0.0036446687299758196,1.0028291940689087,0.05365654453635216,-0.12321197241544724,-0.14157167077064514,0.0,0.0,74.0,21.0,0.021,0.0011169669451192021,-0.00023942043480928987,0.02447815053164959,0.0032386519014835358,-0.0005075964145362377,0.005579842254519463,0.2260635942220688,1.2829846143722534,0.04010702297091484,0.024364741519093513,0.005409860052168369,3.3151015941257356e-06,0.00018463250307831913,3.7002933025360107,10.0,0.0,0.0,0.0,0.0,0.0,32.766,32.766,0.28300000000000003,0.34600000000000003,2.849,2018.39501953125,809.9734497070312,29.387149810791016,geofence_hard_land,True,
1783703790.382677,2026-07-10T10:16:30,221153,20260710_101616,accel_decel_climb_down_y,accel_decel_with_climb,outbound,1,"{""accel_mps2"": 0.5, ""peak_speed_mps"": 0.375, ""cruise_s"": 0.5, ""axis"": ""y"", ""climb_start_m"": 0.9, ""climb_end_m"": 0.3}",disarmed,0.0,0.0,0.0,0.8999997138977051,0.0,1.1920928955078125e-06,0.0,0.8999997138977051,True,0.02346152253448963,0.0036446687299758196,1.0028291940689087,0.05365654453635216,-0.12321197241544724,-0.14157167077064514,0.0,0.0,74.0,21.0,0.021,0.0011169669451192021,-0.00023942043480928987,0.02447815053164959,0.0032386519014835358,-0.0005075964145362377,0.005579842254519463,0.2260635942220688,1.2829846143722534,0.04010702297091484,0.024364741519093513,0.005409860052168369,3.3151015941257356e-06,0.00018463250307831913,3.7002933025360107,10.0,0.0,0.0,0.0,0.0,0.0,32.766,32.766,0.28300000000000003,0.34600000000000003,2.849,2018.39501953125,809.9734497070312,29.387149810791016,geofence_hard_land,True,
1783703790.3929,2026-07-10T10:16:30,221153,20260710_101616,accel_decel_climb_down_y,accel_decel_with_climb,outbound,1,"{""accel_mps2"": 0.5, ""peak_speed_mps"": 0.375, ""cruise_s"": 0.5, ""axis"": ""y"", ""climb_start_m"": 0.9, ""climb_end_m"": 0.3}",disarmed,0.0,0.0,0.0,0.8999997138977051,0.0,1.1920928955078125e-06,0.0,0.8999997138977051,True,0.02346152253448963,0.0036446687299758196,1.0028291940689087,0.05365654453635216,-0.12321197241544724,-0.14157167077064514,0.0,0.0,74.0,21.0,0.021,0.0011169669451192021,-0.00023942043480928987,0.02447815053164959,0.0032386519014835358,-0.0005075964145362377,0.005579842254519463,0.2260635942220688,1.2829846143722534,0.04010702297091484,0.024364741519093513,0.005409860052168369,3.3151015941257356e-06,0.00018463250307831913,3.7002933025360107,10.0,0.0,0.0,0.0,0.0,0.0,32.766,32.766,0.28300000000000003,0.34600000000000003,2.849,2018.39501953125,809.9734497070312,29.387149810791016,geofence_hard_land,True,
1783703790.4030983,2026-07-10T10:16:30,221153,20260710_101616,accel_decel_climb_down_y,accel_decel_with_climb,outbound,1,"{""accel_mps2"": 0.5, ""peak_speed_mps"": 0.375, ""cruise_s"": 0.5, ""axis"": ""y"", ""climb_start_m"": 0.9, ""climb_end_m"": 0.3}",disarmed,0.0,0.0,0.0,0.8999997138977051,0.0,1.1920928955078125e-06,0.0,0.8999997138977051,True,0.02346152253448963,0.0036446687299758196,1.0028291940689087,0.05365654453635216,-0.12321197241544724,-0.14157167077064514,0.0,0.0,74.0,21.0,0.021,0.0011169669451192021,-0.00023942043480928987,0.02447815053164959,0.0032386519014835358,-0.0005075964145362377,0.005579842254519463,0.2260635942220688,1.2829846143722534,0.04010702297091484,0.024364741519093513,0.005409860052168369,3.3151015941257356e-06,0.00018463250307831913,3.7002933025360107,10.0,0.0,0.0,0.0,0.0,0.0,32.766,32.766,0.28300000000000003,0.34600000000000003,2.849,2018.39501953125,809.9734497070312,29.387149810791016,geofence_hard_land,True,
1783703790.413317,2026-07-10T10:16:30,221153,20260710_101616,accel_decel_climb_down_y,accel_decel_with_climb,outbound,1,"{""accel_mps2"": 0.5, ""peak_speed_mps"": 0.375, ""cruise_s"": 0.5, ""axis"": ""y"", ""climb_start_m"": 0.9, ""climb_end_m"": 0.3}",disarmed,0.0,0.0,0.0,0.8999997138977051,0.0,1.1920928955078125e-06,0.0,0.8999997138977051,True,0.02346152253448963,0.0036446687299758196,1.0028291940689087,0.05365654453635216,-0.12321197241544724,-0.14157167077064514,0.0,0.0,74.0,21.0,0.021,0.0011169669451192021,-0.00023942043480928987,0.02447815053164959,0.0032386519014835358,-0.0005075964145362377,0.005579842254519463,0.2260635942220688,1.2829846143722534,0.04010702297091484,0.024364741519093513,0.005409860052168369,3.3151015941257356e-06,0.00018463250307831913,3.7002933025360107,10.0,0.0,0.0,0.0,0.0,0.0,32.766,32.766,0.28300000000000003,0.34600000000000003,2.849,2018.39501953125,809.9734497070312,29.387149810791016,geofence_hard_land,True,
1783703790.4235487,2026-07-10T10:16:30,221153,20260710_101616,accel_decel_climb_down_y,accel_decel_with_climb,outbound,1,"{""accel_mps2"": 0.5, ""peak_speed_mps"": 0.375, ""cruise_s"": 0.5, ""axis"": ""y"", ""climb_start_m"": 0.9, ""climb_end_m"": 0.3}",disarmed,0.0,0.0,0.0,0.8999997138977051,0.0,1.1920928955078125e-06,0.0,0.8999997138977051,True,0.02346152253448963,0.0036446687299758196,1.0028291940689087,0.05365654453635216,-0.12321197241544724,-0.14157167077064514,0.0,0.0,74.0,21.0,0.021,0.0011169669451192021,-0.00023942043480928987,0.02447815053164959,0.0032386519014835358,-0.0005075964145362377,0.005579842254519463,0.2260635942220688,1.2829846143722534,0.04010702297091484,0.024364741519093513,0.005409860052168369,3.3151015941257356e-06,0.00018463250307831913,3.7002933025360107,10.0,0.0,0.0,0.0,0.0,0.0,32.766,32.766,0.28300000000000003,0.34600000000000003,2.849,2018.39501953125,809.9734497070312,29.387149810791016,geofence_hard_land,True,
1783703790.4337943,2026-07-10T10:16:30,221153,20260710_101616,accel_decel_climb_down_y,accel_decel_with_climb,outbound,1,"{""accel_mps2"": 0.5, ""peak_speed_mps"": 0.375, ""cruise_s"": 0.5, ""axis"": ""y"", ""climb_start_m"": 0.9, ""climb_end_m"": 0.3}",disarmed,0.0,0.0,0.0,0.8999997138977051,0.0,1.1920928955078125e-06,0.0,0.8999997138977051,True,0.02346152253448963,0.0036446687299758196,1.0028291940689087,0.05365654453635216,-0.12321197241544724,-0.14157167077064514,0.0,0.0,74.0,21.0,0.021,0.0011169669451192021,-0.00023942043480928987,0.02447815053164959,0.0032386519014835358,-0.0005075964145362377,0.005579842254519463,0.2260635942220688,1.2829846143722534,0.04010702297091484,0.024364741519093513,0.005409860052168369,3.3151015941257356e-06,0.00018463250307831913,3.7002933025360107,10.0,0.0,0.0,0.0,0.0,0.0,32.766,32.766,0.28300000000000003,0.34600000000000003,2.849,2018.39501953125,809.9734497070312,29.387149810791016,geofence_hard_land,True,
1783703790.4440181,2026-07-10T10:16:30,221153,20260710_101616,accel_decel_climb_down_y,accel_decel_with_climb,outbound,1,"{""accel_mps2"": 0.5, ""peak_speed_mps"": 0.375, ""cruise_s"": 0.5, ""axis"": ""y"", ""climb_start_m"": 0.9, ""climb_end_m"": 0.3}",disarmed,0.0,0.0,0.0,0.8999997138977051,0.0,1.1920928955078125e-06,0.0,0.8999997138977051,True,0.02346152253448963,0.0036446687299758196,1.0028291940689087,0.05365654453635216,-0.12321197241544724,-0.14157167077064514,0.0,0.0,74.0,21.0,0.021,0.0011169669451192021,-0.00023942043480928987,0.02447815053164959,0.0032386519014835358,-0.0005075964145362377,0.005579842254519463,0.2260635942220688,1.2829846143722534,0.04010702297091484,0.024364741519093513,0.005409860052168369,3.3151015941257356e-06,0.00018463250307831913,3.7002933025360107,10.0,0.0,0.0,0.0,0.0,0.0,32.766,32.766,0.28300000000000003,0.34600000000000003,2.849,2018.39501953125,809.9734497070312,29.387149810791016,geofence_hard_land,True,
1783703790.454256,2026-07-10T10:16:30,221153,20260710_101616,accel_decel_climb_down_y,accel_decel_with_climb,outbound,1,"{""accel_mps2"": 0.5, ""peak_speed_mps"": 0.375, ""cruise_s"": 0.5, ""axis"": ""y"", ""climb_start_m"": 0.9, ""climb_end_m"": 0.3}",disarmed,0.0,0.0,0.0,0.8999997138977051,0.0,1.1920928955078125e-06,0.0,0.8999997138977051,True,0.02346152253448963,0.0036446687299758196,1.0028291940689087,0.05365654453635216,-0.12321197241544724,-0.14157167077064514,0.0,0.0,74.0,21.0,0.021,0.0011169669451192021,-0.00023942043480928987,0.02447815053164959,0.0032386519014835358,-0.0005075964145362377,0.005579842254519463,0.2260635942220688,1.2829846143722534,0.04010702297091484,0.024364741519093513,0.005409860052168369,3.3151015941257356e-06,0.00018463250307831913,3.7002933025360107,10.0,0.0,0.0,0.0,0.0,0.0,32.766,32.766,0.28300000000000003,0.34600000000000003,2.849,2018.39501953125,809.9734497070312,29.387149810791016,geofence_hard_land,True,
1783703790.4644794,2026-07-10T10:16:30,221153,20260710_101616,accel_decel_climb_down_y,accel_decel_with_climb,outbound,1,"{""accel_mps2"": 0.5, ""peak_speed_mps"": 0.375, ""cruise_s"": 0.5, ""axis"": ""y"", ""climb_start_m"": 0.9, ""climb_end_m"": 0.3}",disarmed,0.0,0.0,0.0,0.8999997138977051,0.0,1.1920928955078125e-06,0.0,0.8999997138977051,True,0.02346152253448963,0.0036446687299758196,1.0028291940689087,0.05365654453635216,-0.12321197241544724,-0.14157167077064514,0.0,0.0,74.0,21.0,0.021,0.0011169669451192021,-0.00023942043480928987,0.02447815053164959,0.0032386519014835358,-0.0005075964145362377,0.005579842254519463,0.2260635942220688,1.2829846143722534,0.04010702297091484,0.024364741519093513,0.005409860052168369,3.3151015941257356e-06,0.00018463250307831913,3.7002933025360107,10.0,0.0,0.0,0.0,0.0,0.0,32.766,32.766,0.28300000000000003,0.34600000000000003,2.849,2018.39501953125,809.9734497070312,29.387149810791016,geofence_hard_land,True,
1783703790.4747124,2026-07-10T10:16:30,221153,20260710_101616,accel_decel_climb_down_y,accel_decel_with_climb,outbound,1,"{""accel_mps2"": 0.5, ""peak_speed_mps"": 0.375, ""cruise_s"": 0.5, ""axis"": ""y"", ""climb_start_m"": 0.9, ""climb_end_m"": 0.3}",disarmed,0.0,0.0,0.0,0.8999997138977051,0.0,1.1920928955078125e-06,0.0,0.8999997138977051,True,0.02346152253448963,0.0036446687299758196,1.0028291940689087,0.05365654453635216,-0.12321197241544724,-0.14157167077064514,0.0,0.0,74.0,21.0,0.021,0.0011169669451192021,-0.00023942043480928987,0.02447815053164959,0.0032386519014835358,-0.0005075964145362377,0.005579842254519463,0.2260635942220688,1.2829846143722534,0.04010702297091484,0.024364741519093513,0.005409860052168369,3.3151015941257356e-06,0.00018463250307831913,3.7002933025360107,10.0,0.0,0.0,0.0,0.0,0.0,32.766,32.766,0.28300000000000003,0.34600000000000003,2.849,2018.39501953125,809.9734497070312,29.387149810791016,geofence_hard_land,True,
1783703790.484919,2026-07-10T10:16:30,221153,20260710_101616,accel_decel_climb_down_y,accel_decel_with_climb,outbound,1,"{""accel_mps2"": 0.5, ""peak_speed_mps"": 0.375, ""cruise_s"": 0.5, ""axis"": ""y"", ""climb_start_m"": 0.9, ""climb_end_m"": 0.3}",disarmed,0.0,0.0,0.0,0.8999997138977051,0.0,1.1920928955078125e-06,0.0,0.8999997138977051,True,0.02346152253448963,0.0036446687299758196,1.0028291940689087,0.05365654453635216,-0.12321197241544724,-0.14157167077064514,0.0,0.0,74.0,21.0,0.021,0.0011169669451192021,-0.00023942043480928987,0.02447815053164959,0.0032386519014835358,-0.0005075964145362377,0.005579842254519463,0.2260635942220688,1.2829846143722534,0.04010702297091484,0.024364741519093513,0.005409860052168369,3.3151015941257356e-06,0.00018463250307831913,3.7002933025360107,10.0,0.0,0.0,0.0,0.0,0.0,32.766,32.766,0.28300000000000003,0.34600000000000003,2.849,2018.39501953125,809.9734497070312,29.387149810791016,geofence_hard_land,True,
1783703790.4951427,2026-07-10T10:16:30,221153,20260710_101616,accel_decel_climb_down_y,accel_decel_with_climb,outbound,1,"{""accel_mps2"": 0.5, ""peak_speed_mps"": 0.375, ""cruise_s"": 0.5, ""axis"": ""y"", ""climb_start_m"": 0.9, ""climb_end_m"": 0.3}",disarmed,0.0,0.0,0.0,0.8999997138977051,0.0,1.1920928955078125e-06,0.0,0.8999997138977051,True,0.02346152253448963,0.0036446687299758196,1.0028291940689087,0.05365654453635216,-0.12321197241544724,-0.14157167077064514,0.0,0.0,74.0,21.0,0.021,0.0011169669451192021,-0.00023942043480928987,0.02447815053164959,0.0032386519014835358,-0.0005075964145362377,0.005579842254519463,0.2260635942220688,1.2829846143722534,0.04010702297091484,0.024364741519093513,0.005409860052168369,3.3151015941257356e-06,0.00018463250307831913,3.7002933025360107,10.0,0.0,0.0,0.0,0.0,0.0,32.766,32.766,0.28300000000000003,0.34600000000000003,2.849,2018.39501953125,809.9734497070312,29.387149810791016,geofence_hard_land,True,
1783703790.5053403,2026-07-10T10:16:30,221153,20260710_101616,accel_decel_climb_down_y,accel_decel_with_climb,outbound,1,"{""accel_mps2"": 0.5, ""peak_speed_mps"": 0.375, ""cruise_s"": 0.5, ""axis"": ""y"", ""climb_start_m"": 0.9, ""climb_end_m"": 0.3}",disarmed,0.0,0.0,0.0,0.8999997138977051,0.0,1.1920928955078125e-06,0.0,0.8999997138977051,True,0.02346152253448963,0.0036446687299758196,1.0028291940689087,0.05365654453635216,-0.12321197241544724,-0.14157167077064514,0.0,0.0,74.0,21.0,0.021,0.0011169669451192021,-0.00023942043480928987,0.02447815053164959,0.0032386519014835358,-0.0005075964145362377,0.005579842254519463,0.2260635942220688,1.2829846143722534,0.04010702297091484,0.024364741519093513,0.005409860052168369,3.3151015941257356e-06,0.00018463250307831913,3.7002933025360107,10.0,0.0,0.0,0.0,0.0,0.0,32.766,32.766,0.28300000000000003,0.34600000000000003,2.849,2018.39501953125,809.9734497070312,29.387149810791016,geofence_hard_land,True,
1783703790.5155256,2026-07-10T10:16:30,221153,20260710_101616,accel_decel_climb_down_y,accel_decel_with_climb,outbound,1,"{""accel_mps2"": 0.5, ""peak_speed_mps"": 0.375, ""cruise_s"": 0.5, ""axis"": ""y"", ""climb_start_m"": 0.9, ""climb_end_m"": 0.3}",disarmed,0.0,0.0,0.0,0.8999997138977051,0.0,1.1920928955078125e-06,0.0,0.8999997138977051,True,0.02346152253448963,0.0036446687299758196,1.0028291940689087,0.05365654453635216,-0.12321197241544724,-0.14157167077064514,0.0,0.0,74.0,21.0,0.021,0.0011169669451192021,-0.00023942043480928987,0.02447815053164959,0.0032386519014835358,-0.0005075964145362377,0.005579842254519463,0.2260635942220688,1.2829846143722534,0.04010702297091484,0.024364741519093513,0.005409860052168369,3.3151015941257356e-06,0.00018463250307831913,3.7002933025360107,10.0,0.0,0.0,0.0,0.0,0.0,32.766,32.766,0.28300000000000003,0.34600000000000003,2.849,2018.39501953125,809.9734497070312,29.387149810791016,geofence_hard_land,True,
1783703790.525712,2026-07-10T10:16:30,221153,20260710_101616,accel_decel_climb_down_y,accel_decel_with_climb,outbound,1,"{""accel_mps2"": 0.5, ""peak_speed_mps"": 0.375, ""cruise_s"": 0.5, ""axis"": ""y"", ""climb_start_m"": 0.9, ""climb_end_m"": 0.3}",disarmed,0.0,0.0,0.0,0.8999997138977051,0.0,1.1920928955078125e-06,0.0,0.8999997138977051,True,0.02346152253448963,0.0036446687299758196,1.0028291940689087,0.05365654453635216,-0.12321197241544724,-0.14157167077064514,0.0,0.0,74.0,21.0,0.021,0.0011169669451192021,-0.00023942043480928987,0.02447815053164959,0.0032386519014835358,-0.0005075964145362377,0.005579842254519463,0.2260635942220688,1.2829846143722534,0.04010702297091484,0.024364741519093513,0.005409860052168369,3.3151015941257356e-06,0.00018463250307831913,3.7002933025360107,10.0,0.0,0.0,0.0,0.0,0.0,32.766,32.766,0.28300000000000003,0.34600000000000003,2.849,2018.39501953125,809.9734497070312,29.387149810791016,geofence_hard_land,True,
1783703790.5358956,2026-07-10T10:16:30,221153,20260710_101616,accel_decel_climb_down_y,accel_decel_with_climb,outbound,1,"{""accel_mps2"": 0.5, ""peak_speed_mps"": 0.375, ""cruise_s"": 0.5, ""axis"": ""y"", ""climb_start_m"": 0.9, ""climb_end_m"": 0.3}",disarmed,0.0,0.0,0.0,0.8999997138977051,0.0,1.1920928955078125e-06,0.0,0.8999997138977051,True,0.02346152253448963,0.0036446687299758196,1.0028291940689087,0.05365654453635216,-0.12321197241544724,-0.14157167077064514,0.0,0.0,74.0,21.0,0.021,0.0011169669451192021,-0.00023942043480928987,0.02447815053164959,0.0032386519014835358,-0.0005075964145362377,0.005579842254519463,0.2260635942220688,1.2829846143722534,0.04010702297091484,0.024364741519093513,0.005409860052168369,3.3151015941257356e-06,0.00018463250307831913,3.7002933025360107,10.0,0.0,0.0,0.0,0.0,0.0,32.766,32.766,0.28300000000000003,0.34600000000000003,2.849,2018.39501953125,809.9734497070312,29.387149810791016,geofence_hard_land,True,
1783703790.5473566,2026-07-10T10:16:30,221153,20260710_101616,accel_decel_climb_down_y,accel_decel_with_climb,outbound,1,"{""accel_mps2"": 0.5, ""peak_speed_mps"": 0.375, ""cruise_s"": 0.5, ""axis"": ""y"", ""climb_start_m"": 0.9, ""climb_end_m"": 0.3}",disarmed,0.0,0.0,0.0,0.8999997138977051,0.0,1.1920928955078125e-06,0.0,0.8999997138977051,True,0.02346152253448963,0.0036446687299758196,1.0028291940689087,0.05365654453635216,-0.12321197241544724,-0.14157167077064514,0.0,0.0,74.0,21.0,0.021,0.0011169669451192021,-0.00023942043480928987,0.02447815053164959,0.0032386519014835358,-0.0005075964145362377,0.005579842254519463,0.2260635942220688,1.2829846143722534,0.04010702297091484,0.024364741519093513,0.005409860052168369,3.3151015941257356e-06,0.00018463250307831913,3.7002933025360107,10.0,0.0,0.0,0.0,0.0,0.0,32.766,32.766,0.28300000000000003,0.34600000000000003,2.849,2018.39501953125,809.9734497070312,29.387149810791016,geofence_hard_land,True,
1783703790.557627,2026-07-10T10:16:30,221153,20260710_101616,accel_decel_climb_down_y,accel_decel_with_climb,outbound,1,"{""accel_mps2"": 0.5, ""peak_speed_mps"": 0.375, ""cruise_s"": 0.5, ""axis"": ""y"", ""climb_start_m"": 0.9, ""climb_end_m"": 0.3}",disarmed,0.0,0.0,0.0,0.8999997138977051,0.0,1.1920928955078125e-06,0.0,0.8999997138977051,True,0.02346152253448963,0.0036446687299758196,1.0028291940689087,0.05365654453635216,-0.12321197241544724,-0.14157167077064514,0.0,0.0,74.0,21.0,0.021,0.0011169669451192021,-0.00023942043480928987,0.02447815053164959,0.0032386519014835358,-0.0005075964145362377,0.005579842254519463,0.2260635942220688,1.2829846143722534,0.04010702297091484,0.024364741519093513,0.005409860052168369,3.3151015941257356e-06,0.00018463250307831913,3.7002933025360107,10.0,0.0,0.0,0.0,0.0,0.0,32.766,32.766,0.28300000000000003,0.34600000000000003,2.849,2018.39501953125,809.9734497070312,29.387149810791016,geofence_hard_land,True,
1783703790.5684018,2026-07-10T10:16:30,221153,20260710_101616,accel_decel_climb_down_y,accel_decel_with_climb,outbound,1,"{""accel_mps2"": 0.5, ""peak_speed_mps"": 0.375, ""cruise_s"": 0.5, ""axis"": ""y"", ""climb_start_m"": 0.9, ""climb_end_m"": 0.3}",disarmed,0.0,0.0,0.0,0.8999997138977051,0.0,1.1920928955078125e-06,0.0,0.8999997138977051,True,0.02346152253448963,0.0036446687299758196,1.0028291940689087,0.05365654453635216,-0.12321197241544724,-0.14157167077064514,0.0,0.0,74.0,21.0,0.021,0.0011169669451192021,-0.00023942043480928987,0.02447815053164959,0.0032386519014835358,-0.0005075964145362377,0.005579842254519463,0.2260635942220688,1.2829846143722534,0.04010702297091484,0.024364741519093513,0.005409860052168369,3.3151015941257356e-06,0.00018463250307831913,3.7002933025360107,10.0,0.0,0.0,0.0,0.0,0.0,32.766,32.766,0.28300000000000003,0.34600000000000003,2.849,2018.39501953125,809.9734497070312,29.387149810791016,geofence_hard_land,True,
1783703790.5794072,2026-07-10T10:16:30,221153,20260710_101616,accel_decel_climb_down_y,accel_decel_with_climb,outbound,1,"{""accel_mps2"": 0.5, ""peak_speed_mps"": 0.375, ""cruise_s"": 0.5, ""axis"": ""y"", ""climb_start_m"": 0.9, ""climb_end_m"": 0.3}",disarmed,0.0,0.0,0.0,0.8999997138977051,0.0,1.1920928955078125e-06,0.0,0.8999997138977051,True,0.02346152253448963,0.0036446687299758196,1.0028291940689087,0.05365654453635216,-0.12321197241544724,-0.14157167077064514,0.0,0.0,74.0,21.0,0.021,0.0011169669451192021,-0.00023942043480928987,0.02447815053164959,0.0032386519014835358,-0.0005075964145362377,0.005579842254519463,0.2260635942220688,1.2829846143722534,0.04010702297091484,0.024364741519093513,0.005409860052168369,3.3151015941257356e-06,0.00018463250307831913,3.7002933025360107,10.0,0.0,0.0,0.0,0.0,0.0,32.766,32.766,0.28300000000000003,0.34600000000000003,2.849,2018.39501953125,809.9734497070312,29.387149810791016,geofence_hard_land,True,
