pc_time_s,pc_time_iso,cf_time_ms,session_id,motif_id,motif_type,motif_phase,rep_index,motif_param_json,flight_phase,cmd_vx_m_s,cmd_vy_m_s,cmd_yaw_rate_deg_s,cmd_height_m,cmd_vx_raw_m_s,cmd_vy_raw_m_s,cmd_yaw_rate_raw_deg_s,cmd_height_raw_m,safety_override_active,acc_x_g,acc_y_g,acc_z_g,gyro_x_dps,gyro_y_dps,gyro_z_dps,flow_delta_x_px,flow_delta_y_px,flow_squal,zrange_mm,zrange_m,x_m,y_m,z_m,vx_m_s,vy_m_s,vz_m_s,roll_deg,pitch_deg,yaw_deg,kalman_state_z_m,kalman_state_pz,kalman_var_z,kalman_var_pz,battery_v,battery_level_pct,pm_state,motor_m1,motor_m2,motor_m3,motor_m4,range_front_m,range_back_m,range_left_m,range_right_m,range_up_m,baro_asl_m,baro_pressure_hpa,baro_temp_c,safety_flag,should_land,event
1783703845.030263,2026-07-10T10:17:25,,20260710_101720,,,,,,ground_idle,,,,,,,,,False,,,,,,,,,,,,,,,,,,,,,,,,,,,,,,,,,,,,,,,,,False,
1783703845.0404294,2026-07-10T10:17:25,,20260710_101720,,,,,,ground_idle,,,,,,,,,False,,,,,,,,,,,,,,,,,,,,,,,,,,,,,,,,,,,,,,,,,False,
1783703845.0509622,2026-07-10T10:17:25,276661,20260710_101720,,,,,,ground_idle,,,,,,,,,False,0.02197440341114998,0.0013245093869045377,0.9998859167098999,0.16151024401187897,-0.2075497955083847,-0.04181190952658653,0.0,-2.0,70.0,23.0,0.023,,,,,,,,,,,,,,,,,,,,,,,,,,,,,,False,
1783703845.0611415,2026-07-10T10:17:25,276671,20260710_101720,,,,,,ground_idle,,,,,,,,,False,0.02330961637198925,0.0036303941160440445,1.0014070272445679,0.029115645214915276,-0.08096147328615189,0.07053021341562271,0.0,0.0,66.0,23.0,0.023,0.003874206682667136,-0.0024045142345130444,0.024357877671718597,0.004302733112126589,0.0016825372586026788,0.00039234760333783925,0.19029611349105835,1.2479662895202637,0.048882439732551575,,,,,,,,,,,,,,,,,,,,,False,
1783703845.0713632,2026-07-10T10:17:25,276681,20260710_101720,,,,,,ground_idle,,,,,,,,,False,0.023611251264810562,0.004678398836404085,1.000976800918579,0.2888946235179901,0.356212854385376,-0.11802110075950623,2.0,-3.0,78.0,23.0,0.023,0.003874206682667136,-0.0024045142345130444,0.024357877671718597,0.004302733112126589,0.0016825372586026788,0.00039234760333783925,0.19029611349105835,1.2479662895202637,0.048882439732551575,,,,,,,,,,,,,,,,,,,,,False,
1783703845.0815554,2026-07-10T10:17:25,276691,20260710_101720,,,,,,ground_idle,,,,,,,,,False,0.022307410836219788,0.004243673291057348,0.9982315897941589,-0.08118675649166107,-0.13046221435070038,0.14461301267147064,-1.0,2.0,52.0,23.0,0.023,0.0041516441851854324,-0.002735100919380784,0.02437451109290123,0.0052865371108055115,-6.265319098019972e-05,0.0006453313981182873,0.20309527218341827,1.2441685199737549,0.05008484050631523,,,,,,,,,,,,,,,,,,,,,False,
1783703845.0917363,2026-07-10T10:17:25,276701,20260710_101720,,,,,,ground_idle,,,,,,,,,False,0.023964421823620796,0.004330025985836983,0.9990860819816589,0.1557140201330185,0.12264366447925568,-0.10519246011972427,0.0,1.0,52.0,25.0,0.025,0.0041516441851854324,-0.002735100919380784,0.02437451109290123,0.0052865371108055115,-6.265319098019972e-05,0.0006453313981182873,0.20309527218341827,1.2441685199737549,0.05008484050631523,0.02467941865324974,0.0020398690830916166,3.109431190750911e-06,0.00020514641073532403,3.710850477218628,10.0,0.0,0.0,0.0,0.0,0.0,32.766,32.766,0.28300000000000003,32.766,2.843,,,,,False,
1783703845.1019287,2026-07-10T10:17:25,276711,20260710_101720,,,,,,ground_idle,,,,,,,,,False,0.02563268318772316,0.0048771933652460575,1.000631332397461,0.05876018851995468,-0.04439416155219078,0.09441609680652618,0.0,0.0,65.0,25.0,0.025,0.0038471664302051067,-0.0027336629573255777,0.02467941865324974,0.0035419086925685406,0.00013602930994238704,0.0021184710785746574,0.2037103921175003,1.2555488348007202,0.050881754606962204,0.02467941865324974,0.0020398690830916166,3.109431190750911e-06,0.00020514641073532403,3.710850477218628,10.0,0.0,0.0,0.0,0.0,0.0,32.766,32.766,0.28300000000000003,32.766,2.843,,,,,False,
1783703845.112113,2026-07-10T10:17:25,276721,20260710_101720,,,,,,ground_idle,,,,,,,,,False,0.02509927563369274,0.003906495403498411,1.0010803937911987,-0.25445809960365295,-0.0689719170331955,-0.1922953873872757,0.0,0.0,71.0,25.0,0.025,0.0038471664302051067,-0.0027336629573255777,0.02467941865324974,0.0035419086925685406,0.00013602930994238704,0.0021184710785746574,0.2037103921175003,1.2555488348007202,0.050881754606962204,0.02467941865324974,0.0020398690830916166,3.109431190750911e-06,0.00020514641073532403,3.710850477218628,10.0,0.0,0.0,0.0,0.0,0.0,32.766,32.766,0.28300000000000003,32.766,2.843,,,,,False,
1783703845.1223936,2026-07-10T10:17:25,276733,20260710_101720,,,,,,ground_idle,,,,,,,,,False,0.023053551092743874,0.0029582802671939135,0.9977985620498657,-0.021642394363880157,-0.10332606732845306,0.039319660514593124,0.0,-1.0,69.0,25.0,0.025,0.003211896400898695,-0.0027354718185961246,0.02472279593348503,0.0005690836696885526,0.00035815563751384616,0.0021799642127007246,0.20435044169425964,1.2801730632781982,0.05075729265809059,0.02467941865324974,0.0020398690830916166,3.109431190750911e-06,0.00020514641073532403,3.710850477218628,10.0,0.0,0.0,0.0,0.0,0.0,32.766,32.766,0.28300000000000003,32.766,2.843,,,,,False,
1783703845.1326253,2026-07-10T10:17:25,276743,20260710_101720,,,,,,ground_idle,,,,,,,,,False,0.02530418150126934,0.004246827214956284,0.9997018575668335,0.08674044907093048,-0.006550661753863096,0.1752604991197586,0.0,1.0,61.0,24.0,0.024,0.003211896400898695,-0.0027354718185961246,0.02472279593348503,0.0005690836696885526,0.00035815563751384616,0.0021799642127007246,0.20435044169425964,1.2801730632781982,0.05075729265809059,0.02467941865324974,0.0020398690830916166,3.109431190750911e-06,0.00020514641073532403,3.710850477218628,10.0,0.0,0.0,0.0,0.0,0.0,32.766,32.766,0.28300000000000003,32.766,2.843,,,,,False,
1783703845.1428397,2026-07-10T10:17:25,276752,20260710_101720,,,,,,ground_idle,,,,,,,,,False,0.024761037901043892,0.0025498445611447096,0.9985144734382629,0.11169253289699554,0.1636074185371399,-0.047079287469387054,0.0,1.0,61.0,24.0,0.024,0.0032084600534290075,-0.002736627124249935,0.02444438822567463,0.0008006318239495158,0.0002745914098341018,0.00037076897569932044,0.2038171887397766,1.2811224460601807,0.05070105940103531,0.02444799430668354,0.00032577148522250354,3.2211535199166974e-06,0.0002136497787432745,3.710850477218628,10.0,0.0,0.0,0.0,0.0,0.0,32.766,32.766,0.28300000000000003,32.766,2.843,2018.6739501953125,809.9484252929688,31.523637771606445,,False,
1783703845.1532292,2026-07-10T10:17:25,276763,20260710_101720,,,,,,ground_idle,,,,,,,,,False,0.02514668181538582,0.0029434766620397568,0.998783528804779,0.185735285282135,0.2197771966457367,-0.0340399444103241,0.0,0.0,69.0,24.0,0.024,0.0032084600534290075,-0.002736627124249935,0.02444438822567463,0.0008006318239495158,0.0002745914098341018,0.00037076897569932044,0.2038171887397766,1.2811224460601807,0.05070105940103531,0.02444799430668354,0.00032577148522250354,3.2211535199166974e-06,0.0002136497787432745,3.710850477218628,10.0,0.0,0.0,0.0,0.0,0.0,32.766,32.766,0.28300000000000003,32.766,2.843,2018.6739501953125,809.9484252929688,31.523637771606445,,False,
1783703845.1634593,2026-07-10T10:17:25,276773,20260710_101720,,,,,,ground_idle,,,,,,,,,False,0.024171944707632065,0.0033571231178939342,1.0008443593978882,-0.01316345576196909,0.37270817160606384,0.0645562931895256,0.0,0.0,78.0,24.0,0.024,0.0035232992377132177,-0.002734221750870347,0.024451589211821556,0.002749726641923189,0.0001683789014350623,0.00024699425557628274,0.20392699539661407,1.2659306526184082,0.050681985914707184,0.02444799430668354,0.00032577148522250354,3.2211535199166974e-06,0.0002136497787432745,3.710850477218628,10.0,0.0,0.0,0.0,0.0,0.0,32.766,32.766,0.28300000000000003,32.766,2.843,2018.6739501953125,809.9484252929688,31.523637771606445,,False,
1783703845.1736758,2026-07-10T10:17:25,276783,20260710_101720,,,,,,ground_idle,,,,,,,,,False,0.022389953956007957,0.002126923995092511,1.0022873878479004,0.08181463927030563,-0.3496972918510437,-0.19798679649829865,0.0,1.0,57.0,24.0,0.024,0.0035232992377132177,-0.002734221750870347,0.024451589211821556,0.002749726641923189,0.0001683789014350623,0.00024699425557628274,0.20392699539661407,1.2659306526184082,0.050681985914707184,0.02444799430668354,0.00032577148522250354,3.2211535199166974e-06,0.0002136497787432745,3.710850477218628,10.0,0.0,0.0,0.0,0.0,0.0,32.766,32.766,0.28300000000000003,32.766,2.843,2018.6739501953125,809.9484252929688,31.523637771606445,,False,
1783703845.1839004,2026-07-10T10:17:25,276793,20260710_101720,,,,,,ground_idle,,,,,,,,,False,0.0239108819514513,0.0015682862140238285,1.0002700090408325,0.1214778870344162,0.21052286028862,0.08211687952280045,-1.0,0.0,51.0,25.0,0.025,0.003218136029317975,-0.0027347560971975327,0.024457326158881187,0.0013184804702177644,7.434056169586256e-05,0.00036129041109234095,0.20723511278629303,1.2727906703948975,0.050042156130075455,0.02444799430668354,0.00032577148522250354,3.2211535199166974e-06,0.0002136497787432745,3.710850477218628,10.0,0.0,0.0,0.0,0.0,0.0,32.766,32.766,0.28300000000000003,32.766,2.843,2018.6739501953125,809.9484252929688,31.523637771606445,,False,
1783703845.194138,2026-07-10T10:17:25,276803,20260710_101720,,,,,,ground_idle,,,,,,,,,False,0.02301427721977234,0.004469112027436495,0.9993647933006287,-0.2749967575073242,-0.30003389716148376,-0.13412606716156006,0.0,-1.0,62.0,25.0,0.025,0.003218136029317975,-0.0027347560971975327,0.024457326158881187,0.0013184804702177644,7.434056169586256e-05,0.00036129041109234095,0.20723511278629303,1.2727906703948975,0.050042156130075455,0.02472231350839138,0.001909895334392786,3.136478198939585e-06,0.0002110661444021389,3.710850477218628,10.0,0.0,0.0,0.0,0.0,0.0,32.766,32.766,0.281,0.337,32.766,2018.6739501953125,809.9484252929688,31.523637771606445,,False,
1783703845.2043543,2026-07-10T10:17:25,276813,20260710_101720,,,,,,ground_idle,,,,,,,,,False,0.023687900975346565,0.004350639414042234,0.9979516863822937,-0.21720050275325775,-0.02546125464141369,-0.17250151932239532,0.0,0.0,73.0,25.0,0.025,0.0034914046991616488,-0.0024437240790575743,0.024722617119550705,0.002779898466542363,0.0012347912415862083,0.0019516472239047289,0.19754213094711304,1.261001706123352,0.04879888519644737,0.02472231350839138,0.001909895334392786,3.136478198939585e-06,0.0002110661444021389,3.710850477218628,10.0,0.0,0.0,0.0,0.0,0.0,32.766,32.766,0.281,0.337,32.766,2018.6739501953125,809.9484252929688,31.523637771606445,,False,
1783703845.2145224,2026-07-10T10:17:25,276823,20260710_101720,,,,,,ground_idle,,,,,,,,,False,0.023062607273459435,0.0025113807059824467,0.9998541474342346,0.026191091164946556,-0.16548840701580048,-0.0706222653388977,0.0,0.0,67.0,25.0,0.025,0.0034914046991616488,-0.0024437240790575743,0.024722617119550705,0.002779898466542363,0.0012347912415862083,0.0019516472239047289,0.19754213094711304,1.261001706123352,0.04879888519644737,0.02472231350839138,0.001909895334392786,3.136478198939585e-06,0.0002110661444021389,3.710850477218628,10.0,0.0,0.0,0.0,0.0,0.0,32.766,32.766,0.281,0.337,32.766,2018.6739501953125,809.9484252929688,31.523637771606445,,False,
1783703845.2246988,2026-07-10T10:17:25,276833,20260710_101720,,,,,,ground_idle,,,,,,,,,False,0.024648014456033707,0.0025174375623464584,1.0001860857009888,-0.22293034195899963,-0.30907338857650757,0.16937245428562164,2.0,0.0,67.0,25.0,0.025,0.0035493674222379923,-0.0024173285346478224,0.024760596454143524,0.003032493172213435,0.001360265538096428,0.0017795489402487874,0.19458770751953125,1.262319564819336,0.047726746648550034,0.02472231350839138,0.001909895334392786,3.136478198939585e-06,0.0002110661444021389,3.710850477218628,10.0,0.0,0.0,0.0,0.0,0.0,32.766,32.766,0.281,0.337,32.766,2018.6739501953125,809.9484252929688,31.523637771606445,,False,
1783703845.2349625,2026-07-10T10:17:25,276843,20260710_101720,,,,,,ground_idle,,,,,,,,,False,0.024215415120124817,0.004060101695358753,1.0016525983810425,0.09653186053037643,0.03348525986075401,0.001938799861818552,-2.0,4.0,63.0,24.0,0.024,0.0035493674222379923,-0.0024173285346478224,0.024760596454143524,0.003032493172213435,0.001360265538096428,0.0017795489402487874,0.19458770751953125,1.262319564819336,0.047726746648550034,0.02472231350839138,0.001909895334392786,3.136478198939585e-06,0.0002110661444021389,3.710850477218628,10.0,0.0,0.0,0.0,0.0,0.0,32.766,32.766,0.281,0.337,32.766,2018.6739501953125,809.9484252929688,31.523637771606445,,False,
1783703845.2452347,2026-07-10T10:17:25,276853,20260710_101720,,,,,,ground_idle,,,,,,,,,False,0.02256173826754093,0.0023015053011476994,1.0018380880355835,-0.41344907879829407,0.17481288313865662,-0.078636035323143,0.0,-2.0,57.0,24.0,0.024,0.003526177955791354,-0.002426630351692438,0.02446880005300045,0.0026347367092967033,0.0011391362641006708,6.391487113432959e-05,0.19389067590236664,1.2695794105529785,0.04826123267412186,0.024470388889312744,0.000188178732059896,3.251562930017826e-06,0.00021940784063190222,3.710850477218628,10.0,0.0,0.0,0.0,0.0,0.0,32.766,32.766,0.281,0.337,32.766,2018.6629638671875,809.9495849609375,31.529897689819336,,False,
1783703845.2554185,2026-07-10T10:17:25,276866,20260710_101720,,,,,,ground_idle,,,,,,,,,False,0.023759951815009117,0.00408894894644618,1.0005285739898682,0.18782693147659302,0.19247737526893616,-0.13636013865470886,0.0,-2.0,57.0,24.0,0.024,0.0037985092494636774,-0.002431482309475541,0.024475501850247383,0.0038611150812357664,0.0008959713741205633,0.0004437669995240867,0.19389067590236664,1.2695794105529785,0.04826123267412186,0.024470388889312744,0.000188178732059896,3.251562930017826e-06,0.00021940784063190222,3.710850477218628,10.0,0.0,0.0,0.0,0.0,0.0,32.766,32.766,0.281,0.337,32.766,2018.6629638671875,809.9495849609375,31.529897689819336,,False,
1783703845.2656243,2026-07-10T10:17:25,276873,20260710_101720,,,,,,ground_idle,,,,,,,,,False,0.022959746420383453,0.004131511319428682,0.9989057779312134,-0.10190679132938385,0.22124944627285004,-0.01258937083184719,0.0,0.0,75.0,24.0,0.024,0.0037985092494636774,-0.002431482309475541,0.024475501850247383,0.0038611150812357664,0.0008959713741205633,0.0004437669995240867,0.1924225091934204,1.259355068206787,0.04687245190143585,0.024470388889312744,0.000188178732059896,3.251562930017826e-06,0.00021940784063190222,3.710850477218628,10.0,0.0,0.0,0.0,0.0,0.0,32.766,32.766,0.281,0.337,32.766,2018.6629638671875,809.9495849609375,31.529897689819336,,False,
1783703845.275798,2026-07-10T10:17:25,276886,20260710_101720,,,,,,ground_idle,,,,,,,,,False,0.023630470037460327,0.0025949841365218163,0.9979793429374695,-0.056915540248155594,0.07387921214103699,-0.0865618884563446,0.0,0.0,59.0,24.0,0.024,0.003879246534779668,-0.0024118777364492416,0.024484554305672646,0.004173649474978447,0.0010469253174960613,0.00039549858774989843,0.1924225091934204,1.259355068206787,0.04687245190143585,0.024470388889312744,0.000188178732059896,3.251562930017826e-06,0.00021940784063190222,3.710850477218628,10.0,0.0,0.0,0.0,0.0,0.0,32.766,32.766,0.281,0.337,32.766,2018.6629638671875,809.9495849609375,31.529897689819336,,False,
1783703845.2859702,2026-07-10T10:17:25,276893,20260710_101720,,,,,,ground_idle,,,,,,,,,False,0.02551410347223282,0.0027581730391830206,0.9982805252075195,0.1082795187830925,-0.0839172974228859,0.1478799283504486,0.0,1.0,52.0,27.0,0.027,0.003879246534779668,-0.0024118777364492416,0.024484554305672646,0.004173649474978447,0.0010469253174960613,0.00039549858774989843,0.19290116429328918,1.2535896301269531,0.047020040452480316,0.024470388889312744,0.000188178732059896,3.251562930017826e-06,0.00021940784063190222,3.710850477218628,10.0,0.0,0.0,0.0,0.0,0.0,32.766,32.766,0.281,0.337,32.766,2018.6629638671875,809.9495849609375,31.529897689819336,,False,
1783703845.2961593,2026-07-10T10:17:25,276906,20260710_101720,,,,,,ground_idle,,,,,,,,,False,0.025630053132772446,0.004127810709178448,0.9997861385345459,0.07012584060430527,-0.02535737119615078,0.25972703099250793,0.0,0.0,67.0,27.0,0.027,0.003547321306541562,-0.002418471034616232,0.02568812482059002,0.0025978516787290573,0.0007713140221312642,0.006540381349623203,0.19290116429328918,1.2535896301269531,0.047020040452480316,0.02568812482059002,0.006478776223957539,3.163266455885605e-06,0.00021602361812256277,3.710850477218628,10.0,0.0,0.0,0.0,0.0,0.0,32.766,32.766,0.28,32.766,2.833,2018.6629638671875,809.9495849609375,31.529897689819336,,False,
1783703845.3063738,2026-07-10T10:17:25,276913,20260710_101720,,,,,,ground_idle,,,,,,,,,False,0.025864630937576294,0.0033801975660026073,0.9998803734779358,0.034144625067710876,-0.2720186710357666,-0.12008199840784073,0.0,0.0,63.0,27.0,0.027,0.003547321306541562,-0.002418471034616232,0.02568812482059002,0.0025978516787290573,0.0007713140221312642,0.006540381349623203,0.19468922913074493,1.2651557922363281,0.04669366404414177,0.02568812482059002,0.006478776223957539,3.163266455885605e-06,0.00021602361812256277,3.710850477218628,10.0,0.0,0.0,0.0,0.0,0.0,32.766,32.766,0.28,32.766,2.833,2018.6629638671875,809.9495849609375,31.529897689819336,,False,
1783703845.3165567,2026-07-10T10:17:25,276926,20260710_101720,,,,,,ground_idle,,,,,,,,,False,0.02333827130496502,0.003644220996648073,1.0007373094558716,-0.01135981921106577,0.2418566644191742,0.0057953703217208385,0.0,0.0,66.0,27.0,0.027,0.0036065797321498394,-0.002402425277978182,0.02581971324980259,0.0032834638841450214,0.0008362103835679591,0.006652587093412876,0.19468922913074493,1.2651557922363281,0.04669366404414177,0.02568812482059002,0.006478776223957539,3.163266455885605e-06,0.00021602361812256277,3.710850477218628,10.0,0.0,0.0,0.0,0.0,0.0,32.766,32.766,0.28,32.766,2.833,2018.6629638671875,809.9495849609375,31.529897689819336,,False,
1783703845.326737,2026-07-10T10:17:25,276933,20260710_101720,,,,,,ground_idle,,,,,,,,,False,0.022972838953137398,0.002578752115368843,0.998572051525116,-0.07663580775260925,-0.1029006689786911,-0.005169600248336792,0.0,0.0,66.0,27.0,0.027,0.0036065797321498394,-0.002402425277978182,0.02581971324980259,0.0032834638841450214,0.0008362103835679591,0.006652587093412876,0.1953425109386444,1.2655593156814575,0.04713394492864609,0.02568812482059002,0.006478776223957539,3.163266455885605e-06,0.00021602361812256277,3.710850477218628,10.0,0.0,0.0,0.0,0.0,0.0,32.766,32.766,0.28,32.766,2.833,2018.6629638671875,809.9495849609375,31.529897689819336,,False,
1783703845.3387766,2026-07-10T10:17:25,276948,20260710_101720,,,,,,ground_idle,,,,,,,,,False,0.023122120648622513,0.004119353834539652,0.9994880557060242,0.02342088893055916,0.407394677400589,-0.04218703508377075,0.0,-255.0,74.0,27.0,0.027,0.003887130878865719,-0.0024115429259836674,0.026443753391504288,0.00449775718152523,0.0006379546830430627,0.009204103611409664,0.19533196091651917,1.2542976140975952,0.0489865243434906,0.02653568424284458,0.009077723138034344,3.280658120274893e-06,0.0002262341877212748,3.710850477218628,10.0,0.0,0.0,0.0,0.0,0.0,32.766,32.766,0.28,32.766,2.833,2018.6629638671875,809.9495849609375,31.529897689819336,,False,
1783703845.34897,2026-07-10T10:17:25,276953,20260710_101720,,,,,,ground_idle,,,,,,,,,False,0.021257130429148674,0.0035283793695271015,1.0014455318450928,-0.009179448708891869,-0.07825392484664917,-0.29239708185195923,0.0,2.0,69.0,27.0,0.027,0.003887130878865719,-0.0024115429259836674,0.026443753391504288,0.00449775718152523,0.0006379546830430627,0.009204103611409664,0.19533196091651917,1.2542976140975952,0.0489865243434906,0.02653568424284458,0.009077723138034344,3.280658120274893e-06,0.0002262341877212748,3.7161290645599365,10.0,0.0,0.0,0.0,0.0,0.0,32.766,32.766,0.28,32.766,2.833,2018.6083984375,809.9546508789062,31.53816795349121,,False,
1783703845.3591552,2026-07-10T10:17:25,276967,20260710_101720,,,,,,ground_idle,,,,,,,,,False,0.021884698420763016,0.0039129783399403095,0.9984504580497742,0.12999162077903748,-0.030709005892276764,-0.21155323088169098,0.0,0.0,72.0,27.0,0.027,0.0032207556068897247,-0.002410148736089468,0.026629488915205002,0.0007239599945023656,0.0006853615632280707,0.009283818304538727,0.19415055215358734,1.2796982526779175,0.04702390730381012,0.02653568424284458,0.009077723138034344,3.280658120274893e-06,0.0002262341877212748,3.7161290645599365,10.0,0.0,0.0,0.0,0.0,0.0,32.766,32.766,0.28,32.766,2.833,2018.6083984375,809.9546508789062,31.53816795349121,,False,
1783703845.369478,2026-07-10T10:17:25,276973,20260710_101720,,,,,,ground_idle,,,,,,,,,False,0.023572377860546112,0.00652571115642786,0.9999165534973145,0.07915329933166504,0.052836909890174866,-0.23108631372451782,0.0,-1.0,77.0,27.0,0.027,0.0032207556068897247,-0.002410148736089468,0.026629488915205002,0.0007239599945023656,0.0006853615632280707,0.009283818304538727,0.19415055215358734,1.2796982526779175,0.04702390730381012,0.02653568424284458,0.009077723138034344,3.280658120274893e-06,0.0002262341877212748,3.7161290645599365,10.0,0.0,0.0,0.0,0.0,0.0,32.766,32.766,0.28,32.766,2.833,2018.6083984375,809.9546508789062,31.53816795349121,,False,
1783703845.3798733,2026-07-10T10:17:25,276987,20260710_101720,,,,,,ground_idle,,,,,,,,,False,0.02351781167089939,0.003902601543813944,0.998146653175354,0.32832014560699463,0.29013592004776,0.15138877928256989,0.0,-1.0,77.0,27.0,0.027,0.0032087774015963078,-0.0024302485398948193,0.026814604178071022,0.0006254061008803546,0.0008493761997669935,0.009162596426904202,0.19570522010326385,1.27790105342865,0.04476916790008545,0.02653568424284458,0.009077723138034344,3.280658120274893e-06,0.0002262341877212748,3.7161290645599365,10.0,0.0,0.0,0.0,0.0,0.0,32.766,32.766,0.28,32.766,2.833,2018.6083984375,809.9546508789062,31.53816795349121,,False,
1783703845.3900547,2026-07-10T10:17:25,276999,20260710_101720,,,,,,ground_idle,,,,,,,,,False,0.024073269218206406,0.003051237901672721,1.0000334978103638,-0.21333563327789307,-0.30388471484184265,-0.22329168021678925,0.0,0.0,50.0,22.0,0.022,0.0032087774015963078,-0.0024302485398948193,0.026814604178071022,0.0006254061008803546,0.0008493761997669935,0.009162596426904202,0.19570522010326385,1.27790105342865,0.04476916790008545,0.02464102767407894,-0.003550183493643999,3.1869046779320342e-06,0.00021861745335627347,3.710850477218628,10.0,0.0,0.0,0.0,0.0,0.0,32.766,32.766,0.28,32.766,2.833,2018.6083984375,809.9546508789062,31.53816795349121,,False,
1783703845.4002306,2026-07-10T10:17:25,277011,20260710_101720,,,,,,ground_idle,,,,,,,,,False,0.02504383772611618,0.004202098585665226,1.0004677772521973,0.05742558464407921,0.1275092512369156,-0.11768710613250732,0.0,-2.0,65.0,22.0,0.022,0.003894712310284376,-0.0024196766316890717,0.024642130360007286,0.004376872442662716,0.000751746294554323,-0.0035083771217614412,0.19781917333602905,1.2490249872207642,0.04425197094678879,0.02464102767407894,-0.003550183493643999,3.1869046779320342e-06,0.00021861745335627347,3.710850477218628,10.0,0.0,0.0,0.0,0.0,0.0,0.28700000000000003,0.321,0.28300000000000003,0.34400000000000003,2.846,2018.6083984375,809.9546508789062,31.53816795349121,,False,
1783703845.4103913,2026-07-10T10:17:25,277021,20260710_101720,,,,,,ground_idle,,,,,,,,,False,0.023476948961615562,0.004807136487215757,0.9990513324737549,-0.16195540130138397,-0.021036578342318535,0.07920420914888382,0.0,1.0,65.0,22.0,0.022,0.003894712310284376,-0.0024196766316890717,0.024642130360007286,0.004376872442662716,0.000751746294554323,-0.0035083771217614412,0.19781917333602905,1.2490249872207642,0.04425197094678879,0.02464102767407894,-0.003550183493643999,3.1869046779320342e-06,0.00021861745335627347,3.710850477218628,10.0,0.0,0.0,0.0,0.0,0.0,0.28700000000000003,0.321,0.28300000000000003,0.34400000000000003,2.846,2018.6083984375,809.9546508789062,31.53816795349121,,False,
1783703845.4205494,2026-07-10T10:17:25,277031,20260710_101720,,,,,,ground_idle,,,,,,,,,False,0.023144206032156944,0.0030975774861872196,0.9978020191192627,0.09209979325532913,-0.023469187319278717,0.10492834448814392,0.0,0.0,72.0,22.0,0.022,0.003587073413655162,-0.002419263357296586,0.024575641378760338,0.002878886880353093,0.0006192362634465098,-0.003265290055423975,0.19937670230865479,1.2603026628494263,0.04449301213026047,0.02464102767407894,-0.003550183493643999,3.1869046779320342e-06,0.00021861745335627347,3.710850477218628,10.0,0.0,0.0,0.0,0.0,0.0,0.28700000000000003,0.321,0.28300000000000003,0.34400000000000003,2.846,2018.6083984375,809.9546508789062,31.53816795349121,,False,
1783703845.430704,2026-07-10T10:17:25,277041,20260710_101720,,,,,,ground_idle,,,,,,,,,False,0.025126315653324127,0.0032571188639849424,0.9979284405708313,0.14723478257656097,-0.3187442719936371,-0.09315841645002365,0.0,-1.0,78.0,22.0,0.022,0.003587073413655162,-0.002419263357296586,0.024575641378760338,0.002878886880353093,0.0006192362634465098,-0.003265290055423975,0.19937670230865479,1.2603026628494263,0.04449301213026047,0.02464102767407894,-0.003550183493643999,3.1869046779320342e-06,0.00021861745335627347,3.710850477218628,10.0,0.0,0.0,0.0,0.0,0.0,0.28700000000000003,0.321,0.28300000000000003,0.34400000000000003,2.846,2018.6083984375,809.9546508789062,31.53816795349121,,False,
1783703845.4408638,2026-07-10T10:17:25,277050,20260710_101720,,,,,,ground_idle,,,,,,,,,False,0.025126315653324127,0.0032571188639849424,0.9979284405708313,0.14723478257656097,-0.3187442719936371,-0.09315841645002365,0.0,0.0,66.0,27.0,0.027,0.003912711050361395,-0.002425315324217081,0.025593752041459084,0.004501333460211754,0.0005336052272468805,0.0022921105846762657,0.20135487616062164,1.2478657960891724,0.04666978865861893,0.025615988299250603,0.0020481355022639036,3.2992957130772993e-06,0.00022763689048588276,3.710850477218628,10.0,0.0,0.0,0.0,0.0,0.0,0.28700000000000003,0.321,0.28300000000000003,0.34400000000000003,2.846,2018.6083984375,809.9546508789062,31.53816795349121,,False,
1783703845.4510195,2026-07-10T10:17:25,277061,20260710_101720,,,,,,ground_idle,,,,,,,,,False,0.02216031588613987,0.0037388422060757875,0.9995124936103821,-0.06900845468044281,-0.17624583840370178,-0.10942494869232178,0.0,0.0,60.0,27.0,0.027,0.003912711050361395,-0.002425315324217081,0.025593752041459084,0.004501333460211754,0.0005336052272468805,0.0022921105846762657,0.20135487616062164,1.2478657960891724,0.04666978865861893,0.025615988299250603,0.0020481355022639036,3.2992957130772993e-06,0.00022763689048588276,3.710850477218628,10.0,0.0,0.0,0.0,0.0,0.0,0.28700000000000003,0.321,0.28300000000000003,0.34400000000000003,2.846,2018.6029052734375,809.9548950195312,31.544939041137695,,False,
1783703845.4611778,2026-07-10T10:17:25,277071,20260710_101720,,,,,,ground_idle,,,,,,,,,False,0.02241683565080166,0.003671130398288369,1.0007402896881104,0.2170673906803131,0.21521925926208496,-0.13847392797470093,0.0,0.0,71.0,27.0,0.027,0.004008121322840452,-0.002412425819784403,0.02563772350549698,0.004986349958926439,0.0008492168271914124,0.002191962907090783,0.20278435945510864,1.2486822605133057,0.04771876707673073,0.025615988299250603,0.0020481355022639036,3.2992957130772993e-06,0.00022763689048588276,3.710850477218628,10.0,0.0,0.0,0.0,0.0,0.0,0.28700000000000003,0.321,0.28300000000000003,0.34400000000000003,2.846,2018.6029052734375,809.9548950195312,31.544939041137695,,False,
1783703845.4713292,2026-07-10T10:17:25,277081,20260710_101720,,,,,,ground_idle,,,,,,,,,False,0.02092314139008522,0.0027361430693417788,1.0015618801116943,0.09081053733825684,0.2324073314666748,-0.017819542437791824,0.0,0.0,71.0,27.0,0.027,0.004008121322840452,-0.002412425819784403,0.02563772350549698,0.004986349958926439,0.0008492168271914124,0.002191962907090783,0.20278435945510864,1.2486822605133057,0.04771876707673073,0.025615988299250603,0.0020481355022639036,3.2992957130772993e-06,0.00022763689048588276,3.710850477218628,10.0,0.0,0.0,0.0,0.0,0.0,0.28700000000000003,0.321,0.28300000000000003,0.34400000000000003,2.846,2018.6029052734375,809.9548950195312,31.544939041137695,,False,
1783703845.481552,2026-07-10T10:17:25,277091,20260710_101720,,,,,,ground_idle,,,,,,,,,False,0.022077882662415504,0.004088010638952255,1.0021071434020996,0.17770715057849884,-0.13009630143642426,0.10304556041955948,0.0,1.0,57.0,27.0,0.027,0.00364367151632905,-0.002417934825643897,0.02568371780216694,0.002710257889702916,0.0007236971869133413,0.0022842776961624622,0.2020956575870514,1.2648547887802124,0.04607374966144562,0.025615988299250603,0.0020481355022639036,3.2992957130772993e-06,0.00022763689048588276,3.710850477218628,10.0,0.0,0.0,0.0,0.0,0.0,0.28700000000000003,0.321,0.28300000000000003,0.34400000000000003,2.846,2018.6029052734375,809.9548950195312,31.544939041137695,,False,
1783703845.4917228,2026-07-10T10:17:25,277101,20260710_101720,,,,,,ground_idle,,,,,,,,,False,0.02318441867828369,0.00450507365167141,0.9989640116691589,0.12657243013381958,-0.055462270975112915,-0.18381628394126892,0.0,1.0,50.0,23.0,0.023,0.00364367151632905,-0.002417934825643897,0.02568371780216694,0.002710257889702916,0.0007236971869133413,0.0022842776961624622,0.2020956575870514,1.2648547887802124,0.04607374966144562,0.024428527802228928,-0.004385426640510559,3.1982135624275543e-06,0.00021908832422923297,3.710850477218628,10.0,0.0,0.0,0.0,0.0,0.0,0.276,0.315,0.28200000000000003,32.766,2.866,2018.6029052734375,809.9548950195312,31.544939041137695,,False,
1783703845.5019014,2026-07-10T10:17:25,277111,20260710_101720,,,,,,ground_idle,,,,,,,,,False,0.02414165996015072,0.0034789475612342358,0.9996663331985474,0.1191098541021347,0.1755550056695938,-0.05806538090109825,0.0,-1.0,66.0,23.0,0.023,0.0036334586329758167,-0.0024277293123304844,0.024429205805063248,0.002380274934694171,0.0005633708206005394,-0.004360168240964413,0.20469997823238373,1.264674186706543,0.04746083542704582,0.024428527802228928,-0.004385426640510559,3.1982135624275543e-06,0.00021908832422923297,3.710850477218628,10.0,0.0,0.0,0.0,0.0,0.0,0.276,0.315,0.28200000000000003,32.766,2.866,2018.6029052734375,809.9548950195312,31.544939041137695,,False,
1783703845.512061,2026-07-10T10:17:25,277121,20260710_101720,,,,,,ground_idle,,,,,,,,,False,0.024307016283273697,0.004145132843405008,0.9998045563697815,-0.007264571730047464,-0.24642831087112427,0.1744339019060135,0.0,-1.0,62.0,23.0,0.023,0.0036334586329758167,-0.0024277293123304844,0.024429205805063248,0.002380274934694171,0.0005633708206005394,-0.004360168240964413,0.20469997823238373,1.264674186706543,0.04746083542704582,0.024428527802228928,-0.004385426640510559,3.1982135624275543e-06,0.00021908832422923297,3.710850477218628,10.0,0.0,0.0,0.0,0.0,0.0,0.276,0.315,0.28200000000000003,32.766,2.866,2018.6029052734375,809.9548950195312,31.544939041137695,,False,
1783703845.5222223,2026-07-10T10:17:25,277133,20260710_101720,,,,,,ground_idle,,,,,,,,,False,0.022076047956943512,0.004754357039928436,0.9995386004447937,0.022839156910777092,0.24805857241153717,0.002958000637590885,0.0,0.0,75.0,23.0,0.023,0.003996852785348892,-0.002428551437333226,0.02434121072292328,0.0042230975814163685,0.0005556163378059864,-0.0044087073765695095,0.20613354444503784,1.2476369142532349,0.04558325186371803,0.024428527802228928,-0.004385426640510559,3.1982135624275543e-06,0.00021908832422923297,3.710850477218628,10.0,0.0,0.0,0.0,0.0,0.0,0.276,0.315,0.28200000000000003,32.766,2.866,2018.6029052734375,809.9548950195312,31.544939041137695,,False,
1783703845.5323758,2026-07-10T10:17:25,277143,20260710_101720,,,,,,ground_idle,,,,,,,,,False,0.023591671139001846,0.004626034758985043,0.9990455508232117,-0.3406621515750885,-0.33274340629577637,0.09670277684926987,0.0,0.0,70.0,26.0,0.026,0.003996852785348892,-0.002428551437333226,0.02434121072292328,0.0042230975814163685,0.0005556163378059864,-0.0044087073765695095,0.20613354444503784,1.2476369142532349,0.04558325186371803,0.024428527802228928,-0.004385426640510559,3.1982135624275543e-06,0.00021908832422923297,3.710850477218628,10.0,0.0,0.0,0.0,0.0,0.0,0.276,0.315,0.28200000000000003,32.766,2.866,2018.6029052734375,809.9548950195312,31.544939041137695,,False,
1783703845.5425336,2026-07-10T10:17:25,277152,20260710_101720,,,,,,ground_idle,,,,,,,,,False,0.022770360112190247,0.0034946973901242018,1.000838279724121,-0.005990315228700638,-0.08627286553382874,0.08872907608747482,0.0,0.0,70.0,26.0,0.026,0.0040700421668589115,-0.002417919924482703,0.025006722658872604,0.004401534795761108,0.0007406747899949551,-0.00038252296508289874,0.20610494911670685,1.2439513206481934,0.04703555628657341,0.025002814829349518,-0.0005017512012273073,3.3030225949914893e-06,0.00022403670300263911,3.710850477218628,10.0,0.0,0.0,0.0,0.0,0.0,0.276,0.315,0.28200000000000003,32.766,2.866,2018.5972900390625,809.9554443359375,31.55097770690918,,False,
1783703845.55272,2026-07-10T10:17:25,277163,20260710_101720,,,,,,ground_idle,,,,,,,,,False,0.023160811513662338,0.0031107559334486723,0.9996394515037537,0.2154323011636734,-0.14521583914756775,-0.08687638491392136,0.0,0.0,71.0,26.0,0.026,0.0040700421668589115,-0.002417919924482703,0.025006722658872604,0.004401534795761108,0.0007406747899949551,-0.00038252296508289874,0.20610494911670685,1.2439513206481934,0.04703555628657341,0.025002814829349518,-0.0005017512012273073,3.3030225949914893e-06,0.00022403670300263911,3.710850477218628,10.0,0.0,0.0,0.0,0.0,0.0,0.276,0.315,0.28200000000000003,32.766,2.866,2018.5972900390625,809.9554443359375,31.55097770690918,,False,
1783703845.5628953,2026-07-10T10:17:25,277173,20260710_101720,,,,,,ground_idle,,,,,,,,,False,0.02339922823011875,0.0042264508083462715,0.998617947101593,0.050834257155656815,-0.05345936119556427,0.02350611239671707,0.0,2.0,71.0,26.0,0.026,0.004161604680120945,-0.0024016413372009993,0.0249993484467268,0.004702587611973286,0.0008075335645116866,-0.0002943625149782747,0.20362843573093414,1.243884563446045,0.04896489530801773,0.025002814829349518,-0.0005017512012273073,3.3030225949914893e-06,0.00022403670300263911,3.710850477218628,10.0,0.0,0.0,0.0,0.0,0.0,0.276,0.315,0.28200000000000003,32.766,2.866,2018.5972900390625,809.9554443359375,31.55097770690918,,False,
1783703845.5730495,2026-07-10T10:17:25,277183,20260710_101720,,,,,,ground_idle,,,,,,,,,False,0.025756550952792168,0.004060577601194382,0.9988374710083008,-0.015313718467950821,-0.2971751093864441,0.33825019001960754,0.0,-1.0,59.0,26.0,0.026,0.004161604680120945,-0.0024016413372009993,0.0249993484467268,0.004702587611973286,0.0008075335645116866,-0.0002943625149782747,0.20362843573093414,1.243884563446045,0.04896489530801773,0.025002814829349518,-0.0005017512012273073,3.3030225949914893e-06,0.00022403670300263911,3.710850477218628,10.0,0.0,0.0,0.0,0.0,0.0,0.276,0.315,0.28200000000000003,32.766,2.866,2018.5972900390625,809.9554443359375,31.55097770690918,,False,
1783703845.5832064,2026-07-10T10:17:25,277193,20260710_101720,,,,,,ground_idle,,,,,,,,,False,0.024713117629289627,0.0037865249905735254,1.0007203817367554,0.024246910586953163,0.19078466296195984,-0.09606251865625381,0.0,0.0,56.0,26.0,0.026,0.0036677445750683546,-0.0024186139926314354,0.024996459484100342,0.0022980854846537113,0.0007032857974991202,-0.0003792066709138453,0.20631270110607147,1.2636774778366089,0.048775192350149155,0.025002814829349518,-0.0005017512012273073,3.3030225949914893e-06,0.00022403670300263911,3.710850477218628,10.0,0.0,0.0,0.0,0.0,0.0,0.276,0.315,0.28200000000000003,32.766,2.866,2018.5972900390625,809.9554443359375,31.55097770690918,,False,
1783703845.5933633,2026-07-10T10:17:25,277203,20260710_101720,,,,,,ground_idle,,,,,,,,,False,0.02251456305384636,0.00411605229601264,0.9997338652610779,0.1525261253118515,-0.04788755998015404,-0.04821951314806938,0.0,0.0,67.0,26.0,0.026,0.0036677445750683546,-0.0024186139926314354,0.024996459484100342,0.0022980854846537113,0.0007032857974991202,-0.0003792066709138453,0.20631270110607147,1.2636774778366089,0.048775192350149155,0.02547345496714115,0.0021736249327659607,3.1949475669534877e-06,0.00021616289450321347,3.710850477218628,10.0,0.0,0.0,0.0,0.0,0.0,32.766,0.321,0.279,0.342,32.766,2018.5972900390625,809.9554443359375,31.55097770690918,,False,
1783703845.6035192,2026-07-10T10:17:25,277213,20260710_101720,,,,,,ground_idle,,,,,,,,,False,0.02334701083600521,0.003431675722822547,0.999199628829956,0.037517014890909195,-0.06573905050754547,-0.14939333498477936,2.0,-4.0,62.0,26.0,0.026,0.003711397759616375,-0.002404838800430298,0.02547345496714115,0.002882890636101365,0.0007830139948055148,0.0022405649069696665,0.2059965878725052,1.2634053230285645,0.04959578439593315,0.02547345496714115,0.0021736249327659607,3.1949475669534877e-06,0.00021616289450321347,3.710850477218628,10.0,0.0,0.0,0.0,0.0,0.0,32.766,0.321,0.279,0.342,32.766,2018.5972900390625,809.9554443359375,31.55097770690918,,False,
1783703845.613677,2026-07-10T10:17:25,277223,20260710_101720,,,,,,ground_idle,,,,,,,,,False,0.023608261719346046,0.002075435593724251,1.0002918243408203,-0.14456908404827118,0.027560457587242126,-0.1549341380596161,-1.0,4.0,72.0,26.0,0.026,0.003711397759616375,-0.002404838800430298,0.02547345496714115,0.002882890636101365,0.0007830139948055148,0.0022405649069696665,0.2059965878725052,1.2634053230285645,0.04959578439593315,0.02547345496714115,0.0021736249327659607,3.1949475669534877e-06,0.00021616289450321347,3.710850477218628,10.0,0.0,0.0,0.0,0.0,0.0,32.766,0.321,0.279,0.342,32.766,2018.5972900390625,809.9554443359375,31.55097770690918,,False,
1783703845.623878,2026-07-10T10:17:25,277233,20260710_101720,,,,,,ground_idle,,,,,,,,,False,0.024110762402415276,0.001765540917403996,0.9997029900550842,-0.04778513312339783,-0.07641372084617615,-0.41593292355537415,0.0,1.0,72.0,26.0,0.026,0.0036619012244045734,-0.002801224123686552,0.02553597092628479,0.0022617720533162355,-0.001101101515814662,0.002283420180901885,0.22060738503932953,1.2695848941802979,0.05056481808423996,0.02547345496714115,0.0021736249327659607,3.1949475669534877e-06,0.00021616289450321347,3.710850477218628,10.0,0.0,0.0,0.0,0.0,0.0,32.766,0.321,0.279,0.342,32.766,2018.5972900390625,809.9554443359375,31.55097770690918,,False,
1783703845.6341214,2026-07-10T10:17:25,277243,20260710_101720,,,,,,ground_idle,,,,,,,,,False,0.02200261689722538,0.0018313619075343013,0.9984135031700134,-0.13169841468334198,-0.20284929871559143,0.282755047082901,0.0,-1.0,57.0,22.0,0.022,0.0036619012244045734,-0.002801224123686552,0.02553597092628479,0.0022617720533162355,-0.001101101515814662,0.002283420180901885,0.22060738503932953,1.2695848941802979,0.05056481808423996,0.02547345496714115,0.0021736249327659607,3.1949475669534877e-06,0.00021616289450321347,3.710850477218628,10.0,0.0,0.0,0.0,0.0,0.0,32.766,0.321,0.279,0.342,32.766,2018.5972900390625,809.9554443359375,31.55097770690918,,False,
1783703845.644305,2026-07-10T10:17:25,277253,20260710_101720,,,,,,ground_idle,,,,,,,,,False,0.024529224261641502,0.0032753816340118647,0.9986667037010193,0.09950815141201019,0.005296698305755854,-0.15419168770313263,0.0,0.0,62.0,22.0,0.022,0.0036398929078131914,-0.0027666829992085695,0.02401060424745083,0.0023390536662191153,-0.0011637455318123102,-0.00607378501445055,0.21667201817035675,1.2702043056488037,0.04884276166558266,0.023949431255459785,-0.006206105928868055,3.2927773645496927e-06,0.00021799333626404405,3.710850477218628,10.0,0.0,0.0,0.0,0.0,0.0,32.766,0.321,0.279,0.342,32.766,2018.7451171875,809.9425048828125,31.552698135375977,,False,
1783703845.6544614,2026-07-10T10:17:25,277266,20260710_101720,,,,,,ground_idle,,,,,,,,,False,0.023971257731318474,0.003527190303429961,0.9993705749511719,0.007827798835933208,-0.3684895634651184,0.1850052922964096,-1.0,0.0,73.0,22.0,0.022,0.003633330576121807,-0.002412702888250351,0.023888085037469864,0.0023001034278422594,0.00044656405225396156,-0.006227876991033554,0.21667201817035675,1.2702043056488037,0.04884276166558266,0.023949431255459785,-0.006206105928868055,3.2927773645496927e-06,0.00021799333626404405,3.710850477218628,10.0,0.0,0.0,0.0,0.0,0.0,32.766,0.321,0.279,0.342,32.766,2018.7451171875,809.9425048828125,31.552698135375977,,False,
1783703845.6646159,2026-07-10T10:17:25,277273,20260710_101720,,,,,,ground_idle,,,,,,,,,False,0.02337319403886795,0.003442362416535616,1.00201416015625,-0.228499174118042,0.026592658832669258,-0.043425824493169785,0.0,-1.0,65.0,22.0,0.022,0.003633330576121807,-0.002412702888250351,0.023888085037469864,0.0023001034278422594,0.00044656405225396156,-0.006227876991033554,0.20170919597148895,1.2727292776107788,0.04949970170855522,0.023949431255459785,-0.006206105928868055,3.2927773645496927e-06,0.00021799333626404405,3.710850477218628,10.0,0.0,0.0,0.0,0.0,0.0,32.766,0.321,0.279,0.342,32.766,2018.7451171875,809.9425048828125,31.552698135375977,,False,
1783703845.6747808,2026-07-10T10:17:25,277286,20260710_101720,,,,,,ground_idle,,,,,,,,,False,0.024036621674895287,0.004914517048746347,1.0006961822509766,0.15176090598106384,0.025881268084049225,-0.2422000765800476,2.0,-3.0,61.0,22.0,0.022,0.004952358081936836,-0.003078850917518139,0.023763271048665047,0.008682450279593468,-0.002819340443238616,-0.006005667615681887,0.20170919597148895,1.2727292776107788,0.04949970170855522,0.023949431255459785,-0.006206105928868055,3.2927773645496927e-06,0.00021799333626404405,3.710850477218628,10.0,0.0,0.0,0.0,0.0,0.0,32.766,0.321,0.279,0.342,32.766,2018.7451171875,809.9425048828125,31.552698135375977,,False,
1783703845.6849384,2026-07-10T10:17:25,277293,20260710_101720,,,,,,ground_idle,,,,,,,,,False,0.023917242884635925,0.005627685692161322,0.9991386532783508,0.013483970426023006,-0.11250119656324387,0.022583402693271637,-1.0,5.0,52.0,26.0,0.026,0.004952358081936836,-0.003078850917518139,0.023763271048665047,0.008682450279593468,-0.002819340443238616,-0.006005667615681887,0.22299684584140778,1.226893424987793,0.05084710568189621,0.023949431255459785,-0.006206105928868055,3.2927773645496927e-06,0.00021799333626404405,3.710850477218628,10.0,0.0,0.0,0.0,0.0,0.0,32.766,0.321,0.279,0.342,32.766,2018.7451171875,809.9425048828125,31.552698135375977,,False,
1783703845.6951463,2026-07-10T10:17:25,277303,20260710_101720,,,,,,ground_idle,,,,,,,,,False,0.024522172287106514,0.00514577841386199,1.0008165836334229,0.19977718591690063,-0.09395433217287064,0.013046727515757084,0.0,-1.0,65.0,26.0,0.026,0.004952358081936836,-0.003078850917518139,0.023763271048665047,0.008682450279593468,-0.002819340443238616,-0.006005667615681887,0.22299684584140778,1.226893424987793,0.05084710568189621,0.02475656382739544,-0.00012530109961517155,3.178650104018743e-06,0.00021043360175099224,3.710850477218628,10.0,0.0,0.0,0.0,0.0,0.0,0.28300000000000003,0.323,0.276,0.34700000000000003,2.852,2018.7451171875,809.9425048828125,31.552698135375977,,False,
1783703845.7053392,2026-07-10T10:17:25,277313,20260710_101720,,,,,,ground_idle,,,,,,,,,False,0.02409106306731701,0.0025145725812762976,1.0001643896102905,-0.2187403291463852,0.04456905648112297,-0.1093510314822197,0.0,1.0,63.0,26.0,0.026,0.003560415469110012,-0.002758485497906804,0.024757446721196175,0.0018841339042410254,-0.000786543998401612,-0.00010952007869491354,0.20997434854507446,1.2788923978805542,0.049549832940101624,0.02475656382739544,-0.00012530109961517155,3.178650104018743e-06,0.00021043360175099224,3.710850477218628,10.0,0.0,0.0,0.0,0.0,0.0,0.28300000000000003,0.323,0.276,0.34700000000000003,2.852,2018.7451171875,809.9425048828125,31.552698135375977,,False,
1783703845.7154927,2026-07-10T10:17:25,277326,20260710_101720,,,,,,ground_idle,,,,,,,,,False,0.024277763441205025,0.003178996965289116,0.9999473690986633,0.2509782016277313,0.015869878232479095,0.030062643811106682,0.0,-1.0,77.0,26.0,0.026,0.003535442752763629,-0.0027528060600161552,0.02475743368268013,0.0019665826112031937,-0.0006565977819263935,2.5265864678658545e-05,0.20997434854507446,1.2788923978805542,0.049549832940101624,0.02475656382739544,-0.00012530109961517155,3.178650104018743e-06,0.00021043360175099224,3.710850477218628,10.0,0.0,0.0,0.0,0.0,0.0,0.28300000000000003,0.323,0.276,0.34700000000000003,2.852,2018.7451171875,809.9425048828125,31.552698135375977,,False,
1783703845.7256541,2026-07-10T10:17:25,277333,20260710_101720,,,,,,ground_idle,,,,,,,,,False,0.023672766983509064,0.0019163418328389525,0.9996903538703918,-0.004710045177489519,0.04680176451802254,0.20059433579444885,0.0,0.0,71.0,26.0,0.026,0.003535442752763629,-0.0027528060600161552,0.02475743368268013,0.0019665826112031937,-0.0006565977819263935,2.5265864678658545e-05,0.21057429909706116,1.2812777757644653,0.049228329211473465,0.02475656382739544,-0.00012530109961517155,3.178650104018743e-06,0.00021043360175099224,3.710850477218628,10.0,0.0,0.0,0.0,0.0,0.0,0.28300000000000003,0.323,0.276,0.34700000000000003,2.852,2018.7451171875,809.9425048828125,31.552698135375977,,False,
1783703845.735808,2026-07-10T10:17:25,277346,20260710_101720,,,,,,ground_idle,,,,,,,,,False,0.02223188802599907,0.002846679650247097,0.9975740313529968,0.08450348675251007,0.07757745683193207,0.014360059052705765,0.0,1.0,58.0,27.0,0.027,0.0032217956613749266,-0.0027608415111899376,0.025743070989847183,0.000504364084918052,-0.0008368836715817451,0.005195351783186197,0.21057429909706116,1.2812777757644653,0.049228329211473465,0.02475656382739544,-0.00012530109961517155,3.178650104018743e-06,0.00021043360175099224,3.710850477218628,10.0,0.0,0.0,0.0,0.0,0.0,0.28300000000000003,0.323,0.276,0.34700000000000003,2.852,2018.7451171875,809.9425048828125,31.552698135375977,,False,
1783703845.7459705,2026-07-10T10:17:25,277353,20260710_101720,,,,,,ground_idle,,,,,,,,,False,0.022298762574791908,0.0010098827769979835,1.0022081136703491,-0.002465959871187806,-0.23488596081733704,0.004752726294100285,0.0,-1.0,61.0,27.0,0.027,0.0032217956613749266,-0.0027608415111899376,0.025743070989847183,0.000504364084918052,-0.0008368836715817451,0.005195351783186197,0.2125067412853241,1.2911510467529297,0.04890581965446472,0.02579447813332081,0.005078306887298822,3.2680336516932584e-06,0.00021236512111499906,3.710850477218628,10.0,0.0,0.0,0.0,0.0,0.0,0.28300000000000003,0.323,0.276,0.34700000000000003,2.852,2018.706787109375,809.9456176757812,31.561025619506836,,False,
1783703845.7562594,2026-07-10T10:17:25,277367,20260710_101720,,,,,,ground_idle,,,,,,,,,False,0.02255123108625412,0.0010005889926105738,1.00203537940979,0.02697017602622509,-0.053444892168045044,0.02933565527200699,0.0,0.0,64.0,27.0,0.027,0.003532333532348275,-0.002766657155007124,0.025847412645816803,0.0018778552766889334,-0.0011128202313557267,0.0053597502410411835,0.21246309578418732,1.27938973903656,0.049425024539232254,0.02579447813332081,0.005078306887298822,3.2680336516932584e-06,0.00021236512111499906,3.710850477218628,10.0,0.0,0.0,0.0,0.0,0.0,0.28300000000000003,0.323,0.276,0.34700000000000003,2.852,2018.706787109375,809.9456176757812,31.561025619506836,,False,
1783703845.76644,2026-07-10T10:17:25,277373,20260710_101720,,,,,,ground_idle,,,,,,,,,False,0.024101627990603447,0.004383017309010029,1.0029078722000122,-0.010575704276561737,0.11971979588270187,-0.02276092953979969,0.0,0.0,64.0,27.0,0.027,0.003532333532348275,-0.002766657155007124,0.025847412645816803,0.0018778552766889334,-0.0011128202313557267,0.0053597502410411835,0.21246309578418732,1.27938973903656,0.049425024539232254,0.02579447813332081,0.005078306887298822,3.2680336516932584e-06,0.00021236512111499906,3.710850477218628,10.0,0.0,0.0,0.0,0.0,0.0,0.28300000000000003,0.323,0.276,0.34700000000000003,2.852,2018.706787109375,809.9456176757812,31.561025619506836,,False,
1783703845.7766502,2026-07-10T10:17:25,277387,20260710_101720,,,,,,ground_idle,,,,,,,,,False,0.023023094981908798,0.004004210699349642,0.9998907446861267,0.18661867082118988,-0.21357545256614685,-0.002140812575817108,0.0,0.0,60.0,27.0,0.027,0.003571251640096307,-0.002791895065456629,0.02595970407128334,0.002072727307677269,-0.0012580975890159607,0.005895528011023998,0.21328043937683105,1.2783470153808594,0.050792161375284195,0.02579447813332081,0.005078306887298822,3.2680336516932584e-06,0.00021236512111499906,3.710850477218628,10.0,0.0,0.0,0.0,0.0,0.0,0.28300000000000003,0.323,0.276,0.34700000000000003,2.852,2018.706787109375,809.9456176757812,31.561025619506836,,False,
1783703845.786826,2026-07-10T10:17:25,277393,20260710_101720,,,,,,ground_idle,,,,,,,,,False,0.023716678842902184,0.0035308946389704943,1.0007591247558594,0.24609147012233734,-0.2204374372959137,0.16291309893131256,0.0,0.0,60.0,26.0,0.026,0.003571251640096307,-0.002791895065456629,0.02595970407128334,0.002072727307677269,-0.0012580975890159607,0.005895528011023998,0.21328043937683105,1.2783470153808594,0.050792161375284195,0.02579447813332081,0.005078306887298822,3.2680336516932584e-06,0.00021236512111499906,3.710850477218628,10.0,0.0,0.0,0.0,0.0,0.0,0.28300000000000003,0.323,0.276,0.34700000000000003,2.852,2018.706787109375,809.9456176757812,31.561025619506836,,False,
1783703845.7969897,2026-07-10T10:17:25,277407,20260710_101720,,,,,,ground_idle,,,,,,,,,False,0.025346463546156883,0.004938778467476368,1.0007503032684326,-0.08865942060947418,-0.2881554961204529,0.07595688104629517,0.0,-1.0,58.0,26.0,0.026,0.003911017440259457,-0.002793680178001523,0.026069683954119682,0.0038001490756869316,-0.0011218091240152717,0.005995854269713163,0.21447168290615082,1.2675955295562744,0.050670817494392395,0.02606973610818386,0.005943659693002701,3.1554175166093046e-06,0.00020730159303639084,3.710850477218628,10.0,0.0,0.0,0.0,0.0,0.0,0.277,32.766,0.281,0.342,2.836,2018.706787109375,809.9456176757812,31.561025619506836,,False,
1783703845.8072653,2026-07-10T10:17:25,277413,20260710_101720,,,,,,ground_idle,,,,,,,,,False,0.025444479659199715,0.004583165515214205,1.001013159751892,0.06452078372240067,0.03257262706756592,-0.22966748476028442,0.0,-254.0,66.0,26.0,0.026,0.003911017440259457,-0.002793680178001523,0.026069683954119682,0.0038001490756869316,-0.0011218091240152717,0.005995854269713163,0.21447168290615082,1.2675955295562744,0.050670817494392395,0.02606973610818386,0.005943659693002701,3.1554175166093046e-06,0.00020730159303639084,3.710850477218628,10.0,0.0,0.0,0.0,0.0,0.0,0.277,32.766,0.281,0.342,2.836,2018.706787109375,809.9456176757812,31.561025619506836,,False,
1783703845.81744,2026-07-10T10:17:25,277427,20260710_101720,,,,,,ground_idle,,,,,,,,,False,0.024145741015672684,0.005751000251621008,0.9988600015640259,-0.07796158641576767,0.10075309127569199,0.24778389930725098,0.0,-1.0,64.0,26.0,0.026,0.0035329749807715416,-0.0027888561598956585,0.026194121688604355,0.0022148338612169027,-0.0008004094706848264,0.0062261903658509254,0.21144890785217285,1.2819257974624634,0.05127725377678871,0.02606973610818386,0.005943659693002701,3.1554175166093046e-06,0.00020730159303639084,3.710850477218628,10.0,0.0,0.0,0.0,0.0,0.0,0.277,32.766,0.281,0.342,2.836,2018.706787109375,809.9456176757812,31.561025619506836,,False,
1783703845.8276055,2026-07-10T10:17:25,277433,20260710_101720,,,,,,ground_idle,,,,,,,,,False,0.024726612493395805,0.0038811482954770327,0.9992395639419556,0.07940111309289932,-0.22803975641727448,-0.2457408308982849,0.0,0.0,70.0,26.0,0.026,0.0035329749807715416,-0.0027888561598956585,0.026194121688604355,0.0022148338612169027,-0.0008004094706848264,0.0062261903658509254,0.21144890785217285,1.2819257974624634,0.05127725377678871,0.02606973610818386,0.005943659693002701,3.1554175166093046e-06,0.00020730159303639084,3.710850477218628,10.0,0.0,0.0,0.0,0.0,0.0,0.277,32.766,0.281,0.342,2.836,2018.706787109375,809.9456176757812,31.561025619506836,,False,
1783703845.837767,2026-07-10T10:17:25,277448,20260710_101720,,,,,,ground_idle,,,,,,,,,False,0.023791171610355377,0.002059465739876032,1.0003962516784668,0.12867869436740875,0.3566361963748932,-0.07306624948978424,0.0,0.0,61.0,27.0,0.027,0.003574561793357134,-0.002804078394547105,0.02664230763912201,0.002587398048490286,-0.0006764648132957518,0.007830839604139328,0.21028144657611847,1.2793818712234497,0.05150654539465904,0.02672101929783821,0.007852367125451565,3.2483947052242e-06,0.0002125517639797181,3.710850477218628,10.0,0.0,0.0,0.0,0.0,0.0,0.277,32.766,0.281,0.342,2.836,2018.706787109375,809.9456176757812,31.561025619506836,,False,
1783703845.8479283,2026-07-10T10:17:25,277453,20260710_101720,,,,,,ground_idle,,,,,,,,,False,0.023007523268461227,0.003464851761236787,1.001025915145874,-0.15975934267044067,0.19902558624744415,-0.059441618621349335,0.0,0.0,61.0,27.0,0.027,0.003574561793357134,-0.002804078394547105,0.02664230763912201,0.002587398048490286,-0.0006764648132957518,0.007830839604139328,0.21028144657611847,1.2793818712234497,0.05150654539465904,0.02672101929783821,0.007852367125451565,3.2483947052242e-06,0.0002125517639797181,3.710850477218628,10.0,0.0,0.0,0.0,0.0,0.0,0.277,32.766,0.281,0.342,2.836,2018.5972900390625,809.9556274414062,31.567522048950195,,False,
1783703845.8581266,2026-07-10T10:17:25,277467,20260710_101720,,,,,,ground_idle,,,,,,,,,False,0.023789849132299423,0.0044591715559363365,0.9996671676635742,0.3366403877735138,-0.1230468600988388,-0.12199916690587997,0.0,0.0,64.0,27.0,0.027,0.0036287358961999416,-0.0028198035433888435,0.02680051326751709,0.0028030932880938053,-0.0008475003996863961,0.007987107150256634,0.2109593152999878,1.2723604440689087,0.050500284880399704,0.02672101929783821,0.007852367125451565,3.2483947052242e-06,0.0002125517639797181,3.710850477218628,10.0,0.0,0.0,0.0,0.0,0.0,0.277,32.766,0.281,0.342,2.836,2018.5972900390625,809.9556274414062,31.567522048950195,,False,
1783703845.8682857,2026-07-10T10:17:25,277473,20260710_101720,,,,,,ground_idle,,,,,,,,,False,0.025272564962506294,0.004528712946921587,0.9988557696342468,0.15061326324939728,-0.027705715969204903,-0.12450432777404785,0.0,0.0,62.0,27.0,0.027,0.0036287358961999416,-0.0028198035433888435,0.02680051326751709,0.0028030932880938053,-0.0008475003996863961,0.007987107150256634,0.2109593152999878,1.2723604440689087,0.050500284880399704,0.02672101929783821,0.007852367125451565,3.2483947052242e-06,0.0002125517639797181,3.710850477218628,10.0,0.0,0.0,0.0,0.0,0.0,0.277,32.766,0.281,0.342,2.836,2018.5972900390625,809.9556274414062,31.567522048950195,,False,
1783703845.8784528,2026-07-10T10:17:25,277487,20260710_101720,,,,,,ground_idle,,,,,,,,,False,0.025282323360443115,0.002849352778866887,0.9997006058692932,0.04397362843155861,-0.22024480998516083,-0.1465027928352356,0.0,0.0,74.0,27.0,0.027,0.0036887763999402523,-0.002835499122738838,0.026959886774420738,0.0032594287768006325,-0.0007363387267105281,0.007913629524409771,0.21289965510368347,1.2724039554595947,0.04966935142874718,0.02672101929783821,0.007852367125451565,3.2483947052242e-06,0.0002125517639797181,3.710850477218628,10.0,0.0,0.0,0.0,0.0,0.0,0.277,32.766,0.281,0.342,2.836,2018.5972900390625,809.9556274414062,31.567522048950195,,False,
1783703845.8886535,2026-07-10T10:17:25,277499,20260710_101720,,,,,,ground_idle,,,,,,,,,False,0.021991919726133347,0.004605485126376152,0.9997679591178894,0.046584803611040115,-0.11644682288169861,0.019640076905488968,0.0,0.0,54.0,24.0,0.024,0.0036887763999402523,-0.002835499122738838,0.026959886774420738,0.0032594287768006325,-0.0007363387267105281,0.007913629524409771,0.21289965510368347,1.2724039554595947,0.04966935142874718,0.02567632682621479,0.00022996305779088289,3.145979235341656e-06,0.00020994451188016683,3.710850477218628,10.0,0.0,0.0,0.0,0.0,0.0,0.277,32.766,0.281,0.342,2.836,2018.5972900390625,809.9556274414062,31.567522048950195,,False,
1783703845.8988376,2026-07-10T10:17:25,277507,20260710_101720,,,,,,ground_idle,,,,,,,,,False,0.024047836661338806,0.004078826401382685,0.999525785446167,0.11761364340782166,-0.0951339527964592,0.07873504608869553,0.0,0.0,57.0,24.0,0.024,0.003787013003602624,-0.002844789531081915,0.02567632682621479,0.0036474112421274185,-0.0006987365777604282,0.0003085189964622259,0.21293029189109802,1.2740734815597534,0.048945602029561996,0.02567632682621479,0.00022996305779088289,3.145979235341656e-06,0.00020994451188016683,3.710850477218628,10.0,0.0,0.0,0.0,0.0,0.0,32.766,32.766,0.28,32.766,2.841,2018.5972900390625,809.9556274414062,31.567522048950195,,False,
1783703845.909023,2026-07-10T10:17:25,277513,20260710_101720,,,,,,ground_idle,,,,,,,,,False,0.024949626997113228,0.005188079085201025,1.0004291534423828,-0.06295415759086609,-0.0019182311370968819,0.04919571056962013,0.0,0.0,65.0,24.0,0.024,0.003787013003602624,-0.002844789531081915,0.02567632682621479,0.0036474112421274185,-0.0006987365777604282,0.0003085189964622259,0.21293029189109802,1.2740734815597534,0.048945602029561996,0.02567632682621479,0.00022996305779088289,3.145979235341656e-06,0.00020994451188016683,3.710850477218628,10.0,0.0,0.0,0.0,0.0,0.0,32.766,32.766,0.28,32.766,2.841,2018.5972900390625,809.9556274414062,31.567522048950195,,False,
1783703845.9192767,2026-07-10T10:17:25,277531,20260710_101720,,,,,,ground_idle,,,,,,,,,False,0.02299593575298786,0.004205703269690275,1.0000951290130615,0.23344236612319946,-0.04739850014448166,0.16806916892528534,0.0,0.0,65.0,24.0,0.024,0.0038643255829811096,-0.0028573868330568075,0.025683315470814705,0.004103995393961668,-0.0005131559446454048,0.00043558533070608974,0.21225951611995697,1.2726432085037231,0.048879027366638184,0.02567632682621479,0.00022996305779088289,3.145979235341656e-06,0.00020994451188016683,3.710850477218628,10.0,0.0,0.0,0.0,0.0,0.0,32.766,32.766,0.28,32.766,2.841,2018.5972900390625,809.9556274414062,31.567522048950195,,False,
1783703845.9294953,2026-07-10T10:17:25,277541,20260710_101720,,,,,,ground_idle,,,,,,,,,False,0.023896031081676483,0.00413935724645853,1.0006179809570312,-0.026800455525517464,-0.06943660229444504,-0.03634095564484596,0.0,0.0,67.0,24.0,0.024,0.0038643255829811096,-0.0028573868330568075,0.025683315470814705,0.004103995393961668,-0.0005131559446454048,0.00043558533070608974,0.21225951611995697,1.2726432085037231,0.048879027366638184,0.02567632682621479,0.00022996305779088289,3.145979235341656e-06,0.00020994451188016683,3.710850477218628,10.0,0.0,0.0,0.0,0.0,0.0,32.766,32.766,0.28,32.766,2.841,2018.5972900390625,809.9556274414062,31.567522048950195,,False,
1783703845.9396594,2026-07-10T10:17:25,277549,20260710_101720,,,,,,ground_idle,,,,,,,,,False,0.023896031081676483,0.00413935724645853,1.0006179809570312,-0.026800455525517464,-0.06943660229444504,-0.03634095564484596,0.0,0.0,51.0,24.0,0.024,0.003963849972933531,-0.002864009700715542,0.024956561625003815,0.004391393158584833,-0.0004116034251637757,-0.0033028642646968365,0.21348728239536285,1.2715173959732056,0.04792046546936035,0.024923956021666527,-0.0033166806679219007,3.254515604567132e-06,0.0002223741466877982,3.710850477218628,10.0,0.0,0.0,0.0,0.0,0.0,32.766,32.766,0.28,32.766,2.841,2018.5972900390625,809.9556274414062,31.567522048950195,,False,
1783703845.9498208,2026-07-10T10:17:25,277561,20260710_101720,,,,,,ground_idle,,,,,,,,,False,0.02384193241596222,0.0041381483897566795,0.9999061822891235,0.18448284268379211,0.2177431881427765,0.03532992675900459,0.0,0.0,51.0,24.0,0.024,0.003963849972933531,-0.002864009700715542,0.024956561625003815,0.004391393158584833,-0.0004116034251637757,-0.0033028642646968365,0.21348728239536285,1.2715173959732056,0.04792046546936035,0.024923956021666527,-0.0033166806679219007,3.254515604567132e-06,0.0002223741466877982,3.710850477218628,10.0,0.0,0.0,0.0,0.0,0.0,32.766,32.766,0.28,32.766,2.841,2018.5482177734375,809.9600830078125,31.5747127532959,,False,
1783703845.9599755,2026-07-10T10:17:25,277571,20260710_101720,,,,,,ground_idle,,,,,,,,,False,0.022023305296897888,0.0022650628816336393,1.000404715538025,0.026201793923974037,-0.32302552461624146,0.22666318714618683,0.0,0.0,65.0,24.0,0.024,0.004054832272231579,-0.0028708046302199364,0.024892007932066917,0.004700260236859322,-0.00020829483401030302,-0.003171198768541217,0.21531201899051666,1.2685699462890625,0.04615739360451698,0.024923956021666527,-0.0033166806679219007,3.254515604567132e-06,0.0002223741466877982,3.710850477218628,10.0,0.0,0.0,0.0,0.0,0.0,32.766,32.766,0.28,32.766,2.841,2018.5482177734375,809.9600830078125,31.5747127532959,,False,
1783703845.9701812,2026-07-10T10:17:25,277581,20260710_101720,,,,,,ground_idle,,,,,,,,,False,0.022839313372969627,0.0008036675862967968,1.0012249946594238,-0.01416139304637909,-0.05680863931775093,-0.03977927938103676,0.0,0.0,64.0,24.0,0.024,0.004054832272231579,-0.0028708046302199364,0.024892007932066917,0.004700260236859322,-0.00020829483401030302,-0.003171198768541217,0.21531201899051666,1.2685699462890625,0.04615739360451698,0.024923956021666527,-0.0033166806679219007,3.254515604567132e-06,0.0002223741466877982,3.710850477218628,10.0,0.0,0.0,0.0,0.0,0.0,32.766,32.766,0.28,32.766,2.841,2018.5482177734375,809.9600830078125,31.5747127532959,,False,
1783703845.9803808,2026-07-10T10:17:25,277591,20260710_101720,,,,,,ground_idle,,,,,,,,,False,0.022639552131295204,0.0038302764296531677,0.9985671043395996,0.40870243310928345,0.35184311866760254,0.052009619772434235,0.0,-1.0,75.0,24.0,0.024,0.004622688516974449,-0.0028719892725348473,0.024828536435961723,0.006928318180143833,-0.00036228407407179475,-0.0030783615075051785,0.21609625220298767,1.2509008646011353,0.04639096558094025,0.024923956021666527,-0.0033166806679219007,3.254515604567132e-06,0.0002223741466877982,3.710850477218628,10.0,0.0,0.0,0.0,0.0,0.0,32.766,32.766,0.28,32.766,2.841,2018.5482177734375,809.9600830078125,31.5747127532959,,False,
1783703845.990534,2026-07-10T10:17:25,277601,20260710_101720,,,,,,ground_idle,,,,,,,,,False,0.025463052093982697,0.002892173593863845,0.9985912442207336,0.12333663552999496,0.004625711124390364,0.3513413965702057,0.0,2.0,56.0,23.0,0.023,0.004622688516974449,-0.0028719892725348473,0.024828536435961723,0.006928318180143833,-0.00036228407407179475,-0.0030783615075051785,0.21609625220298767,1.2509008646011353,0.04639096558094025,0.023912472650408745,-0.007729466538876295,3.1676149774284568e-06,0.0002183220931328833,3.710850477218628,10.0,0.0,0.0,0.0,0.0,0.0,0.28,32.766,0.281,32.766,32.766,2018.5482177734375,809.9600830078125,31.5747127532959,,False,
1783703846.0006943,2026-07-10T10:17:26,277611,20260710_101720,,,,,,ground_idle,,,,,,,,,False,0.02628687210381031,0.004940497223287821,0.9996342062950134,0.17174722254276276,0.1274469643831253,-0.0833439752459526,0.0,-2.0,61.0,23.0,0.023,0.004428689368069172,-0.0028597938362509012,0.023913802579045296,0.005827327724546194,-0.0004691931826528162,-0.0076879700645804405,0.2175019234418869,1.2555450201034546,0.04538517817854881,0.023912472650408745,-0.007729466538876295,3.1676149774284568e-06,0.0002183220931328833,3.710850477218628,10.0,0.0,0.0,0.0,0.0,0.0,0.28,32.766,0.281,32.766,32.766,2018.5482177734375,809.9600830078125,31.5747127532959,,False,
1783703846.0108497,2026-07-10T10:17:26,277621,20260710_101720,,,,,,ground_idle,,,,,,,,,False,0.025576625019311905,0.0034907441586256027,0.9995318651199341,-0.11161205917596817,-0.408525288105011,0.07274957001209259,0.0,1.0,72.0,23.0,0.023,0.004428689368069172,-0.0028597938362509012,0.023913802579045296,0.005827327724546194,-0.0004691931826528162,-0.0076879700645804405,0.2175019234418869,1.2555450201034546,0.04538517817854881,0.023912472650408745,-0.007729466538876295,3.1676149774284568e-06,0.0002183220931328833,3.710850477218628,10.0,0.0,0.0,0.0,0.0,0.0,0.28,32.766,0.281,32.766,32.766,2018.5482177734375,809.9600830078125,31.5747127532959,,False,
1783703846.0210102,2026-07-10T10:17:26,277631,20260710_101720,,,,,,ground_idle,,,,,,,,,False,0.024010414257645607,0.004794043023139238,0.9991315603256226,-0.1420595645904541,0.030825048685073853,0.09568463265895844,0.0,0.0,67.0,23.0,0.023,0.003877532435581088,-0.00286347814835608,0.02375994622707367,0.0037404694594442844,-0.00045620783930644393,-0.0077922167256474495,0.21769192814826965,1.2742987871170044,0.047068431973457336,0.023912472650408745,-0.007729466538876295,3.1676149774284568e-06,0.0002183220931328833,3.710850477218628,10.0,0.0,0.0,0.0,0.0,0.0,0.28,32.766,0.281,32.766,32.766,2018.5482177734375,809.9600830078125,31.5747127532959,,False,
1783703846.0315654,2026-07-10T10:17:26,277643,20260710_101720,,,,,,arming,,,,,,,,,False,0.022115854546427727,0.0028222352266311646,0.9985592365264893,-0.07121603935956955,0.023481113836169243,0.06996824592351913,0.0,-1.0,61.0,26.0,0.026,0.003877532435581088,-0.00286347814835608,0.02375994622707367,0.0037404694594442844,-0.00045620783930644393,-0.0077922167256474495,0.21769192814826965,1.2742987871170044,0.047068431973457336,0.023912472650408745,-0.007729466538876295,3.1676149774284568e-06,0.0002183220931328833,3.710850477218628,10.0,0.0,0.0,0.0,0.0,0.0,0.28,32.766,0.281,32.766,32.766,2018.5482177734375,809.9600830078125,31.5747127532959,,False,
1783703846.0417297,2026-07-10T10:17:26,277649,20260710_101720,,,,,,arming,,,,,,,,,False,0.022115854546427727,0.0028222352266311646,0.9985592365264893,-0.07121603935956955,0.023481113836169243,0.06996824592351913,0.0,-1.0,61.0,26.0,0.026,0.003781076753512025,-0.0028501481283456087,0.024624967947602272,0.0034557953476905823,-0.0003276387869846076,-0.00234415614977479,0.21626204252243042,1.278151035308838,0.04756370559334755,0.024601172655820847,-0.002489586593583226,3.28819237438438e-06,0.00022784864995628595,3.710850477218628,10.0,0.0,0.0,0.0,0.0,0.0,0.28,32.766,0.281,32.766,32.766,2018.5482177734375,809.9600830078125,31.5747127532959,,False,
1783703846.05191,2026-07-10T10:17:26,277663,20260710_101720,,,,,,arming,,,,,,,,,False,0.023026106879115105,0.004183642100542784,1.0007030963897705,-0.249247744679451,-0.04193590208888054,0.07395220547914505,1.0,-3.0,66.0,26.0,0.026,0.003781076753512025,-0.0028501481283456087,0.024624967947602272,0.0034557953476905823,-0.0003276387869846076,-0.00234415614977479,0.21626204252243042,1.278151035308838,0.04756370559334755,0.024601172655820847,-0.002489586593583226,3.28819237438438e-06,0.00022784864995628595,3.710850477218628,10.0,0.0,0.0,0.0,0.0,0.0,0.28,32.766,0.281,32.766,32.766,2018.7122802734375,809.945068359375,31.576580047607422,,False,
1783703846.0620885,2026-07-10T10:17:26,277671,20260710_101720,,,,,,arming,,,,,,,,,False,0.023563159629702568,0.00407452741637826,1.0017739534378052,-0.07823650538921356,0.1875181496143341,0.1657721996307373,1.0,-3.0,66.0,26.0,0.026,0.005417474079877138,-0.0032583014108240604,0.024574078619480133,0.010376039892435074,-0.0022571375593543053,-0.0024116202257573605,0.23072895407676697,1.2242863178253174,0.04940415546298027,0.024601172655820847,-0.002489586593583226,3.28819237438438e-06,0.00022784864995628595,3.710850477218628,10.0,0.0,0.0,0.0,0.0,0.0,0.28,32.766,0.281,32.766,32.766,2018.7122802734375,809.945068359375,31.576580047607422,,False,
1783703846.0723212,2026-07-10T10:17:26,277683,20260710_101720,,,,,,arming,,,,,,,,,False,0.025015002116560936,0.0025428736116737127,1.000144600868225,0.1238127052783966,0.18557681143283844,0.23147815465927124,-1.0,0.0,74.0,26.0,0.026,0.005417474079877138,-0.0032583014108240604,0.024574078619480133,0.010376039892435074,-0.0022571375593543053,-0.0024116202257573605,0.23072895407676697,1.2242863178253174,0.04940415546298027,0.024601172655820847,-0.002489586593583226,3.28819237438438e-06,0.00022784864995628595,3.710850477218628,10.0,0.0,0.0,0.0,0.0,0.0,0.28,32.766,0.281,32.766,32.766,2018.7122802734375,809.945068359375,31.576580047607422,,False,
1783703846.0825028,2026-07-10T10:17:26,277693,20260710_101720,,,,,,arming,,,,,,,,,False,0.022362690418958664,0.003376881591975689,0.9994044303894043,0.2798536717891693,0.14441844820976257,0.019290534779429436,0.0,-1.0,55.0,24.0,0.024,0.0033115262631326914,-0.0028430901002138853,0.024552222341299057,0.00057867297437042,-0.00019187886209692806,-0.002036379650235176,0.21494543552398682,1.2941341400146484,0.050034552812576294,0.024601172655820847,-0.002489586593583226,3.28819237438438e-06,0.00022784864995628595,3.710850477218628,10.0,0.0,0.0,0.0,0.0,0.0,0.28,32.766,0.281,32.766,32.766,2018.7122802734375,809.945068359375,31.576580047607422,,False,
1783703846.0926785,2026-07-10T10:17:26,277703,20260710_101720,,,,,,arming,,,,,,,,,False,0.024317258968949318,0.004132263362407684,0.9993948936462402,-0.15429826080799103,-0.22833189368247986,-0.0846068412065506,0.0,-1.0,72.0,24.0,0.024,0.0033115262631326914,-0.0028430901002138853,0.024552222341299057,0.00057867297437042,-0.00019187886209692806,-0.002036379650235176,0.21494543552398682,1.2941341400146484,0.050034552812576294,0.024256767705082893,-0.0034515918232500553,3.1957656574377324e-06,0.0002209659432992339,3.7161290645599365,10.0,0.0,0.0,0.0,0.0,0.0,32.766,0.321,0.277,0.337,2.86,2018.7122802734375,809.945068359375,31.576580047607422,,False,
1783703846.1028495,2026-07-10T10:17:26,277713,20260710_101720,,,,,,arming,,,,,,,,,False,0.02426520362496376,0.004556587897241116,0.9997984766960144,-0.010425960645079613,0.28097137808799744,0.011612636037170887,0.0,0.0,72.0,24.0,0.024,0.0040769497863948345,-0.002842225367203355,0.024256939068436623,0.0040404703468084335,-0.00025097542675212026,-0.0033918998669832945,0.2166568636894226,1.2666465044021606,0.0508168563246727,0.024256767705082893,-0.0034515918232500553,3.1957656574377324e-06,0.0002209659432992339,3.7161290645599365,10.0,0.0,0.0,0.0,0.0,0.0,32.766,0.321,0.277,0.337,2.86,2018.7122802734375,809.945068359375,31.576580047607422,,False,
1783703846.1130369,2026-07-10T10:17:26,277723,20260710_101720,,,,,,arming,,,,,,,,,False,0.025088390335440636,0.004487630911171436,0.9997047781944275,-0.09104882180690765,-0.2162301391363144,0.10266387462615967,0.0,0.0,63.0,24.0,0.024,0.0040769497863948345,-0.002842225367203355,0.024256939068436623,0.0040404703468084335,-0.00025097542675212026,-0.0033918998669832945,0.2166568636894226,1.2666465044021606,0.0508168563246727,0.024256767705082893,-0.0034515918232500553,3.1957656574377324e-06,0.0002209659432992339,3.7161290645599365,10.0,0.0,0.0,0.0,0.0,0.0,32.766,0.321,0.277,0.337,2.86,2018.7122802734375,809.945068359375,31.576580047607422,,False,
1783703846.1232271,2026-07-10T10:17:26,277733,20260710_101720,,,,,,arming,,,,,,,,,False,0.02333979867398739,0.005450872704386711,0.9983806014060974,0.08285759389400482,0.0340404137969017,0.30232295393943787,0.0,1.0,61.0,24.0,0.024,0.004161452408879995,-0.002846178598701954,0.02418854646384716,0.004455064423382282,-0.0001217589306179434,-0.003449327079579234,0.21540184319019318,1.2655766010284424,0.049474962055683136,0.024256767705082893,-0.0034515918232500553,3.1957656574377324e-06,0.0002209659432992339,3.7161290645599365,10.0,0.0,0.0,0.0,0.0,0.0,32.766,0.321,0.277,0.337,2.86,2018.7122802734375,809.945068359375,31.576580047607422,,False,
1783703846.133423,2026-07-10T10:17:26,277743,20260710_101720,,,,,,arming,,,,,,,,,False,0.02469029277563095,0.003290467197075486,0.9972085952758789,0.09451917558908463,0.26026803255081177,-0.13246053457260132,0.0,-1.0,63.0,27.0,0.027,0.004161452408879995,-0.002846178598701954,0.02418854646384716,0.004455064423382282,-0.0001217589306179434,-0.003449327079579234,0.21540184319019318,1.2655766010284424,0.049474962055683136,0.024256767705082893,-0.0034515918232500553,3.1957656574377324e-06,0.0002209659432992339,3.7161290645599365,10.0,0.0,0.0,0.0,0.0,0.0,32.766,0.321,0.277,0.337,2.86,2018.7122802734375,809.945068359375,31.576580047607422,,False,
1783703846.14359,2026-07-10T10:17:26,277753,20260710_101720,,,,,,arming,,,,,,,,,False,0.02386159636080265,1.6694189980626106e-05,1.0000381469726562,0.06450311094522476,0.0991135686635971,0.031830620020627975,-1.0,2.0,75.0,27.0,0.027,0.004077603109180927,-0.0028583183884620667,0.025380240753293037,0.004140160512179136,2.978054544655606e-05,0.0032054998446255922,0.21613989770412445,1.2687125205993652,0.050977807492017746,0.025411294773221016,0.002908067312091589,3.310262854938628e-06,0.00022908627579454333,3.710850477218628,10.0,0.0,0.0,0.0,0.0,0.0,32.766,0.321,0.277,0.337,2.86,2018.6849365234375,809.9476928710938,31.584081649780273,,False,
1783703846.1537492,2026-07-10T10:17:26,277763,20260710_101720,,,,,,arming,,,,,,,,,False,0.023947671055793762,0.0025311820209026337,0.9989578127861023,0.045417942106723785,0.029952535405755043,7.07768413121812e-05,0.0,-2.0,75.0,27.0,0.027,0.004077603109180927,-0.0028583183884620667,0.025380240753293037,0.004140160512179136,2.978054544655606e-05,0.0032054998446255922,0.21613989770412445,1.2687125205993652,0.050977807492017746,0.025411294773221016,0.002908067312091589,3.310262854938628e-06,0.00022908627579454333,3.710850477218628,10.0,0.0,0.0,0.0,0.0,0.0,32.766,0.321,0.277,0.337,2.86,2018.6849365234375,809.9476928710938,31.584081649780273,,False,
1783703846.1639116,2026-07-10T10:17:26,277773,20260710_101720,,,,,,arming,,,,,,,,,False,0.023624420166015625,0.0044846669770777225,1.0004911422729492,0.07177295535802841,0.06950824707746506,-0.08461418747901917,0.0,-256.0,61.0,27.0,0.027,0.004015308804810047,-0.002507760189473629,0.02544436976313591,0.0040547470562160015,0.0011193903628736734,0.0030412119813263416,0.20510588586330414,1.2671152353286743,0.04988548159599304,0.025411294773221016,0.002908067312091589,3.310262854938628e-06,0.00022908627579454333,3.710850477218628,10.0,0.0,0.0,0.0,0.0,0.0,32.766,0.321,0.277,0.337,2.86,2018.6849365234375,809.9476928710938,31.584081649780273,,False,
1783703846.174067,2026-07-10T10:17:26,277783,20260710_101720,,,,,,arming,,,,,,,,,False,0.02446913905441761,0.0029623769223690033,1.0007878541946411,-0.1508057564496994,0.07611865550279617,-0.08219126611948013,0.0,1.0,73.0,27.0,0.027,0.004015308804810047,-0.002507760189473629,0.02544436976313591,0.0040547470562160015,0.0011193903628736734,0.0030412119813263416,0.20510588586330414,1.2671152353286743,0.04988548159599304,0.025411294773221016,0.002908067312091589,3.310262854938628e-06,0.00022908627579454333,3.710850477218628,10.0,0.0,0.0,0.0,0.0,0.0,32.766,0.321,0.277,0.337,2.86,2018.6849365234375,809.9476928710938,31.584081649780273,,False,
1783703846.1842396,2026-07-10T10:17:26,277793,20260710_101720,,,,,,arming,,,,,,,,,False,0.022813836112618446,0.005641704425215721,1.0010098218917847,0.06635899096727371,0.24681337177753448,0.20686443150043488,0.0,0.0,55.0,27.0,0.027,0.003664318472146988,-0.0024999710731208324,0.025505946949124336,0.0023752201814204454,0.0010331931989639997,0.003057798370718956,0.2062498927116394,1.2782902717590332,0.050087954849004745,0.025411294773221016,0.002908067312091589,3.310262854938628e-06,0.00022908627579454333,3.710850477218628,10.0,0.0,0.0,0.0,0.0,0.0,32.766,0.321,0.277,0.337,2.86,2018.6849365234375,809.9476928710938,31.584081649780273,,False,
1783703846.194399,2026-07-10T10:17:26,277806,20260710_101720,,,,,,arming,,,,,,,,,False,0.021623603999614716,0.002528003416955471,0.9999388456344604,0.18030469119548798,-0.2097117006778717,0.21654604375362396,0.0,0.0,66.0,27.0,0.027,0.0037014938425272703,-0.002481551142409444,0.026275893673300743,0.00250362791121006,0.0011399007635191083,0.007066262420266867,0.2062498927116394,1.2782902717590332,0.050087954849004745,0.026275893673300743,0.007004693616181612,3.20818139698531e-06,0.00022134918253868818,3.710850477218628,10.0,0.0,0.0,0.0,0.0,0.0,32.766,0.314,0.279,0.339,2.841,2018.6849365234375,809.9476928710938,31.584081649780273,,False,
1783703846.204558,2026-07-10T10:17:26,277813,20260710_101720,,,,,,arming,,,,,,,,,False,0.02252483367919922,0.004185942932963371,0.9991743564605713,0.03456874191761017,0.03000262938439846,0.14018602669239044,0.0,0.0,75.0,27.0,0.027,0.0037014938425272703,-0.002481551142409444,0.026275893673300743,0.00250362791121006,0.0011399007635191083,0.007066262420266867,0.20434093475341797,1.2750102281570435,0.05120569467544556,0.026275893673300743,0.007004693616181612,3.20818139698531e-06,0.00022134918253868818,3.710850477218628,10.0,0.0,0.0,0.0,0.0,0.0,32.766,0.314,0.279,0.339,2.841,2018.6849365234375,809.9476928710938,31.584081649780273,,False,
1783703846.2147553,2026-07-10T10:17:26,277823,20260710_101720,,,,,,arming,,,,,,,,,False,0.024647334590554237,0.003568155225366354,0.9997937083244324,-0.05141661688685417,-0.21098683774471283,-0.008152353577315807,0.0,0.0,60.0,27.0,0.027,0.0037014938425272703,-0.002481551142409444,0.026275893673300743,0.00250362791121006,0.0011399007635191083,0.007066262420266867,0.20434093475341797,1.2750102281570435,0.05120569467544556,0.026275893673300743,0.007004693616181612,3.20818139698531e-06,0.00022134918253868818,3.710850477218628,10.0,0.0,0.0,0.0,0.0,0.0,32.766,0.314,0.279,0.339,2.841,2018.6849365234375,809.9476928710938,31.584081649780273,,False,
1783703846.2249336,2026-07-10T10:17:26,277833,20260710_101720,,,,,,arming,,,,,,,,,False,0.025897039100527763,0.004050921648740768,0.9990454316139221,-0.06872658431529999,-0.17705999314785004,0.03516681119799614,0.0,-1.0,58.0,27.0,0.027,0.003751568030565977,-0.0024595188442617655,0.02641727402806282,0.0025093555450439453,0.0011360114440321922,0.007039268035441637,0.20541329681873322,1.275496006011963,0.0538519024848938,0.026275893673300743,0.007004693616181612,3.20818139698531e-06,0.00022134918253868818,3.710850477218628,10.0,0.0,0.0,0.0,0.0,0.0,32.766,0.314,0.279,0.339,2.841,2018.6849365234375,809.9476928710938,31.584081649780273,,False,
1783703846.2352116,2026-07-10T10:17:26,277846,20260710_101720,,,,,,arming,,,,,,,,,False,0.0225690845400095,0.004316149745136499,1.0002937316894531,0.03477049618959427,-0.12144792079925537,0.0037130028940737247,0.0,0.0,65.0,25.0,0.025,0.004180584102869034,-0.002453484106808901,0.025897128507494926,0.004752741195261478,0.0010673115029931068,0.0034149661660194397,0.20541329681873322,1.275496006011963,0.0538519024848938,0.026275893673300743,0.007004693616181612,3.20818139698531e-06,0.00022134918253868818,3.710850477218628,10.0,0.0,0.0,0.0,0.0,0.0,32.766,0.314,0.279,0.339,2.841,2018.6849365234375,809.9476928710938,31.584081649780273,,False,
1783703846.2453952,2026-07-10T10:17:26,277853,20260710_101720,,,,,,arming,,,,,,,,,False,0.02293984219431877,0.004697943106293678,0.9983864426612854,0.1298362761735916,-0.38531458377838135,-0.009229238145053387,0.0,0.0,65.0,25.0,0.025,0.004180584102869034,-0.002453484106808901,0.025897128507494926,0.004752741195261478,0.0010673115029931068,0.0034149661660194397,0.20504893362522125,1.2645121812820435,0.05431744083762169,0.02593114785850048,0.00327879935503006,3.3169033031299477e-06,0.0002291914279339835,3.7161290645599365,10.0,0.0,0.0,0.0,0.0,0.0,32.766,0.314,0.279,0.339,2.841,2018.734130859375,809.9434814453125,31.58860206604004,,False,
1783703846.255562,2026-07-10T10:17:26,277867,20260710_101720,,,,,,arming,,,,,,,,,False,0.026074528694152832,0.003958649933338165,0.9995912909507751,0.015005947090685368,-0.1311517059803009,0.1708337366580963,0.0,2.0,62.0,25.0,0.025,0.0033241785131394863,-0.0024673587176948786,0.025966718792915344,0.0004924570675939322,0.0010182386031374335,0.003263677004724741,0.20695149898529053,1.3001794815063477,0.05380392074584961,0.02593114785850048,0.00327879935503006,3.3169033031299477e-06,0.0002291914279339835,3.7161290645599365,10.0,0.0,0.0,0.0,0.0,0.0,32.766,0.314,0.279,0.339,2.841,2018.734130859375,809.9434814453125,31.58860206604004,,False,
1783703846.2657638,2026-07-10T10:17:26,277873,20260710_101720,,,,,,arming,,,,,,,,,False,0.025544334203004837,0.002539599547162652,0.9992678165435791,-0.039237771183252335,0.3814527094364166,0.2257510870695114,0.0,254.0,62.0,25.0,0.025,0.0033241785131394863,-0.0024673587176948786,0.025966718792915344,0.0004924570675939322,0.0010182386031374335,0.003263677004724741,0.20695149898529053,1.3001794815063477,0.05380392074584961,0.02593114785850048,0.00327879935503006,3.3169033031299477e-06,0.0002291914279339835,3.7161290645599365,10.0,0.0,0.0,0.0,0.0,0.0,32.766,0.314,0.279,0.339,2.841,2018.734130859375,809.9434814453125,31.58860206604004,,False,
1783703846.27592,2026-07-10T10:17:26,277887,20260710_101720,,,,,,arming,,,,,,,,,False,0.02231869474053383,0.0031430923845618963,0.999803900718689,0.27112123370170593,0.07193909585475922,0.020326707512140274,0.0,-256.0,73.0,25.0,0.025,0.004184718243777752,-0.002464578254148364,0.02603338100016117,0.004862755071371794,0.0008612845558673143,0.003228760790079832,0.20779107511043549,1.266566276550293,0.05574362725019455,0.02593114785850048,0.00327879935503006,3.3169033031299477e-06,0.0002291914279339835,3.7161290645599365,10.0,0.0,0.0,0.0,0.0,0.0,32.766,0.314,0.279,0.339,2.841,2018.734130859375,809.9434814453125,31.58860206604004,,False,
1783703846.2860901,2026-07-10T10:17:26,277893,20260710_101720,,,,,,arming,,,,,,,,,False,0.025282595306634903,0.0023333251010626554,0.9990587830543518,-0.049740981310606,0.19869226217269897,-0.007588068023324013,0.0,0.0,58.0,23.0,0.023,0.004184718243777752,-0.002464578254148364,0.02603338100016117,0.004862755071371794,0.0008612845558673143,0.003228760790079832,0.20779107511043549,1.266566276550293,0.05574362725019455,0.02593114785850048,0.00327879935503006,3.3169033031299477e-06,0.0002291914279339835,3.7161290645599365,10.0,0.0,0.0,0.0,0.0,0.0,32.766,0.314,0.279,0.339,2.841,2018.734130859375,809.9434814453125,31.58860206604004,,False,
1783703846.2963367,2026-07-10T10:17:26,277907,20260710_101720,,,,,,arming,,,,,,,,,False,0.02344183810055256,0.0044557624496519566,0.9999641180038452,0.17965756356716156,0.10945916175842285,-0.04447886347770691,0.0,0.0,63.0,23.0,0.023,0.0043130191043019295,-0.002444424433633685,0.024615611881017685,0.005330687388777733,0.0007071770960465074,-0.004784047603607178,0.2090735137462616,1.264241337776184,0.056400738656520844,0.024615611881017685,-0.004903050139546394,3.2108148388942936e-06,0.00022136629559099674,3.710850477218628,10.0,0.0,0.0,0.0,0.0,0.0,32.766,32.766,0.28300000000000003,0.339,2.846,2018.734130859375,809.9434814453125,31.58860206604004,,False,
1783703846.3064969,2026-07-10T10:17:26,277913,20260710_101720,,,,,,arming,,,,,,,,,False,0.02493695355951786,0.00400065490975976,1.0003492832183838,0.24333591759204865,0.011001190170645714,0.17485952377319336,0.0,0.0,75.0,23.0,0.023,0.0043130191043019295,-0.002444424433633685,0.024615611881017685,0.005330687388777733,0.0007071770960465074,-0.004784047603607178,0.2090735137462616,1.264241337776184,0.056400738656520844,0.024615611881017685,-0.004903050139546394,3.2108148388942936e-06,0.00022136629559099674,3.710850477218628,10.0,0.0,0.0,0.0,0.0,0.0,32.766,32.766,0.28300000000000003,0.339,2.846,2018.734130859375,809.9434814453125,31.58860206604004,,False,
1783703846.3166547,2026-07-10T10:17:26,277927,20260710_101720,,,,,,arming,,,,,,,,,False,0.024165097624063492,0.00493916729465127,1.0013514757156372,-0.12120479345321655,-0.015122267417609692,0.205932155251503,0.0,1.0,64.0,23.0,0.023,0.003838730277493596,-0.002436249516904354,0.02452259510755539,0.0030565140768885612,0.0008199370349757373,-0.004680779296904802,0.2118884176015854,1.282241940498352,0.056838154792785645,0.024615611881017685,-0.004903050139546394,3.2108148388942936e-06,0.00022136629559099674,3.710850477218628,10.0,0.0,0.0,0.0,0.0,0.0,32.766,32.766,0.28300000000000003,0.339,2.846,2018.734130859375,809.9434814453125,31.58860206604004,,False,
1783703846.3268423,2026-07-10T10:17:26,277933,20260710_101720,,,,,,arming,,,,,,,,,False,0.02221556566655636,0.004060032777488232,1.001154899597168,0.04818229377269745,-0.07943631708621979,0.11734482645988464,0.0,-1.0,56.0,23.0,0.023,0.003838730277493596,-0.002436249516904354,0.02452259510755539,0.0030565140768885612,0.0008199370349757373,-0.004680779296904802,0.2118884176015854,1.282241940498352,0.056838154792785645,0.024615611881017685,-0.004903050139546394,3.2108148388942936e-06,0.00022136629559099674,3.710850477218628,10.0,0.0,0.0,0.0,0.0,0.0,32.766,32.766,0.28300000000000003,0.339,2.846,2018.734130859375,809.9434814453125,31.58860206604004,,False,
1783703846.337022,2026-07-10T10:17:26,277948,20260710_101720,,,,,,arming,,,,,,,,,False,0.022293977439403534,0.0016598571091890335,1.001443862915039,0.07331385463476181,-0.18486979603767395,0.1804770827293396,0.0,0.0,59.0,27.0,0.027,0.004271901678293943,-0.0024367955047637224,0.025552956387400627,0.004793127533048391,0.0008470308966934681,0.0017034574411809444,0.21025431156158447,1.2665621042251587,0.05900876969099045,0.025570722296833992,0.0017401252407580614,3.317783694001264e-06,0.00022919854382053018,3.710850477218628,10.0,0.0,0.0,0.0,0.0,0.0,32.766,32.766,0.28300000000000003,0.339,2.846,2018.734130859375,809.9434814453125,31.58860206604004,,False,
1783703846.3472338,2026-07-10T10:17:26,277953,20260710_101720,,,,,,arming,,,,,,,,,False,0.024158427491784096,0.0038470085710287094,1.0003598928451538,0.5359072685241699,0.15490926802158356,0.0358576737344265,0.0,1.0,59.0,27.0,0.027,0.004271901678293943,-0.0024367955047637224,0.025552956387400627,0.004793127533048391,0.0008470308966934681,0.0017034574411809444,0.21025431156158447,1.2665621042251587,0.05900876969099045,0.025570722296833992,0.0017401252407580614,3.317783694001264e-06,0.00022919854382053018,3.7161290645599365,10.0,0.0,0.0,0.0,0.0,0.0,32.766,32.766,0.28300000000000003,0.339,2.846,2018.6083984375,809.95458984375,31.59824562072754,,False,
1783703846.3574073,2026-07-10T10:17:26,277967,20260710_101720,,,,,,arming,,,,,,,,,False,0.024047063663601875,0.004799290094524622,0.9997923970222473,-0.03908029571175575,-0.17990799248218536,0.04794972762465477,0.0,-1.0,71.0,27.0,0.027,0.004172737244516611,-0.002457267604768276,0.025590604171156883,0.004227174911648035,0.0005424582632258534,0.001915761618874967,0.2142718881368637,1.2705963850021362,0.0595426969230175,0.025570722296833992,0.0017401252407580614,3.317783694001264e-06,0.00022919854382053018,3.7161290645599365,10.0,0.0,0.0,0.0,0.0,0.0,32.766,32.766,0.28300000000000003,0.339,2.846,2018.6083984375,809.95458984375,31.59824562072754,,False,
1783703846.3675754,2026-07-10T10:17:26,277973,20260710_101720,,,,,,arming,,,,,,,,,False,0.02481670491397381,0.007071448024362326,0.998785674571991,0.12413839995861053,0.14267517626285553,0.24856223165988922,0.0,-1.0,71.0,27.0,0.027,0.004172737244516611,-0.002457267604768276,0.025590604171156883,0.004227174911648035,0.0005424582632258534,0.001915761618874967,0.2142718881368637,1.2705963850021362,0.0595426969230175,0.025570722296833992,0.0017401252407580614,3.317783694001264e-06,0.00022919854382053018,3.7161290645599365,10.0,0.0,0.0,0.0,0.0,0.0,32.766,32.766,0.28300000000000003,0.339,2.846,2018.6083984375,809.95458984375,31.59824562072754,,False,
1783703846.3777812,2026-07-10T10:17:26,277987,20260710_101720,,,,,,arming,,,,,,,,,False,0.021511798724532127,0.0035519201774150133,0.9981369376182556,-0.14047957956790924,-0.6278708577156067,0.05076375603675842,0.0,2.0,67.0,27.0,0.027,-2.222234343207674e-06,1.7374709671003075e-08,0.05507368594408035,-0.0021575181744992733,4.3761971028288826e-05,-2.974093604279915e-06,-0.00015598905156366527,5.550714831770165e-06,-0.0001071447113645263,0.025570722296833992,0.0017401252407580614,3.317783694001264e-06,0.00022919854382053018,3.7161290645599365,10.0,0.0,0.0,0.0,0.0,0.0,32.766,32.766,0.28300000000000003,0.339,2.846,2018.6083984375,809.95458984375,31.59824562072754,,False,
1783703846.3879917,2026-07-10T10:17:26,277999,20260710_101720,,,,,,arming,,,,,,,,,False,0.023611316457390785,0.001878247014246881,1.0006266832351685,0.15342719852924347,0.06857054680585861,-0.03007170930504799,0.0,0.0,56.0,27.0,0.027,-2.222234343207674e-06,1.7374709671003075e-08,0.05507368594408035,-0.0021575181744992733,4.3761971028288826e-05,-2.974093604279915e-06,-0.00015598905156366527,5.550714831770165e-06,-0.0001071447113645263,0.026999162510037422,-6.848325574537739e-05,6.271889560593991e-06,0.0001289999927394092,3.710850477218628,10.0,0.0,0.0,0.0,0.0,0.0,32.766,32.766,0.28300000000000003,0.339,2.846,2018.6083984375,809.95458984375,31.59824562072754,,False,
1783703846.398181,2026-07-10T10:17:26,278007,20260710_101720,,,,,,arming,,,,,,,,,False,0.024271177127957344,0.0028574164025485516,1.0011764764785767,0.23371168971061707,0.1446681171655655,0.031377535313367844,0.0,1.0,61.0,27.0,0.027,-2.7786958526121452e-05,5.511961717274971e-06,0.027000974863767624,0.0009607668034732342,0.0005041083786636591,-6.77940042805858e-05,0.0017542943824082613,0.018540583550930023,-0.0012684582034125924,0.026999162510037422,-6.848325574537739e-05,6.271889560593991e-06,0.0001289999927394092,3.710850477218628,10.0,0.0,0.0,0.0,0.0,0.0,0.279,32.766,0.279,0.334,2.841,2018.6083984375,809.95458984375,31.59824562072754,,False,
1783703846.4083405,2026-07-10T10:17:26,278013,20260710_101720,,,,,,arming,,,,,,,,,False,0.024163372814655304,0.00573985930532217,1.0014300346374512,-0.13657857477664948,-0.17253829538822174,-0.07960318773984909,0.0,-1.0,69.0,27.0,0.027,-2.7786958526121452e-05,5.511961717274971e-06,0.027000974863767624,0.0009607668034732342,0.0005041083786636591,-6.77940042805858e-05,0.0017542943824082613,0.018540583550930023,-0.0012684582034125924,0.026999162510037422,-6.848325574537739e-05,6.271889560593991e-06,0.0001289999927394092,3.710850477218628,10.0,0.0,0.0,0.0,0.0,0.0,0.279,32.766,0.279,0.334,2.841,2018.6083984375,809.95458984375,31.59824562072754,,False,
1783703846.4184978,2026-07-10T10:17:26,278027,20260710_101720,,,,,,arming,,,,,,,,,False,0.02214922197163105,0.005675963591784239,0.9999642372131348,0.04444415122270584,-0.09044136106967926,0.24429760873317719,0.0,0.0,61.0,27.0,0.027,7.667671889066696e-05,2.1343068510759622e-05,0.027000874280929565,0.006664766930043697,0.0013230316108092666,0.00022243654530029744,0.0034805594477802515,0.0021896827965974808,-0.0016606569988653064,0.026999162510037422,-6.848325574537739e-05,6.271889560593991e-06,0.0001289999927394092,3.710850477218628,10.0,0.0,0.0,0.0,0.0,0.0,0.279,32.766,0.279,0.334,2.841,2018.6083984375,809.95458984375,31.59824562072754,,False,
1783703846.428703,2026-07-10T10:17:26,278033,20260710_101720,,,,,,arming,,,,,,,,,False,0.022626331076025963,0.005144695285707712,0.99912428855896,0.06197573244571686,-0.0072386423125863075,0.06521952152252197,0.0,0.0,66.0,27.0,0.027,7.667671889066696e-05,2.1343068510759622e-05,0.027000874280929565,0.006664766930043697,0.0013230316108092666,0.00022243654530029744,0.0034805594477802515,0.0021896827965974808,-0.0016606569988653064,0.026999162510037422,-6.848325574537739e-05,6.271889560593991e-06,0.0001289999927394092,3.710850477218628,10.0,0.0,0.0,0.0,0.0,0.0,0.279,32.766,0.279,0.334,2.841,2018.6083984375,809.95458984375,31.59824562072754,,False,
1783703846.438863,2026-07-10T10:17:26,278050,20260710_101720,,,,,,arming,,,,,,,,,False,0.02433861419558525,0.0030127617064863443,0.9993548393249512,0.3470727205276489,-0.2252553552389145,-0.231063574552536,0.0,1.0,65.0,22.0,0.022,0.00014017269131727517,4.851910853176378e-05,0.0244422797113657,0.00873488374054432,0.0021591733675450087,-0.0021740340162068605,0.009648016653954983,0.058821044862270355,-0.00025055938749574125,0.024420378729701042,-0.0022178268991410732,3.3756159609765746e-06,0.00019621204410213977,3.710850477218628,10.0,0.0,0.0,0.0,0.0,0.0,0.279,32.766,0.279,0.334,2.841,2018.6083984375,809.95458984375,31.59824562072754,,False,
1783703846.449029,2026-07-10T10:17:26,278053,20260710_101720,,,,,,arming,,,,,,,,,False,0.02404697611927986,0.0016109328716993332,1.0015255212783813,0.0628342404961586,0.48445746302604675,-0.17484410107135773,0.0,-1.0,65.0,22.0,0.022,0.00014017269131727517,4.851910853176378e-05,0.0244422797113657,0.00873488374054432,0.0021591733675450087,-0.0021740340162068605,0.009648016653954983,0.058821044862270355,-0.00025055938749574125,0.024420378729701042,-0.0022178268991410732,3.3756159609765746e-06,0.00019621204410213977,3.710850477218628,10.0,0.0,0.0,0.0,0.0,0.0,0.279,32.766,0.279,0.334,2.841,2018.6466064453125,809.9510498046875,31.60602378845215,,False,
1783703846.4592123,2026-07-10T10:17:26,278071,20260710_101720,,,,,,arming,,,,,,,,,False,0.024417202919721603,0.0023409503046423197,0.9992316365242004,0.11999916285276413,0.05789268761873245,0.28248733282089233,0.0,0.0,65.0,22.0,0.022,0.0004093919415026903,8.386703120777383e-05,0.02439698576927185,0.014040145091712475,0.0023726425133645535,-0.002106291940435767,0.01868925243616104,0.03954749181866646,-0.0026738012675195932,0.024420378729701042,-0.0022178268991410732,3.3756159609765746e-06,0.00019621204410213977,3.710850477218628,10.0,0.0,0.0,0.0,0.0,0.0,0.279,32.766,0.279,0.334,2.841,2018.6466064453125,809.9510498046875,31.60602378845215,,False,
1783703846.4694166,2026-07-10T10:17:26,278081,20260710_101720,,,,,,arming,,,,,,,,,False,0.02407115325331688,0.002585542621091008,1.0013399124145508,-0.12506058812141418,0.09403972327709198,0.06773511320352554,0.0,0.0,65.0,22.0,0.022,0.0004093919415026903,8.386703120777383e-05,0.02439698576927185,0.014040145091712475,0.0023726425133645535,-0.002106291940435767,0.01868925243616104,0.03954749181866646,-0.0026738012675195932,0.024420378729701042,-0.0022178268991410732,3.3756159609765746e-06,0.00019621204410213977,3.710850477218628,10.0,0.0,0.0,0.0,0.0,0.0,0.279,32.766,0.279,0.334,2.841,2018.6466064453125,809.9510498046875,31.60602378845215,,False,
1783703846.47965,2026-07-10T10:17:26,278091,20260710_101720,,,,,,arming,,,,,,,,,False,0.02406482584774494,0.0028688989114016294,0.9998908638954163,-0.07282278686761856,-0.13588793575763702,-0.03638940304517746,0.0,0.0,65.0,22.0,0.022,0.0007343551842495799,0.00013571926683653146,0.02435377985239029,0.018521998077630997,0.002785926219075918,-0.0021952332463115454,0.020585985854268074,0.040315546095371246,-0.0017429888248443604,0.024420378729701042,-0.0022178268991410732,3.3756159609765746e-06,0.00019621204410213977,3.710850477218628,10.0,0.0,0.0,0.0,0.0,0.0,0.279,32.766,0.279,0.334,2.841,2018.6466064453125,809.9510498046875,31.60602378845215,,False,
1783703846.489814,2026-07-10T10:17:26,278101,20260710_101720,,,,,,arming,,,,,,,,,False,0.024598564952611923,0.0022785014007240534,0.9974315762519836,-0.12251859903335571,-0.08777063339948654,0.18652598559856415,0.0,0.0,49.0,26.0,0.026,0.0007343551842495799,0.00013571926683653146,0.02435377985239029,0.018521998077630997,0.002785926219075918,-0.0021952332463115454,0.020585985854268074,0.040315546095371246,-0.0017429888248443604,0.02501233108341694,0.0003669909492600709,2.7499777388584334e-06,0.00024219082843046635,3.710850477218628,10.0,0.0,0.0,0.0,0.0,0.0,32.766,32.766,0.278,0.34900000000000003,2.86,2018.6466064453125,809.9510498046875,31.60602378845215,,False,
1783703846.4999828,2026-07-10T10:17:26,278111,20260710_101720,,,,,,arming,,,,,,,,,False,0.025288356468081474,0.002239152090623975,0.9992933869361877,-0.03758446127176285,-0.2637004852294922,-0.00795876607298851,0.0,0.0,62.0,26.0,0.026,0.0011510936310514808,0.0001963620015885681,0.02501233108341694,0.023125581443309784,0.0032797956373542547,0.00038385458174161613,0.019756849855184555,0.03898042440414429,-0.000778205634560436,0.02501233108341694,0.0003669909492600709,2.7499777388584334e-06,0.00024219082843046635,3.710850477218628,10.0,0.0,0.0,0.0,0.0,0.0,32.766,32.766,0.278,0.34900000000000003,2.86,2018.6466064453125,809.9510498046875,31.60602378845215,,False,
1783703846.510154,2026-07-10T10:17:26,278121,20260710_101720,,,,,,arming,,,,,,,,,False,0.025965599343180656,0.0033800138626247644,0.9994817972183228,0.23608584702014923,0.21398843824863434,-0.0075904899276793,0.0,0.0,71.0,26.0,0.026,0.0011510936310514808,0.0001963620015885681,0.02501233108341694,0.023125581443309784,0.0032797956373542547,0.00038385458174161613,0.019756849855184555,0.03898042440414429,-0.000778205634560436,0.02501233108341694,0.0003669909492600709,2.7499777388584334e-06,0.00024219082843046635,3.710850477218628,10.0,0.0,0.0,0.0,0.0,0.0,32.766,32.766,0.278,0.34900000000000003,2.86,2018.6466064453125,809.9510498046875,31.60602378845215,,False,
1783703846.5203168,2026-07-10T10:17:26,278131,20260710_101720,,,,,,arming,,,,,,,,,False,0.023810727521777153,0.005090862046927214,0.9984695315361023,0.056708142161369324,0.0807977095246315,0.08916353434324265,0.0,0.0,63.0,26.0,0.026,0.0016605150885879993,0.00026554084615781903,0.02501598373055458,0.027878854423761368,0.003671359270811081,8.748767140787095e-05,0.017729956656694412,0.03949785977602005,-0.00027865427546203136,0.02501233108341694,0.0003669909492600709,2.7499777388584334e-06,0.00024219082843046635,3.710850477218628,10.0,0.0,0.0,0.0,0.0,0.0,32.766,32.766,0.278,0.34900000000000003,2.86,2018.6466064453125,809.9510498046875,31.60602378845215,,False,
1783703846.5305214,2026-07-10T10:17:26,278141,20260710_101720,,,,,,arming,,,,,,,,,False,0.024040913209319115,0.005576926749199629,0.9988640546798706,0.13004417717456818,0.22449903190135956,0.17172354459762573,2.0,-4.0,69.0,26.0,0.026,0.0016605150885879993,0.00026554084615781903,0.02501598373055458,0.027878854423761368,0.003671359270811081,8.748767140787095e-05,0.017729956656694412,0.03949785977602005,-0.00027865427546203136,0.02501233108341694,0.0003669909492600709,2.7499777388584334e-06,0.00024219082843046635,3.710850477218628,10.0,0.0,0.0,0.0,0.0,0.0,32.766,32.766,0.278,0.34900000000000003,2.86,2018.6466064453125,809.9510498046875,31.60602378845215,,False,
1783703846.540688,2026-07-10T10:17:26,278152,20260710_101720,,,,,,arming,,,,,,,,,False,0.022930637001991272,0.0036684239748865366,1.0012816190719604,0.037538494914770126,-0.303956538438797,0.014525222592055798,-1.0,3.0,60.0,22.0,0.022,0.001704211812466383,-2.5802964955801144e-05,0.023871202021837234,0.02620532363653183,0.0005889147287234664,-0.005914959125220776,0.11100680381059647,0.19440174102783203,0.0010816396679729223,0.02381175383925438,-0.00607151398435235,2.9297259516170016e-06,0.0002722287317737937,3.710850477218628,10.0,0.0,0.0,0.0,0.0,0.0,32.766,32.766,0.278,0.34900000000000003,2.86,2018.6849365234375,809.947509765625,31.61079978942871,,False,
1783703846.5509524,2026-07-10T10:17:26,278161,20260710_101720,,,,,,arming,,,,,,,,,False,0.02406253106892109,0.0039452239871025085,0.9993566870689392,-0.03338119015097618,-0.2293831706047058,0.08476622402667999,-1.0,1.0,66.0,22.0,0.022,0.001704211812466383,-2.5802964955801144e-05,0.023871202021837234,0.02620532363653183,0.0005889147287234664,-0.005914959125220776,0.11100680381059647,0.19440174102783203,0.0010816396679729223,0.02381175383925438,-0.00607151398435235,2.9297259516170016e-06,0.0002722287317737937,3.710850477218628,10.0,0.0,0.0,0.0,0.0,0.0,32.766,32.766,0.278,0.34900000000000003,2.86,2018.6849365234375,809.947509765625,31.61079978942871,,False,
1783703846.5611854,2026-07-10T10:17:26,278173,20260710_101720,,,,,,arming,,,,,,,,,False,0.02240469865500927,0.00364727433770895,0.9996652007102966,-0.10648436099290848,0.008588534779846668,0.06451593339443207,0.0,1.0,74.0,22.0,0.022,0.0015273119788616896,0.00022375972184818238,0.02377133257687092,0.022815071046352386,0.0033580842427909374,-0.005767110735177994,0.05869659408926964,0.3635554611682892,0.00013938525808043778,0.02381175383925438,-0.00607151398435235,2.9297259516170016e-06,0.0002722287317737937,3.710850477218628,10.0,0.0,0.0,0.0,0.0,0.0,32.766,32.766,0.278,0.34900000000000003,2.86,2018.6849365234375,809.947509765625,31.61079978942871,,False,
1783703846.5713537,2026-07-10T10:17:26,278183,20260710_101720,,,,,,arming,,,,,,,,,False,0.02275257743895054,0.0018261447548866272,0.9990877509117126,0.1714303344488144,-0.024283409118652344,-0.055652014911174774,0.0,0.0,74.0,22.0,0.022,0.0015273119788616896,0.00022375972184818238,0.02377133257687092,0.022815071046352386,0.0033580842427909374,-0.005767110735177994,0.05869659408926964,0.3635554611682892,0.00013938525808043778,0.02381175383925438,-0.00607151398435235,2.9297259516170016e-06,0.0002722287317737937,3.710850477218628,10.0,0.0,0.0,0.0,0.0,0.0,32.766,32.766,0.278,0.34900000000000003,2.86,2018.6849365234375,809.947509765625,31.61079978942871,,False,
1783703846.581569,2026-07-10T10:17:26,278191,20260710_101720,,,,,,arming,,,,,,,,,False,0.022692380473017693,0.003287840634584427,1.0013740062713623,0.06356032937765121,-0.17907020449638367,-0.08320547640323639,0.0,0.0,74.0,22.0,0.022,0.0013892384013161063,0.0002471724001225084,0.023668985813856125,0.020212583243846893,0.00339997629635036,-0.0057748365215957165,0.0684456005692482,0.4930931031703949,-4.544400508166291e-05,0.02381175383925438,-0.00607151398435235,2.9297259516170016e-06,0.0002722287317737937,3.710850477218628,10.0,0.0,0.0,0.0,0.0,0.0,32.766,32.766,0.278,0.34900000000000003,2.86,2018.6849365234375,809.947509765625,31.61079978942871,,False,
1783703846.591728,2026-07-10T10:17:26,278203,20260710_101720,,,,,,arming,,,,,,,,,False,0.021541088819503784,0.005084814503788948,0.9975861310958862,0.020931601524353027,0.23639747500419617,0.10032341629266739,0.0,0.0,68.0,23.0,0.023,0.0013892384013161063,0.0002471724001225084,0.023668985813856125,0.020212583243846893,0.00339997629635036,-0.0057748365215957165,0.0684456005692482,0.4930931031703949,-4.544400508166291e-05,0.02327069826424122,-0.0075867678970098495,3.0916583000362152e-06,0.0002607204078231007,3.710850477218628,10.0,0.0,0.0,0.0,0.0,0.0,0.281,32.766,0.28,0.342,2.847,2018.6849365234375,809.947509765625,31.61079978942871,,False,
1783703846.6019258,2026-07-10T10:17:26,278211,20260710_101720,,,,,,arming,,,,,,,,,False,0.022797422483563423,0.0034765764139592648,0.9987056851387024,-0.10219676792621613,0.04642251133918762,-0.22725839912891388,0.0,0.0,68.0,23.0,0.023,0.0018174173310399055,0.0003172544529661536,0.02327069826424122,0.022942068055272102,0.003715387312695384,-0.007384289521723986,0.07109693437814713,0.49482929706573486,-0.00037716267979703844,0.02327069826424122,-0.0075867678970098495,3.0916583000362152e-06,0.0002607204078231007,3.710850477218628,10.0,0.0,0.0,0.0,0.0,0.0,0.281,32.766,0.28,0.342,2.847,2018.6849365234375,809.947509765625,31.61079978942871,,False,
1783703846.6121325,2026-07-10T10:17:26,278223,20260710_101720,,,,,,arming,,,,,,,,,False,0.023304171860218048,0.0027328955475240946,1.0003784894943237,0.12975700199604034,-0.1244906410574913,-0.1735096573829651,0.0,0.0,64.0,23.0,0.023,0.0018174173310399055,0.0003172544529661536,0.02327069826424122,0.022942068055272102,0.003715387312695384,-0.007384289521723986,0.07109693437814713,0.49482929706573486,-0.00037716267979703844,0.02327069826424122,-0.0075867678970098495,3.0916583000362152e-06,0.0002607204078231007,3.710850477218628,10.0,0.0,0.0,0.0,0.0,0.0,0.281,32.766,0.28,0.342,2.847,2018.6849365234375,809.947509765625,31.61079978942871,,False,
1783703846.6223319,2026-07-10T10:17:26,278233,20260710_101720,,,,,,arming,,,,,,,,,False,0.02551455609500408,0.004427342209964991,1.0014195442199707,0.12857450544834137,-0.2841460406780243,0.06218358874320984,0.0,-2.0,70.0,23.0,0.023,0.0023022834211587906,0.00039745282265357673,0.023119155317544937,0.02562124654650688,0.004244158044457436,-0.007708067540079355,0.07040811330080032,0.4904511570930481,0.00046066229697316885,0.02327069826424122,-0.0075867678970098495,3.0916583000362152e-06,0.0002607204078231007,3.710850477218628,10.0,0.0,0.0,0.0,0.0,0.0,0.281,32.766,0.28,0.342,2.847,2018.6849365234375,809.947509765625,31.61079978942871,,False,
1783703846.6326063,2026-07-10T10:17:26,278243,20260710_101720,,,,,,arming,,,,,,,,,False,0.02410983107984066,0.005238131619989872,1.0015583038330078,-0.11884841322898865,-0.2289542853832245,-0.1722535490989685,0.0,1.0,65.0,25.0,0.025,0.0023022834211587906,0.00039745282265357673,0.023119155317544937,0.02562124654650688,0.004244158044457436,-0.007708067540079355,0.07040811330080032,0.4904511570930481,0.00046066229697316885,0.02327069826424122,-0.0075867678970098495,3.0916583000362152e-06,0.0002607204078231007,3.710850477218628,10.0,0.0,0.0,0.0,0.0,0.0,0.281,32.766,0.28,0.342,2.847,2018.6849365234375,809.947509765625,31.61079978942871,,False,
1783703846.6428897,2026-07-10T10:17:26,278253,20260710_101720,,,,,,arming,,,,,,,,,False,0.0237260852009058,0.00487224105745554,1.0016463994979858,-0.015364333055913448,-0.01591625064611435,0.0452611930668354,0.0,1.0,63.0,25.0,0.025,0.0021642809733748436,0.0003209490387234837,0.023850953206419945,0.023077497258782387,0.0034004615154117346,-0.0022699330002069473,0.09859129041433334,0.6039928197860718,-0.0007434274884872139,0.023829082027077675,-0.0023678878787904978,3.377072971488815e-06,0.0002569416828919202,3.710850477218628,10.0,0.0,0.0,0.0,0.0,0.0,0.281,32.766,0.28,0.342,2.847,2018.6356201171875,809.9521484375,31.617076873779297,,False,
1783703846.6531303,2026-07-10T10:17:26,278263,20260710_101720,,,,,,arming,,,,,,,,,False,0.021001650020480156,0.004221864510327578,1.000192403793335,0.0162056852132082,-0.08234880864620209,0.27299007773399353,0.0,0.0,65.0,25.0,0.025,0.0021642809733748436,0.0003209490387234837,0.023850953206419945,0.023077497258782387,0.0034004615154117346,-0.0022699330002069473,0.09859129041433334,0.6039928197860718,-0.0007434274884872139,0.023829082027077675,-0.0023678878787904978,3.377072971488815e-06,0.0002569416828919202,3.710850477218628,10.0,0.0,0.0,0.0,0.0,0.0,0.281,32.766,0.28,0.342,2.847,2018.6356201171875,809.9521484375,31.617076873779297,,False,
1783703846.6634185,2026-07-10T10:17:26,278273,20260710_101720,,,,,,arming,,,,,,,,,False,0.02230488881468773,0.003045947290956974,1.000652551651001,0.13118988275527954,-0.0843598023056984,-0.15081369876861572,2.0,-4.0,67.0,25.0,0.025,0.0017699622549116611,0.0003199110506102443,0.02381753735244274,0.019001465290784836,0.003450588323175907,-0.0019101389916613698,0.10761179774999619,0.7236450910568237,-0.0007368052611127496,0.023829082027077675,-0.0023678878787904978,3.377072971488815e-06,0.0002569416828919202,3.710850477218628,10.0,0.0,0.0,0.0,0.0,0.0,0.281,32.766,0.28,0.342,2.847,2018.6356201171875,809.9521484375,31.617076873779297,,False,
1783703846.673633,2026-07-10T10:17:26,278283,20260710_101720,,,,,,arming,,,,,,,,,False,0.02371605671942234,0.0020778628531843424,1.0011399984359741,0.07968404144048691,-0.013937139883637428,0.02395045943558216,-1.0,5.0,54.0,25.0,0.025,0.0017699622549116611,0.0003199110506102443,0.02381753735244274,0.019001465290784836,0.003450588323175907,-0.0019101389916613698,0.10761179774999619,0.7236450910568237,-0.0007368052611127496,0.023829082027077675,-0.0023678878787904978,3.377072971488815e-06,0.0002569416828919202,3.710850477218628,10.0,0.0,0.0,0.0,0.0,0.0,0.281,32.766,0.28,0.342,2.847,2018.6356201171875,809.9521484375,31.617076873779297,,False,
1783703846.6837897,2026-07-10T10:17:26,278293,20260710_101720,,,,,,arming,,,,,,,,,False,0.024215374141931534,0.003988682758063078,1.000720739364624,0.11872676759958267,0.4095490574836731,0.05954404175281525,0.0,1.0,55.0,23.0,0.023,0.0010297854896634817,-0.00010519394709262997,0.023830220103263855,0.012125025503337383,0.00022108042321633548,-0.0015033793170005083,0.17047715187072754,0.8775485157966614,-5.773613884230144e-05,0.023829082027077675,-0.0023678878787904978,3.377072971488815e-06,0.0002569416828919202,3.710850477218628,10.0,0.0,0.0,0.0,0.0,0.0,0.281,32.766,0.28,0.342,2.847,2018.6356201171875,809.9521484375,31.617076873779297,,False,
1783703846.6939483,2026-07-10T10:17:26,278303,20260710_101720,,,,,,arming,,,,,,,,,False,0.02315111830830574,0.003457172540947795,0.999005913734436,0.2773786783218384,-0.013178750872612,-0.1282922327518463,0.0,-2.0,62.0,23.0,0.023,0.0010297854896634817,-0.00010519394709262997,0.023830220103263855,0.012125025503337383,0.00022108042321633548,-0.0015033793170005083,0.17047715187072754,0.8775485157966614,-5.773613884230144e-05,0.02339465729892254,-0.003763485001400113,3.3114633879449684e-06,0.0002366778498981148,3.710850477218628,10.0,0.0,0.0,0.0,0.0,0.0,0.276,32.766,0.28200000000000003,32.766,2.854,2018.6356201171875,809.9521484375,31.617076873779297,,False,
1783703846.7041311,2026-07-10T10:17:26,278313,20260710_101720,,,,,,arming,,,,,,,,,False,0.02334499917924404,0.0022200061939656734,0.9988545775413513,0.005091718398034573,0.25125041604042053,0.2676542401313782,0.0,0.0,64.0,23.0,0.023,0.0011971952626481652,-0.00012022762530250475,0.023397980257868767,0.013311609625816345,0.0001534705370431766,-0.0035678029526025057,0.17263200879096985,0.8835121989250183,0.0002946934837382287,0.02339465729892254,-0.003763485001400113,3.3114633879449684e-06,0.0002366778498981148,3.710850477218628,10.0,0.0,0.0,0.0,0.0,0.0,0.276,32.766,0.28200000000000003,32.766,2.854,2018.6356201171875,809.9521484375,31.617076873779297,,False,
1783703846.7143364,2026-07-10T10:17:26,278323,20260710_101720,,,,,,arming,,,,,,,,,False,0.024516893550753593,0.004449148662388325,0.9978072643280029,0.2304830104112625,0.35408666729927063,-0.16708238422870636,0.0,-1.0,64.0,23.0,0.023,0.0011971952626481652,-0.00012022762530250475,0.023397980257868767,0.013311609625816345,0.0001534705370431766,-0.0035678029526025057,0.17263200879096985,0.8835121989250183,0.0002946934837382287,0.02339465729892254,-0.003763485001400113,3.3114633879449684e-06,0.0002366778498981148,3.710850477218628,10.0,0.0,0.0,0.0,0.0,0.0,0.276,32.766,0.28200000000000003,32.766,2.854,2018.6356201171875,809.9521484375,31.617076873779297,,False,
1783703846.7245066,2026-07-10T10:17:26,278333,20260710_101720,,,,,,arming,,,,,,,,,False,0.02628296986222267,0.003062748583033681,1.0002000331878662,0.4130621552467346,0.1686752587556839,-0.06575282663106918,0.0,0.0,67.0,23.0,0.023,0.001591281034052372,-0.00011728738172678277,0.02332475781440735,0.0156821608543396,0.00017573244986124337,-0.0037698533851653337,0.17483842372894287,0.8668656945228577,0.001261242781765759,0.02339465729892254,-0.003763485001400113,3.3114633879449684e-06,0.0002366778498981148,3.710850477218628,10.0,0.0,0.0,0.0,0.0,0.0,0.276,32.766,0.28200000000000003,32.766,2.854,2018.6356201171875,809.9521484375,31.617076873779297,,False,
1783703846.7346802,2026-07-10T10:17:26,278346,20260710_101720,,,,,,arming,,,,,,,,,False,0.02551119588315487,0.0037515994627028704,1.0005170106887817,0.011272063478827477,0.29247376322746277,0.03302048519253731,0.0,0.0,63.0,26.0,0.026,0.001942734932526946,-0.00011169445497216657,0.024484602734446526,0.017739493399858475,0.0003099162713624537,0.002982010366395116,0.17483842372894287,0.8668656945228577,0.001261242781765759,0.02339465729892254,-0.003763485001400113,3.3114633879449684e-06,0.0002366778498981148,3.710850477218628,10.0,0.0,0.0,0.0,0.0,0.0,0.276,32.766,0.28200000000000003,32.766,2.854,2018.6356201171875,809.9521484375,31.617076873779297,,False,
1783703846.7448838,2026-07-10T10:17:26,278353,20260710_101720,,,,,,arming,,,,,,,,,False,0.024713004007935524,0.0030425740405917168,0.9983121156692505,-0.22341696918010712,-0.170554980635643,-0.290907621383667,0.0,0.0,61.0,26.0,0.026,0.001942734932526946,-0.00011169445497216657,0.024484602734446526,0.017739493399858475,0.0003099162713624537,0.002982010366395116,0.1765613853931427,0.8593716025352478,0.002120071556419134,0.024514678865671158,0.0027520593721419573,3.4189631605840987e-06,0.00023854179016780108,3.710850477218628,10.0,0.0,0.0,0.0,0.0,0.0,0.276,32.766,0.28200000000000003,32.766,2.854,2018.706787109375,809.9456176757812,31.62172508239746,,False,
1783703846.755047,2026-07-10T10:17:26,278366,20260710_101720,,,,,,arming,,,,,,,,,False,0.02381010539829731,0.0038269341457635164,0.9996151328086853,0.08139759302139282,0.12657813727855682,0.04866805300116539,0.0,0.0,77.0,26.0,0.026,0.0023169866763055325,-0.000104747356090229,0.024544456973671913,0.019635453820228577,0.0003647676785476506,0.002922597574070096,0.1765613853931427,0.8593716025352478,0.002120071556419134,0.024514678865671158,0.0027520593721419573,3.4189631605840987e-06,0.00023854179016780108,3.710850477218628,10.0,0.0,0.0,0.0,0.0,0.0,0.276,32.766,0.28200000000000003,32.766,2.854,2018.706787109375,809.9456176757812,31.62172508239746,,False,
1783703846.7652555,2026-07-10T10:17:26,278373,20260710_101720,,,,,,arming,,,,,,,,,False,0.02620822563767433,0.003976598847657442,0.9986025094985962,0.26757344603538513,-0.04505697265267372,-0.11994852125644684,0.0,2.0,74.0,26.0,0.026,0.0023169866763055325,-0.000104747356090229,0.024544456973671913,0.019635453820228577,0.0003647676785476506,0.002922597574070096,0.1762874722480774,0.8548154830932617,0.002577803563326597,0.024514678865671158,0.0027520593721419573,3.4189631605840987e-06,0.00023854179016780108,3.710850477218628,10.0,0.0,0.0,0.0,0.0,0.0,0.276,32.766,0.28200000000000003,32.766,2.854,2018.706787109375,809.9456176757812,31.62172508239746,,False,
1783703846.7754276,2026-07-10T10:17:26,278387,20260710_101720,,,,,,arming,,,,,,,,,False,0.024750249460339546,0.002329023787751794,0.9975119829177856,-0.06733297556638718,-0.5170026421546936,0.15516237914562225,0.0,0.0,52.0,26.0,0.026,0.001240210491232574,-0.00011210723459953442,0.02461492083966732,0.012310868129134178,0.00035660387948155403,0.0028425147756934166,0.17855492234230042,0.9866657257080078,0.0024546831846237183,0.024514678865671158,0.0027520593721419573,3.4189631605840987e-06,0.00023854179016780108,3.710850477218628,10.0,0.0,0.0,0.0,0.0,0.0,0.276,32.766,0.28200000000000003,32.766,2.854,2018.706787109375,809.9456176757812,31.62172508239746,,False,
1783703846.7855878,2026-07-10T10:17:26,278393,20260710_101720,,,,,,arming,,,,,,,,,False,0.025471605360507965,0.002145316917449236,0.999606728553772,0.017697691917419434,0.14327314496040344,0.16860781610012054,0.0,0.0,56.0,24.0,0.024,0.001240210491232574,-0.00011210723459953442,0.02461492083966732,0.012310868129134178,0.00035660387948155403,0.0028425147756934166,0.17855492234230042,0.9866657257080078,0.0024546831846237183,0.024514678865671158,0.0027520593721419573,3.4189631605840987e-06,0.00023854179016780108,3.710850477218628,10.0,0.0,0.0,0.0,0.0,0.0,0.276,32.766,0.28200000000000003,32.766,2.854,2018.706787109375,809.9456176757812,31.62172508239746,,False,
1783703846.7957466,2026-07-10T10:17:26,278407,20260710_101720,,,,,,arming,,,,,,,,,False,0.024517741054296494,0.002368823392316699,0.9993020296096802,0.23812736570835114,0.18524843454360962,0.11772865056991577,0.0,-1.0,71.0,24.0,0.024,0.0016628298908472061,-0.00012328874436207116,0.024351825937628746,0.014873379841446877,0.0001537426287541166,0.0009557529701851308,0.18022379279136658,0.9714549779891968,0.004091258160769939,0.02435208112001419,0.0007175770588219166,3.2789675969979726e-06,0.00022843218175694346,3.710850477218628,10.0,0.0,0.0,0.0,0.0,0.0,0.279,0.317,0.28500000000000003,32.766,2.85,2018.706787109375,809.9456176757812,31.62172508239746,,False,
1783703846.8059032,2026-07-10T10:17:26,278413,20260710_101720,,,,,,arming,,,,,,,,,False,0.0249924436211586,0.003101511625573039,0.9991994500160217,-0.10416784882545471,-0.21891526877880096,-0.16673597693443298,0.0,-1.0,66.0,24.0,0.024,0.0016628298908472061,-0.00012328874436207116,0.024351825937628746,0.014873379841446877,0.0001537426287541166,0.0009557529701851308,0.18022379279136658,0.9714549779891968,0.004091258160769939,0.02435208112001419,0.0007175770588219166,3.2789675969979726e-06,0.00022843218175694346,3.710850477218628,10.0,0.0,0.0,0.0,0.0,0.0,0.279,0.317,0.28500000000000003,32.766,2.85,2018.706787109375,809.9456176757812,31.62172508239746,,False,
1783703846.8160603,2026-07-10T10:17:26,278426,20260710_101720,,,,,,arming,,,,,,,,,False,0.02361789532005787,0.0027387074660509825,1.0007247924804688,0.08190011233091354,0.14751268923282623,-0.039298757910728455,0.0,1.0,66.0,24.0,0.024,0.0012870309874415398,-0.00012394663644954562,0.02437383122742176,0.012265202589333057,2.5606499548302963e-05,0.0008797825430519879,0.18022379279136658,0.9714549779891968,0.004091258160769939,0.02435208112001419,0.0007175770588219166,3.2789675969979726e-06,0.00022843218175694346,3.710850477218628,10.0,0.0,0.0,0.0,0.0,0.0,0.279,0.317,0.28500000000000003,32.766,2.85,2018.706787109375,809.9456176757812,31.62172508239746,,False,
1783703846.8262255,2026-07-10T10:17:26,278433,20260710_101720,,,,,,arming,,,,,,,,,False,0.020953219383955002,0.000495231943204999,0.9994407296180725,0.03580765426158905,0.21871034801006317,0.4237143099308014,0.0,-1.0,74.0,24.0,0.024,0.0012870309874415398,-0.00012394663644954562,0.02437383122742176,0.012265202589333057,2.5606499548302963e-05,0.0008797825430519879,0.1812087446451187,1.024985671043396,0.00407418143004179,0.02435208112001419,0.0007175770588219166,3.2789675969979726e-06,0.00022843218175694346,3.710850477218628,10.0,0.0,0.0,0.0,0.0,0.0,0.279,0.317,0.28500000000000003,32.766,2.85,2018.706787109375,809.9456176757812,31.62172508239746,,False,
1783703846.836443,2026-07-10T10:17:26,278448,20260710_101720,,,,,,arming,,,,,,,,,False,0.0234390776604414,0.0030945250764489174,0.9986743927001953,-0.08281858265399933,-0.06407319009304047,-0.15285077691078186,0.0,0.0,65.0,27.0,0.027,0.001737541751936078,-0.0001232566573889926,0.025570785626769066,0.014227230101823807,-0.0002480727853253484,0.00728550786152482,0.18234914541244507,1.006103754043579,0.006569711025804281,0.025643128901720047,0.006924044340848923,3.3678229556244332e-06,0.00023308188247028738,3.710850477218628,10.0,0.0,0.0,0.0,0.0,0.0,0.279,0.317,0.28500000000000003,32.766,2.85,2018.706787109375,809.9456176757812,31.62172508239746,,False,
1783703846.8466005,2026-07-10T10:17:26,278453,20260710_101720,,,,,,arming,,,,,,,,,False,0.022839294746518135,0.0014688922092318535,0.9992270469665527,0.06794439256191254,0.031107641756534576,-0.1774093210697174,0.0,0.0,62.0,27.0,0.027,0.001737541751936078,-0.0001232566573889926,0.025570785626769066,0.014227230101823807,-0.0002480727853253484,0.00728550786152482,0.18234914541244507,1.006103754043579,0.006569711025804281,0.025643128901720047,0.006924044340848923,3.3678229556244332e-06,0.00023308188247028738,3.710850477218628,10.0,0.0,0.0,0.0,0.0,0.0,0.279,0.317,0.28500000000000003,32.766,2.85,2018.652099609375,809.9505004882812,31.62953758239746,,False,
1783703846.8567567,2026-07-10T10:17:26,278467,20260710_101720,,,,,,arming,,,,,,,,,False,0.02456546202301979,0.0035418872721493244,0.9998198747634888,-0.2793581187725067,-0.29397720098495483,0.2378438264131546,0.0,0.0,72.0,27.0,0.027,0.0020326811354607344,-0.0001291909284191206,0.025714881718158722,0.01528848148882389,-0.00041322631295770407,0.007167339324951172,0.1820673644542694,1.002616286277771,0.0051534222438931465,0.025643128901720047,0.006924044340848923,3.3678229556244332e-06,0.00023308188247028738,3.710850477218628,10.0,0.0,0.0,0.0,0.0,0.0,0.279,0.317,0.28500000000000003,32.766,2.85,2018.652099609375,809.9505004882812,31.62953758239746,,False,
1783703846.8669126,2026-07-10T10:17:26,278473,20260710_101720,,,,,,arming,,,,,,,,,False,0.024493737146258354,0.0033516455441713333,0.9989734292030334,0.29658111929893494,0.022821471095085144,0.01604372262954712,1.0,-3.0,73.0,27.0,0.027,0.0020326811354607344,-0.0001291909284191206,0.025714881718158722,0.01528848148882389,-0.00041322631295770407,0.007167339324951172,0.1820673644542694,1.002616286277771,0.0051534222438931465,0.025643128901720047,0.006924044340848923,3.3678229556244332e-06,0.00023308188247028738,3.710850477218628,10.0,0.0,0.0,0.0,0.0,0.0,0.279,0.317,0.28500000000000003,32.766,2.85,2018.652099609375,809.9505004882812,31.62953758239746,,False,
1783703846.8770714,2026-07-10T10:17:26,278487,20260710_101720,,,,,,arming,,,,,,,,,False,0.02404708042740822,0.0039777304045856,0.9980209469795227,-0.0007742998423054814,-0.21415495872497559,-0.08753353357315063,-1.0,3.0,56.0,27.0,0.027,0.0016059504123404622,-0.00013090367428958416,0.025880828499794006,0.012295701541006565,-0.00028170261066406965,0.00729514192789793,0.1800379902124405,1.0565968751907349,0.0073210736736655235,0.025643128901720047,0.006924044340848923,3.3678229556244332e-06,0.00023308188247028738,3.710850477218628,10.0,0.0,0.0,0.0,0.0,0.0,0.279,0.317,0.28500000000000003,32.766,2.85,2018.652099609375,809.9505004882812,31.62953758239746,,False,
1783703846.887234,2026-07-10T10:17:26,278499,20260710_101720,,,,,,arming,,,,,,,,,False,0.02469061315059662,0.0023397025652229786,0.9983547925949097,0.35980090498924255,-0.09511782974004745,-0.10844090580940247,-1.0,2.0,49.0,23.0,0.023,0.0016059504123404622,-0.00013090367428958416,0.025880828499794006,0.012295701541006565,-0.00028170261066406965,0.00729514192789793,0.1800379902124405,1.0565968751907349,0.0073210736736655235,0.024583447724580765,-0.0009130944963544607,3.243012770326459e-06,0.0002304382942384109,3.710850477218628,10.0,0.0,0.0,0.0,0.0,0.0,0.279,0.317,0.28500000000000003,32.766,2.85,2018.652099609375,809.9505004882812,31.62953758239746,,False,
1783703846.897395,2026-07-10T10:17:26,278507,20260710_101720,,,,,,arming,,,,,,,,,False,0.025842919945716858,0.0022672289051115513,0.9997549057006836,-0.0541597343981266,-0.03102658875286579,0.24373796582221985,0.0,0.0,65.0,23.0,0.023,0.0006648371927440166,0.00031847722129896283,0.024583447724580765,0.007050949614495039,0.002137073315680027,-0.0007680702838115394,0.1532667577266693,1.1332873106002808,0.007542135193943977,0.024583447724580765,-0.0009130944963544607,3.243012770326459e-06,0.0002304382942384109,3.710850477218628,10.0,0.0,0.0,0.0,0.0,0.0,32.766,0.315,0.28200000000000003,0.34700000000000003,2.843,2018.652099609375,809.9505004882812,31.62953758239746,,False,
1783703846.9075959,2026-07-10T10:17:26,278513,20260710_101720,,,,,,arming,,,,,,,,,False,0.024776984006166458,0.004439979791641235,0.998505175113678,0.16625717282295227,-0.2302095592021942,0.0761118233203888,0.0,-1.0,64.0,23.0,0.023,0.0006648371927440166,0.00031847722129896283,0.024583447724580765,0.007050949614495039,0.002137073315680027,-0.0007680702838115394,0.1532667577266693,1.1332873106002808,0.007542135193943977,0.024583447724580765,-0.0009130944963544607,3.243012770326459e-06,0.0002304382942384109,3.710850477218628,10.0,0.0,0.0,0.0,0.0,0.0,32.766,0.315,0.28200000000000003,0.34700000000000003,2.843,2018.652099609375,809.9505004882812,31.62953758239746,,False,
1783703846.9177582,2026-07-10T10:17:26,278527,20260710_101720,,,,,,arming,,,,,,,,,False,0.023511337116360664,0.0026613876689225435,0.9976732134819031,0.08392525464296341,-0.31550946831703186,-0.03325831517577171,0.0,0.0,73.0,23.0,0.023,0.0010878066532313824,0.0003107672673650086,0.0245683453977108,0.009563898667693138,0.0019582370296120644,-0.0008938879473134875,0.15696392953395844,1.1149060726165771,0.008629829622805119,0.024583447724580765,-0.0009130944963544607,3.243012770326459e-06,0.0002304382942384109,3.710850477218628,10.0,0.0,0.0,0.0,0.0,0.0,32.766,0.315,0.28200000000000003,0.34700000000000003,2.843,2018.652099609375,809.9505004882812,31.62953758239746,,False,
1783703846.9279144,2026-07-10T10:17:26,278533,20260710_101720,,,,,,arming,,,,,,,,,False,0.023411830887198448,0.006043997593224049,0.998241662979126,-0.2720641791820526,0.053465500473976135,-0.09278567880392075,0.0,0.0,71.0,23.0,0.023,0.0010878066532313824,0.0003107672673650086,0.0245683453977108,0.009563898667693138,0.0019582370296120644,-0.0008938879473134875,0.15696392953395844,1.1149060726165771,0.008629829622805119,0.024583447724580765,-0.0009130944963544607,3.243012770326459e-06,0.0002304382942384109,3.710850477218628,10.0,0.0,0.0,0.0,0.0,0.0,32.766,0.315,0.28200000000000003,0.34700000000000003,2.843,2018.652099609375,809.9505004882812,31.62953758239746,,False,
1783703846.9380648,2026-07-10T10:17:26,278549,20260710_101720,,,,,,arming,,,,,,,,,False,0.022677332162857056,0.003378351218998432,0.9973705410957336,-0.3275999426841736,0.2740057706832886,0.20027688145637512,0.0,0.0,69.0,22.0,0.022,0.0012849896447733045,0.0003555001167114824,0.02340075932443142,0.01037386991083622,0.002294725738465786,-0.007485146168619394,0.15623413026332855,1.1136224269866943,0.008734841831028461,0.02332470379769802,-0.00793855357915163,3.355138233018806e-06,0.00023931445321068168,3.710850477218628,10.0,0.0,0.0,0.0,0.0,0.0,32.766,0.315,0.28200000000000003,0.34700000000000003,2.843,2018.652099609375,809.9505004882812,31.62953758239746,,False,
1783703846.948222,2026-07-10T10:17:26,278553,20260710_101720,,,,,,arming,,,,,,,,,False,0.0247880220413208,0.0007019533077254891,0.9979933500289917,0.04278924688696861,0.1558140069246292,0.11920717358589172,0.0,0.0,62.0,22.0,0.022,0.0012849896447733045,0.0003555001167114824,0.02340075932443142,0.01037386991083622,0.002294725738465786,-0.007485146168619394,0.15623413026332855,1.1136224269866943,0.008734841831028461,0.02332470379769802,-0.00793855357915163,3.355138233018806e-06,0.00023931445321068168,3.710850477218628,10.0,0.0,0.0,0.0,0.0,0.0,32.766,0.315,0.28200000000000003,0.34700000000000003,2.843,2018.8160400390625,809.9361572265625,31.638450622558594,,False,
1783703846.958377,2026-07-10T10:17:26,278567,20260710_101720,,,,,,arming,,,,,,,,,False,0.023289907723665237,0.002432781970128417,0.9992092251777649,0.1755661815404892,-0.04623488709330559,-0.20202189683914185,0.0,0.0,70.0,22.0,0.022,0.0015001617139205337,0.0004009768017567694,0.023246536031365395,0.01121508702635765,0.002149797510355711,-0.007907661609351635,0.1559477299451828,1.1095894575119019,0.010109812952578068,0.02332470379769802,-0.00793855357915163,3.355138233018806e-06,0.00023931445321068168,3.710850477218628,10.0,0.0,0.0,0.0,0.0,0.0,32.766,0.315,0.28200000000000003,0.34700000000000003,2.843,2018.8160400390625,809.9361572265625,31.638450622558594,,False,
1783703846.9685256,2026-07-10T10:17:26,278573,20260710_101720,,,,,,arming,,,,,,,,,False,0.02489965409040451,0.002961252350360155,1.0009654760360718,0.06920108199119568,-0.02451418712735176,0.2126372903585434,0.0,0.0,77.0,22.0,0.022,0.0015001617139205337,0.0004009768017567694,0.023246536031365395,0.01121508702635765,0.002149797510355711,-0.007907661609351635,0.1559477299451828,1.1095894575119019,0.010109812952578068,0.02332470379769802,-0.00793855357915163,3.355138233018806e-06,0.00023931445321068168,3.710850477218628,10.0,0.0,0.0,0.0,0.0,0.0,32.766,0.315,0.28200000000000003,0.34700000000000003,2.843,2018.8160400390625,809.9361572265625,31.638450622558594,,False,
1783703846.9786723,2026-07-10T10:17:26,278587,20260710_101720,,,,,,arming,,,,,,,,,False,0.024418938905000687,0.002013706834986806,0.9991364479064941,0.13126693665981293,0.09912010282278061,-0.005076694767922163,0.0,0.0,54.0,22.0,0.022,0.0017333582509309053,0.00044357680599205196,0.023087840527296066,0.012161210179328918,0.002130132634192705,-0.007883289828896523,0.1579119712114334,1.1069008111953735,0.009684482589364052,0.02332470379769802,-0.00793855357915163,3.355138233018806e-06,0.00023931445321068168,3.710850477218628,10.0,0.0,0.0,0.0,0.0,0.0,32.766,0.315,0.28200000000000003,0.34700000000000003,2.843,2018.8160400390625,809.9361572265625,31.638450622558594,,False,
1783703846.988821,2026-07-10T10:17:26,278600,20260710_101720,,,,,,arming,,,,,,,,,False,0.02301975153386593,0.002652329159900546,0.998023271560669,0.15623526275157928,-0.2982514202594757,-0.09959013760089874,0.0,0.0,52.0,24.0,0.024,0.0017333582509309053,0.00044357680599205196,0.023087840527296066,0.012161210179328918,0.002130132634192705,-0.007883289828896523,0.1579119712114334,1.1069008111953735,0.009684482589364052,0.023413240909576416,-0.005701569840312004,3.2494767765456345e-06,0.0002327444963157177,3.710850477218628,10.0,0.0,0.0,0.0,0.0,0.0,32.766,32.766,0.28,0.343,2.836,2018.8160400390625,809.9361572265625,31.638450622558594,,False,
1783703846.99897,2026-07-10T10:17:26,278607,20260710_101720,,,,,,arming,,,,,,,,,False,0.023025866597890854,0.004509409889578819,1.0001965761184692,-0.029427802190184593,0.021602759137749672,0.06511195003986359,0.0,0.0,68.0,24.0,0.024,0.0019833832047879696,0.0004836815351154655,0.023413240909576416,0.013008185662329197,0.0020508768502622843,-0.005445621907711029,0.15937216579914093,1.1068053245544434,0.009501022286713123,0.023413240909576416,-0.005701569840312004,3.2494767765456345e-06,0.0002327444963157177,3.710850477218628,10.0,0.0,0.0,0.0,0.0,0.0,32.766,32.766,0.28,0.343,2.836,2018.8160400390625,809.9361572265625,31.638450622558594,,False,
1783703847.0091753,2026-07-10T10:17:27,278621,20260710_101720,,,,,,arming,,,,,,,,,False,0.022503413259983063,0.002179351169615984,1.0008586645126343,0.3402916193008423,-0.1172834187746048,0.08597765117883682,0.0,0.0,61.0,24.0,0.024,0.0019833832047879696,0.0004836815351154655,0.023413240909576416,0.013008185662329197,0.0020508768502622843,-0.005445621907711029,0.15937216579914093,1.1068053245544434,0.009501022286713123,0.023413240909576416,-0.005701569840312004,3.2494767765456345e-06,0.0002327444963157177,3.710850477218628,10.0,0.0,0.0,0.0,0.0,0.0,32.766,32.766,0.28,0.343,2.836,2018.8160400390625,809.9361572265625,31.638450622558594,,False,
1783703847.019337,2026-07-10T10:17:27,278631,20260710_101720,,,,,,arming,,,,,,,,,False,0.023864304646849632,0.0035822116769850254,1.000807285308838,-0.011291096918284893,0.303166925907135,-0.006009302567690611,0.0,0.0,75.0,24.0,0.024,0.0022514103911817074,0.0005290021654218435,0.023304855450987816,0.01380411721765995,0.0025141374208033085,-0.005352952051907778,0.1626158058643341,1.1028273105621338,0.008300806395709515,0.023413240909576416,-0.005701569840312004,3.2494767765456345e-06,0.0002327444963157177,3.710850477218628,10.0,0.0,0.0,0.0,0.0,0.0,32.766,32.766,0.28,0.343,2.836,2018.8160400390625,809.9361572265625,31.638450622558594,,False,
1783703847.029489,2026-07-10T10:17:27,278641,20260710_101720,,,,,,arming,,,,,,,,,False,0.021995186805725098,0.0030160110909491777,1.0005223751068115,0.08101560920476913,-0.446594774723053,-0.2732469141483307,0.0,0.0,72.0,24.0,0.024,0.0022514103911817074,0.0005290021654218435,0.023304855450987816,0.01380411721765995,0.0025141374208033085,-0.005352952051907778,0.1626158058643341,1.1028273105621338,0.008300806395709515,0.023413240909576416,-0.005701569840312004,3.2494767765456345e-06,0.0002327444963157177,3.710850477218628,10.0,0.0,0.0,0.0,0.0,0.0,32.766,32.766,0.28,0.343,2.836,2018.8160400390625,809.9361572265625,31.638450622558594,,False,
1783703847.0396452,2026-07-10T10:17:27,278651,20260710_101720,,,,,,arming,,,,,,,,,False,0.02439592033624649,0.0028447185177356005,0.9989787340164185,0.03994132578372955,0.05018791928887367,0.21864187717437744,0.0,0.0,54.0,24.0,0.024,0.0025316476821899414,0.000577850267291069,0.02353631891310215,0.014535471796989441,0.0025407569482922554,-0.0032676865812391043,0.16319335997104645,1.1005123853683472,0.00879603996872902,0.023503802716732025,-0.0035275397822260857,3.368175839568721e-06,0.0002424546255497262,3.710850477218628,10.0,0.0,0.0,0.0,0.0,0.0,32.766,32.766,0.28,0.343,2.836,2018.8160400390625,809.9361572265625,31.638450622558594,,False,
1783703847.0497956,2026-07-10T10:17:27,278661,20260710_101720,,,,,,arming,,,,,,,,,False,0.022995933890342712,0.003522951388731599,1.0002975463867188,0.24774932861328125,0.09730328619480133,0.20458176732063293,0.0,-2.0,63.0,24.0,0.024,0.0025316476821899414,0.000577850267291069,0.02353631891310215,0.014535471796989441,0.0025407569482922554,-0.0032676865812391043,0.16319335997104645,1.1005123853683472,0.00879603996872902,0.023503802716732025,-0.0035275397822260857,3.368175839568721e-06,0.0002424546255497262,3.710850477218628,10.0,0.0,0.0,0.0,0.0,0.0,32.766,32.766,0.28,0.343,2.836,2018.7559814453125,809.941162109375,31.6441593170166,,False,
1783703847.0599477,2026-07-10T10:17:27,278671,20260710_101720,,,,,,arming,,,,,,,,,False,0.023687459528446198,0.00510301161557436,1.0009262561798096,0.14157629013061523,0.010984807275235653,0.08936711400747299,0.0,1.0,69.0,24.0,0.024,0.0025101189967244864,0.00042434921488165855,0.0234775822609663,0.01372950803488493,0.0016139427898451686,-0.003246772103011608,0.17308376729488373,1.1173765659332275,0.008180028758943081,0.023503802716732025,-0.0035275397822260857,3.368175839568721e-06,0.0002424546255497262,3.710850477218628,10.0,0.0,0.0,0.0,0.0,0.0,32.766,32.766,0.28,0.343,2.836,2018.7559814453125,809.941162109375,31.6441593170166,,False,
1783703847.0701535,2026-07-10T10:17:27,278681,20260710_101720,,,,,,arming,,,,,,,,,False,0.022402523085474968,0.004544466268271208,0.9999372959136963,-0.057584792375564575,-0.15092676877975464,0.20096248388290405,0.0,-1.0,69.0,24.0,0.024,0.0025101189967244864,0.00042434921488165855,0.0234775822609663,0.01372950803488493,0.0016139427898451686,-0.003246772103011608,0.17308376729488373,1.1173765659332275,0.008180028758943081,0.023503802716732025,-0.0035275397822260857,3.368175839568721e-06,0.0002424546255497262,3.710850477218628,10.0,0.0,0.0,0.0,0.0,0.0,32.766,32.766,0.28,0.343,2.836,2018.7559814453125,809.941162109375,31.6441593170166,,False,
1783703847.0803342,2026-07-10T10:17:27,278691,20260710_101720,,,,,,arming,,,,,,,,,False,0.0240114014595747,0.0025423280894756317,1.00059175491333,0.12405408918857574,0.1887381374835968,-0.19318990409374237,0.0,2.0,54.0,24.0,0.024,0.0013102957746014,0.00034386233892291784,0.023422956466674805,0.007798932492733002,0.0013652221532538533,-0.0030372622422873974,0.1801028996706009,1.1797723770141602,0.008679050952196121,0.023503802716732025,-0.0035275397822260857,3.368175839568721e-06,0.0002424546255497262,3.710850477218628,10.0,0.0,0.0,0.0,0.0,0.0,32.766,32.766,0.28,0.343,2.836,2018.7559814453125,809.941162109375,31.6441593170166,,False,
1783703847.090489,2026-07-10T10:17:27,278701,20260710_101720,,,,,,arming,,,,,,,,,False,0.02518930286169052,0.0017769114347174764,1.0013455152511597,-0.15598447620868683,-0.1337784230709076,0.06039661541581154,0.0,0.0,52.0,25.0,0.025,0.0013102957746014,0.00034386233892291784,0.023422956466674805,0.007798932492733002,0.0013652221532538533,-0.0030372622422873974,0.1801028996706009,1.1797723770141602,0.008679050952196121,0.02415039762854576,0.001142518245615065,3.258853439547238e-06,0.00023087451700121164,3.710850477218628,10.0,0.0,0.0,0.0,0.0,0.0,32.766,0.322,0.28300000000000003,0.34600000000000003,2.854,2018.7559814453125,809.941162109375,31.6441593170166,,False,
1783703847.1006382,2026-07-10T10:17:27,278711,20260710_101720,,,,,,arming,,,,,,,,,False,0.024605533108115196,0.004550191108137369,1.0015349388122559,-0.15268373489379883,0.16953131556510925,0.1419282704591751,0.0,0.0,72.0,25.0,0.025,0.0014690267853438854,0.0003713817277457565,0.02415039762854576,0.008290577679872513,0.0014129155315458775,0.001317779067903757,0.18122722208499908,1.1784616708755493,0.007455568760633469,0.02415039762854576,0.001142518245615065,3.258853439547238e-06,0.00023087451700121164,3.710850477218628,10.0,0.0,0.0,0.0,0.0,0.0,32.766,0.322,0.28300000000000003,0.34600000000000003,2.854,2018.7559814453125,809.941162109375,31.6441593170166,,False,
1783703847.110802,2026-07-10T10:17:27,278721,20260710_101720,,,,,,arming,,,,,,,,,False,0.024356625974178314,0.004464464262127876,0.9998480677604675,-0.06633874028921127,-0.02522551268339157,0.039171963930130005,0.0,0.0,70.0,25.0,0.025,0.0014690267853438854,0.0003713817277457565,0.02415039762854576,0.008290577679872513,0.0014129155315458775,0.001317779067903757,0.18122722208499908,1.1784616708755493,0.007455568760633469,0.02415039762854576,0.001142518245615065,3.258853439547238e-06,0.00023087451700121164,3.710850477218628,10.0,0.0,0.0,0.0,0.0,0.0,32.766,0.322,0.28300000000000003,0.34600000000000003,2.854,2018.7559814453125,809.941162109375,31.6441593170166,,False,
1783703847.1209521,2026-07-10T10:17:27,278731,20260710_101720,,,,,,arming,,,,,,,,,False,0.023773938417434692,0.0040969690307974815,0.998185396194458,0.43416672945022583,-0.3800210654735565,0.23558476567268372,1.0,-4.0,72.0,25.0,0.025,0.004002617672085762,-0.0003018608258571476,0.0241782795637846,0.01937146857380867,-0.0016073877923190594,0.001623387448489666,0.20883888006210327,1.0800648927688599,0.005686915013939142,0.02415039762854576,0.001142518245615065,3.258853439547238e-06,0.00023087451700121164,3.710850477218628,10.0,0.0,0.0,0.0,0.0,0.0,32.766,0.322,0.28300000000000003,0.34600000000000003,2.854,2018.7559814453125,809.941162109375,31.6441593170166,,False,
1783703847.1311793,2026-07-10T10:17:27,278743,20260710_101720,,,,,,arming,,,,,,,,,False,0.023109151050448418,0.0029552013147622347,0.9994115829467773,0.26173436641693115,0.060099609196186066,-0.006068839225918055,0.0,0.0,58.0,25.0,0.025,0.004002617672085762,-0.0003018608258571476,0.0241782795637846,0.01937146857380867,-0.0016073877923190594,0.001623387448489666,0.20883888006210327,1.0800648927688599,0.005686915013939142,0.02415039762854576,0.001142518245615065,3.258853439547238e-06,0.00023087451700121164,3.710850477218628,10.0,0.0,0.0,0.0,0.0,0.0,32.766,0.322,0.28300000000000003,0.34600000000000003,2.854,2018.7559814453125,809.941162109375,31.6441593170166,,False,
1783703847.1413372,2026-07-10T10:17:27,278753,20260710_101720,,,,,,arming,,,,,,,,,False,0.022257160395383835,0.0027565229684114456,1.0019437074661255,0.030073443427681923,0.2740284204483032,-0.04110855981707573,0.0,0.0,65.0,25.0,0.025,0.001861332100816071,-0.00030332928872667253,0.024587346240878105,0.009713012725114822,-0.0013246439630165696,0.0035784244537353516,0.2083473950624466,1.1783661842346191,0.008264346048235893,0.024622950702905655,0.003342621261253953,3.3620058275118936e-06,0.00023030089505482465,3.710850477218628,10.0,0.0,0.0,0.0,0.0,0.0,32.766,0.322,0.28300000000000003,0.34600000000000003,2.854,2018.7669677734375,809.9403076171875,31.64891815185547,,False,
1783703847.1515121,2026-07-10T10:17:27,278763,20260710_101720,,,,,,arming,,,,,,,,,False,0.023223211988806725,0.0041109551675617695,1.003252625465393,0.06163891777396202,0.18689902126789093,-0.25419455766677856,0.0,0.0,67.0,25.0,0.025,0.001861332100816071,-0.00030332928872667253,0.024587346240878105,0.009713012725114822,-0.0013246439630165696,0.0035784244537353516,0.2083473950624466,1.1783661842346191,0.008264346048235893,0.024622950702905655,0.003342621261253953,3.3620058275118936e-06,0.00023030089505482465,3.710850477218628,10.0,0.0,0.0,0.0,0.0,0.0,32.766,0.322,0.28300000000000003,0.34600000000000003,2.854,2018.7669677734375,809.9403076171875,31.64891815185547,,False,
1783703847.1617048,2026-07-10T10:17:27,278773,20260710_101720,,,,,,arming,,,,,,,,,False,0.02386956289410591,0.004275240004062653,0.9988301992416382,0.18920375406742096,-0.1957876980304718,0.19650806486606598,1.0,-3.0,71.0,25.0,0.025,0.002060031984001398,-0.00033091005752794445,0.02465934120118618,0.0101323826238513,-0.001442885142751038,0.00373568432405591,0.20975734293460846,1.173660159111023,0.008615827187895775,0.024622950702905655,0.003342621261253953,3.3620058275118936e-06,0.00023030089505482465,3.710850477218628,10.0,0.0,0.0,0.0,0.0,0.0,32.766,0.322,0.28300000000000003,0.34600000000000003,2.854,2018.7669677734375,809.9403076171875,31.64891815185547,,False,
1783703847.1718712,2026-07-10T10:17:27,278783,20260710_101720,,,,,,arming,,,,,,,,,False,0.02453264780342579,0.0030558439902961254,0.9987953305244446,0.30318015813827515,0.013827566988766193,0.05572555959224701,-1.0,5.0,58.0,25.0,0.025,0.002060031984001398,-0.00033091005752794445,0.02465934120118618,0.0101323826238513,-0.001442885142751038,0.00373568432405591,0.20975734293460846,1.173660159111023,0.008615827187895775,0.024622950702905655,0.003342621261253953,3.3620058275118936e-06,0.00023030089505482465,3.710850477218628,10.0,0.0,0.0,0.0,0.0,0.0,32.766,0.322,0.28300000000000003,0.34600000000000003,2.854,2018.7669677734375,809.9403076171875,31.64891815185547,,False,
1783703847.1820238,2026-07-10T10:17:27,278793,20260710_101720,,,,,,arming,,,,,,,,,False,0.02118644304573536,0.0021985680796205997,0.9997153878211975,0.025814028456807137,0.400887131690979,-0.0300129484385252,0.0,-1.0,53.0,25.0,0.025,0.0004399831232149154,-0.0002913950593210757,0.024767272174358368,0.002962410682812333,-0.0009565214277245104,0.004127738997340202,0.2059401571750641,1.244324803352356,0.00892014428973198,0.024622950702905655,0.003342621261253953,3.3620058275118936e-06,0.00023030089505482465,3.710850477218628,10.0,0.0,0.0,0.0,0.0,0.0,32.766,0.322,0.28300000000000003,0.34600000000000003,2.854,2018.7669677734375,809.9403076171875,31.64891815185547,,False,
1783703847.1922023,2026-07-10T10:17:27,278803,20260710_101720,,,,,,arming,,,,,,,,,False,0.022181415930390358,0.004807600751519203,1.0003647804260254,0.23092800378799438,0.3671594262123108,-0.16832095384597778,0.0,0.0,72.0,25.0,0.025,0.0004399831232149154,-0.0002913950593210757,0.024767272174358368,0.002962410682812333,-0.0009565214277245104,0.004127738997340202,0.2059401571750641,1.244324803352356,0.00892014428973198,0.02494296431541443,0.004401464480906725,3.22915502692922e-06,0.00020916189532727003,3.710850477218628,10.0,0.0,0.0,0.0,0.0,0.0,32.766,32.766,0.281,0.339,2.838,2018.7669677734375,809.9403076171875,31.64891815185547,,False,
1783703847.202351,2026-07-10T10:17:27,278813,20260710_101720,,,,,,arming,,,,,,,,,False,0.022408979013562202,0.003870028303936124,1.0013965368270874,0.12090159207582474,0.20435139536857605,-0.009350467473268509,0.0,0.0,62.0,25.0,0.025,0.0010116815101355314,-0.0002840917441062629,0.02494296431541443,0.005240425001829863,-0.000986639061011374,0.004510724917054176,0.20622633397579193,1.222141981124878,0.009052850306034088,0.02494296431541443,0.004401464480906725,3.22915502692922e-06,0.00020916189532727003,3.710850477218628,10.0,0.0,0.0,0.0,0.0,0.0,32.766,32.766,0.281,0.339,2.838,2018.7669677734375,809.9403076171875,31.64891815185547,,False,
1783703847.2125049,2026-07-10T10:17:27,278823,20260710_101720,,,,,,arming,,,,,,,,,False,0.023837635293602943,0.0024822030682116747,1.0015658140182495,-0.0027913192752748728,0.1425018459558487,0.09560347348451614,0.0,0.0,80.0,25.0,0.025,0.0010116815101355314,-0.0002840917441062629,0.02494296431541443,0.005240425001829863,-0.000986639061011374,0.004510724917054176,0.20622633397579193,1.222141981124878,0.009052850306034088,0.02494296431541443,0.004401464480906725,3.22915502692922e-06,0.00020916189532727003,3.710850477218628,10.0,0.0,0.0,0.0,0.0,0.0,32.766,32.766,0.281,0.339,2.838,2018.7669677734375,809.9403076171875,31.64891815185547,,False,
1783703847.2226596,2026-07-10T10:17:27,278833,20260710_101720,,,,,,arming,,,,,,,,,False,0.02506033144891262,0.0023170008789747953,0.9999651908874512,0.1900891363620758,-0.2641138434410095,0.3635801374912262,0.0,0.0,68.0,25.0,0.025,0.0011187369236722589,-0.0003025282931048423,0.02503451146185398,0.0054781679064035416,-0.0008808179409243166,0.004697387106716633,0.20917882025241852,1.2141560316085815,0.0075946589931845665,0.02494296431541443,0.004401464480906725,3.22915502692922e-06,0.00020916189532727003,3.710850477218628,10.0,0.0,0.0,0.0,0.0,0.0,32.766,32.766,0.281,0.339,2.838,2018.7669677734375,809.9403076171875,31.64891815185547,,False,
1783703847.2328558,2026-07-10T10:17:27,278843,20260710_101720,,,,,,arming,,,,,,,,,False,0.023872172459959984,0.0023986774031072855,0.997675895690918,0.3153231143951416,0.06989870965480804,0.06928145885467529,0.0,0.0,58.0,24.0,0.024,0.0011187369236722589,-0.0003025282931048423,0.02503451146185398,0.0054781679064035416,-0.0008808179409243166,0.004697387106716633,0.20917882025241852,1.2141560316085815,0.0075946589931845665,0.02494296431541443,0.004401464480906725,3.22915502692922e-06,0.00020916189532727003,3.710850477218628,10.0,0.0,0.0,0.0,0.0,0.0,32.766,32.766,0.281,0.339,2.838,2018.7669677734375,809.9403076171875,31.64891815185547,,False,
1783703847.2430198,2026-07-10T10:17:27,278853,20260710_101720,,,,,,arming,,,,,,,,,False,0.02603868395090103,0.0036792929749935865,0.997504472732544,0.36260348558425903,-0.21139928698539734,0.1101711243391037,0.0,1.0,63.0,24.0,0.024,0.0012377107050269842,-0.00032051309244707227,0.02465067431330681,0.00612553721293807,-0.0011283380445092916,0.002313657198101282,0.21131208539009094,1.2130383253097534,0.008571246638894081,0.024672942236065865,0.0020086856093257666,3.2983489290927537e-06,0.0002146851475117728,3.710850477218628,10.0,0.0,0.0,0.0,0.0,0.0,32.766,32.766,0.281,0.339,2.838,2018.6083984375,809.9542846679688,31.659019470214844,,False,
1783703847.253212,2026-07-10T10:17:27,278863,20260710_101720,,,,,,arming,,,,,,,,,False,0.023991402238607407,0.003688079072162509,0.9983109831809998,-0.11685287207365036,-0.6885529160499573,0.03996127471327782,0.0,-1.0,63.0,24.0,0.024,0.0012377107050269842,-0.00032051309244707227,0.02465067431330681,0.00612553721293807,-0.0011283380445092916,0.002313657198101282,0.21131208539009094,1.2130383253097534,0.008571246638894081,0.024672942236065865,0.0020086856093257666,3.2983489290927537e-06,0.0002146851475117728,3.710850477218628,10.0,0.0,0.0,0.0,0.0,0.0,32.766,32.766,0.281,0.339,2.838,2018.6083984375,809.9542846679688,31.659019470214844,,False,
1783703847.263415,2026-07-10T10:17:27,278873,20260710_101720,,,,,,arming,,,,,,,,,False,0.025446273386478424,0.0036770696751773357,0.9995028376579285,-0.05077684670686722,-0.054431091994047165,-0.002829434582963586,0.0,-4.0,70.0,24.0,0.024,0.0009462410234846175,-0.0002782794472295791,0.02469450980424881,0.005255757365375757,-0.0009608368272893131,0.0019626582507044077,0.21185627579689026,1.2251542806625366,0.008522113785147667,0.024672942236065865,0.0020086856093257666,3.2983489290927537e-06,0.0002146851475117728,3.710850477218628,10.0,0.0,0.0,0.0,0.0,0.0,32.766,32.766,0.281,0.339,2.838,2018.6083984375,809.9542846679688,31.659019470214844,,False,
1783703847.2735791,2026-07-10T10:17:27,278883,20260710_101720,,,,,,arming,,,,,,,,,False,0.025958823040127754,0.005113833583891392,0.9988417029380798,-0.005977987311780453,-0.046129606664180756,-0.030397512018680573,0.0,3.0,61.0,24.0,0.024,0.0009462410234846175,-0.0002782794472295791,0.02469450980424881,0.005255757365375757,-0.0009608368272893131,0.0019626582507044077,0.21185627579689026,1.2251542806625366,0.008522113785147667,0.024672942236065865,0.0020086856093257666,3.2983489290927537e-06,0.0002146851475117728,3.710850477218628,10.0,0.0,0.0,0.0,0.0,0.0,32.766,32.766,0.281,0.339,2.838,2018.6083984375,809.9542846679688,31.659019470214844,,False,
1783703847.2837284,2026-07-10T10:17:27,278893,20260710_101720,,,,,,arming,,,,,,,,,False,0.022844668477773666,0.004269114229828119,0.9972615242004395,0.021863479167222977,-0.10239157825708389,0.1797841340303421,0.0,2.0,58.0,27.0,0.027,0.0012822563294321299,-0.00025084844673983753,0.024749014526605606,0.0066703618504107,-0.0007516851765103638,0.0019159115618094802,0.2084733098745346,1.222499132156372,0.008741555735468864,0.024672942236065865,0.0020086856093257666,3.2983489290927537e-06,0.0002146851475117728,3.710850477218628,10.0,0.0,0.0,0.0,0.0,0.0,32.766,32.766,0.281,0.339,2.838,2018.6083984375,809.9542846679688,31.659019470214844,,False,
1783703847.2938757,2026-07-10T10:17:27,278903,20260710_101720,,,,,,arming,,,,,,,,,False,0.024376142770051956,0.004091626964509487,0.9990617036819458,0.24795597791671753,-0.11858361959457397,0.080314040184021,0.0,0.0,67.0,27.0,0.027,0.0012822563294321299,-0.00025084844673983753,0.024749014526605606,0.0066703618504107,-0.0007516851765103638,0.0019159115618094802,0.2084733098745346,1.222499132156372,0.008741555735468864,0.025852685794234276,0.007130796555429697,3.1654751637688605e-06,0.00019868803792633116,3.710850477218628,10.0,0.0,0.0,0.0,0.0,0.0,32.766,32.766,0.277,0.341,2.836,2018.6083984375,809.9542846679688,31.659019470214844,,False,
1783703847.304024,2026-07-10T10:17:27,278913,20260710_101720,,,,,,arming,,,,,,,,,False,0.02534056454896927,0.004163014702498913,1.0013195276260376,0.25344347953796387,0.09442966431379318,0.13327285647392273,0.0,0.0,64.0,27.0,0.027,0.000171330597368069,-0.00025639732484705746,0.025852685794234276,0.0023192015942186117,-0.0005608231294900179,0.0071816532872617245,0.20724016427993774,1.2628101110458374,0.008329890668392181,0.025852685794234276,0.007130796555429697,3.1654751637688605e-06,0.00019868803792633116,3.710850477218628,10.0,0.0,0.0,0.0,0.0,0.0,32.766,32.766,0.277,0.341,2.836,2018.6083984375,809.9542846679688,31.659019470214844,,False,
1783703847.3141987,2026-07-10T10:17:27,278923,20260710_101720,,,,,,arming,,,,,,,,,False,0.022787142544984818,0.005193877033889294,1.001762866973877,-0.1959855854511261,-0.18111905455589294,0.3965323567390442,0.0,-1.0,67.0,27.0,0.027,0.000171330597368069,-0.00025639732484705746,0.025852685794234276,0.0023192015942186117,-0.0005608231294900179,0.0071816532872617245,0.20724016427993774,1.2628101110458374,0.008329890668392181,0.025852685794234276,0.007130796555429697,3.1654751637688605e-06,0.00019868803792633116,3.710850477218628,10.0,0.0,0.0,0.0,0.0,0.0,32.766,32.766,0.277,0.341,2.836,2018.6083984375,809.9542846679688,31.659019470214844,,False,
1783703847.3243454,2026-07-10T10:17:27,278933,20260710_101720,,,,,,arming,,,,,,,,,False,0.023220837116241455,0.004188470542430878,0.9981762766838074,0.052396126091480255,-0.3697155714035034,0.020911533385515213,0.0,0.0,66.0,27.0,0.027,0.0006526902434416115,-0.0002482578274793923,0.025996899232268333,0.004592519719153643,-0.0003804388688877225,0.007277048658579588,0.2081160992383957,1.2444746494293213,0.008336330763995647,0.025852685794234276,0.007130796555429697,3.1654751637688605e-06,0.00019868803792633116,3.710850477218628,10.0,0.0,0.0,0.0,0.0,0.0,32.766,32.766,0.277,0.341,2.836,2018.6083984375,809.9542846679688,31.659019470214844,,False,
1783703847.3345149,2026-07-10T10:17:27,278946,20260710_101720,,,,,,arming,,,,,,,,,False,0.023655524477362633,0.004364336375147104,1.0007376670837402,0.0725526288151741,-0.048850566148757935,-0.18686732649803162,0.0,0.0,53.0,27.0,0.027,0.0007417767192237079,-0.00025546507094986737,0.026549814268946648,0.0048161884769797325,-0.00019919368787668645,0.00944205280393362,0.2081160992383957,1.2444746494293213,0.008336330763995647,0.025852685794234276,0.007130796555429697,3.1654751637688605e-06,0.00019868803792633116,3.710850477218628,10.0,0.0,0.0,0.0,0.0,0.0,32.766,32.766,0.277,0.341,2.836,2018.6083984375,809.9542846679688,31.659019470214844,,False,
1783703847.344706,2026-07-10T10:17:27,278953,20260710_101720,,,,,,arming,,,,,,,,,False,0.023220393806695938,0.0016328091733157635,1.0006427764892578,-0.005321812815964222,-0.10067875683307648,-0.17251041531562805,0.0,0.0,64.0,27.0,0.027,0.0007417767192237079,-0.00025546507094986737,0.026549814268946648,0.0048161884769797325,-0.00019919368787668645,0.00944205280393362,0.20633117854595184,1.2479356527328491,0.010744805447757244,0.026644689962267876,0.009423266164958477,3.2336868116544792e-06,0.0002027714072028175,3.710850477218628,10.0,0.0,0.0,0.0,0.0,0.0,32.766,32.766,0.277,0.341,2.836,2018.7176513671875,809.9448852539062,31.66388702392578,,False,
1783703847.3548698,2026-07-10T10:17:27,278966,20260710_101720,,,,,,arming,,,,,,,,,False,0.023909397423267365,0.0029610642232000828,1.0021913051605225,-0.13767042756080627,-0.47210848331451416,-0.03261300548911095,0.0,1.0,65.0,27.0,0.027,0.00012090995733160526,-0.00024450200726278126,0.02674109674990177,0.002255744067952037,-0.00025052487035281956,0.009629946202039719,0.20633117854595184,1.2479356527328491,0.010744805447757244,0.026644689962267876,0.009423266164958477,3.2336868116544792e-06,0.0002027714072028175,3.710850477218628,10.0,0.0,0.0,0.0,0.0,0.0,32.766,32.766,0.277,0.341,2.836,2018.7176513671875,809.9448852539062,31.66388702392578,,False,
1783703847.3650331,2026-07-10T10:17:27,278973,20260710_101720,,,,,,arming,,,,,,,,,False,0.02286512963473797,0.004669292364269495,1.000022292137146,0.0403907485306263,0.04583670571446419,0.051509760320186615,0.0,0.0,68.0,27.0,0.027,0.00012090995733160526,-0.00024450200726278126,0.02674109674990177,0.002255744067952037,-0.00025052487035281956,0.009629946202039719,0.2064419537782669,1.2709394693374634,0.008846992626786232,0.026644689962267876,0.009423266164958477,3.2336868116544792e-06,0.0002027714072028175,3.710850477218628,10.0,0.0,0.0,0.0,0.0,0.0,32.766,32.766,0.277,0.341,2.836,2018.7176513671875,809.9448852539062,31.66388702392578,,False,
1783703847.3752146,2026-07-10T10:17:27,278987,20260710_101720,,,,,,arming,,,,,,,,,False,0.024473344907164574,0.0036814368795603514,0.9983164668083191,-0.17376838624477386,0.04221487045288086,-0.12368594110012054,0.0,0.0,57.0,27.0,0.027,0.00016879968461580575,-0.0002498264657333493,0.026937220245599747,0.002496988046914339,-0.00022479600738734007,0.009885767474770546,0.20667985081672668,1.2697582244873047,0.008817051537334919,0.026644689962267876,0.009423266164958477,3.2336868116544792e-06,0.0002027714072028175,3.710850477218628,10.0,0.0,0.0,0.0,0.0,0.0,32.766,32.766,0.277,0.341,2.836,2018.7176513671875,809.9448852539062,31.66388702392578,,False,
1783703847.3853655,2026-07-10T10:17:27,278993,20260710_101720,,,,,,arming,,,,,,,,,False,0.024983614683151245,0.005141317844390869,0.9984826445579529,-0.08084157109260559,-0.04705742374062538,-0.03150125965476036,0.0,1.0,57.0,27.0,0.027,0.00016879968461580575,-0.0002498264657333493,0.026937220245599747,0.002496988046914339,-0.00022479600738734007,0.009885767474770546,0.20667985081672668,1.2697582244873047,0.008817051537334919,0.026644689962267876,0.009423266164958477,3.2336868116544792e-06,0.0002027714072028175,3.710850477218628,10.0,0.0,0.0,0.0,0.0,0.0,32.766,32.766,0.277,0.341,2.836,2018.7176513671875,809.9448852539062,31.66388702392578,,False,
1783703847.3955185,2026-07-10T10:17:27,279007,20260710_101720,,,,,,arming,,,,,,,,,False,0.023511169478297234,0.003836429677903652,0.9993879795074463,-0.020742014050483704,-0.30032309889793396,-0.12439645081758499,0.0,-2.0,69.0,27.0,0.027,0.0005888137966394424,-0.00023952564515639096,0.027117256075143814,0.00451666209846735,-1.4772054782952182e-05,0.009544654749333858,0.2058042734861374,1.2533971071243286,0.00929962657392025,0.027115244418382645,0.00951817724853754,3.110086936430889e-06,0.00018836477829609066,3.7161290645599365,10.0,0.0,0.0,0.0,0.0,0.0,32.766,32.766,0.279,0.34500000000000003,2.824,2018.7176513671875,809.9448852539062,31.66388702392578,,False,
1783703847.405683,2026-07-10T10:17:27,279013,20260710_101720,,,,,,arming,,,,,,,,,False,0.023047447204589844,0.0035053405445069075,0.9985446929931641,-0.025497624650597572,0.2444101721048355,0.058113716542720795,-1.0,0.0,62.0,27.0,0.027,0.0005888137966394424,-0.00023952564515639096,0.027117256075143814,0.00451666209846735,-1.4772054782952182e-05,0.009544654749333858,0.2058042734861374,1.2533971071243286,0.00929962657392025,0.027115244418382645,0.00951817724853754,3.110086936430889e-06,0.00018836477829609066,3.7161290645599365,10.0,0.0,0.0,0.0,0.0,0.0,32.766,32.766,0.279,0.34500000000000003,2.824,2018.7176513671875,809.9448852539062,31.66388702392578,,False,
1783703847.4158862,2026-07-10T10:17:27,279026,20260710_101720,,,,,,arming,,,,,,,,,False,0.025058167055249214,0.0018388069001957774,0.9973334074020386,0.08366265892982483,-0.022348865866661072,-0.026497652754187584,0.0,0.0,56.0,27.0,0.027,0.0005643924232572317,0.00028068997198715806,0.027306877076625824,0.004382191225886345,0.0020012487657368183,0.009365638718008995,0.2058042734861374,1.2533971071243286,0.00929962657392025,0.027115244418382645,0.00951817724853754,3.110086936430889e-06,0.00018836477829609066,3.7161290645599365,10.0,0.0,0.0,0.0,0.0,0.0,32.766,32.766,0.279,0.34500000000000003,2.824,2018.7176513671875,809.9448852539062,31.66388702392578,,False,
1783703847.4260619,2026-07-10T10:17:27,279033,20260710_101720,,,,,,arming,,,,,,,,,False,0.026693640276789665,0.0026247964706271887,0.9990299940109253,-0.17611950635910034,-0.04191350191831589,-0.1458594799041748,0.0,0.0,65.0,27.0,0.027,0.0005643924232572317,0.00028068997198715806,0.027306877076625824,0.004382191225886345,0.0020012487657368183,0.009365638718008995,0.18918339908123016,1.2552756071090698,0.009083201177418232,0.027115244418382645,0.00951817724853754,3.110086936430889e-06,0.00018836477829609066,3.7161290645599365,10.0,0.0,0.0,0.0,0.0,0.0,32.766,32.766,0.279,0.34500000000000003,2.824,2018.7176513671875,809.9448852539062,31.66388702392578,,False,
1783703847.4363449,2026-07-10T10:17:27,279048,20260710_101720,,,,,,arming,,,,,,,,,False,0.02325650118291378,0.0012973630800843239,1.0023397207260132,-0.07748152315616608,0.039571162313222885,-0.02737913653254509,0.0,0.0,61.0,23.0,0.023,0.0006924576591700315,0.0003270125307608396,0.025599405169487,0.00526066729798913,0.0018516757991164923,-0.0005625569610856473,0.18947403132915497,1.2551475763320923,0.007984565570950508,0.02559487894177437,-0.0004659312835428864,3.1807569484954e-06,0.00019995465117972344,3.7161290645599365,10.0,0.0,0.0,0.0,0.0,0.0,32.766,32.766,0.279,0.34500000000000003,2.824,2018.7176513671875,809.9448852539062,31.66388702392578,,False,
1783703847.4465053,2026-07-10T10:17:27,279053,20260710_101720,,,,,,arming,,,,,,,,,False,0.023527495563030243,0.002000032924115658,0.9999169707298279,0.21717797219753265,0.09601785242557526,-0.3123878240585327,0.0,0.0,69.0,23.0,0.023,0.0006924576591700315,0.0003270125307608396,0.025599405169487,0.00526066729798913,0.0018516757991164923,-0.0005625569610856473,0.18947403132915497,1.2551475763320923,0.007984565570950508,0.02559487894177437,-0.0004659312835428864,3.1807569484954e-06,0.00019995465117972344,3.7161290645599365,10.0,0.0,0.0,0.0,0.0,0.0,32.766,32.766,0.279,0.34500000000000003,2.824,2018.47705078125,809.9660034179688,31.673017501831055,,False,
1783703847.4566655,2026-07-10T10:17:27,279067,20260710_101720,,,,,,arming,,,,,,,,,False,0.024486003443598747,0.0031626722775399685,1.0002881288528442,0.132835254073143,-0.15118129551410675,-0.03669913858175278,0.0,0.0,63.0,23.0,0.023,0.0008004845585674047,0.0003606933751143515,0.02559169940650463,0.0055472636595368385,0.0015403267461806536,-0.00029319533496163785,0.19203980267047882,1.2518236637115479,0.005240767728537321,0.02559487894177437,-0.0004659312835428864,3.1807569484954e-06,0.00019995465117972344,3.7161290645599365,10.0,0.0,0.0,0.0,0.0,0.0,32.766,32.766,0.279,0.34500000000000003,2.824,2018.47705078125,809.9660034179688,31.673017501831055,,False,
1783703847.4668415,2026-07-10T10:17:27,279073,20260710_101720,,,,,,arming,,,,,,,,,False,0.025255242362618446,0.0035471210721880198,1.001297950744629,0.048616014420986176,0.0172975342720747,0.14566770195960999,0.0,0.0,69.0,23.0,0.023,0.0008004845585674047,0.0003606933751143515,0.02559169940650463,0.0055472636595368385,0.0015403267461806536,-0.00029319533496163785,0.19203980267047882,1.2518236637115479,0.005240767728537321,0.02559487894177437,-0.0004659312835428864,3.1807569484954e-06,0.00019995465117972344,3.7161290645599365,10.0,0.0,0.0,0.0,0.0,0.0,32.766,32.766,0.279,0.34500000000000003,2.824,2018.47705078125,809.9660034179688,31.673017501831055,,False,
1783703847.4770017,2026-07-10T10:17:27,279087,20260710_101720,,,,,,arming,,,,,,,,,False,0.024143870919942856,0.0028866929933428764,0.9987447261810303,0.013976880349218845,-0.11419408768415451,0.12944713234901428,0.0,0.0,55.0,23.0,0.023,0.0009164889925159514,0.0003909184015356004,0.025587409734725952,0.006099785678088665,0.0015068250941112638,-0.00010729773930506781,0.19312183558940887,1.2495306730270386,0.005320326425135136,0.02559487894177437,-0.0004659312835428864,3.1807569484954e-06,0.00019995465117972344,3.7161290645599365,10.0,0.0,0.0,0.0,0.0,0.0,32.766,32.766,0.279,0.34500000000000003,2.824,2018.47705078125,809.9660034179688,31.673017501831055,,False,
1783703847.4872284,2026-07-10T10:17:27,279099,20260710_101720,,,,,,arming,,,,,,,,,False,0.02477456070482731,0.0017605321481823921,0.9988247156143188,0.17810536921024323,-0.15054818987846375,-0.12569871544837952,0.0,1.0,55.0,26.0,0.026,0.0009164889925159514,0.0003909184015356004,0.025587409734725952,0.006099785678088665,0.0015068250941112638,-0.00010729773930506781,0.19312183558940887,1.2495306730270386,0.005320326425135136,0.025777330622076988,0.0005971716018393636,3.0756409614696167e-06,0.00018699215434025973,3.7161290645599365,10.0,0.0,0.0,0.0,0.0,0.0,32.766,32.766,0.279,0.34500000000000003,2.824,2018.47705078125,809.9660034179688,31.673017501831055,,False,
1783703847.4974566,2026-07-10T10:17:27,279107,20260710_101720,,,,,,arming,,,,,,,,,False,0.02679523639380932,0.005090004298835993,1.0001908540725708,-0.1439359337091446,0.017116839066147804,0.017534397542476654,0.0,-1.0,67.0,26.0,0.026,0.0006701246020384133,0.00033623428316786885,0.025777213275432587,0.005256495904177427,0.0010595314670354128,0.0006772467750124633,0.19609446823596954,1.2602325677871704,0.005922029260545969,0.025777330622076988,0.0005971716018393636,3.0756409614696167e-06,0.00018699215434025973,3.7161290645599365,10.0,0.0,0.0,0.0,0.0,0.0,32.766,32.766,0.28300000000000003,32.766,2.851,2018.47705078125,809.9660034179688,31.673017501831055,,False,
1783703847.5076182,2026-07-10T10:17:27,279113,20260710_101720,,,,,,arming,,,,,,,,,False,0.024158833548426628,0.0038005930837243795,1.0010077953338623,-0.1881682276725769,-0.14193777740001678,0.07222005724906921,2.0,-4.0,66.0,26.0,0.026,0.0006701246020384133,0.00033623428316786885,0.025777213275432587,0.005256495904177427,0.0010595314670354128,0.0006772467750124633,0.19609446823596954,1.2602325677871704,0.005922029260545969,0.025777330622076988,0.0005971716018393636,3.0756409614696167e-06,0.00018699215434025973,3.7161290645599365,10.0,0.0,0.0,0.0,0.0,0.0,32.766,32.766,0.28300000000000003,32.766,2.851,2018.47705078125,809.9660034179688,31.673017501831055,,False,
1783703847.5177772,2026-07-10T10:17:27,279127,20260710_101720,,,,,,arming,,,,,,,,,False,0.023045267909765244,0.00287787988781929,0.998080313205719,0.18264998495578766,0.05690321698784828,0.25823450088500977,-1.0,3.0,64.0,26.0,0.026,0.0009969297097995877,-0.0002247936645289883,0.025806887075304985,0.006570757366716862,-0.0009602074860595167,0.0008556646062061191,0.21239282190799713,1.2528318166732788,0.005553028546273708,0.025777330622076988,0.0005971716018393636,3.0756409614696167e-06,0.00018699215434025973,3.7161290645599365,10.0,0.0,0.0,0.0,0.0,0.0,32.766,32.766,0.28300000000000003,32.766,2.851,2018.47705078125,809.9660034179688,31.673017501831055,,False,
1783703847.5279446,2026-07-10T10:17:27,279133,20260710_101720,,,,,,arming,,,,,,,,,False,0.019535887986421585,0.0027843972202390432,0.9985487461090088,-0.031066564843058586,0.0551079697906971,-5.563969170907512e-05,0.0,0.0,61.0,26.0,0.026,0.0009969297097995877,-0.0002247936645289883,0.025806887075304985,0.006570757366716862,-0.0009602074860595167,0.0008556646062061191,0.21239282190799713,1.2528318166732788,0.005553028546273708,0.025777330622076988,0.0005971716018393636,3.0756409614696167e-06,0.00018699215434025973,3.7161290645599365,10.0,0.0,0.0,0.0,0.0,0.0,32.766,32.766,0.28300000000000003,32.766,2.851,2018.47705078125,809.9660034179688,31.673017501831055,,False,
1783703847.5381198,2026-07-10T10:17:27,279149,20260710_101720,,,,,,arming,,,,,,,,,False,0.0223854947835207,0.002973458729684353,0.9970840811729431,0.1403723508119583,0.22420941293239594,-0.15410855412483215,0.0,1.0,61.0,27.0,0.027,0.0004601344116963446,-0.00021907957852818072,0.0263280738145113,0.003904367797076702,-0.0010330581571906805,0.0031740807462483644,0.21300360560417175,1.2716442346572876,0.006331322249025106,0.026358647271990776,0.002857253886759281,3.1484803457715316e-06,0.00018737255595624447,3.7161290645599365,10.0,0.0,0.0,0.0,0.0,0.0,32.766,32.766,0.28300000000000003,32.766,2.851,2018.47705078125,809.9660034179688,31.673017501831055,,False,
1783703847.5483124,2026-07-10T10:17:27,279153,20260710_101720,,,,,,arming,,,,,,,,,False,0.024584300816059113,0.0033553934190422297,0.999596118927002,0.10958374291658401,-0.047304704785346985,-0.004407859873026609,0.0,0.0,71.0,27.0,0.027,0.0004601344116963446,-0.00021907957852818072,0.0263280738145113,0.003904367797076702,-0.0010330581571906805,0.0031740807462483644,0.21300360560417175,1.2716442346572876,0.006331322249025106,0.026358647271990776,0.002857253886759281,3.1484803457715316e-06,0.00018737255595624447,3.7161290645599365,10.0,0.0,0.0,0.0,0.0,0.0,32.766,32.766,0.28300000000000003,32.766,2.851,2018.488037109375,809.9652709960938,31.679899215698242,,False,
1783703847.5584881,2026-07-10T10:17:27,279167,20260710_101720,,,,,,arming,,,,,,,,,False,0.02721189334988594,0.0028941757045686245,1.0007662773132324,0.14494863152503967,0.14526699483394623,-0.033624421805143356,0.0,-2.0,60.0,27.0,0.027,0.0014379470376297832,-0.0002198486472479999,0.026387689635157585,0.007702987641096115,-0.001058631925843656,0.0029491872992366552,0.21497933566570282,1.2371957302093506,0.004867461044341326,0.026358647271990776,0.002857253886759281,3.1484803457715316e-06,0.00018737255595624447,3.7161290645599365,10.0,0.0,0.0,0.0,0.0,0.0,32.766,32.766,0.28300000000000003,32.766,2.851,2018.488037109375,809.9652709960938,31.679899215698242,,False,
1783703847.5686495,2026-07-10T10:17:27,279173,20260710_101720,,,,,,arming,,,,,,,,,False,0.024271285161376,0.004453335888683796,1.0010830163955688,0.08568471670150757,0.6263771653175354,0.08002275228500366,1.0,-2.0,71.0,27.0,0.027,0.0014379470376297832,-0.0002198486472479999,0.026387689635157585,0.007702987641096115,-0.001058631925843656,0.0029491872992366552,0.21497933566570282,1.2371957302093506,0.004867461044341326,0.026358647271990776,0.002857253886759281,3.1484803457715316e-06,0.00018737255595624447,3.7161290645599365,10.0,0.0,0.0,0.0,0.0,0.0,32.766,32.766,0.28300000000000003,32.766,2.851,2018.488037109375,809.9652709960938,31.679899215698242,,False,
1783703847.5788207,2026-07-10T10:17:27,279187,20260710_101720,,,,,,arming,,,,,,,,,False,0.0230120699852705,0.005386434495449066,1.0030748844146729,0.1209748312830925,-0.3793982267379761,-0.14174795150756836,-1.0,3.0,60.0,27.0,0.027,0.0007706200703978539,-0.0001964332041097805,0.026460474357008934,0.005165526643395424,-0.0008555043023079634,0.003302271943539381,0.21313363313674927,1.258527159690857,0.004962474573403597,0.026358647271990776,0.002857253886759281,3.1484803457715316e-06,0.00018737255595624447,3.7161290645599365,10.0,0.0,0.0,0.0,0.0,0.0,32.766,32.766,0.28300000000000003,32.766,2.851,2018.488037109375,809.9652709960938,31.679899215698242,,False,
1783703847.5890188,2026-07-10T10:17:27,279200,20260710_101720,,,,,,arming,,,,,,,,,False,0.023692511022090912,0.0037557962350547314,0.9986214637756348,0.1001654714345932,0.05843513831496239,-0.03299357742071152,0.0,2.0,62.0,24.0,0.024,0.0007706200703978539,-0.0001964332041097805,0.026460474357008934,0.005165526643395424,-0.0008555043023079634,0.003302271943539381,0.21313363313674927,1.258527159690857,0.004962474573403597,0.025384249165654182,-0.002285685855895281,3.038797558474471e-06,0.00017833161109592766,3.710850477218628,10.0,0.0,0.0,0.0,0.0,0.0,32.766,32.766,0.279,0.34,2.842,2018.488037109375,809.9652709960938,31.679899215698242,,False,
1783703847.5992277,2026-07-10T10:17:27,279211,20260710_101720,,,,,,arming,,,,,,,,,False,0.026694195345044136,0.0021919230930507183,0.9974907040596008,0.10612735152244568,0.5111070871353149,-0.05263930559158325,0.0,0.0,66.0,24.0,0.024,-0.00012406893074512482,-0.00018927518976852298,0.025384249165654182,0.0016198890516534448,-0.0006286576390266418,-0.0022520979400724173,0.2127908617258072,1.2913564443588257,0.002650531707331538,0.025384249165654182,-0.002285685855895281,3.038797558474471e-06,0.00017833161109592766,3.710850477218628,10.0,0.0,0.0,0.0,0.0,0.0,32.766,32.766,0.279,0.34,2.842,2018.488037109375,809.9652709960938,31.679899215698242,,False,
1783703847.6094756,2026-07-10T10:17:27,279221,20260710_101720,,,,,,arming,,,,,,,,,False,0.025217987596988678,0.003426996758207679,1.0003949403762817,0.13708361983299255,-0.021667899563908577,-0.08420257270336151,0.0,-1.0,67.0,24.0,0.024,-0.00012406893074512482,-0.00018927518976852298,0.025384249165654182,0.0016198890516534448,-0.0006286576390266418,-0.0022520979400724173,0.2127908617258072,1.2913564443588257,0.002650531707331538,0.025384249165654182,-0.002285685855895281,3.038797558474471e-06,0.00017833161109592766,3.710850477218628,10.0,0.0,0.0,0.0,0.0,0.0,32.766,32.766,0.279,0.34,2.842,2018.488037109375,809.9652709960938,31.679899215698242,,False,
1783703847.6196465,2026-07-10T10:17:27,279231,20260710_101720,,,,,,arming,,,,,,,,,False,0.02288767509162426,0.00065393908880651,0.9996601343154907,0.04830123111605644,-0.42020779848098755,-0.14917446672916412,0.0,-1.0,63.0,24.0,0.024,0.0006826478056609631,-0.00017614955140743405,0.025337370112538338,0.005231514107435942,-0.000882508116774261,-0.0025331140495836735,0.2123756855726242,1.2618303298950195,0.005230308976024389,0.025384249165654182,-0.002285685855895281,3.038797558474471e-06,0.00017833161109592766,3.710850477218628,10.0,0.0,0.0,0.0,0.0,0.0,32.766,32.766,0.279,0.34,2.842,2018.488037109375,809.9652709960938,31.679899215698242,,False,
1783703847.62981,2026-07-10T10:17:27,279241,20260710_101720,,,,,,arming,,,,,,,,,False,0.024691425263881683,0.002385777421295643,0.9996631145477295,0.16636447608470917,-0.18707777559757233,0.1034582331776619,0.0,0.0,63.0,24.0,0.024,0.0006826478056609631,-0.00017614955140743405,0.025337370112538338,0.005231514107435942,-0.000882508116774261,-0.0025331140495836735,0.2123756855726242,1.2618303298950195,0.005230308976024389,0.025384249165654182,-0.002285685855895281,3.038797558474471e-06,0.00017833161109592766,3.710850477218628,10.0,0.0,0.0,0.0,0.0,0.0,32.766,32.766,0.279,0.34,2.842,2018.488037109375,809.9652709960938,31.679899215698242,,False,
1783703847.639968,2026-07-10T10:17:27,279251,20260710_101720,,,,,,arming,,,,,,,,,False,0.027639448642730713,0.0025822375901043415,0.999189019203186,-0.13006776571273804,-0.29700541496276855,0.2876747250556946,0.0,0.0,65.0,24.0,0.024,0.0008012907346710563,-0.00019350774527993053,0.024734007194638252,0.0056879171170294285,-0.0012345843715593219,-0.005262156017124653,0.2135196030139923,1.262554407119751,0.0045584808103740215,0.024681420996785164,-0.005380561575293541,3.1052491067384835e-06,0.00018166292284149677,3.710850477218628,10.0,0.0,0.0,0.0,0.0,0.0,32.766,32.766,0.279,0.34,2.842,2018.488037109375,809.9652709960938,31.679899215698242,,False,
1783703847.6501791,2026-07-10T10:17:27,279261,20260710_101720,,,,,,arming,,,,,,,,,False,0.023758532479405403,0.0023776902817189693,0.9990842342376709,0.04169692099094391,-0.17233766615390778,-0.22168026864528656,0.0,0.0,73.0,24.0,0.024,0.0008012907346710563,-0.00019350774527993053,0.024734007194638252,0.0056879171170294285,-0.0012345843715593219,-0.005262156017124653,0.2135196030139923,1.262554407119751,0.0045584808103740215,0.024681420996785164,-0.005380561575293541,3.1052491067384835e-06,0.00018166292284149677,3.710850477218628,10.0,0.0,0.0,0.0,0.0,0.0,32.766,32.766,0.279,0.34,2.842,2018.6466064453125,809.9510498046875,31.68178367614746,,False,
1783703847.6604066,2026-07-10T10:17:27,279271,20260710_101720,,,,,,arming,,,,,,,,,False,0.022359734401106834,0.002736723516136408,0.9994813799858093,0.22336167097091675,0.43336591124534607,-0.10726650059223175,0.0,0.0,62.0,24.0,0.024,0.000921895494684577,-0.00022083408839534968,0.02462872676551342,0.006448263768106699,-0.0014981692656874657,-0.005283796694129705,0.2135915756225586,1.262955904006958,0.006438974291086197,0.024681420996785164,-0.005380561575293541,3.1052491067384835e-06,0.00018166292284149677,3.710850477218628,10.0,0.0,0.0,0.0,0.0,0.0,32.766,32.766,0.279,0.34,2.842,2018.6466064453125,809.9510498046875,31.68178367614746,,False,
1783703847.6705825,2026-07-10T10:17:27,279281,20260710_101720,,,,,,arming,,,,,,,,,False,0.020215444266796112,0.002736742375418544,1.001701831817627,0.1346645951271057,-0.09939094632863998,-0.16369469463825226,0.0,0.0,72.0,24.0,0.024,0.000921895494684577,-0.00022083408839534968,0.02462872676551342,0.006448263768106699,-0.0014981692656874657,-0.005283796694129705,0.2135915756225586,1.262955904006958,0.006438974291086197,0.024681420996785164,-0.005380561575293541,3.1052491067384835e-06,0.00018166292284149677,3.710850477218628,10.0,0.0,0.0,0.0,0.0,0.0,32.766,32.766,0.279,0.34,2.842,2018.6466064453125,809.9510498046875,31.68178367614746,,False,
1783703847.6807394,2026-07-10T10:17:27,279291,20260710_101720,,,,,,arming,,,,,,,,,False,0.022383268922567368,0.004685643594712019,1.0006552934646606,-0.16164110600948334,0.18153731524944305,-0.05608494207262993,0.0,0.0,57.0,24.0,0.024,0.0010538626229390502,-0.0002532242506276816,0.024522269144654274,0.006694904528558254,-0.0017292317934334278,-0.005326726008206606,0.21681424975395203,1.260269284248352,0.005128026939928532,0.024681420996785164,-0.005380561575293541,3.1052491067384835e-06,0.00018166292284149677,3.710850477218628,10.0,0.0,0.0,0.0,0.0,0.0,32.766,32.766,0.279,0.34,2.842,2018.6466064453125,809.9510498046875,31.68178367614746,,False,
1783703847.6908906,2026-07-10T10:17:27,279301,20260710_101720,,,,,,arming,,,,,,,,,False,0.024725565686821938,0.0017221568850800395,1.0004829168319702,-0.1771164983510971,-0.22341997921466827,0.06633615493774414,0.0,1.0,55.0,25.0,0.025,0.0010538626229390502,-0.0002532242506276816,0.024522269144654274,0.006694904528558254,-0.0017292317934334278,-0.005326726008206606,0.21681424975395203,1.260269284248352,0.005128026939928532,0.024661554023623466,-0.003902020398527384,3.004085101565579e-06,0.00017537272651679814,3.7161290645599365,10.0,0.0,0.0,0.0,0.0,0.0,0.277,32.766,0.28300000000000003,0.34400000000000003,2.843,2018.6466064453125,809.9510498046875,31.68178367614746,,False,
1783703847.7010434,2026-07-10T10:17:27,279311,20260710_101720,,,,,,arming,,,,,,,,,False,0.025008145719766617,0.0027814554050564766,1.0011686086654663,0.45022571086883545,0.024460187181830406,-0.167388454079628,0.0,0.0,59.0,25.0,0.025,0.0005088370526209474,-0.00023961819533724338,0.024661554023623466,0.003973368089646101,-0.0015646719839423895,-0.003820253536105156,0.215055450797081,1.2779260873794556,0.005665893666446209,0.024661554023623466,-0.003902020398527384,3.004085101565579e-06,0.00017537272651679814,3.7161290645599365,10.0,0.0,0.0,0.0,0.0,0.0,0.277,32.766,0.28300000000000003,0.34400000000000003,2.843,2018.6466064453125,809.9510498046875,31.68178367614746,,False,
1783703847.7112644,2026-07-10T10:17:27,279323,20260710_101720,,,,,,arming,,,,,,,,,False,0.022776175290346146,0.004752258770167828,0.9997953176498413,-0.1682000607252121,0.15372025966644287,0.22529488801956177,0.0,-1.0,60.0,25.0,0.025,0.0005088370526209474,-0.00023961819533724338,0.024661554023623466,0.003973368089646101,-0.0015646719839423895,-0.003820253536105156,0.215055450797081,1.2779260873794556,0.005665893666446209,0.024661554023623466,-0.003902020398527384,3.004085101565579e-06,0.00017537272651679814,3.7161290645599365,10.0,0.0,0.0,0.0,0.0,0.0,0.277,32.766,0.28300000000000003,0.34400000000000003,2.843,2018.6466064453125,809.9510498046875,31.68178367614746,,False,
1783703847.7214193,2026-07-10T10:17:27,279333,20260710_101720,,,,,,arming,,,,,,,,,False,0.023126060143113136,0.0024678073823451996,0.9963697791099548,-0.15763206779956818,-0.1557263731956482,0.0069943442940711975,0.0,1.0,60.0,25.0,0.025,0.001004079356789589,-0.0002273371646879241,0.024586346000432968,0.0061145867221057415,-0.0016202469123527408,-0.003641771385446191,0.2165677696466446,1.2648872137069702,0.004884046968072653,0.024661554023623466,-0.003902020398527384,3.004085101565579e-06,0.00017537272651679814,3.7161290645599365,10.0,0.0,0.0,0.0,0.0,0.0,0.277,32.766,0.28300000000000003,0.34400000000000003,2.843,2018.6466064453125,809.9510498046875,31.68178367614746,,False,
1783703847.731576,2026-07-10T10:17:27,279343,20260710_101720,,,,,,arming,,,,,,,,,False,0.02444971352815628,0.003081312170252204,0.9963175058364868,0.21174414455890656,0.0422169528901577,0.02379707247018814,0.0,0.0,62.0,25.0,0.025,0.001004079356789589,-0.0002273371646879241,0.024586346000432968,0.0061145867221057415,-0.0016202469123527408,-0.003641771385446191,0.2165677696466446,1.2648872137069702,0.004884046968072653,0.024661554023623466,-0.003902020398527384,3.004085101565579e-06,0.00017537272651679814,3.7161290645599365,10.0,0.0,0.0,0.0,0.0,0.0,0.277,32.766,0.28300000000000003,0.34400000000000003,2.843,2018.6466064453125,809.9510498046875,31.68178367614746,,False,
1783703847.741732,2026-07-10T10:17:27,279353,20260710_101720,,,,,,arming,,,,,,,,,False,0.024910155683755875,0.0030191182158887386,1.0009080171585083,0.02565048821270466,-0.17423833906650543,-0.12287528812885284,0.0,0.0,74.0,25.0,0.025,0.0004639110411517322,-0.00021881329303141683,0.024700986221432686,0.003750860458239913,-0.0014885448617860675,-0.003039039671421051,0.2134326696395874,1.2822004556655884,0.005741039291024208,0.02466914802789688,-0.0034108818508684635,3.0776498078921577e-06,0.00018012445070780814,3.7161290645599365,10.0,0.0,0.0,0.0,0.0,0.0,0.277,32.766,0.28300000000000003,0.34400000000000003,2.843,2018.5809326171875,809.9567260742188,31.690858840942383,,False,
1783703847.7518985,2026-07-10T10:17:27,279363,20260710_101720,,,,,,arming,,,,,,,,,False,0.024471143260598183,0.0028925701044499874,1.001082420349121,0.015373089350759983,-0.01025601476430893,-0.1374187171459198,0.0,0.0,63.0,25.0,0.025,0.0004639110411517322,-0.00021881329303141683,0.024700986221432686,0.003750860458239913,-0.0014885448617860675,-0.003039039671421051,0.2134326696395874,1.2822004556655884,0.005741039291024208,0.02466914802789688,-0.0034108818508684635,3.0776498078921577e-06,0.00018012445070780814,3.7161290645599365,10.0,0.0,0.0,0.0,0.0,0.0,0.277,32.766,0.28300000000000003,0.34400000000000003,2.843,2018.5809326171875,809.9567260742188,31.690858840942383,,False,
1783703847.7620912,2026-07-10T10:17:27,279373,20260710_101720,,,,,,arming,,,,,,,,,False,0.026531634852290154,0.003810485824942589,1.0025361776351929,0.011230826377868652,-0.0418073870241642,0.15511678159236908,0.0,-1.0,73.0,25.0,0.025,0.0005436080973595381,-0.00024990912061184645,0.02463637851178646,0.0042128972709178925,-0.0016225673025473952,-0.003225314663723111,0.21486175060272217,1.2803878784179688,0.005045710597187281,0.02466914802789688,-0.0034108818508684635,3.0776498078921577e-06,0.00018012445070780814,3.7161290645599365,10.0,0.0,0.0,0.0,0.0,0.0,0.277,32.766,0.28300000000000003,0.34400000000000003,2.843,2018.5809326171875,809.9567260742188,31.690858840942383,,False,
1783703847.7723124,2026-07-10T10:17:27,279383,20260710_101720,,,,,,arming,,,,,,,,,False,0.024704037234187126,0.0034159154165536165,1.0014945268630981,0.015199273824691772,0.18726886808872223,0.06900915503501892,0.0,2.0,59.0,25.0,0.025,0.0005436080973595381,-0.00024990912061184645,0.02463637851178646,0.0042128972709178925,-0.0016225673025473952,-0.003225314663723111,0.21486175060272217,1.2803878784179688,0.005045710597187281,0.02466914802789688,-0.0034108818508684635,3.0776498078921577e-06,0.00018012445070780814,3.7161290645599365,10.0,0.0,0.0,0.0,0.0,0.0,0.277,32.766,0.28300000000000003,0.34400000000000003,2.843,2018.5809326171875,809.9567260742188,31.690858840942383,,False,
1783703847.782477,2026-07-10T10:17:27,279393,20260710_101720,,,,,,arming,,,,,,,,,False,0.020863575860857964,0.0047618611715734005,0.9986213445663452,0.17993202805519104,0.06636383384466171,-0.09200844168663025,0.0,0.0,60.0,24.0,0.024,-5.885273276362568e-05,-0.00020061117538716644,0.024579089134931564,0.001981494016945362,-0.0013953698799014091,-0.0027533909305930138,0.21102920174598694,1.3008061647415161,0.0035604985896497965,0.02466914802789688,-0.0034108818508684635,3.0776498078921577e-06,0.00018012445070780814,3.7161290645599365,10.0,0.0,0.0,0.0,0.0,0.0,0.277,32.766,0.28300000000000003,0.34400000000000003,2.843,2018.5809326171875,809.9567260742188,31.690858840942383,,False,
1783703847.7926385,2026-07-10T10:17:27,279403,20260710_101720,,,,,,arming,,,,,,,,,False,0.022320950403809547,0.004679453559219837,0.9987267255783081,0.16285988688468933,0.0838959738612175,0.0723063051700592,0.0,-2.0,63.0,24.0,0.024,-5.885273276362568e-05,-0.00020061117538716644,0.024579089134931564,0.001981494016945362,-0.0013953698799014091,-0.0027533909305930138,0.21102920174598694,1.3008061647415161,0.0035604985896497965,0.02427639253437519,-0.003956046886742115,2.9872865070501575e-06,0.0001747730275383219,3.710850477218628,10.0,0.0,0.0,0.0,0.0,0.0,0.28200000000000003,0.316,0.28300000000000003,32.766,2.841,2018.5809326171875,809.9567260742188,31.690858840942383,,False,
1783703847.8028145,2026-07-10T10:17:27,279413,20260710_101720,,,,,,arming,,,,,,,,,False,0.025486405938863754,0.005121865775436163,0.999963641166687,0.09654763340950012,0.2887327969074249,0.08576767146587372,0.0,1.0,67.0,24.0,0.024,0.0009118153247982264,-0.00019817549036815763,0.024277232587337494,0.0056802015751600266,-0.00118734291754663,-0.0039067622274160385,0.20975397527217865,1.267998456954956,0.003550122259184718,0.02427639253437519,-0.003956046886742115,2.9872865070501575e-06,0.0001747730275383219,3.710850477218628,10.0,0.0,0.0,0.0,0.0,0.0,0.28200000000000003,0.316,0.28300000000000003,32.766,2.841,2018.5809326171875,809.9567260742188,31.690858840942383,,False,
1783703847.8129714,2026-07-10T10:17:27,279423,20260710_101720,,,,,,arming,,,,,,,,,False,0.02542736567556858,0.005076391622424126,0.9986459612846375,-0.036405473947525024,-0.12771719694137573,-0.12247756868600845,0.0,0.0,59.0,24.0,0.024,0.0009118153247982264,-0.00019817549036815763,0.024277232587337494,0.0056802015751600266,-0.00118734291754663,-0.0039067622274160385,0.20975397527217865,1.267998456954956,0.003550122259184718,0.02427639253437519,-0.003956046886742115,2.9872865070501575e-06,0.0001747730275383219,3.710850477218628,10.0,0.0,0.0,0.0,0.0,0.0,0.28200000000000003,0.316,0.28300000000000003,32.766,2.841,2018.5809326171875,809.9567260742188,31.690858840942383,,False,
1783703847.8231683,2026-07-10T10:17:27,279433,20260710_101720,,,,,,arming,,,,,,,,,False,0.023829763755202293,0.0024069694336503744,0.9980952739715576,0.11498081684112549,-0.007145591080188751,0.21816329658031464,0.0,-2.0,67.0,24.0,0.024,0.00043175616883672774,-0.00019335989782121032,0.02419908531010151,0.003711387049406767,-0.00084714125841856,-0.00398003775626421,0.2112874537706375,1.2806440591812134,0.0066709211096167564,0.02427639253437519,-0.003956046886742115,2.9872865070501575e-06,0.0001747730275383219,3.710850477218628,10.0,0.0,0.0,0.0,0.0,0.0,0.28200000000000003,0.316,0.28300000000000003,32.766,2.841,2018.5809326171875,809.9567260742188,31.690858840942383,,False,
1783703847.833343,2026-07-10T10:17:27,279443,20260710_101720,,,,,,arming,,,,,,,,,False,0.02342003583908081,0.004106794949620962,1.000917911529541,0.041568394750356674,-0.250853031873703,0.16940242052078247,0.0,1.0,64.0,23.0,0.023,0.00043175616883672774,-0.00019335989782121032,0.02419908531010151,0.003711387049406767,-0.00084714125841856,-0.00398003775626421,0.2112874537706375,1.2806440591812134,0.0066709211096167564,0.02427639253437519,-0.003956046886742115,2.9872865070501575e-06,0.0001747730275383219,3.710850477218628,10.0,0.0,0.0,0.0,0.0,0.0,0.28200000000000003,0.316,0.28300000000000003,32.766,2.841,2018.5809326171875,809.9567260742188,31.690858840942383,,False,
1783703847.8434994,2026-07-10T10:17:27,279453,20260710_101720,,,,,,arming,,,,,,,,,False,0.02234608680009842,0.0025906062219291925,0.9995362758636475,0.26797279715538025,-0.05917308107018471,-0.017852766439318657,0.0,0.0,70.0,23.0,0.023,0.0007810146198607981,-0.00017273344565182924,0.023635897785425186,0.005155505146831274,-0.0006394649972207844,-0.0065955366007983685,0.2107449620962143,1.2718673944473267,0.006469745188951492,0.02357042022049427,-0.006613114383071661,3.067541911150329e-06,0.00017988707986660302,3.710850477218628,10.0,0.0,0.0,0.0,0.0,0.0,0.28200000000000003,0.316,0.28300000000000003,32.766,2.841,2018.69580078125,809.9465942382812,31.694793701171875,,False,
1783703847.8536575,2026-07-10T10:17:27,279463,20260710_101720,,,,,,arming,,,,,,,,,False,0.023009905591607094,0.0022188532166182995,1.0006041526794434,-0.15064486861228943,0.19990669190883636,0.17543065547943115,-1.0,0.0,63.0,23.0,0.023,0.0007810146198607981,-0.00017273344565182924,0.023635897785425186,0.005155505146831274,-0.0006394649972207844,-0.0065955366007983685,0.2107449620962143,1.2718673944473267,0.006469745188951492,0.02357042022049427,-0.006613114383071661,3.067541911150329e-06,0.00017988707986660302,3.710850477218628,10.0,0.0,0.0,0.0,0.0,0.0,0.28200000000000003,0.316,0.28300000000000003,32.766,2.841,2018.69580078125,809.9465942382812,31.694793701171875,,False,
1783703847.8638198,2026-07-10T10:17:27,279473,20260710_101720,,,,,,arming,,,,,,,,,False,0.023321324959397316,0.003926708362996578,1.0004884004592896,0.12621884047985077,0.027977796271443367,-0.22875885665416718,0.0,0.0,75.0,23.0,0.023,0.0007844173233024776,0.0002639606536831707,0.02350575104355812,0.004868435673415661,0.0010960049694404006,-0.00650596572086215,0.19677749276161194,1.272849440574646,0.008477641269564629,0.02357042022049427,-0.006613114383071661,3.067541911150329e-06,0.00017988707986660302,3.710850477218628,10.0,0.0,0.0,0.0,0.0,0.0,0.28200000000000003,0.316,0.28300000000000003,32.766,2.841,2018.69580078125,809.9465942382812,31.694793701171875,,False,
1783703847.8739815,2026-07-10T10:17:27,279483,20260710_101720,,,,,,arming,,,,,,,,,False,0.02153409831225872,0.00587195809930563,0.9985690712928772,0.0996447503566742,0.41024652123451233,0.02777664177119732,0.0,2.0,51.0,23.0,0.023,0.0007844173233024776,0.0002639606536831707,0.02350575104355812,0.004868435673415661,0.0010960049694404006,-0.00650596572086215,0.19677749276161194,1.272849440574646,0.008477641269564629,0.02357042022049427,-0.006613114383071661,3.067541911150329e-06,0.00017988707986660302,3.710850477218628,10.0,0.0,0.0,0.0,0.0,0.0,0.28200000000000003,0.316,0.28300000000000003,32.766,2.841,2018.69580078125,809.9465942382812,31.694793701171875,,False,
1783703847.8841434,2026-07-10T10:17:27,279493,20260710_101720,,,,,,arming,,,,,,,,,False,0.02185679040849209,0.004490047227591276,0.9979302883148193,0.3007725477218628,0.0642307847738266,-0.05859065055847168,0.0,0.0,60.0,20.0,0.02,-5.5727563449181616e-05,0.00025835406268015504,0.02337862178683281,0.0012582708150148392,0.0009867183398455381,-0.0064039528369903564,0.1966564953327179,1.2961431741714478,0.008736850693821907,0.02357042022049427,-0.006613114383071661,3.067541911150329e-06,0.00017988707986660302,3.710850477218628,10.0,0.0,0.0,0.0,0.0,0.0,0.28200000000000003,0.316,0.28300000000000003,32.766,2.841,2018.69580078125,809.9465942382812,31.694793701171875,,False,
1783703847.8943546,2026-07-10T10:17:27,279506,20260710_101720,,,,,,arming,,,,,,,,,False,0.023067457601428032,0.004096207674592733,1.000913143157959,0.07886946201324463,-0.2064560055732727,-0.001926245866343379,0.0,-2.0,65.0,20.0,0.02,0.0008135345997288823,0.0002625593915581703,0.02175414003431797,0.004609202966094017,0.0012702635722234845,-0.014049415476620197,0.1966564953327179,1.2961431741714478,0.008736850693821907,0.021752795204520226,-0.014091852121055126,2.9824452667526202e-06,0.0001747062342474237,3.7161290645599365,10.0,0.0,0.0,0.0,0.0,0.0,0.28700000000000003,32.766,0.28400000000000003,0.34400000000000003,2.85,2018.69580078125,809.9465942382812,31.694793701171875,,False,
1783703847.9045172,2026-07-10T10:17:27,279513,20260710_101720,,,,,,arming,,,,,,,,,False,0.0244465172290802,0.002375122159719467,1.0031059980392456,-0.013686219230294228,0.029500141739845276,-0.10801184922456741,0.0,0.0,71.0,20.0,0.02,0.0008135345997288823,0.0002625593915581703,0.02175414003431797,0.004609202966094017,0.0012702635722234845,-0.014049415476620197,0.20016369223594666,1.2636984586715698,0.009477975778281689,0.021752795204520226,-0.014091852121055126,2.9824452667526202e-06,0.0001747062342474237,3.7161290645599365,10.0,0.0,0.0,0.0,0.0,0.0,0.28700000000000003,32.766,0.28400000000000003,0.34400000000000003,2.85,2018.69580078125,809.9465942382812,31.694793701171875,,False,
1783703847.91469,2026-07-10T10:17:27,279526,20260710_101720,,,,,,arming,,,,,,,,,False,0.02433723397552967,0.0005998643464408815,0.999979555606842,-0.31540411710739136,-0.04167260229587555,-0.16551926732063293,0.0,0.0,58.0,20.0,0.02,0.0009089785744436085,0.0002875244535971433,0.02147670090198517,0.004983978811651468,0.0011528703616932034,-0.013618573546409607,0.20016369223594666,1.2636984586715698,0.009477975778281689,0.021752795204520226,-0.014091852121055126,2.9824452667526202e-06,0.0001747062342474237,3.7161290645599365,10.0,0.0,0.0,0.0,0.0,0.0,0.28700000000000003,32.766,0.28400000000000003,0.34400000000000003,2.85,2018.69580078125,809.9465942382812,31.694793701171875,,False,
1783703847.9248965,2026-07-10T10:17:27,279533,20260710_101720,,,,,,arming,,,,,,,,,False,0.022505104541778564,0.003202102379873395,0.9976717829704285,-0.01389795821160078,0.03954565152525902,-0.00840444304049015,0.0,0.0,72.0,20.0,0.02,0.0009089785744436085,0.0002875244535971433,0.02147670090198517,0.004983978811651468,0.0011528703616932034,-0.013618573546409607,0.20044811069965363,1.2612651586532593,0.008882896043360233,0.021752795204520226,-0.014091852121055126,2.9824452667526202e-06,0.0001747062342474237,3.7161290645599365,10.0,0.0,0.0,0.0,0.0,0.0,0.28700000000000003,32.766,0.28400000000000003,0.34400000000000003,2.85,2018.69580078125,809.9465942382812,31.694793701171875,,False,
1783703847.9350705,2026-07-10T10:17:27,279546,20260710_101720,,,,,,arming,,,,,,,,,False,0.02368447370827198,0.003977377898991108,1.0005837678909302,0.04323028400540352,-0.1645362824201584,0.05808631330728531,0.0,1.0,62.0,28.0,0.028,0.000396429852116853,0.0002858474908862263,0.02397816628217697,0.002716644434258342,0.0007729044882580638,0.00010564989497652277,0.20044811069965363,1.2612651586532593,0.008882896043360233,0.021752795204520226,-0.014091852121055126,2.9824452667526202e-06,0.0001747062342474237,3.7161290645599365,10.0,0.0,0.0,0.0,0.0,0.0,0.28700000000000003,32.766,0.28400000000000003,0.34400000000000003,2.85,2018.69580078125,809.9465942382812,31.694793701171875,,False,
1783703847.945324,2026-07-10T10:17:27,279553,20260710_101720,,,,,,arming,,,,,,,,,False,0.025305911898612976,0.0026265692431479692,0.9998167753219604,-0.3310425579547882,0.2921202480792999,0.25576701760292053,0.0,-1.0,67.0,28.0,0.028,0.000396429852116853,0.0002858474908862263,0.02397816628217697,0.002716644434258342,0.0007729044882580638,0.00010564989497652277,0.1999930888414383,1.2781983613967896,0.009139363653957844,0.023979516699910164,9.855830285232514e-05,3.0654173315269873e-06,0.0001798732264433056,3.710850477218628,10.0,0.0,0.0,0.0,0.0,0.0,0.28700000000000003,32.766,0.28400000000000003,0.34400000000000003,2.85,2018.794189453125,809.9380493164062,31.700027465820312,,False,
1783703847.955491,2026-07-10T10:17:27,279567,20260710_101720,,,,,,arming,,,,,,,,,False,0.025209244340658188,0.003405285533517599,1.000140905380249,-0.11566179245710373,-0.29382339119911194,-0.16849422454833984,0.0,0.0,68.0,28.0,0.028,0.000855446036439389,0.00029141531558707356,0.02398121915757656,0.004772764630615711,0.00069022475508973,0.000181805866304785,0.1982308030128479,1.2620587348937988,0.009648298844695091,0.023979516699910164,9.855830285232514e-05,3.0654173315269873e-06,0.0001798732264433056,3.710850477218628,10.0,0.0,0.0,0.0,0.0,0.0,0.28700000000000003,32.766,0.28400000000000003,0.34400000000000003,2.85,2018.794189453125,809.9380493164062,31.700027465820312,,False,
1783703847.9656475,2026-07-10T10:17:27,279573,20260710_101720,,,,,,arming,,,,,,,,,False,0.0233369842171669,0.0019756953697651625,1.0002812147140503,-0.138747438788414,0.4033150374889374,-0.07265748083591461,0.0,1.0,74.0,28.0,0.028,0.000855446036439389,0.00029141531558707356,0.02398121915757656,0.004772764630615711,0.00069022475508973,0.000181805866304785,0.1982308030128479,1.2620587348937988,0.009648298844695091,0.023979516699910164,9.855830285232514e-05,3.0654173315269873e-06,0.0001798732264433056,3.710850477218628,10.0,0.0,0.0,0.0,0.0,0.0,0.28700000000000003,32.766,0.28400000000000003,0.34400000000000003,2.85,2018.794189453125,809.9380493164062,31.700027465820312,,False,
1783703847.9758022,2026-07-10T10:17:27,279587,20260710_101720,,,,,,arming,,,,,,,,,False,0.02185099385678768,0.0014874037588015199,0.9997426271438599,0.015127354301512241,-0.2189362496137619,-0.06116295978426933,0.0,0.0,49.0,28.0,0.028,0.0004196049412712455,0.0002970381756313145,0.023987166583538055,0.003033876186236739,0.0005202072788961232,0.0002777517947833985,0.1962672770023346,1.2746187448501587,0.008666589856147766,0.023979516699910164,9.855830285232514e-05,3.0654173315269873e-06,0.0001798732264433056,3.710850477218628,10.0,0.0,0.0,0.0,0.0,0.0,0.28700000000000003,32.766,0.28400000000000003,0.34400000000000003,2.85,2018.794189453125,809.9380493164062,31.700027465820312,,False,
1783703847.9859564,2026-07-10T10:17:27,279593,20260710_101720,,,,,,arming,,,,,,,,,False,0.022517593577504158,0.0020198889542371035,1.0011956691741943,0.03197908401489258,-0.07165507227182388,0.07166633754968643,0.0,1.0,52.0,25.0,0.025,0.0004196049412712455,0.0002970381756313145,0.023987166583538055,0.003033876186236739,0.0005202072788961232,0.0002777517947833985,0.1962672770023346,1.2746187448501587,0.008666589856147766,0.023979516699910164,9.855830285232514e-05,3.0654173315269873e-06,0.0001798732264433056,3.710850477218628,10.0,0.0,0.0,0.0,0.0,0.0,0.28700000000000003,32.766,0.28400000000000003,0.34400000000000003,2.85,2018.794189453125,809.9380493164062,31.700027465820312,,False,
1783703847.9961684,2026-07-10T10:17:27,279607,20260710_101720,,,,,,arming,,,,,,,,,False,0.02244452014565468,0.002714259084314108,1.0010833740234375,0.03628713637590408,-0.20527958869934082,-0.08658397197723389,0.0,-2.0,65.0,25.0,0.025,0.0007581305108033121,0.0002789646969176829,0.024450546130537987,0.004231401719152927,0.0001326243218500167,0.0027188388630747795,0.19727522134780884,1.2639373540878296,0.008278845809400082,0.024449506774544716,0.0026844630483537912,2.9817385893693427e-06,0.0001746880734572187,3.710850477218628,10.0,0.0,0.0,0.0,0.0,0.0,0.28400000000000003,32.766,0.28,0.34400000000000003,2.847,2018.794189453125,809.9380493164062,31.700027465820312,,False,
1783703848.0063457,2026-07-10T10:17:28,279613,20260710_101720,,,,,,arming,,,,,,,,,False,0.023477811366319656,0.003377035725861788,0.9998295903205872,0.08745777606964111,0.33204934000968933,0.077389657497406,0.0,0.0,73.0,25.0,0.025,0.0007581305108033121,0.0002789646969176829,0.024450546130537987,0.004231401719152927,0.0001326243218500167,0.0027188388630747795,0.19727522134780884,1.2639373540878296,0.008278845809400082,0.024449506774544716,0.0026844630483537912,2.9817385893693427e-06,0.0001746880734572187,3.710850477218628,10.0,0.0,0.0,0.0,0.0,0.0,0.28400000000000003,32.766,0.28,0.34400000000000003,2.847,2018.794189453125,809.9380493164062,31.700027465820312,,False,
1783703848.01651,2026-07-10T10:17:28,279627,20260710_101720,,,,,,arming,,,,,,,,,False,0.025311553850769997,0.002880968153476715,0.9999158978462219,-0.10534036159515381,-0.27422231435775757,-0.09259028732776642,0.0,0.0,64.0,25.0,0.025,0.0008446163847111166,0.00028114448650740087,0.024506788700819016,0.004456640221178532,0.00011090547923231497,0.00287361117079854,0.1970609724521637,1.2617021799087524,0.007850281894207,0.024449506774544716,0.0026844630483537912,2.9817385893693427e-06,0.0001746880734572187,3.710850477218628,10.0,0.0,0.0,0.0,0.0,0.0,0.28400000000000003,32.766,0.28,0.34400000000000003,2.847,2018.794189453125,809.9380493164062,31.700027465820312,,False,
1783703848.0266666,2026-07-10T10:17:28,279633,20260710_101720,,,,,,arming,,,,,,,,,False,0.025901969522237778,0.0025926351081579924,1.0011672973632812,-0.032568175345659256,0.35466450452804565,0.15658026933670044,0.0,0.0,70.0,25.0,0.025,0.0008446163847111166,0.00028114448650740087,0.024506788700819016,0.004456640221178532,0.00011090547923231497,0.00287361117079854,0.1970609724521637,1.2617021799087524,0.007850281894207,0.024449506774544716,0.0026844630483537912,2.9817385893693427e-06,0.0001746880734572187,3.710850477218628,10.0,0.0,0.0,0.0,0.0,0.0,0.28400000000000003,32.766,0.28,0.34400000000000003,2.847,2018.794189453125,809.9380493164062,31.700027465820312,,False,
1783703848.0368435,2026-07-10T10:17:28,279648,20260710_101720,,,,,,arming,,,,,,,,,False,0.02171998843550682,0.003354258369654417,0.9996702075004578,0.15252235531806946,-0.5091148614883423,0.04695914685726166,0.0,0.0,61.0,27.0,0.027,0.0009201052016578615,0.00027933853561989963,0.02559192106127739,0.005025436636060476,1.6675665392540395e-05,0.008182797580957413,0.19512227177619934,1.2580103874206543,0.007334907539188862,0.02567385509610176,0.008091931231319904,3.0652229270344833e-06,0.0001798560406314209,3.710850477218628,10.0,0.0,0.0,0.0,0.0,0.0,0.28400000000000003,32.766,0.28,0.34400000000000003,2.847,2018.794189453125,809.9380493164062,31.700027465820312,,False,
1783703848.0470016,2026-07-10T10:17:28,279653,20260710_101720,,,,,,arming,,,,,,,,,False,0.02210746333003044,0.0021788908634334803,1.0007591247558594,-0.005393470171838999,0.1597459763288498,0.23652376234531403,0.0,0.0,65.0,27.0,0.027,0.0009201052016578615,0.00027933853561989963,0.02559192106127739,0.005025436636060476,1.6675665392540395e-05,0.008182797580957413,0.19512227177619934,1.2580103874206543,0.007334907539188862,0.02567385509610176,0.008091931231319904,3.0652229270344833e-06,0.0001798560406314209,3.7161290645599365,10.0,0.0,0.0,0.0,0.0,0.0,0.28400000000000003,32.766,0.28,0.34400000000000003,2.847,2018.657470703125,809.9500122070312,31.709121704101562,,False,
1783703848.0571878,2026-07-10T10:17:28,279667,20260710_101720,,,,,,arming,,,,,,,,,False,0.02332768775522709,0.001529444009065628,0.9986079931259155,-0.2813551127910614,-0.12222357094287872,-0.00790606252849102,0.0,0.0,67.0,27.0,0.027,0.0010205702856183052,0.00027868253528140485,0.02575616165995598,0.005039500072598457,-0.00013501421199180186,0.008257497102022171,0.1950196474790573,1.2575184106826782,0.008062704466283321,0.02567385509610176,0.008091931231319904,3.0652229270344833e-06,0.0001798560406314209,3.7161290645599365,10.0,0.0,0.0,0.0,0.0,0.0,0.28400000000000003,32.766,0.28,0.34400000000000003,2.847,2018.657470703125,809.9500122070312,31.709121704101562,,False,
1783703848.067455,2026-07-10T10:17:28,279673,20260710_101720,,,,,,arming,,,,,,,,,False,0.02472316473722458,0.0016128768911585212,0.9992760419845581,0.055295009166002274,-0.4957054555416107,0.06262072920799255,0.0,-1.0,75.0,27.0,0.027,0.0010205702856183052,0.00027868253528140485,0.02575616165995598,0.005039500072598457,-0.00013501421199180186,0.008257497102022171,0.1950196474790573,1.2575184106826782,0.008062704466283321,0.02567385509610176,0.008091931231319904,3.0652229270344833e-06,0.0001798560406314209,3.7161290645599365,10.0,0.0,0.0,0.0,0.0,0.0,0.28400000000000003,32.766,0.28,0.34400000000000003,2.847,2018.657470703125,809.9500122070312,31.709121704101562,,False,
1783703848.077629,2026-07-10T10:17:28,279687,20260710_101720,,,,,,arming,,,,,,,,,False,0.022529302164912224,0.0011258844751864672,1.0013856887817383,0.09492649883031845,-0.03814351186156273,-0.1652243733406067,0.0,3.0,53.0,27.0,0.027,-6.829983612988144e-05,0.0002979016862809658,0.02592569962143898,0.0005188305513001978,-0.0003946498327422887,0.008150367997586727,0.19218233227729797,1.2968454360961914,0.0076606436632573605,0.02567385509610176,0.008091931231319904,3.0652229270344833e-06,0.0001798560406314209,3.7161290645599365,10.0,0.0,0.0,0.0,0.0,0.0,0.28400000000000003,32.766,0.28,0.34400000000000003,2.847,2018.657470703125,809.9500122070312,31.709121704101562,,False,
1783703848.0877867,2026-07-10T10:17:28,279699,20260710_101720,,,,,,arming,,,,,,,,,False,0.022957952693104744,0.00316242640838027,0.998767077922821,0.07856448739767075,-0.2266196459531784,0.17593930661678314,0.0,-1.0,49.0,28.0,0.028,-6.829983612988144e-05,0.0002979016862809658,0.02592569962143898,0.0005188305513001978,-0.0003946498327422887,0.008150367997586727,0.19218233227729797,1.2968454360961914,0.0076606436632573605,0.026989759877324104,0.012633653357625008,2.9816924325132277e-06,0.00017466659483034164,3.710850477218628,10.0,0.0,0.0,0.0,0.0,0.0,0.28400000000000003,32.766,0.28,0.34400000000000003,2.847,2018.657470703125,809.9500122070312,31.709121704101562,,False,
1783703848.0979466,2026-07-10T10:17:28,279707,20260710_101720,,,,,,arming,,,,,,,,,False,0.02453174814581871,0.002847089432179928,0.9982267022132874,0.0048895059153437614,-0.19290472567081451,-0.0989009439945221,0.0,0.0,65.0,28.0,0.028,0.00036439087125472724,0.000301073188893497,0.026989759877324104,0.0022026998922228813,-0.0005692825652658939,0.012684246525168419,0.1906716376543045,1.2817693948745728,0.00843439344316721,0.026989759877324104,0.012633653357625008,2.9816924325132277e-06,0.00017466659483034164,3.710850477218628,10.0,0.0,0.0,0.0,0.0,0.0,32.766,32.766,0.28200000000000003,0.342,2.831,2018.657470703125,809.9500122070312,31.709121704101562,,False,
1783703848.108145,2026-07-10T10:17:28,279713,20260710_101720,,,,,,arming,,,,,,,,,False,0.024724429473280907,0.0025009873788803816,0.9995812773704529,0.26229792833328247,0.17283223569393158,0.18878616392612457,0.0,1.0,77.0,28.0,0.028,0.00036439087125472724,0.000301073188893497,0.026989759877324104,0.0022026998922228813,-0.0005692825652658939,0.012684246525168419,0.1906716376543045,1.2817693948745728,0.00843439344316721,0.026989759877324104,0.012633653357625008,2.9816924325132277e-06,0.00017466659483034164,3.710850477218628,10.0,0.0,0.0,0.0,0.0,0.0,32.766,32.766,0.28200000000000003,0.342,2.831,2018.657470703125,809.9500122070312,31.709121704101562,,False,
1783703848.1183398,2026-07-10T10:17:28,279727,20260710_101720,,,,,,arming,,,,,,,,,False,0.024557556957006454,0.002828985685482621,0.9990489482879639,0.3875361979007721,-0.022954335436224937,0.038988810032606125,0.0,-2.0,65.0,28.0,0.028,0.0007153716287575662,0.0002917600504588336,0.027242757380008698,0.0039807469584047794,-0.000651890761218965,0.012556781060993671,0.19087915122509003,1.2689367532730103,0.00986848771572113,0.026989759877324104,0.012633653357625008,2.9816924325132277e-06,0.00017466659483034164,3.710850477218628,10.0,0.0,0.0,0.0,0.0,0.0,32.766,32.766,0.28200000000000003,0.342,2.831,2018.657470703125,809.9500122070312,31.709121704101562,,False,
1783703848.1285408,2026-07-10T10:17:28,279733,20260710_101720,,,,,,arming,,,,,,,,,False,0.023706970736384392,0.0031585677061229944,0.9980447888374329,-0.14622566103935242,0.19748224318027496,-0.051673632115125656,0.0,0.0,69.0,28.0,0.028,0.0007153716287575662,0.0002917600504588336,0.027242757380008698,0.0039807469584047794,-0.000651890761218965,0.012556781060993671,0.19087915122509003,1.2689367532730103,0.00986848771572113,0.026989759877324104,0.012633653357625008,2.9816924325132277e-06,0.00017466659483034164,3.710850477218628,10.0,0.0,0.0,0.0,0.0,0.0,32.766,32.766,0.28200000000000003,0.342,2.831,2018.657470703125,809.9500122070312,31.709121704101562,,False,
1783703848.1387012,2026-07-10T10:17:28,279750,20260710_101720,,,,,,arming,,,,,,,,,False,0.022969931364059448,0.003264305181801319,0.9994341135025024,0.1303083449602127,-0.19390437006950378,-0.11194135248661041,0.0,0.0,64.0,27.0,0.027,0.0008021640824154019,0.00027854961808770895,0.027338579297065735,0.004370635375380516,-0.0007096822955645621,0.011555715464055538,0.19217990338802338,1.2671473026275635,0.009313032031059265,0.027454044669866562,0.011438710615038872,3.0651710858364822e-06,0.00017983163706958294,3.7161290645599365,10.0,0.0,0.0,0.0,0.0,0.0,32.766,32.766,0.28200000000000003,0.342,2.831,2018.657470703125,809.9500122070312,31.709121704101562,,False,
1783703848.148868,2026-07-10T10:17:28,279753,20260710_101720,,,,,,arming,,,,,,,,,False,0.022747989743947983,0.003891355125233531,1.0002810955047607,-0.24236822128295898,-0.1429256796836853,0.023606076836586,0.0,0.0,66.0,27.0,0.027,0.0008021640824154019,0.00027854961808770895,0.027338579297065735,0.004370635375380516,-0.0007096822955645621,0.011555715464055538,0.19217990338802338,1.2671473026275635,0.009313032031059265,0.027454044669866562,0.011438710615038872,3.0651710858364822e-06,0.00017983163706958294,3.7161290645599365,10.0,0.0,0.0,0.0,0.0,0.0,32.766,32.766,0.28200000000000003,0.342,2.831,2018.652099609375,809.9506225585938,31.715654373168945,,False,
1783703848.159029,2026-07-10T10:17:28,279767,20260710_101720,,,,,,arming,,,,,,,,,False,0.02394872158765793,0.004568177275359631,0.997210681438446,-0.04569200426340103,0.11768161505460739,0.09479504823684692,0.0,0.0,76.0,27.0,0.027,0.0008912624325603247,0.0002646526845637709,0.027569424360990524,0.004530007019639015,-0.0006544172647409141,0.011538499034941196,0.19255463778972626,1.2667744159698486,0.008074487559497356,0.027454044669866562,0.011438710615038872,3.0651710858364822e-06,0.00017983163706958294,3.7161290645599365,10.0,0.0,0.0,0.0,0.0,0.0,32.766,32.766,0.28200000000000003,0.342,2.831,2018.652099609375,809.9506225585938,31.715654373168945,,False,
1783703848.1692536,2026-07-10T10:17:28,279781,20260710_101720,,,,,,arming,,,,,,,,,False,0.023422585800290108,0.005036791320890188,0.9989691972732544,0.20364251732826233,-0.06729043275117874,-0.1382967084646225,1.0,-3.0,79.0,27.0,0.027,0.0008912624325603247,0.0002646526845637709,0.027569424360990524,0.004530007019639015,-0.0006544172647409141,0.011538499034941196,0.19255463778972626,1.2667744159698486,0.008074487559497356,0.027454044669866562,0.011438710615038872,3.0651710858364822e-06,0.00017983163706958294,3.7161290645599365,10.0,0.0,0.0,0.0,0.0,0.0,32.766,32.766,0.28200000000000003,0.342,2.831,2018.652099609375,809.9506225585938,31.715654373168945,,False,
1783703848.1794288,2026-07-10T10:17:28,279791,20260710_101720,,,,,,arming,,,,,,,,,False,0.023182881996035576,0.0035415287129580975,0.9977192282676697,0.12101254612207413,-0.12446370720863342,-0.11742185801267624,0.0,3.0,55.0,27.0,0.027,0.0007622483535669744,-0.00017968092288356274,0.02780565433204174,0.0038703049067407846,-0.002031973097473383,0.011139546521008015,0.2040555775165558,1.2753777503967285,0.009162604808807373,0.027454044669866562,0.011438710615038872,3.0651710858364822e-06,0.00017983163706958294,3.7161290645599365,10.0,0.0,0.0,0.0,0.0,0.0,32.766,32.766,0.28200000000000003,0.342,2.831,2018.652099609375,809.9506225585938,31.715654373168945,,False,
1783703848.1895876,2026-07-10T10:17:28,279801,20260710_101720,,,,,,arming,,,,,,,,,False,0.0235278382897377,0.002103119622915983,0.9994984865188599,-0.22624030709266663,0.043752916157245636,0.11127270758152008,0.0,0.0,49.0,23.0,0.023,0.0007622483535669744,-0.00017968092288356274,0.02780565433204174,0.0038703049067407846,-0.002031973097473383,0.011139546521008015,0.2040555775165558,1.2753777503967285,0.009162604808807373,0.025807904079556465,-0.00025072364951483905,2.981589432238252e-06,0.00017465239216107875,3.710850477218628,10.0,0.0,0.0,0.0,0.0,0.0,32.766,32.766,0.277,0.34500000000000003,2.845,2018.652099609375,809.9506225585938,31.715654373168945,,False,
1783703848.199755,2026-07-10T10:17:28,279811,20260710_101720,,,,,,arming,,,,,,,,,False,0.02289377525448799,0.002984632272273302,0.9983977675437927,0.1918412148952484,0.06564962863922119,-0.1664147824048996,0.0,0.0,70.0,23.0,0.023,0.0008820169605314732,-0.00020974983635824174,0.025807904079556465,0.004308740142732859,-0.0018989891977980733,-0.00016156827041413635,0.2052362710237503,1.2767672538757324,0.008371492847800255,0.025807904079556465,-0.00025072364951483905,2.981589432238252e-06,0.00017465239216107875,3.710850477218628,10.0,0.0,0.0,0.0,0.0,0.0,32.766,32.766,0.277,0.34500000000000003,2.845,2018.652099609375,809.9506225585938,31.715654373168945,,False,
1783703848.2099233,2026-07-10T10:17:28,279821,20260710_101720,,,,,,arming,,,,,,,,,False,0.02328864298760891,0.0046279458329081535,0.9992660284042358,0.16982121765613556,0.4218426048755646,-0.016398143023252487,0.0,-1.0,67.0,23.0,0.023,0.0008820169605314732,-0.00020974983635824174,0.025807904079556465,0.004308740142732859,-0.0018989891977980733,-0.00016156827041413635,0.2052362710237503,1.2767672538757324,0.008371492847800255,0.025807904079556465,-0.00025072364951483905,2.981589432238252e-06,0.00017465239216107875,3.710850477218628,10.0,0.0,0.0,0.0,0.0,0.0,32.766,32.766,0.277,0.34500000000000003,2.845,2018.652099609375,809.9506225585938,31.715654373168945,,False,
1783703848.2201996,2026-07-10T10:17:28,279831,20260710_101720,,,,,,arming,,,,,,,,,False,0.022929053753614426,0.00459279352799058,0.9995598196983337,0.22179970145225525,0.006155588198453188,-0.05070914700627327,1.0,-2.0,63.0,23.0,0.023,0.002118930919095874,-0.0006102363695390522,0.025799721479415894,0.009165584109723568,-0.0035372362472116947,-0.00038181524723768234,0.21619956195354462,1.239685297012329,0.00803601834923029,0.025807904079556465,-0.00025072364951483905,2.981589432238252e-06,0.00017465239216107875,3.710850477218628,10.0,0.0,0.0,0.0,0.0,0.0,32.766,32.766,0.277,0.34500000000000003,2.845,2018.652099609375,809.9506225585938,31.715654373168945,,False,
1783703848.230406,2026-07-10T10:17:28,279841,20260710_101720,,,,,,arming,,,,,,,,,False,0.025560839101672173,0.004346385598182678,1.0016790628433228,-0.3405221700668335,-0.1310642957687378,-0.15060748159885406,-2.0,2.0,68.0,23.0,0.023,0.002118930919095874,-0.0006102363695390522,0.025799721479415894,0.009165584109723568,-0.0035372362472116947,-0.00038181524723768234,0.21619956195354462,1.239685297012329,0.00803601834923029,0.025807904079556465,-0.00025072364951483905,2.981589432238252e-06,0.00017465239216107875,3.710850477218628,10.0,0.0,0.0,0.0,0.0,0.0,32.766,32.766,0.277,0.34500000000000003,2.845,2018.652099609375,809.9506225585938,31.715654373168945,,False,
1783703848.240622,2026-07-10T10:17:28,279852,20260710_101720,,,,,,arming,,,,,,,,,False,0.023891616612672806,0.0034916922450065613,1.0000643730163574,-0.03604739531874657,0.25349661707878113,0.0378803052008152,0.0,1.0,64.0,26.0,0.026,0.0007400143658742309,0.0002543870941735804,0.02588355541229248,0.0031638476066291332,0.0003525068168528378,4.36446352978237e-05,0.1909206211566925,1.2805547714233398,0.008660654537379742,0.02588491700589657,0.00015030511713121086,3.0650489861727692e-06,0.0001798053999664262,3.710850477218628,10.0,0.0,0.0,0.0,0.0,0.0,32.766,32.766,0.277,0.34500000000000003,2.845,2018.6629638671875,809.9496459960938,31.72138214111328,,False,
1783703848.2508047,2026-07-10T10:17:28,279861,20260710_101720,,,,,,arming,,,,,,,,,False,0.024198757484555244,0.005620445590466261,0.9988014101982117,-0.08998704701662064,-0.16501176357269287,0.2328873574733734,0.0,1.0,67.0,26.0,0.026,0.0007400143658742309,0.0002543870941735804,0.02588355541229248,0.0031638476066291332,0.0003525068168528378,4.36446352978237e-05,0.1909206211566925,1.2805547714233398,0.008660654537379742,0.02588491700589657,0.00015030511713121086,3.0650489861727692e-06,0.0001798053999664262,3.710850477218628,10.0,0.0,0.0,0.0,0.0,0.0,32.766,32.766,0.277,0.34500000000000003,2.845,2018.6629638671875,809.9496459960938,31.72138214111328,,False,
1783703848.2609887,2026-07-10T10:17:28,279871,20260710_101720,,,,,,arming,,,,,,,,,False,0.023765206336975098,0.005184921436011791,0.999269425868988,0.21713365614414215,0.12407872080802917,-0.10127415508031845,0.0,-2.0,79.0,26.0,0.026,0.0010454528965055943,0.00024281568767037243,0.025888416916131973,0.00468333438038826,0.00041336429421789944,0.0002573193924035877,0.19043712317943573,1.2680127620697021,0.00866563431918621,0.02588491700589657,0.00015030511713121086,3.0650489861727692e-06,0.0001798053999664262,3.710850477218628,10.0,0.0,0.0,0.0,0.0,0.0,32.766,32.766,0.277,0.34500000000000003,2.845,2018.6629638671875,809.9496459960938,31.72138214111328,,False,
1783703848.2711763,2026-07-10T10:17:28,279883,20260710_101720,,,,,,arming,,,,,,,,,False,0.023158816620707512,0.0019681008998304605,0.9994056224822998,0.25250712037086487,0.011447020806372166,0.15486444532871246,0.0,2.0,49.0,26.0,0.026,0.0010454528965055943,0.00024281568767037243,0.025888416916131973,0.00468333438038826,0.00041336429421789944,0.0002573193924035877,0.19043712317943573,1.2680127620697021,0.00866563431918621,0.02588491700589657,0.00015030511713121086,3.0650489861727692e-06,0.0001798053999664262,3.710850477218628,10.0,0.0,0.0,0.0,0.0,0.0,32.766,32.766,0.277,0.34500000000000003,2.845,2018.6629638671875,809.9496459960938,31.72138214111328,,False,
1783703848.2814221,2026-07-10T10:17:28,279893,20260710_101720,,,,,,arming,,,,,,,,,False,0.02223854325711727,0.0031683940906077623,1.0014538764953613,0.04552813246846199,0.13998812437057495,0.08027087152004242,0.0,-1.0,52.0,23.0,0.023,-5.6128643336705863e-05,0.00021664239466190338,0.025892766192555428,4.286851253709756e-05,0.0006550863618031144,0.0001006570237223059,0.1929953694343567,1.303199291229248,0.009245692752301693,0.02588491700589657,0.00015030511713121086,3.0650489861727692e-06,0.0001798053999664262,3.710850477218628,10.0,0.0,0.0,0.0,0.0,0.0,32.766,32.766,0.277,0.34500000000000003,2.845,2018.6629638671875,809.9496459960938,31.72138214111328,,False,
1783703848.2916212,2026-07-10T10:17:28,279903,20260710_101720,,,,,,arming,,,,,,,,,False,0.02385765127837658,0.0036621461622416973,1.0017486810684204,-0.014888822101056576,-0.15825402736663818,0.0625453069806099,0.0,0.0,69.0,23.0,0.023,-5.6128643336705863e-05,0.00021664239466190338,0.025892766192555428,4.286851253709756e-05,0.0006550863618031144,0.0001006570237223059,0.1929953694343567,1.303199291229248,0.009245692752301693,0.02459089644253254,-0.006259799934923649,2.9815221296303207e-06,0.000174631699337624,3.710850477218628,10.0,0.0,0.0,0.0,0.0,0.0,32.766,0.314,0.28200000000000003,0.34500000000000003,2.838,2018.6629638671875,809.9496459960938,31.72138214111328,,False,
1783703848.301778,2026-07-10T10:17:28,279913,20260710_101720,,,,,,arming,,,,,,,,,False,0.024300314486026764,0.002320313360542059,1.0009695291519165,0.053288381546735764,0.10008256882429123,-0.11572109162807465,0.0,0.0,66.0,23.0,0.023,0.00032397150062024593,0.0002215424319729209,0.02459089644253254,0.0016266127349808812,0.0004929919959977269,-0.006223140750080347,0.19487161934375763,1.2885584831237793,0.00979201216250658,0.02459089644253254,-0.006259799934923649,2.9815221296303207e-06,0.000174631699337624,3.710850477218628,10.0,0.0,0.0,0.0,0.0,0.0,32.766,0.314,0.28200000000000003,0.34500000000000003,2.838,2018.6629638671875,809.9496459960938,31.72138214111328,,False,
1783703848.3119354,2026-07-10T10:17:28,279923,20260710_101720,,,,,,arming,,,,,,,,,False,0.022932928055524826,0.00239351368509233,0.9996298551559448,-0.046352144330739975,0.23079624772071838,0.024025773629546165,0.0,0.0,68.0,23.0,0.023,0.00032397150062024593,0.0002215424319729209,0.02459089644253254,0.0016266127349808812,0.0004929919959977269,-0.006223140750080347,0.19487161934375763,1.2885584831237793,0.00979201216250658,0.02459089644253254,-0.006259799934923649,2.9815221296303207e-06,0.000174631699337624,3.710850477218628,10.0,0.0,0.0,0.0,0.0,0.0,32.766,0.314,0.28200000000000003,0.34500000000000003,2.838,2018.6629638671875,809.9496459960938,31.72138214111328,,False,
1783703848.3221416,2026-07-10T10:17:28,279933,20260710_101720,,,,,,arming,,,,,,,,,False,0.02334672212600708,0.0023151205386966467,0.9990715384483337,0.3619321584701538,-0.1916349083185196,-0.01818886771798134,0.0,-2.0,72.0,23.0,0.023,0.00035938984365202487,0.00023122396669350564,0.024469994008541107,0.0019170789746567607,0.0004157686198595911,-0.005935272667557001,0.19546382129192352,1.2870405912399292,0.008642926812171936,0.02459089644253254,-0.006259799934923649,2.9815221296303207e-06,0.000174631699337624,3.710850477218628,10.0,0.0,0.0,0.0,0.0,0.0,32.766,0.314,0.28200000000000003,0.34500000000000003,2.838,2018.6629638671875,809.9496459960938,31.72138214111328,,False,
1783703848.3323512,2026-07-10T10:17:28,279943,20260710_101720,,,,,,arming,,,,,,,,,False,0.023023808375000954,0.0032605568412691355,0.9966471195220947,0.0026444820687174797,-0.13818514347076416,-0.039527326822280884,0.0,1.0,69.0,22.0,0.022,0.00035938984365202487,0.00023122396669350564,0.024469994008541107,0.0019170789746567607,0.0004157686198595911,-0.005935272667557001,0.19546382129192352,1.2870405912399292,0.008642926812171936,0.02459089644253254,-0.006259799934923649,2.9815221296303207e-06,0.000174631699337624,3.710850477218628,10.0,0.0,0.0,0.0,0.0,0.0,32.766,0.314,0.28200000000000003,0.34500000000000003,2.838,2018.6629638671875,809.9496459960938,31.72138214111328,,False,
1783703848.3425422,2026-07-10T10:17:28,279953,20260710_101720,,,,,,arming,,,,,,,,,False,0.022142531350255013,0.004712732508778572,0.9982439875602722,-0.0597597137093544,0.03694457933306694,-0.061948906630277634,0.0,0.0,67.0,22.0,0.022,0.0007035562884993851,0.00023205735487863421,0.023348264396190643,0.003266617888584733,0.00020733097335323691,-0.011035017669200897,0.19783267378807068,1.2762768268585205,0.007562031038105488,0.02323663979768753,-0.011361128650605679,3.064997144974768e-06,0.00017980465781874955,3.7161290645599365,10.0,0.0,0.0,0.0,0.0,0.0,32.766,0.314,0.28200000000000003,0.34500000000000003,2.838,2018.493408203125,809.9644165039062,31.72844696044922,,False,
1783703848.3527634,2026-07-10T10:17:28,279963,20260710_101720,,,,,,arming,,,,,,,,,False,0.022067857906222343,0.0032535118516534567,1.0010110139846802,0.11596980690956116,0.13153430819511414,0.05970941483974457,0.0,2.0,73.0,22.0,0.022,0.0007035562884993851,0.00023205735487863421,0.023348264396190643,0.003266617888584733,0.00020733097335323691,-0.011035017669200897,0.19783267378807068,1.2762768268585205,0.007562031038105488,0.02323663979768753,-0.011361128650605679,3.064997144974768e-06,0.00017980465781874955,3.7161290645599365,10.0,0.0,0.0,0.0,0.0,0.0,32.766,0.314,0.28200000000000003,0.34500000000000003,2.838,2018.493408203125,809.9644165039062,31.72844696044922,,False,
1783703848.3629274,2026-07-10T10:17:28,279973,20260710_101720,,,,,,arming,,,,,,,,,False,0.022968051955103874,0.0031557544134557247,1.0014861822128296,0.02862367406487465,0.11326242238283157,-0.06922024488449097,2.0,-4.0,73.0,22.0,0.022,2.1574378479272127e-05,0.00022770096256863326,0.023123592138290405,4.3167583498870954e-05,0.0002518020919524133,-0.011404696851968765,0.19649091362953186,1.3011455535888672,0.007060694508254528,0.02323663979768753,-0.011361128650605679,3.064997144974768e-06,0.00017980465781874955,3.7161290645599365,10.0,0.0,0.0,0.0,0.0,0.0,32.766,0.314,0.28200000000000003,0.34500000000000003,2.838,2018.493408203125,809.9644165039062,31.72844696044922,,False,
1783703848.373159,2026-07-10T10:17:28,279983,20260710_101720,,,,,,arming,,,,,,,,,False,0.024751346558332443,0.0010026623494923115,0.9994231462478638,0.10248018056154251,0.1474415361881256,-0.0036244431976228952,-1.0,3.0,52.0,22.0,0.022,2.1574378479272127e-05,0.00022770096256863326,0.023123592138290405,4.3167583498870954e-05,0.0002518020919524133,-0.011404696851968765,0.19649091362953186,1.3011455535888672,0.007060694508254528,0.02323663979768753,-0.011361128650605679,3.064997144974768e-06,0.00017980465781874955,3.7161290645599365,10.0,0.0,0.0,0.0,0.0,0.0,32.766,0.314,0.28200000000000003,0.34500000000000003,2.838,2018.493408203125,809.9644165039062,31.72844696044922,,False,
1783703848.3833613,2026-07-10T10:17:28,279993,20260710_101720,,,,,,arming,,,,,,,,,False,0.023660868406295776,0.00484899478033185,0.9993041753768921,-0.02256499044597149,-0.3046339452266693,0.08764747530221939,0.0,1.0,53.0,25.0,0.025,0.00037432744284160435,-0.00010602683323668316,0.02291043847799301,0.0013540482614189386,-0.0012030209181830287,-0.011083267629146576,0.20753997564315796,1.286860704421997,0.006636878475546837,0.02323663979768753,-0.011361128650605679,3.064997144974768e-06,0.00017980465781874955,3.7161290645599365,10.0,0.0,0.0,0.0,0.0,0.0,32.766,0.314,0.28200000000000003,0.34500000000000003,2.838,2018.493408203125,809.9644165039062,31.72844696044922,,False,
1783703848.3935254,2026-07-10T10:17:28,280003,20260710_101720,,,,,,arming,,,,,,,,,False,0.02409650944173336,0.004699932411313057,1.002129077911377,-0.219159334897995,-0.49864286184310913,-0.005922362208366394,0.0,-1.0,69.0,25.0,0.025,0.00037432744284160435,-0.00010602683323668316,0.02291043847799301,0.0013540482614189386,-0.0012030209181830287,-0.011083267629146576,0.20753997564315796,1.286860704421997,0.006636878475546837,0.023680618032813072,-0.00618774676695466,2.981495526910294e-06,0.00017463364929426461,3.7161290645599365,10.0,0.0,0.0,0.0,0.0,0.0,32.766,32.766,0.281,0.34400000000000003,2.843,2018.493408203125,809.9644165039062,31.72844696044922,,False,
1783703848.4036853,2026-07-10T10:17:28,280013,20260710_101720,,,,,,arming,,,,,,,,,False,0.024297039955854416,0.004651730880141258,1.0018293857574463,0.0977778285741806,0.061263278126716614,-0.012591610662639141,0.0,0.0,65.0,25.0,0.025,0.0003351507766637951,-8.621689630672336e-05,0.023681437596678734,0.0014456452336162329,-0.001116652856580913,-0.006183885969221592,0.2053854912519455,1.2834851741790771,0.007392621133476496,0.023680618032813072,-0.00618774676695466,2.981495526910294e-06,0.00017463364929426461,3.7161290645599365,10.0,0.0,0.0,0.0,0.0,0.0,32.766,32.766,0.281,0.34400000000000003,2.843,2018.493408203125,809.9644165039062,31.72844696044922,,False,
1783703848.4138434,2026-07-10T10:17:28,280023,20260710_101720,,,,,,arming,,,,,,,,,False,0.02450406178832054,0.0025034607388079166,0.998659610748291,0.040590547025203705,0.12754158675670624,-0.16217538714408875,0.0,1.0,73.0,25.0,0.025,0.0003351507766637951,-8.621689630672336e-05,0.023681437596678734,0.0014456452336162329,-0.001116652856580913,-0.006183885969221592,0.2053854912519455,1.2834851741790771,0.007392621133476496,0.023680618032813072,-0.00618774676695466,2.981495526910294e-06,0.00017463364929426461,3.7161290645599365,10.0,0.0,0.0,0.0,0.0,0.0,32.766,32.766,0.281,0.34400000000000003,2.843,2018.493408203125,809.9644165039062,31.72844696044922,,False,
1783703848.4240177,2026-07-10T10:17:28,280033,20260710_101720,,,,,,arming,,,,,,,,,False,0.024765027686953545,0.0034089391119778156,0.9998658895492554,0.2964444160461426,0.5110172629356384,0.12411660701036453,-1.0,-1.0,69.0,25.0,0.025,2.5657147489255294e-05,-9.22125909710303e-05,0.023562325164675713,0.00025753083173185587,-0.000863674795255065,-0.005740698892623186,0.20429593324661255,1.2945735454559326,0.006607412826269865,0.023680618032813072,-0.00618774676695466,2.981495526910294e-06,0.00017463364929426461,3.7161290645599365,10.0,0.0,0.0,0.0,0.0,0.0,32.766,32.766,0.281,0.34400000000000003,2.843,2018.493408203125,809.9644165039062,31.72844696044922,,False,
1783703848.4342625,2026-07-10T10:17:28,280046,20260710_101720,,,,,,arming,,,,,,,,,False,0.02465387061238289,0.0044470238499343395,1.0001366138458252,0.10226691514253616,0.37507930397987366,-0.22172510623931885,0.0,0.0,51.0,27.0,0.027,0.0003282788675278425,0.00021306874987203628,0.02490263059735298,0.0019745316822081804,0.00046313158236443996,0.0014448158908635378,0.20429593324661255,1.2945735454559326,0.006607412826269865,0.023680618032813072,-0.00618774676695466,2.981495526910294e-06,0.00017463364929426461,3.7161290645599365,10.0,0.0,0.0,0.0,0.0,0.0,32.766,32.766,0.281,0.34400000000000003,2.843,2018.493408203125,809.9644165039062,31.72844696044922,,False,
1783703848.4444318,2026-07-10T10:17:28,280053,20260710_101720,,,,,,arming,,,,,,,,,False,0.023523932322859764,0.006196704227477312,1.0011667013168335,-0.013013972900807858,-0.06338781863451004,-0.1048678606748581,0.0,0.0,63.0,27.0,0.027,0.0003282788675278425,0.00021306874987203628,0.02490263059735298,0.0019745316822081804,0.00046313158236443996,0.0014448158908635378,0.19392924010753632,1.2775888442993164,0.006400365848094225,0.024917345494031906,0.0014475228963419795,3.0650007829535753e-06,0.00017980569100473076,3.7161290645599365,10.0,0.0,0.0,0.0,0.0,0.0,32.766,32.766,0.281,0.34400000000000003,2.843,2018.58642578125,809.9566040039062,31.73395347595215,,False,
1783703848.4545991,2026-07-10T10:17:28,280066,20260710_101720,,,,,,arming,,,,,,,,,False,0.024895407259464264,0.004177885130047798,0.9999680519104004,-0.273507684469223,-0.16844956576824188,-0.11165741086006165,0.0,0.0,72.0,27.0,0.027,0.00037164147943258286,0.000225265568587929,0.024932898581027985,0.0023322487249970436,0.0008224674966186285,0.0016125851543620229,0.19392924010753632,1.2775888442993164,0.006400365848094225,0.024917345494031906,0.0014475228963419795,3.0650007829535753e-06,0.00017980569100473076,3.7161290645599365,10.0,0.0,0.0,0.0,0.0,0.0,32.766,32.766,0.281,0.34400000000000003,2.843,2018.58642578125,809.9566040039062,31.73395347595215,,False,
1783703848.4647589,2026-07-10T10:17:28,280073,20260710_101720,,,,,,arming,,,,,,,,,False,0.02295783907175064,0.00439584581181407,0.999279260635376,-0.12626294791698456,-0.14401714503765106,0.16951097548007965,2.0,-4.0,70.0,27.0,0.027,0.00037164147943258286,0.000225265568587929,0.024932898581027985,0.0023322487249970436,0.0008224674966186285,0.0016125851543620229,0.19401578605175018,1.2726186513900757,0.00554103497415781,0.024917345494031906,0.0014475228963419795,3.0650007829535753e-06,0.00017980569100473076,3.7161290645599365,10.0,0.0,0.0,0.0,0.0,0.0,32.766,32.766,0.281,0.34400000000000003,2.843,2018.58642578125,809.9566040039062,31.73395347595215,,False,
1783703848.4749246,2026-07-10T10:17:28,280083,20260710_101720,,,,,,arming,,,,,,,,,False,0.023639950901269913,0.003969488199800253,0.9993270635604858,-0.1734468638896942,-0.20234213769435883,-0.130560502409935,-1.0,5.0,53.0,27.0,0.027,0.00037164147943258286,0.000225265568587929,0.024932898581027985,0.0023322487249970436,0.0008224674966186285,0.0016125851543620229,0.19401578605175018,1.2726186513900757,0.00554103497415781,0.024917345494031906,0.0014475228963419795,3.0650007829535753e-06,0.00017980569100473076,3.7161290645599365,10.0,0.0,0.0,0.0,0.0,0.0,32.766,32.766,0.281,0.34400000000000003,2.843,2018.58642578125,809.9566040039062,31.73395347595215,,False,
1783703848.4851675,2026-07-10T10:17:28,280093,20260710_101720,,,,,,arming,,,,,,,,,False,0.025053275749087334,0.005108022131025791,0.9987560510635376,0.1446678787469864,0.2972562313079834,-0.10730337351560593,0.0,-1.0,49.0,26.0,0.026,2.127286461472977e-05,-0.00011372636799933389,0.024983346462249756,0.0005611428641714156,-0.0005349062848836184,0.001646895078010857,0.20271529257297516,1.2897655963897705,0.005785196088254452,0.024917345494031906,0.0014475228963419795,3.0650007829535753e-06,0.00017980569100473076,3.7161290645599365,10.0,0.0,0.0,0.0,0.0,0.0,32.766,32.766,0.281,0.34400000000000003,2.843,2018.58642578125,809.9566040039062,31.73395347595215,,False,
1783703848.4953504,2026-07-10T10:17:28,280107,20260710_101720,,,,,,arming,,,,,,,,,False,0.024129794910550117,0.004038142040371895,0.9988968372344971,0.05598567798733711,-0.23999038338661194,-0.015253843739628792,1.0,-4.0,69.0,26.0,0.026,0.001521232188679278,-0.0004235234227962792,0.025466982275247574,0.007897034287452698,-0.0017365604871883988,0.003819342702627182,0.2147640436887741,1.2340898513793945,0.004379166755825281,0.025467466562986374,0.003760014660656452,2.981498255394399e-06,0.00017463402764406055,3.7161290645599365,10.0,0.0,0.0,0.0,0.0,0.0,32.766,32.766,0.281,32.766,2.847,2018.58642578125,809.9566040039062,31.73395347595215,,False,
1783703848.505507,2026-07-10T10:17:28,280113,20260710_101720,,,,,,arming,,,,,,,,,False,0.023773567751049995,0.002203489188104868,0.9994528293609619,-0.17798501253128052,-0.06108156591653824,-0.06648581475019455,-1.0,2.0,67.0,26.0,0.026,0.001521232188679278,-0.0004235234227962792,0.025466982275247574,0.007897034287452698,-0.0017365604871883988,0.003819342702627182,0.2147640436887741,1.2340898513793945,0.004379166755825281,0.025467466562986374,0.003760014660656452,2.981498255394399e-06,0.00017463402764406055,3.7161290645599365,10.0,0.0,0.0,0.0,0.0,0.0,32.766,32.766,0.281,32.766,2.847,2018.58642578125,809.9566040039062,31.73395347595215,,False,
1783703848.5156658,2026-07-10T10:17:28,280127,20260710_101720,,,,,,arming,,,,,,,,,False,0.021660365164279938,0.00296811293810606,1.0009703636169434,-0.19341415166854858,-0.0844607800245285,0.38592419028282166,0.0,1.0,72.0,26.0,0.026,0.0005947714671492577,-0.00011857890785904601,0.025550110265612602,0.0033246250823140144,-0.0003065773344133049,0.003779026446864009,0.202951118350029,1.2720777988433838,0.004403159022331238,0.025467466562986374,0.003760014660656452,2.981498255394399e-06,0.00017463402764406055,3.7161290645599365,10.0,0.0,0.0,0.0,0.0,0.0,32.766,32.766,0.281,32.766,2.847,2018.58642578125,809.9566040039062,31.73395347595215,,False,
1783703848.525821,2026-07-10T10:17:28,280133,20260710_101720,,,,,,arming,,,,,,,,,False,0.021490607410669327,0.0035343177150934935,1.000962734222412,0.0028737413231283426,-0.1494365632534027,-0.04735194891691208,0.0,2.0,66.0,26.0,0.026,0.0005947714671492577,-0.00011857890785904601,0.025550110265612602,0.0033246250823140144,-0.0003065773344133049,0.003779026446864009,0.202951118350029,1.2720777988433838,0.004403159022331238,0.025467466562986374,0.003760014660656452,2.981498255394399e-06,0.00017463402764406055,3.7161290645599365,10.0,0.0,0.0,0.0,0.0,0.0,32.766,32.766,0.281,32.766,2.847,2018.58642578125,809.9566040039062,31.73395347595215,,False,
1783703848.5359793,2026-07-10T10:17:28,280147,20260710_101720,,,,,,arming,,,,,,,,,False,0.023377681151032448,0.003442754503339529,1.000685214996338,0.1008293405175209,0.4053979814052582,0.04170253500342369,-1.0,0.0,51.0,21.0,0.021,7.151688623707741e-05,0.0001586185535416007,0.02371792495250702,0.0004824020143132657,0.0010114266769960523,-0.005532246548682451,0.19169287383556366,1.2922319173812866,0.006756927818059921,0.025467466562986374,0.003760014660656452,2.981498255394399e-06,0.00017463402764406055,3.7161290645599365,10.0,0.0,0.0,0.0,0.0,0.0,32.766,32.766,0.281,32.766,2.847,2018.58642578125,809.9566040039062,31.73395347595215,,False,
1783703848.5461612,2026-07-10T10:17:28,280153,20260710_101720,,,,,,arming,,,,,,,,,False,0.026003511622548103,0.0025861121248453856,0.9999932050704956,-0.0332905650138855,0.3711451590061188,0.03256535530090332,0.0,-2.0,59.0,21.0,0.021,7.151688623707741e-05,0.0001586185535416007,0.02371792495250702,0.0004824020143132657,0.0010114266769960523,-0.005532246548682451,0.19169287383556366,1.2922319173812866,0.006756927818059921,0.023662982508540154,-0.0054708789102733135,3.064966222154908e-06,0.00017979543190449476,3.710850477218628,10.0,0.0,0.0,0.0,0.0,0.0,32.766,32.766,0.281,32.766,2.847,2018.788818359375,809.9385986328125,31.733076095581055,,False,
1783703848.5563588,2026-07-10T10:17:28,280167,20260710_101720,,,,,,arming,,,,,,,,,False,0.024323826655745506,0.003346421755850315,1.0009281635284424,0.21133939921855927,0.19310158491134644,0.284447580575943,0.0,2.0,75.0,21.0,0.021,8.028482261579484e-05,0.00015152929699979722,0.023611079901456833,0.0007860669284127653,0.0008064910070970654,-0.005413206294178963,0.19181354343891144,1.2860767841339111,0.00817953236401081,0.023662982508540154,-0.0054708789102733135,3.064966222154908e-06,0.00017979543190449476,3.710850477218628,10.0,0.0,0.0,0.0,0.0,0.0,32.766,32.766,0.281,32.766,2.847,2018.788818359375,809.9385986328125,31.733076095581055,,False,
1783703848.5665226,2026-07-10T10:17:28,280173,20260710_101720,,,,,,arming,,,,,,,,,False,0.021972674876451492,0.004612121731042862,1.0007153749465942,-0.05773862451314926,-0.1500341296195984,0.031321726739406586,0.0,-3.0,74.0,21.0,0.021,8.028482261579484e-05,0.00015152929699979722,0.023611079901456833,0.0007860669284127653,0.0008064910070970654,-0.005413206294178963,0.19181354343891144,1.2860767841339111,0.00817953236401081,0.023662982508540154,-0.0054708789102733135,3.064966222154908e-06,0.00017979543190449476,3.710850477218628,10.0,0.0,0.0,0.0,0.0,0.0,32.766,32.766,0.281,32.766,2.847,2018.788818359375,809.9385986328125,31.733076095581055,,False,
1783703848.576682,2026-07-10T10:17:28,280187,20260710_101720,,,,,,arming,,,,,,,,,False,0.022587409242987633,0.0044783977791666985,0.9997479915618896,-0.04351159185171127,0.09890717267990112,0.11969270557165146,0.0,3.0,53.0,21.0,0.021,8.327242539962754e-05,0.0001484553940827027,0.023510968312621117,0.000702017336152494,0.000873784942086786,-0.005164640489965677,0.19372111558914185,1.285273790359497,0.008331694640219212,0.023662982508540154,-0.0054708789102733135,3.064966222154908e-06,0.00017979543190449476,3.710850477218628,10.0,0.0,0.0,0.0,0.0,0.0,32.766,32.766,0.281,32.766,2.847,2018.788818359375,809.9385986328125,31.733076095581055,,False,
1783703848.5868518,2026-07-10T10:17:28,280198,20260710_101720,,,,,,arming,,,,,,,,,False,0.023094050586223602,0.004082632716745138,1.0003854036331177,0.11478260159492493,-0.24542076885700226,0.07434683293104172,0.0,0.0,57.0,27.0,0.027,8.327242539962754e-05,0.0001484553940827027,0.023510968312621117,0.000702017336152494,0.000873784942086786,-0.005164640489965677,0.19372111558914185,1.285273790359497,0.008331694640219212,0.025005580857396126,0.0028350679203867912,2.9815009838785045e-06,0.00017462762480136007,3.710850477218628,10.0,0.0,0.0,0.0,0.0,0.0,32.766,32.766,0.281,32.766,2.847,2018.788818359375,809.9385986328125,31.733076095581055,,False,
1783703848.597014,2026-07-10T10:17:28,280207,20260710_101720,,,,,,arming,,,,,,,,,False,0.019966356456279755,0.0038004310335963964,0.9999302625656128,0.0339462086558342,0.21703046560287476,0.11897671222686768,0.0,-2.0,66.0,27.0,0.027,0.0005714138387702405,0.00014400378859136254,0.025006644427776337,0.003127451753243804,0.0009462987072765827,0.002864884678274393,0.19440793991088867,1.2636146545410156,0.00956500694155693,0.025005580857396126,0.0028350679203867912,2.9815009838785045e-06,0.00017462762480136007,3.710850477218628,10.0,0.0,0.0,0.0,0.0,0.0,0.28500000000000003,0.315,0.281,0.34700000000000003,2.845,2018.788818359375,809.9385986328125,31.733076095581055,,False,
1783703848.6072319,2026-07-10T10:17:28,280213,20260710_101720,,,,,,arming,,,,,,,,,False,0.023145653307437897,0.003521181410178542,0.9991549253463745,-0.08102443069219589,0.22929003834724426,0.03401040658354759,0.0,0.0,62.0,27.0,0.027,0.0005714138387702405,0.00014400378859136254,0.025006644427776337,0.003127451753243804,0.0009462987072765827,0.002864884678274393,0.19440793991088867,1.2636146545410156,0.00956500694155693,0.025005580857396126,0.0028350679203867912,2.9815009838785045e-06,0.00017462762480136007,3.710850477218628,10.0,0.0,0.0,0.0,0.0,0.0,0.28500000000000003,0.315,0.281,0.34700000000000003,2.845,2018.788818359375,809.9385986328125,31.733076095581055,,False,
1783703848.6174119,2026-07-10T10:17:28,280227,20260710_101720,,,,,,arming,,,,,,,,,False,0.0217336006462574,0.002960402751341462,0.9995808601379395,0.24150507152080536,0.053449008613824844,-0.022529585286974907,0.0,0.0,74.0,27.0,0.027,0.0006317534716799855,0.00016357636195607483,0.02506371960043907,0.003026086837053299,0.001007351092994213,0.0028117906767874956,0.19429229199886322,1.2564715147018433,0.009470050223171711,0.025005580857396126,0.0028350679203867912,2.9815009838785045e-06,0.00017462762480136007,3.710850477218628,10.0,0.0,0.0,0.0,0.0,0.0,0.28500000000000003,0.315,0.281,0.34700000000000003,2.845,2018.788818359375,809.9385986328125,31.733076095581055,,False,
1783703848.6276326,2026-07-10T10:17:28,280233,20260710_101720,,,,,,arming,,,,,,,,,False,0.02238573506474495,0.003653641091659665,0.9974656105041504,-0.006328148767352104,0.10323823243379593,0.0910445898771286,0.0,1.0,70.0,27.0,0.027,0.0006317534716799855,0.00016357636195607483,0.02506371960043907,0.003026086837053299,0.001007351092994213,0.0028117906767874956,0.19429229199886322,1.2564715147018433,0.009470050223171711,0.025005580857396126,0.0028350679203867912,2.9815009838785045e-06,0.00017462762480136007,3.710850477218628,10.0,0.0,0.0,0.0,0.0,0.0,0.28500000000000003,0.315,0.281,0.34700000000000003,2.845,2018.788818359375,809.9385986328125,31.733076095581055,,False,
1783703848.6377926,2026-07-10T10:17:28,280249,20260710_101720,,,,,,arming,,,,,,,,,False,0.024863429367542267,0.007118473295122385,0.9986464381217957,0.03060336224734783,0.19969701766967773,0.45268872380256653,0.0,0.0,52.0,25.0,0.025,0.0003682920942083001,0.00017025996930897236,0.025080367922782898,0.0015237719053402543,0.0009481950546614826,0.0023632615339010954,0.19498811662197113,1.2655516862869263,0.008758082054555416,0.025103561580181122,0.002231218619272113,3.065004648306058e-06,0.0001798007870092988,3.710850477218628,10.0,0.0,0.0,0.0,0.0,0.0,0.28500000000000003,0.315,0.281,0.34700000000000003,2.845,2018.788818359375,809.9385986328125,31.733076095581055,,False,
1783703848.6479545,2026-07-10T10:17:28,280253,20260710_101720,,,,,,arming,,,,,,,,,False,0.024622300639748573,0.005544409621506929,1.000138282775879,0.2117941677570343,-0.04921966791152954,0.010690298862755299,0.0,0.0,61.0,25.0,0.025,0.0003682920942083001,0.00017025996930897236,0.025080367922782898,0.0015237719053402543,0.0009481950546614826,0.0023632615339010954,0.19498811662197113,1.2655516862869263,0.008758082054555416,0.025103561580181122,0.002231218619272113,3.065004648306058e-06,0.0001798007870092988,3.710850477218628,10.0,0.0,0.0,0.0,0.0,0.0,0.28500000000000003,0.315,0.281,0.34700000000000003,2.845,2018.7176513671875,809.944580078125,31.74039649963379,,False,
1783703848.658115,2026-07-10T10:17:28,280267,20260710_101720,,,,,,arming,,,,,,,,,False,0.02516498975455761,0.004810458514839411,1.0010240077972412,0.0904674306511879,-0.010191495530307293,-0.007665419019758701,0.0,0.0,67.0,25.0,0.025,0.0004042075597681105,0.00019488738325890154,0.025126587599515915,0.0020628224592655897,0.0014602338196709752,0.002330043353140354,0.19739370048046112,1.2614409923553467,0.011794324032962322,0.025103561580181122,0.002231218619272113,3.065004648306058e-06,0.0001798007870092988,3.710850477218628,10.0,0.0,0.0,0.0,0.0,0.0,0.28500000000000003,0.315,0.281,0.34700000000000003,2.845,2018.7176513671875,809.944580078125,31.74039649963379,,False,
1783703848.6683345,2026-07-10T10:17:28,280273,20260710_101720,,,,,,arming,,,,,,,,,False,0.024899248033761978,0.004586399532854557,0.998659610748291,-0.10081778466701508,-0.17171412706375122,-0.10668881982564926,0.0,0.0,70.0,25.0,0.025,0.0004042075597681105,0.00019488738325890154,0.025126587599515915,0.0020628224592655897,0.0014602338196709752,0.002330043353140354,0.19739370048046112,1.2614409923553467,0.011794324032962322,0.025103561580181122,0.002231218619272113,3.065004648306058e-06,0.0001798007870092988,3.710850477218628,10.0,0.0,0.0,0.0,0.0,0.0,0.28500000000000003,0.315,0.281,0.34700000000000003,2.845,2018.7176513671875,809.944580078125,31.74039649963379,,False,
1783703848.6786032,2026-07-10T10:17:28,280287,20260710_101720,,,,,,arming,,,,,,,,,False,0.023742303252220154,0.0036247617099434137,0.9995584487915039,0.17607931792736053,0.275409460067749,-0.05687224119901657,0.0,0.0,52.0,25.0,0.025,0.0004511480510700494,0.00022652656480204314,0.025174580514431,0.0026146043092012405,0.0016800136072561145,0.0023828274570405483,0.19855700433254242,1.2602595090866089,0.011702354997396469,0.025103561580181122,0.002231218619272113,3.065004648306058e-06,0.0001798007870092988,3.710850477218628,10.0,0.0,0.0,0.0,0.0,0.0,0.28500000000000003,0.315,0.281,0.34700000000000003,2.845,2018.7176513671875,809.944580078125,31.74039649963379,,False,
1783703848.6887953,2026-07-10T10:17:28,280300,20260710_101720,,,,,,arming,,,,,,,,,False,0.02371259406208992,0.004152950365096331,1.0007747411727905,0.14836810529232025,-0.044318221509456635,-0.021813830360770226,0.0,1.0,53.0,28.0,0.028,0.0004511480510700494,0.00022652656480204314,0.025174580514431,0.0026146043092012405,0.0016800136072561145,0.0023828274570405483,0.19855700433254242,1.2602595090866089,0.011702354997396469,0.026486711576581,0.008733869530260563,2.9815307698299875e-06,0.0001746396446833387,3.710850477218628,10.0,0.0,0.0,0.0,0.0,0.0,32.766,0.31,0.28400000000000003,32.766,2.865,2018.7176513671875,809.944580078125,31.74039649963379,,False,
1783703848.698966,2026-07-10T10:17:28,280307,20260710_101720,,,,,,arming,,,,,,,,,False,0.023217590525746346,0.0026076538488268852,1.0022633075714111,0.18048550188541412,0.14401736855506897,0.13576751947402954,0.0,0.0,67.0,28.0,0.028,8.031546894926578e-05,0.0002259026514366269,0.026486711576581,0.0008776893373578787,0.0015946251805871725,0.008761171251535416,0.2009727507829666,1.273193120956421,0.013035188429057598,0.026486711576581,0.008733869530260563,2.9815307698299875e-06,0.0001746396446833387,3.710850477218628,10.0,0.0,0.0,0.0,0.0,0.0,32.766,0.31,0.28400000000000003,32.766,2.865,2018.7176513671875,809.944580078125,31.74039649963379,,False,
1783703848.7091792,2026-07-10T10:17:28,280321,20260710_101720,,,,,,arming,,,,,,,,,False,0.023642854765057564,0.003921994008123875,0.9968799352645874,0.1355697363615036,-0.19330520927906036,-0.012737708166241646,0.0,-1.0,68.0,28.0,0.028,8.031546894926578e-05,0.0002259026514366269,0.026486711576581,0.0008776893373578787,0.0015946251805871725,0.008761171251535416,0.2009727507829666,1.273193120956421,0.013035188429057598,0.026486711576581,0.008733869530260563,2.9815307698299875e-06,0.0001746396446833387,3.710850477218628,10.0,0.0,0.0,0.0,0.0,0.0,32.766,0.31,0.28400000000000003,32.766,2.865,2018.7176513671875,809.944580078125,31.74039649963379,,False,
1783703848.7193475,2026-07-10T10:17:28,280331,20260710_101720,,,,,,arming,,,,,,,,,False,0.021966442465782166,0.005570708308368921,0.997996985912323,0.11164666712284088,0.027350876480340958,-0.015757352113723755,0.0,-1.0,72.0,28.0,0.028,0.0006996765150688589,0.00020148782641626894,0.026664016768336296,0.0039994968101382256,0.0011544165899977088,0.008733170107007027,0.2048598974943161,1.251927375793457,0.015083076432347298,0.026486711576581,0.008733869530260563,2.9815307698299875e-06,0.0001746396446833387,3.710850477218628,10.0,0.0,0.0,0.0,0.0,0.0,32.766,0.31,0.28400000000000003,32.766,2.865,2018.7176513671875,809.944580078125,31.74039649963379,,False,
1783703848.729512,2026-07-10T10:17:28,280341,20260710_101720,,,,,,arming,,,,,,,,,False,0.023612244054675102,0.00362688978202641,1.0016860961914062,-0.043683186173439026,-0.38980743288993835,-0.23527710139751434,0.0,0.0,65.0,28.0,0.028,0.0006996765150688589,0.00020148782641626894,0.026664016768336296,0.0039994968101382256,0.0011544165899977088,0.008733170107007027,0.2048598974943161,1.251927375793457,0.015083076432347298,0.026486711576581,0.008733869530260563,2.9815307698299875e-06,0.0001746396446833387,3.710850477218628,10.0,0.0,0.0,0.0,0.0,0.0,32.766,0.31,0.28400000000000003,32.766,2.865,2018.7176513671875,809.944580078125,31.74039649963379,,False,
1783703848.7396748,2026-07-10T10:17:28,280351,20260710_101720,,,,,,arming,,,,,,,,,False,0.024967791512608528,0.004322919063270092,0.9997749924659729,-0.16359548270702362,0.13327133655548096,0.04504846781492233,0.0,1.0,56.0,25.0,0.025,0.0004008047981187701,0.00020245286577846855,0.02610636129975319,0.0023207166232168674,0.0012567428639158607,0.004726392216980457,0.20515786111354828,1.2648611068725586,0.014059378765523434,0.026154454797506332,0.004832522943615913,3.0650203370896634e-06,0.0001798063312890008,3.710850477218628,10.0,0.0,0.0,0.0,0.0,0.0,32.766,0.31,0.28400000000000003,32.766,2.865,2018.7176513671875,809.944580078125,31.74039649963379,,False,
1783703848.7498462,2026-07-10T10:17:28,280361,20260710_101720,,,,,,arming,,,,,,,,,False,0.02560325525701046,0.005726693198084831,0.9993637204170227,0.017258713021874428,-0.2009376585483551,0.08691586554050446,0.0,0.0,64.0,25.0,0.025,0.0004008047981187701,0.00020245286577846855,0.02610636129975319,0.0023207166232168674,0.0012567428639158607,0.004726392216980457,0.20515786111354828,1.2648611068725586,0.014059378765523434,0.026154454797506332,0.004832522943615913,3.0650203370896634e-06,0.0001798063312890008,3.710850477218628,10.0,0.0,0.0,0.0,0.0,0.0,32.766,0.31,0.28400000000000003,32.766,2.865,2018.55908203125,809.958984375,31.748594284057617,,False,
1783703848.760051,2026-07-10T10:17:28,280371,20260710_101720,,,,,,arming,,,,,,,,,False,0.02311914600431919,0.004516679793596268,1.0001553297042847,-0.10389343649148941,0.1758168637752533,0.15295608341693878,0.0,-2.0,73.0,25.0,0.025,0.0010681512067094445,0.00020691263489425182,0.026203006505966187,0.005799162667244673,0.0012890988728031516,0.004912097472697496,0.20576810836791992,1.2402307987213135,0.013010460883378983,0.026154454797506332,0.004832522943615913,3.0650203370896634e-06,0.0001798063312890008,3.710850477218628,10.0,0.0,0.0,0.0,0.0,0.0,32.766,0.31,0.28400000000000003,32.766,2.865,2018.55908203125,809.958984375,31.748594284057617,,False,
1783703848.770229,2026-07-10T10:17:28,280381,20260710_101720,,,,,,arming,,,,,,,,,False,0.022882653400301933,0.0056793056428432465,1.0033992528915405,0.2786121368408203,-0.23716388642787933,-0.20643669366836548,0.0,1.0,72.0,25.0,0.025,0.0010681512067094445,0.00020691263489425182,0.026203006505966187,0.005799162667244673,0.0012890988728031516,0.004912097472697496,0.20576810836791992,1.2402307987213135,0.013010460883378983,0.026154454797506332,0.004832522943615913,3.0650203370896634e-06,0.0001798063312890008,3.710850477218628,10.0,0.0,0.0,0.0,0.0,0.0,32.766,0.31,0.28400000000000003,32.766,2.865,2018.55908203125,809.958984375,31.748594284057617,,False,
1783703848.780391,2026-07-10T10:17:28,280391,20260710_101720,,,,,,arming,,,,,,,,,False,0.022670766338706017,0.005928034894168377,0.9988870024681091,0.0030485542956739664,0.007525014225393534,-0.017366662621498108,0.0,0.0,60.0,25.0,0.025,0.0007602868718095124,0.0002141218283213675,0.026303568854928017,0.004257062450051308,0.001442357199266553,0.0049767084419727325,0.20718754827976227,1.2518248558044434,0.014767121523618698,0.026154454797506332,0.004832522943615913,3.0650203370896634e-06,0.0001798063312890008,3.710850477218628,10.0,0.0,0.0,0.0,0.0,0.0,32.766,0.31,0.28400000000000003,32.766,2.865,2018.55908203125,809.958984375,31.748594284057617,,False,
1783703848.7905486,2026-07-10T10:17:28,280401,20260710_101720,,,,,,arming,,,,,,,,,False,0.022057417780160904,0.004851256962865591,0.999880313873291,-0.06004089489579201,0.07263079285621643,0.14925092458724976,0.0,2.0,52.0,26.0,0.026,0.0007602868718095124,0.0002141218283213675,0.026303568854928017,0.004257062450051308,0.001442357199266553,0.0049767084419727325,0.20718754827976227,1.2518248558044434,0.014767121523618698,0.026248957961797714,0.004443720914423466,2.9815234938723734e-06,0.0001746345078572631,3.710850477218628,10.0,0.0,0.0,0.0,0.0,0.0,32.766,0.316,0.28,32.766,2.848,2018.55908203125,809.958984375,31.748594284057617,,False,
1783703848.8007083,2026-07-10T10:17:28,280411,20260710_101720,,,,,,arming,,,,,,,,,False,0.02245928719639778,0.0017520643305033445,0.9981785416603088,0.11182143539190292,-0.12971003353595734,-0.2690459191799164,0.0,-3.0,68.0,26.0,0.026,0.0010146457934752107,0.00019507724209688604,0.026250572875142097,0.0053606051951646805,0.0016247532330453396,0.004488942679017782,0.21043634414672852,1.2451339960098267,0.01393220480531454,0.026248957961797714,0.004443720914423466,2.9815234938723734e-06,0.0001746345078572631,3.710850477218628,10.0,0.0,0.0,0.0,0.0,0.0,32.766,0.316,0.28,32.766,2.848,2018.55908203125,809.958984375,31.748594284057617,,False,
1783703848.8108702,2026-07-10T10:17:28,280421,20260710_101720,,,,,,arming,,,,,,,,,False,0.023037994280457497,0.002462967997416854,0.9976683855056763,-0.01665782555937767,-0.07443848252296448,-0.07106135785579681,0.0,1.0,65.0,26.0,0.026,0.0010146457934752107,0.00019507724209688604,0.026250572875142097,0.0053606051951646805,0.0016247532330453396,0.004488942679017782,0.21043634414672852,1.2451339960098267,0.01393220480531454,0.026248957961797714,0.004443720914423466,2.9815234938723734e-06,0.0001746345078572631,3.710850477218628,10.0,0.0,0.0,0.0,0.0,0.0,32.766,0.316,0.28,32.766,2.848,2018.55908203125,809.958984375,31.748594284057617,,False,
1783703848.8210306,2026-07-10T10:17:28,280431,20260710_101720,,,,,,arming,,,,,,,,,False,0.02214880660176277,0.0018049853388220072,0.9986842274665833,-0.15029917657375336,0.263740599155426,-0.0002110468049068004,0.0,0.0,65.0,26.0,0.026,0.0007142256945371628,0.00020237597345840186,0.026341412216424942,0.0035513269249349833,0.0014623157912865281,0.004367024637758732,0.21143025159835815,1.2572777271270752,0.013625897467136383,0.026248957961797714,0.004443720914423466,2.9815234938723734e-06,0.0001746345078572631,3.710850477218628,10.0,0.0,0.0,0.0,0.0,0.0,32.766,0.316,0.28,32.766,2.848,2018.55908203125,809.958984375,31.748594284057617,,False,
1783703848.831225,2026-07-10T10:17:28,280443,20260710_101720,,,,,,arming,,,,,,,,,False,0.022904157638549805,0.002341901184991002,0.9978836178779602,-0.026807241141796112,0.07739512622356415,0.12102784216403961,0.0,2.0,55.0,26.0,0.026,0.0007142256945371628,0.00020237597345840186,0.026341412216424942,0.0035513269249349833,0.0014623157912865281,0.004367024637758732,0.21143025159835815,1.2572777271270752,0.013625897467136383,0.026248957961797714,0.004443720914423466,2.9815234938723734e-06,0.0001746345078572631,3.710850477218628,10.0,0.0,0.0,0.0,0.0,0.0,32.766,0.316,0.28,32.766,2.848,2018.55908203125,809.958984375,31.748594284057617,,False,
1783703848.8413835,2026-07-10T10:17:28,280452,20260710_101720,,,,,,arming,,,,,,,,,False,0.024742480367422104,0.003600760130211711,1.0003818273544312,0.03293023630976677,-0.2283882349729538,-0.058491300791502,0.0,2.0,55.0,26.0,0.026,7.439532782882452e-05,0.00021526140335481614,0.026266036555171013,0.00024566956562921405,0.001096150022931397,0.0032301575411111116,0.21052676439285278,1.2814178466796875,0.013764950446784496,0.026297524571418762,0.0030565555207431316,3.065020109715988e-06,0.0001798029406927526,3.710850477218628,10.0,0.0,0.0,0.0,0.0,0.0,32.766,0.316,0.28,32.766,2.848,2018.66845703125,809.9490356445312,31.754138946533203,,False,
1783703848.851579,2026-07-10T10:17:28,280463,20260710_101720,,,,,,arming,,,,,,,,,False,0.026475969702005386,0.003059966256842017,1.0009382963180542,0.06052500009536743,0.004249935504049063,0.13809514045715332,0.0,0.0,64.0,26.0,0.026,7.439532782882452e-05,0.00021526140335481614,0.026266036555171013,0.00024566956562921405,0.001096150022931397,0.0032301575411111116,0.21052676439285278,1.2814178466796875,0.013764950446784496,0.026297524571418762,0.0030565555207431316,3.065020109715988e-06,0.0001798029406927526,3.710850477218628,10.0,0.0,0.0,0.0,0.0,0.0,32.766,0.316,0.28,32.766,2.848,2018.66845703125,809.9490356445312,31.754138946533203,,False,
1783703848.8617353,2026-07-10T10:17:28,280473,20260710_101720,,,,,,arming,,,,,,,,,False,0.025055643171072006,0.0037132997531443834,0.999648928642273,-0.35235655307769775,-0.2783566415309906,0.08289002627134323,0.0,0.0,76.0,26.0,0.026,0.0003968835808336735,0.00021660164929926395,0.02632933296263218,0.0020366248209029436,0.0008698430610820651,0.0031436793506145477,0.20983275771141052,1.270486831665039,0.012444782070815563,0.026297524571418762,0.0030565555207431316,3.065020109715988e-06,0.0001798029406927526,3.710850477218628,10.0,0.0,0.0,0.0,0.0,0.0,32.766,0.316,0.28,32.766,2.848,2018.66845703125,809.9490356445312,31.754138946533203,,False,
1783703848.8718932,2026-07-10T10:17:28,280483,20260710_101720,,,,,,arming,,,,,,,,,False,0.023651234805583954,0.004053400829434395,1.0011364221572876,0.03791939094662666,0.25813570618629456,0.06785479187965393,0.0,-1.0,60.0,26.0,0.026,0.0003968835808336735,0.00021660164929926395,0.02632933296263218,0.0020366248209029436,0.0008698430610820651,0.0031436793506145477,0.20983275771141052,1.270486831665039,0.012444782070815563,0.026297524571418762,0.0030565555207431316,3.065020109715988e-06,0.0001798029406927526,3.710850477218628,10.0,0.0,0.0,0.0,0.0,0.0,32.766,0.316,0.28,32.766,2.848,2018.66845703125,809.9490356445312,31.754138946533203,,False,
1783703848.882048,2026-07-10T10:17:28,280493,20260710_101720,,,,,,arming,,,,,,,,,False,0.023211855441331863,0.0035330045502632856,1.0006567239761353,-0.23395952582359314,-0.0011981320567429066,0.03465939313173294,0.0,1.0,54.0,25.0,0.025,0.0007404913776554167,0.00022113605518825352,0.02639409713447094,0.004111986141651869,0.0007876210147514939,0.0033102971501648426,0.2080799788236618,1.2593330144882202,0.013860592618584633,0.026297524571418762,0.0030565555207431316,3.065020109715988e-06,0.0001798029406927526,3.710850477218628,10.0,0.0,0.0,0.0,0.0,0.0,32.766,0.316,0.28,32.766,2.848,2018.66845703125,809.9490356445312,31.754138946533203,,False,
1783703848.8922076,2026-07-10T10:17:28,280503,20260710_101720,,,,,,arming,,,,,,,,,False,0.024755703285336494,0.0035865847021341324,1.0000851154327393,0.04797438532114029,0.05017497017979622,-0.008156545460224152,0.0,0.0,70.0,25.0,0.025,0.0007404913776554167,0.00022113605518825352,0.02639409713447094,0.004111986141651869,0.0007876210147514939,0.0033102971501648426,0.2080799788236618,1.2593330144882202,0.013860592618584633,0.02581956423819065,0.00029460503719747066,2.9815198558935663e-06,0.0001746348716551438,3.7161290645599365,10.0,0.0,0.0,0.0,0.0,0.0,32.766,32.766,0.28,32.766,2.835,2018.66845703125,809.9490356445312,31.754138946533203,,False,
1783703848.9024043,2026-07-10T10:17:28,280513,20260710_101720,,,,,,arming,,,,,,,,,False,0.02451183833181858,0.003452353412285447,0.9981710314750671,-0.1889527291059494,-0.014769084751605988,0.03572596237063408,0.0,0.0,66.0,25.0,0.025,0.0004232306673657149,0.00023142504505813122,0.02581956423819065,0.0025486694648861885,0.0008238511509262025,0.00035411849967204034,0.20689557492733002,1.2690958976745605,0.012922659516334534,0.02581956423819065,0.00029460503719747066,2.9815198558935663e-06,0.0001746348716551438,3.7161290645599365,10.0,0.0,0.0,0.0,0.0,0.0,32.766,32.766,0.28,32.766,2.835,2018.66845703125,809.9490356445312,31.754138946533203,,False,
1783703848.9125605,2026-07-10T10:17:28,280523,20260710_101720,,,,,,arming,,,,,,,,,False,0.021872881799936295,0.003886767663061619,1.0000332593917847,-0.07505588233470917,0.13727028667926788,0.17313577234745026,0.0,0.0,65.0,25.0,0.025,0.0004232306673657149,0.00023142504505813122,0.02581956423819065,0.0025486694648861885,0.0008238511509262025,0.00035411849967204034,0.20689557492733002,1.2690958976745605,0.012922659516334534,0.02581956423819065,0.00029460503719747066,2.9815198558935663e-06,0.0001746348716551438,3.7161290645599365,10.0,0.0,0.0,0.0,0.0,0.0,32.766,32.766,0.28,32.766,2.835,2018.66845703125,809.9490356445312,31.754138946533203,,False,
1783703848.9227164,2026-07-10T10:17:28,280533,20260710_101720,,,,,,arming,,,,,,,,,False,0.02413654327392578,0.001892191357910633,1.000750184059143,0.1257142722606659,-0.17700453102588654,0.12382062524557114,0.0,1.0,64.0,25.0,0.025,0.00047861188068054616,0.00024777327780611813,0.02582630142569542,0.0029719870071858168,0.0007936831098049879,0.0002479208051227033,0.20496506989002228,1.2654670476913452,0.013473751954734325,0.02581956423819065,0.00029460503719747066,2.9815198558935663e-06,0.0001746348716551438,3.7161290645599365,10.0,0.0,0.0,0.0,0.0,0.0,32.766,32.766,0.28,32.766,2.835,2018.66845703125,809.9490356445312,31.754138946533203,,False,
1783703848.9328911,2026-07-10T10:17:28,280543,20260710_101720,,,,,,arming,,,,,,,,,False,0.023355426266789436,0.0036855882499367,0.9978868365287781,0.06057760491967201,0.11743073165416718,0.08212094753980637,0.0,-2.0,64.0,24.0,0.024,0.00047861188068054616,0.00024777327780611813,0.02582630142569542,0.0029719870071858168,0.0007936831098049879,0.0002479208051227033,0.20496506989002228,1.2654670476913452,0.013473751954734325,0.02581956423819065,0.00029460503719747066,2.9815198558935663e-06,0.0001746348716551438,3.7161290645599365,10.0,0.0,0.0,0.0,0.0,0.0,32.766,32.766,0.28,32.766,2.835,2018.66845703125,809.9490356445312,31.754138946533203,,False,
1783703848.9431024,2026-07-10T10:17:28,280553,20260710_101720,,,,,,arming,,,,,,,,,False,0.024317864328622818,0.0040993657894432545,0.9982534050941467,0.13358153402805328,-0.22277866303920746,-0.07210499048233032,0.0,0.0,67.0,24.0,0.024,0.0007897524046711624,0.00023947450972627848,0.0250712800770998,0.0044121090322732925,0.0005757746985182166,-0.0034546542447060347,0.2064206451177597,1.2553869485855103,0.013366448692977428,0.025035744532942772,-0.003753857221454382,3.065007376790163e-06,0.00017980764096137136,3.710850477218628,10.0,0.0,0.0,0.0,0.0,0.0,32.766,32.766,0.28,32.766,2.835,2018.515380859375,809.962646484375,31.762428283691406,,False,
1783703848.9532995,2026-07-10T10:17:28,280563,20260710_101720,,,,,,arming,,,,,,,,,False,0.02217007800936699,0.004725543782114983,0.9979956150054932,-0.0305744931101799,0.230514794588089,0.2298586666584015,0.0,0.0,61.0,24.0,0.024,0.0007897524046711624,0.00023947450972627848,0.0250712800770998,0.0044121090322732925,0.0005757746985182166,-0.0034546542447060347,0.2064206451177597,1.2553869485855103,0.013366448692977428,0.025035744532942772,-0.003753857221454382,3.065007376790163e-06,0.00017980764096137136,3.710850477218628,10.0,0.0,0.0,0.0,0.0,0.0,32.766,32.766,0.28,32.766,2.835,2018.515380859375,809.962646484375,31.762428283691406,,False,
1783703848.9634655,2026-07-10T10:17:28,280573,20260710_101720,,,,,,arming,,,,,,,,,False,0.02064792811870575,0.002748551545664668,1.0005381107330322,-0.08393692225217819,-0.033916931599378586,-0.01788094826042652,0.0,0.0,72.0,24.0,0.024,0.0008816641638986766,0.00025145732797682285,0.024998407810926437,0.0048121437430381775,0.0006401560385711491,-0.003814846044406295,0.20696023106575012,1.255046010017395,0.012530457228422165,0.025035744532942772,-0.003753857221454382,3.065007376790163e-06,0.00017980764096137136,3.710850477218628,10.0,0.0,0.0,0.0,0.0,0.0,32.766,32.766,0.28,32.766,2.835,2018.515380859375,809.962646484375,31.762428283691406,,False,
1783703848.973626,2026-07-10T10:17:28,280583,20260710_101720,,,,,,arming,,,,,,,,,False,0.02579571306705475,0.0035412118304520845,0.9993593692779541,-0.033912740647792816,0.15846434235572815,0.10339243710041046,0.0,0.0,55.0,24.0,0.024,0.0008816641638986766,0.00025145732797682285,0.024998407810926437,0.0048121437430381775,0.0006401560385711491,-0.003814846044406295,0.20696023106575012,1.255046010017395,0.012530457228422165,0.025035744532942772,-0.003753857221454382,3.065007376790163e-06,0.00017980764096137136,3.710850477218628,10.0,0.0,0.0,0.0,0.0,0.0,32.766,32.766,0.28,32.766,2.835,2018.515380859375,809.962646484375,31.762428283691406,,False,
1783703848.9837823,2026-07-10T10:17:28,280593,20260710_101720,,,,,,arming,,,,,,,,,False,0.024104638025164604,0.00400236900895834,0.9957178235054016,-0.10775870829820633,0.032795000821352005,-0.029649993404746056,0.0,0.0,61.0,20.0,0.02,0.0009774219943210483,0.0002651683462318033,0.024920059368014336,0.004720862023532391,0.000652403337880969,-0.0039224158972501755,0.20523680746555328,1.2524982690811157,0.01422931905835867,0.025035744532942772,-0.003753857221454382,3.065007376790163e-06,0.00017980764096137136,3.710850477218628,10.0,0.0,0.0,0.0,0.0,0.0,32.766,32.766,0.28,32.766,2.835,2018.515380859375,809.962646484375,31.762428283691406,,False,
1783703848.9939392,2026-07-10T10:17:28,280603,20260710_101720,,,,,,arming,,,,,,,,,False,0.022517282515764236,0.003189487149938941,0.9980999231338501,0.003229794092476368,-0.14352326095104218,-0.06406331062316895,0.0,0.0,76.0,20.0,0.02,0.0009774219943210483,0.0002651683462318033,0.024920059368014336,0.004720862023532391,0.000652403337880969,-0.0039224158972501755,0.20523680746555328,1.2524982690811157,0.01422931905835867,0.022636914625763893,-0.015396936796605587,2.9814959816576447e-06,0.0001746515481499955,3.710850477218628,10.0,0.0,0.0,0.0,0.0,0.0,32.766,32.766,0.28200000000000003,0.34600000000000003,2.85,2018.515380859375,809.962646484375,31.762428283691406,,False,
1783703849.0041232,2026-07-10T10:17:29,280613,20260710_101720,,,,,,arming,,,,,,,,,False,0.02432369813323021,0.0035055787302553654,0.9965298771858215,-0.061211634427309036,0.024399826303124428,0.015686802566051483,0.0,0.0,67.0,20.0,0.02,0.0011206112103536725,0.0002837276551872492,0.022636914625763893,0.005472023040056229,0.0006935609271749854,-0.01527885627001524,0.20629315078258514,1.2490801811218262,0.013825460337102413,0.022636914625763893,-0.015396936796605587,2.9814959816576447e-06,0.0001746515481499955,3.710850477218628,10.0,0.0,0.0,0.0,0.0,0.0,32.766,32.766,0.28200000000000003,0.34600000000000003,2.85,2018.515380859375,809.962646484375,31.762428283691406,,False,
1783703849.014307,2026-07-10T10:17:29,280626,20260710_101720,,,,,,arming,,,,,,,,,False,0.024465346708893776,0.004083419218659401,0.9989835023880005,-0.03415526822209358,-0.08559583872556686,-0.07725521177053452,0.0,0.0,63.0,20.0,0.02,0.0012323894770815969,0.0002969460329040885,0.022327236831188202,0.005777627229690552,0.0006557565648108721,-0.015735536813735962,0.20629315078258514,1.2490801811218262,0.013825460337102413,0.022636914625763893,-0.015396936796605587,2.9814959816576447e-06,0.0001746515481499955,3.710850477218628,10.0,0.0,0.0,0.0,0.0,0.0,32.766,32.766,0.28200000000000003,0.34600000000000003,2.85,2018.515380859375,809.962646484375,31.762428283691406,,False,
1783703849.0244913,2026-07-10T10:17:29,280633,20260710_101720,,,,,,arming,,,,,,,,,False,0.02549726888537407,0.0038365256041288376,1.000644564628601,0.4153117537498474,0.33766302466392517,0.02215115912258625,0.0,1.0,61.0,20.0,0.02,0.0012323894770815969,0.0002969460329040885,0.022327236831188202,0.005777627229690552,0.0006557565648108721,-0.015735536813735962,0.20499829947948456,1.2490671873092651,0.013295987620949745,0.022636914625763893,-0.015396936796605587,2.9814959816576447e-06,0.0001746515481499955,3.710850477218628,10.0,0.0,0.0,0.0,0.0,0.0,32.766,32.766,0.28200000000000003,0.34600000000000003,2.85,2018.515380859375,809.962646484375,31.762428283691406,,False,
1783703849.034663,2026-07-10T10:17:29,280646,20260710_101720,,,,,,arming,,,,,,,,,False,0.0236072838306427,0.0029817475005984306,1.0004936456680298,-0.15767806768417358,0.07087922096252441,0.20548976957798004,0.0,0.0,63.0,25.0,0.025,0.0007104501710273325,0.00027332009631209075,0.02319204807281494,0.003554555121809244,0.0005590867949649692,-0.009801517240703106,0.20499829947948456,1.2490671873092651,0.013295987620949745,0.022636914625763893,-0.015396936796605587,2.9814959816576447e-06,0.0001746515481499955,3.710850477218628,10.0,0.0,0.0,0.0,0.0,0.0,32.766,32.766,0.28200000000000003,0.34600000000000003,2.85,2018.515380859375,809.962646484375,31.762428283691406,,False,
1783703849.044832,2026-07-10T10:17:29,280653,20260710_101720,,,,,,arming,,,,,,,,,False,0.02287491038441658,0.003144436050206423,0.9992138743400574,0.1900016814470291,-0.015488101169466972,-0.08943399041891098,0.0,-2.0,71.0,25.0,0.025,0.0007104501710273325,0.00027332009631209075,0.02319204807281494,0.003554555121809244,0.0005590867949649692,-0.009801517240703106,0.20800814032554626,1.26398766040802,0.01381826400756836,0.02309439890086651,-0.009808838367462158,3.0649994187115226e-06,0.00017982457939069718,3.710850477218628,10.0,0.0,0.0,0.0,0.0,0.0,32.766,32.766,0.28200000000000003,0.34600000000000003,2.85,2018.53173828125,809.9613647460938,31.769765853881836,,False,
1783703849.0550187,2026-07-10T10:17:29,280666,20260710_101720,,,,,,arming,,,,,,,,,False,0.022593528032302856,0.0045336391776800156,0.9996365308761597,-0.07251395285129547,-0.12738873064517975,-0.047976307570934296,0.0,2.0,62.0,25.0,0.025,0.0006348257884383202,0.00025557284243404865,0.023000674322247505,0.003054649569094181,0.0003227948909625411,-0.009749837219715118,0.20800814032554626,1.26398766040802,0.01381826400756836,0.02309439890086651,-0.009808838367462158,3.0649994187115226e-06,0.00017982457939069718,3.710850477218628,10.0,0.0,0.0,0.0,0.0,0.0,32.766,32.766,0.28200000000000003,0.34600000000000003,2.85,2018.53173828125,809.9613647460938,31.769765853881836,,False,
1783703849.065348,2026-07-10T10:17:29,280673,20260710_101720,,,,,,arming,,,,,,,,,False,0.02335490472614765,0.004727201536297798,0.998410165309906,0.007666238583624363,-0.36087480187416077,0.03366183117032051,0.0,0.0,69.0,25.0,0.025,0.0006348257884383202,0.00025557284243404865,0.023000674322247505,0.003054649569094181,0.0003227948909625411,-0.009749837219715118,0.20922210812568665,1.2654772996902466,0.014733932912349701,0.02309439890086651,-0.009808838367462158,3.0649994187115226e-06,0.00017982457939069718,3.710850477218628,10.0,0.0,0.0,0.0,0.0,0.0,32.766,32.766,0.28200000000000003,0.34600000000000003,2.85,2018.53173828125,809.9613647460938,31.769765853881836,,False,
1783703849.0755873,2026-07-10T10:17:29,280687,20260710_101720,,,,,,arming,,,,,,,,,False,0.02428760752081871,0.005793603602796793,0.9987422227859497,0.02061484195291996,0.19679805636405945,-0.02394229732453823,0.0,1.0,54.0,25.0,0.025,0.00019284638983663172,0.00025458604795858264,0.022804580628871918,0.0010543589014559984,0.0004783341137226671,-0.00990816205739975,0.20852051675319672,1.2818067073822021,0.015103057958185673,0.02309439890086651,-0.009808838367462158,3.0649994187115226e-06,0.00017982457939069718,3.710850477218628,10.0,0.0,0.0,0.0,0.0,0.0,32.766,32.766,0.28200000000000003,0.34600000000000003,2.85,2018.53173828125,809.9613647460938,31.769765853881836,,False,
1783703849.085778,2026-07-10T10:17:29,280693,20260710_101720,,,,,,arming,,,,,,,,,False,0.023450082167983055,0.004008591640740633,1.0006574392318726,0.13799767196178436,0.038827940821647644,-0.1430429071187973,0.0,-1.0,53.0,27.0,0.027,0.00019284638983663172,0.00025458604795858264,0.022804580628871918,0.0010543589014559984,0.0004783341137226671,-0.00990816205739975,0.20852051675319672,1.2818067073822021,0.015103057958185673,0.02309439890086651,-0.009808838367462158,3.0649994187115226e-06,0.00017982457939069718,3.710850477218628,10.0,0.0,0.0,0.0,0.0,0.0,32.766,32.766,0.28200000000000003,0.34600000000000003,2.85,2018.53173828125,809.9613647460938,31.769765853881836,,False,
1783703849.0959547,2026-07-10T10:17:29,280707,20260710_101720,,,,,,arming,,,,,,,,,False,0.021645676344633102,0.0034304081927984953,1.0014758110046387,-0.01240708027034998,0.25020626187324524,-0.1791413575410843,0.0,0.0,63.0,27.0,0.027,0.0005941344425082207,0.00024208311515394598,0.024543996900320053,0.002909750444814563,0.0006088236114010215,-0.00024230223789345473,0.21002408862113953,1.2659591436386108,0.014710566028952599,0.024543996900320053,-0.0003087603545282036,2.9815169000357855e-06,0.0001746432826621458,3.710850477218628,10.0,0.0,0.0,0.0,0.0,0.0,32.766,32.766,0.28300000000000003,0.343,2.847,2018.53173828125,809.9613647460938,31.769765853881836,,False,
1783703849.106183,2026-07-10T10:17:29,280713,20260710_101720,,,,,,arming,,,,,,,,,False,0.024506520479917526,0.003740056185051799,1.0001294612884521,-0.08289337903261185,-0.1587086021900177,0.09061252325773239,0.0,-2.0,67.0,27.0,0.027,0.0005941344425082207,0.00024208311515394598,0.024543996900320053,0.002909750444814563,0.0006088236114010215,-0.00024230223789345473,0.21002408862113953,1.2659591436386108,0.014710566028952599,0.024543996900320053,-0.0003087603545282036,2.9815169000357855e-06,0.0001746432826621458,3.710850477218628,10.0,0.0,0.0,0.0,0.0,0.0,32.766,32.766,0.28300000000000003,0.343,2.847,2018.53173828125,809.9613647460938,31.769765853881836,,False,
1783703849.1164129,2026-07-10T10:17:29,280727,20260710_101720,,,,,,arming,,,,,,,,,False,0.02362857572734356,0.0031978324986994267,1.0000025033950806,-0.02966909110546112,-0.16114982962608337,-0.015017328783869743,0.0,1.0,60.0,27.0,0.027,0.0009365049772895873,0.00023638023412786424,0.02454359456896782,0.004253024235367775,0.0005368642159737647,-4.31471380579751e-05,0.2110721468925476,1.2526050806045532,0.013142498210072517,0.024543996900320053,-0.0003087603545282036,2.9815169000357855e-06,0.0001746432826621458,3.710850477218628,10.0,0.0,0.0,0.0,0.0,0.0,32.766,32.766,0.28300000000000003,0.343,2.847,2018.53173828125,809.9613647460938,31.769765853881836,,False,
1783703849.126583,2026-07-10T10:17:29,280733,20260710_101720,,,,,,arming,,,,,,,,,False,0.02368718571960926,0.00300803454592824,1.0006283521652222,0.08304223418235779,-0.1952614188194275,0.00862797535955906,0.0,0.0,63.0,27.0,0.027,0.0009365049772895873,0.00023638023412786424,0.02454359456896782,0.004253024235367775,0.0005368642159737647,-4.31471380579751e-05,0.2110721468925476,1.2526050806045532,0.013142498210072517,0.024543996900320053,-0.0003087603545282036,2.9815169000357855e-06,0.0001746432826621458,3.710850477218628,10.0,0.0,0.0,0.0,0.0,0.0,32.766,32.766,0.28300000000000003,0.343,2.847,2018.53173828125,809.9613647460938,31.769765853881836,,False,
1783703849.1367526,2026-07-10T10:17:29,280748,20260710_101720,,,,,,arming,,,,,,,,,False,0.02347518689930439,0.0031118555925786495,0.9995991587638855,0.11975070834159851,0.18155823647975922,0.1502351313829422,0.0,0.0,60.0,25.0,0.025,0.001021652016788721,0.0002450784668326378,0.024733714759349823,0.004581252112984657,0.00038427396793849766,0.0010210067266598344,0.21057863533496857,1.251981258392334,0.011816875077784061,0.024743812158703804,0.0008937957463786006,3.0650141980004264e-06,0.0001798128942027688,3.710850477218628,10.0,0.0,0.0,0.0,0.0,0.0,32.766,32.766,0.28300000000000003,0.343,2.847,2018.53173828125,809.9613647460938,31.769765853881836,,False,
1783703849.1469223,2026-07-10T10:17:29,280753,20260710_101720,,,,,,arming,,,,,,,,,False,0.02323392778635025,0.0035888240672647953,0.9984356164932251,-0.013161015696823597,-0.21672463417053223,-0.09499972313642502,0.0,0.0,76.0,25.0,0.025,0.001021652016788721,0.0002450784668326378,0.024733714759349823,0.004581252112984657,0.00038427396793849766,0.0010210067266598344,0.21057863533496857,1.251981258392334,0.011816875077784061,0.024743812158703804,0.0008937957463786006,3.0650141980004264e-06,0.0001798128942027688,3.710850477218628,10.0,0.0,0.0,0.0,0.0,0.0,32.766,32.766,0.28300000000000003,0.343,2.847,2018.652099609375,809.9505004882812,31.77289581298828,,False,
1783703849.1571994,2026-07-10T10:17:29,280767,20260710_101720,,,,,,arming,,,,,,,,,False,0.025477513670921326,0.003005895297974348,0.9994955062866211,0.29105085134506226,0.3061197102069855,0.011584256775677204,0.0,0.0,63.0,25.0,0.025,0.0011164378374814987,0.0002522396680433303,0.024753347039222717,0.004898239392787218,0.00034387808409519494,0.0009085944038815796,0.21089693903923035,1.2511143684387207,0.012022338807582855,0.024743812158703804,0.0008937957463786006,3.0650141980004264e-06,0.0001798128942027688,3.710850477218628,10.0,0.0,0.0,0.0,0.0,0.0,32.766,32.766,0.28300000000000003,0.343,2.847,2018.652099609375,809.9505004882812,31.77289581298828,,False,
1783703849.1673672,2026-07-10T10:17:29,280773,20260710_101720,,,,,,arming,,,,,,,,,False,0.024170175194740295,0.0043590678833425045,1.0002648830413818,-0.04519398882985115,-0.24582022428512573,0.2710970342159271,0.0,0.0,69.0,25.0,0.025,0.0011164378374814987,0.0002522396680433303,0.024753347039222717,0.004898239392787218,0.00034387808409519494,0.0009085944038815796,0.21089693903923035,1.2511143684387207,0.012022338807582855,0.024743812158703804,0.0008937957463786006,3.0650141980004264e-06,0.0001798128942027688,3.710850477218628,10.0,0.0,0.0,0.0,0.0,0.0,32.766,32.766,0.28300000000000003,0.343,2.847,2018.652099609375,809.9505004882812,31.77289581298828,,False,
1783703849.177535,2026-07-10T10:17:29,280787,20260710_101720,,,,,,arming,,,,,,,,,False,0.023896053433418274,0.004087475594133139,1.00114107131958,-0.1413460522890091,0.26119139790534973,0.03596070781350136,0.0,2.0,57.0,25.0,0.025,0.00015761017857585102,0.00024837898672558367,0.02477497048676014,0.0010044826194643974,0.00032272760290652514,0.0009654122986830771,0.21261292695999146,1.280344843864441,0.013331021182239056,0.024743812158703804,0.0008937957463786006,3.0650141980004264e-06,0.0001798128942027688,3.710850477218628,10.0,0.0,0.0,0.0,0.0,0.0,32.766,32.766,0.28300000000000003,0.343,2.847,2018.652099609375,809.9505004882812,31.77289581298828,,False,
1783703849.1877258,2026-07-10T10:17:29,280800,20260710_101720,,,,,,arming,,,,,,,,,False,0.026615578681230545,0.0037776795215904713,0.9993958473205566,0.018005145713686943,-0.13565729558467865,0.07164090871810913,0.0,-1.0,56.0,25.0,0.025,0.00015761017857585102,0.00024837898672558367,0.02477497048676014,0.0010044826194643974,0.00032272760290652514,0.0009654122986830771,0.21261292695999146,1.280344843864441,0.013331021182239056,0.02489325776696205,0.0014768681721761823,2.981518264277838e-06,0.00017464558186475188,3.710850477218628,10.0,0.0,0.0,0.0,0.0,0.0,32.766,32.766,0.28,0.34600000000000003,2.852,2018.652099609375,809.9505004882812,31.77289581298828,,False,
1783703849.1979294,2026-07-10T10:17:29,280807,20260710_101720,,,,,,arming,,,,,,,,,False,0.025294067338109016,0.004377642646431923,1.0004799365997314,-0.15848056972026825,0.0035750726237893105,-0.06705164909362793,0.0,1.0,68.0,25.0,0.025,0.00011496133083710447,0.0002392578753642738,0.024893581867218018,0.0012794045032933354,0.0003270377346780151,0.0015494517283514142,0.2132871001958847,1.2813317775726318,0.01430042739957571,0.02489325776696205,0.0014768681721761823,2.981518264277838e-06,0.00017464558186475188,3.710850477218628,10.0,0.0,0.0,0.0,0.0,0.0,32.766,32.766,0.28,0.34600000000000003,2.852,2018.652099609375,809.9505004882812,31.77289581298828,,False,
1783703849.2081525,2026-07-10T10:17:29,280814,20260710_101720,,,,,,arming,,,,,,,,,False,0.026053432375192642,0.003135957755148411,0.9989951848983765,0.036283548921346664,-0.13639985024929047,0.2138945311307907,0.0,-1.0,69.0,25.0,0.025,0.00011496133083710447,0.0002392578753642738,0.024893581867218018,0.0012794045032933354,0.0003270377346780151,0.0015494517283514142,0.2132871001958847,1.2813317775726318,0.01430042739957571,0.02489325776696205,0.0014768681721761823,2.981518264277838e-06,0.00017464558186475188,3.710850477218628,10.0,0.0,0.0,0.0,0.0,0.0,32.766,32.766,0.28,0.34600000000000003,2.852,2018.652099609375,809.9505004882812,31.77289581298828,,False,
1783703849.21854,2026-07-10T10:17:29,280827,20260710_101720,,,,,,arming,,,,,,,,,False,0.027533242478966713,0.0015337589429691434,0.9983965754508972,-0.02551868185400963,-0.1130688413977623,0.09114896506071091,0.0,0.0,60.0,25.0,0.025,0.0005229715607129037,0.00023909832816570997,0.02492550201714039,0.003454990917816758,0.0002691428526304662,0.0015511964447796345,0.21110022068023682,1.2704188823699951,0.015315387398004532,0.02489325776696205,0.0014768681721761823,2.981518264277838e-06,0.00017464558186475188,3.710850477218628,10.0,0.0,0.0,0.0,0.0,0.0,32.766,32.766,0.28,0.34600000000000003,2.852,2018.652099609375,809.9505004882812,31.77289581298828,,False,
1783703849.228865,2026-07-10T10:17:29,280833,20260710_101720,,,,,,arming,,,,,,,,,False,0.025604192167520523,0.0021620001643896103,0.9996809959411621,0.11952622979879379,0.3456366956233978,-0.1884208619594574,0.0,0.0,56.0,25.0,0.025,0.0005229715607129037,0.00023909832816570997,0.02492550201714039,0.003454990917816758,0.0002691428526304662,0.0015511964447796345,0.21110022068023682,1.2704188823699951,0.015315387398004532,0.02489325776696205,0.0014768681721761823,2.981518264277838e-06,0.00017464558186475188,3.710850477218628,10.0,0.0,0.0,0.0,0.0,0.0,32.766,32.766,0.28,0.34600000000000003,2.852,2018.652099609375,809.9505004882812,31.77289581298828,,False,
1783703849.2391713,2026-07-10T10:17:29,280850,20260710_101720,,,,,,arming,,,,,,,,,False,0.02326490730047226,0.004643376916646957,1.001340627670288,0.1292816698551178,-0.12220590561628342,0.003397167194634676,0.0,0.0,63.0,24.0,0.024,0.0006084181368350983,0.00024219784245360643,0.02456331066787243,0.004303017631173134,-3.8202506402740255e-05,-0.0004968668799847364,0.21172645688056946,1.266446828842163,0.014906032010912895,0.024559060111641884,-0.00045085069723427296,3.0650060125481104e-06,0.00017981782730203122,3.710850477218628,10.0,0.0,0.0,0.0,0.0,0.0,32.766,32.766,0.28,0.34600000000000003,2.852,2018.652099609375,809.9505004882812,31.77289581298828,,False,
1783703849.2495058,2026-07-10T10:17:29,280853,20260710_101720,,,,,,arming,,,,,,,,,False,0.02473132126033306,0.005697541870176792,0.9999943971633911,0.03820919990539551,0.1534387767314911,0.09379810839891434,0.0,0.0,71.0,24.0,0.024,0.0006084181368350983,0.00024219784245360643,0.02456331066787243,0.004303017631173134,-3.8202506402740255e-05,-0.0004968668799847364,0.21172645688056946,1.266446828842163,0.014906032010912895,0.024559060111641884,-0.00045085069723427296,3.0650060125481104e-06,0.00017981782730203122,3.710850477218628,10.0,0.0,0.0,0.0,0.0,0.0,32.766,32.766,0.28,0.34600000000000003,2.852,2018.6083984375,809.9544067382812,31.776756286621094,,False,
1783703849.2597477,2026-07-10T10:17:29,280871,20260710_101720,,,,,,arming,,,,,,,,,False,0.02586951293051243,0.003932628780603409,1.000877857208252,0.17077893018722534,-0.14355193078517914,0.13619813323020935,0.0,0.0,61.0,24.0,0.024,0.0006975287105888128,0.0002439732343191281,0.024555621668696404,0.004680431913584471,0.00025007070507854223,-0.0003343408170621842,0.21238307654857635,1.2626365423202515,0.0169033482670784,0.024559060111641884,-0.00045085069723427296,3.0650060125481104e-06,0.00017981782730203122,3.710850477218628,10.0,0.0,0.0,0.0,0.0,0.0,32.766,32.766,0.28,0.34600000000000003,2.852,2018.6083984375,809.9544067382812,31.776756286621094,,False,
1783703849.269927,2026-07-10T10:17:29,280881,20260710_101720,,,,,,arming,,,,,,,,,False,0.02330688200891018,0.003785924520343542,0.9995675086975098,0.06396675854921341,-0.021778857335448265,-0.18140289187431335,0.0,-1.0,75.0,24.0,0.024,0.0006975287105888128,0.0002439732343191281,0.024555621668696404,0.004680431913584471,0.00025007070507854223,-0.0003343408170621842,0.21238307654857635,1.2626365423202515,0.0169033482670784,0.024559060111641884,-0.00045085069723427296,3.0650060125481104e-06,0.00017981782730203122,3.710850477218628,10.0,0.0,0.0,0.0,0.0,0.0,32.766,32.766,0.28,0.34600000000000003,2.852,2018.6083984375,809.9544067382812,31.776756286621094,,False,
1783703849.2801542,2026-07-10T10:17:29,280891,20260710_101720,,,,,,arming,,,,,,,,,False,0.022794369608163834,0.002974188420921564,0.998560905456543,-0.11417464911937714,0.26035070419311523,0.12117715924978256,0.0,0.0,58.0,24.0,0.024,0.0011760714696720243,0.00023815668828319758,0.02454889751970768,0.006822691299021244,0.00022480121697299182,-0.00020151515491306782,0.21473468840122223,1.2482969760894775,0.016804125159978867,0.024559060111641884,-0.00045085069723427296,3.0650060125481104e-06,0.00017981782730203122,3.710850477218628,10.0,0.0,0.0,0.0,0.0,0.0,32.766,32.766,0.28,0.34600000000000003,2.852,2018.6083984375,809.9544067382812,31.776756286621094,,False,
1783703849.2903645,2026-07-10T10:17:29,280901,20260710_101720,,,,,,arming,,,,,,,,,False,0.022534288465976715,0.001452978583984077,0.9989486336708069,-0.06939837336540222,-0.11723542213439941,0.19269540905952454,0.0,0.0,62.0,25.0,0.025,0.0011760714696720243,0.00023815668828319758,0.02454889751970768,0.006822691299021244,0.00022480121697299182,-0.00020151515491306782,0.21473468840122223,1.2482969760894775,0.016804125159978867,0.0247487872838974,0.0005618344875983894,2.9815178095304873e-06,0.0001746549241943285,3.710850477218628,10.0,0.0,0.0,0.0,0.0,0.0,32.766,32.766,0.28,0.342,2.846,2018.6083984375,809.9544067382812,31.776756286621094,,False,
1783703849.3005211,2026-07-10T10:17:29,280911,20260710_101720,,,,,,arming,,,,,,,,,False,0.02341832034289837,0.0012256724294275045,0.9992839694023132,-0.06311196833848953,0.33004671335220337,-0.04533171281218529,0.0,1.0,69.0,25.0,0.025,0.0006458977586589754,0.00024819723330438137,0.02475089766085148,0.004358409438282251,0.00017741027113515884,0.0007226029993034899,0.21416868269443512,1.2639657258987427,0.015561012551188469,0.0247487872838974,0.0005618344875983894,2.9815178095304873e-06,0.0001746549241943285,3.710850477218628,10.0,0.0,0.0,0.0,0.0,0.0,32.766,32.766,0.28,0.342,2.846,2018.6083984375,809.9544067382812,31.776756286621094,,False,
1783703849.3106766,2026-07-10T10:17:29,280921,20260710_101720,,,,,,arming,,,,,,,,,False,0.025339683517813683,0.003781277919188142,0.998814046382904,0.1951274871826172,0.13741019368171692,-0.045036036521196365,0.0,0.0,72.0,25.0,0.025,0.0006458977586589754,0.00024819723330438137,0.02475089766085148,0.004358409438282251,0.00017741027113515884,0.0007226029993034899,0.21416868269443512,1.2639657258987427,0.015561012551188469,0.0247487872838974,0.0005618344875983894,2.9815178095304873e-06,0.0001746549241943285,3.710850477218628,10.0,0.0,0.0,0.0,0.0,0.0,32.766,32.766,0.28,0.342,2.846,2018.6083984375,809.9544067382812,31.776756286621094,,False,
1783703849.3208313,2026-07-10T10:17:29,280931,20260710_101720,,,,,,arming,,,,,,,,,False,0.02325689047574997,0.0036792706232517958,1.0014824867248535,0.04422932490706444,0.12286420166492462,-0.11700908839702606,0.0,-1.0,58.0,25.0,0.025,0.0011222182074561715,0.00024566680076532066,0.024763453751802444,0.0061084250919520855,-0.00028946000384166837,0.0005966840544715524,0.21221965551376343,1.2502309083938599,0.017316151410341263,0.0247487872838974,0.0005618344875983894,2.9815178095304873e-06,0.0001746549241943285,3.710850477218628,10.0,0.0,0.0,0.0,0.0,0.0,32.766,32.766,0.28,0.342,2.846,2018.6083984375,809.9544067382812,31.776756286621094,,False,
1783703849.3309932,2026-07-10T10:17:29,280941,20260710_101720,,,,,,arming,,,,,,,,,False,0.02398442104458809,0.0023303611669689417,0.9998425841331482,-0.008042115718126297,-0.32652613520622253,0.04830475524067879,2.0,-2.0,69.0,25.0,0.025,0.0011222182074561715,0.00024566680076532066,0.024763453751802444,0.0061084250919520855,-0.00028946000384166837,0.0005966840544715524,0.21221965551376343,1.2502309083938599,0.017316151410341263,0.0247487872838974,0.0005618344875983894,2.9815178095304873e-06,0.0001746549241943285,3.710850477218628,10.0,0.0,0.0,0.0,0.0,0.0,32.766,32.766,0.28,0.342,2.846,2018.6083984375,809.9544067382812,31.776756286621094,,False,
1783703849.3412178,2026-07-10T10:17:29,280953,20260710_101720,,,,,,arming,,,,,,,,,False,0.021225327625870705,0.0018972186371684074,1.0004609823226929,0.10000136494636536,-0.20362141728401184,-0.11314406245946884,0.0,0.0,70.0,27.0,0.027,0.0009481878369115293,-0.00019833084661513567,0.025708835572004318,0.005288970191031694,-0.0019792569801211357,0.005335577763617039,0.22610227763652802,1.2561057806015015,0.016509173437952995,0.02576226368546486,0.005238980054855347,3.0649866857856978e-06,0.00017980445409193635,3.710850477218628,10.0,0.0,0.0,0.0,0.0,0.0,32.766,32.766,0.28,0.342,2.846,2018.69580078125,809.9467163085938,31.783124923706055,,False,
1783703849.3513973,2026-07-10T10:17:29,280963,20260710_101720,,,,,,arming,,,,,,,,,False,0.025955505669116974,0.003216363023966551,1.0005955696105957,-0.02596605382859707,-0.17430417239665985,0.10339920222759247,0.0,1.0,63.0,27.0,0.027,0.0009481878369115293,-0.00019833084661513567,0.025708835572004318,0.005288970191031694,-0.0019792569801211357,0.005335577763617039,0.22610227763652802,1.2561057806015015,0.016509173437952995,0.02576226368546486,0.005238980054855347,3.0649866857856978e-06,0.00017980445409193635,3.710850477218628,10.0,0.0,0.0,0.0,0.0,0.0,32.766,32.766,0.28,0.342,2.846,2018.69580078125,809.9467163085938,31.783124923706055,,False,
1783703849.3615708,2026-07-10T10:17:29,280973,20260710_101720,,,,,,arming,,,,,,,,,False,0.026193391531705856,0.0032744158525019884,0.998854398727417,0.2332211434841156,-0.4473556578159332,-0.09558882564306259,1.0,-4.0,66.0,27.0,0.027,0.0004980090307071805,-0.0001929881691467017,0.025817163288593292,0.003162058535963297,-0.0021173208951950073,0.005404279101639986,0.22474178671836853,1.2729219198226929,0.01688724011182785,0.02576226368546486,0.005238980054855347,3.0649866857856978e-06,0.00017980445409193635,3.710850477218628,10.0,0.0,0.0,0.0,0.0,0.0,32.766,32.766,0.28,0.342,2.846,2018.69580078125,809.9467163085938,31.783124923706055,,False,
1783703849.371746,2026-07-10T10:17:29,280983,20260710_101720,,,,,,arming,,,,,,,,,False,0.0241922065615654,0.004945700988173485,0.9996994137763977,-0.313154399394989,-0.26222872734069824,-0.028124937787652016,-1.0,2.0,48.0,27.0,0.027,0.0004980090307071805,-0.0001929881691467017,0.025817163288593292,0.003162058535963297,-0.0021173208951950073,0.005404279101639986,0.22474178671836853,1.2729219198226929,0.01688724011182785,0.02576226368546486,0.005238980054855347,3.0649866857856978e-06,0.00017980445409193635,3.710850477218628,10.0,0.0,0.0,0.0,0.0,0.0,32.766,32.766,0.28,0.342,2.846,2018.69580078125,809.9467163085938,31.783124923706055,,False,
1783703849.38191,2026-07-10T10:17:29,280993,20260710_101720,,,,,,arming,,,,,,,,,False,0.023417511954903603,0.005553538911044598,1.000670075416565,0.19228287041187286,0.10973447561264038,-0.13507841527462006,0.0,1.0,55.0,25.0,0.025,0.0012034456012770534,-0.00015324914420489222,0.02593548223376274,0.006285756826400757,-0.0018204828957095742,0.005474301986396313,0.22335216403007507,1.257699966430664,0.01624881848692894,0.02576226368546486,0.005238980054855347,3.0649866857856978e-06,0.00017980445409193635,3.710850477218628,10.0,0.0,0.0,0.0,0.0,0.0,32.766,32.766,0.28,0.342,2.846,2018.69580078125,809.9467163085938,31.783124923706055,,False,
1783703849.3920858,2026-07-10T10:17:29,281003,20260710_101720,,,,,,arming,,,,,,,,,False,0.02355877123773098,0.0051887561567127705,1.0002528429031372,0.2988942563533783,-0.20997078716754913,-0.22272832691669464,0.0,0.0,64.0,25.0,0.025,0.0012034456012770534,-0.00015324914420489222,0.02593548223376274,0.006285756826400757,-0.0018204828957095742,0.005474301986396313,0.22335216403007507,1.257699966430664,0.01624881848692894,0.02559995837509632,0.0032719322480261326,2.981479610753013e-06,0.0001746284106047824,3.710850477218628,10.0,0.0,0.0,0.0,0.0,0.0,32.766,32.766,0.28200000000000003,32.766,2.84,2018.69580078125,809.9467163085938,31.783124923706055,,False,
1783703849.4022582,2026-07-10T10:17:29,281013,20260710_101720,,,,,,arming,,,,,,,,,False,0.02321012131869793,0.0023431293666362762,0.9996023178100586,-0.014018411748111248,0.021965574473142624,-0.0308791883289814,0.0,0.0,67.0,25.0,0.025,0.0008242902695201337,-0.00015945135965012014,0.02559995837509632,0.004646099638193846,-0.0014531656634062529,0.0033701779320836067,0.2234448492527008,1.2712774276733398,0.01625567302107811,0.02559995837509632,0.0032719322480261326,2.981479610753013e-06,0.0001746284106047824,3.710850477218628,10.0,0.0,0.0,0.0,0.0,0.0,32.766,32.766,0.28200000000000003,32.766,2.84,2018.69580078125,809.9467163085938,31.783124923706055,,False,
1783703849.41242,2026-07-10T10:17:29,281023,20260710_101720,,,,,,arming,,,,,,,,,False,0.024327807128429413,0.0021714717149734497,1.0007445812225342,0.18692249059677124,0.1271267980337143,0.09354860335588455,0.0,0.0,59.0,25.0,0.025,0.0008242902695201337,-0.00015945135965012014,0.02559995837509632,0.004646099638193846,-0.0014531656634062529,0.0033701779320836067,0.2234448492527008,1.2712774276733398,0.01625567302107811,0.02559995837509632,0.0032719322480261326,2.981479610753013e-06,0.0001746284106047824,3.710850477218628,10.0,0.0,0.0,0.0,0.0,0.0,32.766,32.766,0.28200000000000003,32.766,2.84,2018.69580078125,809.9467163085938,31.783124923706055,,False,
1783703849.4225783,2026-07-10T10:17:29,281033,20260710_101720,,,,,,arming,,,,,,,,,False,0.024267595261335373,0.0028110186103731394,0.9987092018127441,0.29885339736938477,0.22888952493667603,-0.2940542697906494,0.0,0.0,71.0,25.0,0.025,0.0009195042075589299,-0.000187941113836132,0.02566814050078392,0.004867903422564268,-0.0015141550684347749,0.00342953996732831,0.22541730105876923,1.2691154479980469,0.015200236812233925,0.02559995837509632,0.0032719322480261326,2.981479610753013e-06,0.0001746284106047824,3.710850477218628,10.0,0.0,0.0,0.0,0.0,0.0,32.766,32.766,0.28200000000000003,32.766,2.84,2018.69580078125,809.9467163085938,31.783124923706055,,False,
1783703849.432738,2026-07-10T10:17:29,281043,20260710_101720,,,,,,arming,,,,,,,,,False,0.02430454082787037,0.003318671602755785,0.9988475441932678,-0.24946103990077972,0.1055513322353363,0.06736099720001221,0.0,0.0,68.0,25.0,0.025,0.0009195042075589299,-0.000187941113836132,0.02566814050078392,0.004867903422564268,-0.0015141550684347749,0.00342953996732831,0.22541730105876923,1.2691154479980469,0.015200236812233925,0.02559995837509632,0.0032719322480261326,2.981479610753013e-06,0.0001746284106047824,3.710850477218628,10.0,0.0,0.0,0.0,0.0,0.0,32.766,32.766,0.28200000000000003,32.766,2.84,2018.69580078125,809.9467163085938,31.783124923706055,,False,
1783703849.4428985,2026-07-10T10:17:29,281053,20260710_101720,,,,,,arming,,,,,,,,,False,0.02624049410223961,0.0042044962756335735,0.9996935725212097,-0.15041036903858185,-0.12488396465778351,0.05413245037198067,0.0,0.0,66.0,25.0,0.025,0.001025217236019671,-0.0002197668800363317,0.02544463239610195,0.005295052193105221,-0.0018187955720350146,0.0019386280328035355,0.22809100151062012,1.2642712593078613,0.014839368872344494,0.02546362765133381,0.0017453329637646675,3.0649966902274173e-06,0.00017981388373300433,3.710850477218628,10.0,0.0,0.0,0.0,0.0,0.0,32.766,32.766,0.28200000000000003,32.766,2.84,2018.64111328125,809.9517822265625,31.79053497314453,,False,
1783703849.4530725,2026-07-10T10:17:29,281063,20260710_101720,,,,,,arming,,,,,,,,,False,0.02320556715130806,0.0027930166106671095,1.0000114440917969,0.30584341287612915,0.0428059920668602,-0.03098938800394535,0.0,0.0,66.0,25.0,0.025,0.001025217236019671,-0.0002197668800363317,0.02544463239610195,0.005295052193105221,-0.0018187955720350146,0.0019386280328035355,0.22809100151062012,1.2642712593078613,0.014839368872344494,0.02546362765133381,0.0017453329637646675,3.0649966902274173e-06,0.00017981388373300433,3.710850477218628,10.0,0.0,0.0,0.0,0.0,0.0,32.766,32.766,0.28200000000000003,32.766,2.84,2018.64111328125,809.9517822265625,31.79053497314453,,False,
1783703849.4632626,2026-07-10T10:17:29,281073,20260710_101720,,,,,,arming,,,,,,,,,False,0.025102056562900543,0.004321162588894367,0.9996853470802307,-0.015251579694449902,0.1583411544561386,-0.05342594534158707,-1.0,-1.0,70.0,25.0,0.025,0.0011369218118488789,-0.0002567092305980623,0.025482317432761192,0.0059331743977963924,-0.0018306539859622717,0.001877503702417016,0.22496718168258667,1.2615545988082886,0.016010403633117676,0.02546362765133381,0.0017453329637646675,3.0649966902274173e-06,0.00017981388373300433,3.710850477218628,10.0,0.0,0.0,0.0,0.0,0.0,32.766,32.766,0.28200000000000003,32.766,2.84,2018.64111328125,809.9517822265625,31.79053497314453,,False,
1783703849.4734402,2026-07-10T10:17:29,281086,20260710_101720,,,,,,arming,,,,,,,,,False,0.027761215344071388,0.004275481682270765,1.0016236305236816,0.34232744574546814,0.020124826580286026,0.13263608515262604,0.0,3.0,52.0,25.0,0.025,7.58124515414238e-05,0.00023521046387031674,0.025527339428663254,0.001579715870320797,0.000201483242562972,0.0019542609807103872,0.22496718168258667,1.2615545988082886,0.016010403633117676,0.02546362765133381,0.0017453329637646675,3.0649966902274173e-06,0.00017981388373300433,3.710850477218628,10.0,0.0,0.0,0.0,0.0,0.0,32.766,32.766,0.28200000000000003,32.766,2.84,2018.64111328125,809.9517822265625,31.79053497314453,,False,
1783703849.483611,2026-07-10T10:17:29,281093,20260710_101720,,,,,,arming,,,,,,,,,False,0.025705277919769287,0.002135399729013443,1.0007472038269043,0.23287907242774963,-0.14215022325515747,0.13554371893405914,0.0,0.0,57.0,25.0,0.025,7.58124515414238e-05,0.00023521046387031674,0.025527339428663254,0.001579715870320797,0.000201483242562972,0.0019542609807103872,0.2116304188966751,1.2932268381118774,0.01651209034025669,0.02546362765133381,0.0017453329637646675,3.0649966902274173e-06,0.00017981388373300433,3.710850477218628,10.0,0.0,0.0,0.0,0.0,0.0,32.766,32.766,0.28200000000000003,32.766,2.84,2018.64111328125,809.9517822265625,31.79053497314453,,False,
1783703849.4937758,2026-07-10T10:17:29,281106,20260710_101720,,,,,,arming,,,,,,,,,False,0.01989467814564705,0.0025091173592954874,0.999914824962616,0.02068404108285904,0.20052216947078705,-0.04405198618769646,0.0,-2.0,66.0,25.0,0.025,0.0009778233943507075,0.00023708722437731922,0.02532321587204933,0.005783245898783207,8.25537063064985e-05,0.0010213545756414533,0.2116304188966751,1.2932268381118774,0.01651209034025669,0.025322500616312027,0.0009583504870533943,2.98150121125218e-06,0.00017464530537836254,3.710850477218628,10.0,0.0,0.0,0.0,0.0,0.0,0.281,0.317,0.28200000000000003,32.766,2.848,2018.64111328125,809.9517822265625,31.79053497314453,,False,
1783703849.5039418,2026-07-10T10:17:29,281113,20260710_101720,,,,,,arming,,,,,,,,,False,0.022816820070147514,0.0044637941755354404,1.0004267692565918,-0.18081939220428467,-0.3842778503894806,0.1311914026737213,0.0,0.0,70.0,25.0,0.025,0.0009778233943507075,0.00023708722437731922,0.02532321587204933,0.005783245898783207,8.25537063064985e-05,0.0010213545756414533,0.21479594707489014,1.2658888101577759,0.017757711932063103,0.025322500616312027,0.0009583504870533943,2.98150121125218e-06,0.00017464530537836254,3.710850477218628,10.0,0.0,0.0,0.0,0.0,0.0,0.281,0.317,0.28200000000000003,32.766,2.848,2018.64111328125,809.9517822265625,31.79053497314453,,False,
1783703849.5141096,2026-07-10T10:17:29,281123,20260710_101720,,,,,,arming,,,,,,,,,False,0.02530665136873722,0.0038678061682730913,0.9996470808982849,0.13549914956092834,0.012202288955450058,-0.07976458966732025,0.0,0.0,63.0,25.0,0.025,0.0009778233943507075,0.00023708722437731922,0.02532321587204933,0.005783245898783207,8.25537063064985e-05,0.0010213545756414533,0.21479594707489014,1.2658888101577759,0.017757711932063103,0.025322500616312027,0.0009583504870533943,2.98150121125218e-06,0.00017464530537836254,3.710850477218628,10.0,0.0,0.0,0.0,0.0,0.0,0.281,0.317,0.28200000000000003,32.766,2.848,2018.64111328125,809.9517822265625,31.79053497314453,,False,
1783703849.5242717,2026-07-10T10:17:29,281133,20260710_101720,,,,,,arming,,,,,,,,,False,0.025310928001999855,0.003243934130296111,0.9980548620223999,0.020232336595654488,0.2062312215566635,0.027345633134245872,0.0,0.0,71.0,25.0,0.025,0.0010908165713772178,0.0002376354968873784,0.02534458413720131,0.0056302291341125965,6.583375215996057e-05,0.0011322646168991923,0.21338234841823578,1.2665982246398926,0.018124761059880257,0.025322500616312027,0.0009583504870533943,2.98150121125218e-06,0.00017464530537836254,3.710850477218628,10.0,0.0,0.0,0.0,0.0,0.0,0.281,0.317,0.28200000000000003,32.766,2.848,2018.64111328125,809.9517822265625,31.79053497314453,,False,
1783703849.5344837,2026-07-10T10:17:29,281146,20260710_101720,,,,,,arming,,,,,,,,,False,0.023351093754172325,0.002395057352259755,0.9987094402313232,-0.003594089299440384,0.16884443163871765,-0.1331615149974823,0.0,0.0,66.0,25.0,0.025,0.0012119247112423182,0.00023973047791514546,0.02521839551627636,0.006247890647500753,2.2412807084037922e-05,0.0002546908217482269,0.21338234841823578,1.2665982246398926,0.018124761059880257,0.025322500616312027,0.0009583504870533943,2.98150121125218e-06,0.00017464530537836254,3.710850477218628,10.0,0.0,0.0,0.0,0.0,0.0,0.281,0.317,0.28200000000000003,32.766,2.848,2018.64111328125,809.9517822265625,31.79053497314453,,False,
1783703849.5446458,2026-07-10T10:17:29,281153,20260710_101720,,,,,,arming,,,,,,,,,False,0.019817013293504715,0.0031080590561032295,0.9991059303283691,-0.1448615938425064,-0.10293257981538773,-0.1848842054605484,0.0,0.0,64.0,25.0,0.025,0.0012119247112423182,0.00023973047791514546,0.02521839551627636,0.006247890647500753,2.2412807084037922e-05,0.0002546908217482269,0.21389254927635193,1.2622722387313843,0.01725691370666027,0.025220459327101707,1.861755117715802e-05,3.0650085136585403e-06,0.0001798248995328322,3.710850477218628,10.0,0.0,0.0,0.0,0.0,0.0,0.281,0.317,0.28200000000000003,32.766,2.848,2018.5972900390625,809.9555053710938,31.796737670898438,,False,
1783703849.5548506,2026-07-10T10:17:29,281166,20260710_101720,,,,,,arming,,,,,,,,,False,0.02387292869389057,0.004254413768649101,0.9994214773178101,-0.05739511922001839,0.33945631980895996,0.017154892906546593,0.0,0.0,65.0,25.0,0.025,0.0013378944713622332,0.00023839452478569,0.025221703574061394,0.006212885025888681,-0.00011884619743796065,9.076735295820981e-05,0.21389254927635193,1.2622722387313843,0.01725691370666027,0.025220459327101707,1.861755117715802e-05,3.0650085136585403e-06,0.0001798248995328322,3.710850477218628,10.0,0.0,0.0,0.0,0.0,0.0,0.281,0.317,0.28200000000000003,32.766,2.848,2018.5972900390625,809.9555053710938,31.796737670898438,,False,
1783703849.5650327,2026-07-10T10:17:29,281173,20260710_101720,,,,,,arming,,,,,,,,,False,0.022975951433181763,0.003858216106891632,0.999843955039978,0.16769449412822723,0.5413435697555542,-0.0023633865639567375,2.0,-3.0,71.0,25.0,0.025,0.0013378944713622332,0.00023839452478569,0.025221703574061394,0.006212885025888681,-0.00011884619743796065,9.076735295820981e-05,0.2128565013408661,1.2587389945983887,0.016722850501537323,0.025220459327101707,1.861755117715802e-05,3.0650085136585403e-06,0.0001798248995328322,3.710850477218628,10.0,0.0,0.0,0.0,0.0,0.0,0.281,0.317,0.28200000000000003,32.766,2.848,2018.5972900390625,809.9555053710938,31.796737670898438,,False,
1783703849.5752616,2026-07-10T10:17:29,281187,20260710_101720,,,,,,arming,,,,,,,,,False,0.02445441484451294,0.004328382667154074,0.9997513890266418,-0.24502815306186676,0.4478743076324463,0.04469429329037666,-1.0,5.0,50.0,25.0,0.025,0.00015592161798849702,-0.00027464304002933204,0.02524600923061371,0.0012308043660596013,-0.001962660811841488,0.00018928447389043868,0.22645968198776245,1.2905124425888062,0.016355613246560097,0.025220459327101707,1.861755117715802e-05,3.0650085136585403e-06,0.0001798248995328322,3.710850477218628,10.0,0.0,0.0,0.0,0.0,0.0,0.281,0.317,0.28200000000000003,32.766,2.848,2018.5972900390625,809.9555053710938,31.796737670898438,,False,
1783703849.5854282,2026-07-10T10:17:29,281198,20260710_101720,,,,,,arming,,,,,,,,,False,0.022809667512774467,0.0037111949641257524,0.9986461997032166,0.16118700802326202,0.14814168214797974,-0.044664449989795685,0.0,0.0,53.0,27.0,0.027,0.00015592161798849702,-0.00027464304002933204,0.02524600923061371,0.0012308043660596013,-0.001962660811841488,0.00018928447389043868,0.22645968198776245,1.2905124425888062,0.016355613246560097,0.02603987790644169,0.004034931771457195,2.9814839308528462e-06,0.0001746489870129153,3.710850477218628,10.0,0.0,0.0,0.0,0.0,0.0,0.281,0.317,0.28200000000000003,32.766,2.848,2018.5972900390625,809.9555053710938,31.796737670898438,,False,
1783703849.5956135,2026-07-10T10:17:29,281207,20260710_101720,,,,,,arming,,,,,,,,,False,0.024461498484015465,0.0035846394021064043,1.0016371011734009,0.09241683036088943,-0.451795756816864,-0.1996380239725113,0.0,-1.0,70.0,27.0,0.027,0.0006297410582192242,-0.0002703623322304338,0.026040583848953247,0.0031694499775767326,-0.0017787449760362506,0.004066752269864082,0.22448767721652985,1.2742507457733154,0.01845627650618553,0.02603987790644169,0.004034931771457195,2.9814839308528462e-06,0.0001746489870129153,3.710850477218628,10.0,0.0,0.0,0.0,0.0,0.0,32.766,32.766,0.28,0.336,2.856,2018.5972900390625,809.9555053710938,31.796737670898438,,False,
1783703849.6058075,2026-07-10T10:17:29,281213,20260710_101720,,,,,,arming,,,,,,,,,False,0.024316351860761642,0.0044091069139540195,0.9998092651367188,-0.12269944697618484,-0.3315075933933258,0.030228056013584137,0.0,0.0,68.0,27.0,0.027,0.0006297410582192242,-0.0002703623322304338,0.026040583848953247,0.0031694499775767326,-0.0017787449760362506,0.004066752269864082,0.22448767721652985,1.2742507457733154,0.01845627650618553,0.02603987790644169,0.004034931771457195,2.9814839308528462e-06,0.0001746489870129153,3.710850477218628,10.0,0.0,0.0,0.0,0.0,0.0,32.766,32.766,0.28,0.336,2.856,2018.5972900390625,809.9555053710938,31.796737670898438,,False,
1783703849.6159894,2026-07-10T10:17:29,281227,20260710_101720,,,,,,arming,,,,,,,,,False,0.02542240358889103,0.004165486432611942,1.0005921125411987,-0.0420578308403492,0.012001628056168556,0.1527310609817505,0.0,0.0,63.0,27.0,0.027,0.0006968614179641008,-0.0003059745067730546,0.026124313473701477,0.003558616852387786,-0.0017489178571850061,0.004250823520123959,0.2246066778898239,1.2751338481903076,0.017791131511330605,0.02603987790644169,0.004034931771457195,2.9814839308528462e-06,0.0001746489870129153,3.710850477218628,10.0,0.0,0.0,0.0,0.0,0.0,32.766,32.766,0.28,0.336,2.856,2018.5972900390625,809.9555053710938,31.796737670898438,,False,
1783703849.6261916,2026-07-10T10:17:29,281233,20260710_101720,,,,,,arming,,,,,,,,,False,0.024830006062984467,0.0026355604641139507,1.00037682056427,0.22197963297367096,-0.22174382209777832,-0.20877282321453094,0.0,0.0,69.0,27.0,0.027,0.0006968614179641008,-0.0003059745067730546,0.026124313473701477,0.003558616852387786,-0.0017489178571850061,0.004250823520123959,0.2246066778898239,1.2751338481903076,0.017791131511330605,0.02603987790644169,0.004034931771457195,2.9814839308528462e-06,0.0001746489870129153,3.710850477218628,10.0,0.0,0.0,0.0,0.0,0.0,32.766,32.766,0.28,0.336,2.856,2018.5972900390625,809.9555053710938,31.796737670898438,,False,
1783703849.6363637,2026-07-10T10:17:29,281248,20260710_101720,,,,,,arming,,,,,,,,,False,0.023404251784086227,0.0018139748135581613,1.00081467628479,0.10785651206970215,0.02371021918952465,-0.11049680411815643,0.0,0.0,67.0,25.0,0.025,0.0007818988524377346,-0.00033880476257763803,0.025725029408931732,0.004154658410698175,-0.0018728092545643449,0.001997985178604722,0.22452031075954437,1.2714979648590088,0.017214929684996605,0.02574559673666954,0.0020282904151827097,3.0649907785118558e-06,0.0001798301236703992,3.710850477218628,10.0,0.0,0.0,0.0,0.0,0.0,32.766,32.766,0.28,0.336,2.856,2018.5972900390625,809.9555053710938,31.796737670898438,,False,
1783703849.6465325,2026-07-10T10:17:29,281253,20260710_101720,,,,,,arming,,,,,,,,,False,0.025161826983094215,0.005057365633547306,0.9995416402816772,0.06810339540243149,0.2435695379972458,0.2547484338283539,0.0,0.0,70.0,25.0,0.025,0.0007818988524377346,-0.00033880476257763803,0.025725029408931732,0.004154658410698175,-0.0018728092545643449,0.001997985178604722,0.22452031075954437,1.2714979648590088,0.017214929684996605,0.02574559673666954,0.0020282904151827097,3.0649907785118558e-06,0.0001798301236703992,3.710850477218628,10.0,0.0,0.0,0.0,0.0,0.0,32.766,32.766,0.28,0.336,2.856,2018.6356201171875,809.9522705078125,31.800086975097656,,False,
1783703849.6567051,2026-07-10T10:17:29,281267,20260710_101720,,,,,,arming,,,,,,,,,False,0.023461436852812767,0.0056017194874584675,0.9978358745574951,0.007145590614527464,-0.05715662240982056,-0.05856562405824661,0.0,0.0,74.0,25.0,0.025,0.0008682591724209487,-0.00037828029599040747,0.02576664462685585,0.004526703152805567,-0.0019410952227190137,0.002094092546030879,0.22553670406341553,1.2654576301574707,0.018947182223200798,0.02574559673666954,0.0020282904151827097,3.0649907785118558e-06,0.0001798301236703992,3.710850477218628,10.0,0.0,0.0,0.0,0.0,0.0,32.766,32.766,0.28,0.336,2.856,2018.6356201171875,809.9522705078125,31.800086975097656,,False,
1783703849.6668684,2026-07-10T10:17:29,281273,20260710_101720,,,,,,arming,,,,,,,,,False,0.023347441107034683,0.003241627709940076,0.9988034963607788,-0.09235444664955139,-0.1160401850938797,0.13802792131900787,-1.0,0.0,72.0,25.0,0.025,0.0008682591724209487,-0.00037828029599040747,0.02576664462685585,0.004526703152805567,-0.0019410952227190137,0.002094092546030879,0.22553670406341553,1.2654576301574707,0.018947182223200798,0.02574559673666954,0.0020282904151827097,3.0649907785118558e-06,0.0001798301236703992,3.710850477218628,10.0,0.0,0.0,0.0,0.0,0.0,32.766,32.766,0.28,0.336,2.856,2018.6356201171875,809.9522705078125,31.800086975097656,,False,
1783703849.6770322,2026-07-10T10:17:29,281287,20260710_101720,,,,,,arming,,,,,,,,,False,0.023290764540433884,0.0015767975710332394,1.00046706199646,0.057209521532058716,-0.06026642024517059,-0.004026755690574646,0.0,0.0,48.0,25.0,0.025,0.0008291013073176146,0.00025767020997591317,0.025806929916143417,0.004304921720176935,0.0005967994220554829,0.0018804218852892518,0.2075584977865219,1.2663816213607788,0.020676307380199432,0.02574559673666954,0.0020282904151827097,3.0649907785118558e-06,0.0001798301236703992,3.710850477218628,10.0,0.0,0.0,0.0,0.0,0.0,32.766,32.766,0.28,0.336,2.856,2018.6356201171875,809.9522705078125,31.800086975097656,,False,
1783703849.6872535,2026-07-10T10:17:29,281300,20260710_101720,,,,,,arming,,,,,,,,,False,0.023695524781942368,0.0026981974951922894,0.9989950060844421,-0.072443887591362,0.009634443558752537,0.07779135555028915,0.0,1.0,53.0,27.0,0.027,0.0008291013073176146,0.00025767020997591317,0.025806929916143417,0.004304921720176935,0.0005967994220554829,0.0018804218852892518,0.2075584977865219,1.2663816213607788,0.020676307380199432,0.026375314220786095,0.004481575917452574,2.9815153084200574e-06,0.0001746584748616442,3.710850477218628,10.0,0.0,0.0,0.0,0.0,0.0,32.766,32.766,0.281,0.341,2.842,2018.6356201171875,809.9522705078125,31.800086975097656,,False,
1783703849.6974466,2026-07-10T10:17:29,281307,20260710_101720,,,,,,arming,,,,,,,,,False,0.02335815504193306,0.0017832061275839806,1.000428318977356,-0.00119568791706115,0.32303017377853394,-0.07954386621713638,0.0,0.0,69.0,27.0,0.027,0.00018215131422039121,0.0002520359994377941,0.026375314220786095,0.0018792628543451428,0.00022735739185009152,0.004525520373135805,0.20821920037269592,1.2796778678894043,0.021205758675932884,0.026375314220786095,0.004481575917452574,2.9815153084200574e-06,0.0001746584748616442,3.710850477218628,10.0,0.0,0.0,0.0,0.0,0.0,32.766,32.766,0.281,0.341,2.842,2018.6356201171875,809.9522705078125,31.800086975097656,,False,
1783703849.7076318,2026-07-10T10:17:29,281313,20260710_101720,,,,,,arming,,,,,,,,,False,0.022665614262223244,0.0031648133881390095,0.9986394643783569,-0.0912044495344162,0.02699989266693592,-0.14091232419013977,0.0,-1.0,68.0,27.0,0.027,0.00018215131422039121,0.0002520359994377941,0.026375314220786095,0.0018792628543451428,0.00022735739185009152,0.004525520373135805,0.20821920037269592,1.2796778678894043,0.021205758675932884,0.026375314220786095,0.004481575917452574,2.9815153084200574e-06,0.0001746584748616442,3.710850477218628,10.0,0.0,0.0,0.0,0.0,0.0,32.766,32.766,0.281,0.341,2.842,2018.6356201171875,809.9522705078125,31.800086975097656,,False,
1783703849.7178056,2026-07-10T10:17:29,281327,20260710_101720,,,,,,arming,,,,,,,,,False,0.02417062595486641,0.00372966006398201,1.0015507936477661,0.18581463396549225,0.015368690714240074,-0.026468610391020775,0.0,-2.0,61.0,27.0,0.027,0.001706587732769549,0.00024788957671262324,0.026465393602848053,0.0075836447067558765,1.5574425560771488e-05,0.004498906899243593,0.20648372173309326,1.2370152473449707,0.020814161747694016,0.026375314220786095,0.004481575917452574,2.9815153084200574e-06,0.0001746584748616442,3.710850477218628,10.0,0.0,0.0,0.0,0.0,0.0,32.766,32.766,0.281,0.341,2.842,2018.6356201171875,809.9522705078125,31.800086975097656,,False,
1783703849.7279701,2026-07-10T10:17:29,281333,20260710_101720,,,,,,arming,,,,,,,,,False,0.024046020582318306,0.0020695733837783337,1.0017839670181274,-0.015216647647321224,0.2536258101463318,0.14017511904239655,0.0,1.0,68.0,27.0,0.027,0.001706587732769549,0.00024788957671262324,0.026465393602848053,0.0075836447067558765,1.5574425560771488e-05,0.004498906899243593,0.20648372173309326,1.2370152473449707,0.020814161747694016,0.026375314220786095,0.004481575917452574,2.9815153084200574e-06,0.0001746584748616442,3.710850477218628,10.0,0.0,0.0,0.0,0.0,0.0,32.766,32.766,0.281,0.341,2.842,2018.6356201171875,809.9522705078125,31.800086975097656,,False,
1783703849.7381916,2026-07-10T10:17:29,281350,20260710_101720,,,,,,arming,,,,,,,,,False,0.02430945634841919,0.0022375420667231083,0.9994296431541443,-0.05570648983120918,-0.273329496383667,0.24801033735275269,0.0,0.0,72.0,21.0,0.021,0.001164799788966775,0.00025593824102543294,0.02426588162779808,0.0055781700648367405,-0.00012040117871947587,-0.006600819993764162,0.20796965062618256,1.2534924745559692,0.021888315677642822,0.02419978193938732,-0.006743480451405048,3.0649850941699697e-06,0.00017981680866796523,3.710850477218628,10.0,0.0,0.0,0.0,0.0,0.0,32.766,32.766,0.281,0.341,2.842,2018.6356201171875,809.9522705078125,31.800086975097656,,False,
1783703849.7483985,2026-07-10T10:17:29,281361,20260710_101720,,,,,,arming,,,,,,,,,False,0.023004451766610146,0.005293968599289656,1.0001749992370605,0.24250786006450653,0.04314139112830162,-0.21016065776348114,0.0,2.0,63.0,21.0,0.021,0.001164799788966775,0.00025593824102543294,0.02426588162779808,0.0055781700648367405,-0.00012040117871947587,-0.006600819993764162,0.20796965062618256,1.2534924745559692,0.021888315677642822,0.02419978193938732,-0.006743480451405048,3.0649850941699697e-06,0.00017981680866796523,3.710850477218628,10.0,0.0,0.0,0.0,0.0,0.0,32.766,32.766,0.281,0.341,2.842,2018.570068359375,809.9579467773438,31.807188034057617,,False,
1783703849.7585812,2026-07-10T10:17:29,281371,20260710_101720,,,,,,arming,,,,,,,,,False,0.025689978152513504,0.004824451636523008,0.9998578429222107,0.12303126603364944,0.08621389418840408,-0.05601700022816658,0.0,-1.0,78.0,21.0,0.021,0.0005599213764071465,0.0002517349785193801,0.024135829880833626,0.003384876996278763,-0.0001084187751985155,-0.006674082949757576,0.20799557864665985,1.2681530714035034,0.02464243397116661,0.02419978193938732,-0.006743480451405048,3.0649850941699697e-06,0.00017981680866796523,3.710850477218628,10.0,0.0,0.0,0.0,0.0,0.0,32.766,32.766,0.281,0.341,2.842,2018.570068359375,809.9579467773438,31.807188034057617,,False,
1783703849.7687624,2026-07-10T10:17:29,281381,20260710_101720,,,,,,arming,,,,,,,,,False,0.022809145972132683,0.004902944900095463,0.9983903765678406,0.044369008392095566,-0.2840167284011841,0.1237766221165657,0.0,0.0,65.0,21.0,0.021,0.0005599213764071465,0.0002517349785193801,0.024135829880833626,0.003384876996278763,-0.0001084187751985155,-0.006674082949757576,0.20799557864665985,1.2681530714035034,0.02464243397116661,0.02419978193938732,-0.006743480451405048,3.0649850941699697e-06,0.00017981680866796523,3.710850477218628,10.0,0.0,0.0,0.0,0.0,0.0,32.766,32.766,0.281,0.341,2.842,2018.570068359375,809.9579467773438,31.807188034057617,,False,
1783703849.7789307,2026-07-10T10:17:29,281391,20260710_101720,,,,,,arming,,,,,,,,,False,0.023035438731312752,0.004076244775205851,0.9979308843612671,-0.028721105307340622,0.30479463934898376,0.1349727362394333,0.0,2.0,54.0,21.0,0.021,-0.0003901025338564068,0.0002450400497764349,0.02400362864136696,2.6380012059235014e-05,0.00011895265197381377,-0.006667586974799633,0.2106233537197113,1.2907682657241821,0.022529179230332375,0.02419978193938732,-0.006743480451405048,3.0649850941699697e-06,0.00017981680866796523,3.710850477218628,10.0,0.0,0.0,0.0,0.0,0.0,32.766,32.766,0.281,0.341,2.842,2018.570068359375,809.9579467773438,31.807188034057617,,False,
1783703849.7891464,2026-07-10T10:17:29,281401,20260710_101720,,,,,,arming,,,,,,,,,False,0.022798530757427216,0.0006686204578727484,0.9994069933891296,0.01200918573886156,-0.404651939868927,0.05695502087473869,0.0,-1.0,52.0,21.0,0.021,-0.0003901025338564068,0.0002450400497764349,0.02400362864136696,2.6380012059235014e-05,0.00011895265197381377,-0.006667586974799633,0.2106233537197113,1.2907682657241821,0.022529179230332375,0.02254381589591503,-0.013561858795583248,2.981473471663776e-06,0.00017464120173826814,3.710850477218628,10.0,0.0,0.0,0.0,0.0,0.0,0.281,32.766,0.28200000000000003,0.34600000000000003,2.853,2018.570068359375,809.9579467773438,31.807188034057617,,False,
1783703849.7993882,2026-07-10T10:17:29,281411,20260710_101720,,,,,,arming,,,,,,,,,False,0.022189004346728325,0.00185917760245502,1.0001957416534424,-0.08568140119314194,0.09436175227165222,-0.24046248197555542,0.0,-3.0,74.0,21.0,0.021,0.0013426312943920493,0.0002339577185921371,0.022544609382748604,0.006739469710737467,0.0001414603175362572,-0.013507813215255737,0.21194221079349518,1.2436764240264893,0.022952629253268242,0.02254381589591503,-0.013561858795583248,2.981473471663776e-06,0.00017464120173826814,3.710850477218628,10.0,0.0,0.0,0.0,0.0,0.0,0.281,32.766,0.28200000000000003,0.34600000000000003,2.853,2018.570068359375,809.9579467773438,31.807188034057617,,False,
1783703849.8095505,2026-07-10T10:17:29,281421,20260710_101720,,,,,,arming,,,,,,,,,False,0.023648547008633614,0.004014539532363415,1.0010088682174683,0.08656377345323563,-0.1962275505065918,-0.1298297494649887,0.0,3.0,75.0,21.0,0.021,0.0013426312943920493,0.0002339577185921371,0.022544609382748604,0.006739469710737467,0.0001414603175362572,-0.013507813215255737,0.21194221079349518,1.2436764240264893,0.022952629253268242,0.02254381589591503,-0.013561858795583248,2.981473471663776e-06,0.00017464120173826814,3.710850477218628,10.0,0.0,0.0,0.0,0.0,0.0,0.281,32.766,0.28200000000000003,0.34600000000000003,2.853,2018.570068359375,809.9579467773438,31.807188034057617,,False,
1783703849.81971,2026-07-10T10:17:29,281431,20260710_101720,,,,,,arming,,,,,,,,,False,0.02546648308634758,0.0056781284511089325,1.0005372762680054,0.16564714908599854,0.20509609580039978,0.24395403265953064,0.0,-2.0,64.0,21.0,0.021,0.0008333784062415361,0.00024575419956818223,0.022280624136328697,0.004600453656166792,-0.0002334935707040131,-0.013452166691422462,0.211822971701622,1.258072018623352,0.022236665710806847,0.02254381589591503,-0.013561858795583248,2.981473471663776e-06,0.00017464120173826814,3.710850477218628,10.0,0.0,0.0,0.0,0.0,0.0,0.281,32.766,0.28200000000000003,0.34600000000000003,2.853,2018.570068359375,809.9579467773438,31.807188034057617,,False,
1783703849.829875,2026-07-10T10:17:29,281441,20260710_101720,,,,,,arming,,,,,,,,,False,0.025303741917014122,0.0035172791685909033,1.0012575387954712,0.15262021124362946,0.19215236604213715,-0.06145185977220535,0.0,0.0,70.0,21.0,0.021,0.0008333784062415361,0.00024575419956818223,0.022280624136328697,0.004600453656166792,-0.0002334935707040131,-0.013452166691422462,0.211822971701622,1.258072018623352,0.022236665710806847,0.02254381589591503,-0.013561858795583248,2.981473471663776e-06,0.00017464120173826814,3.710850477218628,10.0,0.0,0.0,0.0,0.0,0.0,0.281,32.766,0.28200000000000003,0.34600000000000003,2.853,2018.570068359375,809.9579467773438,31.807188034057617,,False,
1783703849.8400426,2026-07-10T10:17:29,281451,20260710_101720,,,,,,arming,,,,,,,,,False,0.02523530274629593,0.00452289218083024,0.9998242855072021,-0.03352568671107292,-0.4631408452987671,0.0010145982960239053,0.0,0.0,65.0,26.0,0.026,0.0008996248943731189,0.0002359743375563994,0.023618530482053757,0.004959697835147381,-4.6056200517341495e-05,-0.005198450293391943,0.21317796409130096,1.25431489944458,0.0231106448918581,0.023567205294966698,-0.00518047297373414,3.064991005885531e-06,0.00017980906704906374,3.7161290645599365,10.0,0.0,0.0,0.0,0.0,0.0,0.281,32.766,0.28200000000000003,0.34600000000000003,2.853,2018.570068359375,809.9579467773438,31.807188034057617,,False,
1783703849.8502214,2026-07-10T10:17:29,281461,20260710_101720,,,,,,arming,,,,,,,,,False,0.0239122211933136,0.0039923847652971745,1.0002299547195435,0.22424352169036865,-0.2840966284275055,-0.017992191016674042,0.0,0.0,66.0,26.0,0.026,0.0008996248943731189,0.0002359743375563994,0.023618530482053757,0.004959697835147381,-4.6056200517341495e-05,-0.005198450293391943,0.21317796409130096,1.25431489944458,0.0231106448918581,0.023567205294966698,-0.00518047297373414,3.064991005885531e-06,0.00017980906704906374,3.7161290645599365,10.0,0.0,0.0,0.0,0.0,0.0,0.281,32.766,0.28200000000000003,0.34600000000000003,2.853,2018.624755859375,809.952880859375,31.81395721435547,,False,
1783703849.8603776,2026-07-10T10:17:29,281471,20260710_101720,,,,,,arming,,,,,,,,,False,0.023693788796663284,0.002015798119828105,0.9988993406295776,-0.04658854380249977,-0.008684742264449596,-0.020239226520061493,0.0,0.0,75.0,26.0,0.026,0.0010054404847323895,0.00023525125288870186,0.02351667359471321,0.00560615211725235,4.194793291389942e-06,-0.005039799492806196,0.21356715261936188,1.2511048316955566,0.022662712261080742,0.023567205294966698,-0.00518047297373414,3.064991005885531e-06,0.00017980906704906374,3.7161290645599365,10.0,0.0,0.0,0.0,0.0,0.0,0.281,32.766,0.28200000000000003,0.34600000000000003,2.853,2018.624755859375,809.952880859375,31.81395721435547,,False,
1783703849.870536,2026-07-10T10:17:29,281481,20260710_101720,,,,,,arming,,,,,,,,,False,0.026596490293741226,0.003373372834175825,0.9977483749389648,-0.15374577045440674,-0.6651709675788879,-0.17472895979881287,0.0,0.0,75.0,26.0,0.026,0.0010054404847323895,0.00023525125288870186,0.02351667359471321,0.00560615211725235,4.194793291389942e-06,-0.005039799492806196,0.21356715261936188,1.2511048316955566,0.022662712261080742,0.023567205294966698,-0.00518047297373414,3.064991005885531e-06,0.00017980906704906374,3.7161290645599365,10.0,0.0,0.0,0.0,0.0,0.0,0.281,32.766,0.28200000000000003,0.34600000000000003,2.853,2018.624755859375,809.952880859375,31.81395721435547,,False,
1783703849.8806887,2026-07-10T10:17:29,281491,20260710_101720,,,,,,arming,,,,,,,,,False,0.02561872825026512,0.006660392973572016,0.9993441700935364,0.10982716828584671,0.6764999032020569,0.18023574352264404,0.0,1.0,55.0,26.0,0.026,0.0005238247686065733,0.0002502639836166054,0.02341805025935173,0.0036809162702411413,-5.760220665251836e-05,-0.005104323383420706,0.21330887079238892,1.2681413888931274,0.024022988975048065,0.023567205294966698,-0.00518047297373414,3.064991005885531e-06,0.00017980906704906374,3.7161290645599365,10.0,0.0,0.0,0.0,0.0,0.0,0.281,32.766,0.28200000000000003,0.34600000000000003,2.853,2018.624755859375,809.952880859375,31.81395721435547,,False,
1783703849.890836,2026-07-10T10:17:29,281501,20260710_101720,,,,,,arming,,,,,,,,,False,0.02103591151535511,0.0061493427492678165,0.9986889362335205,-0.16319525241851807,-0.24391455948352814,-0.1833951473236084,0.0,0.0,54.0,26.0,0.026,0.0005238247686065733,0.0002502639836166054,0.02341805025935173,0.0036809162702411413,-5.760220665251836e-05,-0.005104323383420706,0.21330887079238892,1.2681413888931274,0.024022988975048065,0.02450188249349594,0.0005358962225727737,2.9815132620569784e-06,0.00017464648408349603,3.710850477218628,10.0,0.0,0.0,0.0,0.0,0.0,0.289,32.766,0.281,0.34700000000000003,2.849,2018.624755859375,809.952880859375,31.81395721435547,,False,
1783703849.900983,2026-07-10T10:17:29,281511,20260710_101720,,,,,,arming,,,,,,,,,False,0.02230638638138771,0.0050332508981227875,1.000181794166565,0.08989449590444565,0.05941678583621979,-0.08424198627471924,2.0,-4.0,76.0,26.0,0.026,0.0022605902049690485,-0.000643574632704258,0.024499570950865746,0.01092639472335577,-0.0033381355460733175,0.0006234471220523119,0.2373337745666504,1.2192232608795166,0.02489754557609558,0.02450188249349594,0.0005358962225727737,2.9815132620569784e-06,0.00017464648408349603,3.710850477218628,10.0,0.0,0.0,0.0,0.0,0.0,0.289,32.766,0.281,0.34700000000000003,2.849,2018.624755859375,809.952880859375,31.81395721435547,,False,
1783703849.9111698,2026-07-10T10:17:29,281523,20260710_101720,,,,,,arming,,,,,,,,,False,0.024007834494113922,0.001741480315104127,0.9988394975662231,0.19693805277347565,0.020921170711517334,0.09695165604352951,0.0,0.0,73.0,26.0,0.026,0.0022605902049690485,-0.000643574632704258,0.024499570950865746,0.01092639472335577,-0.0033381355460733175,0.0006234471220523119,0.2373337745666504,1.2192232608795166,0.02489754557609558,0.02450188249349594,0.0005358962225727737,2.9815132620569784e-06,0.00017464648408349603,3.710850477218628,10.0,0.0,0.0,0.0,0.0,0.0,0.289,32.766,0.281,0.34700000000000003,2.849,2018.624755859375,809.952880859375,31.81395721435547,,False,
1783703849.9213355,2026-07-10T10:17:29,281533,20260710_101720,,,,,,arming,,,,,,,,,False,0.022850094363093376,0.0025303964503109455,0.9998092651367188,0.011502833105623722,0.06967608630657196,0.08016705513000488,0.0,1.0,66.0,26.0,0.026,0.0009291086462326348,-0.00020373365259729326,0.024523772299289703,0.005009262822568417,-0.0011355765163898468,0.0006192805012688041,0.2242976427078247,1.2594889402389526,0.024688929319381714,0.02450188249349594,0.0005358962225727737,2.9815132620569784e-06,0.00017464648408349603,3.710850477218628,10.0,0.0,0.0,0.0,0.0,0.0,0.289,32.766,0.281,0.34700000000000003,2.849,2018.624755859375,809.952880859375,31.81395721435547,,False,
1783703849.9314919,2026-07-10T10:17:29,281543,20260710_101720,,,,,,arming,,,,,,,,,False,0.023162439465522766,0.003384845331311226,1.000885248184204,0.1730259656906128,-0.11131829023361206,-0.23416443169116974,0.0,0.0,55.0,26.0,0.026,0.0009291086462326348,-0.00020373365259729326,0.024523772299289703,0.005009262822568417,-0.0011355765163898468,0.0006192805012688041,0.2242976427078247,1.2594889402389526,0.024688929319381714,0.02450188249349594,0.0005358962225727737,2.9815132620569784e-06,0.00017464648408349603,3.710850477218628,10.0,0.0,0.0,0.0,0.0,0.0,0.289,32.766,0.281,0.34700000000000003,2.849,2018.624755859375,809.952880859375,31.81395721435547,,False,
1783703849.9416428,2026-07-10T10:17:29,281553,20260710_101720,,,,,,arming,,,,,,,,,False,0.023676246404647827,0.0028240021783858538,0.9996625185012817,0.0028052227571606636,0.026241036131978035,0.1447911411523819,0.0,0.0,66.0,26.0,0.026,0.0004707241605501622,-0.00020294896967243403,0.025148268789052963,0.0030439647380262613,-0.001345011405646801,0.0036198224406689405,0.2245703637599945,1.2705968618392944,0.025829870253801346,0.025184961035847664,0.0036533225793391466,3.0649928248749347e-06,0.0001798078155843541,3.7161290645599365,10.0,0.0,0.0,0.0,0.0,0.0,0.289,32.766,0.281,0.34700000000000003,2.849,2018.6302490234375,809.9525756835938,31.821552276611328,,False,
1783703849.9518003,2026-07-10T10:17:29,281563,20260710_101720,,,,,,arming,,,,,,,,,False,0.02201535366475582,0.003557975869625807,0.9981153607368469,-0.13795997202396393,0.21925494074821472,0.015305240638554096,0.0,0.0,67.0,26.0,0.026,0.0004707241605501622,-0.00020294896967243403,0.025148268789052963,0.0030439647380262613,-0.001345011405646801,0.0036198224406689405,0.2245703637599945,1.2705968618392944,0.025829870253801346,0.025184961035847664,0.0036533225793391466,3.0649928248749347e-06,0.0001798078155843541,3.7161290645599365,10.0,0.0,0.0,0.0,0.0,0.0,0.289,32.766,0.281,0.34700000000000003,2.849,2018.6302490234375,809.9525756835938,31.821552276611328,,False,
1783703849.961999,2026-07-10T10:17:29,281573,20260710_101720,,,,,,arming,,,,,,,,,False,0.02123364247381687,0.00325031322427094,0.998586118221283,0.012731725350022316,-0.28076058626174927,-0.09835465997457504,0.0,0.0,72.0,26.0,0.026,0.0005340182688087225,-0.00023097344092093408,0.025222085416316986,0.0032944658305495977,-0.0014809691347181797,0.0037064338102936745,0.2266012728214264,1.2682737112045288,0.023123575374484062,0.025184961035847664,0.0036533225793391466,3.0649928248749347e-06,0.0001798078155843541,3.7161290645599365,10.0,0.0,0.0,0.0,0.0,0.0,0.289,32.766,0.281,0.34700000000000003,2.849,2018.6302490234375,809.9525756835938,31.821552276611328,,False,
1783703849.9722059,2026-07-10T10:17:29,281583,20260710_101720,,,,,,arming,,,,,,,,,False,0.024314161390066147,0.0035705547779798508,0.9990748763084412,0.11326437443494797,0.1515868902206421,-0.24452929198741913,0.0,-1.0,53.0,26.0,0.026,0.0005340182688087225,-0.00023097344092093408,0.025222085416316986,0.0032944658305495977,-0.0014809691347181797,0.0037064338102936745,0.2266012728214264,1.2682737112045288,0.023123575374484062,0.025184961035847664,0.0036533225793391466,3.0649928248749347e-06,0.0001798078155843541,3.7161290645599365,10.0,0.0,0.0,0.0,0.0,0.0,0.289,32.766,0.281,0.34700000000000003,2.849,2018.6302490234375,809.9525756835938,31.821552276611328,,False,
1783703849.9823744,2026-07-10T10:17:29,281593,20260710_101720,,,,,,arming,,,,,,,,,False,0.023972678929567337,0.002811798360198736,0.9978441596031189,0.05166061967611313,0.21379554271697998,0.1582452952861786,0.0,0.0,49.0,23.0,0.023,0.0009791183983907104,-0.00022923204232938588,0.02529328130185604,0.0047918651252985,-0.0014233100228011608,0.003450100077316165,0.22670666873455048,1.2536262273788452,0.02321094647049904,0.025184961035847664,0.0036533225793391466,3.0649928248749347e-06,0.0001798078155843541,3.7161290645599365,10.0,0.0,0.0,0.0,0.0,0.0,0.289,32.766,0.281,0.34700000000000003,2.849,2018.6302490234375,809.9525756835938,31.821552276611328,,False,
1783703849.9925303,2026-07-10T10:17:29,281603,20260710_101720,,,,,,arming,,,,,,,,,False,0.02399088442325592,0.002708250191062689,0.9988961219787598,0.21137920022010803,0.15023377537727356,0.12417375296354294,0.0,0.0,72.0,23.0,0.023,0.0009791183983907104,-0.00022923204232938588,0.02529328130185604,0.0047918651252985,-0.0014233100228011608,0.003450100077316165,0.22670666873455048,1.2536262273788452,0.02321094647049904,0.02431025356054306,-0.002107765758410096,2.9815005291311536e-06,0.00017464796837884933,3.710850477218628,10.0,0.0,0.0,0.0,0.0,0.0,0.28,32.766,0.28,0.34500000000000003,2.844,2018.6302490234375,809.9525756835938,31.821552276611328,,False,
1783703850.0026972,2026-07-10T10:17:30,281613,20260710_101720,,,,,,arming,,,,,,,,,False,0.023387854918837547,0.004139847122132778,0.9999905824661255,-0.07411446422338486,-0.23779155313968658,-0.0886763259768486,-1.0,2.0,68.0,23.0,0.023,0.0010983055690303445,-0.00025409049703739583,0.02431025356054306,0.005316580645740032,-0.0015889036003500223,-0.0019987099803984165,0.22721463441848755,1.248772144317627,0.023506738245487213,0.02431025356054306,-0.002107765758410096,2.9815005291311536e-06,0.00017464796837884933,3.710850477218628,10.0,0.0,0.0,0.0,0.0,0.0,0.28,32.766,0.28,0.34500000000000003,2.844,2018.6302490234375,809.9525756835938,31.821552276611328,,False,
1783703850.0128634,2026-07-10T10:17:30,281623,20260710_101720,,,,,,arming,,,,,,,,,False,0.02284342050552368,0.0037073451094329357,0.9994853138923645,-0.0540645606815815,0.049290210008621216,0.1149032786488533,0.0,-1.0,75.0,23.0,0.023,0.0010983055690303445,-0.00025409049703739583,0.02431025356054306,0.005316580645740032,-0.0015889036003500223,-0.0019987099803984165,0.22721463441848755,1.248772144317627,0.023506738245487213,0.02431025356054306,-0.002107765758410096,2.9815005291311536e-06,0.00017464796837884933,3.710850477218628,10.0,0.0,0.0,0.0,0.0,0.0,0.28,32.766,0.28,0.34500000000000003,2.844,2018.6302490234375,809.9525756835938,31.821552276611328,,False,
1783703850.0230243,2026-07-10T10:17:30,281633,20260710_101720,,,,,,arming,,,,,,,,,False,0.023035168647766113,0.0018076563719660044,1.0012335777282715,0.14097242057323456,-0.2789537310600281,0.016953621059656143,0.0,-2.0,69.0,23.0,0.023,0.0005086591700091958,0.00024092834792099893,0.024273011833429337,0.0030125111807137728,0.0003610860148910433,-0.002050641691312194,0.21203924715518951,1.2638788223266602,0.023880530148744583,0.02431025356054306,-0.002107765758410096,2.9815005291311536e-06,0.00017464796837884933,3.710850477218628,10.0,0.0,0.0,0.0,0.0,0.0,0.28,32.766,0.28,0.34500000000000003,2.844,2018.6302490234375,809.9525756835938,31.821552276611328,,False,
1783703850.0333228,2026-07-10T10:17:30,281646,20260710_101720,,,,,,arming,,,,,,,,,False,0.025117119774222374,0.003561117220669985,1.0002961158752441,0.16316896677017212,0.1602536290884018,0.1720753014087677,0.0,1.0,54.0,24.0,0.024,0.0008446566644124687,0.00023229479847941548,0.02412891387939453,0.004208338912576437,0.0001185250876005739,-0.002441009506583214,0.21203924715518951,1.2638788223266602,0.023880530148744583,0.02431025356054306,-0.002107765758410096,2.9815005291311536e-06,0.00017464796837884933,3.710850477218628,10.0,0.0,0.0,0.0,0.0,0.0,0.28,32.766,0.28,0.34500000000000003,2.844,2018.6302490234375,809.9525756835938,31.821552276611328,,False,
1783703850.0435002,2026-07-10T10:17:30,281653,20260710_101720,,,,,,arming,,,,,,,,,False,0.023160535842180252,0.0012870455393567681,1.0010625123977661,0.0861583948135376,-0.3522031903266907,0.2962360084056854,0.0,0.0,62.0,24.0,0.024,0.0008446566644124687,0.00023229479847941548,0.02412891387939453,0.004208338912576437,0.0001185250876005739,-0.002441009506583214,0.2137097865343094,1.2566032409667969,0.02412998676300049,0.02410479448735714,-0.0024804326239973307,3.064991005885531e-06,0.00017980595293920487,3.710850477218628,10.0,0.0,0.0,0.0,0.0,0.0,0.28,32.766,0.28,0.34500000000000003,2.844,2018.734130859375,809.943359375,31.8216609954834,,False,
1783703850.053731,2026-07-10T10:17:30,281666,20260710_101720,,,,,,arming,,,,,,,,,False,0.023568332195281982,0.003371654311195016,1.003569483757019,0.12579979002475739,0.3803218901157379,-0.0903908833861351,0.0,0.0,73.0,24.0,0.024,0.0009334742790088058,0.00023305848299060017,0.024081651121377945,0.004603622015565634,-0.00010804532212205231,-0.0022456494625657797,0.2137097865343094,1.2566032409667969,0.02412998676300049,0.02410479448735714,-0.0024804326239973307,3.064991005885531e-06,0.00017980595293920487,3.710850477218628,10.0,0.0,0.0,0.0,0.0,0.0,0.28,32.766,0.28,0.34500000000000003,2.844,2018.734130859375,809.943359375,31.8216609954834,,False,
1783703850.0639389,2026-07-10T10:17:30,281673,20260710_101720,,,,,,arming,,,,,,,,,False,0.02352617122232914,0.0026256705168634653,1.0016510486602783,0.2771492898464203,0.1656445860862732,-0.0916048139333725,0.0,0.0,67.0,24.0,0.024,0.0009334742790088058,0.00023305848299060017,0.024081651121377945,0.004603622015565634,-0.00010804532212205231,-0.0022456494625657797,0.2146967500448227,1.2571258544921875,0.024156751111149788,0.02410479448735714,-0.0024804326239973307,3.064991005885531e-06,0.00017980595293920487,3.710850477218628,10.0,0.0,0.0,0.0,0.0,0.0,0.28,32.766,0.28,0.34500000000000003,2.844,2018.734130859375,809.943359375,31.8216609954834,,False,
1783703850.0742292,2026-07-10T10:17:30,281687,20260710_101720,,,,,,arming,,,,,,,,,False,0.021586524322628975,0.00338658201508224,1.0002785921096802,-0.08256003260612488,-0.0032026551198214293,-0.05440346524119377,0.0,2.0,51.0,24.0,0.024,4.012951467302628e-05,0.0002293597935931757,0.02404462918639183,0.0008821062510833144,-0.00033141751191578805,-0.0017916826764121652,0.21821442246437073,1.2785671949386597,0.023094065487384796,0.02410479448735714,-0.0024804326239973307,3.064991005885531e-06,0.00017980595293920487,3.710850477218628,10.0,0.0,0.0,0.0,0.0,0.0,0.28,32.766,0.28,0.34500000000000003,2.844,2018.734130859375,809.943359375,31.8216609954834,,False,
1783703850.0844603,2026-07-10T10:17:30,281693,20260710_101720,,,,,,arming,,,,,,,,,False,0.02390555664896965,0.0052828602492809296,1.0009105205535889,-0.020424634218215942,0.06353210657835007,-0.04271745681762695,0.0,0.0,52.0,26.0,0.026,4.012951467302628e-05,0.0002293597935931757,0.02404462918639183,0.0008821062510833144,-0.00033141751191578805,-0.0017916826764121652,0.21821442246437073,1.2785671949386597,0.023094065487384796,0.02410479448735714,-0.0024804326239973307,3.064991005885531e-06,0.00017980595293920487,3.710850477218628,10.0,0.0,0.0,0.0,0.0,0.0,0.28,32.766,0.28,0.34500000000000003,2.844,2018.734130859375,809.943359375,31.8216609954834,,False,
1783703850.0946436,2026-07-10T10:17:30,281707,20260710_101720,,,,,,arming,,,,,,,,,False,0.023648777976632118,0.002831570105627179,0.998580813407898,0.17257003486156464,-0.15471753478050232,0.12093665450811386,2.0,-4.0,70.0,26.0,0.026,0.0017627866473048925,-0.0006532405386678874,0.024902578443288803,0.007879706099629402,-0.0037617646157741547,0.002821102738380432,0.24361681938171387,1.225690484046936,0.022724222391843796,0.0249005276709795,0.002782518044114113,2.981513034683303e-06,0.00017464540724176913,3.710850477218628,10.0,0.0,0.0,0.0,0.0,0.0,32.766,32.766,0.281,0.34,2.843,2018.734130859375,809.943359375,31.8216609954834,,False,
1783703850.1048074,2026-07-10T10:17:30,281713,20260710_101720,,,,,,arming,,,,,,,,,False,0.026299703866243362,0.002488836646080017,0.9983698129653931,-0.2392076551914215,0.4087439775466919,-0.07633001357316971,-1.0,1.0,65.0,26.0,0.026,0.0017627866473048925,-0.0006532405386678874,0.024902578443288803,0.007879706099629402,-0.0037617646157741547,0.002821102738380432,0.24361681938171387,1.225690484046936,0.022724222391843796,0.0249005276709795,0.002782518044114113,2.981513034683303e-06,0.00017464540724176913,3.710850477218628,10.0,0.0,0.0,0.0,0.0,0.0,32.766,32.766,0.281,0.34,2.843,2018.734130859375,809.943359375,31.8216609954834,,False,
1783703850.1149704,2026-07-10T10:17:30,281727,20260710_101720,,,,,,arming,,,,,,,,,False,0.02368677593767643,0.0040345569141209126,0.999698281288147,-0.10918130725622177,-0.16255560517311096,-0.1318267285823822,0.0,1.0,77.0,26.0,0.026,0.0008102842257358134,-0.00017032548203133047,0.024963300675153732,0.004106542561203241,-0.0018074088729918003,0.002615672070533037,0.22583085298538208,1.2542197704315186,0.023732785135507584,0.0249005276709795,0.002782518044114113,2.981513034683303e-06,0.00017464540724176913,3.710850477218628,10.0,0.0,0.0,0.0,0.0,0.0,32.766,32.766,0.281,0.34,2.843,2018.734130859375,809.943359375,31.8216609954834,,False,
1783703850.1253078,2026-07-10T10:17:30,281733,20260710_101720,,,,,,arming,,,,,,,,,False,0.023719478398561478,0.0036341676022857428,0.9996466636657715,0.09466811269521713,0.09101145714521408,0.0615544468164444,0.0,0.0,63.0,26.0,0.026,0.0008102842257358134,-0.00017032548203133047,0.024963300675153732,0.004106542561203241,-0.0018074088729918003,0.002615672070533037,0.22583085298538208,1.2542197704315186,0.023732785135507584,0.0249005276709795,0.002782518044114113,2.981513034683303e-06,0.00017464540724176913,3.710850477218628,10.0,0.0,0.0,0.0,0.0,0.0,32.766,32.766,0.281,0.34,2.843,2018.734130859375,809.943359375,31.8216609954834,,False,
1783703850.1354735,2026-07-10T10:17:30,281748,20260710_101720,,,,,,arming,,,,,,,,,False,0.02346557192504406,0.004518056288361549,1.0000040531158447,-0.12107784301042557,0.04421870782971382,-0.03236273303627968,0.0,2.0,56.0,27.0,0.027,7.4184845288982615e-06,-0.0001801084727048874,0.02585344761610031,0.0007968673598952591,-0.001748963724821806,0.006761877331882715,0.22457148134708405,1.2780555486679077,0.0232684463262558,0.025921056047081947,0.006743982899934053,3.065001237700926e-06,0.00017980403208639473,3.710850477218628,10.0,0.0,0.0,0.0,0.0,0.0,32.766,32.766,0.281,0.34,2.843,2018.734130859375,809.943359375,31.8216609954834,,False,
1783703850.145636,2026-07-10T10:17:30,281753,20260710_101720,,,,,,arming,,,,,,,,,False,0.024153070524334908,0.004669342190027237,1.0004773139953613,-0.02969142235815525,-0.04798990860581398,-0.12081113457679749,0.0,-1.0,62.0,27.0,0.027,7.4184845288982615e-06,-0.0001801084727048874,0.02585344761610031,0.0007968673598952591,-0.001748963724821806,0.006761877331882715,0.22457148134708405,1.2780555486679077,0.0232684463262558,0.025921056047081947,0.006743982899934053,3.065001237700926e-06,0.00017980403208639473,3.7161290645599365,10.0,0.0,0.0,0.0,0.0,0.0,32.766,32.766,0.281,0.34,2.843,2018.66845703125,809.9490356445312,31.8314151763916,,False,
1783703850.1558003,2026-07-10T10:17:30,281767,20260710_101720,,,,,,arming,,,,,,,,,False,0.021141983568668365,0.005168542731553316,0.9997749924659729,0.2512175142765045,-0.21553738415241241,-0.3201006054878235,0.0,0.0,72.0,27.0,0.027,0.00040343825821764767,-0.00017814197053667158,0.02598969079554081,0.002613577526062727,-0.0014562539290636778,0.006828680634498596,0.22368280589580536,1.2631524801254272,0.02369854412972927,0.025921056047081947,0.006743982899934053,3.065001237700926e-06,0.00017980403208639473,3.7161290645599365,10.0,0.0,0.0,0.0,0.0,0.0,32.766,32.766,0.281,0.34,2.843,2018.66845703125,809.9490356445312,31.8314151763916,,False,
1783703850.1659644,2026-07-10T10:17:30,281773,20260710_101720,,,,,,arming,,,,,,,,,False,0.021903647109866142,0.004272668156772852,0.9989386200904846,-0.027700167149305344,-0.2882538437843323,0.024220546707510948,0.0,-1.0,72.0,27.0,0.027,0.00040343825821764767,-0.00017814197053667158,0.02598969079554081,0.002613577526062727,-0.0014562539290636778,0.006828680634498596,0.22368280589580536,1.2631524801254272,0.02369854412972927,0.025921056047081947,0.006743982899934053,3.065001237700926e-06,0.00017980403208639473,3.7161290645599365,10.0,0.0,0.0,0.0,0.0,0.0,32.766,32.766,0.281,0.34,2.843,2018.66845703125,809.9490356445312,31.8314151763916,,False,
1783703850.1763484,2026-07-10T10:17:30,281787,20260710_101720,,,,,,arming,,,,,,,,,False,0.021525751799345016,0.004839050117880106,0.9986982345581055,0.13226692378520966,-0.08233503997325897,-0.062392182648181915,0.0,1.0,54.0,27.0,0.027,0.00035894016036763787,-0.00016834538837429136,0.02612629160284996,0.002120058285072446,-0.0011397578055039048,0.006733993999660015,0.22526918351650238,1.2668899297714233,0.022448860108852386,0.025921056047081947,0.006743982899934053,3.065001237700926e-06,0.00017980403208639473,3.7161290645599365,10.0,0.0,0.0,0.0,0.0,0.0,32.766,32.766,0.281,0.34,2.843,2018.66845703125,809.9490356445312,31.8314151763916,,False,
1783703850.1865082,2026-07-10T10:17:30,281799,20260710_101720,,,,,,arming,,,,,,,,,False,0.02532309666275978,0.0030037877149879932,1.0005061626434326,-0.026115909218788147,-0.2822295129299164,-0.19532105326652527,0.0,0.0,54.0,26.0,0.026,0.00035894016036763787,-0.00016834538837429136,0.02612629160284996,0.002120058285072446,-0.0011397578055039048,0.006733993999660015,0.22526918351650238,1.2668899297714233,0.022448860108852386,0.026172908022999763,0.006236592307686806,2.98151667266211e-06,0.0001746373309288174,3.710850477218628,10.0,0.0,0.0,0.0,0.0,0.0,32.766,32.766,0.281,0.34,2.843,2018.66845703125,809.9490356445312,31.8314151763916,,False,
1783703850.196685,2026-07-10T10:17:30,281807,20260710_101720,,,,,,arming,,,,,,,,,False,0.025227732956409454,0.0010148223955184221,1.0002700090408325,0.2336386740207672,0.3515825569629669,-0.0007476285682059824,0.0,0.0,64.0,26.0,0.026,0.00040411046938970685,-0.0001903571537695825,0.026172908022999763,0.002427362836897373,-0.0012273129541426897,0.00628688232973218,0.22566837072372437,1.2645797729492188,0.021640991792082787,0.026172908022999763,0.006236592307686806,2.98151667266211e-06,0.0001746373309288174,3.710850477218628,10.0,0.0,0.0,0.0,0.0,0.0,32.766,0.319,0.279,0.34800000000000003,2.84,2018.66845703125,809.9490356445312,31.8314151763916,,False,
1783703850.2068837,2026-07-10T10:17:30,281813,20260710_101720,,,,,,arming,,,,,,,,,False,0.024192703887820244,0.0027410283219069242,1.000640630722046,-0.23086267709732056,0.021828392520546913,0.15549549460411072,0.0,0.0,62.0,26.0,0.026,0.00040411046938970685,-0.0001903571537695825,0.026172908022999763,0.002427362836897373,-0.0012273129541426897,0.00628688232973218,0.22566837072372437,1.2645797729492188,0.021640991792082787,0.026172908022999763,0.006236592307686806,2.98151667266211e-06,0.0001746373309288174,3.710850477218628,10.0,0.0,0.0,0.0,0.0,0.0,32.766,0.319,0.279,0.34800000000000003,2.84,2018.66845703125,809.9490356445312,31.8314151763916,,False,
1783703850.2171571,2026-07-10T10:17:30,281827,20260710_101720,,,,,,arming,,,,,,,,,False,0.02429160103201866,0.002830365439876914,0.9998006820678711,-0.07646434009075165,0.016444554552435875,-0.12098963558673859,0.0,0.0,67.0,26.0,0.026,0.0004581037210300565,-0.00021923986787442118,0.026300223544239998,0.0029407355468720198,-0.0015854034572839737,0.0064246985130012035,0.22574438154697418,1.2585188150405884,0.021814987063407898,0.026172908022999763,0.006236592307686806,2.98151667266211e-06,0.0001746373309288174,3.710850477218628,10.0,0.0,0.0,0.0,0.0,0.0,32.766,0.319,0.279,0.34800000000000003,2.84,2018.66845703125,809.9490356445312,31.8314151763916,,False,
1783703850.2273982,2026-07-10T10:17:30,281833,20260710_101720,,,,,,arming,,,,,,,,,False,0.02247295342385769,0.004555164370685816,1.0002167224884033,0.03399677202105522,-0.3890612721443176,0.08904331177473068,0.0,0.0,65.0,26.0,0.026,0.0004581037210300565,-0.00021923986787442118,0.026300223544239998,0.0029407355468720198,-0.0015854034572839737,0.0064246985130012035,0.22574438154697418,1.2585188150405884,0.021814987063407898,0.026172908022999763,0.006236592307686806,2.98151667266211e-06,0.0001746373309288174,3.710850477218628,10.0,0.0,0.0,0.0,0.0,0.0,32.766,0.319,0.279,0.34800000000000003,2.84,2018.66845703125,809.9490356445312,31.8314151763916,,False,
1783703850.2376041,2026-07-10T10:17:30,281850,20260710_101720,,,,,,arming,,,,,,,,,False,0.02509801648557186,0.003996895160526037,0.9992767572402954,0.08131268620491028,0.009335383772850037,-0.011144224554300308,0.0,0.0,53.0,27.0,0.027,0.0005155543913133442,-0.000253549573244527,0.02669348195195198,0.003251704154536128,-0.001629308215342462,0.007765806280076504,0.22589309513568878,1.2567235231399536,0.022004159167408943,0.02677082270383835,0.007628257852047682,3.065023747694795e-06,0.00017981973360292614,3.710850477218628,10.0,0.0,0.0,0.0,0.0,0.0,32.766,0.319,0.279,0.34800000000000003,2.84,2018.66845703125,809.9490356445312,31.8314151763916,,False,
1783703850.2477813,2026-07-10T10:17:30,281853,20260710_101720,,,,,,arming,,,,,,,,,False,0.025739049538969994,0.002137589966878295,0.998124361038208,-0.010451061651110649,-0.24310486018657684,0.02376192808151245,0.0,0.0,61.0,27.0,0.027,0.0005155543913133442,-0.000253549573244527,0.02669348195195198,0.003251704154536128,-0.001629308215342462,0.007765806280076504,0.22589309513568878,1.2567235231399536,0.022004159167408943,0.02677082270383835,0.007628257852047682,3.065023747694795e-06,0.00017981973360292614,3.710850477218628,10.0,0.0,0.0,0.0,0.0,0.0,32.766,0.319,0.279,0.34800000000000003,2.84,2018.6629638671875,809.949462890625,31.836538314819336,,False,
1783703850.2579763,2026-07-10T10:17:30,281867,20260710_101720,,,,,,arming,,,,,,,,,False,0.0215128343552351,0.0015092482790350914,0.9993193745613098,0.20104920864105225,0.3410831689834595,0.03172311931848526,-1.0,0.0,71.0,27.0,0.027,0.000498484936542809,0.0002058561221929267,0.02684810757637024,0.0035586298909038305,0.00020563612633850425,0.007590405642986298,0.2099241018295288,1.2567061185836792,0.023249905556440353,0.02677082270383835,0.007628257852047682,3.065023747694795e-06,0.00017981973360292614,3.710850477218628,10.0,0.0,0.0,0.0,0.0,0.0,32.766,0.319,0.279,0.34800000000000003,2.84,2018.6629638671875,809.949462890625,31.836538314819336,,False,
1783703850.2682207,2026-07-10T10:17:30,281881,20260710_101720,,,,,,arming,,,,,,,,,False,0.022537386044859886,0.004863631445914507,1.001577615737915,-0.016524698585271835,-0.18791520595550537,0.30039742588996887,0.0,0.0,75.0,27.0,0.027,0.000498484936542809,0.0002058561221929267,0.02684810757637024,0.0035586298909038305,0.00020563612633850425,0.007590405642986298,0.2099241018295288,1.2567061185836792,0.023249905556440353,0.02677082270383835,0.007628257852047682,3.065023747694795e-06,0.00017981973360292614,3.710850477218628,10.0,0.0,0.0,0.0,0.0,0.0,32.766,0.319,0.279,0.34800000000000003,2.84,2018.6629638671875,809.949462890625,31.836538314819336,,False,
1783703850.2783875,2026-07-10T10:17:30,281891,20260710_101720,,,,,,arming,,,,,,,,,False,0.023647328838706017,0.003041061805561185,1.0006248950958252,0.0720004141330719,0.1019773855805397,0.23021145164966583,0.0,0.0,59.0,27.0,0.027,0.0005705798976123333,0.0002067677996819839,0.026998450979590416,0.003731947857886553,-7.308522617677227e-05,0.007475481368601322,0.21046826243400574,1.2515290975570679,0.02220960147678852,0.02677082270383835,0.007628257852047682,3.065023747694795e-06,0.00017981973360292614,3.710850477218628,10.0,0.0,0.0,0.0,0.0,0.0,32.766,0.319,0.279,0.34800000000000003,2.84,2018.6629638671875,809.949462890625,31.836538314819336,,False,
1783703850.2885516,2026-07-10T10:17:30,281901,20260710_101720,,,,,,arming,,,,,,,,,False,0.021819530054926872,0.003006374230608344,1.0014348030090332,0.15585599839687347,-0.18873578310012817,0.03286859765648842,0.0,1.0,53.0,23.0,0.023,0.0005705798976123333,0.0002067677996819839,0.026998450979590416,0.003731947857886553,-7.308522617677227e-05,0.007475481368601322,0.21046826243400574,1.2515290975570679,0.02220960147678852,0.02531381882727146,-0.001402327441610396,2.9815128073096275e-06,0.0001746496418491006,3.710850477218628,10.0,0.0,0.0,0.0,0.0,0.0,0.279,32.766,0.277,0.343,2.841,2018.6629638671875,809.949462890625,31.836538314819336,,False,
1783703850.2987163,2026-07-10T10:17:30,281911,20260710_101720,,,,,,arming,,,,,,,,,False,0.023632198572158813,0.004700881894677877,0.997995138168335,-0.060884758830070496,0.07618173956871033,-0.14791899919509888,0.0,-2.0,68.0,23.0,0.023,0.0009539451566524804,0.00019724282901734114,0.025314243510365486,0.005321258679032326,-5.083126598037779e-05,-0.0013539985520765185,0.21117578446865082,1.239255666732788,0.023782072588801384,0.02531381882727146,-0.001402327441610396,2.9815128073096275e-06,0.0001746496418491006,3.710850477218628,10.0,0.0,0.0,0.0,0.0,0.0,0.279,32.766,0.277,0.343,2.841,2018.6629638671875,809.949462890625,31.836538314819336,,False,
1783703850.3088791,2026-07-10T10:17:30,281921,20260710_101720,,,,,,arming,,,,,,,,,False,0.02557443082332611,0.0032570173498243093,0.9996035099029541,-0.20885451138019562,0.20017103850841522,0.1487828493118286,0.0,0.0,64.0,23.0,0.023,0.0009539451566524804,0.00019724282901734114,0.025314243510365486,0.005321258679032326,-5.083126598037779e-05,-0.0013539985520765185,0.21117578446865082,1.239255666732788,0.023782072588801384,0.02531381882727146,-0.001402327441610396,2.9815128073096275e-06,0.0001746496418491006,3.710850477218628,10.0,0.0,0.0,0.0,0.0,0.0,0.279,32.766,0.277,0.343,2.841,2018.6629638671875,809.949462890625,31.836538314819336,,False,
1783703850.3190348,2026-07-10T10:17:30,281927,20260710_101720,,,,,,arming,,,,,,,,,False,0.02557443082332611,0.0032570173498243093,0.9996035099029541,-0.20885451138019562,0.20017103850841522,0.1487828493118286,0.0,0.0,67.0,23.0,0.023,0.0010622242698445916,0.00019630555470939726,0.02528763934969902,0.0056233168579638,1.0420873877592385e-05,-0.0014190758811309934,0.21211987733840942,1.2376606464385986,0.022625042125582695,0.02531381882727146,-0.001402327441610396,2.9815128073096275e-06,0.0001746496418491006,3.710850477218628,10.0,0.0,0.0,0.0,0.0,0.0,0.279,32.766,0.277,0.343,2.841,2018.6629638671875,809.949462890625,31.836538314819336,,False,
1783703850.329213,2026-07-10T10:17:30,281941,20260710_101720,,,,,,arming,,,,,,,,,False,0.02468603104352951,0.0036266669631004333,1.000937581062317,0.22268368303775787,0.15332220494747162,-0.05949677154421806,0.0,2.0,67.0,23.0,0.023,0.0010622242698445916,0.00019630555470939726,0.02528763934969902,0.0056233168579638,1.0420873877592385e-05,-0.0014190758811309934,0.21211987733840942,1.2376606464385986,0.022625042125582695,0.02531381882727146,-0.001402327441610396,2.9815128073096275e-06,0.0001746496418491006,3.710850477218628,10.0,0.0,0.0,0.0,0.0,0.0,0.279,32.766,0.277,0.343,2.841,2018.6629638671875,809.949462890625,31.836538314819336,,False,
1783703850.3393734,2026-07-10T10:17:30,281952,20260710_101720,,,,,,arming,,,,,,,,,False,0.025738131254911423,0.004146448336541653,0.9997751712799072,0.0009776754304766655,0.005681553855538368,0.20057962834835052,0.0,-1.0,53.0,25.0,0.025,0.000493452709633857,0.00018189242109656334,0.025148052722215652,0.0035267663188278675,-0.00020363614021334797,-0.0019029744435101748,0.21389803290367126,1.2522860765457153,0.023835651576519012,0.025129592046141624,-0.001870932406745851,3.065009423153242e-06,0.00017981239943765104,3.710850477218628,10.0,0.0,0.0,0.0,0.0,0.0,0.279,32.766,0.277,0.343,2.841,2018.794189453125,809.9379272460938,31.839466094970703,,False,
1783703850.3495824,2026-07-10T10:17:30,281961,20260710_101720,,,,,,arming,,,,,,,,,False,0.02396627701818943,0.0052436282858252525,1.0012563467025757,-0.29336678981781006,-0.293192058801651,-0.2710888683795929,0.0,0.0,66.0,25.0,0.025,0.000493452709633857,0.00018189242109656334,0.025148052722215652,0.0035267663188278675,-0.00020363614021334797,-0.0019029744435101748,0.21389803290367126,1.2522860765457153,0.023835651576519012,0.025129592046141624,-0.001870932406745851,3.065009423153242e-06,0.00017981239943765104,3.710850477218628,10.0,0.0,0.0,0.0,0.0,0.0,0.279,32.766,0.277,0.343,2.841,2018.794189453125,809.9379272460938,31.839466094970703,,False,
1783703850.3597662,2026-07-10T10:17:30,281971,20260710_101720,,,,,,arming,,,,,,,,,False,0.024815162643790245,0.00570968771353364,0.9998474717140198,-0.3064657747745514,0.14008226990699768,0.22878335416316986,0.0,-1.0,60.0,25.0,0.025,0.0009139125468209386,0.00018757313955575228,0.02511131949722767,0.005599555559456348,-0.00016939546912908554,-0.001764008542522788,0.21702121198177338,1.2405270338058472,0.0243984442204237,0.025129592046141624,-0.001870932406745851,3.065009423153242e-06,0.00017981239943765104,3.710850477218628,10.0,0.0,0.0,0.0,0.0,0.0,0.279,32.766,0.277,0.343,2.841,2018.794189453125,809.9379272460938,31.839466094970703,,False,
1783703850.3699465,2026-07-10T10:17:30,281981,20260710_101720,,,,,,arming,,,,,,,,,False,0.022307369858026505,0.003211117582395673,0.9998483657836914,0.03581840917468071,-0.2770296037197113,-0.03138481080532074,0.0,0.0,70.0,25.0,0.025,0.0009139125468209386,0.00018757313955575228,0.02511131949722767,0.005599555559456348,-0.00016939546912908554,-0.001764008542522788,0.21702121198177338,1.2405270338058472,0.0243984442204237,0.025129592046141624,-0.001870932406745851,3.065009423153242e-06,0.00017981239943765104,3.710850477218628,10.0,0.0,0.0,0.0,0.0,0.0,0.279,32.766,0.277,0.343,2.841,2018.794189453125,809.9379272460938,31.839466094970703,,False,
1783703850.3801346,2026-07-10T10:17:30,281991,20260710_101720,,,,,,arming,,,,,,,,,False,0.02353072538971901,0.002861271845176816,1.0020817518234253,0.23667624592781067,0.29470404982566833,-0.2463596910238266,0.0,1.0,58.0,25.0,0.025,0.000463087169919163,0.0001798369485186413,0.025080138817429543,0.003708179807290435,0.0001303919416386634,-0.001611031242646277,0.21313832700252533,1.2557876110076904,0.023853305727243423,0.025129592046141624,-0.001870932406745851,3.065009423153242e-06,0.00017981239943765104,3.710850477218628,10.0,0.0,0.0,0.0,0.0,0.0,0.279,32.766,0.277,0.343,2.841,2018.794189453125,809.9379272460938,31.839466094970703,,False,
1783703850.3903046,2026-07-10T10:17:30,282003,20260710_101720,,,,,,arming,,,,,,,,,False,0.02467607706785202,0.004839127417653799,1.0012257099151611,0.09749186784029007,-0.3428003191947937,0.11939099431037903,0.0,-1.0,69.0,24.0,0.024,0.000463087169919163,0.0001798369485186413,0.025080138817429543,0.003708179807290435,0.0001303919416386634,-0.001611031242646277,0.21313832700252533,1.2557876110076904,0.023853305727243423,0.024569954723119736,-0.0037548504769802094,2.981508487209794e-06,0.00017463821859564632,3.7161290645599365,10.0,0.0,0.0,0.0,0.0,0.0,32.766,32.766,0.279,0.339,2.852,2018.794189453125,809.9379272460938,31.839466094970703,,False,
1783703850.4004695,2026-07-10T10:17:30,282013,20260710_101720,,,,,,arming,,,,,,,,,False,0.02325568161904812,0.00437508849427104,1.0017555952072144,-0.012330414727330208,0.10156569629907608,-0.02182239294052124,1.0,-4.0,70.0,24.0,0.024,0.00039368440047837794,0.00018468679627403617,0.024570200592279434,0.0033993672113865614,5.407931166701019e-05,-0.0037079264875501394,0.21445168554782867,1.2571486234664917,0.02170667238533497,0.024569954723119736,-0.0037548504769802094,2.981508487209794e-06,0.00017463821859564632,3.7161290645599365,10.0,0.0,0.0,0.0,0.0,0.0,32.766,32.766,0.279,0.339,2.852,2018.794189453125,809.9379272460938,31.839466094970703,,False,
1783703850.410631,2026-07-10T10:17:30,282023,20260710_101720,,,,,,arming,,,,,,,,,False,0.024039916694164276,0.004512722138315439,0.9984234571456909,0.0550466850399971,0.19524574279785156,0.03890608996152878,0.0,2.0,67.0,24.0,0.024,0.00039368440047837794,0.00018468679627403617,0.024570200592279434,0.0033993672113865614,5.407931166701019e-05,-0.0037079264875501394,0.21445168554782867,1.2571486234664917,0.02170667238533497,0.024569954723119736,-0.0037548504769802094,2.981508487209794e-06,0.00017463821859564632,3.7161290645599365,10.0,0.0,0.0,0.0,0.0,0.0,32.766,32.766,0.279,0.339,2.852,2018.794189453125,809.9379272460938,31.839466094970703,,False,
1783703850.4207947,2026-07-10T10:17:30,282033,20260710_101720,,,,,,arming,,,,,,,,,False,0.023668771609663963,0.005058005452156067,0.9990149140357971,0.00840156152844429,-0.13387666642665863,-0.06993061304092407,0.0,1.0,62.0,24.0,0.024,0.001071426086127758,-0.00018401557463221252,0.024505700916051865,0.006022169254720211,-0.0012853192165493965,-0.003332484047859907,0.22386391460895538,1.2409627437591553,0.021679166704416275,0.024569954723119736,-0.0037548504769802094,2.981508487209794e-06,0.00017463821859564632,3.7161290645599365,10.0,0.0,0.0,0.0,0.0,0.0,32.766,32.766,0.279,0.339,2.852,2018.794189453125,809.9379272460938,31.839466094970703,,False,
1783703850.4309595,2026-07-10T10:17:30,282043,20260710_101720,,,,,,arming,,,,,,,,,False,0.025446094572544098,0.0013051590649411082,0.9964333176612854,0.10961292684078217,-0.09453029930591583,-0.08730241656303406,0.0,1.0,65.0,27.0,0.027,0.001071426086127758,-0.00018401557463221252,0.024505700916051865,0.006022169254720211,-0.0012853192165493965,-0.003332484047859907,0.22386391460895538,1.2409627437591553,0.021679166704416275,0.024569954723119736,-0.0037548504769802094,2.981508487209794e-06,0.00017463821859564632,3.7161290645599365,10.0,0.0,0.0,0.0,0.0,0.0,32.766,32.766,0.279,0.339,2.852,2018.794189453125,809.9379272460938,31.839466094970703,,False,
1783703850.4411404,2026-07-10T10:17:30,282053,20260710_101720,,,,,,arming,,,,,,,,,False,0.022233230993151665,0.0017160710413008928,0.9966928362846375,0.20121654868125916,-0.1366424411535263,-0.0611453503370285,0.0,0.0,72.0,27.0,0.027,0.0002780891372822225,-0.00016921921633183956,0.02549097314476967,0.002691265195608139,-0.0010207692394033074,0.0016770362854003906,0.2220856100320816,1.2658110857009888,0.022595085203647614,0.02550620213150978,0.0013082026271149516,3.064999646085198e-06,0.00017979544645641,3.7161290645599365,10.0,0.0,0.0,0.0,0.0,0.0,32.766,32.766,0.279,0.339,2.852,2018.8271484375,809.9348754882812,31.845890045166016,,False,
1783703850.4513724,2026-07-10T10:17:30,282063,20260710_101720,,,,,,arming,,,,,,,,,False,0.021745340898633003,0.0014286595396697521,0.9978411197662354,0.23028527200222015,0.24858999252319336,-0.04187449812889099,0.0,-4.0,57.0,27.0,0.027,0.0002780891372822225,-0.00016921921633183956,0.02549097314476967,0.002691265195608139,-0.0010207692394033074,0.0016770362854003906,0.2220856100320816,1.2658110857009888,0.022595085203647614,0.02550620213150978,0.0013082026271149516,3.064999646085198e-06,0.00017979544645641,3.7161290645599365,10.0,0.0,0.0,0.0,0.0,0.0,32.766,32.766,0.279,0.339,2.852,2018.8271484375,809.9348754882812,31.845890045166016,,False,
1783703850.4615395,2026-07-10T10:17:30,282073,20260710_101720,,,,,,takeoff,,,,,,,,,False,0.02421320043504238,0.0016259064432233572,0.9990891814231873,0.15714144706726074,0.07338238507509232,0.22309832274913788,0.0,3.0,72.0,27.0,0.027,0.0016591825988143682,-0.00017144154116977006,0.02551867812871933,0.008622908033430576,-0.0013812077231705189,0.0010989144211634994,0.22303207218647003,1.2230794429779053,0.02381034940481186,0.02550620213150978,0.0013082026271149516,3.064999646085198e-06,0.00017979544645641,3.7161290645599365,10.0,0.0,0.0,0.0,0.0,0.0,32.766,32.766,0.279,0.339,2.852,2018.8271484375,809.9348754882812,31.845890045166016,,False,takeoff
1783703850.4717321,2026-07-10T10:17:30,282083,20260710_101720,,,,,,takeoff,,,,,,,,,False,0.024234376847743988,0.004263477865606546,1.0006113052368164,0.18540902435779572,0.25052979588508606,-0.054142534732818604,0.0,1.0,61.0,27.0,0.027,0.0016591825988143682,-0.00017144154116977006,0.02551867812871933,0.008622908033430576,-0.0013812077231705189,0.0010989144211634994,0.22303207218647003,1.2230794429779053,0.02381034940481186,0.02550620213150978,0.0013082026271149516,3.064999646085198e-06,0.00017979544645641,3.7161290645599365,10.0,0.0,0.0,0.0,0.0,0.0,32.766,32.766,0.279,0.339,2.852,2018.8271484375,809.9348754882812,31.845890045166016,,False,
1783703850.4819117,2026-07-10T10:17:30,282093,20260710_101720,,,,,,takeoff,,,,,,,,,False,0.024196062237024307,0.0024066551122814417,1.0001977682113647,0.027149472385644913,-0.3360559642314911,0.24640409648418427,0.0,0.0,57.0,26.0,0.026,0.00027161603793501854,-0.00015856695245020092,0.025547588244080544,0.002351023256778717,-0.0016174772754311562,0.0009638895280659199,0.22398652136325836,1.2670810222625732,0.02418350800871849,0.02550620213150978,0.0013082026271149516,3.064999646085198e-06,0.00017979544645641,3.7161290645599365,10.0,0.0,0.0,0.0,0.0,0.0,32.766,32.766,0.279,0.339,2.852,2018.8271484375,809.9348754882812,31.845890045166016,,False,
1783703850.4921534,2026-07-10T10:17:30,282103,20260710_101720,,,,,,takeoff,,,,,,,,,False,0.02438821643590927,0.004363185726106167,1.0003184080123901,0.2966175377368927,0.16050076484680176,0.08018885552883148,0.0,1.0,58.0,26.0,0.026,0.00027161603793501854,-0.00015856695245020092,0.025547588244080544,0.002351023256778717,-0.0016174772754311562,0.0009638895280659199,0.22398652136325836,1.2670810222625732,0.02418350800871849,0.025767719373106956,0.002041157800704241,2.9815075777150923e-06,0.0001746282505337149,3.710850477218628,10.0,0.0,0.0,0.0,0.0,0.0,0.28800000000000003,0.312,0.28500000000000003,0.337,2.838,2018.8271484375,809.9348754882812,31.845890045166016,,False,
1783703850.5024142,2026-07-10T10:17:30,282113,20260710_101720,,,,,,takeoff,,,,,,,,,False,0.02151934616267681,0.003075738437473774,0.9992339015007019,0.16286621987819672,0.22998113930225372,0.10961835831403732,0.0,-1.0,73.0,26.0,0.026,-3.571814522729255e-05,-0.00017458255751989782,0.025767646729946136,0.0011955730151385069,-0.001654105493798852,0.0020915588829666376,0.22525151073932648,1.2752786874771118,0.026217328384518623,0.025767719373106956,0.002041157800704241,2.9815075777150923e-06,0.0001746282505337149,3.710850477218628,10.0,0.0,0.0,0.0,0.0,0.0,0.28800000000000003,0.312,0.28500000000000003,0.337,2.838,2018.8271484375,809.9348754882812,31.845890045166016,,False,
1783703850.5126274,2026-07-10T10:17:30,282123,20260710_101720,,,,,,takeoff,,,,,,,,,False,0.02147640474140644,0.0026935022324323654,1.0000827312469482,-0.28994494676589966,-0.24392513930797577,-0.2055709958076477,0.0,0.0,61.0,26.0,0.026,-3.571814522729255e-05,-0.00017458255751989782,0.025767646729946136,0.0011955730151385069,-0.001654105493798852,0.0020915588829666376,0.22525151073932648,1.2752786874771118,0.026217328384518623,0.025767719373106956,0.002041157800704241,2.9815075777150923e-06,0.0001746282505337149,3.710850477218628,10.0,0.0,0.0,0.0,0.0,0.0,0.28800000000000003,0.312,0.28500000000000003,0.337,2.838,2018.8271484375,809.9348754882812,31.845890045166016,,False,
1783703850.5228157,2026-07-10T10:17:30,282133,20260710_101720,,,,,,takeoff,,,,,,,,,False,0.0237136110663414,0.0039889574982225895,0.9981378316879272,0.20181670784950256,0.034843992441892624,-0.1072799414396286,0.0,0.0,61.0,26.0,0.026,0.0002921615669038147,-0.0001850946428021416,0.02581065148115158,0.002577522536739707,-0.0016468149842694402,0.0021325107663869858,0.22788164019584656,1.259602665901184,0.027302075177431107,0.025767719373106956,0.002041157800704241,2.9815075777150923e-06,0.0001746282505337149,3.710850477218628,10.0,0.0,0.0,0.0,0.0,0.0,0.28800000000000003,0.312,0.28500000000000003,0.337,2.838,2018.8271484375,809.9348754882812,31.845890045166016,,False,
1783703850.53304,2026-07-10T10:17:30,282143,20260710_101720,,,,,,takeoff,,,,,,,,,False,0.024577734991908073,0.004182199481874704,1.0001567602157593,-0.05853818729519844,-0.3099835216999054,0.1673617959022522,0.0,0.0,66.0,24.0,0.024,0.0002921615669038147,-0.0001850946428021416,0.02581065148115158,0.002577522536739707,-0.0016468149842694402,0.0021325107663869858,0.22788164019584656,1.259602665901184,0.027302075177431107,0.025767719373106956,0.002041157800704241,2.9815075777150923e-06,0.0001746282505337149,3.710850477218628,10.0,0.0,0.0,0.0,0.0,0.0,0.28800000000000003,0.312,0.28500000000000003,0.337,2.838,2018.8271484375,809.9348754882812,31.845890045166016,,False,
1783703850.543279,2026-07-10T10:17:30,282153,20260710_101720,,,,,,takeoff,,,,,,,,,False,0.024623123928904533,0.005116903688758612,0.9990091919898987,-0.18273699283599854,-0.043334659188985825,-0.1291133314371109,0.0,0.0,73.0,24.0,0.024,0.0003579102922230959,-0.00021544867195189,0.02508978173136711,0.002806728472933173,-0.001731322379782796,-0.0018064624164253473,0.2290499061346054,1.2577942609786987,0.02523210644721985,0.025071874260902405,-0.001834603608585894,3.064999646085198e-06,0.00017980446864385158,3.7161290645599365,10.0,0.0,0.0,0.0,0.0,0.0,0.28800000000000003,0.312,0.28500000000000003,0.337,2.838,2018.7723388671875,809.9401245117188,31.85040855407715,,False,
1783703850.553483,2026-07-10T10:17:30,282166,20260710_101720,,,,,,takeoff,,,,,,,,,False,0.024027522653341293,0.004419196862727404,1.0006654262542725,0.053654082119464874,0.09448042511940002,0.02127729542553425,0.0,-1.0,56.0,24.0,0.024,0.0007135001942515373,-0.0002223886112915352,0.025053720921278,0.004618578124791384,-0.0014257441507652402,-0.0018195804441347718,0.2290499061346054,1.2577942609786987,0.02523210644721985,0.025071874260902405,-0.001834603608585894,3.064999646085198e-06,0.00017980446864385158,3.7161290645599365,10.0,0.0,0.0,0.0,0.0,0.0,0.28800000000000003,0.312,0.28500000000000003,0.337,2.838,2018.7723388671875,809.9401245117188,31.85040855407715,,False,
1783703850.5637078,2026-07-10T10:17:30,282173,20260710_101720,,,,,,takeoff,,,,,,,,,False,0.023197133094072342,0.00397420022636652,1.0001122951507568,0.07432974874973297,0.3266771137714386,0.2937811315059662,0.0,0.0,73.0,24.0,0.024,0.0007135001942515373,-0.0002223886112915352,0.025053720921278,0.004618578124791384,-0.0014257441507652402,-0.0018195804441347718,0.22674605250358582,1.2463481426239014,0.024094896391034126,0.025071874260902405,-0.001834603608585894,3.064999646085198e-06,0.00017980446864385158,3.7161290645599365,10.0,0.0,0.0,0.0,0.0,0.0,0.28800000000000003,0.312,0.28500000000000003,0.337,2.838,2018.7723388671875,809.9401245117188,31.85040855407715,,False,
1783703850.5738864,2026-07-10T10:17:30,282183,20260710_101720,,,,,,takeoff,,,,,,,,,False,0.02329118549823761,0.005832772236317396,0.9994432330131531,-0.1470492035150528,-0.3776438236236572,-0.02126251347362995,0.0,1.0,56.0,24.0,0.024,0.0007135001942515373,-0.0002223886112915352,0.025053720921278,0.004618578124791384,-0.0014257441507652402,-0.0018195804441347718,0.22674605250358582,1.2463481426239014,0.024094896391034126,0.025071874260902405,-0.001834603608585894,3.064999646085198e-06,0.00017980446864385158,3.7161290645599365,10.0,0.0,0.0,0.0,0.0,0.0,0.28800000000000003,0.312,0.28500000000000003,0.337,2.838,2018.7723388671875,809.9401245117188,31.85040855407715,,False,
1783703850.5840545,2026-07-10T10:17:30,282193,20260710_101720,,,,,,takeoff,,,,,,,,,False,0.02259564772248268,0.006154075264930725,1.0005983114242554,-0.0004740027361549437,0.007511816453188658,0.1350645124912262,0.0,1.0,59.0,22.0,0.022,0.0003600729978643358,-0.00022004662605468184,0.025019966065883636,0.002955963369458914,-0.0012183648068457842,-0.0017348056426271796,0.22602884471416473,1.256569504737854,0.026017097756266594,0.025071874260902405,-0.001834603608585894,3.064999646085198e-06,0.00017980446864385158,3.7161290645599365,10.0,0.0,0.0,0.0,0.0,0.0,0.28800000000000003,0.312,0.28500000000000003,0.337,2.838,2018.7723388671875,809.9401245117188,31.85040855407715,,False,
1783703850.5942497,2026-07-10T10:17:30,282207,20260710_101720,,,,,,takeoff,,,,,,,,,False,0.0235382579267025,0.0047422489151358604,1.0017337799072266,-0.04392858222126961,0.3157491087913513,-0.046330858021974564,0.0,-1.0,61.0,22.0,0.022,0.00033704409725032747,-0.00020199891878291965,0.023631589487195015,0.0028350853826850653,-0.0007040792843326926,-0.008368676528334618,0.22232428193092346,1.2595314979553223,0.02755136787891388,0.02363116852939129,-0.008401088416576385,2.981494162668241e-06,0.00017463427502661943,3.710850477218628,10.0,0.0,0.0,0.0,0.0,0.0,0.278,0.31,0.278,0.342,2.85,2018.7723388671875,809.9401245117188,31.85040855407715,,False,
1783703850.604468,2026-07-10T10:17:30,282213,20260710_101720,,,,,,takeoff,,,,,,,,,False,0.023849131539463997,0.0041489251889288425,1.0013196468353271,0.24246260523796082,-0.34504103660583496,-0.17074136435985565,0.0,0.0,68.0,22.0,0.022,0.00033704409725032747,-0.00020199891878291965,0.023631589487195015,0.0028350853826850653,-0.0007040792843326926,-0.008368676528334618,0.22232428193092346,1.2595314979553223,0.02755136787891388,0.02363116852939129,-0.008401088416576385,2.981494162668241e-06,0.00017463427502661943,3.710850477218628,10.0,0.0,0.0,0.0,0.0,0.0,0.278,0.31,0.278,0.342,2.85,2018.7723388671875,809.9401245117188,31.85040855407715,,False,
1783703850.6146522,2026-07-10T10:17:30,282227,20260710_101720,,,,,,takeoff,,,,,,,,,False,0.024174688383936882,-0.00018340832320973277,0.9975892305374146,-0.28899380564689636,-0.14036411046981812,-0.04831651225686073,0.0,0.0,63.0,22.0,0.022,0.00039644137723371387,-0.00021495413966476917,0.02346724644303322,0.0031633928883820772,-0.0006557542365044355,-0.008113616146147251,0.22189569473266602,1.259808897972107,0.025791382417082787,0.02363116852939129,-0.008401088416576385,2.981494162668241e-06,0.00017463427502661943,3.710850477218628,10.0,0.0,0.0,0.0,0.0,0.0,0.278,0.31,0.278,0.342,2.85,2018.7723388671875,809.9401245117188,31.85040855407715,,False,
1783703850.624831,2026-07-10T10:17:30,282233,20260710_101720,,,,,,takeoff,,,,,,,,,False,0.02245198003947735,0.0007370946113951504,0.9973440766334534,0.062076129019260406,0.17395414412021637,-0.09143318980932236,-1.0,0.0,58.0,22.0,0.022,0.00039644137723371387,-0.00021495413966476917,0.02346724644303322,0.0031633928883820772,-0.0006557542365044355,-0.008113616146147251,0.22189569473266602,1.259808897972107,0.025791382417082787,0.02363116852939129,-0.008401088416576385,2.981494162668241e-06,0.00017463427502661943,3.710850477218628,10.0,0.0,0.0,0.0,0.0,0.0,0.278,0.31,0.278,0.342,2.85,2018.7723388671875,809.9401245117188,31.85040855407715,,False,
1783703850.6350062,2026-07-10T10:17:30,282247,20260710_101720,,,,,,takeoff,,,,,,,,,False,0.023500658571720123,0.0028968683909624815,1.0002200603485107,-0.16391468048095703,-0.16307829320430756,0.05033756420016289,0.0,0.0,60.0,24.0,0.024,0.00039373314939439297,0.0001504387764725834,0.023556895554065704,0.003100492525845766,0.0003653500752989203,-0.007244983687996864,0.20830267667770386,1.2608979940414429,0.0249557513743639,0.02363116852939129,-0.008401088416576385,2.981494162668241e-06,0.00017463427502661943,3.710850477218628,10.0,0.0,0.0,0.0,0.0,0.0,0.278,0.31,0.278,0.342,2.85,2018.7723388671875,809.9401245117188,31.85040855407715,,False,
1783703850.6453476,2026-07-10T10:17:30,282253,20260710_101720,,,,,,takeoff,,,,,,,,,False,0.025619452819228172,0.004993163514882326,0.9995061755180359,-0.10030821710824966,-0.12653930485248566,0.053540680557489395,0.0,0.0,68.0,24.0,0.024,0.00039373314939439297,0.0001504387764725834,0.023556895554065704,0.003100492525845766,0.0003653500752989203,-0.007244983687996864,0.20830267667770386,1.2608979940414429,0.0249557513743639,0.02348478138446808,-0.007248967420309782,3.06499555335904e-06,0.00017980835400521755,3.710850477218628,10.0,0.0,0.0,0.0,0.0,0.0,0.278,0.31,0.278,0.342,2.85,2018.7559814453125,809.941162109375,31.857582092285156,,False,
1783703850.6555731,2026-07-10T10:17:30,282267,20260710_101720,,,,,,takeoff,,,,,,,,,False,0.025771167129278183,0.002025450114160776,1.0000914335250854,0.03846340626478195,0.3235825300216675,-0.06113096699118614,3.0,0.0,58.0,24.0,0.024,0.0004065146204084158,-0.0009418196277692914,0.023413654416799545,0.0033582907635718584,-0.004588992800563574,-0.0072000594809651375,0.244525745511055,1.2623648643493652,0.025755614042282104,0.02348478138446808,-0.007248967420309782,3.06499555335904e-06,0.00017980835400521755,3.710850477218628,10.0,0.0,0.0,0.0,0.0,0.0,0.278,0.31,0.278,0.342,2.85,2018.7559814453125,809.941162109375,31.857582092285156,,False,
1783703850.6657495,2026-07-10T10:17:30,282273,20260710_101720,,,,,,takeoff,,,,,,,,,False,0.026677804067730904,0.002505609532818198,0.9998396635055542,0.15032173693180084,0.25669562816619873,0.20628459751605988,-2.0,-1.0,73.0,24.0,0.024,0.0004065146204084158,-0.0009418196277692914,0.023413654416799545,0.0033582907635718584,-0.004588992800563574,-0.0072000594809651375,0.244525745511055,1.2623648643493652,0.025755614042282104,0.02348478138446808,-0.007248967420309782,3.06499555335904e-06,0.00017980835400521755,3.710850477218628,10.0,0.0,0.0,0.0,0.0,0.0,0.278,0.31,0.278,0.342,2.85,2018.7559814453125,809.941162109375,31.857582092285156,,False,
1783703850.6759229,2026-07-10T10:17:30,282287,20260710_101720,,,,,,takeoff,,,,,,,,,False,0.02404424361884594,0.004566761665046215,1.0027902126312256,0.17354483902454376,-0.1246957927942276,0.0429743193089962,0.0,1.0,55.0,24.0,0.024,0.0003652077284641564,-0.00020732131088152528,0.023276440799236298,0.0036088319029659033,-0.001213899813592434,-0.007082105614244938,0.21756459772586823,1.2596696615219116,0.026838146150112152,0.02348478138446808,-0.007248967420309782,3.06499555335904e-06,0.00017980835400521755,3.710850477218628,10.0,0.0,0.0,0.0,0.0,0.0,0.278,0.31,0.278,0.342,2.85,2018.7559814453125,809.941162109375,31.857582092285156,,False,
1783703850.686108,2026-07-10T10:17:30,282298,20260710_101720,,,,,,takeoff,,,,,,,,,False,0.021295005455613136,0.0025756056420505047,1.0008240938186646,-0.13185934722423553,-0.016449114307761192,-0.05330149456858635,0.0,0.0,58.0,24.0,0.024,0.0003652077284641564,-0.00020732131088152528,0.023276440799236298,0.0036088319029659033,-0.001213899813592434,-0.007082105614244938,0.21756459772586823,1.2596696615219116,0.026838146150112152,0.023497283458709717,-0.004993256647139788,2.9814959816576447e-06,0.00017463690892327577,3.710850477218628,10.0,0.0,0.0,0.0,0.0,0.0,0.278,0.31,0.278,0.342,2.85,2018.7559814453125,809.941162109375,31.857582092285156,,False,
1783703850.6963716,2026-07-10T10:17:30,282307,20260710_101720,,,,,,takeoff,,,,,,,,,False,0.024214424192905426,0.0026252022944390774,1.0020867586135864,0.20329520106315613,0.22962519526481628,-0.02786220982670784,0.0,0.0,61.0,24.0,0.024,0.00043275958159938455,-0.00023358457838185132,0.023497283458709717,0.003737623104825616,-0.0013239852851256728,-0.004917471203953028,0.21867381036281586,1.2582076787948608,0.02724497579038143,0.023497283458709717,-0.004993256647139788,2.9814959816576447e-06,0.00017463690892327577,3.710850477218628,10.0,0.0,0.0,0.0,0.0,0.0,32.766,32.766,0.28,0.34600000000000003,2.853,2018.7559814453125,809.941162109375,31.857582092285156,,False,
1783703850.706542,2026-07-10T10:17:30,282313,20260710_101720,,,,,,takeoff,,,,,,,,,False,0.020974555984139442,0.004831112455576658,1.0006293058395386,0.008999611251056194,-0.1039428785443306,0.009001587517559528,0.0,1.0,69.0,24.0,0.024,0.00043275958159938455,-0.00023358457838185132,0.023497283458709717,0.003737623104825616,-0.0013239852851256728,-0.004917471203953028,0.21867381036281586,1.2582076787948608,0.02724497579038143,0.023497283458709717,-0.004993256647139788,2.9814959816576447e-06,0.00017463690892327577,3.710850477218628,10.0,0.0,0.0,0.0,0.0,0.0,32.766,32.766,0.28,0.34600000000000003,2.853,2018.7559814453125,809.941162109375,31.857582092285156,,False,
1783703850.7167504,2026-07-10T10:17:30,282327,20260710_101720,,,,,,takeoff,,,,,,,,,False,0.02256612852215767,0.004119859542697668,1.0005531311035156,0.0023859944194555283,0.154705211520195,-0.10063549131155014,0.0,-1.0,61.0,24.0,0.024,0.0003868950007017702,-0.0002139616262866184,0.023403413593769073,0.003333854489028454,-0.00109473813790828,-0.004608586896210909,0.21886269748210907,1.257232904434204,0.028008639812469482,0.023497283458709717,-0.004993256647139788,2.9814959816576447e-06,0.00017463690892327577,3.710850477218628,10.0,0.0,0.0,0.0,0.0,0.0,32.766,32.766,0.28,0.34600000000000003,2.853,2018.7559814453125,809.941162109375,31.857582092285156,,False,
1783703850.7269917,2026-07-10T10:17:30,282333,20260710_101720,,,,,,takeoff,,,,,,,,,False,0.023517977446317673,0.00379836349748075,0.9989457130432129,-0.017378170043230057,0.15864227712154388,0.20357006788253784,0.0,1.0,59.0,24.0,0.024,0.0003868950007017702,-0.0002139616262866184,0.023403413593769073,0.003333854489028454,-0.00109473813790828,-0.004608586896210909,0.21886269748210907,1.257232904434204,0.028008639812469482,0.023497283458709717,-0.004993256647139788,2.9814959816576447e-06,0.00017463690892327577,3.710850477218628,10.0,0.0,0.0,0.0,0.0,0.0,32.766,32.766,0.28,0.34600000000000003,2.853,2018.7559814453125,809.941162109375,31.857582092285156,,False,
1783703850.737277,2026-07-10T10:17:30,282350,20260710_101720,,,,,,takeoff,,,,,,,,,False,0.02421795204281807,0.0021583829075098038,0.9994149208068848,0.013655927032232285,-0.00531731266528368,0.0011325436644256115,0.0,0.0,61.0,25.0,0.025,4.681111022364348e-05,-0.00022537556651514024,0.02399545907974243,0.0017707053339108825,-0.0010618080850690603,-0.0012448932975530624,0.21832774579524994,1.2663072347640991,0.029242295771837234,0.023982852697372437,-0.0013138264184817672,3.0649989639641717e-06,0.00017980523989535868,3.7161290645599365,10.0,0.0,0.0,0.0,0.0,0.0,32.766,32.766,0.28,0.34600000000000003,2.853,2018.7559814453125,809.941162109375,31.857582092285156,,False,
1783703850.7474513,2026-07-10T10:17:30,282353,20260710_101720,,,,,,takeoff,,,,,,,,,False,0.023090910166502,0.0034470781683921814,0.9992376565933228,0.030997058376669884,-0.02815035730600357,-0.08619262278079987,0.0,-1.0,74.0,25.0,0.025,4.681111022364348e-05,-0.00022537556651514024,0.02399545907974243,0.0017707053339108825,-0.0010618080850690603,-0.0012448932975530624,0.21832774579524994,1.2663072347640991,0.029242295771837234,0.023982852697372437,-0.0013138264184817672,3.0649989639641717e-06,0.00017980523989535868,3.7161290645599365,10.0,0.0,0.0,0.0,0.0,0.0,32.766,32.766,0.28,0.34600000000000003,2.853,2018.7286376953125,809.9439697265625,31.86484718322754,,False,
1783703850.7576327,2026-07-10T10:17:30,282367,20260710_101720,,,,,,takeoff,,,,,,,,,False,0.02385781891644001,0.005657547619193792,1.0006029605865479,-0.029703596606850624,0.3406082093715668,0.077633336186409,0.0,0.0,60.0,25.0,0.025,0.00040606409311294556,-0.00022912610438652337,0.023970158770680428,0.0035167948808521032,-0.0011042826808989048,-0.0013011042028665543,0.21850615739822388,1.2518326044082642,0.029925832524895668,0.023982852697372437,-0.0013138264184817672,3.0649989639641717e-06,0.00017980523989535868,3.7161290645599365,10.0,0.0,0.0,0.0,0.0,0.0,32.766,32.766,0.28,0.34600000000000003,2.853,2018.7286376953125,809.9439697265625,31.86484718322754,,False,
1783703850.7678444,2026-07-10T10:17:30,282373,20260710_101720,,,,,,takeoff,,,,,,,,,False,0.024482302367687225,0.003388739889487624,0.9997490644454956,0.08852079510688782,-0.3728441596031189,0.033733393996953964,0.0,0.0,72.0,25.0,0.025,0.00040606409311294556,-0.00022912610438652337,0.023970158770680428,0.0035167948808521032,-0.0011042826808989048,-0.0013011042028665543,0.21850615739822388,1.2518326044082642,0.029925832524895668,0.023982852697372437,-0.0013138264184817672,3.0649989639641717e-06,0.00017980523989535868,3.7161290645599365,10.0,0.0,0.0,0.0,0.0,0.0,32.766,32.766,0.28,0.34600000000000003,2.853,2018.7286376953125,809.9439697265625,31.86484718322754,,False,
1783703850.7780704,2026-07-10T10:17:30,282387,20260710_101720,,,,,,takeoff,,,,,,,,,False,0.024393882602453232,0.004902910906821489,0.9986079335212708,0.10581553727388382,0.06799755245447159,-0.004045356065034866,0.0,1.0,49.0,25.0,0.025,6.399969424819574e-05,-0.00023708390654064715,0.023946601897478104,0.002051691757515073,-0.0008825413533486426,-0.0011865384876728058,0.2165132611989975,1.2634638547897339,0.030021481215953827,0.023982852697372437,-0.0013138264184817672,3.0649989639641717e-06,0.00017980523989535868,3.7161290645599365,10.0,0.0,0.0,0.0,0.0,0.0,32.766,32.766,0.28,0.34600000000000003,2.853,2018.7286376953125,809.9439697265625,31.86484718322754,,False,
1783703850.7882764,2026-07-10T10:17:30,282401,20260710_101720,,,,,,takeoff,,,,,,,,,False,0.02386004850268364,0.006246411241590977,1.0002310276031494,-0.12676984071731567,0.2860134541988373,0.2651916742324829,0.0,-2.0,55.0,26.0,0.026,6.399969424819574e-05,-0.00023708390654064715,0.023946601897478104,0.002051691757515073,-0.0008825413533486426,-0.0011865384876728058,0.2165132611989975,1.2634638547897339,0.030021481215953827,0.024853264912962914,0.003199682803824544,2.9815200832672417e-06,0.00017463591939304024,3.710850477218628,10.0,0.0,0.0,0.0,0.0,0.0,32.766,32.766,0.279,0.342,2.853,2018.7286376953125,809.9439697265625,31.86484718322754,,False,
1783703850.7984502,2026-07-10T10:17:30,282411,20260710_101720,,,,,,takeoff,,,,,,,,,False,0.023486493155360222,0.002272072248160839,1.0013002157211304,-0.08593801409006119,0.24099327623844147,-0.127084881067276,0.0,1.0,60.0,26.0,0.026,0.0003468478098511696,-0.000224572722800076,0.024854624643921852,0.003458791645243764,-0.00060443946858868,0.0033173200208693743,0.2158965766429901,1.2519608736038208,0.030080541968345642,0.024853264912962914,0.003199682803824544,2.9815200832672417e-06,0.00017463591939304024,3.710850477218628,10.0,0.0,0.0,0.0,0.0,0.0,32.766,32.766,0.279,0.342,2.853,2018.7286376953125,809.9439697265625,31.86484718322754,,False,
1783703850.8086133,2026-07-10T10:17:30,282421,20260710_101720,,,,,,takeoff,,,,,,,,,False,0.025041434913873672,0.0035759920720010996,1.000984787940979,0.02949957735836506,0.10998315364122391,0.18616989254951477,0.0,0.0,72.0,26.0,0.026,0.0003468478098511696,-0.000224572722800076,0.024854624643921852,0.003458791645243764,-0.00060443946858868,0.0033173200208693743,0.2158965766429901,1.2519608736038208,0.030080541968345642,0.024853264912962914,0.003199682803824544,2.9815200832672417e-06,0.00017463591939304024,3.710850477218628,10.0,0.0,0.0,0.0,0.0,0.0,32.766,32.766,0.279,0.342,2.853,2018.7286376953125,809.9439697265625,31.86484718322754,,False,
1783703850.8187819,2026-07-10T10:17:30,282431,20260710_101720,,,,,,takeoff,,,,,,,,,False,0.02225976623594761,0.003310523461550474,1.0002892017364502,-0.12359199672937393,-0.21836796402931213,0.2155064344406128,0.0,0.0,62.0,26.0,0.026,0.000419389660237357,-0.00023499706003349274,0.024922948330640793,0.003790054703131318,-0.000578393111936748,0.003539151046425104,0.21317237615585327,1.2460078001022339,0.030583184212446213,0.024853264912962914,0.003199682803824544,2.9815200832672417e-06,0.00017463591939304024,3.710850477218628,10.0,0.0,0.0,0.0,0.0,0.0,32.766,32.766,0.279,0.342,2.853,2018.7286376953125,809.9439697265625,31.86484718322754,,False,
1783703850.8289437,2026-07-10T10:17:30,282441,20260710_101720,,,,,,takeoff,,,,,,,,,False,0.02259206399321556,0.004243637900799513,0.9976078867912292,0.26319676637649536,-0.004251639358699322,0.20477107167243958,0.0,0.0,70.0,26.0,0.026,0.000419389660237357,-0.00023499706003349274,0.024922948330640793,0.003790054703131318,-0.000578393111936748,0.003539151046425104,0.21317237615585327,1.2460078001022339,0.030583184212446213,0.024853264912962914,0.003199682803824544,2.9815200832672417e-06,0.00017463591939304024,3.710850477218628,10.0,0.0,0.0,0.0,0.0,0.0,32.766,32.766,0.279,0.342,2.853,2018.7286376953125,809.9439697265625,31.86484718322754,,False,
1783703850.839136,2026-07-10T10:17:30,282451,20260710_101720,,,,,,takeoff,,,,,,,,,False,0.022749587893486023,0.004410611931234598,0.9992108941078186,0.10657338798046112,0.33036938309669495,-0.04280360788106918,0.0,0.0,66.0,25.0,0.025,0.0004994198097847402,-0.0002469568862579763,0.025012312456965446,0.004127814434468746,-0.0006219767383299768,0.0037124850787222385,0.21405884623527527,1.2455205917358398,0.030456049367785454,0.025048663839697838,0.0034680934622883797,3.0650162443635054e-06,0.00017981142445933074,3.710850477218628,10.0,0.0,0.0,0.0,0.0,0.0,32.766,32.766,0.279,0.342,2.853,2018.7286376953125,809.9439697265625,31.86484718322754,,False,
1783703850.8492985,2026-07-10T10:17:30,282461,20260710_101720,,,,,,takeoff,,,,,,,,,False,0.023029426112771034,0.0026749959215521812,0.9998937249183655,-0.04070393368601799,0.032476577907800674,-0.12486208230257034,0.0,0.0,67.0,25.0,0.025,0.0004994198097847402,-0.0002469568862579763,0.025012312456965446,0.004127814434468746,-0.0006219767383299768,0.0037124850787222385,0.21405884623527527,1.2455205917358398,0.030456049367785454,0.025048663839697838,0.0034680934622883797,3.0650162443635054e-06,0.00017981142445933074,3.710850477218628,10.0,0.0,0.0,0.0,0.0,0.0,32.766,32.766,0.279,0.342,2.853,2018.788818359375,809.9383544921875,31.867847442626953,,False,
1783703850.859473,2026-07-10T10:17:30,282471,20260710_101720,,,,,,takeoff,,,,,,,,,False,0.024272963404655457,0.0043158987537026405,0.9992457628250122,0.20242388546466827,0.13727350533008575,0.03911834582686424,0.0,0.0,61.0,25.0,0.025,0.000583949382416904,-0.0002584187313914299,0.025084031745791435,0.004365458618849516,-0.0005150832585059106,0.003515713382512331,0.21692517399787903,1.240296483039856,0.03060035966336727,0.025048663839697838,0.0034680934622883797,3.0650162443635054e-06,0.00017981142445933074,3.710850477218628,10.0,0.0,0.0,0.0,0.0,0.0,32.766,32.766,0.279,0.342,2.853,2018.788818359375,809.9383544921875,31.867847442626953,,False,
1783703850.8696327,2026-07-10T10:17:30,282481,20260710_101720,,,,,,takeoff,,,,,,,,,False,0.02524011954665184,0.005095256958156824,1.0003184080123901,-0.0308011993765831,0.0037284535355865955,0.22902745008468628,0.0,0.0,75.0,25.0,0.025,0.000583949382416904,-0.0002584187313914299,0.025084031745791435,0.004365458618849516,-0.0005150832585059106,0.003515713382512331,0.21692517399787903,1.240296483039856,0.03060035966336727,0.025048663839697838,0.0034680934622883797,3.0650162443635054e-06,0.00017981142445933074,3.710850477218628,10.0,0.0,0.0,0.0,0.0,0.0,32.766,32.766,0.279,0.342,2.853,2018.788818359375,809.9383544921875,31.867847442626953,,False,
1783703850.8797896,2026-07-10T10:17:30,282491,20260710_101720,,,,,,takeoff,,,,,,,,,False,0.02806065045297146,0.004115749150514603,0.9997672438621521,0.061716750264167786,0.10221047699451447,-0.058138150721788406,0.0,1.0,56.0,25.0,0.025,0.0001484132226323709,-0.0002686567895580083,0.025156505405902863,0.002407967345789075,-0.0005163369933143258,0.003548456123098731,0.21702353656291962,1.2541277408599854,0.030367637053132057,0.025048663839697838,0.0034680934622883797,3.0650162443635054e-06,0.00017981142445933074,3.710850477218628,10.0,0.0,0.0,0.0,0.0,0.0,32.766,32.766,0.279,0.342,2.853,2018.788818359375,809.9383544921875,31.867847442626953,,False,
1783703850.889948,2026-07-10T10:17:30,282501,20260710_101720,,,,,,takeoff,,,,,,,,,False,0.025336559861898422,0.0036276457831263542,0.9980642199516296,-0.02696935273706913,-0.31716272234916687,0.03776712715625763,0.0,0.0,59.0,22.0,0.022,0.0001484132226323709,-0.0002686567895580083,0.025156505405902863,0.002407967345789075,-0.0005163369933143258,0.003548456123098731,0.21702353656291962,1.2541277408599854,0.030367637053132057,0.023788081482052803,-0.0036402037367224693,2.9815059860993642e-06,0.00017464789561927319,3.710850477218628,10.0,0.0,0.0,0.0,0.0,0.0,0.28300000000000003,0.319,0.281,0.34400000000000003,2.825,2018.788818359375,809.9383544921875,31.867847442626953,,False,
1783703850.900212,2026-07-10T10:17:30,282513,20260710_101720,,,,,,takeoff,,,,,,,,,False,0.025981154292821884,0.005604594945907593,1.0002009868621826,-0.0572260245680809,-0.13001258671283722,-0.0944104939699173,1.0,-4.0,71.0,22.0,0.022,0.0002321372157894075,-0.00027058113482780755,0.023788081482052803,0.003474154742434621,-0.0003573474823497236,-0.0035665412433445454,0.21780285239219666,1.2518744468688965,0.029926976189017296,0.023788081482052803,-0.0036402037367224693,2.9815059860993642e-06,0.00017464789561927319,3.710850477218628,10.0,0.0,0.0,0.0,0.0,0.0,0.28300000000000003,0.319,0.281,0.34400000000000003,2.825,2018.788818359375,809.9383544921875,31.867847442626953,,False,
1783703850.9103737,2026-07-10T10:17:30,282523,20260710_101720,,,,,,takeoff,,,,,,,,,False,0.026285452768206596,0.00612432137131691,1.0013400316238403,0.24534982442855835,-0.1009552851319313,0.040276508778333664,-1.0,3.0,63.0,22.0,0.022,0.0002321372157894075,-0.00027058113482780755,0.023788081482052803,0.003474154742434621,-0.0003573474823497236,-0.0035665412433445454,0.21780285239219666,1.2518744468688965,0.029926976189017296,0.023788081482052803,-0.0036402037367224693,2.9815059860993642e-06,0.00017464789561927319,3.710850477218628,10.0,0.0,0.0,0.0,0.0,0.0,0.28300000000000003,0.319,0.281,0.34400000000000003,2.825,2018.788818359375,809.9383544921875,31.867847442626953,,False,
1783703850.9205377,2026-07-10T10:17:30,282533,20260710_101720,,,,,,takeoff,,,,,,,,,False,0.025232471525669098,0.0050649153999984264,1.0011931657791138,0.0031396704725921154,0.37366458773612976,-0.17748738825321198,0.0,0.0,69.0,22.0,0.022,0.0005679719615727663,-0.000270894612185657,0.02372792921960354,0.005208051297813654,-3.942285184166394e-05,-0.0035162342246621847,0.21595460176467896,1.2451108694076538,0.028980154544115067,0.023788081482052803,-0.0036402037367224693,2.9815059860993642e-06,0.00017464789561927319,3.710850477218628,10.0,0.0,0.0,0.0,0.0,0.0,0.28300000000000003,0.319,0.281,0.34400000000000003,2.825,2018.788818359375,809.9383544921875,31.867847442626953,,False,
1783703850.930702,2026-07-10T10:17:30,282543,20260710_101720,,,,,,takeoff,,,,,,,,,False,0.02486490085721016,0.0037763130385428667,1.000975251197815,0.12282414734363556,-0.16443905234336853,-0.06306572258472443,0.0,0.0,69.0,21.0,0.021,0.0005679719615727663,-0.000270894612185657,0.02372792921960354,0.005208051297813654,-3.942285184166394e-05,-0.0035162342246621847,0.21595460176467896,1.2451108694076538,0.028980154544115067,0.023788081482052803,-0.0036402037367224693,2.9815059860993642e-06,0.00017464789561927319,3.710850477218628,10.0,0.0,0.0,0.0,0.0,0.0,0.28300000000000003,0.319,0.281,0.34400000000000003,2.825,2018.788818359375,809.9383544921875,31.867847442626953,,False,
1783703850.940864,2026-07-10T10:17:30,282553,20260710_101720,,,,,,takeoff,,,,,,,,,False,0.026285741478204727,0.006432624533772469,1.0016213655471802,0.174679696559906,-0.06676380336284637,0.11061073839664459,0.0,-1.0,66.0,21.0,0.021,0.0006990954279899597,-0.00026347042876295745,0.022539181634783745,0.006064411718398333,0.00025260893744416535,-0.00880384910851717,0.2178887575864792,1.2418690919876099,0.027102041989564896,0.022451868280768394,-0.008796235546469688,3.064962584176101e-06,0.00017981264682020992,3.710850477218628,10.0,0.0,0.0,0.0,0.0,0.0,0.28300000000000003,0.319,0.281,0.34400000000000003,2.825,2018.706787109375,809.945556640625,31.871984481811523,,False,
1783703850.9510293,2026-07-10T10:17:30,282563,20260710_101720,,,,,,takeoff,,,,,,,,,False,0.026186300441622734,0.004778510425239801,1.000182867050171,0.02865479700267315,0.13851743936538696,0.001475607044994831,0.0,0.0,60.0,21.0,0.021,0.0006990954279899597,-0.00026347042876295745,0.022539181634783745,0.006064411718398333,0.00025260893744416535,-0.00880384910851717,0.2178887575864792,1.2418690919876099,0.027102041989564896,0.022451868280768394,-0.008796235546469688,3.064962584176101e-06,0.00017981264682020992,3.710850477218628,10.0,0.0,0.0,0.0,0.0,0.0,0.28300000000000003,0.319,0.281,0.34400000000000003,2.825,2018.706787109375,809.945556640625,31.871984481811523,,False,
1783703850.961239,2026-07-10T10:17:30,282573,20260710_101720,,,,,,takeoff,,,,,,,,,False,0.023327896371483803,0.005474601872265339,0.9989257454872131,-0.07303468137979507,-0.3067162334918976,0.00348303047940135,0.0,-1.0,71.0,21.0,0.021,0.0011375247268006206,-0.00026338399038650095,0.022365381941199303,0.008175855502486229,0.0004929803544655442,-0.008488439954817295,0.21958868205547333,1.2305002212524414,0.027924565598368645,0.022451868280768394,-0.008796235546469688,3.064962584176101e-06,0.00017981264682020992,3.710850477218628,10.0,0.0,0.0,0.0,0.0,0.0,0.28300000000000003,0.319,0.281,0.34400000000000003,2.825,2018.706787109375,809.945556640625,31.871984481811523,,False,
1783703850.9714067,2026-07-10T10:17:30,282583,20260710_101720,,,,,,takeoff,,,,,,,,,False,0.022288933396339417,0.0025292038917541504,0.9983588457107544,-0.2378627210855484,0.3366703391075134,0.210893452167511,0.0,2.0,53.0,21.0,0.021,0.0011375247268006206,-0.00026338399038650095,0.022365381941199303,0.008175855502486229,0.0004929803544655442,-0.008488439954817295,0.21958868205547333,1.2305002212524414,0.027924565598368645,0.022451868280768394,-0.008796235546469688,3.064962584176101e-06,0.00017981264682020992,3.710850477218628,10.0,0.0,0.0,0.0,0.0,0.0,0.28300000000000003,0.319,0.281,0.34400000000000003,2.825,2018.706787109375,809.945556640625,31.871984481811523,,False,
1783703850.9816048,2026-07-10T10:17:30,282593,20260710_101720,,,,,,takeoff,,,,,,,,,False,0.023686638101935387,0.005127656739205122,1.0015195608139038,0.003751901676878333,-0.0878845602273941,0.2300129532814026,0.0,0.0,54.0,23.0,0.023,0.0005581167060881853,-0.0002715882728807628,0.022201338782906532,0.005428297445178032,0.0005842577083967626,-0.008542022667825222,0.21933558583259583,1.25558602809906,0.02766035869717598,0.022451868280768394,-0.008796235546469688,3.064962584176101e-06,0.00017981264682020992,3.710850477218628,10.0,0.0,0.0,0.0,0.0,0.0,0.28300000000000003,0.319,0.281,0.34400000000000003,2.825,2018.706787109375,809.945556640625,31.871984481811523,,False,
1783703850.991787,2026-07-10T10:17:30,282603,20260710_101720,,,,,,takeoff,,,,,,,,,False,0.019825054332613945,0.003444881644099951,1.001625895500183,0.5008266568183899,0.19887538254261017,-0.10773839801549911,0.0,-1.0,67.0,23.0,0.023,0.0005581167060881853,-0.0002715882728807628,0.022201338782906532,0.005428297445178032,0.0005842577083967626,-0.008542022667825222,0.21933558583259583,1.25558602809906,0.02766035869717598,0.02242916077375412,-0.006586705334484577,2.9814671052008634e-06,0.0001746354391798377,3.710850477218628,10.0,0.0,0.0,0.0,0.0,0.0,32.766,32.766,0.28400000000000003,0.34,2.838,2018.706787109375,809.945556640625,31.871984481811523,,False,
1783703851.0019624,2026-07-10T10:17:31,282613,20260710_101720,,,,,,takeoff,,,,,,,,,False,0.02289414405822754,0.0029734850395470858,0.9983564019203186,0.07083889096975327,0.19767503440380096,-0.010223806835711002,0.0,0.0,69.0,23.0,0.023,0.000960497884079814,-0.00028399223810993135,0.022428756579756737,0.006852404680103064,0.0005004060221835971,-0.0064648352563381195,0.21914879977703094,1.240954875946045,0.02964029088616371,0.02242916077375412,-0.006586705334484577,2.9814671052008634e-06,0.0001746354391798377,3.710850477218628,10.0,0.0,0.0,0.0,0.0,0.0,32.766,32.766,0.28400000000000003,0.34,2.838,2018.706787109375,809.945556640625,31.871984481811523,,False,
1783703851.0121498,2026-07-10T10:17:31,282623,20260710_101720,,,,,,takeoff,,,,,,,,,False,0.023148922249674797,0.0028755003586411476,0.9988642334938049,-0.0332561694085598,-0.024103501811623573,0.30423352122306824,0.0,0.0,61.0,23.0,0.023,0.000960497884079814,-0.00028399223810993135,0.022428756579756737,0.006852404680103064,0.0005004060221835971,-0.0064648352563381195,0.21914879977703094,1.240954875946045,0.02964029088616371,0.02242916077375412,-0.006586705334484577,2.9814671052008634e-06,0.0001746354391798377,3.710850477218628,10.0,0.0,0.0,0.0,0.0,0.0,32.766,32.766,0.28400000000000003,0.34,2.838,2018.706787109375,809.945556640625,31.871984481811523,,False,
1783703851.0223658,2026-07-10T10:17:31,282633,20260710_101720,,,,,,takeoff,,,,,,,,,False,0.02351120486855507,0.002997308038175106,1.0004750490188599,0.1670355647802353,-0.3663833439350128,-0.09697281569242477,0.0,0.0,73.0,23.0,0.023,0.0010959517676383257,-0.0002748544211499393,0.02230064757168293,0.006822266150265932,0.0003910083614755422,-0.006468744017183781,0.22239497303962708,1.237454891204834,0.028099199756979942,0.02242916077375412,-0.006586705334484577,2.9814671052008634e-06,0.0001746354391798377,3.710850477218628,10.0,0.0,0.0,0.0,0.0,0.0,32.766,32.766,0.28400000000000003,0.34,2.838,2018.706787109375,809.945556640625,31.871984481811523,,False,
1783703851.0325747,2026-07-10T10:17:31,282643,20260710_101720,,,,,,takeoff,,,,,,,,,False,0.024152636528015137,0.003443194320425391,1.0002329349517822,-0.06693492084741592,0.09928203374147415,-0.23302209377288818,0.0,0.0,70.0,25.0,0.025,0.0010959517676383257,-0.0002748544211499393,0.02230064757168293,0.006822266150265932,0.0003910083614755422,-0.006468744017183781,0.22239497303962708,1.237454891204834,0.028099199756979942,0.02242916077375412,-0.006586705334484577,2.9814671052008634e-06,0.0001746354391798377,3.710850477218628,10.0,0.0,0.0,0.0,0.0,0.0,32.766,32.766,0.28400000000000003,0.34,2.838,2018.706787109375,809.945556640625,31.871984481811523,,False,
1783703851.042749,2026-07-10T10:17:31,282653,20260710_101720,,,,,,takeoff,,,,,,,,,False,0.025004157796502113,0.004627231974154711,0.999531626701355,0.16658219695091248,-0.25563114881515503,-0.004443285055458546,0.0,2.0,65.0,25.0,0.025,0.001218304387293756,-0.0002731004497036338,0.023321552202105522,0.007091800682246685,0.00018527882639318705,-0.0007314769318327308,0.22142136096954346,1.2384439706802368,0.029631877318024635,0.023314278572797775,-0.0008827481651678681,3.0649969176010927e-06,0.0001798158627934754,3.7161290645599365,10.0,0.0,0.0,0.0,0.0,0.0,32.766,32.766,0.28400000000000003,0.34,2.838,2018.8106689453125,809.9363403320312,31.877052307128906,,False,
1783703851.0529108,2026-07-10T10:17:31,282663,20260710_101720,,,,,,takeoff,,,,,,,,,False,0.02489366941154003,0.0028128859121352434,0.9992360472679138,-0.0930996760725975,0.08395805954933167,0.002571059623733163,0.0,0.0,62.0,25.0,0.025,0.001218304387293756,-0.0002731004497036338,0.023321552202105522,0.007091800682246685,0.00018527882639318705,-0.0007314769318327308,0.22142136096954346,1.2384439706802368,0.029631877318024635,0.023314278572797775,-0.0008827481651678681,3.0649969176010927e-06,0.0001798158627934754,3.7161290645599365,10.0,0.0,0.0,0.0,0.0,0.0,32.766,32.766,0.28400000000000003,0.34,2.838,2018.8106689453125,809.9363403320312,31.877052307128906,,False,
1783703851.0632372,2026-07-10T10:17:31,282673,20260710_101720,,,,,,takeoff,,,,,,,,,False,0.025105969980359077,0.002033875323832035,0.9998334050178528,0.03974483162164688,-0.2877463698387146,0.053531575947999954,0.0,-1.0,71.0,25.0,0.025,0.00022961718786973506,-0.0002803038514684886,0.023310082033276558,0.0029613152146339417,0.00018824799917638302,-0.000768626865465194,0.2227988839149475,1.2722886800765991,0.027146577835083008,0.023314278572797775,-0.0008827481651678681,3.0649969176010927e-06,0.0001798158627934754,3.7161290645599365,10.0,0.0,0.0,0.0,0.0,0.0,32.766,32.766,0.28400000000000003,0.34,2.838,2018.8106689453125,809.9363403320312,31.877052307128906,,False,
1783703851.0734549,2026-07-10T10:17:31,282686,20260710_101720,,,,,,takeoff,,,,,,,,,False,0.024489115923643112,0.0018574838759377599,0.9981040358543396,0.0038201899733394384,-0.07012008130550385,-0.16652736067771912,0.0,0.0,54.0,25.0,0.025,0.000686544575728476,-0.00028001112514175475,0.023294556885957718,0.0051218303851783276,-7.6931799412705e-05,-0.0007772374665364623,0.2227988839149475,1.2722886800765991,0.027146577835083008,0.023314278572797775,-0.0008827481651678681,3.0649969176010927e-06,0.0001798158627934754,3.7161290645599365,10.0,0.0,0.0,0.0,0.0,0.0,32.766,32.766,0.28400000000000003,0.34,2.838,2018.8106689453125,809.9363403320312,31.877052307128906,,False,
1783703851.0837362,2026-07-10T10:17:31,282693,20260710_101720,,,,,,takeoff,,,,,,,,,False,0.02482570707798004,0.005631376523524523,0.9986229538917542,0.01600758172571659,-0.14129693806171417,0.028019603341817856,0.0,0.0,56.0,27.0,0.027,0.000686544575728476,-0.00028001112514175475,0.023294556885957718,0.0051218303851783276,-7.6931799412705e-05,-0.0007772374665364623,0.22269383072853088,1.2598776817321777,0.027919864282011986,0.023314278572797775,-0.0008827481651678681,3.0649969176010927e-06,0.0001798158627934754,3.7161290645599365,10.0,0.0,0.0,0.0,0.0,0.0,32.766,32.766,0.28400000000000003,0.34,2.838,2018.8106689453125,809.9363403320312,31.877052307128906,,False,
1783703851.09392,2026-07-10T10:17:31,282706,20260710_101720,,,,,,takeoff,,,,,,,,,False,0.024941129609942436,0.003360823728144169,1.0002208948135376,-0.0054279472678899765,-0.3567313253879547,-0.08286898583173752,0.0,0.0,71.0,27.0,0.027,0.0007679850677959621,-0.00028872472466900945,0.024952244013547897,0.005529106594622135,-9.516901627648622e-05,0.007359469775110483,0.22269383072853088,1.2598776817321777,0.027919864282011986,0.024952244013547897,0.007236587814986706,2.981522357003996e-06,0.0001746504713082686,3.710850477218628,10.0,0.0,0.0,0.0,0.0,0.0,0.28300000000000003,32.766,0.276,0.342,2.852,2018.8106689453125,809.9363403320312,31.877052307128906,,False,
1783703851.1041126,2026-07-10T10:17:31,282713,20260710_101720,,,,,,takeoff,,,,,,,,,False,0.02214323915541172,0.00212501990608871,0.998826265335083,0.05872016400098801,-0.29932984709739685,0.29505491256713867,0.0,0.0,64.0,27.0,0.027,0.0007679850677959621,-0.00028872472466900945,0.024952244013547897,0.005529106594622135,-9.516901627648622e-05,0.007359469775110483,0.22107186913490295,1.258601427078247,0.028698492795228958,0.024952244013547897,0.007236587814986706,2.981522357003996e-06,0.0001746504713082686,3.710850477218628,10.0,0.0,0.0,0.0,0.0,0.0,0.28300000000000003,32.766,0.276,0.342,2.852,2018.8106689453125,809.9363403320312,31.877052307128906,,False,
1783703851.1143267,2026-07-10T10:17:31,282727,20260710_101720,,,,,,takeoff,,,,,,,,,False,0.023570546880364418,0.0022440245375037193,0.9984143376350403,0.13005810976028442,0.040267810225486755,0.2864430248737335,-1.0,0.0,59.0,27.0,0.027,0.0007263696170412004,0.00021798150555696338,0.025099270045757294,0.005191318690776825,0.00177597941365093,0.007267254404723644,0.20563355088233948,1.2634373903274536,0.028500670567154884,0.024952244013547897,0.007236587814986706,2.981522357003996e-06,0.0001746504713082686,3.710850477218628,10.0,0.0,0.0,0.0,0.0,0.0,0.28300000000000003,32.766,0.276,0.342,2.852,2018.8106689453125,809.9363403320312,31.877052307128906,,False,
1783703851.1244955,2026-07-10T10:17:31,282733,20260710_101720,,,,,,takeoff,,,,,,,,,False,0.022606942802667618,0.004567006602883339,0.9988082647323608,0.008216748014092445,0.11888732016086578,-0.10760762542486191,0.0,-1.0,72.0,27.0,0.027,0.0007263696170412004,0.00021798150555696338,0.025099270045757294,0.005191318690776825,0.00177597941365093,0.007267254404723644,0.20563355088233948,1.2634373903274536,0.028500670567154884,0.024952244013547897,0.007236587814986706,2.981522357003996e-06,0.0001746504713082686,3.710850477218628,10.0,0.0,0.0,0.0,0.0,0.0,0.28300000000000003,32.766,0.276,0.342,2.852,2018.8106689453125,809.9363403320312,31.877052307128906,,False,
1783703851.134666,2026-07-10T10:17:31,282747,20260710_101720,,,,,,takeoff,,,,,,,,,False,0.022145798429846764,0.0026184837333858013,0.9990208148956299,0.1436564326286316,0.30625396966934204,0.12464813143014908,0.0,0.0,68.0,25.0,0.025,0.001191021059639752,0.00020497657533269376,0.025171183049678802,0.006762949284166098,0.0015990138053894043,0.006744938902556896,0.20892950892448425,1.2520390748977661,0.028668653219938278,0.024952244013547897,0.007236587814986706,2.981522357003996e-06,0.0001746504713082686,3.710850477218628,10.0,0.0,0.0,0.0,0.0,0.0,0.28300000000000003,32.766,0.276,0.342,2.852,2018.8106689453125,809.9363403320312,31.877052307128906,,False,
1783703851.14483,2026-07-10T10:17:31,282753,20260710_101720,,,,,,takeoff,,,,,,,,,False,0.025522498413920403,0.002577158622443676,1.0004463195800781,-0.22115272283554077,0.010782543569803238,0.03309198096394539,0.0,0.0,65.0,25.0,0.025,0.001191021059639752,0.00020497657533269376,0.025171183049678802,0.006762949284166098,0.0015990138053894043,0.006744938902556896,0.20892950892448425,1.2520390748977661,0.028668653219938278,0.025238439440727234,0.006550461519509554,3.0650182907265844e-06,0.0001798179728211835,3.7161290645599365,10.0,0.0,0.0,0.0,0.0,0.0,0.28300000000000003,32.766,0.276,0.342,2.852,2018.734130859375,809.9431762695312,31.88358497619629,,False,
1783703851.1549978,2026-07-10T10:17:31,282767,20260710_101720,,,,,,takeoff,,,,,,,,,False,0.024915894493460655,0.0036920281127095222,1.0012121200561523,0.036514002829790115,0.4407198131084442,0.07665245234966278,0.0,0.0,74.0,25.0,0.025,0.0013292578514665365,0.00023498598602600396,0.02530597522854805,0.00719626946374774,0.0014278397429734468,0.0068009356036782265,0.20845694839954376,1.2475169897079468,0.030353199690580368,0.025238439440727234,0.006550461519509554,3.0650182907265844e-06,0.0001798179728211835,3.7161290645599365,10.0,0.0,0.0,0.0,0.0,0.0,0.28300000000000003,32.766,0.276,0.342,2.852,2018.734130859375,809.9431762695312,31.88358497619629,,False,
1783703851.165177,2026-07-10T10:17:31,282773,20260710_101720,,,,,,takeoff,,,,,,,,,False,0.02484709769487381,0.002667525317519903,0.9994586110115051,-0.040504585951566696,0.38428524136543274,-0.12553367018699646,0.0,0.0,67.0,25.0,0.025,0.0013292578514665365,0.00023498598602600396,0.02530597522854805,0.00719626946374774,0.0014278397429734468,0.0068009356036782265,0.20845694839954376,1.2475169897079468,0.030353199690580368,0.025238439440727234,0.006550461519509554,3.0650182907265844e-06,0.0001798179728211835,3.7161290645599365,10.0,0.0,0.0,0.0,0.0,0.0,0.28300000000000003,32.766,0.276,0.342,2.852,2018.734130859375,809.9431762695312,31.88358497619629,,False,
1783703851.1753476,2026-07-10T10:17:31,282787,20260710_101720,,,,,,takeoff,,,,,,,,,False,0.024959705770015717,0.002026221016421914,0.999741792678833,0.0015963484765961766,0.003919473849236965,0.022602099925279617,4.0,-3.0,50.0,25.0,0.025,0.0028717881068587303,-0.0018945750780403614,0.025439869612455368,0.01341179572045803,-0.00736821535974741,0.006884249858558178,0.2696361243724823,1.2011483907699585,0.03072161227464676,0.025238439440727234,0.006550461519509554,3.0650182907265844e-06,0.0001798179728211835,3.7161290645599365,10.0,0.0,0.0,0.0,0.0,0.0,0.28300000000000003,32.766,0.276,0.342,2.852,2018.734130859375,809.9431762695312,31.88358497619629,,False,
1783703851.1855083,2026-07-10T10:17:31,282798,20260710_101720,,,,,,takeoff,,,,,,,,,False,0.02680310793220997,0.0033770911395549774,1.0004103183746338,0.05410744249820709,0.0026128569152206182,-0.007286726962774992,-3.0,3.0,50.0,23.0,0.023,0.0028717881068587303,-0.0018945750780403614,0.025439869612455368,0.01341179572045803,-0.00736821535974741,0.006884249858558178,0.2696361243724823,1.2011483907699585,0.03072161227464676,0.024467112496495247,0.0012846552999690175,2.9814339086442487e-06,0.00017363949154969305,3.7161290645599365,10.0,0.0,0.0,0.0,0.0,0.0,0.28300000000000003,32.766,0.276,0.342,2.852,2018.734130859375,809.9431762695312,31.88358497619629,,False,
1783703851.1956656,2026-07-10T10:17:31,282807,20260710_101720,,,,,,takeoff,,,,,,,,,False,0.0240321084856987,0.0054971640929579735,0.9989476799964905,0.12450061738491058,0.04868186637759209,0.09976371377706528,0.0,0.0,70.0,23.0,0.023,0.0012589870020747185,-0.00028760964050889015,0.024467112496495247,0.006929509807378054,-0.0008543937583453953,0.0014330395497381687,0.22141532599925995,1.2516083717346191,0.03047173283994198,0.024467112496495247,0.0012846552999690175,2.9814339086442487e-06,0.00017363949154969305,3.7161290645599365,10.0,0.0,0.0,0.0,0.0,0.0,32.766,32.766,0.278,32.766,2.848,2018.734130859375,809.9431762695312,31.88358497619629,,False,
1783703851.205825,2026-07-10T10:17:31,282813,20260710_101720,,,,,,takeoff,,,,,,,,,False,0.024185456335544586,0.005335745867341757,0.9967100024223328,0.35009467601776123,0.1518421620130539,0.04982602223753929,0.0,0.0,67.0,23.0,0.023,0.0012589870020747185,-0.00028760964050889015,0.024467112496495247,0.006929509807378054,-0.0008543937583453953,0.0014330395497381687,0.22141532599925995,1.2516083717346191,0.03047173283994198,0.024467112496495247,0.0012846552999690175,2.9814339086442487e-06,0.00017363949154969305,3.7161290645599365,10.0,0.0,0.0,0.0,0.0,0.0,32.766,32.766,0.278,32.766,2.848,2018.734130859375,809.9431762695312,31.88358497619629,,False,
1783703851.2159908,2026-07-10T10:17:31,282827,20260710_101720,,,,,,takeoff,,,,,,,,,False,0.02311268262565136,0.0047797514125704765,1.0002540349960327,0.06202975660562515,-0.15701137483119965,-0.21456535160541534,0.0,-1.0,66.0,23.0,0.023,0.00171218765899539,-0.00028925968217663467,0.024492070078849792,0.008609611541032791,-0.0004986280109733343,0.001072273007594049,0.22547702491283417,1.2382360696792603,0.030126472935080528,0.024467112496495247,0.0012846552999690175,2.9814339086442487e-06,0.00017363949154969305,3.7161290645599365,10.0,0.0,0.0,0.0,0.0,0.0,32.766,32.766,0.278,32.766,2.848,2018.734130859375,809.9431762695312,31.88358497619629,,False,
1783703851.2262118,2026-07-10T10:17:31,282833,20260710_101720,,,,,,takeoff,,,,,,,,,False,0.024227594956755638,0.00413938844576478,0.999627947807312,-0.14213883876800537,-0.10913541167974472,-0.010298149660229683,0.0,0.0,66.0,23.0,0.023,0.00171218765899539,-0.00028925968217663467,0.024492070078849792,0.008609611541032791,-0.0004986280109733343,0.001072273007594049,0.22547702491283417,1.2382360696792603,0.030126472935080528,0.024467112496495247,0.0012846552999690175,2.9814339086442487e-06,0.00017363949154969305,3.7161290645599365,10.0,0.0,0.0,0.0,0.0,0.0,32.766,32.766,0.278,32.766,2.848,2018.734130859375,809.9431762695312,31.88358497619629,,False,
1783703851.2364376,2026-07-10T10:17:31,282849,20260710_101720,,,,,,takeoff,,,,,,,,,False,0.025872666388750076,0.004966554697602987,0.99969083070755,0.059182584285736084,-0.12383121252059937,0.22971904277801514,0.0,1.0,72.0,25.0,0.025,0.0011569337220862508,-0.00028670369647443295,0.024723196402192116,0.006158740725368261,-0.00037355339736677706,0.0021569442469626665,0.22453580796718597,1.2592432498931885,0.029440518468618393,0.024744410067796707,0.001942837960086763,3.0649573545815656e-06,0.00017980855773203075,3.710850477218628,10.0,0.0,0.0,0.0,0.0,0.0,32.766,32.766,0.278,32.766,2.848,2018.734130859375,809.9431762695312,31.88358497619629,,False,
1783703851.2466226,2026-07-10T10:17:31,282853,20260710_101720,,,,,,takeoff,,,,,,,,,False,0.024522213265299797,0.0028001111932098866,0.9969534277915955,0.022146234288811684,-0.14358079433441162,0.07779985666275024,0.0,0.0,67.0,25.0,0.025,0.0011569337220862508,-0.00028670369647443295,0.024723196402192116,0.006158740725368261,-0.00037355339736677706,0.0021569442469626665,0.22453580796718597,1.2592432498931885,0.029440518468618393,0.024744410067796707,0.001942837960086763,3.0649573545815656e-06,0.00017980855773203075,3.710850477218628,10.0,0.0,0.0,0.0,0.0,0.0,32.766,32.766,0.278,32.766,2.848,2018.783203125,809.9390258789062,31.89092254638672,,False,
1783703851.256805,2026-07-10T10:17:31,282867,20260710_101720,,,,,,takeoff,,,,,,,,,False,0.024817369878292084,0.002099914476275444,0.9991467595100403,0.0032829311676323414,0.09802661836147308,0.04028903320431709,1.0,-2.0,80.0,25.0,0.025,0.002121470170095563,-0.0007803743937984109,0.024762332439422607,0.010081678628921509,-0.002335200086236,0.0018567291554063559,0.2357267290353775,1.2374399900436401,0.03047305718064308,0.024744410067796707,0.001942837960086763,3.0649573545815656e-06,0.00017980855773203075,3.710850477218628,10.0,0.0,0.0,0.0,0.0,0.0,32.766,32.766,0.278,32.766,2.848,2018.783203125,809.9390258789062,31.89092254638672,,False,
1783703851.2670116,2026-07-10T10:17:31,282873,20260710_101720,,,,,,takeoff,,,,,,,,,False,0.02680019661784172,0.00428359117358923,1.0000165700912476,-0.052573490887880325,-0.03004097379744053,0.10601893812417984,0.0,0.0,72.0,25.0,0.025,0.002121470170095563,-0.0007803743937984109,0.024762332439422607,0.010081678628921509,-0.002335200086236,0.0018567291554063559,0.2357267290353775,1.2374399900436401,0.03047305718064308,0.024744410067796707,0.001942837960086763,3.0649573545815656e-06,0.00017980855773203075,3.710850477218628,10.0,0.0,0.0,0.0,0.0,0.0,32.766,32.766,0.278,32.766,2.848,2018.783203125,809.9390258789062,31.89092254638672,,False,
1783703851.2772303,2026-07-10T10:17:31,282887,20260710_101720,,,,,,takeoff,,,,,,,,,False,0.02408755011856556,0.003926024306565523,0.999135434627533,-0.0934290662407875,-0.13531120121479034,-0.24007068574428558,0.0,-1.0,48.0,25.0,0.025,0.0025463683996349573,-0.0007668918115086854,0.024798136204481125,0.01174051221460104,-0.0021950947120785713,0.0018589467508718371,0.2331632822751999,1.2285248041152954,0.031205622479319572,0.024744410067796707,0.001942837960086763,3.0649573545815656e-06,0.00017980855773203075,3.710850477218628,10.0,0.0,0.0,0.0,0.0,0.0,32.766,32.766,0.278,32.766,2.848,2018.783203125,809.9390258789062,31.89092254638672,,False,
1783703851.2874024,2026-07-10T10:17:31,282900,20260710_101720,,,,,,takeoff,,,,,,,,,False,0.024726418778300285,0.0030570602975785732,0.9983603358268738,-0.03192206472158432,-0.06410329788923264,0.05639977380633354,1.0,0.0,54.0,27.0,0.027,0.0025463683996349573,-0.0007668918115086854,0.024798136204481125,0.01174051221460104,-0.0021950947120785713,0.0018589467508718371,0.2331632822751999,1.2285248041152954,0.031205622479319572,0.025820037350058556,0.0063691334798932076,2.981463694595732e-06,0.00017463132098782808,3.7161290645599365,10.0,0.0,0.0,0.0,0.0,0.0,0.277,32.766,0.278,32.766,2.85,2018.783203125,809.9390258789062,31.89092254638672,,False,
1783703851.297574,2026-07-10T10:17:31,282907,20260710_101720,,,,,,takeoff,,,,,,,,,False,0.024564282968640327,0.0021304774563759565,0.9979214668273926,0.24929459393024445,-0.04288993775844574,-0.04224400594830513,-2.0,5.0,75.0,27.0,0.027,4.398500095703639e-05,-0.00028677465161308646,0.025834619998931885,0.0015805705916136503,-0.0002648158115334809,0.0066624912433326244,0.2154352366924286,1.3040378093719482,0.03073931112885475,0.025820037350058556,0.0063691334798932076,2.981463694595732e-06,0.00017463132098782808,3.7161290645599365,10.0,0.0,0.0,0.0,0.0,0.0,0.277,32.766,0.278,32.766,2.85,2018.783203125,809.9390258789062,31.89092254638672,,False,
1783703851.3077385,2026-07-10T10:17:31,282913,20260710_101720,,,,,,takeoff,,,,,,,,,False,0.02451164275407791,0.0024360984098166227,1.0000386238098145,-0.037592291831970215,-0.2785376310348511,-0.023193446919322014,0.0,-2.0,69.0,27.0,0.027,4.398500095703639e-05,-0.00028677465161308646,0.025834619998931885,0.0015805705916136503,-0.0002648158115334809,0.0066624912433326244,0.2154352366924286,1.3040378093719482,0.03073931112885475,0.025820037350058556,0.0063691334798932076,2.981463694595732e-06,0.00017463132098782808,3.7161290645599365,10.0,0.0,0.0,0.0,0.0,0.0,0.277,32.766,0.278,32.766,2.85,2018.783203125,809.9390258789062,31.89092254638672,,False,
1783703851.3179057,2026-07-10T10:17:31,282927,20260710_101720,,,,,,takeoff,,,,,,,,,False,0.025173066183924675,0.002403029939159751,1.0008529424667358,0.03394463285803795,-0.1035563126206398,0.1699559986591339,0.0,0.0,68.0,27.0,0.027,0.0009139443864114583,-0.0002818276407197118,0.025968272238969803,0.005141266155987978,-0.0005208703223615885,0.006562721449881792,0.2154095470905304,1.2811509370803833,0.029068509116768837,0.025820037350058556,0.0063691334798932076,2.981463694595732e-06,0.00017463132098782808,3.7161290645599365,10.0,0.0,0.0,0.0,0.0,0.0,0.277,32.766,0.278,32.766,2.85,2018.783203125,809.9390258789062,31.89092254638672,,False,
1783703851.3280685,2026-07-10T10:17:31,282933,20260710_101720,,,,,,takeoff,,,,,,,,,False,0.022396938875317574,0.0024001176934689283,1.0003204345703125,-0.15193898975849152,-0.17990319430828094,0.23252083361148834,0.0,0.0,68.0,27.0,0.027,0.0009139443864114583,-0.0002818276407197118,0.025968272238969803,0.005141266155987978,-0.0005208703223615885,0.006562721449881792,0.2154095470905304,1.2811509370803833,0.029068509116768837,0.025820037350058556,0.0063691334798932076,2.981463694595732e-06,0.00017463132098782808,3.7161290645599365,10.0,0.0,0.0,0.0,0.0,0.0,0.277,32.766,0.278,32.766,2.85,2018.783203125,809.9390258789062,31.89092254638672,,False,
1783703851.3382654,2026-07-10T10:17:31,282951,20260710_101720,,,,,,takeoff,,,,,,,,,False,0.022972920909523964,0.004391026217490435,1.0007741451263428,0.025613868609070778,-0.18914388120174408,0.03816491365432739,0.0,0.0,69.0,29.0,0.029,0.0010056233732029796,-0.00030225852970033884,0.027336303144693375,0.005294230300933123,-0.0007993903127498925,0.012888786382973194,0.21339429914951324,1.2795120477676392,0.030200570821762085,0.027465594932436943,0.01284828782081604,3.064988959522452e-06,0.00017980911070480943,3.7161290645599365,10.0,0.0,0.0,0.0,0.0,0.0,0.277,32.766,0.278,32.766,2.85,2018.783203125,809.9390258789062,31.89092254638672,,False,
1783703851.348468,2026-07-10T10:17:31,282961,20260710_101720,,,,,,takeoff,,,,,,,,,False,0.025298334658145905,0.005526102147996426,0.9975513219833374,0.030087286606431007,-0.27285236120224,0.1258070319890976,0.0,0.0,67.0,29.0,0.029,0.0010056233732029796,-0.00030225852970033884,0.027336303144693375,0.005294230300933123,-0.0007993903127498925,0.012888786382973194,0.21339429914951324,1.2795120477676392,0.030200570821762085,0.027465594932436943,0.01284828782081604,3.064988959522452e-06,0.00017980911070480943,3.7161290645599365,10.0,0.0,0.0,0.0,0.0,0.0,0.277,32.766,0.278,32.766,2.85,2018.8160400390625,809.935791015625,31.894088745117188,,False,
1783703851.3586469,2026-07-10T10:17:31,282971,20260710_101720,,,,,,takeoff,,,,,,,,,False,0.022653870284557343,0.004227305296808481,0.996701717376709,-0.24176578223705292,-0.20610526204109192,-0.07781416922807693,0.0,0.0,74.0,29.0,0.029,0.0011141482973471284,-0.00031832861714065075,0.02759568579494953,0.005545882973819971,-0.0007396427681669593,0.013048794120550156,0.21374370157718658,1.2771271467208862,0.030111107975244522,0.027465594932436943,0.01284828782081604,3.064988959522452e-06,0.00017980911070480943,3.7161290645599365,10.0,0.0,0.0,0.0,0.0,0.0,0.277,32.766,0.278,32.766,2.85,2018.8160400390625,809.935791015625,31.894088745117188,,False,
1783703851.368837,2026-07-10T10:17:31,282973,20260710_101720,,,,,,takeoff,,,,,,,,,False,0.022653870284557343,0.004227305296808481,0.996701717376709,-0.24176578223705292,-0.20610526204109192,-0.07781416922807693,0.0,0.0,74.0,29.0,0.029,0.0011141482973471284,-0.00031832861714065075,0.02759568579494953,0.005545882973819971,-0.0007396427681669593,0.013048794120550156,0.21374370157718658,1.2771271467208862,0.030111107975244522,0.027465594932436943,0.01284828782081604,3.064988959522452e-06,0.00017980911070480943,3.7161290645599365,10.0,0.0,0.0,0.0,0.0,0.0,0.277,32.766,0.278,32.766,2.85,2018.8160400390625,809.935791015625,31.894088745117188,,False,
1783703851.3790119,2026-07-10T10:17:31,282991,20260710_101720,,,,,,takeoff,,,,,,,,,False,0.0273402389138937,0.004891322460025549,0.9999327659606934,-0.1058785691857338,-0.14228057861328125,-0.10285691171884537,0.0,1.0,48.0,29.0,0.029,0.0005824282416142523,-0.0003265755367465317,0.02785339392721653,0.0033091879449784756,-0.0005010289023630321,0.01258467324078083,0.21243968605995178,1.2955321073532104,0.03066304512321949,0.027465594932436943,0.01284828782081604,3.064988959522452e-06,0.00017980911070480943,3.7161290645599365,10.0,0.0,0.0,0.0,0.0,0.0,0.277,32.766,0.278,32.766,2.85,2018.8160400390625,809.935791015625,31.894088745117188,,False,
1783703851.389196,2026-07-10T10:17:31,283001,20260710_101720,,,,,,takeoff,,,,,,,,,False,0.02529752627015114,0.004947335924953222,0.9998445510864258,-0.1695719212293625,0.028439607471227646,-0.08056295663118362,0.0,0.0,55.0,26.0,0.026,0.0005824282416142523,-0.0003265755367465317,0.02785339392721653,0.0033091879449784756,-0.0005010289023630321,0.01258467324078083,0.21243968605995178,1.2955321073532104,0.03066304512321949,0.02721165493130684,0.008014312013983727,2.9815118978149258e-06,0.00017365228268317878,3.710850477218628,10.0,0.0,0.0,0.0,0.0,0.0,32.766,32.766,0.277,32.766,2.834,2018.8160400390625,809.935791015625,31.894088745117188,,False,
1783703851.3994117,2026-07-10T10:17:31,283011,20260710_101720,,,,,,takeoff,,,,,,,,,False,0.022738857194781303,0.005830265115946531,1.0001074075698853,-0.014517409726977348,-0.0972224622964859,-0.1544867753982544,0.0,0.0,71.0,26.0,0.026,0.0006676785997115076,-0.00032951374305412173,0.02721165493130684,0.004091304261237383,-0.00026407482801005244,0.008107796311378479,0.21248029172420502,1.2936711311340332,0.030696582049131393,0.02721165493130684,0.008014312013983727,2.9815118978149258e-06,0.00017365228268317878,3.710850477218628,10.0,0.0,0.0,0.0,0.0,0.0,32.766,32.766,0.277,32.766,2.834,2018.8160400390625,809.935791015625,31.894088745117188,,False,
1783703851.409578,2026-07-10T10:17:31,283021,20260710_101720,,,,,,takeoff,,,,,,,,,False,0.026664672419428825,0.004321421962231398,0.9980968832969666,0.08747143298387527,0.3253439962863922,0.15987463295459747,0.0,1.0,72.0,26.0,0.026,0.0006676785997115076,-0.00032951374305412173,0.02721165493130684,0.004091304261237383,-0.00026407482801005244,0.008107796311378479,0.21248029172420502,1.2936711311340332,0.030696582049131393,0.02721165493130684,0.008014312013983727,2.9815118978149258e-06,0.00017365228268317878,3.710850477218628,10.0,0.0,0.0,0.0,0.0,0.0,32.766,32.766,0.277,32.766,2.834,2018.8160400390625,809.935791015625,31.894088745117188,,False,
1783703851.4197383,2026-07-10T10:17:31,283031,20260710_101720,,,,,,takeoff,,,,,,,,,False,0.024362942203879356,0.002289853524416685,0.9980273246765137,-0.1763584464788437,0.028048129752278328,0.03910065069794655,0.0,0.0,69.0,26.0,0.026,9.803709690459073e-05,-0.00033046735916286707,0.027374545112252235,0.0019031936535611749,3.069962258450687e-05,0.008142998442053795,0.21167944371700287,1.307358980178833,0.029504984617233276,0.02721165493130684,0.008014312013983727,2.9815118978149258e-06,0.00017365228268317878,3.710850477218628,10.0,0.0,0.0,0.0,0.0,0.0,32.766,32.766,0.277,32.766,2.834,2018.8160400390625,809.935791015625,31.894088745117188,,False,
1783703851.4299033,2026-07-10T10:17:31,283041,20260710_101720,,,,,,takeoff,,,,,,,,,False,0.024592546746134758,0.0024243632797151804,0.9992794990539551,0.19607114791870117,0.08489851653575897,-0.12836438417434692,0.0,-1.0,66.0,26.0,0.026,9.803709690459073e-05,-0.00033046735916286707,0.027374545112252235,0.0019031936535611749,3.069962258450687e-05,0.008142998442053795,0.21167944371700287,1.307358980178833,0.029504984617233276,0.02721165493130684,0.008014312013983727,2.9815118978149258e-06,0.00017365228268317878,3.710850477218628,10.0,0.0,0.0,0.0,0.0,0.0,32.766,32.766,0.277,32.766,2.834,2018.8160400390625,809.935791015625,31.894088745117188,,False,
1783703851.4400654,2026-07-10T10:17:31,283052,20260710_101720,,,,,,takeoff,,,,,,,,,False,0.02245206944644451,0.004007922951132059,0.9998140931129456,0.07742787152528763,0.3192788064479828,0.12694621086120605,0.0,0.0,54.0,27.0,0.027,0.0006012930534780025,-0.0003325174911879003,0.027345389127731323,0.004185847472399473,-8.707543020136654e-05,0.006930185481905937,0.21172964572906494,1.2920359373092651,0.030292266979813576,0.027414491400122643,0.006791918072849512,3.0650141980004264e-06,0.00017982427380047739,3.7161290645599365,10.0,0.0,0.0,0.0,0.0,0.0,32.766,32.766,0.277,32.766,2.834,2018.865234375,809.9317626953125,31.897748947143555,,False,
1783703851.4502478,2026-07-10T10:17:31,283063,20260710_101720,,,,,,takeoff,,,,,,,,,False,0.024480236694216728,0.003125325310975313,0.9993896484375,-0.19364354014396667,0.009642388671636581,-0.04371101036667824,0.0,-1.0,68.0,27.0,0.027,0.0006012930534780025,-0.0003325174911879003,0.027345389127731323,0.004185847472399473,-8.707543020136654e-05,0.006930185481905937,0.21172964572906494,1.2920359373092651,0.030292266979813576,0.027414491400122643,0.006791918072849512,3.0650141980004264e-06,0.00017982427380047739,3.7161290645599365,10.0,0.0,0.0,0.0,0.0,0.0,32.766,32.766,0.277,32.766,2.834,2018.865234375,809.9317626953125,31.897748947143555,,False,
1783703851.4604104,2026-07-10T10:17:31,283073,20260710_101720,,,,,,takeoff,,,,,,,,,False,0.026549512520432472,0.0029908802825957537,1.0007010698318481,0.3036865293979645,-0.0445578470826149,0.2249070554971695,0.0,0.0,70.0,27.0,0.027,0.0010908475378528237,-0.00031845906050875783,0.02748286724090576,0.00592977087944746,-0.0001312286185566336,0.006863101851195097,0.213934525847435,1.2741645574569702,0.029811205342411995,0.027414491400122643,0.006791918072849512,3.0650141980004264e-06,0.00017982427380047739,3.7161290645599365,10.0,0.0,0.0,0.0,0.0,0.0,32.766,32.766,0.277,32.766,2.834,2018.865234375,809.9317626953125,31.897748947143555,,False,
1783703851.470573,2026-07-10T10:17:31,283081,20260710_101720,accel_decel_fast_a1.50_c0.00_x_h0.60,accel_decel_pulse,outbound,0,"{""accel_mps2"": 1.5, ""peak_speed_mps"": 1.0, ""cruise_s"": 0.0, ""axis"": ""x""}",landing,0.0,0.0,0.0,0.6,1.7881393432617188e-06,0.0,0.0,0.6,True,0.026329485699534416,0.004147123079746962,0.99947589635849,-0.15929055213928223,-0.10550116747617722,0.037948496639728546,0.0,0.0,70.0,27.0,0.027,0.0010908475378528237,-0.00031845906050875783,0.02748286724090576,0.00592977087944746,-0.0001312286185566336,0.006863101851195097,0.213934525847435,1.2741645574569702,0.029811205342411995,0.027414491400122643,0.006791918072849512,3.0650141980004264e-06,0.00017982427380047739,3.7161290645599365,10.0,0.0,0.0,0.0,0.0,0.0,32.766,32.766,0.277,32.766,2.834,2018.865234375,809.9317626953125,31.897748947143555,geofence_hard_land,True,land
1783703851.4807703,2026-07-10T10:17:31,283091,20260710_101720,accel_decel_fast_a1.50_c0.00_x_h0.60,accel_decel_pulse,outbound,0,"{""accel_mps2"": 1.5, ""peak_speed_mps"": 1.0, ""cruise_s"": 0.0, ""axis"": ""x""}",landing,0.0,0.0,0.0,0.6,1.7881393432617188e-06,0.0,0.0,0.6,True,0.023915652185678482,0.004944285377860069,1.001503586769104,0.1655033528804779,0.2420741319656372,-0.18107596039772034,0.0,1.0,53.0,27.0,0.027,0.0005363657837733626,-0.0003099296009168029,0.027622820809483528,0.003955239895731211,-0.00024470308562740684,0.00693859439343214,0.21261920034885406,1.2911192178726196,0.029988287016749382,0.027414491400122643,0.006791918072849512,3.0650141980004264e-06,0.00017982427380047739,3.7161290645599365,10.0,0.0,0.0,0.0,0.0,0.0,32.766,32.766,0.277,32.766,2.834,2018.865234375,809.9317626953125,31.897748947143555,geofence_hard_land,True,
1783703851.4909863,2026-07-10T10:17:31,283103,20260710_101720,accel_decel_fast_a1.50_c0.00_x_h0.60,accel_decel_pulse,outbound,0,"{""accel_mps2"": 1.5, ""peak_speed_mps"": 1.0, ""cruise_s"": 0.0, ""axis"": ""x""}",landing,0.0,0.0,0.0,0.6,1.7881393432617188e-06,0.0,0.0,0.6,True,0.024854842573404312,0.003032536245882511,1.001555323600769,0.12573622167110443,-0.13651511073112488,0.1825491487979889,0.0,1.0,72.0,27.0,0.027,0.0005363657837733626,-0.0003099296009168029,0.027622820809483528,0.003955239895731211,-0.00024470308562740684,0.00693859439343214,0.21261920034885406,1.2911192178726196,0.029988287016749382,0.02744945138692856,0.005402060691267252,2.9815214475092944e-06,0.0001736476260703057,3.7161290645599365,10.0,0.0,0.0,0.0,0.0,0.0,32.766,32.766,0.278,0.34700000000000003,2.837,2018.865234375,809.9317626953125,31.897748947143555,geofence_hard_land,True,
1783703851.5012014,2026-07-10T10:17:31,283113,20260710_101720,accel_decel_fast_a1.50_c0.00_x_h0.60,accel_decel_pulse,outbound,0,"{""accel_mps2"": 1.5, ""peak_speed_mps"": 1.0, ""cruise_s"": 0.0, ""axis"": ""x""}",landing,0.0,0.0,0.0,0.6,1.7881393432617188e-06,0.0,0.0,0.6,True,0.025823870673775673,0.0027243432123214006,0.9996335506439209,-0.005794582422822714,0.0690959095954895,0.27081814408302307,0.0,1.0,62.0,27.0,0.027,0.0004439201147761196,-0.00030678659095428884,0.027450624853372574,0.0037091088015586138,-5.6860506447264925e-05,0.005539185367524624,0.21146580576896667,1.2944828271865845,0.029935743659734726,0.02744945138692856,0.005402060691267252,2.9815214475092944e-06,0.0001736476260703057,3.7161290645599365,10.0,0.0,0.0,0.0,0.0,0.0,32.766,32.766,0.278,0.34700000000000003,2.837,2018.865234375,809.9317626953125,31.897748947143555,geofence_hard_land,True,
1783703851.5113938,2026-07-10T10:17:31,283123,20260710_101720,accel_decel_fast_a1.50_c0.00_x_h0.60,accel_decel_pulse,outbound,0,"{""accel_mps2"": 1.5, ""peak_speed_mps"": 1.0, ""cruise_s"": 0.0, ""axis"": ""x""}",landing,0.0,0.0,0.0,0.6,1.7881393432617188e-06,0.0,0.0,0.6,True,0.024762654677033424,0.0021367252338677645,0.998912513256073,0.02010214515030384,0.17634063959121704,0.01563098281621933,0.0,-3.0,73.0,27.0,0.027,0.0004439201147761196,-0.00030678659095428884,0.027450624853372574,0.0037091088015586138,-5.6860506447264925e-05,0.005539185367524624,0.21146580576896667,1.2944828271865845,0.029935743659734726,0.02744945138692856,0.005402060691267252,2.9815214475092944e-06,0.0001736476260703057,3.7161290645599365,10.0,0.0,0.0,0.0,0.0,0.0,32.766,32.766,0.278,0.34700000000000003,2.837,2018.865234375,809.9317626953125,31.897748947143555,geofence_hard_land,True,
1783703851.5215762,2026-07-10T10:17:31,283133,20260710_101720,accel_decel_fast_a1.50_c0.00_x_h0.60,accel_decel_pulse,outbound,0,"{""accel_mps2"": 1.5, ""peak_speed_mps"": 1.0, ""cruise_s"": 0.0, ""axis"": ""x""}",landing,0.0,0.0,0.0,0.6,1.7881393432617188e-06,0.0,0.0,0.6,True,0.02476309984922409,0.0032735182903707027,0.9986549615859985,-0.08393718302249908,-0.2208418995141983,-0.10761698335409164,0.0,1.0,65.0,27.0,0.027,0.0011954439105466008,-0.00029911569436080754,0.027565479278564453,0.006916229147464037,-0.0001971090241568163,0.005732166115194559,0.21015991270542145,1.2704006433486938,0.03212866932153702,0.02744945138692856,0.005402060691267252,2.9815214475092944e-06,0.0001736476260703057,3.7161290645599365,10.0,0.0,0.0,0.0,0.0,0.0,32.766,32.766,0.278,0.34700000000000003,2.837,2018.865234375,809.9317626953125,31.897748947143555,geofence_hard_land,True,
1783703851.5317671,2026-07-10T10:17:31,283143,20260710_101720,accel_decel_fast_a1.50_c0.00_x_h0.60,accel_decel_pulse,outbound,0,"{""accel_mps2"": 1.5, ""peak_speed_mps"": 1.0, ""cruise_s"": 0.0, ""axis"": ""x""}",landing,0.0,0.0,0.0,0.6,1.7881393432617188e-06,0.0,0.0,0.6,True,0.024281300604343414,0.0022466506343334913,1.0013161897659302,0.10551230609416962,-0.26460450887680054,-0.14381444454193115,0.0,1.0,49.0,26.0,0.026,0.0011954439105466008,-0.00029911569436080754,0.027565479278564453,0.006916229147464037,-0.0001971090241568163,0.005732166115194559,0.21015991270542145,1.2704006433486938,0.03212866932153702,0.02744945138692856,0.005402060691267252,2.9815214475092944e-06,0.0001736476260703057,3.7161290645599365,10.0,0.0,0.0,0.0,0.0,0.0,32.766,32.766,0.278,0.34700000000000003,2.837,2018.865234375,809.9317626953125,31.897748947143555,geofence_hard_land,True,
1783703851.5419703,2026-07-10T10:17:31,283153,20260710_101720,accel_decel_fast_a1.50_c0.00_x_h0.60,accel_decel_pulse,outbound,0,"{""accel_mps2"": 1.5, ""peak_speed_mps"": 1.0, ""cruise_s"": 0.0, ""axis"": ""x""}",landing,0.0,0.0,0.0,0.6,1.7881393432617188e-06,0.0,0.0,0.6,True,0.02053162455558777,0.003671131795272231,0.9992883205413818,0.20378229022026062,0.3555292785167694,0.1481381058692932,0.0,0.0,68.0,26.0,0.026,0.0002948912442661822,-0.0002931026683654636,0.02700512856245041,0.003318906994536519,-0.0003280799719505012,0.002214488573372364,0.20930248498916626,1.296107292175293,0.030945301055908203,0.02702774666249752,0.002233122242614627,3.0650019198219525e-06,0.00017880256928037852,3.710850477218628,10.0,0.0,0.0,0.0,0.0,0.0,32.766,32.766,0.278,0.34700000000000003,2.837,2018.8380126953125,809.9339599609375,31.906768798828125,geofence_hard_land,True,
1783703851.552201,2026-07-10T10:17:31,283163,20260710_101720,accel_decel_fast_a1.50_c0.00_x_h0.60,accel_decel_pulse,outbound,0,"{""accel_mps2"": 1.5, ""peak_speed_mps"": 1.0, ""cruise_s"": 0.0, ""axis"": ""x""}",landing,0.0,0.0,0.0,0.6,1.7881393432617188e-06,0.0,0.0,0.6,True,0.020995432510972023,0.0038913064636290073,0.9984474778175354,-0.08064348250627518,0.30610185861587524,0.015472868457436562,0.0,0.0,73.0,26.0,0.026,0.0002948912442661822,-0.0002931026683654636,0.02700512856245041,0.003318906994536519,-0.0003280799719505012,0.002214488573372364,0.20930248498916626,1.296107292175293,0.030945301055908203,0.02702774666249752,0.002233122242614627,3.0650019198219525e-06,0.00017880256928037852,3.710850477218628,10.0,0.0,0.0,0.0,0.0,0.0,32.766,32.766,0.278,0.34700000000000003,2.837,2018.8380126953125,809.9339599609375,31.906768798828125,geofence_hard_land,True,
1783703851.562399,2026-07-10T10:17:31,283173,20260710_101720,accel_decel_fast_a1.50_c0.00_x_h0.60,accel_decel_pulse,outbound,0,"{""accel_mps2"": 1.5, ""peak_speed_mps"": 1.0, ""cruise_s"": 0.0, ""axis"": ""x""}",landing,0.0,0.0,0.0,0.6,1.7881393432617188e-06,0.0,0.0,0.6,True,0.021284449845552444,0.005550249479711056,0.9976089000701904,-0.12570255994796753,-0.37265634536743164,0.127848282456398,0.0,-1.0,72.0,26.0,0.026,0.00036161422031000257,-0.00030123686883598566,0.027050627395510674,0.0031892505940049887,-0.00043454530532471836,0.002266934374347329,0.21167463064193726,1.2928012609481812,0.03075462579727173,0.02702774666249752,0.002233122242614627,3.0650019198219525e-06,0.00017880256928037852,3.710850477218628,10.0,0.0,0.0,0.0,0.0,0.0,32.766,32.766,0.278,0.34700000000000003,2.837,2018.8380126953125,809.9339599609375,31.906768798828125,geofence_hard_land,True,
1783703851.5725937,2026-07-10T10:17:31,283183,20260710_101720,accel_decel_fast_a1.50_c0.00_x_h0.60,accel_decel_pulse,outbound,0,"{""accel_mps2"": 1.5, ""peak_speed_mps"": 1.0, ""cruise_s"": 0.0, ""axis"": ""x""}",landing,0.0,0.0,0.0,0.6,1.7881393432617188e-06,0.0,0.0,0.6,True,0.02226567268371582,0.0017826553666964173,0.9998437166213989,-0.028032774105668068,-0.06863528490066528,0.13920706510543823,0.0,0.0,54.0,26.0,0.026,0.00036161422031000257,-0.00030123686883598566,0.027050627395510674,0.0031892505940049887,-0.00043454530532471836,0.002266934374347329,0.21167463064193726,1.2928012609481812,0.03075462579727173,0.02702774666249752,0.002233122242614627,3.0650019198219525e-06,0.00017880256928037852,3.710850477218628,10.0,0.0,0.0,0.0,0.0,0.0,32.766,32.766,0.278,0.34700000000000003,2.837,2018.8380126953125,809.9339599609375,31.906768798828125,geofence_hard_land,True,
1783703851.5828187,2026-07-10T10:17:31,283193,20260710_101720,accel_decel_fast_a1.50_c0.00_x_h0.60,accel_decel_pulse,outbound,0,"{""accel_mps2"": 1.5, ""peak_speed_mps"": 1.0, ""cruise_s"": 0.0, ""axis"": ""x""}",landing,0.0,0.0,0.0,0.6,1.7881393432617188e-06,0.0,0.0,0.6,True,0.0210916455835104,0.0027103042230010033,0.9997691512107849,-0.010202396661043167,-0.08896958082914352,-0.0912066325545311,0.0,2.0,51.0,27.0,0.027,0.0007742029847577214,-0.0003067341458518058,0.0270930677652359,0.00435435539111495,-0.00024985551135614514,0.0019616149365901947,0.2108115255832672,1.2806060314178467,0.02949710004031658,0.02702774666249752,0.002233122242614627,3.0650019198219525e-06,0.00017880256928037852,3.710850477218628,10.0,0.0,0.0,0.0,0.0,0.0,32.766,32.766,0.278,0.34700000000000003,2.837,2018.8380126953125,809.9339599609375,31.906768798828125,geofence_hard_land,True,
1783703851.593015,2026-07-10T10:17:31,283203,20260710_101720,accel_decel_fast_a1.50_c0.00_x_h0.60,accel_decel_pulse,outbound,0,"{""accel_mps2"": 1.5, ""peak_speed_mps"": 1.0, ""cruise_s"": 0.0, ""axis"": ""x""}",landing,0.0,0.0,0.0,0.6,1.7881393432617188e-06,0.0,0.0,0.6,True,0.023849552497267723,0.0031687451992183924,1.000370979309082,0.04327855631709099,0.4195111393928528,-0.09467463195323944,0.0,-2.0,70.0,27.0,0.027,0.0007742029847577214,-0.0003067341458518058,0.0270930677652359,0.00435435539111495,-0.00024985551135614514,0.0019616149365901947,0.2108115255832672,1.2806060314178467,0.02949710004031658,0.02708224393427372,0.001688577001914382,2.9815157631674083e-06,0.00017363969527650625,3.710850477218628,10.0,0.0,0.0,0.0,0.0,0.0,32.766,32.766,0.281,0.341,2.838,2018.8380126953125,809.9339599609375,31.906768798828125,geofence_hard_land,True,
1783703851.6034052,2026-07-10T10:17:31,283213,20260710_101720,accel_decel_fast_a1.50_c0.00_x_h0.60,accel_decel_pulse,outbound,0,"{""accel_mps2"": 1.5, ""peak_speed_mps"": 1.0, ""cruise_s"": 0.0, ""axis"": ""x""}",landing,0.0,0.0,0.0,0.6,1.7881393432617188e-06,0.0,0.0,0.6,True,0.023116759955883026,0.0040200697258114815,0.9989800453186035,-0.1208035871386528,0.43861156702041626,-0.07566528022289276,-1.0,0.0,65.0,27.0,0.027,0.0006883920868858695,-0.00030452944338321686,0.02708372101187706,0.0036546518094837666,-0.00046484064660035074,0.0017159964190796018,0.21028506755828857,1.2830162048339844,0.028605440631508827,0.02708224393427372,0.001688577001914382,2.9815157631674083e-06,0.00017363969527650625,3.710850477218628,10.0,0.0,0.0,0.0,0.0,0.0,32.766,32.766,0.281,0.341,2.838,2018.8380126953125,809.9339599609375,31.906768798828125,geofence_hard_land,True,
1783703851.6136022,2026-07-10T10:17:31,283226,20260710_101720,accel_decel_fast_a1.50_c0.00_x_h0.60,accel_decel_pulse,outbound,0,"{""accel_mps2"": 1.5, ""peak_speed_mps"": 1.0, ""cruise_s"": 0.0, ""axis"": ""x""}",landing,0.0,0.0,0.0,0.6,1.7881393432617188e-06,0.0,0.0,0.6,True,0.023204999044537544,0.004250501282513142,0.9982513189315796,0.03368912264704704,-0.5858471989631653,-0.16366730630397797,0.0,0.0,76.0,27.0,0.027,0.0007036239840090275,7.400546019198373e-05,0.027118287980556488,0.0036406652070581913,0.0010784441838040948,0.0016456771409139037,0.21028506755828857,1.2830162048339844,0.028605440631508827,0.02708224393427372,0.001688577001914382,2.9815157631674083e-06,0.00017363969527650625,3.710850477218628,10.0,0.0,0.0,0.0,0.0,0.0,32.766,32.766,0.281,0.341,2.838,2018.8380126953125,809.9339599609375,31.906768798828125,geofence_hard_land,True,
1783703851.6237907,2026-07-10T10:17:31,283233,20260710_101720,accel_decel_fast_a1.50_c0.00_x_h0.60,accel_decel_pulse,outbound,0,"{""accel_mps2"": 1.5, ""peak_speed_mps"": 1.0, ""cruise_s"": 0.0, ""axis"": ""x""}",landing,0.0,0.0,0.0,0.6,1.7881393432617188e-06,0.0,0.0,0.6,True,0.02401081845164299,0.004032671917229891,0.997343122959137,0.16006822884082794,0.17826391756534576,0.029392831027507782,0.0,0.0,71.0,27.0,0.027,0.0007036239840090275,7.400546019198373e-05,0.027118287980556488,0.0036406652070581913,0.0010784441838040948,0.0016456771409139037,0.19969859719276428,1.2785969972610474,0.029230160638689995,0.02708224393427372,0.001688577001914382,2.9815157631674083e-06,0.00017363969527650625,3.710850477218628,10.0,0.0,0.0,0.0,0.0,0.0,32.766,32.766,0.281,0.341,2.838,2018.8380126953125,809.9339599609375,31.906768798828125,geofence_hard_land,True,
1783703851.6339803,2026-07-10T10:17:31,283246,20260710_101720,accel_decel_fast_a1.50_c0.00_x_h0.60,accel_decel_pulse,outbound,0,"{""accel_mps2"": 1.5, ""peak_speed_mps"": 1.0, ""cruise_s"": 0.0, ""axis"": ""x""}",landing,0.0,0.0,0.0,0.6,1.7881393432617188e-06,0.0,0.0,0.6,True,0.023129161447286606,0.0014171579387038946,0.9990158677101135,-0.05248530954122543,-0.11939050257205963,-0.11011532694101334,0.0,1.0,47.0,26.0,0.026,0.0003390616038814187,6.839984416728839e-05,0.02667599730193615,0.002062990562990308,0.0010545115219429135,-0.0010781619930639863,0.19969859719276428,1.2785969972610474,0.029230160638689995,0.02708224393427372,0.001688577001914382,2.9815157631674083e-06,0.00017363969527650625,3.710850477218628,10.0,0.0,0.0,0.0,0.0,0.0,32.766,32.766,0.281,0.341,2.838,2018.8380126953125,809.9339599609375,31.906768798828125,geofence_hard_land,True,
1783703851.6441908,2026-07-10T10:17:31,283253,20260710_101720,accel_decel_fast_a1.50_c0.00_x_h0.60,accel_decel_pulse,outbound,0,"{""accel_mps2"": 1.5, ""peak_speed_mps"": 1.0, ""cruise_s"": 0.0, ""axis"": ""x""}",landing,0.0,0.0,0.0,0.6,1.7881393432617188e-06,0.0,0.0,0.6,True,0.02472233586013317,0.0034743736032396555,0.9984408617019653,-0.2464105635881424,-0.1851612776517868,-0.1799892783164978,2.0,-4.0,62.0,26.0,0.026,0.0003390616038814187,6.839984416728839e-05,0.02667599730193615,0.002062990562990308,0.0010545115219429135,-0.0010781619930639863,0.20188991725444794,1.2911471128463745,0.029036449268460274,0.02666478604078293,-0.0012139624450355768,3.0650091957795667e-06,0.00017880862287711352,3.7161290645599365,10.0,0.0,0.0,0.0,0.0,0.0,32.766,32.766,0.281,0.341,2.838,2018.903564453125,809.9281616210938,31.908891677856445,geofence_hard_land,True,
1783703851.6543677,2026-07-10T10:17:31,283267,20260710_101720,accel_decel_fast_a1.50_c0.00_x_h0.60,accel_decel_pulse,outbound,0,"{""accel_mps2"": 1.5, ""peak_speed_mps"": 1.0, ""cruise_s"": 0.0, ""axis"": ""x""}",landing,0.0,0.0,0.0,0.6,1.7881393432617188e-06,0.0,0.0,0.6,True,0.02366141974925995,0.004955159965902567,0.9982856512069702,0.14170598983764648,0.3664007782936096,-0.18634268641471863,-1.0,3.0,69.0,26.0,0.026,0.0006729112938046455,-0.00029448539135046303,0.026662446558475494,0.0033018779940903187,-0.000629275687970221,-0.0012291427701711655,0.2116885930299759,1.2826400995254517,0.027769234031438828,0.02666478604078293,-0.0012139624450355768,3.0650091957795667e-06,0.00017880862287711352,3.7161290645599365,10.0,0.0,0.0,0.0,0.0,0.0,32.766,32.766,0.281,0.341,2.838,2018.903564453125,809.9281616210938,31.908891677856445,geofence_hard_land,True,
1783703851.6645496,2026-07-10T10:17:31,283273,20260710_101720,accel_decel_fast_a1.50_c0.00_x_h0.60,accel_decel_pulse,outbound,0,"{""accel_mps2"": 1.5, ""peak_speed_mps"": 1.0, ""cruise_s"": 0.0, ""axis"": ""x""}",landing,0.0,0.0,0.0,0.6,1.7881393432617188e-06,0.0,0.0,0.6,True,0.024495184421539307,0.004342872183769941,0.9993599057197571,-0.011689779348671436,-0.42860960960388184,-0.05018633231520653,0.0,0.0,66.0,26.0,0.026,0.0006729112938046455,-0.00029448539135046303,0.026662446558475494,0.0033018779940903187,-0.000629275687970221,-0.0012291427701711655,0.2116885930299759,1.2826400995254517,0.027769234031438828,0.02666478604078293,-0.0012139624450355768,3.0650091957795667e-06,0.00017880862287711352,3.7161290645599365,10.0,0.0,0.0,0.0,0.0,0.0,32.766,32.766,0.281,0.341,2.838,2018.903564453125,809.9281616210938,31.908891677856445,geofence_hard_land,True,
1783703851.6747284,2026-07-10T10:17:31,283287,20260710_101720,accel_decel_fast_a1.50_c0.00_x_h0.60,accel_decel_pulse,outbound,0,"{""accel_mps2"": 1.5, ""peak_speed_mps"": 1.0, ""cruise_s"": 0.0, ""axis"": ""x""}",landing,0.0,0.0,0.0,0.6,1.7881393432617188e-06,0.0,0.0,0.6,True,0.026438312605023384,0.0026031050365418196,1.000870943069458,0.17336642742156982,-0.34228676557540894,-0.3770190179347992,0.0,0.0,54.0,26.0,0.026,0.0007423056522384286,-0.00030589374364353716,0.02663576602935791,0.0037115684244781733,-0.0005618941504508257,-0.001378052867949009,0.21017508208751678,1.281232237815857,0.026527030393481255,0.02666478604078293,-0.0012139624450355768,3.0650091957795667e-06,0.00017880862287711352,3.7161290645599365,10.0,0.0,0.0,0.0,0.0,0.0,32.766,32.766,0.281,0.341,2.838,2018.903564453125,809.9281616210938,31.908891677856445,geofence_hard_land,True,
1783703851.6849089,2026-07-10T10:17:31,283293,20260710_101720,accel_decel_fast_a1.50_c0.00_x_h0.60,accel_decel_pulse,outbound,0,"{""accel_mps2"": 1.5, ""peak_speed_mps"": 1.0, ""cruise_s"": 0.0, ""axis"": ""x""}",landing,0.0,0.0,0.0,0.6,1.7881393432617188e-06,0.0,0.0,0.6,True,0.025572996586561203,0.0015561023028567433,1.0005334615707397,0.09529764950275421,-0.31344980001449585,0.19511348009109497,0.0,0.0,49.0,23.0,0.023,0.0007423056522384286,-0.00030589374364353716,0.02663576602935791,0.0037115684244781733,-0.0005618941504508257,-0.001378052867949009,0.21017508208751678,1.281232237815857,0.026527030393481255,0.02666478604078293,-0.0012139624450355768,3.0650091957795667e-06,0.00017880862287711352,3.7161290645599365,10.0,0.0,0.0,0.0,0.0,0.0,32.766,32.766,0.281,0.341,2.838,2018.903564453125,809.9281616210938,31.908891677856445,geofence_hard_land,True,
1783703851.695083,2026-07-10T10:17:31,283307,20260710_101720,accel_decel_fast_a1.50_c0.00_x_h0.60,accel_decel_pulse,outbound,0,"{""accel_mps2"": 1.5, ""peak_speed_mps"": 1.0, ""cruise_s"": 0.0, ""axis"": ""x""}",landing,0.0,0.0,0.0,0.6,1.7881393432617188e-06,0.0,0.0,0.6,True,0.022938141599297523,0.0015595440054312348,0.9997074604034424,0.1723385751247406,-0.3556915521621704,0.3318515121936798,0.0,0.0,69.0,23.0,0.023,0.0008552572689950466,-0.00031331187346950173,0.024976013228297234,0.004535397980362177,-0.0008429280715063214,-0.009318860247731209,0.21183429658412933,1.2829982042312622,0.025282369926571846,0.024976013228297234,-0.009414897300302982,2.9814943900419166e-06,0.0001736430131131783,3.710850477218628,10.0,0.0,0.0,0.0,0.0,0.0,0.28500000000000003,32.766,0.279,0.34600000000000003,2.841,2018.903564453125,809.9281616210938,31.908891677856445,geofence_hard_land,True,
1783703851.705257,2026-07-10T10:17:31,283313,20260710_101720,accel_decel_fast_a1.50_c0.00_x_h0.60,accel_decel_pulse,outbound,0,"{""accel_mps2"": 1.5, ""peak_speed_mps"": 1.0, ""cruise_s"": 0.0, ""axis"": ""x""}",landing,0.0,0.0,0.0,0.6,1.7881393432617188e-06,0.0,0.0,0.6,True,0.02171788178384304,0.0022349224891513586,0.9978045225143433,-0.05327961593866348,0.30881431698799133,-0.04204872250556946,0.0,1.0,62.0,23.0,0.023,0.0008552572689950466,-0.00031331187346950173,0.024976013228297234,0.004535397980362177,-0.0008429280715063214,-0.009318860247731209,0.21183429658412933,1.2829982042312622,0.025282369926571846,0.024976013228297234,-0.009414897300302982,2.9814943900419166e-06,0.0001736430131131783,3.710850477218628,10.0,0.0,0.0,0.0,0.0,0.0,0.28500000000000003,32.766,0.279,0.34600000000000003,2.841,2018.903564453125,809.9281616210938,31.908891677856445,geofence_hard_land,True,
1783703851.7154288,2026-07-10T10:17:31,283327,20260710_101720,accel_decel_fast_a1.50_c0.00_x_h0.60,accel_decel_pulse,outbound,0,"{""accel_mps2"": 1.5, ""peak_speed_mps"": 1.0, ""cruise_s"": 0.0, ""axis"": ""x""}",landing,0.0,0.0,0.0,0.6,1.7881393432617188e-06,0.0,0.0,0.6,True,0.024127846583724022,0.003036701353266835,0.999675452709198,-0.003570001572370529,0.062478091567754745,-0.022932151332497597,0.0,-4.0,72.0,23.0,0.023,0.0019242234993726015,-0.0002868692681659013,0.024789616465568542,0.00878619123250246,-0.0009988670935854316,-0.009528420865535736,0.2116871476173401,1.249504566192627,0.02792477048933506,0.024976013228297234,-0.009414897300302982,2.9814943900419166e-06,0.0001736430131131783,3.710850477218628,10.0,0.0,0.0,0.0,0.0,0.0,0.28500000000000003,32.766,0.279,0.34600000000000003,2.841,2018.903564453125,809.9281616210938,31.908891677856445,geofence_hard_land,True,
1783703851.7256093,2026-07-10T10:17:31,283333,20260710_101720,accel_decel_fast_a1.50_c0.00_x_h0.60,accel_decel_pulse,outbound,0,"{""accel_mps2"": 1.5, ""peak_speed_mps"": 1.0, ""cruise_s"": 0.0, ""axis"": ""x""}",landing,0.0,0.0,0.0,0.6,1.7881393432617188e-06,0.0,0.0,0.6,True,0.025072025135159492,0.0034088760148733854,0.999993622303009,0.029596984386444092,-0.22002698481082916,-0.2543061077594757,0.0,3.0,64.0,23.0,0.023,0.0019242234993726015,-0.0002868692681659013,0.024789616465568542,0.00878619123250246,-0.0009988670935854316,-0.009528420865535736,0.2116871476173401,1.249504566192627,0.02792477048933506,0.024976013228297234,-0.009414897300302982,2.9814943900419166e-06,0.0001736430131131783,3.710850477218628,10.0,0.0,0.0,0.0,0.0,0.0,0.28500000000000003,32.766,0.279,0.34600000000000003,2.841,2018.903564453125,809.9281616210938,31.908891677856445,geofence_hard_land,True,
1783703851.7358189,2026-07-10T10:17:31,283348,20260710_101720,accel_decel_fast_a1.50_c0.00_x_h0.60,accel_decel_pulse,outbound,0,"{""accel_mps2"": 1.5, ""peak_speed_mps"": 1.0, ""cruise_s"": 0.0, ""axis"": ""x""}",landing,0.0,0.0,0.0,0.6,1.7881393432617188e-06,0.0,0.0,0.6,True,0.026133045554161072,0.005694015417248011,1.0000296831130981,0.1189236268401146,-0.3190116584300995,-0.04183121398091316,0.0,2.0,50.0,24.0,0.024,2.1534231564146467e-05,-0.0002770701830741018,0.024316994473338127,0.0005434935446828604,-0.0009295658674091101,-0.01089409738779068,0.21043652296066284,1.3133035898208618,0.026595644652843475,0.024208053946495056,-0.010907409712672234,3.064973952859873e-06,0.00017880371888168156,3.710850477218628,10.0,0.0,0.0,0.0,0.0,0.0,0.28500000000000003,32.766,0.279,0.34600000000000003,2.841,2018.903564453125,809.9281616210938,31.908891677856445,geofence_hard_land,True,
1783703851.7460108,2026-07-10T10:17:31,283353,20260710_101720,accel_decel_fast_a1.50_c0.00_x_h0.60,accel_decel_pulse,outbound,0,"{""accel_mps2"": 1.5, ""peak_speed_mps"": 1.0, ""cruise_s"": 0.0, ""axis"": ""x""}",landing,0.0,0.0,0.0,0.6,1.7881393432617188e-06,0.0,0.0,0.6,True,0.024107979610562325,0.006215390749275684,0.9983847141265869,-0.13186049461364746,-0.13588452339172363,0.1445457637310028,0.0,-1.0,59.0,24.0,0.024,2.1534231564146467e-05,-0.0002770701830741018,0.024316994473338127,0.0005434935446828604,-0.0009295658674091101,-0.01089409738779068,0.21043652296066284,1.3133035898208618,0.026595644652843475,0.024208053946495056,-0.010907409712672234,3.064973952859873e-06,0.00017880371888168156,3.7161290645599365,10.0,0.0,0.0,0.0,0.0,0.0,0.28500000000000003,32.766,0.279,0.34600000000000003,2.841,2018.870849609375,809.93115234375,31.915096282958984,geofence_hard_land,True,
1783703851.756223,2026-07-10T10:17:31,283367,20260710_101720,accel_decel_fast_a1.50_c0.00_x_h0.60,accel_decel_pulse,outbound,0,"{""accel_mps2"": 1.5, ""peak_speed_mps"": 1.0, ""cruise_s"": 0.0, ""axis"": ""x""}",landing,0.0,0.0,0.0,0.6,1.7881393432617188e-06,0.0,0.0,0.6,True,0.022393152117729187,0.005880921613425016,0.9990840554237366,0.15535707771778107,-0.039262253791093826,-0.017587700858712196,0.0,0.0,77.0,24.0,0.024,0.00038289048825390637,-0.00027461673016659915,0.02409934438765049,0.002339198486879468,-0.000387725536711514,-0.011019899509847164,0.21045400202274323,1.3046748638153076,0.026677072048187256,0.024208053946495056,-0.010907409712672234,3.064973952859873e-06,0.00017880371888168156,3.7161290645599365,10.0,0.0,0.0,0.0,0.0,0.0,0.28500000000000003,32.766,0.279,0.34600000000000003,2.841,2018.870849609375,809.93115234375,31.915096282958984,geofence_hard_land,True,
1783703851.7664394,2026-07-10T10:17:31,283373,20260710_101720,accel_decel_fast_a1.50_c0.00_x_h0.60,accel_decel_pulse,outbound,0,"{""accel_mps2"": 1.5, ""peak_speed_mps"": 1.0, ""cruise_s"": 0.0, ""axis"": ""x""}",landing,0.0,0.0,0.0,0.6,1.7881393432617188e-06,0.0,0.0,0.6,True,0.02255883812904358,0.005153586156666279,0.9997527599334717,-0.021944962441921234,0.08454921096563339,-0.08556854724884033,0.0,-3.0,75.0,24.0,0.024,0.00038289048825390637,-0.00027461673016659915,0.02409934438765049,0.002339198486879468,-0.000387725536711514,-0.011019899509847164,0.21045400202274323,1.3046748638153076,0.026677072048187256,0.024208053946495056,-0.010907409712672234,3.064973952859873e-06,0.00017880371888168156,3.7161290645599365,10.0,0.0,0.0,0.0,0.0,0.0,0.28500000000000003,32.766,0.279,0.34600000000000003,2.841,2018.870849609375,809.93115234375,31.915096282958984,geofence_hard_land,True,
1783703851.7766507,2026-07-10T10:17:31,283387,20260710_101720,accel_decel_fast_a1.50_c0.00_x_h0.60,accel_decel_pulse,outbound,0,"{""accel_mps2"": 1.5, ""peak_speed_mps"": 1.0, ""cruise_s"": 0.0, ""axis"": ""x""}",landing,0.0,0.0,0.0,0.6,1.7881393432617188e-06,0.0,0.0,0.6,True,0.02386952005326748,0.003440731205046177,0.999688982963562,-0.11402836441993713,0.10205567628145218,-0.10852041095495224,0.0,3.0,62.0,24.0,0.024,0.0003634175518527627,-0.0002772654115688056,0.023884708061814308,0.0018319733208045363,-0.00010006925731431693,-0.011092518456280231,0.2109830677509308,1.3072657585144043,0.0266586747020483,0.024208053946495056,-0.010907409712672234,3.064973952859873e-06,0.00017880371888168156,3.7161290645599365,10.0,0.0,0.0,0.0,0.0,0.0,0.28500000000000003,32.766,0.279,0.34600000000000003,2.841,2018.870849609375,809.93115234375,31.915096282958984,geofence_hard_land,True,
1783703851.7868567,2026-07-10T10:17:31,283399,20260710_101720,accel_decel_fast_a1.50_c0.00_x_h0.60,accel_decel_pulse,outbound,0,"{""accel_mps2"": 1.5, ""peak_speed_mps"": 1.0, ""cruise_s"": 0.0, ""axis"": ""x""}",landing,0.0,0.0,0.0,0.6,1.7881393432617188e-06,0.0,0.0,0.6,True,0.023186350241303444,0.0025114265736192465,0.9973932504653931,-0.19924716651439667,-0.3975467383861542,0.11654216051101685,0.0,1.0,54.0,23.0,0.023,0.0003634175518527627,-0.0002772654115688056,0.023884708061814308,0.0018319733208045363,-0.00010006925731431693,-0.011092518456280231,0.2109830677509308,1.3072657585144043,0.0266586747020483,0.023311881348490715,-0.013068890199065208,2.981476654895232e-06,0.0001736339763738215,3.710850477218628,10.0,0.0,0.0,0.0,0.0,0.0,0.28500000000000003,32.766,0.279,0.34600000000000003,2.841,2018.870849609375,809.93115234375,31.915096282958984,geofence_hard_land,True,
1783703851.7970436,2026-07-10T10:17:31,283407,20260710_101720,accel_decel_fast_a1.50_c0.00_x_h0.60,accel_decel_pulse,outbound,0,"{""accel_mps2"": 1.5, ""peak_speed_mps"": 1.0, ""cruise_s"": 0.0, ""axis"": ""x""}",landing,0.0,0.0,0.0,0.6,1.7881393432617188e-06,0.0,0.0,0.6,True,0.024755606427788734,0.0010628245072439313,0.9983429312705994,0.0701274648308754,-0.402662068605423,-0.020895779132843018,-1.0,-1.0,72.0,23.0,0.023,0.00034653040347620845,3.453949102549814e-05,0.023312760517001152,0.0018055507680401206,0.0011568991467356682,-0.013053071685135365,0.1986406147480011,1.3086053133010864,0.028004711493849754,0.023311881348490715,-0.013068890199065208,2.981476654895232e-06,0.0001736339763738215,3.710850477218628,10.0,0.0,0.0,0.0,0.0,0.0,0.28,32.766,0.281,0.342,2.849,2018.870849609375,809.93115234375,31.915096282958984,geofence_hard_land,True,
1783703851.8072746,2026-07-10T10:17:31,283413,20260710_101720,accel_decel_fast_a1.50_c0.00_x_h0.60,accel_decel_pulse,outbound,0,"{""accel_mps2"": 1.5, ""peak_speed_mps"": 1.0, ""cruise_s"": 0.0, ""axis"": ""x""}",landing,0.0,0.0,0.0,0.6,1.7881393432617188e-06,0.0,0.0,0.6,True,0.022693956270813942,0.003091530641540885,0.9991506338119507,0.18138329684734344,0.39030444622039795,-0.22506698966026306,0.0,-1.0,65.0,23.0,0.023,0.00034653040347620845,3.453949102549814e-05,0.023312760517001152,0.0018055507680401206,0.0011568991467356682,-0.013053071685135365,0.1986406147480011,1.3086053133010864,0.028004711493849754,0.023311881348490715,-0.013068890199065208,2.981476654895232e-06,0.0001736339763738215,3.710850477218628,10.0,0.0,0.0,0.0,0.0,0.0,0.28,32.766,0.281,0.342,2.849,2018.870849609375,809.93115234375,31.915096282958984,geofence_hard_land,True,
1783703851.8174882,2026-07-10T10:17:31,283427,20260710_101720,accel_decel_fast_a1.50_c0.00_x_h0.60,accel_decel_pulse,outbound,0,"{""accel_mps2"": 1.5, ""peak_speed_mps"": 1.0, ""cruise_s"": 0.0, ""axis"": ""x""}",landing,0.0,0.0,0.0,0.6,1.7881393432617188e-06,0.0,0.0,0.6,True,0.024567093700170517,0.0016853600973263383,0.9975059628486633,-0.08881297707557678,-0.04992922395467758,-0.012858038768172264,0.0,1.0,66.0,23.0,0.023,0.00034697854425758123,2.2771157091483474e-05,0.02305018901824951,0.0017572024371474981,0.000752341584302485,-0.013251016847789288,0.2014833241701126,1.3086040019989014,0.02715577371418476,0.023311881348490715,-0.013068890199065208,2.981476654895232e-06,0.0001736339763738215,3.710850477218628,10.0,0.0,0.0,0.0,0.0,0.0,0.28,32.766,0.281,0.342,2.849,2018.870849609375,809.93115234375,31.915096282958984,geofence_hard_land,True,
1783703851.8276634,2026-07-10T10:17:31,283433,20260710_101720,accel_decel_fast_a1.50_c0.00_x_h0.60,accel_decel_pulse,outbound,0,"{""accel_mps2"": 1.5, ""peak_speed_mps"": 1.0, ""cruise_s"": 0.0, ""axis"": ""x""}",landing,0.0,0.0,0.0,0.6,1.7881393432617188e-06,0.0,0.0,0.6,True,0.026788586750626564,0.0009065311751328409,0.9992465972900391,-0.10948086529970169,0.07927331328392029,-0.0312701091170311,0.0,0.0,63.0,23.0,0.023,0.00034697854425758123,2.2771157091483474e-05,0.02305018901824951,0.0017572024371474981,0.000752341584302485,-0.013251016847789288,0.2014833241701126,1.3086040019989014,0.02715577371418476,0.023311881348490715,-0.013068890199065208,2.981476654895232e-06,0.0001736339763738215,3.710850477218628,10.0,0.0,0.0,0.0,0.0,0.0,0.28,32.766,0.281,0.342,2.849,2018.870849609375,809.93115234375,31.915096282958984,geofence_hard_land,True,
1783703851.8378348,2026-07-10T10:17:31,283450,20260710_101720,accel_decel_fast_a1.50_c0.00_x_h0.60,accel_decel_pulse,outbound,0,"{""accel_mps2"": 1.5, ""peak_speed_mps"": 1.0, ""cruise_s"": 0.0, ""axis"": ""x""}",landing,0.0,0.0,0.0,0.6,1.7881393432617188e-06,0.0,0.0,0.6,True,0.027717793360352516,0.0017210323130711913,1.0023823976516724,-0.019060485064983368,-0.20741817355155945,0.06731702387332916,0.0,-1.0,53.0,27.0,0.027,0.000615771219599992,1.7558357285452075e-05,0.024482494220137596,0.0033801663666963577,0.00024287290580105036,-0.004958287347108126,0.1997556835412979,1.2948057651519775,0.027946332469582558,0.0244341678917408,-0.004792430903762579,3.06499305224861e-06,0.00017980326083488762,3.710850477218628,10.0,0.0,0.0,0.0,0.0,0.0,0.28,32.766,0.281,0.342,2.849,2018.870849609375,809.93115234375,31.915096282958984,geofence_hard_land,True,
1783703851.8480082,2026-07-10T10:17:31,283453,20260710_101720,accel_decel_fast_a1.50_c0.00_x_h0.60,accel_decel_pulse,outbound,0,"{""accel_mps2"": 1.5, ""peak_speed_mps"": 1.0, ""cruise_s"": 0.0, ""axis"": ""x""}",landing,0.0,0.0,0.0,0.6,1.7881393432617188e-06,0.0,0.0,0.6,True,0.02414008229970932,0.003620793577283621,1.0012362003326416,-0.013578561134636402,-0.01668584905564785,0.08558624237775803,0.0,0.0,69.0,27.0,0.027,0.000615771219599992,1.7558357285452075e-05,0.024482494220137596,0.0033801663666963577,0.00024287290580105036,-0.004958287347108126,0.1997556835412979,1.2948057651519775,0.027946332469582558,0.0244341678917408,-0.004792430903762579,3.06499305224861e-06,0.00017980326083488762,3.710850477218628,10.0,0.0,0.0,0.0,0.0,0.0,0.28,32.766,0.281,0.342,2.849,2018.7122802734375,809.9454345703125,31.920072555541992,geofence_hard_land,True,
1783703851.858236,2026-07-10T10:17:31,283471,20260710_101720,accel_decel_fast_a1.50_c0.00_x_h0.60,accel_decel_pulse,outbound,0,"{""accel_mps2"": 1.5, ""peak_speed_mps"": 1.0, ""cruise_s"": 0.0, ""axis"": ""x""}",landing,0.0,0.0,0.0,0.6,1.7881393432617188e-06,0.0,0.0,0.6,True,0.024687564000487328,0.003250525565817952,0.9992526173591614,0.4021604657173157,0.04096202179789543,-0.15387235581874847,0.0,1.0,73.0,27.0,0.027,0.0003316767979413271,2.10865619010292e-05,0.02438865415751934,0.0022894178982824087,0.0001405016955686733,-0.00454720901325345,0.20015095174312592,1.3048111200332642,0.02787657454609871,0.0244341678917408,-0.004792430903762579,3.06499305224861e-06,0.00017980326083488762,3.710850477218628,10.0,0.0,0.0,0.0,0.0,0.0,0.28,32.766,0.281,0.342,2.849,2018.7122802734375,809.9454345703125,31.920072555541992,geofence_hard_land,True,
1783703851.8684156,2026-07-10T10:17:31,283481,20260710_101720,accel_decel_fast_a1.50_c0.00_x_h0.60,accel_decel_pulse,outbound,0,"{""accel_mps2"": 1.5, ""peak_speed_mps"": 1.0, ""cruise_s"": 0.0, ""axis"": ""x""}",landing,0.0,0.0,0.0,0.6,1.7881393432617188e-06,0.0,0.0,0.6,True,0.025492139160633087,0.0031394553370773792,1.0009385347366333,-0.023593178018927574,0.08715000003576279,-0.1647535115480423,0.0,-2.0,72.0,27.0,0.027,0.0003316767979413271,2.10865619010292e-05,0.02438865415751934,0.0022894178982824087,0.0001405016955686733,-0.00454720901325345,0.20015095174312592,1.3048111200332642,0.02787657454609871,0.0244341678917408,-0.004792430903762579,3.06499305224861e-06,0.00017980326083488762,3.710850477218628,10.0,0.0,0.0,0.0,0.0,0.0,0.28,32.766,0.281,0.342,2.849,2018.7122802734375,809.9454345703125,31.920072555541992,geofence_hard_land,True,
1783703851.8785872,2026-07-10T10:17:31,283491,20260710_101720,accel_decel_fast_a1.50_c0.00_x_h0.60,accel_decel_pulse,outbound,0,"{""accel_mps2"": 1.5, ""peak_speed_mps"": 1.0, ""cruise_s"": 0.0, ""axis"": ""x""}",landing,0.0,0.0,0.0,0.6,1.7881393432617188e-06,0.0,0.0,0.6,True,0.02469046786427498,0.005039321258664131,0.9995729327201843,-0.05852733924984932,-0.25515690445899963,0.20958715677261353,0.0,1.0,53.0,27.0,0.027,0.0006098448648117483,1.7656137060839683e-05,0.024299686774611473,0.0034618410281836987,0.00016927090473473072,-0.0045284670777618885,0.20200400054454803,1.294347882270813,0.02775580994784832,0.0244341678917408,-0.004792430903762579,3.06499305224861e-06,0.00017980326083488762,3.710850477218628,10.0,0.0,0.0,0.0,0.0,0.0,0.28,32.766,0.281,0.342,2.849,2018.7122802734375,809.9454345703125,31.920072555541992,geofence_hard_land,True,
1783703851.8887577,2026-07-10T10:17:31,283501,20260710_101720,accel_decel_fast_a1.50_c0.00_x_h0.60,accel_decel_pulse,outbound,0,"{""accel_mps2"": 1.5, ""peak_speed_mps"": 1.0, ""cruise_s"": 0.0, ""axis"": ""x""}",landing,0.0,0.0,0.0,0.6,1.7881393432617188e-06,0.0,0.0,0.6,True,0.02396254427731037,0.0065347785130143166,0.9977630376815796,0.09519487619400024,0.10620252788066864,0.019155530259013176,0.0,2.0,60.0,25.0,0.025,0.0006098448648117483,1.7656137060839683e-05,0.024299686774611473,0.0034618410281836987,0.00016927090473473072,-0.0045284670777618885,0.20200400054454803,1.294347882270813,0.02775580994784832,0.024547412991523743,-0.0028244871646165848,2.9815014386258554e-06,0.00017363089136779308,3.710850477218628,10.0,0.0,0.0,0.0,0.0,0.0,32.766,32.766,0.279,0.34900000000000003,2.84,2018.7122802734375,809.9454345703125,31.920072555541992,geofence_hard_land,True,
1783703851.898929,2026-07-10T10:17:31,283511,20260710_101720,accel_decel_fast_a1.50_c0.00_x_h0.60,accel_decel_pulse,outbound,0,"{""accel_mps2"": 1.5, ""peak_speed_mps"": 1.0, ""cruise_s"": 0.0, ""axis"": ""x""}",landing,0.0,0.0,0.0,0.6,1.7881393432617188e-06,0.0,0.0,0.6,True,0.02241390198469162,0.004168669693171978,0.9975973963737488,-0.11097339540719986,-0.31626155972480774,-0.3857303261756897,0.0,-1.0,65.0,25.0,0.025,0.00029891240410506725,1.6546355254831724e-05,0.024547873064875603,0.002192036248743534,0.00034589561983011663,-0.0027954422403126955,0.20147351920604706,1.304625391960144,0.02804994396865368,0.024547412991523743,-0.0028244871646165848,2.9815014386258554e-06,0.00017363089136779308,3.710850477218628,10.0,0.0,0.0,0.0,0.0,0.0,32.766,32.766,0.279,0.34900000000000003,2.84,2018.7122802734375,809.9454345703125,31.920072555541992,geofence_hard_land,True,
1783703851.9091003,2026-07-10T10:17:31,283521,20260710_101720,accel_decel_fast_a1.50_c0.00_x_h0.60,accel_decel_pulse,outbound,0,"{""accel_mps2"": 1.5, ""peak_speed_mps"": 1.0, ""cruise_s"": 0.0, ""axis"": ""x""}",landing,0.0,0.0,0.0,0.6,1.7881393432617188e-06,0.0,0.0,0.6,True,0.02414674125611782,0.004799088928848505,0.9998113512992859,0.1110374704003334,-0.17124098539352417,0.29805901646614075,0.0,0.0,69.0,25.0,0.025,0.00029891240410506725,1.6546355254831724e-05,0.024547873064875603,0.002192036248743534,0.00034589561983011663,-0.0027954422403126955,0.20147351920604706,1.304625391960144,0.02804994396865368,0.024547412991523743,-0.0028244871646165848,2.9815014386258554e-06,0.00017363089136779308,3.710850477218628,10.0,0.0,0.0,0.0,0.0,0.0,32.766,32.766,0.279,0.34900000000000003,2.84,2018.7122802734375,809.9454345703125,31.920072555541992,geofence_hard_land,True,
1783703851.9192827,2026-07-10T10:17:31,283531,20260710_101720,accel_decel_fast_a1.50_c0.00_x_h0.60,accel_decel_pulse,outbound,0,"{""accel_mps2"": 1.5, ""peak_speed_mps"": 1.0, ""cruise_s"": 0.0, ""axis"": ""x""}",landing,0.0,0.0,0.0,0.6,1.7881393432617188e-06,0.0,0.0,0.6,True,0.0229969285428524,0.004472354892641306,1.0005613565444946,-0.1741584688425064,-0.13785719871520996,-0.048877567052841187,0.0,0.0,68.0,25.0,0.025,0.0003448235511314124,2.761721407296136e-05,0.024488169699907303,0.0023619155399501324,0.0006932462565600872,-0.0031849448569118977,0.20265428721904755,1.3049356937408447,0.026993855834007263,0.024547412991523743,-0.0028244871646165848,2.9815014386258554e-06,0.00017363089136779308,3.710850477218628,10.0,0.0,0.0,0.0,0.0,0.0,32.766,32.766,0.279,0.34900000000000003,2.84,2018.7122802734375,809.9454345703125,31.920072555541992,geofence_hard_land,True,
1783703851.9294603,2026-07-10T10:17:31,283541,20260710_101720,accel_decel_fast_a1.50_c0.00_x_h0.60,accel_decel_pulse,outbound,0,"{""accel_mps2"": 1.5, ""peak_speed_mps"": 1.0, ""cruise_s"": 0.0, ""axis"": ""x""}",landing,0.0,0.0,0.0,0.6,1.7881393432617188e-06,0.0,0.0,0.6,True,0.02358458749949932,0.004155089147388935,1.000312328338623,-0.2359287291765213,0.06439843028783798,-0.12921297550201416,0.0,0.0,64.0,25.0,0.025,0.0003448235511314124,2.761721407296136e-05,0.024488169699907303,0.0023619155399501324,0.0006932462565600872,-0.0031849448569118977,0.20265428721904755,1.3049356937408447,0.026993855834007263,0.024547412991523743,-0.0028244871646165848,2.9815014386258554e-06,0.00017363089136779308,3.710850477218628,10.0,0.0,0.0,0.0,0.0,0.0,32.766,32.766,0.279,0.34900000000000003,2.84,2018.7122802734375,809.9454345703125,31.920072555541992,geofence_hard_land,True,
1783703851.9396322,2026-07-10T10:17:31,283552,20260710_101720,accel_decel_fast_a1.50_c0.00_x_h0.60,accel_decel_pulse,outbound,0,"{""accel_mps2"": 1.5, ""peak_speed_mps"": 1.0, ""cruise_s"": 0.0, ""axis"": ""x""}",landing,0.0,0.0,0.0,0.6,1.7881393432617188e-06,0.0,0.0,0.6,True,0.024713702499866486,0.0018208151450380683,1.000278115272522,-0.02325655147433281,-0.18052834272384644,-0.07705855369567871,0.0,0.0,54.0,27.0,0.027,0.00037208228604868054,3.989861215814017e-05,0.025484386831521988,0.0024297302588820457,0.0008721437188796699,0.00221449532546103,0.2026945799589157,1.304998517036438,0.029906321316957474,0.02550680935382843,0.002209931379184127,3.0650064672954613e-06,0.0001788096851669252,3.7161290645599365,10.0,0.0,0.0,0.0,0.0,0.0,32.766,32.766,0.279,0.34900000000000003,2.84,2018.7559814453125,809.94140625,31.925195693969727,geofence_hard_land,True,
1783703851.9498026,2026-07-10T10:17:31,283561,20260710_101720,accel_decel_fast_a1.50_c0.00_x_h0.60,accel_decel_pulse,outbound,0,"{""accel_mps2"": 1.5, ""peak_speed_mps"": 1.0, ""cruise_s"": 0.0, ""axis"": ""x""}",landing,0.0,0.0,0.0,0.6,1.7881393432617188e-06,0.0,0.0,0.6,True,0.025611670687794685,0.004059913568198681,0.9998387098312378,-0.21500413119792938,-0.03656245023012161,0.13461844623088837,0.0,0.0,66.0,27.0,0.027,0.00037208228604868054,3.989861215814017e-05,0.025484386831521988,0.0024297302588820457,0.0008721437188796699,0.00221449532546103,0.2026945799589157,1.304998517036438,0.029906321316957474,0.02550680935382843,0.002209931379184127,3.0650064672954613e-06,0.0001788096851669252,3.7161290645599365,10.0,0.0,0.0,0.0,0.0,0.0,32.766,32.766,0.279,0.34900000000000003,2.84,2018.7559814453125,809.94140625,31.925195693969727,geofence_hard_land,True,
1783703851.9599736,2026-07-10T10:17:31,283571,20260710_101720,accel_decel_fast_a1.50_c0.00_x_h0.60,accel_decel_pulse,outbound,0,"{""accel_mps2"": 1.5, ""peak_speed_mps"": 1.0, ""cruise_s"": 0.0, ""axis"": ""x""}",landing,0.0,0.0,0.0,0.6,1.7881393432617188e-06,0.0,0.0,0.6,True,0.02528415434062481,0.005319264717400074,1.0007820129394531,0.20058436691761017,0.02058095484972,-0.18158432841300964,0.0,1.0,63.0,27.0,0.027,5.98806727793999e-05,4.288736454327591e-05,0.02553006261587143,0.0009201051434502006,0.0006541528855450451,0.0023294398561120033,0.20185734331607819,1.3165100812911987,0.03040323406457901,0.02550680935382843,0.002209931379184127,3.0650064672954613e-06,0.0001788096851669252,3.7161290645599365,10.0,0.0,0.0,0.0,0.0,0.0,32.766,32.766,0.279,0.34900000000000003,2.84,2018.7559814453125,809.94140625,31.925195693969727,geofence_hard_land,True,
1783703851.9702063,2026-07-10T10:17:31,283583,20260710_101720,accel_decel_fast_a1.50_c0.00_x_h0.60,accel_decel_pulse,outbound,0,"{""accel_mps2"": 1.5, ""peak_speed_mps"": 1.0, ""cruise_s"": 0.0, ""axis"": ""x""}",landing,0.0,0.0,0.0,0.6,1.7881393432617188e-06,0.0,0.0,0.6,True,0.023111261427402496,0.004561849404126406,0.9998701214790344,-0.0004230367485433817,0.3122006952762604,0.17459063231945038,0.0,4.0,56.0,27.0,0.027,5.98806727793999e-05,4.288736454327591e-05,0.02553006261587143,0.0009201051434502006,0.0006541528855450451,0.0023294398561120033,0.20185734331607819,1.3165100812911987,0.03040323406457901,0.02550680935382843,0.002209931379184127,3.0650064672954613e-06,0.0001788096851669252,3.7161290645599365,10.0,0.0,0.0,0.0,0.0,0.0,32.766,32.766,0.279,0.34900000000000003,2.84,2018.7559814453125,809.94140625,31.925195693969727,geofence_hard_land,True,
1783703851.9803777,2026-07-10T10:17:31,283593,20260710_101720,accel_decel_fast_a1.50_c0.00_x_h0.60,accel_decel_pulse,outbound,0,"{""accel_mps2"": 1.5, ""peak_speed_mps"": 1.0, ""cruise_s"": 0.0, ""axis"": ""x""}",landing,0.0,0.0,0.0,0.6,1.7881393432617188e-06,0.0,0.0,0.6,True,0.024032657966017723,0.007398396264761686,1.0002659559249878,-0.06710831075906754,-0.25846394896507263,-0.27894043922424316,0.0,-2.0,51.0,27.0,0.027,-0.000254728423897177,3.066282079089433e-05,0.025585947558283806,-0.0004424849757924676,0.0007640693802386522,0.002409890294075012,0.20468582212924957,1.328066349029541,0.030849475413560867,0.02550680935382843,0.002209931379184127,3.0650064672954613e-06,0.0001788096851669252,3.7161290645599365,10.0,0.0,0.0,0.0,0.0,0.0,32.766,32.766,0.279,0.34900000000000003,2.84,2018.7559814453125,809.94140625,31.925195693969727,geofence_hard_land,True,
1783703851.990612,2026-07-10T10:17:31,283603,20260710_101720,accel_decel_fast_a1.50_c0.00_x_h0.60,accel_decel_pulse,outbound,0,"{""accel_mps2"": 1.5, ""peak_speed_mps"": 1.0, ""cruise_s"": 0.0, ""axis"": ""x""}",landing,0.0,0.0,0.0,0.6,1.7881393432617188e-06,0.0,0.0,0.6,True,0.02287205122411251,0.005381572525948286,1.0023365020751953,-0.11501557379961014,-0.016728727146983147,0.3591621220111847,0.0,0.0,66.0,27.0,0.027,-0.000254728423897177,3.066282079089433e-05,0.025585947558283806,-0.0004424849757924676,0.0007640693802386522,0.002409890294075012,0.20468582212924957,1.328066349029541,0.030849475413560867,0.026263775303959846,0.005604988429695368,2.981512125188601e-06,0.000174637432792224,3.710850477218628,10.0,0.0,0.0,0.0,0.0,0.0,0.28,32.766,0.28400000000000003,0.34500000000000003,2.84,2018.7559814453125,809.94140625,31.925195693969727,geofence_hard_land,True,
1783703852.0008361,2026-07-10T10:17:32,283613,20260710_101720,accel_decel_fast_a1.50_c0.00_x_h0.60,accel_decel_pulse,outbound,0,"{""accel_mps2"": 1.5, ""peak_speed_mps"": 1.0, ""cruise_s"": 0.0, ""axis"": ""x""}",landing,0.0,0.0,0.0,0.6,1.7881393432617188e-06,0.0,0.0,0.6,True,0.02357468195259571,0.00548182288184762,1.0023775100708008,0.27110132575035095,-0.24937207996845245,0.04467777535319328,0.0,0.0,69.0,27.0,0.027,0.0003417249536141753,3.229859794373624e-05,0.026263775303959846,0.0025105515960603952,0.00114633038174361,0.0056677707470953465,0.20494775474071503,1.3050259351730347,0.030586255714297295,0.026263775303959846,0.005604988429695368,2.981512125188601e-06,0.000174637432792224,3.710850477218628,10.0,0.0,0.0,0.0,0.0,0.0,0.28,32.766,0.28400000000000003,0.34500000000000003,2.84,2018.7559814453125,809.94140625,31.925195693969727,geofence_hard_land,True,
1783703852.0110364,2026-07-10T10:17:32,283623,20260710_101720,accel_decel_fast_a1.50_c0.00_x_h0.60,accel_decel_pulse,outbound,0,"{""accel_mps2"": 1.5, ""peak_speed_mps"": 1.0, ""cruise_s"": 0.0, ""axis"": ""x""}",landing,0.0,0.0,0.0,0.6,1.7881393432617188e-06,0.0,0.0,0.6,True,0.025400185957551003,0.002233722945675254,0.9995650053024292,-0.02784145250916481,0.2705484926700592,-0.13869497179985046,0.0,-1.0,69.0,27.0,0.027,0.0003417249536141753,3.229859794373624e-05,0.026263775303959846,0.0025105515960603952,0.00114633038174361,0.0056677707470953465,0.20494775474071503,1.3050259351730347,0.030586255714297295,0.026263775303959846,0.005604988429695368,2.981512125188601e-06,0.000174637432792224,3.710850477218628,10.0,0.0,0.0,0.0,0.0,0.0,0.28,32.766,0.28400000000000003,0.34500000000000003,2.84,2018.7559814453125,809.94140625,31.925195693969727,geofence_hard_land,True,
1783703852.021233,2026-07-10T10:17:32,283633,20260710_101720,accel_decel_fast_a1.50_c0.00_x_h0.60,accel_decel_pulse,outbound,0,"{""accel_mps2"": 1.5, ""peak_speed_mps"": 1.0, ""cruise_s"": 0.0, ""axis"": ""x""}",landing,0.0,0.0,0.0,0.6,1.7881393432617188e-06,0.0,0.0,0.6,True,0.0246988907456398,0.00026952786720357835,0.9979304671287537,-0.19023799896240234,0.02631116844713688,-0.13613662123680115,0.0,0.0,66.0,27.0,0.027,0.000667646003421396,3.4067390515701845e-05,0.026382045820355415,0.003996702376753092,0.0013690381310880184,0.0061533404514193535,0.20600926876068115,1.2935141324996948,0.033257856965065,0.026263775303959846,0.005604988429695368,2.981512125188601e-06,0.000174637432792224,3.710850477218628,10.0,0.0,0.0,0.0,0.0,0.0,0.28,32.766,0.28400000000000003,0.34500000000000003,2.84,2018.7559814453125,809.94140625,31.925195693969727,geofence_hard_land,True,
1783703852.03142,2026-07-10T10:17:32,283643,20260710_101720,accel_decel_fast_a1.50_c0.00_x_h0.60,accel_decel_pulse,outbound,0,"{""accel_mps2"": 1.5, ""peak_speed_mps"": 1.0, ""cruise_s"": 0.0, ""axis"": ""x""}",landing,0.0,0.0,0.0,0.6,1.7881393432617188e-06,0.0,0.0,0.6,True,0.022688213735818863,0.003743295557796955,0.9984071254730225,0.11012954264879227,-0.17655928432941437,0.11668052524328232,0.0,0.0,63.0,26.0,0.026,0.000667646003421396,3.4067390515701845e-05,0.026382045820355415,0.003996702376753092,0.0013690381310880184,0.0061533404514193535,0.20600926876068115,1.2935141324996948,0.033257856965065,0.026263775303959846,0.005604988429695368,2.981512125188601e-06,0.000174637432792224,3.710850477218628,10.0,0.0,0.0,0.0,0.0,0.0,0.28,32.766,0.28400000000000003,0.34500000000000003,2.84,2018.7559814453125,809.94140625,31.925195693969727,geofence_hard_land,True,
1783703852.0416045,2026-07-10T10:17:32,283653,20260710_101720,accel_decel_fast_a1.50_c0.00_x_h0.60,accel_decel_pulse,outbound,0,"{""accel_mps2"": 1.5, ""peak_speed_mps"": 1.0, ""cruise_s"": 0.0, ""axis"": ""x""}",landing,0.0,0.0,0.0,0.6,1.7881393432617188e-06,0.0,0.0,0.6,True,0.022312141954898834,0.0033260316122323275,1.000313639640808,0.10885690897703171,0.4981047809123993,0.2802947759628296,0.0,0.0,68.0,26.0,0.026,0.0007568221772089601,5.842462633154355e-05,0.026318402960896492,0.004516925662755966,0.000950952002312988,0.00494489585980773,0.20486745238304138,1.2885199785232544,0.030867520719766617,0.026367340236902237,0.004735499154776335,3.06501101476897e-06,0.0001788140507414937,3.710850477218628,10.0,0.0,0.0,0.0,0.0,0.0,0.28,32.766,0.28400000000000003,0.34500000000000003,2.84,2018.870849609375,809.9313354492188,31.932058334350586,geofence_hard_land,True,
1783703852.051789,2026-07-10T10:17:32,283663,20260710_101720,accel_decel_fast_a1.50_c0.00_x_h0.60,accel_decel_pulse,outbound,0,"{""accel_mps2"": 1.5, ""peak_speed_mps"": 1.0, ""cruise_s"": 0.0, ""axis"": ""x""}",landing,0.0,0.0,0.0,0.6,1.7881393432617188e-06,0.0,0.0,0.6,True,0.022537173703312874,0.003455712692812085,0.9999899864196777,0.06452885270118713,-0.04695470631122589,0.12258272618055344,0.0,1.0,59.0,26.0,0.026,0.0007568221772089601,5.842462633154355e-05,0.026318402960896492,0.004516925662755966,0.000950952002312988,0.00494489585980773,0.20486745238304138,1.2885199785232544,0.030867520719766617,0.026367340236902237,0.004735499154776335,3.06501101476897e-06,0.0001788140507414937,3.710850477218628,10.0,0.0,0.0,0.0,0.0,0.0,0.28,32.766,0.28400000000000003,0.34500000000000003,2.84,2018.870849609375,809.9313354492188,31.932058334350586,geofence_hard_land,True,
1783703852.0619802,2026-07-10T10:17:32,283673,20260710_101720,accel_decel_fast_a1.50_c0.00_x_h0.60,accel_decel_pulse,outbound,0,"{""accel_mps2"": 1.5, ""peak_speed_mps"": 1.0, ""cruise_s"": 0.0, ""axis"": ""x""}",landing,0.0,0.0,0.0,0.6,1.7881393432617188e-06,0.0,0.0,0.6,True,0.02348322607576847,0.0034976720344275236,1.002036452293396,-0.06648203730583191,0.2621166408061981,0.15789218246936798,0.0,-1.0,76.0,26.0,0.026,0.00042038309038616717,6.565134390257299e-05,0.026417305693030357,0.0024952527601271868,0.0009228356648236513,0.004902142100036144,0.20647501945495605,1.299648404121399,0.03262120112776756,0.026367340236902237,0.004735499154776335,3.06501101476897e-06,0.0001788140507414937,3.710850477218628,10.0,0.0,0.0,0.0,0.0,0.0,0.28,32.766,0.28400000000000003,0.34500000000000003,2.84,2018.870849609375,809.9313354492188,31.932058334350586,geofence_hard_land,True,
1783703852.0722077,2026-07-10T10:17:32,283683,20260710_101720,accel_decel_fast_a1.50_c0.00_x_h0.60,accel_decel_pulse,outbound,0,"{""accel_mps2"": 1.5, ""peak_speed_mps"": 1.0, ""cruise_s"": 0.0, ""axis"": ""x""}",landing,0.0,0.0,0.0,0.6,1.7881393432617188e-06,0.0,0.0,0.6,True,0.02637256681919098,0.00021724114776588976,1.0015395879745483,0.05536961182951927,-0.11183592677116394,-0.015531295910477638,2.0,-3.0,59.0,26.0,0.026,0.00042038309038616717,6.565134390257299e-05,0.026417305693030357,0.0024952527601271868,0.0009228356648236513,0.004902142100036144,0.20647501945495605,1.299648404121399,0.03262120112776756,0.026367340236902237,0.004735499154776335,3.06501101476897e-06,0.0001788140507414937,3.710850477218628,10.0,0.0,0.0,0.0,0.0,0.0,0.28,32.766,0.28400000000000003,0.34500000000000003,2.84,2018.870849609375,809.9313354492188,31.932058334350586,geofence_hard_land,True,
1783703852.0824087,2026-07-10T10:17:32,283693,20260710_101720,accel_decel_fast_a1.50_c0.00_x_h0.60,accel_decel_pulse,outbound,0,"{""accel_mps2"": 1.5, ""peak_speed_mps"": 1.0, ""cruise_s"": 0.0, ""axis"": ""x""}",landing,0.0,0.0,0.0,0.6,1.7881393432617188e-06,0.0,0.0,0.6,True,0.02546091377735138,0.0005903264391236007,1.0014631748199463,0.07700701802968979,-0.05668206885457039,0.04300284758210182,0.0,0.0,57.0,23.0,0.023,0.001683159382082522,-0.0005950686172582209,0.026514889672398567,0.008481243625283241,-0.0024119247682392597,0.0051758550107479095,0.22959548234939575,1.2542283535003662,0.034096863120794296,0.026367340236902237,0.004735499154776335,3.06501101476897e-06,0.0001788140507414937,3.710850477218628,10.0,0.0,0.0,0.0,0.0,0.0,0.28,32.766,0.28400000000000003,0.34500000000000003,2.84,2018.870849609375,809.9313354492188,31.932058334350586,geofence_hard_land,True,
1783703852.0926416,2026-07-10T10:17:32,283703,20260710_101720,accel_decel_fast_a1.50_c0.00_x_h0.60,accel_decel_pulse,outbound,0,"{""accel_mps2"": 1.5, ""peak_speed_mps"": 1.0, ""cruise_s"": 0.0, ""axis"": ""x""}",landing,0.0,0.0,0.0,0.6,1.7881393432617188e-06,0.0,0.0,0.6,True,0.024549126625061035,0.002441583899781108,1.0011816024780273,0.2503851354122162,0.3162776529788971,-0.12322564423084259,-1.0,4.0,61.0,23.0,0.023,0.001683159382082522,-0.0005950686172582209,0.026514889672398567,0.008481243625283241,-0.0024119247682392597,0.0051758550107479095,0.22959548234939575,1.2542283535003662,0.034096863120794296,0.025012288242578506,-0.002674304647371173,2.981507350341417e-06,0.00017364101950079203,3.710850477218628,10.0,0.0,0.0,0.0,0.0,0.0,32.766,32.766,0.28,32.766,2.846,2018.870849609375,809.9313354492188,31.932058334350586,geofence_hard_land,True,
1783703852.1028285,2026-07-10T10:17:32,283713,20260710_101720,accel_decel_fast_a1.50_c0.00_x_h0.60,accel_decel_pulse,outbound,0,"{""accel_mps2"": 1.5, ""peak_speed_mps"": 1.0, ""cruise_s"": 0.0, ""axis"": ""x""}",landing,0.0,0.0,0.0,0.6,1.7881393432617188e-06,0.0,0.0,0.6,True,0.023873865604400635,0.004153586458414793,0.999245285987854,-0.12398997694253922,-0.1758885234594345,0.366251677274704,0.0,0.0,69.0,23.0,0.023,0.0004484845558181405,-0.00028603570535779,0.02502412535250187,0.002405877225100994,-0.0013065928360447288,-0.0024318743962794542,0.21683262288570404,1.3044586181640625,0.03441043943166733,0.025012288242578506,-0.002674304647371173,2.981507350341417e-06,0.00017364101950079203,3.710850477218628,10.0,0.0,0.0,0.0,0.0,0.0,32.766,32.766,0.28,32.766,2.846,2018.870849609375,809.9313354492188,31.932058334350586,geofence_hard_land,True,
1783703852.113009,2026-07-10T10:17:32,283723,20260710_101720,accel_decel_fast_a1.50_c0.00_x_h0.60,accel_decel_pulse,outbound,0,"{""accel_mps2"": 1.5, ""peak_speed_mps"": 1.0, ""cruise_s"": 0.0, ""axis"": ""x""}",landing,0.0,0.0,0.0,0.6,1.7881393432617188e-06,0.0,0.0,0.6,True,0.022552933543920517,0.00492105120792985,1.002113699913025,0.01138294767588377,0.39479807019233704,-0.08419067412614822,0.0,0.0,64.0,23.0,0.023,0.0004484845558181405,-0.00028603570535779,0.02502412535250187,0.002405877225100994,-0.0013065928360447288,-0.0024318743962794542,0.21683262288570404,1.3044586181640625,0.03441043943166733,0.025012288242578506,-0.002674304647371173,2.981507350341417e-06,0.00017364101950079203,3.710850477218628,10.0,0.0,0.0,0.0,0.0,0.0,32.766,32.766,0.28,32.766,2.846,2018.870849609375,809.9313354492188,31.932058334350586,geofence_hard_land,True,
1783703852.123212,2026-07-10T10:17:32,283733,20260710_101720,accel_decel_fast_a1.50_c0.00_x_h0.60,accel_decel_pulse,outbound,0,"{""accel_mps2"": 1.5, ""peak_speed_mps"": 1.0, ""cruise_s"": 0.0, ""axis"": ""x""}",landing,0.0,0.0,0.0,0.6,1.7881393432617188e-06,0.0,0.0,0.6,True,0.02203640528023243,0.0022501416970044374,1.0012954473495483,-0.11000767350196838,0.06074226275086403,0.11624341458082199,0.0,0.0,62.0,23.0,0.023,0.0004998844815418124,-0.00031367261544801295,0.024976955726742744,0.0026893625035881996,-0.001379268942400813,-0.0023418786004185677,0.21881423890590668,1.2991257905960083,0.03544527292251587,0.025012288242578506,-0.002674304647371173,2.981507350341417e-06,0.00017364101950079203,3.710850477218628,10.0,0.0,0.0,0.0,0.0,0.0,32.766,32.766,0.28,32.766,2.846,2018.870849609375,809.9313354492188,31.932058334350586,geofence_hard_land,True,
1783703852.133387,2026-07-10T10:17:32,283746,20260710_101720,accel_decel_fast_a1.50_c0.00_x_h0.60,accel_decel_pulse,outbound,0,"{""accel_mps2"": 1.5, ""peak_speed_mps"": 1.0, ""cruise_s"": 0.0, ""axis"": ""x""}",landing,0.0,0.0,0.0,0.6,1.7881393432617188e-06,0.0,0.0,0.6,True,0.02312503196299076,0.0029486645944416523,0.999132513999939,-0.3107425272464752,-0.2580169141292572,-0.12051000446081161,0.0,0.0,63.0,26.0,0.026,0.0005446638679131866,-0.0003430405049584806,0.025369390845298767,0.0025716302916407585,-0.0015215043677017093,0.00016006526129785925,0.21881423890590668,1.2991257905960083,0.03544527292251587,0.025012288242578506,-0.002674304647371173,2.981507350341417e-06,0.00017364101950079203,3.710850477218628,10.0,0.0,0.0,0.0,0.0,0.0,32.766,32.766,0.28,32.766,2.846,2018.870849609375,809.9313354492188,31.932058334350586,geofence_hard_land,True,
1783703852.143597,2026-07-10T10:17:32,283753,20260710_101720,accel_decel_fast_a1.50_c0.00_x_h0.60,accel_decel_pulse,outbound,0,"{""accel_mps2"": 1.5, ""peak_speed_mps"": 1.0, ""cruise_s"": 0.0, ""axis"": ""x""}",landing,0.0,0.0,0.0,0.6,1.7881393432617188e-06,0.0,0.0,0.6,True,0.025184884667396545,0.002664881059899926,1.0001275539398193,0.04370800405740738,-0.22500655055046082,0.10914306342601776,0.0,0.0,70.0,26.0,0.026,0.0005446638679131866,-0.0003430405049584806,0.025369390845298767,0.0025716302916407585,-0.0015215043677017093,0.00016006526129785925,0.21837764978408813,1.2933628559112549,0.0354432612657547,0.025370758026838303,5.9635880461428314e-05,3.0649891868961276e-06,0.000179816284799017,3.710850477218628,10.0,0.0,0.0,0.0,0.0,0.0,32.766,32.766,0.28,32.766,2.846,2018.701171875,809.9461059570312,31.939157485961914,geofence_hard_land,True,
1783703852.153767,2026-07-10T10:17:32,283766,20260710_101720,accel_decel_fast_a1.50_c0.00_x_h0.60,accel_decel_pulse,outbound,0,"{""accel_mps2"": 1.5, ""peak_speed_mps"": 1.0, ""cruise_s"": 0.0, ""axis"": ""x""}",landing,0.0,0.0,0.0,0.6,1.7881393432617188e-06,0.0,0.0,0.6,True,0.02469690516591072,0.0043601649813354015,1.0001115798950195,-0.19074414670467377,-0.11413022875785828,0.14562474191188812,0.0,0.0,60.0,26.0,0.026,0.0005985336028970778,-0.00037474336568266153,0.025372138246893883,0.002887540264055133,-0.0016657261876389384,0.00016279146075248718,0.21837764978408813,1.2933628559112549,0.0354432612657547,0.025370758026838303,5.9635880461428314e-05,3.0649891868961276e-06,0.000179816284799017,3.710850477218628,10.0,0.0,0.0,0.0,0.0,0.0,32.766,32.766,0.28,32.766,2.846,2018.701171875,809.9461059570312,31.939157485961914,geofence_hard_land,True,
1783703852.163953,2026-07-10T10:17:32,283773,20260710_101720,accel_decel_fast_a1.50_c0.00_x_h0.60,accel_decel_pulse,outbound,0,"{""accel_mps2"": 1.5, ""peak_speed_mps"": 1.0, ""cruise_s"": 0.0, ""axis"": ""x""}",landing,0.0,0.0,0.0,0.6,1.7881393432617188e-06,0.0,0.0,0.6,True,0.023628197610378265,0.0018836131785064936,0.9995452761650085,0.11373144388198853,-0.11725190281867981,-0.023278050124645233,0.0,0.0,69.0,26.0,0.026,0.0005985336028970778,-0.00037474336568266153,0.025372138246893883,0.002887540264055133,-0.0016657261876389384,0.00016279146075248718,0.21630091965198517,1.2924054861068726,0.03638989105820656,0.025370758026838303,5.9635880461428314e-05,3.0649891868961276e-06,0.000179816284799017,3.710850477218628,10.0,0.0,0.0,0.0,0.0,0.0,32.766,32.766,0.28,32.766,2.846,2018.701171875,809.9461059570312,31.939157485961914,geofence_hard_land,True,
1783703852.1741338,2026-07-10T10:17:32,283786,20260710_101720,accel_decel_fast_a1.50_c0.00_x_h0.60,accel_decel_pulse,outbound,0,"{""accel_mps2"": 1.5, ""peak_speed_mps"": 1.0, ""cruise_s"": 0.0, ""axis"": ""x""}",landing,0.0,0.0,0.0,0.6,1.7881393432617188e-06,0.0,0.0,0.6,True,0.02492738701403141,0.00044454121962189674,1.000606894493103,-0.09002687782049179,-0.07474245131015778,-0.05076785758137703,0.0,-1.0,58.0,26.0,0.026,0.0010182661935687065,-0.0003768443420995027,0.025375958532094955,0.004888749681413174,-0.001727410708554089,0.00022338295821100473,0.21630091965198517,1.2924054861068726,0.03638989105820656,0.025370758026838303,5.9635880461428314e-05,3.0649891868961276e-06,0.000179816284799017,3.710850477218628,10.0,0.0,0.0,0.0,0.0,0.0,32.766,32.766,0.28,32.766,2.846,2018.701171875,809.9461059570312,31.939157485961914,geofence_hard_land,True,
1783703852.1843581,2026-07-10T10:17:32,283793,20260710_101720,accel_decel_fast_a1.50_c0.00_x_h0.60,accel_decel_pulse,outbound,0,"{""accel_mps2"": 1.5, ""peak_speed_mps"": 1.0, ""cruise_s"": 0.0, ""axis"": ""x""}",landing,0.0,0.0,0.0,0.6,1.7881393432617188e-06,0.0,0.0,0.6,True,0.023252639919519424,0.002516391221433878,0.9991112351417542,0.1745912879705429,-0.17625688016414642,-0.025082889944314957,0.0,2.0,57.0,24.0,0.024,0.0010182661935687065,-0.0003768443420995027,0.025375958532094955,0.004888749681413174,-0.001727410708554089,0.00022338295821100473,0.2148284614086151,1.2801499366760254,0.03747457265853882,0.025370758026838303,5.9635880461428314e-05,3.0649891868961276e-06,0.000179816284799017,3.710850477218628,10.0,0.0,0.0,0.0,0.0,0.0,32.766,32.766,0.28,32.766,2.846,2018.701171875,809.9461059570312,31.939157485961914,geofence_hard_land,True,
1783703852.19457,2026-07-10T10:17:32,283807,20260710_101720,accel_decel_fast_a1.50_c0.00_x_h0.60,accel_decel_pulse,outbound,0,"{""accel_mps2"": 1.5, ""peak_speed_mps"": 1.0, ""cruise_s"": 0.0, ""axis"": ""x""}",landing,0.0,0.0,0.0,0.6,1.7881393432617188e-06,0.0,0.0,0.6,True,0.0240985918790102,0.0027660722844302654,0.9982642531394958,-0.013306990265846252,-0.027390582486987114,-0.10755790770053864,0.0,0.0,59.0,24.0,0.024,0.00014866224955767393,-0.00037098024040460587,0.024760525673627853,0.000857530627399683,-0.0019223077688366175,-0.002902732463553548,0.21284843981266022,1.3139153718948364,0.03730018064379692,0.024760525673627853,-0.0029144459404051304,2.981490979436785e-06,0.0001746492926031351,3.710850477218628,10.0,0.0,0.0,0.0,0.0,0.0,0.281,0.317,0.281,0.34400000000000003,2.851,2018.701171875,809.9461059570312,31.939157485961914,geofence_hard_land,True,
1783703852.2047439,2026-07-10T10:17:32,283813,20260710_101720,accel_decel_fast_a1.50_c0.00_x_h0.60,accel_decel_pulse,outbound,0,"{""accel_mps2"": 1.5, ""peak_speed_mps"": 1.0, ""cruise_s"": 0.0, ""axis"": ""x""}",landing,0.0,0.0,0.0,0.6,1.7881393432617188e-06,0.0,0.0,0.6,True,0.023271240293979645,0.0042033069767057896,0.9989516139030457,0.023734863847494125,-0.09325283765792847,0.15711788833141327,0.0,0.0,69.0,24.0,0.024,0.00014866224955767393,-0.00037098024040460587,0.024760525673627853,0.000857530627399683,-0.0019223077688366175,-0.002902732463553548,0.21284843981266022,1.3139153718948364,0.03730018064379692,0.024760525673627853,-0.0029144459404051304,2.981490979436785e-06,0.0001746492926031351,3.710850477218628,10.0,0.0,0.0,0.0,0.0,0.0,0.281,0.317,0.281,0.34400000000000003,2.851,2018.701171875,809.9461059570312,31.939157485961914,geofence_hard_land,True,
1783703852.214921,2026-07-10T10:17:32,283827,20260710_101720,accel_decel_fast_a1.50_c0.00_x_h0.60,accel_decel_pulse,outbound,0,"{""accel_mps2"": 1.5, ""peak_speed_mps"": 1.0, ""cruise_s"": 0.0, ""axis"": ""x""}",landing,0.0,0.0,0.0,0.6,1.7881393432617188e-06,0.0,0.0,0.6,True,0.023066353052854538,0.004091688431799412,0.9996489882469177,-0.04890579730272293,-0.10262233763933182,-0.0386863574385643,0.0,0.0,63.0,24.0,0.024,0.00016746766050346196,-0.0004106805718038231,0.024700822308659554,0.0009994712891057134,-0.001974591054022312,-0.0030595611315220594,0.21298031508922577,1.3144794702529907,0.03657419979572296,0.024760525673627853,-0.0029144459404051304,2.981490979436785e-06,0.0001746492926031351,3.710850477218628,10.0,0.0,0.0,0.0,0.0,0.0,0.281,0.317,0.281,0.34400000000000003,2.851,2018.701171875,809.9461059570312,31.939157485961914,geofence_hard_land,True,
1783703852.225172,2026-07-10T10:17:32,283833,20260710_101720,accel_decel_fast_a1.50_c0.00_x_h0.60,accel_decel_pulse,outbound,0,"{""accel_mps2"": 1.5, ""peak_speed_mps"": 1.0, ""cruise_s"": 0.0, ""axis"": ""x""}",landing,0.0,0.0,0.0,0.6,1.7881393432617188e-06,0.0,0.0,0.6,True,0.02505573071539402,0.004235619213432074,0.9991405606269836,0.04697311297059059,0.006814331281930208,-0.22017492353916168,0.0,-1.0,63.0,24.0,0.024,0.00016746766050346196,-0.0004106805718038231,0.024700822308659554,0.0009994712891057134,-0.001974591054022312,-0.0030595611315220594,0.21298031508922577,1.3144794702529907,0.03657419979572296,0.024760525673627853,-0.0029144459404051304,2.981490979436785e-06,0.0001746492926031351,3.710850477218628,10.0,0.0,0.0,0.0,0.0,0.0,0.281,0.317,0.281,0.34400000000000003,2.851,2018.701171875,809.9461059570312,31.939157485961914,geofence_hard_land,True,
1783703852.2354033,2026-07-10T10:17:32,283848,20260710_101720,accel_decel_fast_a1.50_c0.00_x_h0.60,accel_decel_pulse,outbound,0,"{""accel_mps2"": 1.5, ""peak_speed_mps"": 1.0, ""cruise_s"": 0.0, ""axis"": ""x""}",landing,0.0,0.0,0.0,0.6,1.7881393432617188e-06,0.0,0.0,0.6,True,0.023811886087059975,0.0013170631136745214,0.9983041882514954,0.20108090341091156,0.16940133273601532,0.04940420389175415,0.0,-2.0,66.0,26.0,0.026,0.001394458464346826,-0.000375798816094175,0.025192951783537865,0.006603208836168051,-0.0015969827072694898,-0.00038077234057709575,0.2109297215938568,1.272058129310608,0.034636516124010086,0.02518872357904911,-0.0006075686542317271,3.0649928248749347e-06,0.0001788218505680561,3.710850477218628,10.0,0.0,0.0,0.0,0.0,0.0,0.281,0.317,0.281,0.34400000000000003,2.851,2018.701171875,809.9461059570312,31.939157485961914,geofence_hard_land,True,
1783703852.2456186,2026-07-10T10:17:32,283853,20260710_101720,accel_decel_fast_a1.50_c0.00_x_h0.60,accel_decel_pulse,outbound,0,"{""accel_mps2"": 1.5, ""peak_speed_mps"": 1.0, ""cruise_s"": 0.0, ""axis"": ""x""}",landing,0.0,0.0,0.0,0.6,1.7881393432617188e-06,0.0,0.0,0.6,True,0.02387222833931446,0.004143835976719856,1.000128149986267,0.27039507031440735,0.042042773216962814,-0.22399115562438965,0.0,0.0,69.0,26.0,0.026,0.001394458464346826,-0.000375798816094175,0.025192951783537865,0.006603208836168051,-0.0015969827072694898,-0.00038077234057709575,0.2109297215938568,1.272058129310608,0.034636516124010086,0.02518872357904911,-0.0006075686542317271,3.0649928248749347e-06,0.0001788218505680561,3.7161290645599365,10.0,0.0,0.0,0.0,0.0,0.0,0.281,0.317,0.281,0.34400000000000003,2.851,2018.701171875,809.9459838867188,31.942049026489258,geofence_hard_land,True,
1783703852.25582,2026-07-10T10:17:32,283867,20260710_101720,accel_decel_fast_a1.50_c0.00_x_h0.60,accel_decel_pulse,outbound,0,"{""accel_mps2"": 1.5, ""peak_speed_mps"": 1.0, ""cruise_s"": 0.0, ""axis"": ""x""}",landing,0.0,0.0,0.0,0.6,1.7881393432617188e-06,0.0,0.0,0.6,True,0.024447783827781677,0.00429466413334012,0.9985123872756958,0.02982308529317379,0.3471516966819763,0.10483337938785553,0.0,1.0,60.0,26.0,0.026,0.0009814538061618805,-0.00037458978476934135,0.025186236947774887,0.004494567401707172,-0.0015642223879694939,-0.0004708112683147192,0.2123948633670807,1.286049246788025,0.03325613588094711,0.02518872357904911,-0.0006075686542317271,3.0649928248749347e-06,0.0001788218505680561,3.7161290645599365,10.0,0.0,0.0,0.0,0.0,0.0,0.281,0.317,0.281,0.34400000000000003,2.851,2018.701171875,809.9459838867188,31.942049026489258,geofence_hard_land,True,
1783703852.266042,2026-07-10T10:17:32,283873,20260710_101720,accel_decel_fast_a1.50_c0.00_x_h0.60,accel_decel_pulse,outbound,0,"{""accel_mps2"": 1.5, ""peak_speed_mps"": 1.0, ""cruise_s"": 0.0, ""axis"": ""x""}",landing,0.0,0.0,0.0,0.6,1.7881393432617188e-06,0.0,0.0,0.6,True,0.02516254223883152,0.002696242416277528,0.999907374382019,-0.08919204771518707,-0.21622176468372345,0.05230225250124931,0.0,-3.0,69.0,26.0,0.026,0.0009814538061618805,-0.00037458978476934135,0.025186236947774887,0.004494567401707172,-0.0015642223879694939,-0.0004708112683147192,0.2123948633670807,1.286049246788025,0.03325613588094711,0.02518872357904911,-0.0006075686542317271,3.0649928248749347e-06,0.0001788218505680561,3.7161290645599365,10.0,0.0,0.0,0.0,0.0,0.0,0.281,0.317,0.281,0.34400000000000003,2.851,2018.701171875,809.9459838867188,31.942049026489258,geofence_hard_land,True,
1783703852.2762814,2026-07-10T10:17:32,283887,20260710_101720,accel_decel_fast_a1.50_c0.00_x_h0.60,accel_decel_pulse,outbound,0,"{""accel_mps2"": 1.5, ""peak_speed_mps"": 1.0, ""cruise_s"": 0.0, ""axis"": ""x""}",landing,0.0,0.0,0.0,0.6,1.7881393432617188e-06,0.0,0.0,0.6,True,0.02667468972504139,0.0026227713096886873,0.9968298673629761,-0.06944404542446136,-0.24972188472747803,-0.2796204686164856,-1.0,3.0,58.0,26.0,0.026,0.0008971479255706072,4.104982508579269e-05,0.02518533542752266,0.004091101698577404,0.000323371757986024,-0.0005288523389026523,0.19724884629249573,1.2886732816696167,0.034626755863428116,0.02518872357904911,-0.0006075686542317271,3.0649928248749347e-06,0.0001788218505680561,3.7161290645599365,10.0,0.0,0.0,0.0,0.0,0.0,0.281,0.317,0.281,0.34400000000000003,2.851,2018.701171875,809.9459838867188,31.942049026489258,geofence_hard_land,True,
1783703852.2864673,2026-07-10T10:17:32,283899,20260710_101720,accel_decel_fast_a1.50_c0.00_x_h0.60,accel_decel_pulse,outbound,0,"{""accel_mps2"": 1.5, ""peak_speed_mps"": 1.0, ""cruise_s"": 0.0, ""axis"": ""x""}",landing,0.0,0.0,0.0,0.6,1.7881393432617188e-06,0.0,0.0,0.6,True,0.02573549374938011,0.004457610193639994,0.9971675872802734,0.029139366000890732,-0.42970284819602966,-0.159629225730896,0.0,0.0,57.0,27.0,0.027,0.0008971479255706072,4.104982508579269e-05,0.02518533542752266,0.004091101698577404,0.000323371757986024,-0.0005288523389026523,0.19724884629249573,1.2886732816696167,0.034626755863428116,0.02599172107875347,0.002999325981363654,2.9814957542839693e-06,0.00017364355153404176,3.710850477218628,10.0,0.0,0.0,0.0,0.0,0.0,0.281,0.317,0.281,0.34400000000000003,2.851,2018.701171875,809.9459838867188,31.942049026489258,geofence_hard_land,True,
1783703852.2966456,2026-07-10T10:17:32,283907,20260710_101720,accel_decel_fast_a1.50_c0.00_x_h0.60,accel_decel_pulse,outbound,0,"{""accel_mps2"": 1.5, ""peak_speed_mps"": 1.0, ""cruise_s"": 0.0, ""axis"": ""x""}",landing,0.0,0.0,0.0,0.6,1.7881393432617188e-06,0.0,0.0,0.6,True,0.022057756781578064,0.003786162007600069,0.9993469715118408,-0.03738786652684212,0.3348686993122101,-0.05464338883757591,0.0,0.0,65.0,27.0,0.027,0.000972930109128356,4.289556454750709e-05,0.02599172107875347,0.0047230226919054985,0.00033726796391420066,0.003107481636106968,0.1972336620092392,1.2884618043899536,0.0334019809961319,0.02599172107875347,0.002999325981363654,2.9814957542839693e-06,0.00017364355153404176,3.710850477218628,10.0,0.0,0.0,0.0,0.0,0.0,32.766,32.766,0.28,32.766,2.841,2018.701171875,809.9459838867188,31.942049026489258,geofence_hard_land,True,
1783703852.3068395,2026-07-10T10:17:32,283913,20260710_101720,accel_decel_fast_a1.50_c0.00_x_h0.60,accel_decel_pulse,outbound,0,"{""accel_mps2"": 1.5, ""peak_speed_mps"": 1.0, ""cruise_s"": 0.0, ""axis"": ""x""}",landing,0.0,0.0,0.0,0.6,1.7881393432617188e-06,0.0,0.0,0.6,True,0.02315749041736126,0.0042394003830850124,0.9990890026092529,0.12293507903814316,0.059242136776447296,0.005128259304910898,0.0,0.0,72.0,27.0,0.027,0.000972930109128356,4.289556454750709e-05,0.02599172107875347,0.0047230226919054985,0.00033726796391420066,0.003107481636106968,0.1972336620092392,1.2884618043899536,0.0334019809961319,0.02599172107875347,0.002999325981363654,2.9814957542839693e-06,0.00017364355153404176,3.710850477218628,10.0,0.0,0.0,0.0,0.0,0.0,32.766,32.766,0.28,32.766,2.841,2018.701171875,809.9459838867188,31.942049026489258,geofence_hard_land,True,
1783703852.3170147,2026-07-10T10:17:32,283927,20260710_101720,accel_decel_fast_a1.50_c0.00_x_h0.60,accel_decel_pulse,outbound,0,"{""accel_mps2"": 1.5, ""peak_speed_mps"": 1.0, ""cruise_s"": 0.0, ""axis"": ""x""}",landing,0.0,0.0,0.0,0.6,1.7881393432617188e-06,0.0,0.0,0.6,True,0.02265077829360962,0.004598315339535475,0.9998727440834045,0.21497243642807007,-0.052813876420259476,0.08945155888795853,0.0,1.0,63.0,27.0,0.027,0.0005464678979478776,4.048069240525365e-05,0.026053594425320625,0.002484305528923869,0.0003935159766115248,0.0029987115412950516,0.19759157299995422,1.3004436492919922,0.03188323974609375,0.02599172107875347,0.002999325981363654,2.9814957542839693e-06,0.00017364355153404176,3.710850477218628,10.0,0.0,0.0,0.0,0.0,0.0,32.766,32.766,0.28,32.766,2.841,2018.701171875,809.9459838867188,31.942049026489258,geofence_hard_land,True,
1783703852.3272343,2026-07-10T10:17:32,283941,20260710_101720,accel_decel_fast_a1.50_c0.00_x_h0.60,accel_decel_pulse,outbound,0,"{""accel_mps2"": 1.5, ""peak_speed_mps"": 1.0, ""cruise_s"": 0.0, ""axis"": ""x""}",landing,0.0,0.0,0.0,0.6,1.7881393432617188e-06,0.0,0.0,0.6,True,0.024152960628271103,0.0020134341903030872,0.9988324046134949,-0.173135906457901,-0.16926118731498718,0.19383950531482697,0.0,-1.0,72.0,27.0,0.027,0.0005464678979478776,4.048069240525365e-05,0.026053594425320625,0.002484305528923869,0.0003935159766115248,0.0029987115412950516,0.19759157299995422,1.3004436492919922,0.03188323974609375,0.02599172107875347,0.002999325981363654,2.9814957542839693e-06,0.00017364355153404176,3.710850477218628,10.0,0.0,0.0,0.0,0.0,0.0,32.766,32.766,0.28,32.766,2.841,2018.701171875,809.9459838867188,31.942049026489258,geofence_hard_land,True,
1783703852.3374195,2026-07-10T10:17:32,283950,20260710_101720,accel_decel_fast_a1.50_c0.00_x_h0.60,accel_decel_pulse,outbound,0,"{""accel_mps2"": 1.5, ""peak_speed_mps"": 1.0, ""cruise_s"": 0.0, ""axis"": ""x""}",landing,0.0,0.0,0.0,0.6,1.7881393432617188e-06,0.0,0.0,0.6,True,0.024152960628271103,0.0020134341903030872,0.9988324046134949,-0.173135906457901,-0.16926118731498718,0.19383950531482697,0.0,0.0,62.0,25.0,0.025,0.0009662343072704971,4.401343903737143e-05,0.02566435933113098,0.0041000377386808395,0.0006422876031138003,0.0009976112050935626,0.19795913994312286,1.2890183925628662,0.03083014115691185,0.025673843920230865,0.000801979738753289,3.0649987365904963e-06,0.00017881575331557542,3.7161290645599365,10.0,0.0,0.0,0.0,0.0,0.0,32.766,32.766,0.28,32.766,2.841,2018.701171875,809.9459838867188,31.942049026489258,geofence_hard_land,True,
1783703852.347626,2026-07-10T10:17:32,283961,20260710_101720,accel_decel_fast_a1.50_c0.00_x_h0.60,accel_decel_pulse,outbound,0,"{""accel_mps2"": 1.5, ""peak_speed_mps"": 1.0, ""cruise_s"": 0.0, ""axis"": ""x""}",landing,0.0,0.0,0.0,0.6,1.7881393432617188e-06,0.0,0.0,0.6,True,0.023794280365109444,0.004686408676207066,1.0005080699920654,0.3280714452266693,0.44411781430244446,-0.14126180112361908,0.0,0.0,66.0,25.0,0.025,0.0009662343072704971,4.401343903737143e-05,0.02566435933113098,0.0041000377386808395,0.0006422876031138003,0.0009976112050935626,0.19795913994312286,1.2890183925628662,0.03083014115691185,0.025673843920230865,0.000801979738753289,3.0649987365904963e-06,0.00017881575331557542,3.7161290645599365,10.0,0.0,0.0,0.0,0.0,0.0,32.766,32.766,0.28,32.766,2.841,2018.7230224609375,809.9442138671875,31.946807861328125,geofence_hard_land,True,
1783703852.3578277,2026-07-10T10:17:32,283971,20260710_101720,accel_decel_fast_a1.50_c0.00_x_h0.60,accel_decel_pulse,outbound,0,"{""accel_mps2"": 1.5, ""peak_speed_mps"": 1.0, ""cruise_s"": 0.0, ""axis"": ""x""}",landing,0.0,0.0,0.0,0.6,1.7881393432617188e-06,0.0,0.0,0.6,True,0.02440466172993183,0.003093765350058675,1.0008691549301147,-0.007918812334537506,-0.377780556678772,-0.05717936158180237,0.0,0.0,62.0,25.0,0.025,0.0010510901920497417,5.4220829042606056e-05,0.02568192221224308,0.004359166603535414,0.0004269607306923717,0.0007163929403759539,0.19827799499034882,1.2891372442245483,0.030879966914653778,0.025673843920230865,0.000801979738753289,3.0649987365904963e-06,0.00017881575331557542,3.7161290645599365,10.0,0.0,0.0,0.0,0.0,0.0,32.766,32.766,0.28,32.766,2.841,2018.7230224609375,809.9442138671875,31.946807861328125,geofence_hard_land,True,
1783703852.3680115,2026-07-10T10:17:32,283981,20260710_101720,accel_decel_fast_a1.50_c0.00_x_h0.60,accel_decel_pulse,outbound,0,"{""accel_mps2"": 1.5, ""peak_speed_mps"": 1.0, ""cruise_s"": 0.0, ""axis"": ""x""}",landing,0.0,0.0,0.0,0.6,1.7881393432617188e-06,0.0,0.0,0.6,True,0.02449953183531761,0.005592391826212406,1.0009682178497314,0.04511696845293045,-0.18568405508995056,0.13217060267925262,0.0,0.0,71.0,25.0,0.025,0.0010510901920497417,5.4220829042606056e-05,0.02568192221224308,0.004359166603535414,0.0004269607306923717,0.0007163929403759539,0.19827799499034882,1.2891372442245483,0.030879966914653778,0.025673843920230865,0.000801979738753289,3.0649987365904963e-06,0.00017881575331557542,3.7161290645599365,10.0,0.0,0.0,0.0,0.0,0.0,32.766,32.766,0.28,32.766,2.841,2018.7230224609375,809.9442138671875,31.946807861328125,geofence_hard_land,True,
1783703852.3782418,2026-07-10T10:17:32,283991,20260710_101720,accel_decel_fast_a1.50_c0.00_x_h0.60,accel_decel_pulse,outbound,0,"{""accel_mps2"": 1.5, ""peak_speed_mps"": 1.0, ""cruise_s"": 0.0, ""axis"": ""x""}",landing,0.0,0.0,0.0,0.6,1.7881393432617188e-06,0.0,0.0,0.6,True,0.02394486963748932,0.0034935385920107365,1.000339150428772,0.013208775781095028,0.016188232228159904,-0.12571117281913757,0.0,1.0,54.0,25.0,0.025,0.0005814891192130744,4.274523234926164e-05,0.025699343532323837,0.0022887056693434715,0.00042807881254702806,0.0009405544260516763,0.20234324038028717,1.3052961826324463,0.030538303777575493,0.025673843920230865,0.000801979738753289,3.0649987365904963e-06,0.00017881575331557542,3.7161290645599365,10.0,0.0,0.0,0.0,0.0,0.0,32.766,32.766,0.28,32.766,2.841,2018.7230224609375,809.9442138671875,31.946807861328125,geofence_hard_land,True,
1783703852.388419,2026-07-10T10:17:32,284000,20260710_101720,accel_decel_fast_a1.50_c0.00_x_h0.60,accel_decel_pulse,outbound,0,"{""accel_mps2"": 1.5, ""peak_speed_mps"": 1.0, ""cruise_s"": 0.0, ""axis"": ""x""}",landing,0.0,0.0,0.0,0.6,1.7881393432617188e-06,0.0,0.0,0.6,True,0.02394486963748932,0.0034935385920107365,1.000339150428772,0.013208775781095028,0.016188232228159904,-0.12571117281913757,0.0,0.0,57.0,27.0,0.027,0.0005814891192130744,4.274523234926164e-05,0.025699343532323837,0.0022887056693434715,0.00042807881254702806,0.0009405544260516763,0.20234324038028717,1.3052961826324463,0.030538303777575493,0.026301845908164978,0.003872429020702839,2.981518719025189e-06,0.00017365594976581633,3.7161290645599365,10.0,0.0,0.0,0.0,0.0,0.0,0.28,32.766,0.28400000000000003,32.766,32.766,2018.7230224609375,809.9442138671875,31.946807861328125,geofence_hard_land,True,
1783703852.3985958,2026-07-10T10:17:32,284011,20260710_101720,accel_decel_fast_a1.50_c0.00_x_h0.60,accel_decel_pulse,outbound,0,"{""accel_mps2"": 1.5, ""peak_speed_mps"": 1.0, ""cruise_s"": 0.0, ""axis"": ""x""}",landing,0.0,0.0,0.0,0.6,1.7881393432617188e-06,0.0,0.0,0.6,True,0.02379002794623375,0.00034672714537009597,0.9990676641464233,0.040584735572338104,-0.02579084411263466,-0.2120191901922226,0.0,0.0,59.0,27.0,0.027,0.0006199936615303159,5.135647370480001e-05,0.026301845908164978,0.002479756949469447,0.000598353857640177,0.00393203878775239,0.20376324653625488,1.3042632341384888,0.03034002147614956,0.026301845908164978,0.003872429020702839,2.981518719025189e-06,0.00017365594976581633,3.7161290645599365,10.0,0.0,0.0,0.0,0.0,0.0,0.28,32.766,0.28400000000000003,32.766,32.766,2018.7230224609375,809.9442138671875,31.946807861328125,geofence_hard_land,True,
1783703852.408775,2026-07-10T10:17:32,284021,20260710_101720,accel_decel_fast_a1.50_c0.00_x_h0.60,accel_decel_pulse,outbound,0,"{""accel_mps2"": 1.5, ""peak_speed_mps"": 1.0, ""cruise_s"": 0.0, ""axis"": ""x""}",landing,0.0,0.0,0.0,0.6,1.7881393432617188e-06,0.0,0.0,0.6,True,0.0241556316614151,0.0018446460599079728,0.9986715316772461,-0.06968579441308975,-0.22422875463962555,-0.014589192345738411,2.0,-3.0,68.0,27.0,0.027,0.0006199936615303159,5.135647370480001e-05,0.026301845908164978,0.002479756949469447,0.000598353857640177,0.00393203878775239,0.20376324653625488,1.3042632341384888,0.03034002147614956,0.026301845908164978,0.003872429020702839,2.981518719025189e-06,0.00017365594976581633,3.7161290645599365,10.0,0.0,0.0,0.0,0.0,0.0,0.28,32.766,0.28400000000000003,32.766,32.766,2018.7230224609375,809.9442138671875,31.946807861328125,geofence_hard_land,True,
1783703852.4189477,2026-07-10T10:17:32,284031,20260710_101720,accel_decel_fast_a1.50_c0.00_x_h0.60,accel_decel_pulse,outbound,0,"{""accel_mps2"": 1.5, ""peak_speed_mps"": 1.0, ""cruise_s"": 0.0, ""axis"": ""x""}",landing,0.0,0.0,0.0,0.6,1.7881393432617188e-06,0.0,0.0,0.6,True,0.021844103932380676,0.0028738996479660273,0.999322772026062,0.23892821371555328,-0.2213321030139923,-0.004302256274968386,-1.0,3.0,55.0,27.0,0.027,0.0005462106200866401,-0.0003982703201472759,0.026389027014374733,0.0019833347760140896,-0.0015081169549375772,0.0038227916229516268,0.2159709632396698,1.3093453645706177,0.02865060791373253,0.026301845908164978,0.003872429020702839,2.981518719025189e-06,0.00017365594976581633,3.7161290645599365,10.0,0.0,0.0,0.0,0.0,0.0,0.28,32.766,0.28400000000000003,32.766,32.766,2018.7230224609375,809.9442138671875,31.946807861328125,geofence_hard_land,True,
1783703852.429162,2026-07-10T10:17:32,284041,20260710_101720,accel_decel_fast_a1.50_c0.00_x_h0.60,accel_decel_pulse,outbound,0,"{""accel_mps2"": 1.5, ""peak_speed_mps"": 1.0, ""cruise_s"": 0.0, ""axis"": ""x""}",landing,0.0,0.0,0.0,0.6,1.7881393432617188e-06,0.0,0.0,0.6,True,0.022180458530783653,0.004095442593097687,1.0005650520324707,0.13107572495937347,-0.1804976910352707,0.08736665546894073,0.0,-4.0,71.0,27.0,0.027,0.0005462106200866401,-0.0003982703201472759,0.026389027014374733,0.0019833347760140896,-0.0015081169549375772,0.0038227916229516268,0.2159709632396698,1.3093453645706177,0.02865060791373253,0.026301845908164978,0.003872429020702839,2.981518719025189e-06,0.00017365594976581633,3.7161290645599365,10.0,0.0,0.0,0.0,0.0,0.0,0.28,32.766,0.28400000000000003,32.766,32.766,2018.7230224609375,809.9442138671875,31.946807861328125,geofence_hard_land,True,
1783703852.4393797,2026-07-10T10:17:32,284052,20260710_101720,accel_decel_fast_a1.50_c0.00_x_h0.60,accel_decel_pulse,outbound,0,"{""accel_mps2"": 1.5, ""peak_speed_mps"": 1.0, ""cruise_s"": 0.0, ""axis"": ""x""}",landing,0.0,0.0,0.0,0.6,1.7881393432617188e-06,0.0,0.0,0.6,True,0.023638689890503883,0.0035134826321154833,1.0015143156051636,-0.1976904422044754,0.0466175377368927,0.03631557151675224,0.0,4.0,67.0,25.0,0.025,0.0005154769169166684,-0.00036537120467983186,0.025879420340061188,0.001481458661146462,-0.0015193251892924309,0.000784271745942533,0.21620909869670868,1.3138480186462402,0.02844138629734516,0.025887789204716682,0.0008626324706710875,3.0649778182123555e-06,0.00017880965606309474,3.710850477218628,10.0,0.0,0.0,0.0,0.0,0.0,0.28,32.766,0.28400000000000003,32.766,32.766,2018.83251953125,809.9347534179688,31.94925880432129,geofence_hard_land,True,
1783703852.4495525,2026-07-10T10:17:32,284061,20260710_101720,accel_decel_fast_a1.50_c0.00_x_h0.60,accel_decel_pulse,outbound,0,"{""accel_mps2"": 1.5, ""peak_speed_mps"": 1.0, ""cruise_s"": 0.0, ""axis"": ""x""}",landing,0.0,0.0,0.0,0.6,1.7881393432617188e-06,0.0,0.0,0.6,True,0.024058524519205093,0.0031007027719169855,0.9999263882637024,-0.023136204108595848,0.16855938732624054,0.18224605917930603,0.0,-1.0,66.0,25.0,0.025,0.0005154769169166684,-0.00036537120467983186,0.025879420340061188,0.001481458661146462,-0.0015193251892924309,0.000784271745942533,0.21620909869670868,1.3138480186462402,0.02844138629734516,0.025887789204716682,0.0008626324706710875,3.0649778182123555e-06,0.00017880965606309474,3.710850477218628,10.0,0.0,0.0,0.0,0.0,0.0,0.28,32.766,0.28400000000000003,32.766,32.766,2018.83251953125,809.9347534179688,31.94925880432129,geofence_hard_land,True,
1783703852.4597237,2026-07-10T10:17:32,284071,20260710_101720,accel_decel_fast_a1.50_c0.00_x_h0.60,accel_decel_pulse,outbound,0,"{""accel_mps2"": 1.5, ""peak_speed_mps"": 1.0, ""cruise_s"": 0.0, ""axis"": ""x""}",landing,0.0,0.0,0.0,0.6,1.7881393432617188e-06,0.0,0.0,0.6,True,0.024040279909968376,0.0012385905720293522,0.9986506104469299,-0.038199786096811295,0.14251680672168732,0.18959832191467285,0.0,0.0,56.0,25.0,0.025,0.0009182593785226345,-0.000360514794010669,0.025898141786456108,0.0030435482040047646,-0.0014103030553087592,0.0010458239121362567,0.2133418172597885,1.3005132675170898,0.02748027630150318,0.025887789204716682,0.0008626324706710875,3.0649778182123555e-06,0.00017880965606309474,3.710850477218628,10.0,0.0,0.0,0.0,0.0,0.0,0.28,32.766,0.28400000000000003,32.766,32.766,2018.83251953125,809.9347534179688,31.94925880432129,geofence_hard_land,True,
1783703852.4698925,2026-07-10T10:17:32,284081,20260710_101720,accel_decel_fast_a1.50_c0.00_x_h0.60,accel_decel_pulse,outbound,0,"{""accel_mps2"": 1.5, ""peak_speed_mps"": 1.0, ""cruise_s"": 0.0, ""axis"": ""x""}",landing,0.0,0.0,0.0,0.6,1.7881393432617188e-06,0.0,0.0,0.6,True,0.023130100220441818,0.003109903307631612,0.9988848567008972,0.2572164237499237,-0.12988904118537903,-0.1329694539308548,0.0,0.0,70.0,25.0,0.025,0.0009182593785226345,-0.000360514794010669,0.025898141786456108,0.0030435482040047646,-0.0014103030553087592,0.0010458239121362567,0.2133418172597885,1.3005132675170898,0.02748027630150318,0.025887789204716682,0.0008626324706710875,3.0649778182123555e-06,0.00017880965606309474,3.710850477218628,10.0,0.0,0.0,0.0,0.0,0.0,0.28,32.766,0.28400000000000003,32.766,32.766,2018.83251953125,809.9347534179688,31.94925880432129,geofence_hard_land,True,
1783703852.480062,2026-07-10T10:17:32,284091,20260710_101720,accel_decel_fast_a1.50_c0.00_x_h0.60,accel_decel_pulse,outbound,0,"{""accel_mps2"": 1.5, ""peak_speed_mps"": 1.0, ""cruise_s"": 0.0, ""axis"": ""x""}",landing,0.0,0.0,0.0,0.6,1.7881393432617188e-06,0.0,0.0,0.6,True,0.024053897708654404,0.004343079403042793,0.9976863265037537,0.012468447908759117,-0.033232223242521286,0.14834736287593842,0.0,2.0,52.0,25.0,0.025,0.00010731005750130862,-0.0003654332831501961,0.025919191539287567,-0.0003854055830743164,-0.0016067525139078498,0.0009816105011850595,0.21152834594249725,1.3228950500488281,0.028988031670451164,0.025887789204716682,0.0008626324706710875,3.0649778182123555e-06,0.00017880965606309474,3.710850477218628,10.0,0.0,0.0,0.0,0.0,0.0,0.28,32.766,0.28400000000000003,32.766,32.766,2018.83251953125,809.9347534179688,31.94925880432129,geofence_hard_land,True,
1783703852.4902523,2026-07-10T10:17:32,284103,20260710_101720,accel_decel_fast_a1.50_c0.00_x_h0.60,accel_decel_pulse,outbound,0,"{""accel_mps2"": 1.5, ""peak_speed_mps"": 1.0, ""cruise_s"": 0.0, ""axis"": ""x""}",landing,0.0,0.0,0.0,0.6,1.7881393432617188e-06,0.0,0.0,0.6,True,0.02448165975511074,0.004380573518574238,0.9990088939666748,-0.1519114226102829,-0.1185094490647316,0.15051200985908508,0.0,-3.0,66.0,24.0,0.024,0.00010731005750130862,-0.0003654332831501961,0.025919191539287567,-0.0003854055830743164,-0.0016067525139078498,0.0009816105011850595,0.21152834594249725,1.3228950500488281,0.028988031670451164,0.025066029280424118,-0.0036450675688683987,2.98148574984225e-06,0.00017364768427796662,3.7161290645599365,10.0,0.0,0.0,0.0,0.0,0.0,32.766,32.766,0.28,0.339,2.851,2018.83251953125,809.9347534179688,31.94925880432129,geofence_hard_land,True,
1783703852.5004315,2026-07-10T10:17:32,284113,20260710_101720,accel_decel_fast_a1.50_c0.00_x_h0.60,accel_decel_pulse,outbound,0,"{""accel_mps2"": 1.5, ""peak_speed_mps"": 1.0, ""cruise_s"": 0.0, ""axis"": ""x""}",landing,0.0,0.0,0.0,0.6,1.7881393432617188e-06,0.0,0.0,0.6,True,0.02173706144094467,0.003371835919097066,1.0004558563232422,-0.012892410159111023,0.22416137158870697,-0.15994760394096375,0.0,1.0,69.0,24.0,0.024,0.0013160704402253032,-0.0003551000845618546,0.025069208815693855,0.00482697319239378,-0.00139316834975034,-0.0036299864295870066,0.2125614881515503,1.2839936017990112,0.029270313680171967,0.025066029280424118,-0.0036450675688683987,2.98148574984225e-06,0.00017364768427796662,3.7161290645599365,10.0,0.0,0.0,0.0,0.0,0.0,32.766,32.766,0.28,0.339,2.851,2018.83251953125,809.9347534179688,31.94925880432129,geofence_hard_land,True,
1783703852.5106099,2026-07-10T10:17:32,284123,20260710_101720,accel_decel_fast_a1.50_c0.00_x_h0.60,accel_decel_pulse,outbound,0,"{""accel_mps2"": 1.5, ""peak_speed_mps"": 1.0, ""cruise_s"": 0.0, ""axis"": ""x""}",landing,0.0,0.0,0.0,0.6,1.7881393432617188e-06,0.0,0.0,0.6,True,0.021177394315600395,0.0048880972899496555,1.0000046491622925,-0.016247369349002838,0.17970789968967438,0.11751066148281097,0.0,0.0,58.0,24.0,0.024,0.0013160704402253032,-0.0003551000845618546,0.025069208815693855,0.00482697319239378,-0.00139316834975034,-0.0036299864295870066,0.2125614881515503,1.2839936017990112,0.029270313680171967,0.025066029280424118,-0.0036450675688683987,2.98148574984225e-06,0.00017364768427796662,3.7161290645599365,10.0,0.0,0.0,0.0,0.0,0.0,32.766,32.766,0.28,0.339,2.851,2018.83251953125,809.9347534179688,31.94925880432129,geofence_hard_land,True,
1783703852.5208154,2026-07-10T10:17:32,284133,20260710_101720,accel_decel_fast_a1.50_c0.00_x_h0.60,accel_decel_pulse,outbound,0,"{""accel_mps2"": 1.5, ""peak_speed_mps"": 1.0, ""cruise_s"": 0.0, ""axis"": ""x""}",landing,0.0,0.0,0.0,0.6,1.7881393432617188e-06,0.0,0.0,0.6,True,0.02193344756960869,0.005306731443852186,1.0003637075424194,0.028845015913248062,-0.5128519535064697,0.32252219319343567,0.0,0.0,68.0,24.0,0.024,0.0009437029948458076,-0.00035699206637218595,0.024997472763061523,0.0029923119582235813,-0.0012250369181856513,-0.0035916029009968042,0.20968033373355865,1.2948638200759888,0.02954370528459549,0.025066029280424118,-0.0036450675688683987,2.98148574984225e-06,0.00017364768427796662,3.7161290645599365,10.0,0.0,0.0,0.0,0.0,0.0,32.766,32.766,0.28,0.339,2.851,2018.83251953125,809.9347534179688,31.94925880432129,geofence_hard_land,True,
1783703852.5310047,2026-07-10T10:17:32,284143,20260710_101720,accel_decel_fast_a1.50_c0.00_x_h0.60,accel_decel_pulse,outbound,0,"{""accel_mps2"": 1.5, ""peak_speed_mps"": 1.0, ""cruise_s"": 0.0, ""axis"": ""x""}",landing,0.0,0.0,0.0,0.6,1.7881393432617188e-06,0.0,0.0,0.6,True,0.026740089058876038,0.0054881032556295395,0.9994627237319946,0.02396717481315136,-0.03878464922308922,0.07219551503658295,0.0,2.0,65.0,27.0,0.027,0.0009437029948458076,-0.00035699206637218595,0.024997472763061523,0.0029923119582235813,-0.0012250369181856513,-0.0035916029009968042,0.20968033373355865,1.2948638200759888,0.02954370528459549,0.025066029280424118,-0.0036450675688683987,2.98148574984225e-06,0.00017364768427796662,3.7161290645599365,10.0,0.0,0.0,0.0,0.0,0.0,32.766,32.766,0.28,0.339,2.851,2018.83251953125,809.9347534179688,31.94925880432129,geofence_hard_land,True,
1783703852.5412357,2026-07-10T10:17:32,284153,20260710_101720,accel_decel_fast_a1.50_c0.00_x_h0.60,accel_decel_pulse,outbound,0,"{""accel_mps2"": 1.5, ""peak_speed_mps"": 1.0, ""cruise_s"": 0.0, ""axis"": ""x""}",landing,0.0,0.0,0.0,0.6,1.7881393432617188e-06,0.0,0.0,0.6,True,0.022615158930420876,0.001927110250107944,0.9971752762794495,-0.007224195636808872,-0.3660317659378052,-0.12168094515800476,0.0,-2.0,67.0,27.0,0.027,0.00012542579497676343,-0.000366002757800743,0.025775112211704254,-0.0007949976716190577,-0.0008328293915838003,0.0007103169336915016,0.2081810086965561,1.3200483322143555,0.030496299266815186,0.025781923905014992,0.0006657844060100615,3.0649932796222856e-06,0.00017881557869259268,3.7161290645599365,10.0,0.0,0.0,0.0,0.0,0.0,32.766,32.766,0.28,0.339,2.851,2018.788818359375,809.9384765625,31.95526123046875,geofence_hard_land,True,
1783703852.5514553,2026-07-10T10:17:32,284163,20260710_101720,accel_decel_fast_a1.50_c0.00_x_h0.60,accel_decel_pulse,outbound,0,"{""accel_mps2"": 1.5, ""peak_speed_mps"": 1.0, ""cruise_s"": 0.0, ""axis"": ""x""}",landing,0.0,0.0,0.0,0.6,1.7881393432617188e-06,0.0,0.0,0.6,True,0.0219526719301939,0.0028282594867050648,1.0003575086593628,0.08884362131357193,-0.08398271352052689,0.07632330805063248,0.0,-1.0,63.0,27.0,0.027,0.00012542579497676343,-0.000366002757800743,0.025775112211704254,-0.0007949976716190577,-0.0008328293915838003,0.0007103169336915016,0.2081810086965561,1.3200483322143555,0.030496299266815186,0.025781923905014992,0.0006657844060100615,3.0649932796222856e-06,0.00017881557869259268,3.7161290645599365,10.0,0.0,0.0,0.0,0.0,0.0,32.766,32.766,0.28,0.339,2.851,2018.788818359375,809.9384765625,31.95526123046875,geofence_hard_land,True,
1783703852.5616434,2026-07-10T10:17:32,284173,20260710_101720,accel_decel_fast_a1.50_c0.00_x_h0.60,accel_decel_pulse,outbound,0,"{""accel_mps2"": 1.5, ""peak_speed_mps"": 1.0, ""cruise_s"": 0.0, ""axis"": ""x""}",landing,0.0,0.0,0.0,0.6,1.7881393432617188e-06,0.0,0.0,0.6,True,0.023033056408166885,0.004050311166793108,1.000474452972412,0.13577614724636078,-0.4114603102207184,-0.011885719373822212,0.0,1.0,71.0,27.0,0.027,0.0012513493420556188,-0.000358175573637709,0.025789396837353706,0.004163569770753384,-0.0007412304985336959,0.00044266224722377956,0.20797768235206604,1.2858105897903442,0.02868814393877983,0.025781923905014992,0.0006657844060100615,3.0649932796222856e-06,0.00017881557869259268,3.7161290645599365,10.0,0.0,0.0,0.0,0.0,0.0,32.766,32.766,0.28,0.339,2.851,2018.788818359375,809.9384765625,31.95526123046875,geofence_hard_land,True,
1783703852.5718222,2026-07-10T10:17:32,284183,20260710_101720,accel_decel_fast_a1.50_c0.00_x_h0.60,accel_decel_pulse,outbound,0,"{""accel_mps2"": 1.5, ""peak_speed_mps"": 1.0, ""cruise_s"": 0.0, ""axis"": ""x""}",landing,0.0,0.0,0.0,0.6,1.7881393432617188e-06,0.0,0.0,0.6,True,0.024427015334367752,0.004461741074919701,0.9996581077575684,0.1214999184012413,0.0985260009765625,0.03586643189191818,0.0,0.0,52.0,27.0,0.027,0.0012513493420556188,-0.000358175573637709,0.025789396837353706,0.004163569770753384,-0.0007412304985336959,0.00044266224722377956,0.20797768235206604,1.2858105897903442,0.02868814393877983,0.025781923905014992,0.0006657844060100615,3.0649932796222856e-06,0.00017881557869259268,3.7161290645599365,10.0,0.0,0.0,0.0,0.0,0.0,32.766,32.766,0.28,0.339,2.851,2018.788818359375,809.9384765625,31.95526123046875,geofence_hard_land,True,
1783703852.581996,2026-07-10T10:17:32,284193,20260710_101720,accel_decel_fast_a1.50_c0.00_x_h0.60,accel_decel_pulse,outbound,0,"{""accel_mps2"": 1.5, ""peak_speed_mps"": 1.0, ""cruise_s"": 0.0, ""axis"": ""x""}",landing,0.0,0.0,0.0,0.6,1.7881393432617188e-06,0.0,0.0,0.6,True,0.02260519564151764,0.0033741584047675133,0.998526930809021,0.20505207777023315,0.010962958447635174,-0.1089526042342186,0.0,0.0,60.0,27.0,0.027,0.0008837945060804486,-0.00035842746729031205,0.025800814852118492,0.0023810656275600195,-0.0006415833486244082,0.0005878533120267093,0.2089027464389801,1.299125075340271,0.027462085708975792,0.025781923905014992,0.0006657844060100615,3.0649932796222856e-06,0.00017881557869259268,3.7161290645599365,10.0,0.0,0.0,0.0,0.0,0.0,32.766,32.766,0.28,0.339,2.851,2018.788818359375,809.9384765625,31.95526123046875,geofence_hard_land,True,
1783703852.5922399,2026-07-10T10:17:32,284206,20260710_101720,accel_decel_fast_a1.50_c0.00_x_h0.60,accel_decel_pulse,outbound,0,"{""accel_mps2"": 1.5, ""peak_speed_mps"": 1.0, ""cruise_s"": 0.0, ""axis"": ""x""}",landing,0.0,0.0,0.0,0.6,1.7881393432617188e-06,0.0,0.0,0.6,True,0.02218465879559517,0.00278336089104414,1.000006079673767,0.33972489833831787,0.02044876106083393,-0.06162586435675621,0.0,0.0,70.0,27.0,0.027,0.0009226051042787731,-0.000373621704056859,0.026350006461143494,0.0024451857898384333,-0.0006627614493481815,0.003110261633992195,0.2089027464389801,1.299125075340271,0.027462085708975792,0.026350006461143494,0.0030564870685338974,2.9815128073096275e-06,0.00017364707309752703,3.710850477218628,10.0,0.0,0.0,0.0,0.0,0.0,0.277,32.766,0.278,0.342,2.859,2018.788818359375,809.9384765625,31.95526123046875,geofence_hard_land,True,
1783703852.6024528,2026-07-10T10:17:32,284213,20260710_101720,accel_decel_fast_a1.50_c0.00_x_h0.60,accel_decel_pulse,outbound,0,"{""accel_mps2"": 1.5, ""peak_speed_mps"": 1.0, ""cruise_s"": 0.0, ""axis"": ""x""}",landing,0.0,0.0,0.0,0.6,1.7881393432617188e-06,0.0,0.0,0.6,True,0.024009644985198975,0.0009131060214713216,0.9988219141960144,0.030026383697986603,0.28417715430259705,0.1050276979804039,0.0,0.0,63.0,27.0,0.027,0.0009226051042787731,-0.000373621704056859,0.026350006461143494,0.0024451857898384333,-0.0006627614493481815,0.003110261633992195,0.21072949469089508,1.2984849214553833,0.026785342022776604,0.026350006461143494,0.0030564870685338974,2.9815128073096275e-06,0.00017364707309752703,3.710850477218628,10.0,0.0,0.0,0.0,0.0,0.0,0.277,32.766,0.278,0.342,2.859,2018.788818359375,809.9384765625,31.95526123046875,geofence_hard_land,True,
1783703852.6126456,2026-07-10T10:17:32,284226,20260710_101720,accel_decel_fast_a1.50_c0.00_x_h0.60,accel_decel_pulse,outbound,0,"{""accel_mps2"": 1.5, ""peak_speed_mps"": 1.0, ""cruise_s"": 0.0, ""axis"": ""x""}",landing,0.0,0.0,0.0,0.6,1.7881393432617188e-06,0.0,0.0,0.6,True,0.02367294579744339,0.004031680524349213,0.9980565905570984,-0.025482721626758575,-0.2356685847043991,0.245180144906044,0.0,0.0,59.0,27.0,0.027,0.0009721357491798699,-0.0003900475276168436,0.026411574333906174,0.0025980821810662746,-0.00101734499912709,0.0029770962428301573,0.21072949469089508,1.2984849214553833,0.026785342022776604,0.026350006461143494,0.0030564870685338974,2.9815128073096275e-06,0.00017364707309752703,3.710850477218628,10.0,0.0,0.0,0.0,0.0,0.0,0.277,32.766,0.278,0.342,2.859,2018.788818359375,809.9384765625,31.95526123046875,geofence_hard_land,True,
1783703852.6228392,2026-07-10T10:17:32,284233,20260710_101720,accel_decel_fast_a1.50_c0.00_x_h0.60,accel_decel_pulse,outbound,0,"{""accel_mps2"": 1.5, ""peak_speed_mps"": 1.0, ""cruise_s"": 0.0, ""axis"": ""x""}",landing,0.0,0.0,0.0,0.6,1.7881393432617188e-06,0.0,0.0,0.6,True,0.02218741923570633,0.002939449157565832,0.9983075857162476,-0.029568783938884735,0.11216284334659576,-0.15587376058101654,0.0,0.0,75.0,27.0,0.027,0.0009721357491798699,-0.0003900475276168436,0.026411574333906174,0.0025980821810662746,-0.00101734499912709,0.0029770962428301573,0.21244467794895172,1.2923146486282349,0.026771510019898415,0.026350006461143494,0.0030564870685338974,2.9815128073096275e-06,0.00017364707309752703,3.710850477218628,10.0,0.0,0.0,0.0,0.0,0.0,0.277,32.766,0.278,0.342,2.859,2018.788818359375,809.9384765625,31.95526123046875,geofence_hard_land,True,
1783703852.633017,2026-07-10T10:17:32,284246,20260710_101720,accel_decel_fast_a1.50_c0.00_x_h0.60,accel_decel_pulse,outbound,0,"{""accel_mps2"": 1.5, ""peak_speed_mps"": 1.0, ""cruise_s"": 0.0, ""axis"": ""x""}",landing,0.0,0.0,0.0,0.6,1.7881393432617188e-06,0.0,0.0,0.6,True,0.025187930092215538,0.0021472610533237457,1.000470757484436,0.39307349920272827,0.33719345927238464,-0.03683410957455635,0.0,0.0,69.0,26.0,0.026,0.0010292332153767347,-0.00040972328861244023,0.02628508023917675,0.0027361863758414984,-0.0010998626239597797,0.0017980262637138367,0.21244467794895172,1.2923146486282349,0.026771510019898415,0.026350006461143494,0.0030564870685338974,2.9815128073096275e-06,0.00017364707309752703,3.710850477218628,10.0,0.0,0.0,0.0,0.0,0.0,0.277,32.766,0.278,0.342,2.859,2018.788818359375,809.9384765625,31.95526123046875,geofence_hard_land,True,
1783703852.6432338,2026-07-10T10:17:32,284253,20260710_101720,accel_decel_fast_a1.50_c0.00_x_h0.60,accel_decel_pulse,outbound,0,"{""accel_mps2"": 1.5, ""peak_speed_mps"": 1.0, ""cruise_s"": 0.0, ""axis"": ""x""}",landing,0.0,0.0,0.0,0.6,1.7881393432617188e-06,0.0,0.0,0.6,True,0.02334594540297985,0.0036561954766511917,0.9999789595603943,0.07596101611852646,-0.17121285200119019,0.04573475942015648,0.0,0.0,65.0,26.0,0.026,0.0010292332153767347,-0.00040972328861244023,0.02628508023917675,0.0027361863758414984,-0.0010998626239597797,0.0017980262637138367,0.21219885349273682,1.2895147800445557,0.025032877922058105,0.02630341425538063,0.001807269873097539,3.065011924263672e-06,0.00017882832617033273,3.710850477218628,10.0,0.0,0.0,0.0,0.0,0.0,0.277,32.766,0.278,0.342,2.859,2018.7723388671875,809.9398803710938,31.960128784179688,geofence_hard_land,True,
1783703852.653406,2026-07-10T10:17:32,284267,20260710_101720,accel_decel_fast_a1.50_c0.00_x_h0.60,accel_decel_pulse,outbound,0,"{""accel_mps2"": 1.5, ""peak_speed_mps"": 1.0, ""cruise_s"": 0.0, ""axis"": ""x""}",landing,0.0,0.0,0.0,0.6,1.7881393432617188e-06,0.0,0.0,0.6,True,0.024765605106949806,0.0021415813826024532,1.00018310546875,0.25001558661460876,-0.6347357630729675,0.11358623951673508,1.0,-3.0,73.0,26.0,0.026,0.002420731820166111,-0.0008799548959359527,0.026320841163396835,0.008635199628770351,-0.0031504950020462275,0.0019112362060695887,0.22945208847522736,1.2446873188018799,0.02486330084502697,0.02630341425538063,0.001807269873097539,3.065011924263672e-06,0.00017882832617033273,3.710850477218628,10.0,0.0,0.0,0.0,0.0,0.0,0.277,32.766,0.278,0.342,2.859,2018.7723388671875,809.9398803710938,31.960128784179688,geofence_hard_land,True,
1783703852.6635778,2026-07-10T10:17:32,284273,20260710_101720,accel_decel_fast_a1.50_c0.00_x_h0.60,accel_decel_pulse,outbound,0,"{""accel_mps2"": 1.5, ""peak_speed_mps"": 1.0, ""cruise_s"": 0.0, ""axis"": ""x""}",landing,0.0,0.0,0.0,0.6,1.7881393432617188e-06,0.0,0.0,0.6,True,0.025103075429797173,0.0018399885157123208,0.9993562698364258,-0.03524036705493927,0.05628133565187454,0.10700526088476181,-1.0,2.0,67.0,26.0,0.026,0.002420731820166111,-0.0008799548959359527,0.026320841163396835,0.008635199628770351,-0.0031504950020462275,0.0019112362060695887,0.22945208847522736,1.2446873188018799,0.02486330084502697,0.02630341425538063,0.001807269873097539,3.065011924263672e-06,0.00017882832617033273,3.710850477218628,10.0,0.0,0.0,0.0,0.0,0.0,0.277,32.766,0.278,0.342,2.859,2018.7723388671875,809.9398803710938,31.960128784179688,geofence_hard_land,True,
1783703852.6737566,2026-07-10T10:17:32,284287,20260710_101720,accel_decel_fast_a1.50_c0.00_x_h0.60,accel_decel_pulse,outbound,0,"{""accel_mps2"": 1.5, ""peak_speed_mps"": 1.0, ""cruise_s"": 0.0, ""axis"": ""x""}",landing,0.0,0.0,0.0,0.6,1.7881393432617188e-06,0.0,0.0,0.6,True,0.023913517594337463,0.0031556361354887486,1.0004856586456299,0.0296002347022295,-0.08861185610294342,0.024562712758779526,0.0,3.0,52.0,26.0,0.026,7.505904068239033e-05,-0.0003861778532154858,0.02637159265577793,-0.0012049725046381354,-0.0012240107171237469,0.002005373826250434,0.21440133452415466,1.323077917098999,0.02530720643699169,0.02630341425538063,0.001807269873097539,3.065011924263672e-06,0.00017882832617033273,3.710850477218628,10.0,0.0,0.0,0.0,0.0,0.0,0.277,32.766,0.278,0.342,2.859,2018.7723388671875,809.9398803710938,31.960128784179688,geofence_hard_land,True,
1783703852.6839375,2026-07-10T10:17:32,284293,20260710_101720,accel_decel_fast_a1.50_c0.00_x_h0.60,accel_decel_pulse,outbound,0,"{""accel_mps2"": 1.5, ""peak_speed_mps"": 1.0, ""cruise_s"": 0.0, ""axis"": ""x""}",landing,0.0,0.0,0.0,0.6,1.7881393432617188e-06,0.0,0.0,0.6,True,0.02363184653222561,0.004776371642947197,1.0002164840698242,0.2244943529367447,-0.10666334629058838,-0.13631458580493927,0.0,0.0,63.0,23.0,0.023,7.505904068239033e-05,-0.0003861778532154858,0.02637159265577793,-0.0012049725046381354,-0.0012240107171237469,0.002005373826250434,0.21440133452415466,1.323077917098999,0.02530720643699169,0.02630341425538063,0.001807269873097539,3.065011924263672e-06,0.00017882832617033273,3.710850477218628,10.0,0.0,0.0,0.0,0.0,0.0,0.277,32.766,0.278,0.342,2.859,2018.7723388671875,809.9398803710938,31.960128784179688,geofence_hard_land,True,
1783703852.6941593,2026-07-10T10:17:32,284307,20260710_101720,accel_decel_fast_a1.50_c0.00_x_h0.60,accel_decel_pulse,outbound,0,"{""accel_mps2"": 1.5, ""peak_speed_mps"": 1.0, ""cruise_s"": 0.0, ""axis"": ""x""}",landing,0.0,0.0,0.0,0.6,1.7881393432617188e-06,0.0,0.0,0.6,True,0.023494716733694077,0.006088541820645332,0.9992069602012634,-0.07661015540361404,0.07457604259252548,0.02994447574019432,1.0,-5.0,64.0,23.0,0.023,0.002241661073639989,-0.0008104334701783955,0.024888820946216583,0.008030500262975693,-0.002763275057077408,-0.005456550046801567,0.22872357070446014,1.2538321018218994,0.023175202310085297,0.024882564321160316,-0.00547679653391242,2.9814839308528462e-06,0.000173649619682692,3.710850477218628,10.0,0.0,0.0,0.0,0.0,0.0,0.28400000000000003,32.766,0.28200000000000003,32.766,2.837,2018.7723388671875,809.9398803710938,31.960128784179688,geofence_hard_land,True,
1783703852.7043471,2026-07-10T10:17:32,284313,20260710_101720,accel_decel_fast_a1.50_c0.00_x_h0.60,accel_decel_pulse,outbound,0,"{""accel_mps2"": 1.5, ""peak_speed_mps"": 1.0, ""cruise_s"": 0.0, ""axis"": ""x""}",landing,0.0,0.0,0.0,0.6,1.7881393432617188e-06,0.0,0.0,0.6,True,0.025629345327615738,0.0018114502308890224,0.9992966055870056,0.09131724387407303,-0.18729428946971893,-0.06341958791017532,-1.0,2.0,69.0,23.0,0.023,0.002241661073639989,-0.0008104334701783955,0.024888820946216583,0.008030500262975693,-0.002763275057077408,-0.005456550046801567,0.22872357070446014,1.2538321018218994,0.023175202310085297,0.024882564321160316,-0.00547679653391242,2.9814839308528462e-06,0.000173649619682692,3.710850477218628,10.0,0.0,0.0,0.0,0.0,0.0,0.28400000000000003,32.766,0.28200000000000003,32.766,2.837,2018.7723388671875,809.9398803710938,31.960128784179688,geofence_hard_land,True,
1783703852.7145238,2026-07-10T10:17:32,284327,20260710_101720,accel_decel_fast_a1.50_c0.00_x_h0.60,accel_decel_pulse,outbound,0,"{""accel_mps2"": 1.5, ""peak_speed_mps"": 1.0, ""cruise_s"": 0.0, ""axis"": ""x""}",landing,0.0,0.0,0.0,0.6,1.7881393432617188e-06,0.0,0.0,0.6,True,0.023097749799489975,0.0031760111451148987,0.999247133731842,-0.1020820364356041,-0.14861290156841278,-0.04992339015007019,0.0,1.0,60.0,23.0,0.023,0.0009122702176682651,-0.00037009979132562876,0.02478565275669098,0.002408452332019806,-0.0008127823821268976,-0.005530998110771179,0.21397171914577484,1.2942616939544678,0.02230728417634964,0.024882564321160316,-0.00547679653391242,2.9814839308528462e-06,0.000173649619682692,3.710850477218628,10.0,0.0,0.0,0.0,0.0,0.0,0.28400000000000003,32.766,0.28200000000000003,32.766,2.837,2018.7723388671875,809.9398803710938,31.960128784179688,geofence_hard_land,True,
1783703852.7246916,2026-07-10T10:17:32,284333,20260710_101720,accel_decel_fast_a1.50_c0.00_x_h0.60,accel_decel_pulse,outbound,0,"{""accel_mps2"": 1.5, ""peak_speed_mps"": 1.0, ""cruise_s"": 0.0, ""axis"": ""x""}",landing,0.0,0.0,0.0,0.6,1.7881393432617188e-06,0.0,0.0,0.6,True,0.025068312883377075,0.0041098338551819324,0.9987400770187378,-0.08374620229005814,-0.014936190098524094,-0.15230749547481537,0.0,1.0,69.0,23.0,0.023,0.0009122702176682651,-0.00037009979132562876,0.02478565275669098,0.002408452332019806,-0.0008127823821268976,-0.005530998110771179,0.21397171914577484,1.2942616939544678,0.02230728417634964,0.024882564321160316,-0.00547679653391242,2.9814839308528462e-06,0.000173649619682692,3.710850477218628,10.0,0.0,0.0,0.0,0.0,0.0,0.28400000000000003,32.766,0.28200000000000003,32.766,2.837,2018.7723388671875,809.9398803710938,31.960128784179688,geofence_hard_land,True,
1783703852.7348669,2026-07-10T10:17:32,284348,20260710_101720,accel_decel_fast_a1.50_c0.00_x_h0.60,accel_decel_pulse,outbound,0,"{""accel_mps2"": 1.5, ""peak_speed_mps"": 1.0, ""cruise_s"": 0.0, ""axis"": ""x""}",landing,0.0,0.0,0.0,0.6,1.7881393432617188e-06,0.0,0.0,0.6,True,0.024313945323228836,0.004929417744278908,0.9975255727767944,-0.22987374663352966,0.061855435371398926,-0.1408376842737198,0.0,0.0,72.0,25.0,0.025,0.0005357621121220291,-0.0003745433350559324,0.02478586509823799,0.0009983633644878864,-0.00075154984369874,-0.00514583196491003,0.2138705849647522,1.3032251596450806,0.021843470633029938,0.024733560159802437,-0.005336101166903973,3.0649725886178203e-06,0.00017881048552226275,3.710850477218628,10.0,0.0,0.0,0.0,0.0,0.0,0.28400000000000003,32.766,0.28200000000000003,32.766,2.837,2018.7723388671875,809.9398803710938,31.960128784179688,geofence_hard_land,True,
1783703852.745062,2026-07-10T10:17:32,284353,20260710_101720,accel_decel_fast_a1.50_c0.00_x_h0.60,accel_decel_pulse,outbound,0,"{""accel_mps2"": 1.5, ""peak_speed_mps"": 1.0, ""cruise_s"": 0.0, ""axis"": ""x""}",landing,0.0,0.0,0.0,0.6,1.7881393432617188e-06,0.0,0.0,0.6,True,0.022441506385803223,0.004671818111091852,0.9997109174728394,-0.062065139412879944,-0.10430758446455002,0.14676319062709808,0.0,-1.0,68.0,25.0,0.025,0.0005357621121220291,-0.0003745433350559324,0.02478586509823799,0.0009983633644878864,-0.00075154984369874,-0.00514583196491003,0.2138705849647522,1.3032251596450806,0.021843470633029938,0.024733560159802437,-0.005336101166903973,3.0649725886178203e-06,0.00017881048552226275,3.710850477218628,10.0,0.0,0.0,0.0,0.0,0.0,0.28400000000000003,32.766,0.28200000000000003,32.766,2.837,2018.77783203125,809.939208984375,31.964153289794922,geofence_hard_land,True,
1783703852.7553537,2026-07-10T10:17:32,284367,20260710_101720,accel_decel_fast_a1.50_c0.00_x_h0.60,accel_decel_pulse,outbound,0,"{""accel_mps2"": 1.5, ""peak_speed_mps"": 1.0, ""cruise_s"": 0.0, ""axis"": ""x""}",landing,0.0,0.0,0.0,0.6,1.7881393432617188e-06,0.0,0.0,0.6,True,0.02560274489223957,0.003829261753708124,1.0014959573745728,0.12885701656341553,-0.05496883764863014,-0.054241057485342026,0.0,2.0,70.0,25.0,0.025,0.00016248851898126304,-0.000372518552467227,0.024681132286787033,-0.0006068479851819575,-0.0004863732901867479,-0.005291767884045839,0.21400418877601624,1.3125272989273071,0.022519255056977272,0.024733560159802437,-0.005336101166903973,3.0649725886178203e-06,0.00017881048552226275,3.710850477218628,10.0,0.0,0.0,0.0,0.0,0.0,0.28400000000000003,32.766,0.28200000000000003,32.766,2.837,2018.77783203125,809.939208984375,31.964153289794922,geofence_hard_land,True,
1783703852.76564,2026-07-10T10:17:32,284373,20260710_101720,accel_decel_fast_a1.50_c0.00_x_h0.60,accel_decel_pulse,outbound,0,"{""accel_mps2"": 1.5, ""peak_speed_mps"": 1.0, ""cruise_s"": 0.0, ""axis"": ""x""}",landing,0.0,0.0,0.0,0.6,1.7881393432617188e-06,0.0,0.0,0.6,True,0.024241898208856583,0.0032006592955440283,0.998779833316803,0.12347820401191711,-0.17242467403411865,-0.07005104422569275,0.0,-2.0,69.0,25.0,0.025,0.00016248851898126304,-0.000372518552467227,0.024681132286787033,-0.0006068479851819575,-0.0004863732901867479,-0.005291767884045839,0.21400418877601624,1.3125272989273071,0.022519255056977272,0.024733560159802437,-0.005336101166903973,3.0649725886178203e-06,0.00017881048552226275,3.710850477218628,10.0,0.0,0.0,0.0,0.0,0.0,0.28400000000000003,32.766,0.28200000000000003,32.766,2.837,2018.77783203125,809.939208984375,31.964153289794922,geofence_hard_land,True,
1783703852.7758515,2026-07-10T10:17:32,284387,20260710_101720,accel_decel_fast_a1.50_c0.00_x_h0.60,accel_decel_pulse,outbound,0,"{""accel_mps2"": 1.5, ""peak_speed_mps"": 1.0, ""cruise_s"": 0.0, ""axis"": ""x""}",landing,0.0,0.0,0.0,0.6,1.7881393432617188e-06,0.0,0.0,0.6,True,0.02502412162721157,0.004874697420746088,0.9980829954147339,-0.023979684337973595,0.0996646136045456,0.01893831603229046,0.0,0.0,52.0,25.0,0.025,0.0008822356467135251,-0.00037966741365380585,0.024579793214797974,0.002803159411996603,-0.0004969746805727482,-0.005215376149863005,0.21481285989284515,1.2891416549682617,0.022034473717212677,0.024733560159802437,-0.005336101166903973,3.0649725886178203e-06,0.00017881048552226275,3.710850477218628,10.0,0.0,0.0,0.0,0.0,0.0,0.28400000000000003,32.766,0.28200000000000003,32.766,2.837,2018.77783203125,809.939208984375,31.964153289794922,geofence_hard_land,True,
1783703852.7860444,2026-07-10T10:17:32,284399,20260710_101720,accel_decel_fast_a1.50_c0.00_x_h0.60,accel_decel_pulse,outbound,0,"{""accel_mps2"": 1.5, ""peak_speed_mps"": 1.0, ""cruise_s"": 0.0, ""axis"": ""x""}",landing,0.0,0.0,0.0,0.6,1.7881393432617188e-06,0.0,0.0,0.6,True,0.022779138758778572,0.0024397948291152716,1.000081181526184,-0.05257783457636833,-0.07142212986946106,0.12557294964790344,0.0,1.0,57.0,22.0,0.022,0.0008822356467135251,-0.00037966741365380585,0.024579793214797974,0.002803159411996603,-0.0004969746805727482,-0.005215376149863005,0.21481285989284515,1.2891416549682617,0.022034473717212677,0.023333437740802765,-0.011049967259168625,2.981473016916425e-06,0.00017363957886118442,3.710850477218628,10.0,0.0,0.0,0.0,0.0,0.0,0.28400000000000003,32.766,0.28200000000000003,32.766,2.837,2018.77783203125,809.939208984375,31.964153289794922,geofence_hard_land,True,
1783703852.7962832,2026-07-10T10:17:32,284407,20260710_101720,accel_decel_fast_a1.50_c0.00_x_h0.60,accel_decel_pulse,outbound,0,"{""accel_mps2"": 1.5, ""peak_speed_mps"": 1.0, ""cruise_s"": 0.0, ""axis"": ""x""}",landing,0.0,0.0,0.0,0.6,1.7881393432617188e-06,0.0,0.0,0.6,True,0.022875474765896797,0.0005457915831357241,0.9998647570610046,0.2640424072742462,-0.46022340655326843,-0.06900224834680557,0.0,0.0,67.0,22.0,0.022,0.0005435535567812622,-0.00037239957600831985,0.023333437740802765,0.0014231749810278416,-0.0005413835751824081,-0.011022592894732952,0.21280942857265472,1.2997972965240479,0.022825751453638077,0.023333437740802765,-0.011049967259168625,2.981473016916425e-06,0.00017363957886118442,3.710850477218628,10.0,0.0,0.0,0.0,0.0,0.0,32.766,0.312,0.278,32.766,2.85,2018.77783203125,809.939208984375,31.964153289794922,geofence_hard_land,True,
1783703852.8064573,2026-07-10T10:17:32,284413,20260710_101720,accel_decel_fast_a1.50_c0.00_x_h0.60,accel_decel_pulse,outbound,0,"{""accel_mps2"": 1.5, ""peak_speed_mps"": 1.0, ""cruise_s"": 0.0, ""axis"": ""x""}",landing,0.0,0.0,0.0,0.6,1.7881393432617188e-06,0.0,0.0,0.6,True,0.023373844102025032,0.002625287277624011,1.0011171102523804,-0.0041438820771873,0.26369011402130127,0.10208651423454285,0.0,0.0,69.0,22.0,0.022,0.0005435535567812622,-0.00037239957600831985,0.023333437740802765,0.0014231749810278416,-0.0005413835751824081,-0.011022592894732952,0.21280942857265472,1.2997972965240479,0.022825751453638077,0.023333437740802765,-0.011049967259168625,2.981473016916425e-06,0.00017363957886118442,3.710850477218628,10.0,0.0,0.0,0.0,0.0,0.0,32.766,0.312,0.278,32.766,2.85,2018.77783203125,809.939208984375,31.964153289794922,geofence_hard_land,True,
1783703852.8166287,2026-07-10T10:17:32,284427,20260710_101720,accel_decel_fast_a1.50_c0.00_x_h0.60,accel_decel_pulse,outbound,0,"{""accel_mps2"": 1.5, ""peak_speed_mps"": 1.0, ""cruise_s"": 0.0, ""axis"": ""x""}",landing,0.0,0.0,0.0,0.6,1.7881393432617188e-06,0.0,0.0,0.6,True,0.02381976693868637,0.003969430457800627,1.0015323162078857,-0.13574324548244476,0.18852771818637848,-0.05557940900325775,-1.0,0.0,66.0,22.0,0.022,0.0005556161631830037,-6.886391474836273e-06,0.023114021867513657,0.0014696058351546526,0.0007478551124222577,-0.010887549258768559,0.2012513130903244,1.2988718748092651,0.023192156106233597,0.023333437740802765,-0.011049967259168625,2.981473016916425e-06,0.00017363957886118442,3.710850477218628,10.0,0.0,0.0,0.0,0.0,0.0,32.766,0.312,0.278,32.766,2.85,2018.77783203125,809.939208984375,31.964153289794922,geofence_hard_land,True,
1783703852.8268113,2026-07-10T10:17:32,284433,20260710_101720,accel_decel_fast_a1.50_c0.00_x_h0.60,accel_decel_pulse,outbound,0,"{""accel_mps2"": 1.5, ""peak_speed_mps"": 1.0, ""cruise_s"": 0.0, ""axis"": ""x""}",landing,0.0,0.0,0.0,0.6,1.7881393432617188e-06,0.0,0.0,0.6,True,0.024775438010692596,0.002396979136392474,1.0015736818313599,0.08007103949785233,0.12042656540870667,0.15419244766235352,2.0,-3.0,74.0,22.0,0.022,0.0005556161631830037,-6.886391474836273e-06,0.023114021867513657,0.0014696058351546526,0.0007478551124222577,-0.010887549258768559,0.2012513130903244,1.2988718748092651,0.023192156106233597,0.023333437740802765,-0.011049967259168625,2.981473016916425e-06,0.00017363957886118442,3.710850477218628,10.0,0.0,0.0,0.0,0.0,0.0,32.766,0.312,0.278,32.766,2.85,2018.77783203125,809.939208984375,31.964153289794922,geofence_hard_land,True,
1783703852.8369892,2026-07-10T10:17:32,284450,20260710_101720,accel_decel_fast_a1.50_c0.00_x_h0.60,accel_decel_pulse,outbound,0,"{""accel_mps2"": 1.5, ""peak_speed_mps"": 1.0, ""cruise_s"": 0.0, ""axis"": ""x""}",landing,0.0,0.0,0.0,0.6,1.7881393432617188e-06,0.0,0.0,0.6,True,0.023740891367197037,0.0046583679504692554,1.0013093948364258,-0.10341165214776993,-0.5124443173408508,0.2566032409667969,-1.0,0.0,67.0,28.0,0.028,0.0015310513554140925,-0.00036949999048374593,0.02498159185051918,0.005692820064723492,-0.000841473345644772,-0.0001371676626149565,0.2114267796278,1.265426516532898,0.022717833518981934,0.024980898946523666,-0.00012756661453749985,3.0649928248749347e-06,0.0001788072841009125,3.7161290645599365,10.0,0.0,0.0,0.0,0.0,0.0,32.766,0.312,0.278,32.766,2.85,2018.77783203125,809.939208984375,31.964153289794922,geofence_hard_land,True,
1783703852.847254,2026-07-10T10:17:32,284461,20260710_101720,accel_decel_fast_a1.50_c0.00_x_h0.60,accel_decel_pulse,outbound,0,"{""accel_mps2"": 1.5, ""peak_speed_mps"": 1.0, ""cruise_s"": 0.0, ""axis"": ""x""}",landing,0.0,0.0,0.0,0.6,1.7881393432617188e-06,0.0,0.0,0.6,True,0.02524508163332939,0.005241389386355877,0.9990317225456238,0.1767318695783615,-0.3102283477783203,0.08457152545452118,0.0,3.0,64.0,28.0,0.028,0.0015310513554140925,-0.00036949999048374593,0.02498159185051918,0.005692820064723492,-0.000841473345644772,-0.0001371676626149565,0.2114267796278,1.265426516532898,0.022717833518981934,0.024980898946523666,-0.00012756661453749985,3.0649928248749347e-06,0.0001788072841009125,3.7161290645599365,10.0,0.0,0.0,0.0,0.0,0.0,32.766,0.312,0.278,32.766,2.85,2018.83251953125,809.9345703125,31.970266342163086,geofence_hard_land,True,
1783703852.8574455,2026-07-10T10:17:32,284471,20260710_101720,accel_decel_fast_a1.50_c0.00_x_h0.60,accel_decel_pulse,outbound,0,"{""accel_mps2"": 1.5, ""peak_speed_mps"": 1.0, ""cruise_s"": 0.0, ""axis"": ""x""}",landing,0.0,0.0,0.0,0.6,1.7881393432617188e-06,0.0,0.0,0.6,True,0.025190098211169243,0.004251389764249325,1.001114845275879,-0.016760079190135002,-0.1761220544576645,0.021774841472506523,1.0,-4.0,76.0,28.0,0.028,0.0017697566654533148,-0.0006946510402485728,0.02498660795390606,0.006636841222643852,-0.001843633595854044,-6.361369014484808e-05,0.22130440175533295,1.2614797353744507,0.023212945088744164,0.024980898946523666,-0.00012756661453749985,3.0649928248749347e-06,0.0001788072841009125,3.7161290645599365,10.0,0.0,0.0,0.0,0.0,0.0,32.766,0.312,0.278,32.766,2.85,2018.83251953125,809.9345703125,31.970266342163086,geofence_hard_land,True,
1783703852.8676145,2026-07-10T10:17:32,284481,20260710_101720,accel_decel_fast_a1.50_c0.00_x_h0.60,accel_decel_pulse,outbound,0,"{""accel_mps2"": 1.5, ""peak_speed_mps"": 1.0, ""cruise_s"": 0.0, ""axis"": ""x""}",landing,0.0,0.0,0.0,0.6,1.7881393432617188e-06,0.0,0.0,0.6,True,0.021633435040712357,0.006414319854229689,1.0003635883331299,-0.07362644374370575,-0.288173645734787,-0.023087160661816597,-1.0,3.0,75.0,28.0,0.028,0.0017697566654533148,-0.0006946510402485728,0.02498660795390606,0.006636841222643852,-0.001843633595854044,-6.361369014484808e-05,0.22130440175533295,1.2614797353744507,0.023212945088744164,0.024980898946523666,-0.00012756661453749985,3.0649928248749347e-06,0.0001788072841009125,3.7161290645599365,10.0,0.0,0.0,0.0,0.0,0.0,32.766,0.312,0.278,32.766,2.85,2018.83251953125,809.9345703125,31.970266342163086,geofence_hard_land,True,
1783703852.8777826,2026-07-10T10:17:32,284491,20260710_101720,accel_decel_fast_a1.50_c0.00_x_h0.60,accel_decel_pulse,outbound,0,"{""accel_mps2"": 1.5, ""peak_speed_mps"": 1.0, ""cruise_s"": 0.0, ""axis"": ""x""}",landing,0.0,0.0,0.0,0.6,1.7881393432617188e-06,0.0,0.0,0.6,True,0.022465424612164497,0.005277521908283234,0.999237596988678,-0.1347346156835556,0.12000404298305511,0.04672805964946747,0.0,0.0,50.0,28.0,0.028,0.0008139158599078655,-0.00037874598638154566,0.024993570521473885,0.0025158575735986233,-0.00015379471005871892,0.00010311479127267376,0.2113424837589264,1.2966845035552979,0.02322438918054104,0.024980898946523666,-0.00012756661453749985,3.0649928248749347e-06,0.0001788072841009125,3.7161290645599365,10.0,0.0,0.0,0.0,0.0,0.0,32.766,0.312,0.278,32.766,2.85,2018.83251953125,809.9345703125,31.970266342163086,geofence_hard_land,True,
1783703852.8879628,2026-07-10T10:17:32,284501,20260710_101720,accel_decel_fast_a1.50_c0.00_x_h0.60,accel_decel_pulse,outbound,0,"{""accel_mps2"": 1.5, ""peak_speed_mps"": 1.0, ""cruise_s"": 0.0, ""axis"": ""x""}",landing,0.0,0.0,0.0,0.6,1.7881393432617188e-06,0.0,0.0,0.6,True,0.02323777973651886,0.006281604524701834,0.9991751909255981,0.4686335325241089,-0.08734284341335297,-0.20904108881950378,0.0,0.0,57.0,25.0,0.025,0.0008139158599078655,-0.00037874598638154566,0.024993570521473885,0.0025158575735986233,-0.00015379471005871892,0.00010311479127267376,0.2113424837589264,1.2966845035552979,0.02322438918054104,0.024998290464282036,3.318664676044136e-05,2.9814973458996974e-06,0.00017363743972964585,3.710850477218628,10.0,0.0,0.0,0.0,0.0,0.0,32.766,32.766,0.281,0.34600000000000003,2.832,2018.83251953125,809.9345703125,31.970266342163086,geofence_hard_land,True,
1783703852.8982184,2026-07-10T10:17:32,284511,20260710_101720,accel_decel_fast_a1.50_c0.00_x_h0.60,accel_decel_pulse,outbound,0,"{""accel_mps2"": 1.5, ""peak_speed_mps"": 1.0, ""cruise_s"": 0.0, ""axis"": ""x""}",landing,0.0,0.0,0.0,0.6,1.7881393432617188e-06,0.0,0.0,0.6,True,0.02295086719095707,0.004314469173550606,0.9986119270324707,-0.022825943306088448,-0.20293502509593964,0.03566828370094299,0.0,0.0,66.0,25.0,0.025,0.0008633210672996938,-0.000377190561266616,0.024998290464282036,0.00245163612999022,0.0002832379250321537,8.959515253081918e-05,0.20936089754104614,1.2936965227127075,0.022370582446455956,0.024998290464282036,3.318664676044136e-05,2.9814973458996974e-06,0.00017363743972964585,3.710850477218628,10.0,0.0,0.0,0.0,0.0,0.0,32.766,32.766,0.281,0.34600000000000003,2.832,2018.83251953125,809.9345703125,31.970266342163086,geofence_hard_land,True,
1783703852.9083886,2026-07-10T10:17:32,284521,20260710_101720,accel_decel_fast_a1.50_c0.00_x_h0.60,accel_decel_pulse,outbound,0,"{""accel_mps2"": 1.5, ""peak_speed_mps"": 1.0, ""cruise_s"": 0.0, ""axis"": ""x""}",landing,0.0,0.0,0.0,0.6,1.7881393432617188e-06,0.0,0.0,0.6,True,0.022222008556127548,0.00395671371370554,0.9957995414733887,-0.06667757034301758,0.036288946866989136,-0.10022702813148499,0.0,0.0,66.0,25.0,0.025,0.0008633210672996938,-0.000377190561266616,0.024998290464282036,0.00245163612999022,0.0002832379250321537,8.959515253081918e-05,0.20936089754104614,1.2936965227127075,0.022370582446455956,0.024998290464282036,3.318664676044136e-05,2.9814973458996974e-06,0.00017363743972964585,3.710850477218628,10.0,0.0,0.0,0.0,0.0,0.0,32.766,32.766,0.281,0.34600000000000003,2.832,2018.83251953125,809.9345703125,31.970266342163086,geofence_hard_land,True,
1783703852.91856,2026-07-10T10:17:32,284531,20260710_101720,accel_decel_fast_a1.50_c0.00_x_h0.60,accel_decel_pulse,outbound,0,"{""accel_mps2"": 1.5, ""peak_speed_mps"": 1.0, ""cruise_s"": 0.0, ""axis"": ""x""}",landing,0.0,0.0,0.0,0.6,1.7881393432617188e-06,0.0,0.0,0.6,True,0.022170647978782654,0.003560536541044712,0.9980438947677612,0.006991229485720396,0.16713307797908783,0.024103401228785515,0.0,2.0,65.0,25.0,0.025,0.00015858543338254094,-0.0003727821458596736,0.024998316541314125,-0.0008182842284440994,0.0005219965241849422,-0.0001281004078919068,0.21211300790309906,1.3176230192184448,0.021586989983916283,0.024998290464282036,3.318664676044136e-05,2.9814973458996974e-06,0.00017363743972964585,3.710850477218628,10.0,0.0,0.0,0.0,0.0,0.0,32.766,32.766,0.281,0.34600000000000003,2.832,2018.83251953125,809.9345703125,31.970266342163086,geofence_hard_land,True,
1783703852.9287329,2026-07-10T10:17:32,284541,20260710_101720,accel_decel_fast_a1.50_c0.00_x_h0.60,accel_decel_pulse,outbound,0,"{""accel_mps2"": 1.5, ""peak_speed_mps"": 1.0, ""cruise_s"": 0.0, ""axis"": ""x""}",landing,0.0,0.0,0.0,0.6,1.7881393432617188e-06,0.0,0.0,0.6,True,0.022256892174482346,0.004070996306836605,0.9991618990898132,-0.19748862087726593,0.11515400558710098,0.0175012219697237,0.0,-1.0,68.0,25.0,0.025,0.00015858543338254094,-0.0003727821458596736,0.024998316541314125,-0.0008182842284440994,0.0005219965241849422,-0.0001281004078919068,0.21211300790309906,1.3176230192184448,0.021586989983916283,0.024998290464282036,3.318664676044136e-05,2.9814973458996974e-06,0.00017363743972964585,3.710850477218628,10.0,0.0,0.0,0.0,0.0,0.0,32.766,32.766,0.281,0.34600000000000003,2.832,2018.83251953125,809.9345703125,31.970266342163086,geofence_hard_land,True,
1783703852.938919,2026-07-10T10:17:32,284552,20260710_101720,accel_decel_fast_a1.50_c0.00_x_h0.60,accel_decel_pulse,outbound,0,"{""accel_mps2"": 1.5, ""peak_speed_mps"": 1.0, ""cruise_s"": 0.0, ""axis"": ""x""}",landing,0.0,0.0,0.0,0.6,1.7881393432617188e-06,0.0,0.0,0.6,True,0.024198925122618675,0.0035540256649255753,1.0015748739242554,0.03705781698226929,-0.02621506340801716,-0.13150301575660706,0.0,1.0,55.0,28.0,0.028,0.0001613223721506074,-0.00038268507341854274,0.026241621002554893,-0.0009221372311003506,0.0004846593947149813,0.005628762301057577,0.2121247947216034,1.3106950521469116,0.022070780396461487,0.026297787204384804,0.005622814875096083,3.065002147195628e-06,0.00017880818631965667,3.710850477218628,10.0,0.0,0.0,0.0,0.0,0.0,32.766,32.766,0.281,0.34600000000000003,2.832,2018.788818359375,809.9384155273438,31.975902557373047,geofence_hard_land,True,
1783703852.9491558,2026-07-10T10:17:32,284561,20260710_101720,accel_decel_fast_a1.50_c0.00_x_h0.60,accel_decel_pulse,outbound,0,"{""accel_mps2"": 1.5, ""peak_speed_mps"": 1.0, ""cruise_s"": 0.0, ""axis"": ""x""}",landing,0.0,0.0,0.0,0.6,1.7881393432617188e-06,0.0,0.0,0.6,True,0.023725032806396484,0.0030026694294065237,0.9995051622390747,-0.14311851561069489,-0.015935923904180527,-0.12728556990623474,0.0,-1.0,68.0,28.0,0.028,0.0001613223721506074,-0.00038268507341854274,0.026241621002554893,-0.0009221372311003506,0.0004846593947149813,0.005628762301057577,0.2121247947216034,1.3106950521469116,0.022070780396461487,0.026297787204384804,0.005622814875096083,3.065002147195628e-06,0.00017880818631965667,3.710850477218628,10.0,0.0,0.0,0.0,0.0,0.0,32.766,32.766,0.281,0.34600000000000003,2.832,2018.788818359375,809.9384155273438,31.975902557373047,geofence_hard_land,True,
1783703852.9593666,2026-07-10T10:17:32,284571,20260710_101720,accel_decel_fast_a1.50_c0.00_x_h0.60,accel_decel_pulse,outbound,0,"{""accel_mps2"": 1.5, ""peak_speed_mps"": 1.0, ""cruise_s"": 0.0, ""axis"": ""x""}",landing,0.0,0.0,0.0,0.6,1.7881393432617188e-06,0.0,0.0,0.6,True,0.024077676236629486,0.0029683925677090883,0.9990469813346863,0.220376119017601,-0.11923202127218246,0.1571613997220993,0.0,0.0,76.0,28.0,0.028,0.00048417842481285334,-0.0003805758897215128,0.02635546773672104,0.0006747256265953183,0.0004382561310194433,0.0057249912060797215,0.20998646318912506,1.2969691753387451,0.0226000789552927,0.026297787204384804,0.005622814875096083,3.065002147195628e-06,0.00017880818631965667,3.710850477218628,10.0,0.0,0.0,0.0,0.0,0.0,32.766,32.766,0.281,0.34600000000000003,2.832,2018.788818359375,809.9384155273438,31.975902557373047,geofence_hard_land,True,
1783703852.9695334,2026-07-10T10:17:32,284581,20260710_101720,accel_decel_fast_a1.50_c0.00_x_h0.60,accel_decel_pulse,outbound,0,"{""accel_mps2"": 1.5, ""peak_speed_mps"": 1.0, ""cruise_s"": 0.0, ""axis"": ""x""}",landing,0.0,0.0,0.0,0.6,1.7881393432617188e-06,0.0,0.0,0.6,True,0.024275869131088257,0.0016956028994172812,0.9987886548042297,-0.01086973026394844,0.019588321447372437,-0.16166946291923523,0.0,0.0,68.0,28.0,0.028,0.00048417842481285334,-0.0003805758897215128,0.02635546773672104,0.0006747256265953183,0.0004382561310194433,0.0057249912060797215,0.20998646318912506,1.2969691753387451,0.0226000789552927,0.026297787204384804,0.005622814875096083,3.065002147195628e-06,0.00017880818631965667,3.710850477218628,10.0,0.0,0.0,0.0,0.0,0.0,32.766,32.766,0.281,0.34600000000000003,2.832,2018.788818359375,809.9384155273438,31.975902557373047,geofence_hard_land,True,
1783703852.9797082,2026-07-10T10:17:32,284591,20260710_101720,accel_decel_fast_a1.50_c0.00_x_h0.60,accel_decel_pulse,outbound,0,"{""accel_mps2"": 1.5, ""peak_speed_mps"": 1.0, ""cruise_s"": 0.0, ""axis"": ""x""}",landing,0.0,0.0,0.0,0.6,1.7881393432617188e-06,0.0,0.0,0.6,True,0.023595603182911873,0.003472109790891409,0.9998090863227844,-0.1008216068148613,0.12653036415576935,0.1573035717010498,0.0,0.0,50.0,28.0,0.028,0.0005001413519494236,-0.0003726388677023351,0.026469163596630096,0.0009373276261612773,0.0003233161405660212,0.005601160693913698,0.20869776606559753,1.2940104007720947,0.022949429228901863,0.026297787204384804,0.005622814875096083,3.065002147195628e-06,0.00017880818631965667,3.710850477218628,10.0,0.0,0.0,0.0,0.0,0.0,32.766,32.766,0.281,0.34600000000000003,2.832,2018.788818359375,809.9384155273438,31.975902557373047,geofence_hard_land,True,
1783703852.9898796,2026-07-10T10:17:32,284601,20260710_101720,accel_decel_fast_a1.50_c0.00_x_h0.60,accel_decel_pulse,outbound,0,"{""accel_mps2"": 1.5, ""peak_speed_mps"": 1.0, ""cruise_s"": 0.0, ""axis"": ""x""}",landing,0.0,0.0,0.0,0.6,1.7881393432617188e-06,0.0,0.0,0.6,True,0.022302670404314995,0.0034508570097386837,0.998681366443634,0.1262950748205185,-0.12847691774368286,0.03975958377122879,1.0,-3.0,50.0,26.0,0.026,0.0005001413519494236,-0.0003726388677023351,0.026469163596630096,0.0009373276261612773,0.0003233161405660212,0.005601160693913698,0.20869776606559753,1.2940104007720947,0.022949429228901863,0.026344086974859238,0.00423418590798974,2.98151417155168e-06,0.00017364422092214227,3.710850477218628,10.0,0.0,0.0,0.0,0.0,0.0,0.28,32.766,0.278,0.34400000000000003,2.849,2018.788818359375,809.9384155273438,31.975902557373047,geofence_hard_land,True,
1783703853.0000494,2026-07-10T10:17:33,284611,20260710_101720,accel_decel_fast_a1.50_c0.00_x_h0.60,accel_decel_pulse,outbound,0,"{""accel_mps2"": 1.5, ""peak_speed_mps"": 1.0, ""cruise_s"": 0.0, ""axis"": ""x""}",landing,0.0,0.0,0.0,0.6,1.7881393432617188e-06,0.0,0.0,0.6,True,0.0225055068731308,0.0038793289568275213,0.9990673661231995,0.0866638571023941,0.16441458463668823,-0.10206954181194305,-1.0,2.0,77.0,26.0,0.026,0.0008360895444639027,-0.00037815936957485974,0.026348009705543518,0.0023981293197721243,0.0001053516534739174,0.004375043790787458,0.20797550678253174,1.283892035484314,0.023609619587659836,0.026344086974859238,0.00423418590798974,2.98151417155168e-06,0.00017364422092214227,3.710850477218628,10.0,0.0,0.0,0.0,0.0,0.0,0.28,32.766,0.278,0.34400000000000003,2.849,2018.788818359375,809.9384155273438,31.975902557373047,geofence_hard_land,True,
1783703853.010364,2026-07-10T10:17:33,284623,20260710_101720,accel_decel_fast_a1.50_c0.00_x_h0.60,accel_decel_pulse,outbound,0,"{""accel_mps2"": 1.5, ""peak_speed_mps"": 1.0, ""cruise_s"": 0.0, ""axis"": ""x""}",landing,0.0,0.0,0.0,0.6,1.7881393432617188e-06,0.0,0.0,0.6,True,0.022944845259189606,0.004320766776800156,0.9989880323410034,0.22768960893154144,0.1670178771018982,0.09282824397087097,0.0,1.0,70.0,26.0,0.026,0.0008360895444639027,-0.00037815936957485974,0.026348009705543518,0.0023981293197721243,0.0001053516534739174,0.004375043790787458,0.20797550678253174,1.283892035484314,0.023609619587659836,0.026344086974859238,0.00423418590798974,2.98151417155168e-06,0.00017364422092214227,3.710850477218628,10.0,0.0,0.0,0.0,0.0,0.0,0.28,32.766,0.278,0.34400000000000003,2.849,2018.788818359375,809.9384155273438,31.975902557373047,geofence_hard_land,True,
1783703853.0205348,2026-07-10T10:17:33,284633,20260710_101720,accel_decel_fast_a1.50_c0.00_x_h0.60,accel_decel_pulse,outbound,0,"{""accel_mps2"": 1.5, ""peak_speed_mps"": 1.0, ""cruise_s"": 0.0, ""axis"": ""x""}",landing,0.0,0.0,0.0,0.6,1.7881393432617188e-06,0.0,0.0,0.6,True,0.0230003260076046,0.0029609750490635633,0.9991431832313538,0.25717976689338684,-0.23182295262813568,0.06415587663650513,0.0,-1.0,68.0,26.0,0.026,0.0004919772618450224,-6.254185427678749e-05,0.026434432715177536,0.000647393346298486,0.0015263978857547045,0.0042586056515574455,0.1989365965127945,1.2930595874786377,0.02285589650273323,0.026344086974859238,0.00423418590798974,2.98151417155168e-06,0.00017364422092214227,3.710850477218628,10.0,0.0,0.0,0.0,0.0,0.0,0.28,32.766,0.278,0.34400000000000003,2.849,2018.788818359375,809.9384155273438,31.975902557373047,geofence_hard_land,True,
1783703853.0307524,2026-07-10T10:17:33,284643,20260710_101720,accel_decel_fast_a1.50_c0.00_x_h0.60,accel_decel_pulse,outbound,0,"{""accel_mps2"": 1.5, ""peak_speed_mps"": 1.0, ""cruise_s"": 0.0, ""axis"": ""x""}",landing,0.0,0.0,0.0,0.6,1.7881393432617188e-06,0.0,0.0,0.6,True,0.02262791059911251,0.0008991820504888892,0.9984637498855591,0.10689116269350052,0.3517310619354248,0.020568380132317543,0.0,0.0,53.0,24.0,0.024,0.0004919772618450224,-6.254185427678749e-05,0.026434432715177536,0.000647393346298486,0.0015263978857547045,0.0042586056515574455,0.1989365965127945,1.2930595874786377,0.02285589650273323,0.026344086974859238,0.00423418590798974,2.98151417155168e-06,0.00017364422092214227,3.710850477218628,10.0,0.0,0.0,0.0,0.0,0.0,0.28,32.766,0.278,0.34400000000000003,2.849,2018.788818359375,809.9384155273438,31.975902557373047,geofence_hard_land,True,
1783703853.0409393,2026-07-10T10:17:33,284653,20260710_101720,accel_decel_fast_a1.50_c0.00_x_h0.60,accel_decel_pulse,outbound,0,"{""accel_mps2"": 1.5, ""peak_speed_mps"": 1.0, ""cruise_s"": 0.0, ""axis"": ""x""}",landing,0.0,0.0,0.0,0.6,1.7881393432617188e-06,0.0,0.0,0.6,True,0.024947453290224075,0.002743746154010296,0.9996668696403503,0.05155644565820694,0.20976752042770386,0.03212877735495567,0.0,1.0,70.0,24.0,0.024,0.0008361423388123512,-5.605459591606632e-05,0.025487305596470833,0.002218453446403146,0.001406047842465341,-0.0010342254536226392,0.20168843865394592,1.2798255681991577,0.024520542472600937,0.025476569309830666,-0.001167320879176259,3.0649953259853646e-06,0.0001788064109859988,3.710850477218628,10.0,0.0,0.0,0.0,0.0,0.0,0.28,32.766,0.278,0.34400000000000003,2.849,2018.8543701171875,809.9324340820312,31.97903060913086,geofence_hard_land,True,
1783703853.0511587,2026-07-10T10:17:33,284663,20260710_101720,accel_decel_fast_a1.50_c0.00_x_h0.60,accel_decel_pulse,outbound,0,"{""accel_mps2"": 1.5, ""peak_speed_mps"": 1.0, ""cruise_s"": 0.0, ""axis"": ""x""}",landing,0.0,0.0,0.0,0.6,1.7881393432617188e-06,0.0,0.0,0.6,True,0.024428749457001686,0.003647072007879615,0.9985293745994568,0.12349250167608261,0.3584768772125244,0.02233993262052536,0.0,0.0,70.0,24.0,0.024,0.0008361423388123512,-5.605459591606632e-05,0.025487305596470833,0.002218453446403146,0.001406047842465341,-0.0010342254536226392,0.20168843865394592,1.2798255681991577,0.024520542472600937,0.025476569309830666,-0.001167320879176259,3.0649953259853646e-06,0.0001788064109859988,3.710850477218628,10.0,0.0,0.0,0.0,0.0,0.0,0.28,32.766,0.278,0.34400000000000003,2.849,2018.8543701171875,809.9324340820312,31.97903060913086,geofence_hard_land,True,
1783703853.0614114,2026-07-10T10:17:33,284673,20260710_101720,accel_decel_fast_a1.50_c0.00_x_h0.60,accel_decel_pulse,outbound,0,"{""accel_mps2"": 1.5, ""peak_speed_mps"": 1.0, ""cruise_s"": 0.0, ""axis"": ""x""}",landing,0.0,0.0,0.0,0.6,1.7881393432617188e-06,0.0,0.0,0.6,True,0.024936093017458916,0.00300015090033412,0.9989121556282043,-0.047979626804590225,-0.14616607129573822,-0.05242874100804329,0.0,-1.0,68.0,24.0,0.024,0.0005223562475293875,-4.859739055973478e-05,0.02546551823616028,0.0009291887399740517,0.0010625458089634776,-0.0011246248614042997,0.20286183059215546,1.284845232963562,0.025024717673659325,0.025476569309830666,-0.001167320879176259,3.0649953259853646e-06,0.0001788064109859988,3.710850477218628,10.0,0.0,0.0,0.0,0.0,0.0,0.28,32.766,0.278,0.34400000000000003,2.849,2018.8543701171875,809.9324340820312,31.97903060913086,geofence_hard_land,True,
1783703853.0716298,2026-07-10T10:17:33,284683,20260710_101720,accel_decel_fast_a1.50_c0.00_x_h0.60,accel_decel_pulse,outbound,0,"{""accel_mps2"": 1.5, ""peak_speed_mps"": 1.0, ""cruise_s"": 0.0, ""axis"": ""x""}",landing,0.0,0.0,0.0,0.6,1.7881393432617188e-06,0.0,0.0,0.6,True,0.026307156309485435,0.002871284494176507,0.9981631636619568,0.2104939967393875,-0.049564819782972336,0.16027361154556274,0.0,0.0,51.0,24.0,0.024,0.0005223562475293875,-4.859739055973478e-05,0.02546551823616028,0.0009291887399740517,0.0010625458089634776,-0.0011246248614042997,0.20286183059215546,1.284845232963562,0.025024717673659325,0.025476569309830666,-0.001167320879176259,3.0649953259853646e-06,0.0001788064109859988,3.710850477218628,10.0,0.0,0.0,0.0,0.0,0.0,0.28,32.766,0.278,0.34400000000000003,2.849,2018.8543701171875,809.9324340820312,31.97903060913086,geofence_hard_land,True,
1783703853.0818226,2026-07-10T10:17:33,284693,20260710_101720,accel_decel_fast_a1.50_c0.00_x_h0.60,accel_decel_pulse,outbound,0,"{""accel_mps2"": 1.5, ""peak_speed_mps"": 1.0, ""cruise_s"": 0.0, ""axis"": ""x""}",landing,0.0,0.0,0.0,0.6,1.7881393432617188e-06,0.0,0.0,0.6,True,0.023703686892986298,0.003732669400051236,0.996851921081543,0.2995419502258301,0.004223653115332127,-0.161397323012352,0.0,1.0,53.0,27.0,0.027,0.0008578064735047519,-4.6600944187957793e-05,0.025441402569413185,0.0028302017599344254,0.0009511153912171721,-0.0013064355589449406,0.20394383370876312,1.2726858854293823,0.023825732991099358,0.025476569309830666,-0.001167320879176259,3.0649953259853646e-06,0.0001788064109859988,3.710850477218628,10.0,0.0,0.0,0.0,0.0,0.0,0.28,32.766,0.278,0.34400000000000003,2.849,2018.8543701171875,809.9324340820312,31.97903060913086,geofence_hard_land,True,
1783703853.0920045,2026-07-10T10:17:33,284703,20260710_101720,accel_decel_fast_a1.50_c0.00_x_h0.60,accel_decel_pulse,outbound,0,"{""accel_mps2"": 1.5, ""peak_speed_mps"": 1.0, ""cruise_s"": 0.0, ""axis"": ""x""}",landing,0.0,0.0,0.0,0.6,1.7881393432617188e-06,0.0,0.0,0.6,True,0.024880042299628258,0.003153889672830701,0.9967227578163147,-0.06680628657341003,0.2335469126701355,0.1276940256357193,0.0,0.0,71.0,27.0,0.027,0.0008578064735047519,-4.6600944187957793e-05,0.025441402569413185,0.0028302017599344254,0.0009511153912171721,-0.0013064355589449406,0.20394383370876312,1.2726858854293823,0.023825732991099358,0.0261211097240448,0.001708190655335784,2.9815153084200574e-06,0.0001736374106258154,3.710850477218628,10.0,0.0,0.0,0.0,0.0,0.0,32.766,32.766,0.279,32.766,2.866,2018.8543701171875,809.9324340820312,31.97903060913086,geofence_hard_land,True,
1783703853.1023164,2026-07-10T10:17:33,284713,20260710_101720,accel_decel_fast_a1.50_c0.00_x_h0.60,accel_decel_pulse,outbound,0,"{""accel_mps2"": 1.5, ""peak_speed_mps"": 1.0, ""cruise_s"": 0.0, ""axis"": ""x""}",landing,0.0,0.0,0.0,0.6,1.7881393432617188e-06,0.0,0.0,0.6,True,0.024426229298114777,0.002107483334839344,0.9994668364524841,-0.013961872085928917,-0.25106489658355713,0.03605412319302559,0.0,1.0,69.0,27.0,0.027,0.0005198006983846426,-5.375700129661709e-05,0.0261211097240448,0.0015595447039231658,0.0008041367400437593,0.0017464591655880213,0.20780032873153687,1.2823460102081299,0.02385818399488926,0.0261211097240448,0.001708190655335784,2.9815153084200574e-06,0.0001736374106258154,3.710850477218628,10.0,0.0,0.0,0.0,0.0,0.0,32.766,32.766,0.279,32.766,2.866,2018.8543701171875,809.9324340820312,31.97903060913086,geofence_hard_land,True,
1783703853.112494,2026-07-10T10:17:33,284726,20260710_101720,accel_decel_fast_a1.50_c0.00_x_h0.60,accel_decel_pulse,outbound,0,"{""accel_mps2"": 1.5, ""peak_speed_mps"": 1.0, ""cruise_s"": 0.0, ""axis"": ""x""}",landing,0.0,0.0,0.0,0.6,1.7881393432617188e-06,0.0,0.0,0.6,True,0.022640664130449295,0.0019855068530887365,0.9998834729194641,0.2978810966014862,0.06577511876821518,-0.028470352292060852,0.0,0.0,71.0,27.0,0.027,0.00016832879919093102,-4.701941361417994e-05,0.026152020320296288,0.00023119816614780575,0.000566713628359139,0.0014566493919119239,0.20780032873153687,1.2823460102081299,0.02385818399488926,0.0261211097240448,0.001708190655335784,2.9815153084200574e-06,0.0001736374106258154,3.710850477218628,10.0,0.0,0.0,0.0,0.0,0.0,32.766,32.766,0.279,32.766,2.866,2018.8543701171875,809.9324340820312,31.97903060913086,geofence_hard_land,True,
1783703853.1226668,2026-07-10T10:17:33,284733,20260710_101720,accel_decel_fast_a1.50_c0.00_x_h0.60,accel_decel_pulse,outbound,0,"{""accel_mps2"": 1.5, ""peak_speed_mps"": 1.0, ""cruise_s"": 0.0, ""axis"": ""x""}",landing,0.0,0.0,0.0,0.6,1.7881393432617188e-06,0.0,0.0,0.6,True,0.024626517668366432,0.003322583856061101,0.999964714050293,-0.0387410968542099,0.13051465153694153,-0.08928386867046356,0.0,-3.0,64.0,27.0,0.027,0.00016832879919093102,-4.701941361417994e-05,0.026152020320296288,0.00023119816614780575,0.000566713628359139,0.0014566493919119239,0.20857791602611542,1.2956666946411133,0.024349654093384743,0.0261211097240448,0.001708190655335784,2.9815153084200574e-06,0.0001736374106258154,3.710850477218628,10.0,0.0,0.0,0.0,0.0,0.0,32.766,32.766,0.279,32.766,2.866,2018.8543701171875,809.9324340820312,31.97903060913086,geofence_hard_land,True,
1783703853.132857,2026-07-10T10:17:33,284746,20260710_101720,accel_decel_fast_a1.50_c0.00_x_h0.60,accel_decel_pulse,outbound,0,"{""accel_mps2"": 1.5, ""peak_speed_mps"": 1.0, ""cruise_s"": 0.0, ""axis"": ""x""}",landing,0.0,0.0,0.0,0.6,1.7881393432617188e-06,0.0,0.0,0.6,True,0.02526923641562462,0.004263916052877903,0.9997993111610413,-0.1582707315683365,-0.32161590456962585,0.11309715360403061,0.0,1.0,54.0,27.0,0.027,0.000785481883212924,-4.748420906253159e-05,0.02653111144900322,0.003142742905765772,0.0003363414143677801,0.0032202794682234526,0.20857791602611542,1.2956666946411133,0.024349654093384743,0.0261211097240448,0.001708190655335784,2.9815153084200574e-06,0.0001736374106258154,3.710850477218628,10.0,0.0,0.0,0.0,0.0,0.0,32.766,32.766,0.279,32.766,2.866,2018.8543701171875,809.9324340820312,31.97903060913086,geofence_hard_land,True,
1783703853.1430287,2026-07-10T10:17:33,284753,20260710_101720,accel_decel_fast_a1.50_c0.00_x_h0.60,accel_decel_pulse,outbound,0,"{""accel_mps2"": 1.5, ""peak_speed_mps"": 1.0, ""cruise_s"": 0.0, ""axis"": ""x""}",landing,0.0,0.0,0.0,0.6,1.7881393432617188e-06,0.0,0.0,0.6,True,0.0263802669942379,0.003983316011726856,1.0019947290420532,0.3515896499156952,0.21456754207611084,-0.023920156061649323,0.0,0.0,61.0,27.0,0.027,0.000785481883212924,-4.748420906253159e-05,0.02653111144900322,0.003142742905765772,0.0003363414143677801,0.0032202794682234526,0.20988605916500092,1.2727311849594116,0.023452041670680046,0.02656351588666439,0.0031817711424082518,3.0650141980004264e-06,0.00017880566883832216,3.7161290645599365,10.0,0.0,0.0,0.0,0.0,0.0,32.766,32.766,0.279,32.766,2.866,2018.7723388671875,809.9401245117188,31.984556198120117,geofence_hard_land,True,
1783703853.153259,2026-07-10T10:17:33,284767,20260710_101720,accel_decel_fast_a1.50_c0.00_x_h0.60,accel_decel_pulse,outbound,0,"{""accel_mps2"": 1.5, ""peak_speed_mps"": 1.0, ""cruise_s"": 0.0, ""axis"": ""x""}",landing,0.0,0.0,0.0,0.6,1.7881393432617188e-06,0.0,0.0,0.6,True,0.02489841915667057,0.002653753152117133,0.9980036020278931,-0.04576190561056137,-0.1441957950592041,-0.1183309331536293,0.0,0.0,71.0,27.0,0.027,0.0008549491176381707,-3.994288999820128e-05,0.02659677527844906,0.00382584729231894,0.0004008297109976411,0.0033910730853676796,0.21056608855724335,1.2726892232894897,0.02463863417506218,0.02656351588666439,0.0031817711424082518,3.0650141980004264e-06,0.00017880566883832216,3.7161290645599365,10.0,0.0,0.0,0.0,0.0,0.0,32.766,32.766,0.279,32.766,2.866,2018.7723388671875,809.9401245117188,31.984556198120117,geofence_hard_land,True,
1783703853.163425,2026-07-10T10:17:33,284773,20260710_101720,accel_decel_fast_a1.50_c0.00_x_h0.60,accel_decel_pulse,outbound,0,"{""accel_mps2"": 1.5, ""peak_speed_mps"": 1.0, ""cruise_s"": 0.0, ""axis"": ""x""}",landing,0.0,0.0,0.0,0.6,1.7881393432617188e-06,0.0,0.0,0.6,True,0.022862842306494713,0.0030649970285594463,0.9997456073760986,0.006383730098605156,-0.33411523699760437,0.18492214381694794,0.0,0.0,66.0,27.0,0.027,0.0008549491176381707,-3.994288999820128e-05,0.02659677527844906,0.00382584729231894,0.0004008297109976411,0.0033910730853676796,0.21056608855724335,1.2726892232894897,0.02463863417506218,0.02656351588666439,0.0031817711424082518,3.0650141980004264e-06,0.00017880566883832216,3.7161290645599365,10.0,0.0,0.0,0.0,0.0,0.0,32.766,32.766,0.279,32.766,2.866,2018.7723388671875,809.9401245117188,31.984556198120117,geofence_hard_land,True,
1783703853.1735961,2026-07-10T10:17:33,284787,20260710_101720,accel_decel_fast_a1.50_c0.00_x_h0.60,accel_decel_pulse,outbound,0,"{""accel_mps2"": 1.5, ""peak_speed_mps"": 1.0, ""cruise_s"": 0.0, ""axis"": ""x""}",landing,0.0,0.0,0.0,0.6,1.7881393432617188e-06,0.0,0.0,0.6,True,0.024461887776851654,0.0032281940802931786,0.9977714419364929,-0.2234826683998108,0.2937094271183014,0.09955675154924393,0.0,2.0,51.0,27.0,0.027,0.00016589758160989732,-3.9863840356701985e-05,0.02666514180600643,0.0005342211225070059,0.00019734853412956,0.003241288475692272,0.21067099273204803,1.3011192083358765,0.025019945576786995,0.02656351588666439,0.0031817711424082518,3.0650141980004264e-06,0.00017880566883832216,3.7161290645599365,10.0,0.0,0.0,0.0,0.0,0.0,32.766,32.766,0.279,32.766,2.866,2018.7723388671875,809.9401245117188,31.984556198120117,geofence_hard_land,True,
1783703853.1837692,2026-07-10T10:17:33,284793,20260710_101720,accel_decel_fast_a1.50_c0.00_x_h0.60,accel_decel_pulse,outbound,0,"{""accel_mps2"": 1.5, ""peak_speed_mps"": 1.0, ""cruise_s"": 0.0, ""axis"": ""x""}",landing,0.0,0.0,0.0,0.6,1.7881393432617188e-06,0.0,0.0,0.6,True,0.023491762578487396,0.002768013859167695,1.0007127523422241,-0.1854536235332489,0.060700107365846634,0.027545135468244553,0.0,0.0,53.0,27.0,0.027,0.00016589758160989732,-3.9863840356701985e-05,0.02666514180600643,0.0005342211225070059,0.00019734853412956,0.003241288475692272,0.21067099273204803,1.3011192083358765,0.025019945576786995,0.02656351588666439,0.0031817711424082518,3.0650141980004264e-06,0.00017880566883832216,3.7161290645599365,10.0,0.0,0.0,0.0,0.0,0.0,32.766,32.766,0.279,32.766,2.866,2018.7723388671875,809.9401245117188,31.984556198120117,geofence_hard_land,True,
1783703853.193942,2026-07-10T10:17:33,284807,20260710_101720,accel_decel_fast_a1.50_c0.00_x_h0.60,accel_decel_pulse,outbound,0,"{""accel_mps2"": 1.5, ""peak_speed_mps"": 1.0, ""cruise_s"": 0.0, ""axis"": ""x""}",landing,0.0,0.0,0.0,0.6,1.7881393432617188e-06,0.0,0.0,0.6,True,0.0251166969537735,0.003791029565036297,1.0005754232406616,-0.09834735095500946,0.08398186415433884,0.03880101442337036,0.0,-1.0,74.0,27.0,0.027,0.0005244986386969686,-3.8118108932394534e-05,0.026865657418966293,0.002427249914035201,4.906531466986053e-05,0.0038923739921301603,0.20846647024154663,1.2822829484939575,0.026582280173897743,0.026865258812904358,0.0038661714643239975,2.9815266771038296e-06,0.000173643566085957,3.710850477218628,10.0,0.0,0.0,0.0,0.0,0.0,0.276,32.766,0.278,0.34700000000000003,2.832,2018.7723388671875,809.9401245117188,31.984556198120117,geofence_hard_land,True,
1783703853.2041628,2026-07-10T10:17:33,284813,20260710_101720,accel_decel_fast_a1.50_c0.00_x_h0.60,accel_decel_pulse,outbound,0,"{""accel_mps2"": 1.5, ""peak_speed_mps"": 1.0, ""cruise_s"": 0.0, ""axis"": ""x""}",landing,0.0,0.0,0.0,0.6,1.7881393432617188e-06,0.0,0.0,0.6,True,0.022657113149762154,0.00540269585326314,0.9996989369392395,-0.13755470514297485,0.0221905168145895,0.0739174410700798,0.0,0.0,72.0,27.0,0.027,0.0005244986386969686,-3.8118108932394534e-05,0.026865657418966293,0.002427249914035201,4.906531466986053e-05,0.0038923739921301603,0.20846647024154663,1.2822829484939575,0.026582280173897743,0.026865258812904358,0.0038661714643239975,2.9815266771038296e-06,0.000173643566085957,3.710850477218628,10.0,0.0,0.0,0.0,0.0,0.0,0.276,32.766,0.278,0.34700000000000003,2.832,2018.7723388671875,809.9401245117188,31.984556198120117,geofence_hard_land,True,
1783703853.2143798,2026-07-10T10:17:33,284827,20260710_101720,accel_decel_fast_a1.50_c0.00_x_h0.60,accel_decel_pulse,outbound,0,"{""accel_mps2"": 1.5, ""peak_speed_mps"": 1.0, ""cruise_s"": 0.0, ""axis"": ""x""}",landing,0.0,0.0,0.0,0.6,1.7881393432617188e-06,0.0,0.0,0.6,True,0.02001139707863331,0.0038660226855427027,0.9996719360351562,0.13862253725528717,0.14187808334827423,-0.19935724139213562,0.0,0.0,71.0,27.0,0.027,0.0005766533431597054,-3.632793959695846e-05,0.026943711563944817,0.002667216118425131,0.00018619133334141225,0.00390889635309577,0.20690269768238068,1.2779115438461304,0.026493610814213753,0.026865258812904358,0.0038661714643239975,2.9815266771038296e-06,0.000173643566085957,3.710850477218628,10.0,0.0,0.0,0.0,0.0,0.0,0.276,32.766,0.278,0.34700000000000003,2.832,2018.7723388671875,809.9401245117188,31.984556198120117,geofence_hard_land,True,
1783703853.2245634,2026-07-10T10:17:33,284833,20260710_101720,accel_decel_fast_a1.50_c0.00_x_h0.60,accel_decel_pulse,outbound,0,"{""accel_mps2"": 1.5, ""peak_speed_mps"": 1.0, ""cruise_s"": 0.0, ""axis"": ""x""}",landing,0.0,0.0,0.0,0.6,1.7881393432617188e-06,0.0,0.0,0.6,True,0.022388147190213203,0.00499388761818409,0.9995856881141663,0.050517287105321884,0.18780973553657532,0.06241201236844063,0.0,0.0,62.0,27.0,0.027,0.0005766533431597054,-3.632793959695846e-05,0.026943711563944817,0.002667216118425131,0.00018619133334141225,0.00390889635309577,0.20690269768238068,1.2779115438461304,0.026493610814213753,0.026865258812904358,0.0038661714643239975,2.9815266771038296e-06,0.000173643566085957,3.710850477218628,10.0,0.0,0.0,0.0,0.0,0.0,0.276,32.766,0.278,0.34700000000000003,2.832,2018.7723388671875,809.9401245117188,31.984556198120117,geofence_hard_land,True,
1783703853.234793,2026-07-10T10:17:33,284848,20260710_101720,accel_decel_fast_a1.50_c0.00_x_h0.60,accel_decel_pulse,outbound,0,"{""accel_mps2"": 1.5, ""peak_speed_mps"": 1.0, ""cruise_s"": 0.0, ""axis"": ""x""}",landing,0.0,0.0,0.0,0.6,1.7881393432617188e-06,0.0,0.0,0.6,True,0.0238638985902071,0.0054175411351025105,0.9997187852859497,-0.03701304644346237,0.03275448456406593,-0.2430962175130844,0.0,1.0,51.0,21.0,0.021,0.00024511548690497875,-3.394008308532648e-05,0.024530671536922455,0.0007750510121695697,0.0003728665760718286,-0.008533213287591934,0.20961487293243408,1.2904139757156372,0.025629520416259766,0.024445340037345886,-0.008552426472306252,3.06499305224861e-06,0.0001788145600585267,3.710850477218628,10.0,0.0,0.0,0.0,0.0,0.0,0.276,32.766,0.278,0.34700000000000003,2.832,2018.7723388671875,809.9401245117188,31.984556198120117,geofence_hard_land,True,
1783703853.2449753,2026-07-10T10:17:33,284853,20260710_101720,accel_decel_fast_a1.50_c0.00_x_h0.60,accel_decel_pulse,outbound,0,"{""accel_mps2"": 1.5, ""peak_speed_mps"": 1.0, ""cruise_s"": 0.0, ""axis"": ""x""}",landing,0.0,0.0,0.0,0.6,1.7881393432617188e-06,0.0,0.0,0.6,True,0.022396329790353775,0.004752759821712971,0.9991822242736816,0.34373363852500916,-0.12553784251213074,0.11769171059131622,0.0,-2.0,64.0,21.0,0.021,0.00024511548690497875,-3.394008308532648e-05,0.024530671536922455,0.0007750510121695697,0.0003728665760718286,-0.008533213287591934,0.20961487293243408,1.2904139757156372,0.025629520416259766,0.024445340037345886,-0.008552426472306252,3.06499305224861e-06,0.0001788145600585267,3.7161290645599365,10.0,0.0,0.0,0.0,0.0,0.0,0.276,32.766,0.278,0.34700000000000003,2.832,2018.734130859375,809.9434204101562,31.98995590209961,geofence_hard_land,True,
1783703853.2551734,2026-07-10T10:17:33,284867,20260710_101720,accel_decel_fast_a1.50_c0.00_x_h0.60,accel_decel_pulse,outbound,0,"{""accel_mps2"": 1.5, ""peak_speed_mps"": 1.0, ""cruise_s"": 0.0, ""axis"": ""x""}",landing,0.0,0.0,0.0,0.6,1.7881393432617188e-06,0.0,0.0,0.6,True,0.020016057416796684,0.0025698922108858824,1.0001659393310547,0.06421923637390137,-0.41624656319618225,-0.028076857328414917,0.0,2.0,72.0,21.0,0.021,0.00023485241399612278,-4.62289790448267e-05,0.0243624746799469,0.0005783592350780964,0.0004958490608260036,-0.008576438762247562,0.21202240884304047,1.2924330234527588,0.025489378720521927,0.024445340037345886,-0.008552426472306252,3.06499305224861e-06,0.0001788145600585267,3.7161290645599365,10.0,0.0,0.0,0.0,0.0,0.0,0.276,32.766,0.278,0.34700000000000003,2.832,2018.734130859375,809.9434204101562,31.98995590209961,geofence_hard_land,True,
1783703853.2653883,2026-07-10T10:17:33,284873,20260710_101720,accel_decel_fast_a1.50_c0.00_x_h0.60,accel_decel_pulse,outbound,0,"{""accel_mps2"": 1.5, ""peak_speed_mps"": 1.0, ""cruise_s"": 0.0, ""axis"": ""x""}",landing,0.0,0.0,0.0,0.6,1.7881393432617188e-06,0.0,0.0,0.6,True,0.02200154960155487,0.004701282829046249,0.9994771480560303,0.24540436267852783,0.2157016545534134,0.039511773735284805,0.0,-2.0,76.0,21.0,0.021,0.00023485241399612278,-4.62289790448267e-05,0.0243624746799469,0.0005783592350780964,0.0004958490608260036,-0.008576438762247562,0.21202240884304047,1.2924330234527588,0.025489378720521927,0.024445340037345886,-0.008552426472306252,3.06499305224861e-06,0.0001788145600585267,3.7161290645599365,10.0,0.0,0.0,0.0,0.0,0.0,0.276,32.766,0.278,0.34700000000000003,2.832,2018.734130859375,809.9434204101562,31.98995590209961,geofence_hard_land,True,
1783703853.2755818,2026-07-10T10:17:33,284887,20260710_101720,accel_decel_fast_a1.50_c0.00_x_h0.60,accel_decel_pulse,outbound,0,"{""accel_mps2"": 1.5, ""peak_speed_mps"": 1.0, ""cruise_s"": 0.0, ""axis"": ""x""}",landing,0.0,0.0,0.0,0.6,1.7881393432617188e-06,0.0,0.0,0.6,True,0.025411635637283325,0.003269345499575138,0.9985789656639099,-0.004902443382889032,-0.14059075713157654,-0.33486688137054443,0.0,0.0,50.0,21.0,0.021,0.0009750932804308832,-4.9623980885371566e-05,0.02419322356581688,0.0035923749674111605,0.0004807937075383961,-0.00856214389204979,0.21429161727428436,1.265571117401123,0.026618976145982742,0.024445340037345886,-0.008552426472306252,3.06499305224861e-06,0.0001788145600585267,3.7161290645599365,10.0,0.0,0.0,0.0,0.0,0.0,0.276,32.766,0.278,0.34700000000000003,2.832,2018.734130859375,809.9434204101562,31.98995590209961,geofence_hard_land,True,
1783703853.2857575,2026-07-10T10:17:33,284899,20260710_101720,accel_decel_fast_a1.50_c0.00_x_h0.60,accel_decel_pulse,outbound,0,"{""accel_mps2"": 1.5, ""peak_speed_mps"": 1.0, ""cruise_s"": 0.0, ""axis"": ""x""}",landing,0.0,0.0,0.0,0.6,1.7881393432617188e-06,0.0,0.0,0.6,True,0.02458958886563778,0.002562842331826687,1.0000582933425903,-0.009320177137851715,0.1936749666929245,-0.11769764870405197,2.0,5.0,50.0,26.0,0.026,0.0009750932804308832,-4.9623980885371566e-05,0.02419322356581688,0.0035923749674111605,0.0004807937075383961,-0.00856214389204979,0.21429161727428436,1.265571117401123,0.026618976145982742,0.02487722598016262,-0.004297527950257063,2.981503257615259e-06,0.00017364011728204787,3.710850477218628,10.0,0.0,0.0,0.0,0.0,0.0,0.276,32.766,0.278,0.34700000000000003,2.832,2018.734130859375,809.9434204101562,31.98995590209961,geofence_hard_land,True,
1783703853.2959504,2026-07-10T10:17:33,284907,20260710_101720,accel_decel_fast_a1.50_c0.00_x_h0.60,accel_decel_pulse,outbound,0,"{""accel_mps2"": 1.5, ""peak_speed_mps"": 1.0, ""cruise_s"": 0.0, ""axis"": ""x""}",landing,0.0,0.0,0.0,0.6,1.7881393432617188e-06,0.0,0.0,0.6,True,0.02153201773762703,0.0043980455957353115,0.9986936450004578,-0.1984623521566391,0.07870209962129593,-0.006867034826427698,-1.0,-2.0,76.0,26.0,0.026,-8.964170410763472e-05,-0.00039818513323552907,0.024883253499865532,-0.0008486918522976339,-0.001182347652502358,-0.004363070707768202,0.2248084396123886,1.298982858657837,0.0255892351269722,0.02487722598016262,-0.004297527950257063,2.981503257615259e-06,0.00017364011728204787,3.710850477218628,10.0,0.0,0.0,0.0,0.0,0.0,32.766,32.766,0.28400000000000003,0.34500000000000003,32.766,2018.734130859375,809.9434204101562,31.98995590209961,geofence_hard_land,True,
1783703853.3061433,2026-07-10T10:17:33,284913,20260710_101720,accel_decel_fast_a1.50_c0.00_x_h0.60,accel_decel_pulse,outbound,0,"{""accel_mps2"": 1.5, ""peak_speed_mps"": 1.0, ""cruise_s"": 0.0, ""axis"": ""x""}",landing,0.0,0.0,0.0,0.6,1.7881393432617188e-06,0.0,0.0,0.6,True,0.020771574229002,0.006780283059924841,0.9977425932884216,0.2674500346183777,0.024983150884509087,0.017390137538313866,0.0,-1.0,69.0,26.0,0.026,-8.964170410763472e-05,-0.00039818513323552907,0.024883253499865532,-0.0008486918522976339,-0.001182347652502358,-0.004363070707768202,0.2248084396123886,1.298982858657837,0.0255892351269722,0.02487722598016262,-0.004297527950257063,2.981503257615259e-06,0.00017364011728204787,3.710850477218628,10.0,0.0,0.0,0.0,0.0,0.0,32.766,32.766,0.28400000000000003,0.34500000000000003,32.766,2018.734130859375,809.9434204101562,31.98995590209961,geofence_hard_land,True,
1783703853.316389,2026-07-10T10:17:33,284927,20260710_101720,accel_decel_fast_a1.50_c0.00_x_h0.60,accel_decel_pulse,outbound,0,"{""accel_mps2"": 1.5, ""peak_speed_mps"": 1.0, ""cruise_s"": 0.0, ""axis"": ""x""}",landing,0.0,0.0,0.0,0.6,1.7881393432617188e-06,0.0,0.0,0.6,True,0.02361649088561535,0.0033454943913966417,0.9973429441452026,-0.024270785972476006,-0.14167125523090363,-0.11474771052598953,0.0,-1.0,73.0,26.0,0.026,0.0005583132733590901,-0.00039712447323836386,0.02479526214301586,0.0019087066175416112,-0.0007843194180168211,-0.004637332633137703,0.22599275410175323,1.274838924407959,0.02483994886279106,0.02487722598016262,-0.004297527950257063,2.981503257615259e-06,0.00017364011728204787,3.710850477218628,10.0,0.0,0.0,0.0,0.0,0.0,32.766,32.766,0.28400000000000003,0.34500000000000003,32.766,2018.734130859375,809.9434204101562,31.98995590209961,geofence_hard_land,True,
1783703853.3265567,2026-07-10T10:17:33,284933,20260710_101720,accel_decel_fast_a1.50_c0.00_x_h0.60,accel_decel_pulse,outbound,0,"{""accel_mps2"": 1.5, ""peak_speed_mps"": 1.0, ""cruise_s"": 0.0, ""axis"": ""x""}",landing,0.0,0.0,0.0,0.6,1.7881393432617188e-06,0.0,0.0,0.6,True,0.022991837933659554,0.002075829776003957,1.0010079145431519,-0.012828716076910496,-0.08180078119039536,0.015716057270765305,0.0,0.0,63.0,26.0,0.026,0.0005583132733590901,-0.00039712447323836386,0.02479526214301586,0.0019087066175416112,-0.0007843194180168211,-0.004637332633137703,0.22599275410175323,1.274838924407959,0.02483994886279106,0.02487722598016262,-0.004297527950257063,2.981503257615259e-06,0.00017364011728204787,3.710850477218628,10.0,0.0,0.0,0.0,0.0,0.0,32.766,32.766,0.28400000000000003,0.34500000000000003,32.766,2018.734130859375,809.9434204101562,31.98995590209961,geofence_hard_land,True,
1783703853.3367357,2026-07-10T10:17:33,284950,20260710_101720,accel_decel_fast_a1.50_c0.00_x_h0.60,accel_decel_pulse,outbound,0,"{""accel_mps2"": 1.5, ""peak_speed_mps"": 1.0, ""cruise_s"": 0.0, ""axis"": ""x""}",landing,0.0,0.0,0.0,0.6,1.7881393432617188e-06,0.0,0.0,0.6,True,0.022558728232979774,0.0021684751845896244,0.9984248876571655,-0.15868017077445984,-0.11956820636987686,0.05134138837456703,0.0,0.0,48.0,27.0,0.027,0.0005780880455859005,-0.0004186224832665175,0.025638235732913017,0.001999358180910349,-0.0010581199312582612,-4.586230352288112e-05,0.22617092728614807,1.2746506929397583,0.024265490472316742,0.025637147948145866,-0.00021227625256869942,3.0649900963908294e-06,0.00017881288658827543,3.710850477218628,10.0,0.0,0.0,0.0,0.0,0.0,32.766,32.766,0.28400000000000003,0.34500000000000003,32.766,2018.734130859375,809.9434204101562,31.98995590209961,geofence_hard_land,True,
1783703853.3469446,2026-07-10T10:17:33,284953,20260710_101720,accel_decel_fast_a1.50_c0.00_x_h0.60,accel_decel_pulse,outbound,0,"{""accel_mps2"": 1.5, ""peak_speed_mps"": 1.0, ""cruise_s"": 0.0, ""axis"": ""x""}",landing,0.0,0.0,0.0,0.6,1.7881393432617188e-06,0.0,0.0,0.6,True,0.02477133646607399,0.0048464518040418625,0.996493935585022,0.12597310543060303,-0.053863514214754105,-0.02298130840063095,0.0,0.0,64.0,27.0,0.027,0.0005780880455859005,-0.0004186224832665175,0.025638235732913017,0.001999358180910349,-0.0010581199312582612,-4.586230352288112e-05,0.22617092728614807,1.2746506929397583,0.024265490472316742,0.025637147948145866,-0.00021227625256869942,3.0649900963908294e-06,0.00017881288658827543,3.710850477218628,10.0,0.0,0.0,0.0,0.0,0.0,32.766,32.766,0.28400000000000003,0.34500000000000003,32.766,2018.8106689453125,809.9364013671875,31.99079704284668,geofence_hard_land,True,
1783703853.3571806,2026-07-10T10:17:33,284971,20260710_101720,accel_decel_fast_a1.50_c0.00_x_h0.60,accel_decel_pulse,outbound,0,"{""accel_mps2"": 1.5, ""peak_speed_mps"": 1.0, ""cruise_s"": 0.0, ""axis"": ""x""}",landing,0.0,0.0,0.0,0.6,1.7881393432617188e-06,0.0,0.0,0.6,True,0.022168833762407303,0.0035972814075648785,1.0011955499649048,0.057365983724594116,-0.11768846213817596,-0.11877459287643433,0.0,0.0,69.0,27.0,0.027,0.0006203849334269762,-0.0004414689028635621,0.02563408948481083,0.0023234349209815264,-0.0010749782668426633,-0.00044030032586306334,0.22580203413963318,1.2734781503677368,0.024815678596496582,0.025637147948145866,-0.00021227625256869942,3.0649900963908294e-06,0.00017881288658827543,3.710850477218628,10.0,0.0,0.0,0.0,0.0,0.0,32.766,32.766,0.28400000000000003,0.34500000000000003,32.766,2018.8106689453125,809.9364013671875,31.99079704284668,geofence_hard_land,True,
1783703853.3673713,2026-07-10T10:17:33,284981,20260710_101720,accel_decel_fast_a1.50_c0.00_x_h0.60,accel_decel_pulse,outbound,0,"{""accel_mps2"": 1.5, ""peak_speed_mps"": 1.0, ""cruise_s"": 0.0, ""axis"": ""x""}",landing,0.0,0.0,0.0,0.6,1.7881393432617188e-06,0.0,0.0,0.6,True,0.024662241339683533,0.0024454931262880564,1.00217604637146,-0.004497021436691284,0.04234334081411362,0.01601758785545826,0.0,-1.0,79.0,27.0,0.027,0.0006203849334269762,-0.0004414689028635621,0.02563408948481083,0.0023234349209815264,-0.0010749782668426633,-0.00044030032586306334,0.22580203413963318,1.2734781503677368,0.024815678596496582,0.025637147948145866,-0.00021227625256869942,3.0649900963908294e-06,0.00017881288658827543,3.710850477218628,10.0,0.0,0.0,0.0,0.0,0.0,32.766,32.766,0.28400000000000003,0.34500000000000003,32.766,2018.8106689453125,809.9364013671875,31.99079704284668,geofence_hard_land,True,
1783703853.3775506,2026-07-10T10:17:33,284991,20260710_101720,accel_decel_fast_a1.50_c0.00_x_h0.60,accel_decel_pulse,outbound,0,"{""accel_mps2"": 1.5, ""peak_speed_mps"": 1.0, ""cruise_s"": 0.0, ""axis"": ""x""}",landing,0.0,0.0,0.0,0.6,1.7881393432617188e-06,0.0,0.0,0.6,True,0.02356608398258686,0.0009667070698924363,0.9992645978927612,0.2947533428668976,-0.3082801401615143,-0.15250173211097717,0.0,0.0,54.0,27.0,0.027,0.0010016831802204251,-0.0004462451324798167,0.025625862181186676,0.003947748802602291,-0.0009165451629087329,-0.0002748206024989486,0.22617127001285553,1.2607734203338623,0.02391062304377556,0.025637147948145866,-0.00021227625256869942,3.0649900963908294e-06,0.00017881288658827543,3.710850477218628,10.0,0.0,0.0,0.0,0.0,0.0,32.766,32.766,0.28400000000000003,0.34500000000000003,32.766,2018.8106689453125,809.9364013671875,31.99079704284668,geofence_hard_land,True,
1783703853.3877206,2026-07-10T10:17:33,285001,20260710_101720,accel_decel_fast_a1.50_c0.00_x_h0.60,accel_decel_pulse,outbound,0,"{""accel_mps2"": 1.5, ""peak_speed_mps"": 1.0, ""cruise_s"": 0.0, ""axis"": ""x""}",landing,0.0,0.0,0.0,0.6,1.7881393432617188e-06,0.0,0.0,0.6,True,0.022346846759319305,0.003277450567111373,0.9997137784957886,0.016744671389460564,0.11297163367271423,0.1153019592165947,0.0,0.0,51.0,27.0,0.027,0.0010016831802204251,-0.0004462451324798167,0.025625862181186676,0.003947748802602291,-0.0009165451629087329,-0.0002748206024989486,0.22617127001285553,1.2607734203338623,0.02391062304377556,0.02624344453215599,0.0028568203561007977,2.98152167488297e-06,0.00017365004168823361,3.7161290645599365,10.0,0.0,0.0,0.0,0.0,0.0,32.766,32.766,0.274,0.34500000000000003,2.832,2018.8106689453125,809.9364013671875,31.99079704284668,geofence_hard_land,True,
1783703853.3978887,2026-07-10T10:17:33,285011,20260710_101720,accel_decel_fast_a1.50_c0.00_x_h0.60,accel_decel_pulse,outbound,0,"{""accel_mps2"": 1.5, ""peak_speed_mps"": 1.0, ""cruise_s"": 0.0, ""axis"": ""x""}",landing,0.0,0.0,0.0,0.6,1.7881393432617188e-06,0.0,0.0,0.6,True,0.02126469835639,0.004429960157722235,1.0000110864639282,0.1153423935174942,0.037490032613277435,-0.04019835218787193,0.0,1.0,71.0,27.0,0.027,0.0006024774629622698,-0.0004429045657161623,0.026244599372148514,0.002121684607118368,-0.0012182347709313035,0.002946528373286128,0.22747009992599487,1.2758502960205078,0.022773761302232742,0.02624344453215599,0.0028568203561007977,2.98152167488297e-06,0.00017365004168823361,3.7161290645599365,10.0,0.0,0.0,0.0,0.0,0.0,32.766,32.766,0.274,0.34500000000000003,2.832,2018.8106689453125,809.9364013671875,31.99079704284668,geofence_hard_land,True,
1783703853.4080546,2026-07-10T10:17:33,285021,20260710_101720,accel_decel_fast_a1.50_c0.00_x_h0.60,accel_decel_pulse,outbound,0,"{""accel_mps2"": 1.5, ""peak_speed_mps"": 1.0, ""cruise_s"": 0.0, ""axis"": ""x""}",landing,0.0,0.0,0.0,0.6,1.7881393432617188e-06,0.0,0.0,0.6,True,0.024517759680747986,0.00549430912360549,1.000780463218689,0.17320634424686432,-0.07857982069253922,-0.003465780057013035,0.0,0.0,73.0,27.0,0.027,0.0006024774629622698,-0.0004429045657161623,0.026244599372148514,0.002121684607118368,-0.0012182347709313035,0.002946528373286128,0.22747009992599487,1.2758502960205078,0.022773761302232742,0.02624344453215599,0.0028568203561007977,2.98152167488297e-06,0.00017365004168823361,3.7161290645599365,10.0,0.0,0.0,0.0,0.0,0.0,32.766,32.766,0.274,0.34500000000000003,2.832,2018.8106689453125,809.9364013671875,31.99079704284668,geofence_hard_land,True,
1783703853.418226,2026-07-10T10:17:33,285031,20260710_101720,accel_decel_fast_a1.50_c0.00_x_h0.60,accel_decel_pulse,outbound,0,"{""accel_mps2"": 1.5, ""peak_speed_mps"": 1.0, ""cruise_s"": 0.0, ""axis"": ""x""}",landing,0.0,0.0,0.0,0.6,1.7881393432617188e-06,0.0,0.0,0.6,True,0.026203902438282967,0.003432891331613064,1.0006974935531616,0.046901922672986984,-0.014122539199888706,-0.1678658127784729,0.0,-1.0,66.0,27.0,0.027,0.0009856517426669598,-0.0004527604905888438,0.026303498074412346,0.003592026885598898,-0.0011644852347671986,0.0029774310532957315,0.22676368057727814,1.2633601427078247,0.0232737697660923,0.02624344453215599,0.0028568203561007977,2.98152167488297e-06,0.00017365004168823361,3.7161290645599365,10.0,0.0,0.0,0.0,0.0,0.0,32.766,32.766,0.274,0.34500000000000003,2.832,2018.8106689453125,809.9364013671875,31.99079704284668,geofence_hard_land,True,
1783703853.4283884,2026-07-10T10:17:33,285041,20260710_101720,accel_decel_fast_a1.50_c0.00_x_h0.60,accel_decel_pulse,outbound,0,"{""accel_mps2"": 1.5, ""peak_speed_mps"": 1.0, ""cruise_s"": 0.0, ""axis"": ""x""}",landing,0.0,0.0,0.0,0.6,1.7881393432617188e-06,0.0,0.0,0.6,True,0.024555323645472527,0.004172983579337597,0.9981208443641663,0.23668760061264038,-0.3912605941295624,0.009356344118714333,0.0,0.0,60.0,27.0,0.027,0.0009856517426669598,-0.0004527604905888438,0.026303498074412346,0.003592026885598898,-0.0011644852347671986,0.0029774310532957315,0.22676368057727814,1.2633601427078247,0.0232737697660923,0.02624344453215599,0.0028568203561007977,2.98152167488297e-06,0.00017365004168823361,3.7161290645599365,10.0,0.0,0.0,0.0,0.0,0.0,32.766,32.766,0.274,0.34500000000000003,2.832,2018.8106689453125,809.9364013671875,31.99079704284668,geofence_hard_land,True,
1783703853.4385507,2026-07-10T10:17:33,285052,20260710_101720,accel_decel_fast_a1.50_c0.00_x_h0.60,accel_decel_pulse,outbound,0,"{""accel_mps2"": 1.5, ""peak_speed_mps"": 1.0, ""cruise_s"": 0.0, ""axis"": ""x""}",landing,0.0,0.0,0.0,0.6,1.7881393432617188e-06,0.0,0.0,0.6,True,0.021991338580846786,0.002295129466801882,1.0007576942443848,-0.011059079319238663,-0.03249257057905197,0.001993032870814204,0.0,2.0,50.0,26.0,0.026,0.00020338903414085507,-0.0004565440758597106,0.02622777223587036,0.0003609296109061688,-0.0009887275518849492,0.0024552110116928816,0.22697627544403076,1.2908302545547485,0.02343871258199215,0.026251863688230515,0.002355130622163415,3.065015107495128e-06,0.00017881320673041046,3.7161290645599365,10.0,0.0,0.0,0.0,0.0,0.0,32.766,32.766,0.274,0.34500000000000003,2.832,2018.8050537109375,809.9370727539062,31.995481491088867,geofence_hard_land,True,
1783703853.4487157,2026-07-10T10:17:33,285061,20260710_101720,accel_decel_fast_a1.50_c0.00_x_h0.60,accel_decel_pulse,outbound,0,"{""accel_mps2"": 1.5, ""peak_speed_mps"": 1.0, ""cruise_s"": 0.0, ""axis"": ""x""}",landing,0.0,0.0,0.0,0.6,1.7881393432617188e-06,0.0,0.0,0.6,True,0.02358498051762581,0.0035109035670757294,1.000354528427124,0.019270285964012146,-0.22320905327796936,-0.06705782562494278,0.0,-1.0,71.0,26.0,0.026,0.00020338903414085507,-0.0004565440758597106,0.02622777223587036,0.0003609296109061688,-0.0009887275518849492,0.0024552110116928816,0.22697627544403076,1.2908302545547485,0.02343871258199215,0.026251863688230515,0.002355130622163415,3.065015107495128e-06,0.00017881320673041046,3.7161290645599365,10.0,0.0,0.0,0.0,0.0,0.0,32.766,32.766,0.274,0.34500000000000003,2.832,2018.8050537109375,809.9370727539062,31.995481491088867,geofence_hard_land,True,
1783703853.4588819,2026-07-10T10:17:33,285071,20260710_101720,accel_decel_fast_a1.50_c0.00_x_h0.60,accel_decel_pulse,outbound,0,"{""accel_mps2"": 1.5, ""peak_speed_mps"": 1.0, ""cruise_s"": 0.0, ""axis"": ""x""}",landing,0.0,0.0,0.0,0.6,1.7881393432617188e-06,0.0,0.0,0.6,True,0.025717036798596382,0.003981190267950296,0.9993266463279724,0.17693544924259186,0.08385031670331955,-0.07838165760040283,0.0,0.0,63.0,26.0,0.026,0.0005814144969917834,-0.0004569951561279595,0.02627662755548954,0.00207049329765141,-0.0010430418187752366,0.0024770330637693405,0.22593095898628235,1.2808811664581299,0.022601589560508728,0.026251863688230515,0.002355130622163415,3.065015107495128e-06,0.00017881320673041046,3.7161290645599365,10.0,0.0,0.0,0.0,0.0,0.0,32.766,32.766,0.274,0.34500000000000003,2.832,2018.8050537109375,809.9370727539062,31.995481491088867,geofence_hard_land,True,
1783703853.469044,2026-07-10T10:17:33,285081,20260710_101720,accel_decel_fast_a1.50_c0.00_x_h0.60,accel_decel_pulse,outbound,0,"{""accel_mps2"": 1.5, ""peak_speed_mps"": 1.0, ""cruise_s"": 0.0, ""axis"": ""x""}",landing,0.0,0.0,0.0,0.6,1.7881393432617188e-06,0.0,0.0,0.6,True,0.022333020344376564,0.002124249469488859,0.9981226921081543,0.04607424885034561,-0.049559853971004486,-0.06487326323986053,1.0,-4.0,75.0,26.0,0.026,0.0005814144969917834,-0.0004569951561279595,0.02627662755548954,0.00207049329765141,-0.0010430418187752366,0.0024770330637693405,0.22593095898628235,1.2808811664581299,0.022601589560508728,0.026251863688230515,0.002355130622163415,3.065015107495128e-06,0.00017881320673041046,3.7161290645599365,10.0,0.0,0.0,0.0,0.0,0.0,32.766,32.766,0.274,0.34500000000000003,2.832,2018.8050537109375,809.9370727539062,31.995481491088867,geofence_hard_land,True,
1783703853.4792562,2026-07-10T10:17:33,285093,20260710_101720,accel_decel_fast_a1.50_c0.00_x_h0.60,accel_decel_pulse,outbound,0,"{""accel_mps2"": 1.5, ""peak_speed_mps"": 1.0, ""cruise_s"": 0.0, ""axis"": ""x""}",landing,0.0,0.0,0.0,0.6,1.7881393432617188e-06,0.0,0.0,0.6,True,0.023207638412714005,0.0017257807776331902,0.9977899193763733,0.2780393362045288,-0.24158692359924316,0.07237663865089417,0.0,0.0,52.0,25.0,0.025,0.0009143570205196738,-0.0004476421745494008,0.02633865550160408,0.0036054484080523252,-0.0009100506431423128,0.0025311680510640144,0.2254720777273178,1.273687720298767,0.021465156227350235,0.026251863688230515,0.002355130622163415,3.065015107495128e-06,0.00017881320673041046,3.7161290645599365,10.0,0.0,0.0,0.0,0.0,0.0,32.766,32.766,0.274,0.34500000000000003,2.832,2018.8050537109375,809.9370727539062,31.995481491088867,geofence_hard_land,True,
1783703853.4894183,2026-07-10T10:17:33,285103,20260710_101720,accel_decel_fast_a1.50_c0.00_x_h0.60,accel_decel_pulse,outbound,0,"{""accel_mps2"": 1.5, ""peak_speed_mps"": 1.0, ""cruise_s"": 0.0, ""axis"": ""x""}",landing,0.0,0.0,0.0,0.6,1.7881393432617188e-06,0.0,0.0,0.6,True,0.026893993839621544,0.002186511643230915,1.0001791715621948,-0.12859366834163666,0.2404622882604599,0.07303318381309509,0.0,0.0,67.0,25.0,0.025,0.0009143570205196738,-0.0004476421745494008,0.02633865550160408,0.0036054484080523252,-0.0009100506431423128,0.0025311680510640144,0.2254720777273178,1.273687720298767,0.021465156227350235,0.025771301239728928,-0.0008786426624283195,2.9815009838785045e-06,0.00017364020459353924,3.7161290645599365,10.0,0.0,0.0,0.0,0.0,0.0,0.279,32.766,0.279,0.339,2.852,2018.8050537109375,809.9370727539062,31.995481491088867,geofence_hard_land,True,
1783703853.4995787,2026-07-10T10:17:33,285113,20260710_101720,accel_decel_fast_a1.50_c0.00_x_h0.60,accel_decel_pulse,outbound,0,"{""accel_mps2"": 1.5, ""peak_speed_mps"": 1.0, ""cruise_s"": 0.0, ""axis"": ""x""}",landing,0.0,0.0,0.0,0.6,1.7881393432617188e-06,0.0,0.0,0.6,True,0.026564661413431168,0.0024191783741116524,1.000716209411621,-0.06405095010995865,-0.16546586155891418,-0.10360567271709442,0.0,1.0,67.0,25.0,0.025,0.0009992440463975072,-0.00046636525075882673,0.025771301239728928,0.0038153890054672956,-0.001295700203627348,-0.0007993345498107374,0.22693894803524017,1.2714072465896606,0.020325658842921257,0.025771301239728928,-0.0008786426624283195,2.9815009838785045e-06,0.00017364020459353924,3.7161290645599365,10.0,0.0,0.0,0.0,0.0,0.0,0.279,32.766,0.279,0.339,2.852,2018.8050537109375,809.9370727539062,31.995481491088867,geofence_hard_land,True,
1783703853.5097606,2026-07-10T10:17:33,285123,20260710_101720,accel_decel_fast_a1.50_c0.00_x_h0.60,accel_decel_pulse,outbound,0,"{""accel_mps2"": 1.5, ""peak_speed_mps"": 1.0, ""cruise_s"": 0.0, ""axis"": ""x""}",landing,0.0,0.0,0.0,0.6,1.7881393432617188e-06,0.0,0.0,0.6,True,0.024077273905277252,0.0031507397070527077,1.001254677772522,-0.03706652671098709,-0.060485612601041794,-0.08091232925653458,0.0,0.0,71.0,25.0,0.025,0.0009992440463975072,-0.00046636525075882673,0.025771301239728928,0.0038153890054672956,-0.001295700203627348,-0.0007993345498107374,0.22693894803524017,1.2714072465896606,0.020325658842921257,0.025771301239728928,-0.0008786426624283195,2.9815009838785045e-06,0.00017364020459353924,3.7161290645599365,10.0,0.0,0.0,0.0,0.0,0.0,0.279,32.766,0.279,0.339,2.852,2018.8050537109375,809.9370727539062,31.995481491088867,geofence_hard_land,True,
1783703853.5199277,2026-07-10T10:17:33,285133,20260710_101720,accel_decel_fast_a1.50_c0.00_x_h0.60,accel_decel_pulse,outbound,0,"{""accel_mps2"": 1.5, ""peak_speed_mps"": 1.0, ""cruise_s"": 0.0, ""axis"": ""x""}",landing,0.0,0.0,0.0,0.6,1.7881393432617188e-06,0.0,0.0,0.6,True,0.02320317178964615,0.0026262658648192883,1.0002143383026123,0.24619585275650024,0.16851015388965607,-0.11062433570623398,0.0,0.0,59.0,25.0,0.025,0.0006046760245226324,-0.0004578166699502617,0.02575737051665783,0.0026428333949297667,-0.0014620155561715364,-0.0006529252859763801,0.2240283489227295,1.2846277952194214,0.020926695317029953,0.025771301239728928,-0.0008786426624283195,2.9815009838785045e-06,0.00017364020459353924,3.7161290645599365,10.0,0.0,0.0,0.0,0.0,0.0,0.279,32.766,0.279,0.339,2.852,2018.8050537109375,809.9370727539062,31.995481491088867,geofence_hard_land,True,
1783703853.5301237,2026-07-10T10:17:33,285143,20260710_101720,accel_decel_fast_a1.50_c0.00_x_h0.60,accel_decel_pulse,outbound,0,"{""accel_mps2"": 1.5, ""peak_speed_mps"": 1.0, ""cruise_s"": 0.0, ""axis"": ""x""}",landing,0.0,0.0,0.0,0.6,1.7881393432617188e-06,0.0,0.0,0.6,True,0.025386568158864975,0.0028546336106956005,0.9978960156440735,0.0003567144740372896,0.036699771881103516,-0.05114125460386276,0.0,1.0,60.0,27.0,0.027,0.0006046760245226324,-0.0004578166699502617,0.02575737051665783,0.0026428333949297667,-0.0014620155561715364,-0.0006529252859763801,0.2240283489227295,1.2846277952194214,0.020926695317029953,0.025771301239728928,-0.0008786426624283195,2.9815009838785045e-06,0.00017364020459353924,3.7161290645599365,10.0,0.0,0.0,0.0,0.0,0.0,0.279,32.766,0.279,0.339,2.852,2018.8050537109375,809.9370727539062,31.995481491088867,geofence_hard_land,True,
1783703853.5403328,2026-07-10T10:17:33,285153,20260710_101720,accel_decel_fast_a1.50_c0.00_x_h0.60,accel_decel_pulse,outbound,0,"{""accel_mps2"": 1.5, ""peak_speed_mps"": 1.0, ""cruise_s"": 0.0, ""axis"": ""x""}",landing,0.0,0.0,0.0,0.6,1.7881393432617188e-06,0.0,0.0,0.6,True,0.023710908368229866,0.003166710725054145,0.9984381198883057,0.09729630500078201,-0.19321131706237793,0.2349853515625,0.0,-5.0,67.0,27.0,0.027,0.00019660918042063713,-0.0004631041083484888,0.02626647613942623,0.0008421700331382453,-0.0015549251111224294,0.002074526622891426,0.22435368597507477,1.2959250211715698,0.01942247338593006,0.026286624372005463,0.0019368946086615324,3.0650091957795667e-06,0.00017881196981761605,3.7161290645599365,10.0,0.0,0.0,0.0,0.0,0.0,0.279,32.766,0.279,0.339,2.852,2018.739501953125,809.9428100585938,32.00373458862305,geofence_hard_land,True,
1783703853.550538,2026-07-10T10:17:33,285163,20260710_101720,accel_decel_fast_a1.50_c0.00_x_h0.60,accel_decel_pulse,outbound,0,"{""accel_mps2"": 1.5, ""peak_speed_mps"": 1.0, ""cruise_s"": 0.0, ""axis"": ""x""}",landing,0.0,0.0,0.0,0.6,1.7881393432617188e-06,0.0,0.0,0.6,True,0.02345491573214531,0.002066092798486352,0.9975459575653076,-0.2735153138637543,0.15914960205554962,-0.1471761167049408,0.0,2.0,61.0,27.0,0.027,0.00019660918042063713,-0.0004631041083484888,0.02626647613942623,0.0008421700331382453,-0.0015549251111224294,0.002074526622891426,0.22435368597507477,1.2959250211715698,0.01942247338593006,0.026286624372005463,0.0019368946086615324,3.0650091957795667e-06,0.00017881196981761605,3.7161290645599365,10.0,0.0,0.0,0.0,0.0,0.0,0.279,32.766,0.279,0.339,2.852,2018.739501953125,809.9428100585938,32.00373458862305,geofence_hard_land,True,
1783703853.5607374,2026-07-10T10:17:33,285173,20260710_101720,accel_decel_fast_a1.50_c0.00_x_h0.60,accel_decel_pulse,outbound,0,"{""accel_mps2"": 1.5, ""peak_speed_mps"": 1.0, ""cruise_s"": 0.0, ""axis"": ""x""}",landing,0.0,0.0,0.0,0.6,1.7881393432617188e-06,0.0,0.0,0.6,True,0.02417456917464733,0.0017054404597729445,0.9997997879981995,-0.029469238594174385,0.11209773272275925,0.1115453690290451,0.0,0.0,73.0,27.0,0.027,0.001280623720958829,-0.0004425836668815464,0.026314860209822655,0.005594122689217329,-0.0015023151645436883,0.0018688119016587734,0.22283518314361572,1.2630395889282227,0.020115971565246582,0.026286624372005463,0.0019368946086615324,3.0650091957795667e-06,0.00017881196981761605,3.7161290645599365,10.0,0.0,0.0,0.0,0.0,0.0,0.279,32.766,0.279,0.339,2.852,2018.739501953125,809.9428100585938,32.00373458862305,geofence_hard_land,True,
1783703853.5709145,2026-07-10T10:17:33,285183,20260710_101720,accel_decel_fast_a1.50_c0.00_x_h0.60,accel_decel_pulse,outbound,0,"{""accel_mps2"": 1.5, ""peak_speed_mps"": 1.0, ""cruise_s"": 0.0, ""axis"": ""x""}",landing,0.0,0.0,0.0,0.6,1.7881393432617188e-06,0.0,0.0,0.6,True,0.02308368682861328,0.0030001250561326742,0.9993409514427185,-0.06971650570631027,-0.4050988554954529,-0.036833588033914566,0.0,1.0,59.0,27.0,0.027,0.001280623720958829,-0.0004425836668815464,0.026314860209822655,0.005594122689217329,-0.0015023151645436883,0.0018688119016587734,0.22283518314361572,1.2630395889282227,0.020115971565246582,0.026286624372005463,0.0019368946086615324,3.0650091957795667e-06,0.00017881196981761605,3.7161290645599365,10.0,0.0,0.0,0.0,0.0,0.0,0.279,32.766,0.279,0.339,2.852,2018.739501953125,809.9428100585938,32.00373458862305,geofence_hard_land,True,
1783703853.5811467,2026-07-10T10:17:33,285193,20260710_101720,accel_decel_fast_a1.50_c0.00_x_h0.60,accel_decel_pulse,outbound,0,"{""accel_mps2"": 1.5, ""peak_speed_mps"": 1.0, ""cruise_s"": 0.0, ""axis"": ""x""}",landing,0.0,0.0,0.0,0.6,1.7881393432617188e-06,0.0,0.0,0.6,True,0.024973616003990173,0.003619600785896182,0.9981036186218262,-0.1010613664984703,0.13001173734664917,-0.001920549664646387,0.0,0.0,52.0,24.0,0.024,0.0009247232228517532,-0.0004460483032744378,0.026351844891905785,0.0038773987907916307,-0.0017685771454125643,0.0017155089881271124,0.2218359261751175,1.27419912815094,0.020736904814839363,0.026286624372005463,0.0019368946086615324,3.0650091957795667e-06,0.00017881196981761605,3.7161290645599365,10.0,0.0,0.0,0.0,0.0,0.0,0.279,32.766,0.279,0.339,2.852,2018.739501953125,809.9428100585938,32.00373458862305,geofence_hard_land,True,
1783703853.5917747,2026-07-10T10:17:33,285203,20260710_101720,accel_decel_fast_a1.50_c0.00_x_h0.60,accel_decel_pulse,outbound,0,"{""accel_mps2"": 1.5, ""peak_speed_mps"": 1.0, ""cruise_s"": 0.0, ""axis"": ""x""}",landing,0.0,0.0,0.0,0.6,1.7881393432617188e-06,0.0,0.0,0.6,True,0.026520665735006332,0.004385514184832573,0.9973449110984802,0.16140224039554596,0.543402373790741,0.22390949726104736,0.0,0.0,59.0,24.0,0.024,0.0009247232228517532,-0.0004460483032744378,0.026351844891905785,0.0038773987907916307,-0.0017685771454125643,0.0017155089881271124,0.2218359261751175,1.27419912815094,0.020736904814839363,0.02531607076525688,-0.0039052078500390053,2.9814948447892675e-06,0.00017363870574627072,3.7161290645599365,10.0,0.0,0.0,0.0,0.0,0.0,32.766,32.766,0.28,0.341,2.832,2018.739501953125,809.9428100585938,32.00373458862305,geofence_hard_land,True,
1783703853.601987,2026-07-10T10:17:33,285213,20260710_101720,accel_decel_fast_a1.50_c0.00_x_h0.60,accel_decel_pulse,outbound,0,"{""accel_mps2"": 1.5, ""peak_speed_mps"": 1.0, ""cruise_s"": 0.0, ""axis"": ""x""}",landing,0.0,0.0,0.0,0.6,1.7881393432617188e-06,0.0,0.0,0.6,True,0.026185471564531326,0.003216841258108616,0.999214768409729,0.0702766627073288,-0.41650718450546265,-0.08167474716901779,0.0,0.0,65.0,24.0,0.024,0.0010244612349197268,-0.0004764458572026342,0.02531607076525688,0.004407449625432491,-0.001841107732616365,-0.0038152143824845552,0.21961528062820435,1.2745683193206787,0.022164832800626755,0.02531607076525688,-0.0039052078500390053,2.9814948447892675e-06,0.00017363870574627072,3.7161290645599365,10.0,0.0,0.0,0.0,0.0,0.0,32.766,32.766,0.28,0.341,2.832,2018.739501953125,809.9428100585938,32.00373458862305,geofence_hard_land,True,
1783703853.6122386,2026-07-10T10:17:33,285226,20260710_101720,accel_decel_fast_a1.50_c0.00_x_h0.60,accel_decel_pulse,outbound,0,"{""accel_mps2"": 1.5, ""peak_speed_mps"": 1.0, ""cruise_s"": 0.0, ""axis"": ""x""}",landing,0.0,0.0,0.0,0.6,1.7881393432617188e-06,0.0,0.0,0.6,True,0.023807009682059288,0.002295271260663867,0.9999213814735413,0.22162994742393494,0.2113541066646576,0.23777148127555847,0.0,0.0,60.0,24.0,0.024,0.0011202400783076882,-0.0005133886588737369,0.025236787274479866,0.005145867820829153,-0.0019210993777960539,-0.0040463670156896114,0.21961528062820435,1.2745683193206787,0.022164832800626755,0.02531607076525688,-0.0039052078500390053,2.9814948447892675e-06,0.00017363870574627072,3.7161290645599365,10.0,0.0,0.0,0.0,0.0,0.0,32.766,32.766,0.28,0.341,2.832,2018.739501953125,809.9428100585938,32.00373458862305,geofence_hard_land,True,
1783703853.6224816,2026-07-10T10:17:33,285233,20260710_101720,accel_decel_fast_a1.50_c0.00_x_h0.60,accel_decel_pulse,outbound,0,"{""accel_mps2"": 1.5, ""peak_speed_mps"": 1.0, ""cruise_s"": 0.0, ""axis"": ""x""}",landing,0.0,0.0,0.0,0.6,1.7881393432617188e-06,0.0,0.0,0.6,True,0.022604631260037422,0.0023453414905816317,1.0002880096435547,-0.07298598438501358,0.10148505866527557,-0.12599608302116394,0.0,0.0,63.0,24.0,0.024,0.0011202400783076882,-0.0005133886588737369,0.025236787274479866,0.005145867820829153,-0.0019210993777960539,-0.0040463670156896114,0.2196130007505417,1.271386981010437,0.023161225020885468,0.02531607076525688,-0.0039052078500390053,2.9814948447892675e-06,0.00017363870574627072,3.7161290645599365,10.0,0.0,0.0,0.0,0.0,0.0,32.766,32.766,0.28,0.341,2.832,2018.739501953125,809.9428100585938,32.00373458862305,geofence_hard_land,True,
1783703853.6326625,2026-07-10T10:17:33,285246,20260710_101720,accel_decel_fast_a1.50_c0.00_x_h0.60,accel_decel_pulse,outbound,0,"{""accel_mps2"": 1.5, ""peak_speed_mps"": 1.0, ""cruise_s"": 0.0, ""axis"": ""x""}",landing,0.0,0.0,0.0,0.6,1.7881393432617188e-06,0.0,0.0,0.6,True,0.02260439656674862,0.0029647359624505043,0.998500406742096,0.25995782017707825,-0.11533048748970032,-0.16671864688396454,0.0,0.0,61.0,26.0,0.026,0.0012192316353321075,-0.0005567698390223086,0.025491075590252876,0.005291366949677467,-0.002237444743514061,-0.002344543347135186,0.2196130007505417,1.271386981010437,0.023161225020885468,0.02531607076525688,-0.0039052078500390053,2.9814948447892675e-06,0.00017363870574627072,3.7161290645599365,10.0,0.0,0.0,0.0,0.0,0.0,32.766,32.766,0.28,0.341,2.832,2018.739501953125,809.9428100585938,32.00373458862305,geofence_hard_land,True,
1783703853.642847,2026-07-10T10:17:33,285253,20260710_101720,accel_decel_fast_a1.50_c0.00_x_h0.60,accel_decel_pulse,outbound,0,"{""accel_mps2"": 1.5, ""peak_speed_mps"": 1.0, ""cruise_s"": 0.0, ""axis"": ""x""}",landing,0.0,0.0,0.0,0.6,1.7881393432617188e-06,0.0,0.0,0.6,True,0.021252436563372612,0.003098989836871624,1.0015994310379028,-0.07026615738868713,-0.19798783957958221,-0.09185509383678436,0.0,0.0,69.0,26.0,0.026,0.0012192316353321075,-0.0005567698390223086,0.025491075590252876,0.005291366949677467,-0.002237444743514061,-0.002344543347135186,0.21913689374923706,1.2669272422790527,0.02342361770570278,0.025467291474342346,-0.0025199109222739935,3.065007376790163e-06,0.0001788221998140216,3.710850477218628,10.0,0.0,0.0,0.0,0.0,0.0,32.766,32.766,0.28,0.341,2.832,2018.7122802734375,809.9451293945312,32.01030349731445,geofence_hard_land,True,
1783703853.6530337,2026-07-10T10:17:33,285266,20260710_101720,accel_decel_fast_a1.50_c0.00_x_h0.60,accel_decel_pulse,outbound,0,"{""accel_mps2"": 1.5, ""peak_speed_mps"": 1.0, ""cruise_s"": 0.0, ""axis"": ""x""}",landing,0.0,0.0,0.0,0.6,1.7881393432617188e-06,0.0,0.0,0.6,True,0.024923665449023247,0.0033652200363576412,1.0007914304733276,0.040567491203546524,-0.07915939390659332,-0.16438040137290955,0.0,0.0,63.0,26.0,0.026,0.0013253408251330256,-0.0006028730422258377,0.02544396184384823,0.0052979872561991215,-0.0023747156374156475,-0.002253786427900195,0.21913689374923706,1.2669272422790527,0.02342361770570278,0.025467291474342346,-0.0025199109222739935,3.065007376790163e-06,0.0001788221998140216,3.710850477218628,10.0,0.0,0.0,0.0,0.0,0.0,32.766,32.766,0.28,0.341,2.832,2018.7122802734375,809.9451293945312,32.01030349731445,geofence_hard_land,True,
1783703853.6632078,2026-07-10T10:17:33,285273,20260710_101720,accel_decel_fast_a1.50_c0.00_x_h0.60,accel_decel_pulse,outbound,0,"{""accel_mps2"": 1.5, ""peak_speed_mps"": 1.0, ""cruise_s"": 0.0, ""axis"": ""x""}",landing,0.0,0.0,0.0,0.6,1.7881393432617188e-06,0.0,0.0,0.6,True,0.02421334572136402,0.0034145372919738293,0.9986766576766968,0.4369005262851715,0.2958233058452606,-0.11443015933036804,0.0,0.0,73.0,26.0,0.026,0.0013253408251330256,-0.0006028730422258377,0.02544396184384823,0.0052979872561991215,-0.0023747156374156475,-0.002253786427900195,0.21950984001159668,1.2660579681396484,0.02247142605483532,0.025467291474342346,-0.0025199109222739935,3.065007376790163e-06,0.0001788221998140216,3.710850477218628,10.0,0.0,0.0,0.0,0.0,0.0,32.766,32.766,0.28,0.341,2.832,2018.7122802734375,809.9451293945312,32.01030349731445,geofence_hard_land,True,
1783703853.673382,2026-07-10T10:17:33,285287,20260710_101720,accel_decel_fast_a1.50_c0.00_x_h0.60,accel_decel_pulse,outbound,0,"{""accel_mps2"": 1.5, ""peak_speed_mps"": 1.0, ""cruise_s"": 0.0, ""axis"": ""x""}",disarmed,0.0,0.0,0.0,0.6,1.7881393432617188e-06,0.0,0.0,0.6,True,0.025706931948661804,0.00418141670525074,0.9998934268951416,0.142018124461174,0.4852599799633026,0.016706041991710663,0.0,0.0,60.0,26.0,0.026,0.001436241902410984,-0.0006514486158266664,0.025399448350071907,0.005747309885919094,-0.0024746148847043514,-0.002269271295517683,0.2231753170490265,1.2611901760101318,0.02185342088341713,0.025467291474342346,-0.0025199109222739935,3.065007376790163e-06,0.0001788221998140216,3.710850477218628,10.0,0.0,0.0,0.0,0.0,0.0,32.766,32.766,0.28,0.341,2.832,2018.7122802734375,809.9451293945312,32.01030349731445,geofence_hard_land,True,
1783703853.6835501,2026-07-10T10:17:33,285287,20260710_101720,accel_decel_fast_a1.50_c0.00_x_h0.60,accel_decel_pulse,outbound,0,"{""accel_mps2"": 1.5, ""peak_speed_mps"": 1.0, ""cruise_s"": 0.0, ""axis"": ""x""}",disarmed,0.0,0.0,0.0,0.6,1.7881393432617188e-06,0.0,0.0,0.6,True,0.025706931948661804,0.00418141670525074,0.9998934268951416,0.142018124461174,0.4852599799633026,0.016706041991710663,0.0,0.0,60.0,26.0,0.026,0.001436241902410984,-0.0006514486158266664,0.025399448350071907,0.005747309885919094,-0.0024746148847043514,-0.002269271295517683,0.2231753170490265,1.2611901760101318,0.02185342088341713,0.025467291474342346,-0.0025199109222739935,3.065007376790163e-06,0.0001788221998140216,3.710850477218628,10.0,0.0,0.0,0.0,0.0,0.0,32.766,32.766,0.28,0.341,2.832,2018.7122802734375,809.9451293945312,32.01030349731445,geofence_hard_land,True,
1783703853.693721,2026-07-10T10:17:33,285287,20260710_101720,accel_decel_fast_a1.50_c0.00_x_h0.60,accel_decel_pulse,outbound,0,"{""accel_mps2"": 1.5, ""peak_speed_mps"": 1.0, ""cruise_s"": 0.0, ""axis"": ""x""}",disarmed,0.0,0.0,0.0,0.6,1.7881393432617188e-06,0.0,0.0,0.6,True,0.025706931948661804,0.00418141670525074,0.9998934268951416,0.142018124461174,0.4852599799633026,0.016706041991710663,0.0,0.0,60.0,26.0,0.026,0.001436241902410984,-0.0006514486158266664,0.025399448350071907,0.005747309885919094,-0.0024746148847043514,-0.002269271295517683,0.2231753170490265,1.2611901760101318,0.02185342088341713,0.025467291474342346,-0.0025199109222739935,3.065007376790163e-06,0.0001788221998140216,3.710850477218628,10.0,0.0,0.0,0.0,0.0,0.0,32.766,32.766,0.28,0.341,2.832,2018.7122802734375,809.9451293945312,32.01030349731445,geofence_hard_land,True,
1783703853.703918,2026-07-10T10:17:33,285287,20260710_101720,accel_decel_fast_a1.50_c0.00_x_h0.60,accel_decel_pulse,outbound,0,"{""accel_mps2"": 1.5, ""peak_speed_mps"": 1.0, ""cruise_s"": 0.0, ""axis"": ""x""}",disarmed,0.0,0.0,0.0,0.6,1.7881393432617188e-06,0.0,0.0,0.6,True,0.025706931948661804,0.00418141670525074,0.9998934268951416,0.142018124461174,0.4852599799633026,0.016706041991710663,0.0,0.0,60.0,26.0,0.026,0.001436241902410984,-0.0006514486158266664,0.025399448350071907,0.005747309885919094,-0.0024746148847043514,-0.002269271295517683,0.2231753170490265,1.2611901760101318,0.02185342088341713,0.025467291474342346,-0.0025199109222739935,3.065007376790163e-06,0.0001788221998140216,3.710850477218628,10.0,0.0,0.0,0.0,0.0,0.0,32.766,32.766,0.28,0.341,2.832,2018.7122802734375,809.9451293945312,32.01030349731445,geofence_hard_land,True,
1783703853.714089,2026-07-10T10:17:33,285287,20260710_101720,accel_decel_fast_a1.50_c0.00_x_h0.60,accel_decel_pulse,outbound,0,"{""accel_mps2"": 1.5, ""peak_speed_mps"": 1.0, ""cruise_s"": 0.0, ""axis"": ""x""}",disarmed,0.0,0.0,0.0,0.6,1.7881393432617188e-06,0.0,0.0,0.6,True,0.025706931948661804,0.00418141670525074,0.9998934268951416,0.142018124461174,0.4852599799633026,0.016706041991710663,0.0,0.0,60.0,26.0,0.026,0.001436241902410984,-0.0006514486158266664,0.025399448350071907,0.005747309885919094,-0.0024746148847043514,-0.002269271295517683,0.2231753170490265,1.2611901760101318,0.02185342088341713,0.025467291474342346,-0.0025199109222739935,3.065007376790163e-06,0.0001788221998140216,3.710850477218628,10.0,0.0,0.0,0.0,0.0,0.0,32.766,32.766,0.28,0.341,2.832,2018.7122802734375,809.9451293945312,32.01030349731445,geofence_hard_land,True,
1783703853.7242532,2026-07-10T10:17:33,285287,20260710_101720,accel_decel_fast_a1.50_c0.00_x_h0.60,accel_decel_pulse,outbound,0,"{""accel_mps2"": 1.5, ""peak_speed_mps"": 1.0, ""cruise_s"": 0.0, ""axis"": ""x""}",disarmed,0.0,0.0,0.0,0.6,1.7881393432617188e-06,0.0,0.0,0.6,True,0.025706931948661804,0.00418141670525074,0.9998934268951416,0.142018124461174,0.4852599799633026,0.016706041991710663,0.0,0.0,60.0,26.0,0.026,0.001436241902410984,-0.0006514486158266664,0.025399448350071907,0.005747309885919094,-0.0024746148847043514,-0.002269271295517683,0.2231753170490265,1.2611901760101318,0.02185342088341713,0.025467291474342346,-0.0025199109222739935,3.065007376790163e-06,0.0001788221998140216,3.710850477218628,10.0,0.0,0.0,0.0,0.0,0.0,32.766,32.766,0.28,0.341,2.832,2018.7122802734375,809.9451293945312,32.01030349731445,geofence_hard_land,True,
1783703853.7344213,2026-07-10T10:17:33,285287,20260710_101720,accel_decel_fast_a1.50_c0.00_x_h0.60,accel_decel_pulse,outbound,0,"{""accel_mps2"": 1.5, ""peak_speed_mps"": 1.0, ""cruise_s"": 0.0, ""axis"": ""x""}",disarmed,0.0,0.0,0.0,0.6,1.7881393432617188e-06,0.0,0.0,0.6,True,0.025706931948661804,0.00418141670525074,0.9998934268951416,0.142018124461174,0.4852599799633026,0.016706041991710663,0.0,0.0,60.0,26.0,0.026,0.001436241902410984,-0.0006514486158266664,0.025399448350071907,0.005747309885919094,-0.0024746148847043514,-0.002269271295517683,0.2231753170490265,1.2611901760101318,0.02185342088341713,0.025467291474342346,-0.0025199109222739935,3.065007376790163e-06,0.0001788221998140216,3.710850477218628,10.0,0.0,0.0,0.0,0.0,0.0,32.766,32.766,0.28,0.341,2.832,2018.7122802734375,809.9451293945312,32.01030349731445,geofence_hard_land,True,
1783703853.744592,2026-07-10T10:17:33,285287,20260710_101720,accel_decel_fast_a1.50_c0.00_x_h0.60,accel_decel_pulse,outbound,0,"{""accel_mps2"": 1.5, ""peak_speed_mps"": 1.0, ""cruise_s"": 0.0, ""axis"": ""x""}",disarmed,0.0,0.0,0.0,0.6,1.7881393432617188e-06,0.0,0.0,0.6,True,0.025706931948661804,0.00418141670525074,0.9998934268951416,0.142018124461174,0.4852599799633026,0.016706041991710663,0.0,0.0,60.0,26.0,0.026,0.001436241902410984,-0.0006514486158266664,0.025399448350071907,0.005747309885919094,-0.0024746148847043514,-0.002269271295517683,0.2231753170490265,1.2611901760101318,0.02185342088341713,0.025467291474342346,-0.0025199109222739935,3.065007376790163e-06,0.0001788221998140216,3.710850477218628,10.0,0.0,0.0,0.0,0.0,0.0,32.766,32.766,0.28,0.341,2.832,2018.7122802734375,809.9451293945312,32.01030349731445,geofence_hard_land,True,
1783703853.7547917,2026-07-10T10:17:33,285287,20260710_101720,accel_decel_fast_a1.50_c0.00_x_h0.60,accel_decel_pulse,outbound,0,"{""accel_mps2"": 1.5, ""peak_speed_mps"": 1.0, ""cruise_s"": 0.0, ""axis"": ""x""}",disarmed,0.0,0.0,0.0,0.6,1.7881393432617188e-06,0.0,0.0,0.6,True,0.025706931948661804,0.00418141670525074,0.9998934268951416,0.142018124461174,0.4852599799633026,0.016706041991710663,0.0,0.0,60.0,26.0,0.026,0.001436241902410984,-0.0006514486158266664,0.025399448350071907,0.005747309885919094,-0.0024746148847043514,-0.002269271295517683,0.2231753170490265,1.2611901760101318,0.02185342088341713,0.025467291474342346,-0.0025199109222739935,3.065007376790163e-06,0.0001788221998140216,3.710850477218628,10.0,0.0,0.0,0.0,0.0,0.0,32.766,32.766,0.28,0.341,2.832,2018.7122802734375,809.9451293945312,32.01030349731445,geofence_hard_land,True,
1783703853.765032,2026-07-10T10:17:33,285287,20260710_101720,accel_decel_fast_a1.50_c0.00_x_h0.60,accel_decel_pulse,outbound,0,"{""accel_mps2"": 1.5, ""peak_speed_mps"": 1.0, ""cruise_s"": 0.0, ""axis"": ""x""}",disarmed,0.0,0.0,0.0,0.6,1.7881393432617188e-06,0.0,0.0,0.6,True,0.025706931948661804,0.00418141670525074,0.9998934268951416,0.142018124461174,0.4852599799633026,0.016706041991710663,0.0,0.0,60.0,26.0,0.026,0.001436241902410984,-0.0006514486158266664,0.025399448350071907,0.005747309885919094,-0.0024746148847043514,-0.002269271295517683,0.2231753170490265,1.2611901760101318,0.02185342088341713,0.025467291474342346,-0.0025199109222739935,3.065007376790163e-06,0.0001788221998140216,3.710850477218628,10.0,0.0,0.0,0.0,0.0,0.0,32.766,32.766,0.28,0.341,2.832,2018.7122802734375,809.9451293945312,32.01030349731445,geofence_hard_land,True,
1783703853.7752821,2026-07-10T10:17:33,285287,20260710_101720,accel_decel_fast_a1.50_c0.00_x_h0.60,accel_decel_pulse,outbound,0,"{""accel_mps2"": 1.5, ""peak_speed_mps"": 1.0, ""cruise_s"": 0.0, ""axis"": ""x""}",disarmed,0.0,0.0,0.0,0.6,1.7881393432617188e-06,0.0,0.0,0.6,True,0.025706931948661804,0.00418141670525074,0.9998934268951416,0.142018124461174,0.4852599799633026,0.016706041991710663,0.0,0.0,60.0,26.0,0.026,0.001436241902410984,-0.0006514486158266664,0.025399448350071907,0.005747309885919094,-0.0024746148847043514,-0.002269271295517683,0.2231753170490265,1.2611901760101318,0.02185342088341713,0.025467291474342346,-0.0025199109222739935,3.065007376790163e-06,0.0001788221998140216,3.710850477218628,10.0,0.0,0.0,0.0,0.0,0.0,32.766,32.766,0.28,0.341,2.832,2018.7122802734375,809.9451293945312,32.01030349731445,geofence_hard_land,True,
1783703853.7855482,2026-07-10T10:17:33,285287,20260710_101720,accel_decel_fast_a1.50_c0.00_x_h0.60,accel_decel_pulse,outbound,0,"{""accel_mps2"": 1.5, ""peak_speed_mps"": 1.0, ""cruise_s"": 0.0, ""axis"": ""x""}",disarmed,0.0,0.0,0.0,0.6,1.7881393432617188e-06,0.0,0.0,0.6,True,0.025706931948661804,0.00418141670525074,0.9998934268951416,0.142018124461174,0.4852599799633026,0.016706041991710663,0.0,0.0,60.0,26.0,0.026,0.001436241902410984,-0.0006514486158266664,0.025399448350071907,0.005747309885919094,-0.0024746148847043514,-0.002269271295517683,0.2231753170490265,1.2611901760101318,0.02185342088341713,0.025467291474342346,-0.0025199109222739935,3.065007376790163e-06,0.0001788221998140216,3.710850477218628,10.0,0.0,0.0,0.0,0.0,0.0,32.766,32.766,0.28,0.341,2.832,2018.7122802734375,809.9451293945312,32.01030349731445,geofence_hard_land,True,
1783703853.795793,2026-07-10T10:17:33,285287,20260710_101720,accel_decel_fast_a1.50_c0.00_x_h0.60,accel_decel_pulse,outbound,0,"{""accel_mps2"": 1.5, ""peak_speed_mps"": 1.0, ""cruise_s"": 0.0, ""axis"": ""x""}",disarmed,0.0,0.0,0.0,0.6,1.7881393432617188e-06,0.0,0.0,0.6,True,0.025706931948661804,0.00418141670525074,0.9998934268951416,0.142018124461174,0.4852599799633026,0.016706041991710663,0.0,0.0,60.0,26.0,0.026,0.001436241902410984,-0.0006514486158266664,0.025399448350071907,0.005747309885919094,-0.0024746148847043514,-0.002269271295517683,0.2231753170490265,1.2611901760101318,0.02185342088341713,0.025467291474342346,-0.0025199109222739935,3.065007376790163e-06,0.0001788221998140216,3.710850477218628,10.0,0.0,0.0,0.0,0.0,0.0,32.766,32.766,0.28,0.341,2.832,2018.7122802734375,809.9451293945312,32.01030349731445,geofence_hard_land,True,
1783703853.8060071,2026-07-10T10:17:33,285287,20260710_101720,accel_decel_fast_a1.50_c0.00_x_h0.60,accel_decel_pulse,outbound,0,"{""accel_mps2"": 1.5, ""peak_speed_mps"": 1.0, ""cruise_s"": 0.0, ""axis"": ""x""}",disarmed,0.0,0.0,0.0,0.6,1.7881393432617188e-06,0.0,0.0,0.6,True,0.025706931948661804,0.00418141670525074,0.9998934268951416,0.142018124461174,0.4852599799633026,0.016706041991710663,0.0,0.0,60.0,26.0,0.026,0.001436241902410984,-0.0006514486158266664,0.025399448350071907,0.005747309885919094,-0.0024746148847043514,-0.002269271295517683,0.2231753170490265,1.2611901760101318,0.02185342088341713,0.025467291474342346,-0.0025199109222739935,3.065007376790163e-06,0.0001788221998140216,3.710850477218628,10.0,0.0,0.0,0.0,0.0,0.0,32.766,32.766,0.28,0.341,2.832,2018.7122802734375,809.9451293945312,32.01030349731445,geofence_hard_land,True,
1783703853.8162076,2026-07-10T10:17:33,285287,20260710_101720,accel_decel_fast_a1.50_c0.00_x_h0.60,accel_decel_pulse,outbound,0,"{""accel_mps2"": 1.5, ""peak_speed_mps"": 1.0, ""cruise_s"": 0.0, ""axis"": ""x""}",disarmed,0.0,0.0,0.0,0.6,1.7881393432617188e-06,0.0,0.0,0.6,True,0.025706931948661804,0.00418141670525074,0.9998934268951416,0.142018124461174,0.4852599799633026,0.016706041991710663,0.0,0.0,60.0,26.0,0.026,0.001436241902410984,-0.0006514486158266664,0.025399448350071907,0.005747309885919094,-0.0024746148847043514,-0.002269271295517683,0.2231753170490265,1.2611901760101318,0.02185342088341713,0.025467291474342346,-0.0025199109222739935,3.065007376790163e-06,0.0001788221998140216,3.710850477218628,10.0,0.0,0.0,0.0,0.0,0.0,32.766,32.766,0.28,0.341,2.832,2018.7122802734375,809.9451293945312,32.01030349731445,geofence_hard_land,True,
1783703853.8263822,2026-07-10T10:17:33,285287,20260710_101720,accel_decel_fast_a1.50_c0.00_x_h0.60,accel_decel_pulse,outbound,0,"{""accel_mps2"": 1.5, ""peak_speed_mps"": 1.0, ""cruise_s"": 0.0, ""axis"": ""x""}",disarmed,0.0,0.0,0.0,0.6,1.7881393432617188e-06,0.0,0.0,0.6,True,0.025706931948661804,0.00418141670525074,0.9998934268951416,0.142018124461174,0.4852599799633026,0.016706041991710663,0.0,0.0,60.0,26.0,0.026,0.001436241902410984,-0.0006514486158266664,0.025399448350071907,0.005747309885919094,-0.0024746148847043514,-0.002269271295517683,0.2231753170490265,1.2611901760101318,0.02185342088341713,0.025467291474342346,-0.0025199109222739935,3.065007376790163e-06,0.0001788221998140216,3.710850477218628,10.0,0.0,0.0,0.0,0.0,0.0,32.766,32.766,0.28,0.341,2.832,2018.7122802734375,809.9451293945312,32.01030349731445,geofence_hard_land,True,
1783703853.8365605,2026-07-10T10:17:33,285287,20260710_101720,accel_decel_fast_a1.50_c0.00_x_h0.60,accel_decel_pulse,outbound,0,"{""accel_mps2"": 1.5, ""peak_speed_mps"": 1.0, ""cruise_s"": 0.0, ""axis"": ""x""}",disarmed,0.0,0.0,0.0,0.6,1.7881393432617188e-06,0.0,0.0,0.6,True,0.025706931948661804,0.00418141670525074,0.9998934268951416,0.142018124461174,0.4852599799633026,0.016706041991710663,0.0,0.0,60.0,26.0,0.026,0.001436241902410984,-0.0006514486158266664,0.025399448350071907,0.005747309885919094,-0.0024746148847043514,-0.002269271295517683,0.2231753170490265,1.2611901760101318,0.02185342088341713,0.025467291474342346,-0.0025199109222739935,3.065007376790163e-06,0.0001788221998140216,3.710850477218628,10.0,0.0,0.0,0.0,0.0,0.0,32.766,32.766,0.28,0.341,2.832,2018.7122802734375,809.9451293945312,32.01030349731445,geofence_hard_land,True,
1783703853.8467448,2026-07-10T10:17:33,285287,20260710_101720,accel_decel_fast_a1.50_c0.00_x_h0.60,accel_decel_pulse,outbound,0,"{""accel_mps2"": 1.5, ""peak_speed_mps"": 1.0, ""cruise_s"": 0.0, ""axis"": ""x""}",disarmed,0.0,0.0,0.0,0.6,1.7881393432617188e-06,0.0,0.0,0.6,True,0.025706931948661804,0.00418141670525074,0.9998934268951416,0.142018124461174,0.4852599799633026,0.016706041991710663,0.0,0.0,60.0,26.0,0.026,0.001436241902410984,-0.0006514486158266664,0.025399448350071907,0.005747309885919094,-0.0024746148847043514,-0.002269271295517683,0.2231753170490265,1.2611901760101318,0.02185342088341713,0.025467291474342346,-0.0025199109222739935,3.065007376790163e-06,0.0001788221998140216,3.710850477218628,10.0,0.0,0.0,0.0,0.0,0.0,32.766,32.766,0.28,0.341,2.832,2018.7122802734375,809.9451293945312,32.01030349731445,geofence_hard_land,True,
1783703853.8569589,2026-07-10T10:17:33,285287,20260710_101720,accel_decel_fast_a1.50_c0.00_x_h0.60,accel_decel_pulse,outbound,0,"{""accel_mps2"": 1.5, ""peak_speed_mps"": 1.0, ""cruise_s"": 0.0, ""axis"": ""x""}",disarmed,0.0,0.0,0.0,0.6,1.7881393432617188e-06,0.0,0.0,0.6,True,0.025706931948661804,0.00418141670525074,0.9998934268951416,0.142018124461174,0.4852599799633026,0.016706041991710663,0.0,0.0,60.0,26.0,0.026,0.001436241902410984,-0.0006514486158266664,0.025399448350071907,0.005747309885919094,-0.0024746148847043514,-0.002269271295517683,0.2231753170490265,1.2611901760101318,0.02185342088341713,0.025467291474342346,-0.0025199109222739935,3.065007376790163e-06,0.0001788221998140216,3.710850477218628,10.0,0.0,0.0,0.0,0.0,0.0,32.766,32.766,0.28,0.341,2.832,2018.7122802734375,809.9451293945312,32.01030349731445,geofence_hard_land,True,
1783703853.867133,2026-07-10T10:17:33,285287,20260710_101720,accel_decel_fast_a1.50_c0.00_x_h0.60,accel_decel_pulse,outbound,0,"{""accel_mps2"": 1.5, ""peak_speed_mps"": 1.0, ""cruise_s"": 0.0, ""axis"": ""x""}",disarmed,0.0,0.0,0.0,0.6,1.7881393432617188e-06,0.0,0.0,0.6,True,0.025706931948661804,0.00418141670525074,0.9998934268951416,0.142018124461174,0.4852599799633026,0.016706041991710663,0.0,0.0,60.0,26.0,0.026,0.001436241902410984,-0.0006514486158266664,0.025399448350071907,0.005747309885919094,-0.0024746148847043514,-0.002269271295517683,0.2231753170490265,1.2611901760101318,0.02185342088341713,0.025467291474342346,-0.0025199109222739935,3.065007376790163e-06,0.0001788221998140216,3.710850477218628,10.0,0.0,0.0,0.0,0.0,0.0,32.766,32.766,0.28,0.341,2.832,2018.7122802734375,809.9451293945312,32.01030349731445,geofence_hard_land,True,
1783703853.877301,2026-07-10T10:17:33,285287,20260710_101720,accel_decel_fast_a1.50_c0.00_x_h0.60,accel_decel_pulse,outbound,0,"{""accel_mps2"": 1.5, ""peak_speed_mps"": 1.0, ""cruise_s"": 0.0, ""axis"": ""x""}",disarmed,0.0,0.0,0.0,0.6,1.7881393432617188e-06,0.0,0.0,0.6,True,0.025706931948661804,0.00418141670525074,0.9998934268951416,0.142018124461174,0.4852599799633026,0.016706041991710663,0.0,0.0,60.0,26.0,0.026,0.001436241902410984,-0.0006514486158266664,0.025399448350071907,0.005747309885919094,-0.0024746148847043514,-0.002269271295517683,0.2231753170490265,1.2611901760101318,0.02185342088341713,0.025467291474342346,-0.0025199109222739935,3.065007376790163e-06,0.0001788221998140216,3.710850477218628,10.0,0.0,0.0,0.0,0.0,0.0,32.766,32.766,0.28,0.341,2.832,2018.7122802734375,809.9451293945312,32.01030349731445,geofence_hard_land,True,
1783703853.8874762,2026-07-10T10:17:33,285287,20260710_101720,accel_decel_fast_a1.50_c0.00_x_h0.60,accel_decel_pulse,outbound,0,"{""accel_mps2"": 1.5, ""peak_speed_mps"": 1.0, ""cruise_s"": 0.0, ""axis"": ""x""}",disarmed,0.0,0.0,0.0,0.6,1.7881393432617188e-06,0.0,0.0,0.6,True,0.025706931948661804,0.00418141670525074,0.9998934268951416,0.142018124461174,0.4852599799633026,0.016706041991710663,0.0,0.0,60.0,26.0,0.026,0.001436241902410984,-0.0006514486158266664,0.025399448350071907,0.005747309885919094,-0.0024746148847043514,-0.002269271295517683,0.2231753170490265,1.2611901760101318,0.02185342088341713,0.025467291474342346,-0.0025199109222739935,3.065007376790163e-06,0.0001788221998140216,3.710850477218628,10.0,0.0,0.0,0.0,0.0,0.0,32.766,32.766,0.28,0.341,2.832,2018.7122802734375,809.9451293945312,32.01030349731445,geofence_hard_land,True,
1783703853.8976605,2026-07-10T10:17:33,285287,20260710_101720,accel_decel_fast_a1.50_c0.00_x_h0.60,accel_decel_pulse,outbound,0,"{""accel_mps2"": 1.5, ""peak_speed_mps"": 1.0, ""cruise_s"": 0.0, ""axis"": ""x""}",disarmed,0.0,0.0,0.0,0.6,1.7881393432617188e-06,0.0,0.0,0.6,True,0.025706931948661804,0.00418141670525074,0.9998934268951416,0.142018124461174,0.4852599799633026,0.016706041991710663,0.0,0.0,60.0,26.0,0.026,0.001436241902410984,-0.0006514486158266664,0.025399448350071907,0.005747309885919094,-0.0024746148847043514,-0.002269271295517683,0.2231753170490265,1.2611901760101318,0.02185342088341713,0.025467291474342346,-0.0025199109222739935,3.065007376790163e-06,0.0001788221998140216,3.710850477218628,10.0,0.0,0.0,0.0,0.0,0.0,32.766,32.766,0.28,0.341,2.832,2018.7122802734375,809.9451293945312,32.01030349731445,geofence_hard_land,True,
1783703853.9078307,2026-07-10T10:17:33,285287,20260710_101720,accel_decel_fast_a1.50_c0.00_x_h0.60,accel_decel_pulse,outbound,0,"{""accel_mps2"": 1.5, ""peak_speed_mps"": 1.0, ""cruise_s"": 0.0, ""axis"": ""x""}",disarmed,0.0,0.0,0.0,0.6,1.7881393432617188e-06,0.0,0.0,0.6,True,0.025706931948661804,0.00418141670525074,0.9998934268951416,0.142018124461174,0.4852599799633026,0.016706041991710663,0.0,0.0,60.0,26.0,0.026,0.001436241902410984,-0.0006514486158266664,0.025399448350071907,0.005747309885919094,-0.0024746148847043514,-0.002269271295517683,0.2231753170490265,1.2611901760101318,0.02185342088341713,0.025467291474342346,-0.0025199109222739935,3.065007376790163e-06,0.0001788221998140216,3.710850477218628,10.0,0.0,0.0,0.0,0.0,0.0,32.766,32.766,0.28,0.341,2.832,2018.7122802734375,809.9451293945312,32.01030349731445,geofence_hard_land,True,
1783703853.9180005,2026-07-10T10:17:33,285287,20260710_101720,accel_decel_fast_a1.50_c0.00_x_h0.60,accel_decel_pulse,outbound,0,"{""accel_mps2"": 1.5, ""peak_speed_mps"": 1.0, ""cruise_s"": 0.0, ""axis"": ""x""}",disarmed,0.0,0.0,0.0,0.6,1.7881393432617188e-06,0.0,0.0,0.6,True,0.025706931948661804,0.00418141670525074,0.9998934268951416,0.142018124461174,0.4852599799633026,0.016706041991710663,0.0,0.0,60.0,26.0,0.026,0.001436241902410984,-0.0006514486158266664,0.025399448350071907,0.005747309885919094,-0.0024746148847043514,-0.002269271295517683,0.2231753170490265,1.2611901760101318,0.02185342088341713,0.025467291474342346,-0.0025199109222739935,3.065007376790163e-06,0.0001788221998140216,3.710850477218628,10.0,0.0,0.0,0.0,0.0,0.0,32.766,32.766,0.28,0.341,2.832,2018.7122802734375,809.9451293945312,32.01030349731445,geofence_hard_land,True,
1783703853.9281657,2026-07-10T10:17:33,285287,20260710_101720,accel_decel_fast_a1.50_c0.00_x_h0.60,accel_decel_pulse,outbound,0,"{""accel_mps2"": 1.5, ""peak_speed_mps"": 1.0, ""cruise_s"": 0.0, ""axis"": ""x""}",disarmed,0.0,0.0,0.0,0.6,1.7881393432617188e-06,0.0,0.0,0.6,True,0.025706931948661804,0.00418141670525074,0.9998934268951416,0.142018124461174,0.4852599799633026,0.016706041991710663,0.0,0.0,60.0,26.0,0.026,0.001436241902410984,-0.0006514486158266664,0.025399448350071907,0.005747309885919094,-0.0024746148847043514,-0.002269271295517683,0.2231753170490265,1.2611901760101318,0.02185342088341713,0.025467291474342346,-0.0025199109222739935,3.065007376790163e-06,0.0001788221998140216,3.710850477218628,10.0,0.0,0.0,0.0,0.0,0.0,32.766,32.766,0.28,0.341,2.832,2018.7122802734375,809.9451293945312,32.01030349731445,geofence_hard_land,True,
1783703853.9383347,2026-07-10T10:17:33,285287,20260710_101720,accel_decel_fast_a1.50_c0.00_x_h0.60,accel_decel_pulse,outbound,0,"{""accel_mps2"": 1.5, ""peak_speed_mps"": 1.0, ""cruise_s"": 0.0, ""axis"": ""x""}",disarmed,0.0,0.0,0.0,0.6,1.7881393432617188e-06,0.0,0.0,0.6,True,0.025706931948661804,0.00418141670525074,0.9998934268951416,0.142018124461174,0.4852599799633026,0.016706041991710663,0.0,0.0,60.0,26.0,0.026,0.001436241902410984,-0.0006514486158266664,0.025399448350071907,0.005747309885919094,-0.0024746148847043514,-0.002269271295517683,0.2231753170490265,1.2611901760101318,0.02185342088341713,0.025467291474342346,-0.0025199109222739935,3.065007376790163e-06,0.0001788221998140216,3.710850477218628,10.0,0.0,0.0,0.0,0.0,0.0,32.766,32.766,0.28,0.341,2.832,2018.7122802734375,809.9451293945312,32.01030349731445,geofence_hard_land,True,
1783703853.9485056,2026-07-10T10:17:33,285287,20260710_101720,accel_decel_fast_a1.50_c0.00_x_h0.60,accel_decel_pulse,outbound,0,"{""accel_mps2"": 1.5, ""peak_speed_mps"": 1.0, ""cruise_s"": 0.0, ""axis"": ""x""}",disarmed,0.0,0.0,0.0,0.6,1.7881393432617188e-06,0.0,0.0,0.6,True,0.025706931948661804,0.00418141670525074,0.9998934268951416,0.142018124461174,0.4852599799633026,0.016706041991710663,0.0,0.0,60.0,26.0,0.026,0.001436241902410984,-0.0006514486158266664,0.025399448350071907,0.005747309885919094,-0.0024746148847043514,-0.002269271295517683,0.2231753170490265,1.2611901760101318,0.02185342088341713,0.025467291474342346,-0.0025199109222739935,3.065007376790163e-06,0.0001788221998140216,3.710850477218628,10.0,0.0,0.0,0.0,0.0,0.0,32.766,32.766,0.28,0.341,2.832,2018.7122802734375,809.9451293945312,32.01030349731445,geofence_hard_land,True,
1783703853.9586782,2026-07-10T10:17:33,285287,20260710_101720,accel_decel_fast_a1.50_c0.00_x_h0.60,accel_decel_pulse,outbound,0,"{""accel_mps2"": 1.5, ""peak_speed_mps"": 1.0, ""cruise_s"": 0.0, ""axis"": ""x""}",disarmed,0.0,0.0,0.0,0.6,1.7881393432617188e-06,0.0,0.0,0.6,True,0.025706931948661804,0.00418141670525074,0.9998934268951416,0.142018124461174,0.4852599799633026,0.016706041991710663,0.0,0.0,60.0,26.0,0.026,0.001436241902410984,-0.0006514486158266664,0.025399448350071907,0.005747309885919094,-0.0024746148847043514,-0.002269271295517683,0.2231753170490265,1.2611901760101318,0.02185342088341713,0.025467291474342346,-0.0025199109222739935,3.065007376790163e-06,0.0001788221998140216,3.710850477218628,10.0,0.0,0.0,0.0,0.0,0.0,32.766,32.766,0.28,0.341,2.832,2018.7122802734375,809.9451293945312,32.01030349731445,geofence_hard_land,True,
1783703853.9688492,2026-07-10T10:17:33,285287,20260710_101720,accel_decel_fast_a1.50_c0.00_x_h0.60,accel_decel_pulse,outbound,0,"{""accel_mps2"": 1.5, ""peak_speed_mps"": 1.0, ""cruise_s"": 0.0, ""axis"": ""x""}",disarmed,0.0,0.0,0.0,0.6,1.7881393432617188e-06,0.0,0.0,0.6,True,0.025706931948661804,0.00418141670525074,0.9998934268951416,0.142018124461174,0.4852599799633026,0.016706041991710663,0.0,0.0,60.0,26.0,0.026,0.001436241902410984,-0.0006514486158266664,0.025399448350071907,0.005747309885919094,-0.0024746148847043514,-0.002269271295517683,0.2231753170490265,1.2611901760101318,0.02185342088341713,0.025467291474342346,-0.0025199109222739935,3.065007376790163e-06,0.0001788221998140216,3.710850477218628,10.0,0.0,0.0,0.0,0.0,0.0,32.766,32.766,0.28,0.341,2.832,2018.7122802734375,809.9451293945312,32.01030349731445,geofence_hard_land,True,
1783703853.979017,2026-07-10T10:17:33,285287,20260710_101720,accel_decel_fast_a1.50_c0.00_x_h0.60,accel_decel_pulse,outbound,0,"{""accel_mps2"": 1.5, ""peak_speed_mps"": 1.0, ""cruise_s"": 0.0, ""axis"": ""x""}",disarmed,0.0,0.0,0.0,0.6,1.7881393432617188e-06,0.0,0.0,0.6,True,0.025706931948661804,0.00418141670525074,0.9998934268951416,0.142018124461174,0.4852599799633026,0.016706041991710663,0.0,0.0,60.0,26.0,0.026,0.001436241902410984,-0.0006514486158266664,0.025399448350071907,0.005747309885919094,-0.0024746148847043514,-0.002269271295517683,0.2231753170490265,1.2611901760101318,0.02185342088341713,0.025467291474342346,-0.0025199109222739935,3.065007376790163e-06,0.0001788221998140216,3.710850477218628,10.0,0.0,0.0,0.0,0.0,0.0,32.766,32.766,0.28,0.341,2.832,2018.7122802734375,809.9451293945312,32.01030349731445,geofence_hard_land,True,
1783703853.9891863,2026-07-10T10:17:33,285287,20260710_101720,accel_decel_fast_a1.50_c0.00_x_h0.60,accel_decel_pulse,outbound,0,"{""accel_mps2"": 1.5, ""peak_speed_mps"": 1.0, ""cruise_s"": 0.0, ""axis"": ""x""}",disarmed,0.0,0.0,0.0,0.6,1.7881393432617188e-06,0.0,0.0,0.6,True,0.025706931948661804,0.00418141670525074,0.9998934268951416,0.142018124461174,0.4852599799633026,0.016706041991710663,0.0,0.0,60.0,26.0,0.026,0.001436241902410984,-0.0006514486158266664,0.025399448350071907,0.005747309885919094,-0.0024746148847043514,-0.002269271295517683,0.2231753170490265,1.2611901760101318,0.02185342088341713,0.025467291474342346,-0.0025199109222739935,3.065007376790163e-06,0.0001788221998140216,3.710850477218628,10.0,0.0,0.0,0.0,0.0,0.0,32.766,32.766,0.28,0.341,2.832,2018.7122802734375,809.9451293945312,32.01030349731445,geofence_hard_land,True,
1783703853.9993653,2026-07-10T10:17:33,285287,20260710_101720,accel_decel_fast_a1.50_c0.00_x_h0.60,accel_decel_pulse,outbound,0,"{""accel_mps2"": 1.5, ""peak_speed_mps"": 1.0, ""cruise_s"": 0.0, ""axis"": ""x""}",disarmed,0.0,0.0,0.0,0.6,1.7881393432617188e-06,0.0,0.0,0.6,True,0.025706931948661804,0.00418141670525074,0.9998934268951416,0.142018124461174,0.4852599799633026,0.016706041991710663,0.0,0.0,60.0,26.0,0.026,0.001436241902410984,-0.0006514486158266664,0.025399448350071907,0.005747309885919094,-0.0024746148847043514,-0.002269271295517683,0.2231753170490265,1.2611901760101318,0.02185342088341713,0.025467291474342346,-0.0025199109222739935,3.065007376790163e-06,0.0001788221998140216,3.710850477218628,10.0,0.0,0.0,0.0,0.0,0.0,32.766,32.766,0.28,0.341,2.832,2018.7122802734375,809.9451293945312,32.01030349731445,geofence_hard_land,True,
1783703854.0095356,2026-07-10T10:17:34,285287,20260710_101720,accel_decel_fast_a1.50_c0.00_x_h0.60,accel_decel_pulse,outbound,0,"{""accel_mps2"": 1.5, ""peak_speed_mps"": 1.0, ""cruise_s"": 0.0, ""axis"": ""x""}",disarmed,0.0,0.0,0.0,0.6,1.7881393432617188e-06,0.0,0.0,0.6,True,0.025706931948661804,0.00418141670525074,0.9998934268951416,0.142018124461174,0.4852599799633026,0.016706041991710663,0.0,0.0,60.0,26.0,0.026,0.001436241902410984,-0.0006514486158266664,0.025399448350071907,0.005747309885919094,-0.0024746148847043514,-0.002269271295517683,0.2231753170490265,1.2611901760101318,0.02185342088341713,0.025467291474342346,-0.0025199109222739935,3.065007376790163e-06,0.0001788221998140216,3.710850477218628,10.0,0.0,0.0,0.0,0.0,0.0,32.766,32.766,0.28,0.341,2.832,2018.7122802734375,809.9451293945312,32.01030349731445,geofence_hard_land,True,
1783703854.0197062,2026-07-10T10:17:34,285287,20260710_101720,accel_decel_fast_a1.50_c0.00_x_h0.60,accel_decel_pulse,outbound,0,"{""accel_mps2"": 1.5, ""peak_speed_mps"": 1.0, ""cruise_s"": 0.0, ""axis"": ""x""}",disarmed,0.0,0.0,0.0,0.6,1.7881393432617188e-06,0.0,0.0,0.6,True,0.025706931948661804,0.00418141670525074,0.9998934268951416,0.142018124461174,0.4852599799633026,0.016706041991710663,0.0,0.0,60.0,26.0,0.026,0.001436241902410984,-0.0006514486158266664,0.025399448350071907,0.005747309885919094,-0.0024746148847043514,-0.002269271295517683,0.2231753170490265,1.2611901760101318,0.02185342088341713,0.025467291474342346,-0.0025199109222739935,3.065007376790163e-06,0.0001788221998140216,3.710850477218628,10.0,0.0,0.0,0.0,0.0,0.0,32.766,32.766,0.28,0.341,2.832,2018.7122802734375,809.9451293945312,32.01030349731445,geofence_hard_land,True,
1783703854.0298762,2026-07-10T10:17:34,285287,20260710_101720,accel_decel_fast_a1.50_c0.00_x_h0.60,accel_decel_pulse,outbound,0,"{""accel_mps2"": 1.5, ""peak_speed_mps"": 1.0, ""cruise_s"": 0.0, ""axis"": ""x""}",disarmed,0.0,0.0,0.0,0.6,1.7881393432617188e-06,0.0,0.0,0.6,True,0.025706931948661804,0.00418141670525074,0.9998934268951416,0.142018124461174,0.4852599799633026,0.016706041991710663,0.0,0.0,60.0,26.0,0.026,0.001436241902410984,-0.0006514486158266664,0.025399448350071907,0.005747309885919094,-0.0024746148847043514,-0.002269271295517683,0.2231753170490265,1.2611901760101318,0.02185342088341713,0.025467291474342346,-0.0025199109222739935,3.065007376790163e-06,0.0001788221998140216,3.710850477218628,10.0,0.0,0.0,0.0,0.0,0.0,32.766,32.766,0.28,0.341,2.832,2018.7122802734375,809.9451293945312,32.01030349731445,geofence_hard_land,True,
1783703854.0400615,2026-07-10T10:17:34,285287,20260710_101720,accel_decel_fast_a1.50_c0.00_x_h0.60,accel_decel_pulse,outbound,0,"{""accel_mps2"": 1.5, ""peak_speed_mps"": 1.0, ""cruise_s"": 0.0, ""axis"": ""x""}",disarmed,0.0,0.0,0.0,0.6,1.7881393432617188e-06,0.0,0.0,0.6,True,0.025706931948661804,0.00418141670525074,0.9998934268951416,0.142018124461174,0.4852599799633026,0.016706041991710663,0.0,0.0,60.0,26.0,0.026,0.001436241902410984,-0.0006514486158266664,0.025399448350071907,0.005747309885919094,-0.0024746148847043514,-0.002269271295517683,0.2231753170490265,1.2611901760101318,0.02185342088341713,0.025467291474342346,-0.0025199109222739935,3.065007376790163e-06,0.0001788221998140216,3.710850477218628,10.0,0.0,0.0,0.0,0.0,0.0,32.766,32.766,0.28,0.341,2.832,2018.7122802734375,809.9451293945312,32.01030349731445,geofence_hard_land,True,
1783703854.050276,2026-07-10T10:17:34,285287,20260710_101720,accel_decel_fast_a1.50_c0.00_x_h0.60,accel_decel_pulse,outbound,0,"{""accel_mps2"": 1.5, ""peak_speed_mps"": 1.0, ""cruise_s"": 0.0, ""axis"": ""x""}",disarmed,0.0,0.0,0.0,0.6,1.7881393432617188e-06,0.0,0.0,0.6,True,0.025706931948661804,0.00418141670525074,0.9998934268951416,0.142018124461174,0.4852599799633026,0.016706041991710663,0.0,0.0,60.0,26.0,0.026,0.001436241902410984,-0.0006514486158266664,0.025399448350071907,0.005747309885919094,-0.0024746148847043514,-0.002269271295517683,0.2231753170490265,1.2611901760101318,0.02185342088341713,0.025467291474342346,-0.0025199109222739935,3.065007376790163e-06,0.0001788221998140216,3.710850477218628,10.0,0.0,0.0,0.0,0.0,0.0,32.766,32.766,0.28,0.341,2.832,2018.7122802734375,809.9451293945312,32.01030349731445,geofence_hard_land,True,
1783703854.0604768,2026-07-10T10:17:34,285287,20260710_101720,accel_decel_fast_a1.50_c0.00_x_h0.60,accel_decel_pulse,outbound,0,"{""accel_mps2"": 1.5, ""peak_speed_mps"": 1.0, ""cruise_s"": 0.0, ""axis"": ""x""}",disarmed,0.0,0.0,0.0,0.6,1.7881393432617188e-06,0.0,0.0,0.6,True,0.025706931948661804,0.00418141670525074,0.9998934268951416,0.142018124461174,0.4852599799633026,0.016706041991710663,0.0,0.0,60.0,26.0,0.026,0.001436241902410984,-0.0006514486158266664,0.025399448350071907,0.005747309885919094,-0.0024746148847043514,-0.002269271295517683,0.2231753170490265,1.2611901760101318,0.02185342088341713,0.025467291474342346,-0.0025199109222739935,3.065007376790163e-06,0.0001788221998140216,3.710850477218628,10.0,0.0,0.0,0.0,0.0,0.0,32.766,32.766,0.28,0.341,2.832,2018.7122802734375,809.9451293945312,32.01030349731445,geofence_hard_land,True,
1783703854.0706997,2026-07-10T10:17:34,285287,20260710_101720,accel_decel_fast_a1.50_c0.00_x_h0.60,accel_decel_pulse,outbound,0,"{""accel_mps2"": 1.5, ""peak_speed_mps"": 1.0, ""cruise_s"": 0.0, ""axis"": ""x""}",disarmed,0.0,0.0,0.0,0.6,1.7881393432617188e-06,0.0,0.0,0.6,True,0.025706931948661804,0.00418141670525074,0.9998934268951416,0.142018124461174,0.4852599799633026,0.016706041991710663,0.0,0.0,60.0,26.0,0.026,0.001436241902410984,-0.0006514486158266664,0.025399448350071907,0.005747309885919094,-0.0024746148847043514,-0.002269271295517683,0.2231753170490265,1.2611901760101318,0.02185342088341713,0.025467291474342346,-0.0025199109222739935,3.065007376790163e-06,0.0001788221998140216,3.710850477218628,10.0,0.0,0.0,0.0,0.0,0.0,32.766,32.766,0.28,0.341,2.832,2018.7122802734375,809.9451293945312,32.01030349731445,geofence_hard_land,True,
1783703854.0808787,2026-07-10T10:17:34,285287,20260710_101720,accel_decel_fast_a1.50_c0.00_x_h0.60,accel_decel_pulse,outbound,0,"{""accel_mps2"": 1.5, ""peak_speed_mps"": 1.0, ""cruise_s"": 0.0, ""axis"": ""x""}",disarmed,0.0,0.0,0.0,0.6,1.7881393432617188e-06,0.0,0.0,0.6,True,0.025706931948661804,0.00418141670525074,0.9998934268951416,0.142018124461174,0.4852599799633026,0.016706041991710663,0.0,0.0,60.0,26.0,0.026,0.001436241902410984,-0.0006514486158266664,0.025399448350071907,0.005747309885919094,-0.0024746148847043514,-0.002269271295517683,0.2231753170490265,1.2611901760101318,0.02185342088341713,0.025467291474342346,-0.0025199109222739935,3.065007376790163e-06,0.0001788221998140216,3.710850477218628,10.0,0.0,0.0,0.0,0.0,0.0,32.766,32.766,0.28,0.341,2.832,2018.7122802734375,809.9451293945312,32.01030349731445,geofence_hard_land,True,
1783703854.0910587,2026-07-10T10:17:34,285287,20260710_101720,accel_decel_fast_a1.50_c0.00_x_h0.60,accel_decel_pulse,outbound,0,"{""accel_mps2"": 1.5, ""peak_speed_mps"": 1.0, ""cruise_s"": 0.0, ""axis"": ""x""}",disarmed,0.0,0.0,0.0,0.6,1.7881393432617188e-06,0.0,0.0,0.6,True,0.025706931948661804,0.00418141670525074,0.9998934268951416,0.142018124461174,0.4852599799633026,0.016706041991710663,0.0,0.0,60.0,26.0,0.026,0.001436241902410984,-0.0006514486158266664,0.025399448350071907,0.005747309885919094,-0.0024746148847043514,-0.002269271295517683,0.2231753170490265,1.2611901760101318,0.02185342088341713,0.025467291474342346,-0.0025199109222739935,3.065007376790163e-06,0.0001788221998140216,3.710850477218628,10.0,0.0,0.0,0.0,0.0,0.0,32.766,32.766,0.28,0.341,2.832,2018.7122802734375,809.9451293945312,32.01030349731445,geofence_hard_land,True,
1783703854.1012492,2026-07-10T10:17:34,285287,20260710_101720,accel_decel_fast_a1.50_c0.00_x_h0.60,accel_decel_pulse,outbound,0,"{""accel_mps2"": 1.5, ""peak_speed_mps"": 1.0, ""cruise_s"": 0.0, ""axis"": ""x""}",disarmed,0.0,0.0,0.0,0.6,1.7881393432617188e-06,0.0,0.0,0.6,True,0.025706931948661804,0.00418141670525074,0.9998934268951416,0.142018124461174,0.4852599799633026,0.016706041991710663,0.0,0.0,60.0,26.0,0.026,0.001436241902410984,-0.0006514486158266664,0.025399448350071907,0.005747309885919094,-0.0024746148847043514,-0.002269271295517683,0.2231753170490265,1.2611901760101318,0.02185342088341713,0.025467291474342346,-0.0025199109222739935,3.065007376790163e-06,0.0001788221998140216,3.710850477218628,10.0,0.0,0.0,0.0,0.0,0.0,32.766,32.766,0.28,0.341,2.832,2018.7122802734375,809.9451293945312,32.01030349731445,geofence_hard_land,True,
1783703854.1114306,2026-07-10T10:17:34,285287,20260710_101720,accel_decel_fast_a1.50_c0.00_x_h0.60,accel_decel_pulse,outbound,0,"{""accel_mps2"": 1.5, ""peak_speed_mps"": 1.0, ""cruise_s"": 0.0, ""axis"": ""x""}",disarmed,0.0,0.0,0.0,0.6,1.7881393432617188e-06,0.0,0.0,0.6,True,0.025706931948661804,0.00418141670525074,0.9998934268951416,0.142018124461174,0.4852599799633026,0.016706041991710663,0.0,0.0,60.0,26.0,0.026,0.001436241902410984,-0.0006514486158266664,0.025399448350071907,0.005747309885919094,-0.0024746148847043514,-0.002269271295517683,0.2231753170490265,1.2611901760101318,0.02185342088341713,0.025467291474342346,-0.0025199109222739935,3.065007376790163e-06,0.0001788221998140216,3.710850477218628,10.0,0.0,0.0,0.0,0.0,0.0,32.766,32.766,0.28,0.341,2.832,2018.7122802734375,809.9451293945312,32.01030349731445,geofence_hard_land,True,
1783703854.1216013,2026-07-10T10:17:34,285287,20260710_101720,accel_decel_fast_a1.50_c0.00_x_h0.60,accel_decel_pulse,outbound,0,"{""accel_mps2"": 1.5, ""peak_speed_mps"": 1.0, ""cruise_s"": 0.0, ""axis"": ""x""}",disarmed,0.0,0.0,0.0,0.6,1.7881393432617188e-06,0.0,0.0,0.6,True,0.025706931948661804,0.00418141670525074,0.9998934268951416,0.142018124461174,0.4852599799633026,0.016706041991710663,0.0,0.0,60.0,26.0,0.026,0.001436241902410984,-0.0006514486158266664,0.025399448350071907,0.005747309885919094,-0.0024746148847043514,-0.002269271295517683,0.2231753170490265,1.2611901760101318,0.02185342088341713,0.025467291474342346,-0.0025199109222739935,3.065007376790163e-06,0.0001788221998140216,3.710850477218628,10.0,0.0,0.0,0.0,0.0,0.0,32.766,32.766,0.28,0.341,2.832,2018.7122802734375,809.9451293945312,32.01030349731445,geofence_hard_land,True,
1783703854.13177,2026-07-10T10:17:34,285287,20260710_101720,accel_decel_fast_a1.50_c0.00_x_h0.60,accel_decel_pulse,outbound,0,"{""accel_mps2"": 1.5, ""peak_speed_mps"": 1.0, ""cruise_s"": 0.0, ""axis"": ""x""}",disarmed,0.0,0.0,0.0,0.6,1.7881393432617188e-06,0.0,0.0,0.6,True,0.025706931948661804,0.00418141670525074,0.9998934268951416,0.142018124461174,0.4852599799633026,0.016706041991710663,0.0,0.0,60.0,26.0,0.026,0.001436241902410984,-0.0006514486158266664,0.025399448350071907,0.005747309885919094,-0.0024746148847043514,-0.002269271295517683,0.2231753170490265,1.2611901760101318,0.02185342088341713,0.025467291474342346,-0.0025199109222739935,3.065007376790163e-06,0.0001788221998140216,3.710850477218628,10.0,0.0,0.0,0.0,0.0,0.0,32.766,32.766,0.28,0.341,2.832,2018.7122802734375,809.9451293945312,32.01030349731445,geofence_hard_land,True,
1783703854.1419437,2026-07-10T10:17:34,285287,20260710_101720,accel_decel_fast_a1.50_c0.00_x_h0.60,accel_decel_pulse,outbound,0,"{""accel_mps2"": 1.5, ""peak_speed_mps"": 1.0, ""cruise_s"": 0.0, ""axis"": ""x""}",disarmed,0.0,0.0,0.0,0.6,1.7881393432617188e-06,0.0,0.0,0.6,True,0.025706931948661804,0.00418141670525074,0.9998934268951416,0.142018124461174,0.4852599799633026,0.016706041991710663,0.0,0.0,60.0,26.0,0.026,0.001436241902410984,-0.0006514486158266664,0.025399448350071907,0.005747309885919094,-0.0024746148847043514,-0.002269271295517683,0.2231753170490265,1.2611901760101318,0.02185342088341713,0.025467291474342346,-0.0025199109222739935,3.065007376790163e-06,0.0001788221998140216,3.710850477218628,10.0,0.0,0.0,0.0,0.0,0.0,32.766,32.766,0.28,0.341,2.832,2018.7122802734375,809.9451293945312,32.01030349731445,geofence_hard_land,True,
1783703854.1521122,2026-07-10T10:17:34,285287,20260710_101720,accel_decel_fast_a1.50_c0.00_x_h0.60,accel_decel_pulse,outbound,0,"{""accel_mps2"": 1.5, ""peak_speed_mps"": 1.0, ""cruise_s"": 0.0, ""axis"": ""x""}",disarmed,0.0,0.0,0.0,0.6,1.7881393432617188e-06,0.0,0.0,0.6,True,0.025706931948661804,0.00418141670525074,0.9998934268951416,0.142018124461174,0.4852599799633026,0.016706041991710663,0.0,0.0,60.0,26.0,0.026,0.001436241902410984,-0.0006514486158266664,0.025399448350071907,0.005747309885919094,-0.0024746148847043514,-0.002269271295517683,0.2231753170490265,1.2611901760101318,0.02185342088341713,0.025467291474342346,-0.0025199109222739935,3.065007376790163e-06,0.0001788221998140216,3.710850477218628,10.0,0.0,0.0,0.0,0.0,0.0,32.766,32.766,0.28,0.341,2.832,2018.7122802734375,809.9451293945312,32.01030349731445,geofence_hard_land,True,
1783703854.1622827,2026-07-10T10:17:34,285287,20260710_101720,accel_decel_fast_a1.50_c0.00_x_h0.60,accel_decel_pulse,outbound,0,"{""accel_mps2"": 1.5, ""peak_speed_mps"": 1.0, ""cruise_s"": 0.0, ""axis"": ""x""}",disarmed,0.0,0.0,0.0,0.6,1.7881393432617188e-06,0.0,0.0,0.6,True,0.025706931948661804,0.00418141670525074,0.9998934268951416,0.142018124461174,0.4852599799633026,0.016706041991710663,0.0,0.0,60.0,26.0,0.026,0.001436241902410984,-0.0006514486158266664,0.025399448350071907,0.005747309885919094,-0.0024746148847043514,-0.002269271295517683,0.2231753170490265,1.2611901760101318,0.02185342088341713,0.025467291474342346,-0.0025199109222739935,3.065007376790163e-06,0.0001788221998140216,3.710850477218628,10.0,0.0,0.0,0.0,0.0,0.0,32.766,32.766,0.28,0.341,2.832,2018.7122802734375,809.9451293945312,32.01030349731445,geofence_hard_land,True,
1783703854.1724594,2026-07-10T10:17:34,285287,20260710_101720,accel_decel_fast_a1.50_c0.00_x_h0.60,accel_decel_pulse,outbound,0,"{""accel_mps2"": 1.5, ""peak_speed_mps"": 1.0, ""cruise_s"": 0.0, ""axis"": ""x""}",disarmed,0.0,0.0,0.0,0.6,1.7881393432617188e-06,0.0,0.0,0.6,True,0.025706931948661804,0.00418141670525074,0.9998934268951416,0.142018124461174,0.4852599799633026,0.016706041991710663,0.0,0.0,60.0,26.0,0.026,0.001436241902410984,-0.0006514486158266664,0.025399448350071907,0.005747309885919094,-0.0024746148847043514,-0.002269271295517683,0.2231753170490265,1.2611901760101318,0.02185342088341713,0.025467291474342346,-0.0025199109222739935,3.065007376790163e-06,0.0001788221998140216,3.710850477218628,10.0,0.0,0.0,0.0,0.0,0.0,32.766,32.766,0.28,0.341,2.832,2018.7122802734375,809.9451293945312,32.01030349731445,geofence_hard_land,True,
1783703854.1826313,2026-07-10T10:17:34,285287,20260710_101720,accel_decel_fast_a1.50_c0.00_x_h0.60,accel_decel_pulse,outbound,0,"{""accel_mps2"": 1.5, ""peak_speed_mps"": 1.0, ""cruise_s"": 0.0, ""axis"": ""x""}",disarmed,0.0,0.0,0.0,0.6,1.7881393432617188e-06,0.0,0.0,0.6,True,0.025706931948661804,0.00418141670525074,0.9998934268951416,0.142018124461174,0.4852599799633026,0.016706041991710663,0.0,0.0,60.0,26.0,0.026,0.001436241902410984,-0.0006514486158266664,0.025399448350071907,0.005747309885919094,-0.0024746148847043514,-0.002269271295517683,0.2231753170490265,1.2611901760101318,0.02185342088341713,0.025467291474342346,-0.0025199109222739935,3.065007376790163e-06,0.0001788221998140216,3.710850477218628,10.0,0.0,0.0,0.0,0.0,0.0,32.766,32.766,0.28,0.341,2.832,2018.7122802734375,809.9451293945312,32.01030349731445,geofence_hard_land,True,
1783703854.192808,2026-07-10T10:17:34,285287,20260710_101720,accel_decel_fast_a1.50_c0.00_x_h0.60,accel_decel_pulse,outbound,0,"{""accel_mps2"": 1.5, ""peak_speed_mps"": 1.0, ""cruise_s"": 0.0, ""axis"": ""x""}",disarmed,0.0,0.0,0.0,0.6,1.7881393432617188e-06,0.0,0.0,0.6,True,0.025706931948661804,0.00418141670525074,0.9998934268951416,0.142018124461174,0.4852599799633026,0.016706041991710663,0.0,0.0,60.0,26.0,0.026,0.001436241902410984,-0.0006514486158266664,0.025399448350071907,0.005747309885919094,-0.0024746148847043514,-0.002269271295517683,0.2231753170490265,1.2611901760101318,0.02185342088341713,0.025467291474342346,-0.0025199109222739935,3.065007376790163e-06,0.0001788221998140216,3.710850477218628,10.0,0.0,0.0,0.0,0.0,0.0,32.766,32.766,0.28,0.341,2.832,2018.7122802734375,809.9451293945312,32.01030349731445,geofence_hard_land,True,
1783703854.2029843,2026-07-10T10:17:34,285287,20260710_101720,accel_decel_fast_a1.50_c0.00_x_h0.60,accel_decel_pulse,outbound,0,"{""accel_mps2"": 1.5, ""peak_speed_mps"": 1.0, ""cruise_s"": 0.0, ""axis"": ""x""}",disarmed,0.0,0.0,0.0,0.6,1.7881393432617188e-06,0.0,0.0,0.6,True,0.025706931948661804,0.00418141670525074,0.9998934268951416,0.142018124461174,0.4852599799633026,0.016706041991710663,0.0,0.0,60.0,26.0,0.026,0.001436241902410984,-0.0006514486158266664,0.025399448350071907,0.005747309885919094,-0.0024746148847043514,-0.002269271295517683,0.2231753170490265,1.2611901760101318,0.02185342088341713,0.025467291474342346,-0.0025199109222739935,3.065007376790163e-06,0.0001788221998140216,3.710850477218628,10.0,0.0,0.0,0.0,0.0,0.0,32.766,32.766,0.28,0.341,2.832,2018.7122802734375,809.9451293945312,32.01030349731445,geofence_hard_land,True,
1783703854.2131622,2026-07-10T10:17:34,285287,20260710_101720,accel_decel_fast_a1.50_c0.00_x_h0.60,accel_decel_pulse,outbound,0,"{""accel_mps2"": 1.5, ""peak_speed_mps"": 1.0, ""cruise_s"": 0.0, ""axis"": ""x""}",disarmed,0.0,0.0,0.0,0.6,1.7881393432617188e-06,0.0,0.0,0.6,True,0.025706931948661804,0.00418141670525074,0.9998934268951416,0.142018124461174,0.4852599799633026,0.016706041991710663,0.0,0.0,60.0,26.0,0.026,0.001436241902410984,-0.0006514486158266664,0.025399448350071907,0.005747309885919094,-0.0024746148847043514,-0.002269271295517683,0.2231753170490265,1.2611901760101318,0.02185342088341713,0.025467291474342346,-0.0025199109222739935,3.065007376790163e-06,0.0001788221998140216,3.710850477218628,10.0,0.0,0.0,0.0,0.0,0.0,32.766,32.766,0.28,0.341,2.832,2018.7122802734375,809.9451293945312,32.01030349731445,geofence_hard_land,True,
1783703854.2236276,2026-07-10T10:17:34,285287,20260710_101720,accel_decel_fast_a1.50_c0.00_x_h0.60,accel_decel_pulse,outbound,0,"{""accel_mps2"": 1.5, ""peak_speed_mps"": 1.0, ""cruise_s"": 0.0, ""axis"": ""x""}",disarmed,0.0,0.0,0.0,0.6,1.7881393432617188e-06,0.0,0.0,0.6,True,0.025706931948661804,0.00418141670525074,0.9998934268951416,0.142018124461174,0.4852599799633026,0.016706041991710663,0.0,0.0,60.0,26.0,0.026,0.001436241902410984,-0.0006514486158266664,0.025399448350071907,0.005747309885919094,-0.0024746148847043514,-0.002269271295517683,0.2231753170490265,1.2611901760101318,0.02185342088341713,0.025467291474342346,-0.0025199109222739935,3.065007376790163e-06,0.0001788221998140216,3.710850477218628,10.0,0.0,0.0,0.0,0.0,0.0,32.766,32.766,0.28,0.341,2.832,2018.7122802734375,809.9451293945312,32.01030349731445,geofence_hard_land,True,
1783703854.2338545,2026-07-10T10:17:34,285287,20260710_101720,accel_decel_fast_a1.50_c0.00_x_h0.60,accel_decel_pulse,outbound,0,"{""accel_mps2"": 1.5, ""peak_speed_mps"": 1.0, ""cruise_s"": 0.0, ""axis"": ""x""}",disarmed,0.0,0.0,0.0,0.6,1.7881393432617188e-06,0.0,0.0,0.6,True,0.025706931948661804,0.00418141670525074,0.9998934268951416,0.142018124461174,0.4852599799633026,0.016706041991710663,0.0,0.0,60.0,26.0,0.026,0.001436241902410984,-0.0006514486158266664,0.025399448350071907,0.005747309885919094,-0.0024746148847043514,-0.002269271295517683,0.2231753170490265,1.2611901760101318,0.02185342088341713,0.025467291474342346,-0.0025199109222739935,3.065007376790163e-06,0.0001788221998140216,3.710850477218628,10.0,0.0,0.0,0.0,0.0,0.0,32.766,32.766,0.28,0.341,2.832,2018.7122802734375,809.9451293945312,32.01030349731445,geofence_hard_land,True,
1783703854.2440417,2026-07-10T10:17:34,285287,20260710_101720,accel_decel_fast_a1.50_c0.00_x_h0.60,accel_decel_pulse,outbound,0,"{""accel_mps2"": 1.5, ""peak_speed_mps"": 1.0, ""cruise_s"": 0.0, ""axis"": ""x""}",disarmed,0.0,0.0,0.0,0.6,1.7881393432617188e-06,0.0,0.0,0.6,True,0.025706931948661804,0.00418141670525074,0.9998934268951416,0.142018124461174,0.4852599799633026,0.016706041991710663,0.0,0.0,60.0,26.0,0.026,0.001436241902410984,-0.0006514486158266664,0.025399448350071907,0.005747309885919094,-0.0024746148847043514,-0.002269271295517683,0.2231753170490265,1.2611901760101318,0.02185342088341713,0.025467291474342346,-0.0025199109222739935,3.065007376790163e-06,0.0001788221998140216,3.710850477218628,10.0,0.0,0.0,0.0,0.0,0.0,32.766,32.766,0.28,0.341,2.832,2018.7122802734375,809.9451293945312,32.01030349731445,geofence_hard_land,True,
1783703854.2542305,2026-07-10T10:17:34,285287,20260710_101720,accel_decel_fast_a1.50_c0.00_x_h0.60,accel_decel_pulse,outbound,0,"{""accel_mps2"": 1.5, ""peak_speed_mps"": 1.0, ""cruise_s"": 0.0, ""axis"": ""x""}",disarmed,0.0,0.0,0.0,0.6,1.7881393432617188e-06,0.0,0.0,0.6,True,0.025706931948661804,0.00418141670525074,0.9998934268951416,0.142018124461174,0.4852599799633026,0.016706041991710663,0.0,0.0,60.0,26.0,0.026,0.001436241902410984,-0.0006514486158266664,0.025399448350071907,0.005747309885919094,-0.0024746148847043514,-0.002269271295517683,0.2231753170490265,1.2611901760101318,0.02185342088341713,0.025467291474342346,-0.0025199109222739935,3.065007376790163e-06,0.0001788221998140216,3.710850477218628,10.0,0.0,0.0,0.0,0.0,0.0,32.766,32.766,0.28,0.341,2.832,2018.7122802734375,809.9451293945312,32.01030349731445,geofence_hard_land,True,
1783703854.2644646,2026-07-10T10:17:34,285287,20260710_101720,accel_decel_fast_a1.50_c0.00_x_h0.60,accel_decel_pulse,outbound,0,"{""accel_mps2"": 1.5, ""peak_speed_mps"": 1.0, ""cruise_s"": 0.0, ""axis"": ""x""}",disarmed,0.0,0.0,0.0,0.6,1.7881393432617188e-06,0.0,0.0,0.6,True,0.025706931948661804,0.00418141670525074,0.9998934268951416,0.142018124461174,0.4852599799633026,0.016706041991710663,0.0,0.0,60.0,26.0,0.026,0.001436241902410984,-0.0006514486158266664,0.025399448350071907,0.005747309885919094,-0.0024746148847043514,-0.002269271295517683,0.2231753170490265,1.2611901760101318,0.02185342088341713,0.025467291474342346,-0.0025199109222739935,3.065007376790163e-06,0.0001788221998140216,3.710850477218628,10.0,0.0,0.0,0.0,0.0,0.0,32.766,32.766,0.28,0.341,2.832,2018.7122802734375,809.9451293945312,32.01030349731445,geofence_hard_land,True,
1783703854.2746549,2026-07-10T10:17:34,285287,20260710_101720,accel_decel_fast_a1.50_c0.00_x_h0.60,accel_decel_pulse,outbound,0,"{""accel_mps2"": 1.5, ""peak_speed_mps"": 1.0, ""cruise_s"": 0.0, ""axis"": ""x""}",disarmed,0.0,0.0,0.0,0.6,1.7881393432617188e-06,0.0,0.0,0.6,True,0.025706931948661804,0.00418141670525074,0.9998934268951416,0.142018124461174,0.4852599799633026,0.016706041991710663,0.0,0.0,60.0,26.0,0.026,0.001436241902410984,-0.0006514486158266664,0.025399448350071907,0.005747309885919094,-0.0024746148847043514,-0.002269271295517683,0.2231753170490265,1.2611901760101318,0.02185342088341713,0.025467291474342346,-0.0025199109222739935,3.065007376790163e-06,0.0001788221998140216,3.710850477218628,10.0,0.0,0.0,0.0,0.0,0.0,32.766,32.766,0.28,0.341,2.832,2018.7122802734375,809.9451293945312,32.01030349731445,geofence_hard_land,True,
1783703854.2848551,2026-07-10T10:17:34,285287,20260710_101720,accel_decel_fast_a1.50_c0.00_x_h0.60,accel_decel_pulse,outbound,0,"{""accel_mps2"": 1.5, ""peak_speed_mps"": 1.0, ""cruise_s"": 0.0, ""axis"": ""x""}",disarmed,0.0,0.0,0.0,0.6,1.7881393432617188e-06,0.0,0.0,0.6,True,0.025706931948661804,0.00418141670525074,0.9998934268951416,0.142018124461174,0.4852599799633026,0.016706041991710663,0.0,0.0,60.0,26.0,0.026,0.001436241902410984,-0.0006514486158266664,0.025399448350071907,0.005747309885919094,-0.0024746148847043514,-0.002269271295517683,0.2231753170490265,1.2611901760101318,0.02185342088341713,0.025467291474342346,-0.0025199109222739935,3.065007376790163e-06,0.0001788221998140216,3.710850477218628,10.0,0.0,0.0,0.0,0.0,0.0,32.766,32.766,0.28,0.341,2.832,2018.7122802734375,809.9451293945312,32.01030349731445,geofence_hard_land,True,
1783703854.295042,2026-07-10T10:17:34,285287,20260710_101720,accel_decel_fast_a1.50_c0.00_x_h0.60,accel_decel_pulse,outbound,0,"{""accel_mps2"": 1.5, ""peak_speed_mps"": 1.0, ""cruise_s"": 0.0, ""axis"": ""x""}",disarmed,0.0,0.0,0.0,0.6,1.7881393432617188e-06,0.0,0.0,0.6,True,0.025706931948661804,0.00418141670525074,0.9998934268951416,0.142018124461174,0.4852599799633026,0.016706041991710663,0.0,0.0,60.0,26.0,0.026,0.001436241902410984,-0.0006514486158266664,0.025399448350071907,0.005747309885919094,-0.0024746148847043514,-0.002269271295517683,0.2231753170490265,1.2611901760101318,0.02185342088341713,0.025467291474342346,-0.0025199109222739935,3.065007376790163e-06,0.0001788221998140216,3.710850477218628,10.0,0.0,0.0,0.0,0.0,0.0,32.766,32.766,0.28,0.341,2.832,2018.7122802734375,809.9451293945312,32.01030349731445,geofence_hard_land,True,
1783703854.305226,2026-07-10T10:17:34,285287,20260710_101720,accel_decel_fast_a1.50_c0.00_x_h0.60,accel_decel_pulse,outbound,0,"{""accel_mps2"": 1.5, ""peak_speed_mps"": 1.0, ""cruise_s"": 0.0, ""axis"": ""x""}",disarmed,0.0,0.0,0.0,0.6,1.7881393432617188e-06,0.0,0.0,0.6,True,0.025706931948661804,0.00418141670525074,0.9998934268951416,0.142018124461174,0.4852599799633026,0.016706041991710663,0.0,0.0,60.0,26.0,0.026,0.001436241902410984,-0.0006514486158266664,0.025399448350071907,0.005747309885919094,-0.0024746148847043514,-0.002269271295517683,0.2231753170490265,1.2611901760101318,0.02185342088341713,0.025467291474342346,-0.0025199109222739935,3.065007376790163e-06,0.0001788221998140216,3.710850477218628,10.0,0.0,0.0,0.0,0.0,0.0,32.766,32.766,0.28,0.341,2.832,2018.7122802734375,809.9451293945312,32.01030349731445,geofence_hard_land,True,
1783703854.315447,2026-07-10T10:17:34,285287,20260710_101720,accel_decel_fast_a1.50_c0.00_x_h0.60,accel_decel_pulse,outbound,0,"{""accel_mps2"": 1.5, ""peak_speed_mps"": 1.0, ""cruise_s"": 0.0, ""axis"": ""x""}",disarmed,0.0,0.0,0.0,0.6,1.7881393432617188e-06,0.0,0.0,0.6,True,0.025706931948661804,0.00418141670525074,0.9998934268951416,0.142018124461174,0.4852599799633026,0.016706041991710663,0.0,0.0,60.0,26.0,0.026,0.001436241902410984,-0.0006514486158266664,0.025399448350071907,0.005747309885919094,-0.0024746148847043514,-0.002269271295517683,0.2231753170490265,1.2611901760101318,0.02185342088341713,0.025467291474342346,-0.0025199109222739935,3.065007376790163e-06,0.0001788221998140216,3.710850477218628,10.0,0.0,0.0,0.0,0.0,0.0,32.766,32.766,0.28,0.341,2.832,2018.7122802734375,809.9451293945312,32.01030349731445,geofence_hard_land,True,
1783703854.3256035,2026-07-10T10:17:34,285287,20260710_101720,accel_decel_fast_a1.50_c0.00_x_h0.60,accel_decel_pulse,outbound,0,"{""accel_mps2"": 1.5, ""peak_speed_mps"": 1.0, ""cruise_s"": 0.0, ""axis"": ""x""}",disarmed,0.0,0.0,0.0,0.6,1.7881393432617188e-06,0.0,0.0,0.6,True,0.025706931948661804,0.00418141670525074,0.9998934268951416,0.142018124461174,0.4852599799633026,0.016706041991710663,0.0,0.0,60.0,26.0,0.026,0.001436241902410984,-0.0006514486158266664,0.025399448350071907,0.005747309885919094,-0.0024746148847043514,-0.002269271295517683,0.2231753170490265,1.2611901760101318,0.02185342088341713,0.025467291474342346,-0.0025199109222739935,3.065007376790163e-06,0.0001788221998140216,3.710850477218628,10.0,0.0,0.0,0.0,0.0,0.0,32.766,32.766,0.28,0.341,2.832,2018.7122802734375,809.9451293945312,32.01030349731445,geofence_hard_land,True,
1783703854.335785,2026-07-10T10:17:34,285287,20260710_101720,accel_decel_fast_a1.50_c0.00_x_h0.60,accel_decel_pulse,outbound,0,"{""accel_mps2"": 1.5, ""peak_speed_mps"": 1.0, ""cruise_s"": 0.0, ""axis"": ""x""}",disarmed,0.0,0.0,0.0,0.6,1.7881393432617188e-06,0.0,0.0,0.6,True,0.025706931948661804,0.00418141670525074,0.9998934268951416,0.142018124461174,0.4852599799633026,0.016706041991710663,0.0,0.0,60.0,26.0,0.026,0.001436241902410984,-0.0006514486158266664,0.025399448350071907,0.005747309885919094,-0.0024746148847043514,-0.002269271295517683,0.2231753170490265,1.2611901760101318,0.02185342088341713,0.025467291474342346,-0.0025199109222739935,3.065007376790163e-06,0.0001788221998140216,3.710850477218628,10.0,0.0,0.0,0.0,0.0,0.0,32.766,32.766,0.28,0.341,2.832,2018.7122802734375,809.9451293945312,32.01030349731445,geofence_hard_land,True,
1783703854.346019,2026-07-10T10:17:34,285287,20260710_101720,accel_decel_fast_a1.50_c0.00_x_h0.60,accel_decel_pulse,outbound,0,"{""accel_mps2"": 1.5, ""peak_speed_mps"": 1.0, ""cruise_s"": 0.0, ""axis"": ""x""}",disarmed,0.0,0.0,0.0,0.6,1.7881393432617188e-06,0.0,0.0,0.6,True,0.025706931948661804,0.00418141670525074,0.9998934268951416,0.142018124461174,0.4852599799633026,0.016706041991710663,0.0,0.0,60.0,26.0,0.026,0.001436241902410984,-0.0006514486158266664,0.025399448350071907,0.005747309885919094,-0.0024746148847043514,-0.002269271295517683,0.2231753170490265,1.2611901760101318,0.02185342088341713,0.025467291474342346,-0.0025199109222739935,3.065007376790163e-06,0.0001788221998140216,3.710850477218628,10.0,0.0,0.0,0.0,0.0,0.0,32.766,32.766,0.28,0.341,2.832,2018.7122802734375,809.9451293945312,32.01030349731445,geofence_hard_land,True,
1783703854.3561716,2026-07-10T10:17:34,285287,20260710_101720,accel_decel_fast_a1.50_c0.00_x_h0.60,accel_decel_pulse,outbound,0,"{""accel_mps2"": 1.5, ""peak_speed_mps"": 1.0, ""cruise_s"": 0.0, ""axis"": ""x""}",disarmed,0.0,0.0,0.0,0.6,1.7881393432617188e-06,0.0,0.0,0.6,True,0.025706931948661804,0.00418141670525074,0.9998934268951416,0.142018124461174,0.4852599799633026,0.016706041991710663,0.0,0.0,60.0,26.0,0.026,0.001436241902410984,-0.0006514486158266664,0.025399448350071907,0.005747309885919094,-0.0024746148847043514,-0.002269271295517683,0.2231753170490265,1.2611901760101318,0.02185342088341713,0.025467291474342346,-0.0025199109222739935,3.065007376790163e-06,0.0001788221998140216,3.710850477218628,10.0,0.0,0.0,0.0,0.0,0.0,32.766,32.766,0.28,0.341,2.832,2018.7122802734375,809.9451293945312,32.01030349731445,geofence_hard_land,True,
1783703854.3663268,2026-07-10T10:17:34,285287,20260710_101720,accel_decel_fast_a1.50_c0.00_x_h0.60,accel_decel_pulse,outbound,0,"{""accel_mps2"": 1.5, ""peak_speed_mps"": 1.0, ""cruise_s"": 0.0, ""axis"": ""x""}",disarmed,0.0,0.0,0.0,0.6,1.7881393432617188e-06,0.0,0.0,0.6,True,0.025706931948661804,0.00418141670525074,0.9998934268951416,0.142018124461174,0.4852599799633026,0.016706041991710663,0.0,0.0,60.0,26.0,0.026,0.001436241902410984,-0.0006514486158266664,0.025399448350071907,0.005747309885919094,-0.0024746148847043514,-0.002269271295517683,0.2231753170490265,1.2611901760101318,0.02185342088341713,0.025467291474342346,-0.0025199109222739935,3.065007376790163e-06,0.0001788221998140216,3.710850477218628,10.0,0.0,0.0,0.0,0.0,0.0,32.766,32.766,0.28,0.341,2.832,2018.7122802734375,809.9451293945312,32.01030349731445,geofence_hard_land,True,
1783703854.376493,2026-07-10T10:17:34,285287,20260710_101720,accel_decel_fast_a1.50_c0.00_x_h0.60,accel_decel_pulse,outbound,0,"{""accel_mps2"": 1.5, ""peak_speed_mps"": 1.0, ""cruise_s"": 0.0, ""axis"": ""x""}",disarmed,0.0,0.0,0.0,0.6,1.7881393432617188e-06,0.0,0.0,0.6,True,0.025706931948661804,0.00418141670525074,0.9998934268951416,0.142018124461174,0.4852599799633026,0.016706041991710663,0.0,0.0,60.0,26.0,0.026,0.001436241902410984,-0.0006514486158266664,0.025399448350071907,0.005747309885919094,-0.0024746148847043514,-0.002269271295517683,0.2231753170490265,1.2611901760101318,0.02185342088341713,0.025467291474342346,-0.0025199109222739935,3.065007376790163e-06,0.0001788221998140216,3.710850477218628,10.0,0.0,0.0,0.0,0.0,0.0,32.766,32.766,0.28,0.341,2.832,2018.7122802734375,809.9451293945312,32.01030349731445,geofence_hard_land,True,
1783703854.3866434,2026-07-10T10:17:34,285287,20260710_101720,accel_decel_fast_a1.50_c0.00_x_h0.60,accel_decel_pulse,outbound,0,"{""accel_mps2"": 1.5, ""peak_speed_mps"": 1.0, ""cruise_s"": 0.0, ""axis"": ""x""}",disarmed,0.0,0.0,0.0,0.6,1.7881393432617188e-06,0.0,0.0,0.6,True,0.025706931948661804,0.00418141670525074,0.9998934268951416,0.142018124461174,0.4852599799633026,0.016706041991710663,0.0,0.0,60.0,26.0,0.026,0.001436241902410984,-0.0006514486158266664,0.025399448350071907,0.005747309885919094,-0.0024746148847043514,-0.002269271295517683,0.2231753170490265,1.2611901760101318,0.02185342088341713,0.025467291474342346,-0.0025199109222739935,3.065007376790163e-06,0.0001788221998140216,3.710850477218628,10.0,0.0,0.0,0.0,0.0,0.0,32.766,32.766,0.28,0.341,2.832,2018.7122802734375,809.9451293945312,32.01030349731445,geofence_hard_land,True,
1783703854.3968134,2026-07-10T10:17:34,285287,20260710_101720,accel_decel_fast_a1.50_c0.00_x_h0.60,accel_decel_pulse,outbound,0,"{""accel_mps2"": 1.5, ""peak_speed_mps"": 1.0, ""cruise_s"": 0.0, ""axis"": ""x""}",disarmed,0.0,0.0,0.0,0.6,1.7881393432617188e-06,0.0,0.0,0.6,True,0.025706931948661804,0.00418141670525074,0.9998934268951416,0.142018124461174,0.4852599799633026,0.016706041991710663,0.0,0.0,60.0,26.0,0.026,0.001436241902410984,-0.0006514486158266664,0.025399448350071907,0.005747309885919094,-0.0024746148847043514,-0.002269271295517683,0.2231753170490265,1.2611901760101318,0.02185342088341713,0.025467291474342346,-0.0025199109222739935,3.065007376790163e-06,0.0001788221998140216,3.710850477218628,10.0,0.0,0.0,0.0,0.0,0.0,32.766,32.766,0.28,0.341,2.832,2018.7122802734375,809.9451293945312,32.01030349731445,geofence_hard_land,True,
1783703854.406976,2026-07-10T10:17:34,285287,20260710_101720,accel_decel_fast_a1.50_c0.00_x_h0.60,accel_decel_pulse,outbound,0,"{""accel_mps2"": 1.5, ""peak_speed_mps"": 1.0, ""cruise_s"": 0.0, ""axis"": ""x""}",disarmed,0.0,0.0,0.0,0.6,1.7881393432617188e-06,0.0,0.0,0.6,True,0.025706931948661804,0.00418141670525074,0.9998934268951416,0.142018124461174,0.4852599799633026,0.016706041991710663,0.0,0.0,60.0,26.0,0.026,0.001436241902410984,-0.0006514486158266664,0.025399448350071907,0.005747309885919094,-0.0024746148847043514,-0.002269271295517683,0.2231753170490265,1.2611901760101318,0.02185342088341713,0.025467291474342346,-0.0025199109222739935,3.065007376790163e-06,0.0001788221998140216,3.710850477218628,10.0,0.0,0.0,0.0,0.0,0.0,32.766,32.766,0.28,0.341,2.832,2018.7122802734375,809.9451293945312,32.01030349731445,geofence_hard_land,True,
1783703854.4171205,2026-07-10T10:17:34,285287,20260710_101720,accel_decel_fast_a1.50_c0.00_x_h0.60,accel_decel_pulse,outbound,0,"{""accel_mps2"": 1.5, ""peak_speed_mps"": 1.0, ""cruise_s"": 0.0, ""axis"": ""x""}",disarmed,0.0,0.0,0.0,0.6,1.7881393432617188e-06,0.0,0.0,0.6,True,0.025706931948661804,0.00418141670525074,0.9998934268951416,0.142018124461174,0.4852599799633026,0.016706041991710663,0.0,0.0,60.0,26.0,0.026,0.001436241902410984,-0.0006514486158266664,0.025399448350071907,0.005747309885919094,-0.0024746148847043514,-0.002269271295517683,0.2231753170490265,1.2611901760101318,0.02185342088341713,0.025467291474342346,-0.0025199109222739935,3.065007376790163e-06,0.0001788221998140216,3.710850477218628,10.0,0.0,0.0,0.0,0.0,0.0,32.766,32.766,0.28,0.341,2.832,2018.7122802734375,809.9451293945312,32.01030349731445,geofence_hard_land,True,
1783703854.4272628,2026-07-10T10:17:34,285287,20260710_101720,accel_decel_fast_a1.50_c0.00_x_h0.60,accel_decel_pulse,outbound,0,"{""accel_mps2"": 1.5, ""peak_speed_mps"": 1.0, ""cruise_s"": 0.0, ""axis"": ""x""}",disarmed,0.0,0.0,0.0,0.6,1.7881393432617188e-06,0.0,0.0,0.6,True,0.025706931948661804,0.00418141670525074,0.9998934268951416,0.142018124461174,0.4852599799633026,0.016706041991710663,0.0,0.0,60.0,26.0,0.026,0.001436241902410984,-0.0006514486158266664,0.025399448350071907,0.005747309885919094,-0.0024746148847043514,-0.002269271295517683,0.2231753170490265,1.2611901760101318,0.02185342088341713,0.025467291474342346,-0.0025199109222739935,3.065007376790163e-06,0.0001788221998140216,3.710850477218628,10.0,0.0,0.0,0.0,0.0,0.0,32.766,32.766,0.28,0.341,2.832,2018.7122802734375,809.9451293945312,32.01030349731445,geofence_hard_land,True,
1783703854.4374068,2026-07-10T10:17:34,285287,20260710_101720,accel_decel_fast_a1.50_c0.00_x_h0.60,accel_decel_pulse,outbound,0,"{""accel_mps2"": 1.5, ""peak_speed_mps"": 1.0, ""cruise_s"": 0.0, ""axis"": ""x""}",disarmed,0.0,0.0,0.0,0.6,1.7881393432617188e-06,0.0,0.0,0.6,True,0.025706931948661804,0.00418141670525074,0.9998934268951416,0.142018124461174,0.4852599799633026,0.016706041991710663,0.0,0.0,60.0,26.0,0.026,0.001436241902410984,-0.0006514486158266664,0.025399448350071907,0.005747309885919094,-0.0024746148847043514,-0.002269271295517683,0.2231753170490265,1.2611901760101318,0.02185342088341713,0.025467291474342346,-0.0025199109222739935,3.065007376790163e-06,0.0001788221998140216,3.710850477218628,10.0,0.0,0.0,0.0,0.0,0.0,32.766,32.766,0.28,0.341,2.832,2018.7122802734375,809.9451293945312,32.01030349731445,geofence_hard_land,True,
1783703854.447546,2026-07-10T10:17:34,285287,20260710_101720,accel_decel_fast_a1.50_c0.00_x_h0.60,accel_decel_pulse,outbound,0,"{""accel_mps2"": 1.5, ""peak_speed_mps"": 1.0, ""cruise_s"": 0.0, ""axis"": ""x""}",disarmed,0.0,0.0,0.0,0.6,1.7881393432617188e-06,0.0,0.0,0.6,True,0.025706931948661804,0.00418141670525074,0.9998934268951416,0.142018124461174,0.4852599799633026,0.016706041991710663,0.0,0.0,60.0,26.0,0.026,0.001436241902410984,-0.0006514486158266664,0.025399448350071907,0.005747309885919094,-0.0024746148847043514,-0.002269271295517683,0.2231753170490265,1.2611901760101318,0.02185342088341713,0.025467291474342346,-0.0025199109222739935,3.065007376790163e-06,0.0001788221998140216,3.710850477218628,10.0,0.0,0.0,0.0,0.0,0.0,32.766,32.766,0.28,0.341,2.832,2018.7122802734375,809.9451293945312,32.01030349731445,geofence_hard_land,True,
1783703854.4576857,2026-07-10T10:17:34,285287,20260710_101720,accel_decel_fast_a1.50_c0.00_x_h0.60,accel_decel_pulse,outbound,0,"{""accel_mps2"": 1.5, ""peak_speed_mps"": 1.0, ""cruise_s"": 0.0, ""axis"": ""x""}",disarmed,0.0,0.0,0.0,0.6,1.7881393432617188e-06,0.0,0.0,0.6,True,0.025706931948661804,0.00418141670525074,0.9998934268951416,0.142018124461174,0.4852599799633026,0.016706041991710663,0.0,0.0,60.0,26.0,0.026,0.001436241902410984,-0.0006514486158266664,0.025399448350071907,0.005747309885919094,-0.0024746148847043514,-0.002269271295517683,0.2231753170490265,1.2611901760101318,0.02185342088341713,0.025467291474342346,-0.0025199109222739935,3.065007376790163e-06,0.0001788221998140216,3.710850477218628,10.0,0.0,0.0,0.0,0.0,0.0,32.766,32.766,0.28,0.341,2.832,2018.7122802734375,809.9451293945312,32.01030349731445,geofence_hard_land,True,
1783703854.4678345,2026-07-10T10:17:34,285287,20260710_101720,accel_decel_fast_a1.50_c0.00_x_h0.60,accel_decel_pulse,outbound,0,"{""accel_mps2"": 1.5, ""peak_speed_mps"": 1.0, ""cruise_s"": 0.0, ""axis"": ""x""}",disarmed,0.0,0.0,0.0,0.6,1.7881393432617188e-06,0.0,0.0,0.6,True,0.025706931948661804,0.00418141670525074,0.9998934268951416,0.142018124461174,0.4852599799633026,0.016706041991710663,0.0,0.0,60.0,26.0,0.026,0.001436241902410984,-0.0006514486158266664,0.025399448350071907,0.005747309885919094,-0.0024746148847043514,-0.002269271295517683,0.2231753170490265,1.2611901760101318,0.02185342088341713,0.025467291474342346,-0.0025199109222739935,3.065007376790163e-06,0.0001788221998140216,3.710850477218628,10.0,0.0,0.0,0.0,0.0,0.0,32.766,32.766,0.28,0.341,2.832,2018.7122802734375,809.9451293945312,32.01030349731445,geofence_hard_land,True,
1783703854.4779987,2026-07-10T10:17:34,285287,20260710_101720,accel_decel_fast_a1.50_c0.00_x_h0.60,accel_decel_pulse,outbound,0,"{""accel_mps2"": 1.5, ""peak_speed_mps"": 1.0, ""cruise_s"": 0.0, ""axis"": ""x""}",disarmed,0.0,0.0,0.0,0.6,1.7881393432617188e-06,0.0,0.0,0.6,True,0.025706931948661804,0.00418141670525074,0.9998934268951416,0.142018124461174,0.4852599799633026,0.016706041991710663,0.0,0.0,60.0,26.0,0.026,0.001436241902410984,-0.0006514486158266664,0.025399448350071907,0.005747309885919094,-0.0024746148847043514,-0.002269271295517683,0.2231753170490265,1.2611901760101318,0.02185342088341713,0.025467291474342346,-0.0025199109222739935,3.065007376790163e-06,0.0001788221998140216,3.710850477218628,10.0,0.0,0.0,0.0,0.0,0.0,32.766,32.766,0.28,0.341,2.832,2018.7122802734375,809.9451293945312,32.01030349731445,geofence_hard_land,True,
1783703854.4881582,2026-07-10T10:17:34,285287,20260710_101720,accel_decel_fast_a1.50_c0.00_x_h0.60,accel_decel_pulse,outbound,0,"{""accel_mps2"": 1.5, ""peak_speed_mps"": 1.0, ""cruise_s"": 0.0, ""axis"": ""x""}",disarmed,0.0,0.0,0.0,0.6,1.7881393432617188e-06,0.0,0.0,0.6,True,0.025706931948661804,0.00418141670525074,0.9998934268951416,0.142018124461174,0.4852599799633026,0.016706041991710663,0.0,0.0,60.0,26.0,0.026,0.001436241902410984,-0.0006514486158266664,0.025399448350071907,0.005747309885919094,-0.0024746148847043514,-0.002269271295517683,0.2231753170490265,1.2611901760101318,0.02185342088341713,0.025467291474342346,-0.0025199109222739935,3.065007376790163e-06,0.0001788221998140216,3.710850477218628,10.0,0.0,0.0,0.0,0.0,0.0,32.766,32.766,0.28,0.341,2.832,2018.7122802734375,809.9451293945312,32.01030349731445,geofence_hard_land,True,
1783703854.498313,2026-07-10T10:17:34,285287,20260710_101720,accel_decel_fast_a1.50_c0.00_x_h0.60,accel_decel_pulse,outbound,0,"{""accel_mps2"": 1.5, ""peak_speed_mps"": 1.0, ""cruise_s"": 0.0, ""axis"": ""x""}",disarmed,0.0,0.0,0.0,0.6,1.7881393432617188e-06,0.0,0.0,0.6,True,0.025706931948661804,0.00418141670525074,0.9998934268951416,0.142018124461174,0.4852599799633026,0.016706041991710663,0.0,0.0,60.0,26.0,0.026,0.001436241902410984,-0.0006514486158266664,0.025399448350071907,0.005747309885919094,-0.0024746148847043514,-0.002269271295517683,0.2231753170490265,1.2611901760101318,0.02185342088341713,0.025467291474342346,-0.0025199109222739935,3.065007376790163e-06,0.0001788221998140216,3.710850477218628,10.0,0.0,0.0,0.0,0.0,0.0,32.766,32.766,0.28,0.341,2.832,2018.7122802734375,809.9451293945312,32.01030349731445,geofence_hard_land,True,
1783703854.5084808,2026-07-10T10:17:34,285287,20260710_101720,accel_decel_fast_a1.50_c0.00_x_h0.60,accel_decel_pulse,outbound,0,"{""accel_mps2"": 1.5, ""peak_speed_mps"": 1.0, ""cruise_s"": 0.0, ""axis"": ""x""}",disarmed,0.0,0.0,0.0,0.6,1.7881393432617188e-06,0.0,0.0,0.6,True,0.025706931948661804,0.00418141670525074,0.9998934268951416,0.142018124461174,0.4852599799633026,0.016706041991710663,0.0,0.0,60.0,26.0,0.026,0.001436241902410984,-0.0006514486158266664,0.025399448350071907,0.005747309885919094,-0.0024746148847043514,-0.002269271295517683,0.2231753170490265,1.2611901760101318,0.02185342088341713,0.025467291474342346,-0.0025199109222739935,3.065007376790163e-06,0.0001788221998140216,3.710850477218628,10.0,0.0,0.0,0.0,0.0,0.0,32.766,32.766,0.28,0.341,2.832,2018.7122802734375,809.9451293945312,32.01030349731445,geofence_hard_land,True,
1783703854.5186298,2026-07-10T10:17:34,285287,20260710_101720,accel_decel_fast_a1.50_c0.00_x_h0.60,accel_decel_pulse,outbound,0,"{""accel_mps2"": 1.5, ""peak_speed_mps"": 1.0, ""cruise_s"": 0.0, ""axis"": ""x""}",disarmed,0.0,0.0,0.0,0.6,1.7881393432617188e-06,0.0,0.0,0.6,True,0.025706931948661804,0.00418141670525074,0.9998934268951416,0.142018124461174,0.4852599799633026,0.016706041991710663,0.0,0.0,60.0,26.0,0.026,0.001436241902410984,-0.0006514486158266664,0.025399448350071907,0.005747309885919094,-0.0024746148847043514,-0.002269271295517683,0.2231753170490265,1.2611901760101318,0.02185342088341713,0.025467291474342346,-0.0025199109222739935,3.065007376790163e-06,0.0001788221998140216,3.710850477218628,10.0,0.0,0.0,0.0,0.0,0.0,32.766,32.766,0.28,0.341,2.832,2018.7122802734375,809.9451293945312,32.01030349731445,geofence_hard_land,True,
1783703854.5287771,2026-07-10T10:17:34,285287,20260710_101720,accel_decel_fast_a1.50_c0.00_x_h0.60,accel_decel_pulse,outbound,0,"{""accel_mps2"": 1.5, ""peak_speed_mps"": 1.0, ""cruise_s"": 0.0, ""axis"": ""x""}",disarmed,0.0,0.0,0.0,0.6,1.7881393432617188e-06,0.0,0.0,0.6,True,0.025706931948661804,0.00418141670525074,0.9998934268951416,0.142018124461174,0.4852599799633026,0.016706041991710663,0.0,0.0,60.0,26.0,0.026,0.001436241902410984,-0.0006514486158266664,0.025399448350071907,0.005747309885919094,-0.0024746148847043514,-0.002269271295517683,0.2231753170490265,1.2611901760101318,0.02185342088341713,0.025467291474342346,-0.0025199109222739935,3.065007376790163e-06,0.0001788221998140216,3.710850477218628,10.0,0.0,0.0,0.0,0.0,0.0,32.766,32.766,0.28,0.341,2.832,2018.7122802734375,809.9451293945312,32.01030349731445,geofence_hard_land,True,
1783703854.5392184,2026-07-10T10:17:34,285287,20260710_101720,accel_decel_fast_a1.50_c0.00_x_h0.60,accel_decel_pulse,outbound,0,"{""accel_mps2"": 1.5, ""peak_speed_mps"": 1.0, ""cruise_s"": 0.0, ""axis"": ""x""}",disarmed,0.0,0.0,0.0,0.6,1.7881393432617188e-06,0.0,0.0,0.6,True,0.025706931948661804,0.00418141670525074,0.9998934268951416,0.142018124461174,0.4852599799633026,0.016706041991710663,0.0,0.0,60.0,26.0,0.026,0.001436241902410984,-0.0006514486158266664,0.025399448350071907,0.005747309885919094,-0.0024746148847043514,-0.002269271295517683,0.2231753170490265,1.2611901760101318,0.02185342088341713,0.025467291474342346,-0.0025199109222739935,3.065007376790163e-06,0.0001788221998140216,3.710850477218628,10.0,0.0,0.0,0.0,0.0,0.0,32.766,32.766,0.28,0.341,2.832,2018.7122802734375,809.9451293945312,32.01030349731445,geofence_hard_land,True,
1783703854.5494564,2026-07-10T10:17:34,285287,20260710_101720,accel_decel_fast_a1.50_c0.00_x_h0.60,accel_decel_pulse,outbound,0,"{""accel_mps2"": 1.5, ""peak_speed_mps"": 1.0, ""cruise_s"": 0.0, ""axis"": ""x""}",disarmed,0.0,0.0,0.0,0.6,1.7881393432617188e-06,0.0,0.0,0.6,True,0.025706931948661804,0.00418141670525074,0.9998934268951416,0.142018124461174,0.4852599799633026,0.016706041991710663,0.0,0.0,60.0,26.0,0.026,0.001436241902410984,-0.0006514486158266664,0.025399448350071907,0.005747309885919094,-0.0024746148847043514,-0.002269271295517683,0.2231753170490265,1.2611901760101318,0.02185342088341713,0.025467291474342346,-0.0025199109222739935,3.065007376790163e-06,0.0001788221998140216,3.710850477218628,10.0,0.0,0.0,0.0,0.0,0.0,32.766,32.766,0.28,0.341,2.832,2018.7122802734375,809.9451293945312,32.01030349731445,geofence_hard_land,True,
1783703854.559675,2026-07-10T10:17:34,285287,20260710_101720,accel_decel_fast_a1.50_c0.00_x_h0.60,accel_decel_pulse,outbound,0,"{""accel_mps2"": 1.5, ""peak_speed_mps"": 1.0, ""cruise_s"": 0.0, ""axis"": ""x""}",disarmed,0.0,0.0,0.0,0.6,1.7881393432617188e-06,0.0,0.0,0.6,True,0.025706931948661804,0.00418141670525074,0.9998934268951416,0.142018124461174,0.4852599799633026,0.016706041991710663,0.0,0.0,60.0,26.0,0.026,0.001436241902410984,-0.0006514486158266664,0.025399448350071907,0.005747309885919094,-0.0024746148847043514,-0.002269271295517683,0.2231753170490265,1.2611901760101318,0.02185342088341713,0.025467291474342346,-0.0025199109222739935,3.065007376790163e-06,0.0001788221998140216,3.710850477218628,10.0,0.0,0.0,0.0,0.0,0.0,32.766,32.766,0.28,0.341,2.832,2018.7122802734375,809.9451293945312,32.01030349731445,geofence_hard_land,True,
1783703854.5699096,2026-07-10T10:17:34,285287,20260710_101720,accel_decel_fast_a1.50_c0.00_x_h0.60,accel_decel_pulse,outbound,0,"{""accel_mps2"": 1.5, ""peak_speed_mps"": 1.0, ""cruise_s"": 0.0, ""axis"": ""x""}",disarmed,0.0,0.0,0.0,0.6,1.7881393432617188e-06,0.0,0.0,0.6,True,0.025706931948661804,0.00418141670525074,0.9998934268951416,0.142018124461174,0.4852599799633026,0.016706041991710663,0.0,0.0,60.0,26.0,0.026,0.001436241902410984,-0.0006514486158266664,0.025399448350071907,0.005747309885919094,-0.0024746148847043514,-0.002269271295517683,0.2231753170490265,1.2611901760101318,0.02185342088341713,0.025467291474342346,-0.0025199109222739935,3.065007376790163e-06,0.0001788221998140216,3.710850477218628,10.0,0.0,0.0,0.0,0.0,0.0,32.766,32.766,0.28,0.341,2.832,2018.7122802734375,809.9451293945312,32.01030349731445,geofence_hard_land,True,
1783703854.5801008,2026-07-10T10:17:34,285287,20260710_101720,accel_decel_fast_a1.50_c0.00_x_h0.60,accel_decel_pulse,outbound,0,"{""accel_mps2"": 1.5, ""peak_speed_mps"": 1.0, ""cruise_s"": 0.0, ""axis"": ""x""}",disarmed,0.0,0.0,0.0,0.6,1.7881393432617188e-06,0.0,0.0,0.6,True,0.025706931948661804,0.00418141670525074,0.9998934268951416,0.142018124461174,0.4852599799633026,0.016706041991710663,0.0,0.0,60.0,26.0,0.026,0.001436241902410984,-0.0006514486158266664,0.025399448350071907,0.005747309885919094,-0.0024746148847043514,-0.002269271295517683,0.2231753170490265,1.2611901760101318,0.02185342088341713,0.025467291474342346,-0.0025199109222739935,3.065007376790163e-06,0.0001788221998140216,3.710850477218628,10.0,0.0,0.0,0.0,0.0,0.0,32.766,32.766,0.28,0.341,2.832,2018.7122802734375,809.9451293945312,32.01030349731445,geofence_hard_land,True,
1783703854.590286,2026-07-10T10:17:34,285287,20260710_101720,accel_decel_fast_a1.50_c0.00_x_h0.60,accel_decel_pulse,outbound,0,"{""accel_mps2"": 1.5, ""peak_speed_mps"": 1.0, ""cruise_s"": 0.0, ""axis"": ""x""}",disarmed,0.0,0.0,0.0,0.6,1.7881393432617188e-06,0.0,0.0,0.6,True,0.025706931948661804,0.00418141670525074,0.9998934268951416,0.142018124461174,0.4852599799633026,0.016706041991710663,0.0,0.0,60.0,26.0,0.026,0.001436241902410984,-0.0006514486158266664,0.025399448350071907,0.005747309885919094,-0.0024746148847043514,-0.002269271295517683,0.2231753170490265,1.2611901760101318,0.02185342088341713,0.025467291474342346,-0.0025199109222739935,3.065007376790163e-06,0.0001788221998140216,3.710850477218628,10.0,0.0,0.0,0.0,0.0,0.0,32.766,32.766,0.28,0.341,2.832,2018.7122802734375,809.9451293945312,32.01030349731445,geofence_hard_land,True,
1783703854.600502,2026-07-10T10:17:34,285287,20260710_101720,accel_decel_fast_a1.50_c0.00_x_h0.60,accel_decel_pulse,outbound,0,"{""accel_mps2"": 1.5, ""peak_speed_mps"": 1.0, ""cruise_s"": 0.0, ""axis"": ""x""}",disarmed,0.0,0.0,0.0,0.6,1.7881393432617188e-06,0.0,0.0,0.6,True,0.025706931948661804,0.00418141670525074,0.9998934268951416,0.142018124461174,0.4852599799633026,0.016706041991710663,0.0,0.0,60.0,26.0,0.026,0.001436241902410984,-0.0006514486158266664,0.025399448350071907,0.005747309885919094,-0.0024746148847043514,-0.002269271295517683,0.2231753170490265,1.2611901760101318,0.02185342088341713,0.025467291474342346,-0.0025199109222739935,3.065007376790163e-06,0.0001788221998140216,3.710850477218628,10.0,0.0,0.0,0.0,0.0,0.0,32.766,32.766,0.28,0.341,2.832,2018.7122802734375,809.9451293945312,32.01030349731445,geofence_hard_land,True,
1783703854.610706,2026-07-10T10:17:34,285287,20260710_101720,accel_decel_fast_a1.50_c0.00_x_h0.60,accel_decel_pulse,outbound,0,"{""accel_mps2"": 1.5, ""peak_speed_mps"": 1.0, ""cruise_s"": 0.0, ""axis"": ""x""}",disarmed,0.0,0.0,0.0,0.6,1.7881393432617188e-06,0.0,0.0,0.6,True,0.025706931948661804,0.00418141670525074,0.9998934268951416,0.142018124461174,0.4852599799633026,0.016706041991710663,0.0,0.0,60.0,26.0,0.026,0.001436241902410984,-0.0006514486158266664,0.025399448350071907,0.005747309885919094,-0.0024746148847043514,-0.002269271295517683,0.2231753170490265,1.2611901760101318,0.02185342088341713,0.025467291474342346,-0.0025199109222739935,3.065007376790163e-06,0.0001788221998140216,3.710850477218628,10.0,0.0,0.0,0.0,0.0,0.0,32.766,32.766,0.28,0.341,2.832,2018.7122802734375,809.9451293945312,32.01030349731445,geofence_hard_land,True,
1783703854.6208942,2026-07-10T10:17:34,285287,20260710_101720,accel_decel_fast_a1.50_c0.00_x_h0.60,accel_decel_pulse,outbound,0,"{""accel_mps2"": 1.5, ""peak_speed_mps"": 1.0, ""cruise_s"": 0.0, ""axis"": ""x""}",disarmed,0.0,0.0,0.0,0.6,1.7881393432617188e-06,0.0,0.0,0.6,True,0.025706931948661804,0.00418141670525074,0.9998934268951416,0.142018124461174,0.4852599799633026,0.016706041991710663,0.0,0.0,60.0,26.0,0.026,0.001436241902410984,-0.0006514486158266664,0.025399448350071907,0.005747309885919094,-0.0024746148847043514,-0.002269271295517683,0.2231753170490265,1.2611901760101318,0.02185342088341713,0.025467291474342346,-0.0025199109222739935,3.065007376790163e-06,0.0001788221998140216,3.710850477218628,10.0,0.0,0.0,0.0,0.0,0.0,32.766,32.766,0.28,0.341,2.832,2018.7122802734375,809.9451293945312,32.01030349731445,geofence_hard_land,True,
1783703854.6310449,2026-07-10T10:17:34,285287,20260710_101720,accel_decel_fast_a1.50_c0.00_x_h0.60,accel_decel_pulse,outbound,0,"{""accel_mps2"": 1.5, ""peak_speed_mps"": 1.0, ""cruise_s"": 0.0, ""axis"": ""x""}",disarmed,0.0,0.0,0.0,0.6,1.7881393432617188e-06,0.0,0.0,0.6,True,0.025706931948661804,0.00418141670525074,0.9998934268951416,0.142018124461174,0.4852599799633026,0.016706041991710663,0.0,0.0,60.0,26.0,0.026,0.001436241902410984,-0.0006514486158266664,0.025399448350071907,0.005747309885919094,-0.0024746148847043514,-0.002269271295517683,0.2231753170490265,1.2611901760101318,0.02185342088341713,0.025467291474342346,-0.0025199109222739935,3.065007376790163e-06,0.0001788221998140216,3.710850477218628,10.0,0.0,0.0,0.0,0.0,0.0,32.766,32.766,0.28,0.341,2.832,2018.7122802734375,809.9451293945312,32.01030349731445,geofence_hard_land,True,
1783703854.6411955,2026-07-10T10:17:34,285287,20260710_101720,accel_decel_fast_a1.50_c0.00_x_h0.60,accel_decel_pulse,outbound,0,"{""accel_mps2"": 1.5, ""peak_speed_mps"": 1.0, ""cruise_s"": 0.0, ""axis"": ""x""}",disarmed,0.0,0.0,0.0,0.6,1.7881393432617188e-06,0.0,0.0,0.6,True,0.025706931948661804,0.00418141670525074,0.9998934268951416,0.142018124461174,0.4852599799633026,0.016706041991710663,0.0,0.0,60.0,26.0,0.026,0.001436241902410984,-0.0006514486158266664,0.025399448350071907,0.005747309885919094,-0.0024746148847043514,-0.002269271295517683,0.2231753170490265,1.2611901760101318,0.02185342088341713,0.025467291474342346,-0.0025199109222739935,3.065007376790163e-06,0.0001788221998140216,3.710850477218628,10.0,0.0,0.0,0.0,0.0,0.0,32.766,32.766,0.28,0.341,2.832,2018.7122802734375,809.9451293945312,32.01030349731445,geofence_hard_land,True,
1783703854.6513405,2026-07-10T10:17:34,285287,20260710_101720,accel_decel_fast_a1.50_c0.00_x_h0.60,accel_decel_pulse,outbound,0,"{""accel_mps2"": 1.5, ""peak_speed_mps"": 1.0, ""cruise_s"": 0.0, ""axis"": ""x""}",disarmed,0.0,0.0,0.0,0.6,1.7881393432617188e-06,0.0,0.0,0.6,True,0.025706931948661804,0.00418141670525074,0.9998934268951416,0.142018124461174,0.4852599799633026,0.016706041991710663,0.0,0.0,60.0,26.0,0.026,0.001436241902410984,-0.0006514486158266664,0.025399448350071907,0.005747309885919094,-0.0024746148847043514,-0.002269271295517683,0.2231753170490265,1.2611901760101318,0.02185342088341713,0.025467291474342346,-0.0025199109222739935,3.065007376790163e-06,0.0001788221998140216,3.710850477218628,10.0,0.0,0.0,0.0,0.0,0.0,32.766,32.766,0.28,0.341,2.832,2018.7122802734375,809.9451293945312,32.01030349731445,geofence_hard_land,True,
1783703854.6614907,2026-07-10T10:17:34,285287,20260710_101720,accel_decel_fast_a1.50_c0.00_x_h0.60,accel_decel_pulse,outbound,0,"{""accel_mps2"": 1.5, ""peak_speed_mps"": 1.0, ""cruise_s"": 0.0, ""axis"": ""x""}",disarmed,0.0,0.0,0.0,0.6,1.7881393432617188e-06,0.0,0.0,0.6,True,0.025706931948661804,0.00418141670525074,0.9998934268951416,0.142018124461174,0.4852599799633026,0.016706041991710663,0.0,0.0,60.0,26.0,0.026,0.001436241902410984,-0.0006514486158266664,0.025399448350071907,0.005747309885919094,-0.0024746148847043514,-0.002269271295517683,0.2231753170490265,1.2611901760101318,0.02185342088341713,0.025467291474342346,-0.0025199109222739935,3.065007376790163e-06,0.0001788221998140216,3.710850477218628,10.0,0.0,0.0,0.0,0.0,0.0,32.766,32.766,0.28,0.341,2.832,2018.7122802734375,809.9451293945312,32.01030349731445,geofence_hard_land,True,
1783703854.671659,2026-07-10T10:17:34,285287,20260710_101720,accel_decel_fast_a1.50_c0.00_x_h0.60,accel_decel_pulse,outbound,0,"{""accel_mps2"": 1.5, ""peak_speed_mps"": 1.0, ""cruise_s"": 0.0, ""axis"": ""x""}",disarmed,0.0,0.0,0.0,0.6,1.7881393432617188e-06,0.0,0.0,0.6,True,0.025706931948661804,0.00418141670525074,0.9998934268951416,0.142018124461174,0.4852599799633026,0.016706041991710663,0.0,0.0,60.0,26.0,0.026,0.001436241902410984,-0.0006514486158266664,0.025399448350071907,0.005747309885919094,-0.0024746148847043514,-0.002269271295517683,0.2231753170490265,1.2611901760101318,0.02185342088341713,0.025467291474342346,-0.0025199109222739935,3.065007376790163e-06,0.0001788221998140216,3.710850477218628,10.0,0.0,0.0,0.0,0.0,0.0,32.766,32.766,0.28,0.341,2.832,2018.7122802734375,809.9451293945312,32.01030349731445,geofence_hard_land,True,
1783703854.6818268,2026-07-10T10:17:34,285287,20260710_101720,accel_decel_fast_a1.50_c0.00_x_h0.60,accel_decel_pulse,outbound,0,"{""accel_mps2"": 1.5, ""peak_speed_mps"": 1.0, ""cruise_s"": 0.0, ""axis"": ""x""}",disarmed,0.0,0.0,0.0,0.6,1.7881393432617188e-06,0.0,0.0,0.6,True,0.025706931948661804,0.00418141670525074,0.9998934268951416,0.142018124461174,0.4852599799633026,0.016706041991710663,0.0,0.0,60.0,26.0,0.026,0.001436241902410984,-0.0006514486158266664,0.025399448350071907,0.005747309885919094,-0.0024746148847043514,-0.002269271295517683,0.2231753170490265,1.2611901760101318,0.02185342088341713,0.025467291474342346,-0.0025199109222739935,3.065007376790163e-06,0.0001788221998140216,3.710850477218628,10.0,0.0,0.0,0.0,0.0,0.0,32.766,32.766,0.28,0.341,2.832,2018.7122802734375,809.9451293945312,32.01030349731445,geofence_hard_land,True,
1783703854.6919878,2026-07-10T10:17:34,285287,20260710_101720,accel_decel_fast_a1.50_c0.00_x_h0.60,accel_decel_pulse,outbound,0,"{""accel_mps2"": 1.5, ""peak_speed_mps"": 1.0, ""cruise_s"": 0.0, ""axis"": ""x""}",disarmed,0.0,0.0,0.0,0.6,1.7881393432617188e-06,0.0,0.0,0.6,True,0.025706931948661804,0.00418141670525074,0.9998934268951416,0.142018124461174,0.4852599799633026,0.016706041991710663,0.0,0.0,60.0,26.0,0.026,0.001436241902410984,-0.0006514486158266664,0.025399448350071907,0.005747309885919094,-0.0024746148847043514,-0.002269271295517683,0.2231753170490265,1.2611901760101318,0.02185342088341713,0.025467291474342346,-0.0025199109222739935,3.065007376790163e-06,0.0001788221998140216,3.710850477218628,10.0,0.0,0.0,0.0,0.0,0.0,32.766,32.766,0.28,0.341,2.832,2018.7122802734375,809.9451293945312,32.01030349731445,geofence_hard_land,True,
1783703854.702137,2026-07-10T10:17:34,285287,20260710_101720,accel_decel_fast_a1.50_c0.00_x_h0.60,accel_decel_pulse,outbound,0,"{""accel_mps2"": 1.5, ""peak_speed_mps"": 1.0, ""cruise_s"": 0.0, ""axis"": ""x""}",disarmed,0.0,0.0,0.0,0.6,1.7881393432617188e-06,0.0,0.0,0.6,True,0.025706931948661804,0.00418141670525074,0.9998934268951416,0.142018124461174,0.4852599799633026,0.016706041991710663,0.0,0.0,60.0,26.0,0.026,0.001436241902410984,-0.0006514486158266664,0.025399448350071907,0.005747309885919094,-0.0024746148847043514,-0.002269271295517683,0.2231753170490265,1.2611901760101318,0.02185342088341713,0.025467291474342346,-0.0025199109222739935,3.065007376790163e-06,0.0001788221998140216,3.710850477218628,10.0,0.0,0.0,0.0,0.0,0.0,32.766,32.766,0.28,0.341,2.832,2018.7122802734375,809.9451293945312,32.01030349731445,geofence_hard_land,True,
1783703854.7122862,2026-07-10T10:17:34,285287,20260710_101720,accel_decel_fast_a1.50_c0.00_x_h0.60,accel_decel_pulse,outbound,0,"{""accel_mps2"": 1.5, ""peak_speed_mps"": 1.0, ""cruise_s"": 0.0, ""axis"": ""x""}",disarmed,0.0,0.0,0.0,0.6,1.7881393432617188e-06,0.0,0.0,0.6,True,0.025706931948661804,0.00418141670525074,0.9998934268951416,0.142018124461174,0.4852599799633026,0.016706041991710663,0.0,0.0,60.0,26.0,0.026,0.001436241902410984,-0.0006514486158266664,0.025399448350071907,0.005747309885919094,-0.0024746148847043514,-0.002269271295517683,0.2231753170490265,1.2611901760101318,0.02185342088341713,0.025467291474342346,-0.0025199109222739935,3.065007376790163e-06,0.0001788221998140216,3.710850477218628,10.0,0.0,0.0,0.0,0.0,0.0,32.766,32.766,0.28,0.341,2.832,2018.7122802734375,809.9451293945312,32.01030349731445,geofence_hard_land,True,
1783703854.7230685,2026-07-10T10:17:34,285287,20260710_101720,accel_decel_fast_a1.50_c0.00_x_h0.60,accel_decel_pulse,outbound,0,"{""accel_mps2"": 1.5, ""peak_speed_mps"": 1.0, ""cruise_s"": 0.0, ""axis"": ""x""}",disarmed,0.0,0.0,0.0,0.6,1.7881393432617188e-06,0.0,0.0,0.6,True,0.025706931948661804,0.00418141670525074,0.9998934268951416,0.142018124461174,0.4852599799633026,0.016706041991710663,0.0,0.0,60.0,26.0,0.026,0.001436241902410984,-0.0006514486158266664,0.025399448350071907,0.005747309885919094,-0.0024746148847043514,-0.002269271295517683,0.2231753170490265,1.2611901760101318,0.02185342088341713,0.025467291474342346,-0.0025199109222739935,3.065007376790163e-06,0.0001788221998140216,3.710850477218628,10.0,0.0,0.0,0.0,0.0,0.0,32.766,32.766,0.28,0.341,2.832,2018.7122802734375,809.9451293945312,32.01030349731445,geofence_hard_land,True,
1783703854.7332807,2026-07-10T10:17:34,285287,20260710_101720,accel_decel_fast_a1.50_c0.00_x_h0.60,accel_decel_pulse,outbound,0,"{""accel_mps2"": 1.5, ""peak_speed_mps"": 1.0, ""cruise_s"": 0.0, ""axis"": ""x""}",disarmed,0.0,0.0,0.0,0.6,1.7881393432617188e-06,0.0,0.0,0.6,True,0.025706931948661804,0.00418141670525074,0.9998934268951416,0.142018124461174,0.4852599799633026,0.016706041991710663,0.0,0.0,60.0,26.0,0.026,0.001436241902410984,-0.0006514486158266664,0.025399448350071907,0.005747309885919094,-0.0024746148847043514,-0.002269271295517683,0.2231753170490265,1.2611901760101318,0.02185342088341713,0.025467291474342346,-0.0025199109222739935,3.065007376790163e-06,0.0001788221998140216,3.710850477218628,10.0,0.0,0.0,0.0,0.0,0.0,32.766,32.766,0.28,0.341,2.832,2018.7122802734375,809.9451293945312,32.01030349731445,geofence_hard_land,True,
